Timestamp,Open,High,Low,Close,Volume
2025-01-09 08:00:00,93230.51,93327.22,92857.14,92955.0,165.633926
2025-01-09 08:15:00,92955.0,93175.25,92815.0,93014.01,153.361633
2025-01-09 08:30:00,93014.01,93388.14,92777.79,93387.61,157.022549
2025-01-09 08:45:00,93387.61,93387.61,92839.08,93025.12,206.124751
2025-01-09 09:00:00,93025.12,93376.92,93001.0,93307.05,82.814392
2025-01-09 09:15:00,93307.05,93590.6,93307.05,93502.91,44.006252
2025-01-09 09:30:00,93502.91,93741.0,93453.08,93627.51,66.903464
2025-01-09 09:45:00,93627.51,93640.12,93481.64,93525.02,30.67568
2025-01-09 10:00:00,93525.02,93671.75,93518.0,93650.36,28.290444
2025-01-09 10:15:00,93650.36,93650.37,93229.36,93305.51,24.513133
2025-01-09 10:30:00,93305.51,93364.77,93046.0,93220.29,30.954029
2025-01-09 10:45:00,93220.29,93471.26,93132.52,93471.26,21.140153
2025-01-09 11:00:00,93471.26,93609.99,93355.0,93571.48,19.439848
2025-01-09 11:15:00,93571.48,93860.26,93566.79,93750.01,40.068504
2025-01-09 11:30:00,93750.01,93776.24,93260.01,93431.55,45.594465
2025-01-09 11:45:00,93431.55,93581.44,93372.11,93478.13,42.78176
2025-01-09 12:00:00,93478.13,93575.73,93332.0,93541.12,30.340765
2025-01-09 12:15:00,93541.12,93691.08,93470.0,93624.45,26.153906
2025-01-09 12:30:00,93624.45,93676.94,93329.32,93362.23,35.655133
2025-01-09 12:45:00,93362.23,93442.66,93199.01,93418.0,25.213937
2025-01-09 13:00:00,93418.0,93486.4,93113.24,93113.25,24.481414
2025-01-09 13:15:00,93113.25,93248.4,92745.0,92921.16,50.451103
2025-01-09 13:30:00,92921.16,92947.19,92126.62,92346.31,94.841494
2025-01-09 13:45:00,92346.31,92425.96,92000.0,92024.0,312.768034
2025-01-09 14:00:00,92024.0,92562.5,91850.0,92419.17,240.117943
2025-01-09 14:15:00,92419.17,92744.26,92253.01,92468.1,226.963123
2025-01-09 14:30:00,92468.1,92750.46,92133.33,92240.18,263.599217
2025-01-09 14:45:00,92240.18,92908.79,92208.0,92868.68,66.928045
2025-01-09 15:00:00,92868.68,92972.32,92690.48,92970.8,89.211213
2025-01-09 15:15:00,92970.8,93550.0,92970.79,93549.99,75.792023
2025-01-09 15:30:00,93549.99,93940.0,93473.0,93929.09,111.293898
2025-01-09 15:45:00,93929.09,94610.2,93859.0,94269.99,177.508549
2025-01-09 16:00:00,94269.99,94707.4,94208.0,94419.01,163.173189
2025-01-09 16:15:00,94419.01,94419.02,93942.32,94042.76,88.181225
2025-01-09 16:30:00,94042.76,94217.41,93882.64,94162.24,66.393586
2025-01-09 16:45:00,94162.24,94398.84,94117.56,94252.76,69.728446
2025-01-09 17:00:00,94252.76,94293.31,93990.88,94020.91,59.809244
2025-01-09 17:15:00,94020.91,94081.39,93690.06,93838.01,55.09118
2025-01-09 17:30:00,93838.01,93852.0,93434.33,93463.07,118.944763
2025-01-09 17:45:00,93463.07,93463.07,92375.18,92717.01,119.662795
2025-01-09 18:00:00,92717.01,92948.29,92466.01,92767.88,196.756233
2025-01-09 18:15:00,92767.88,92885.0,92438.2,92785.21,125.714699
2025-01-09 18:30:00,92785.21,93248.61,92674.01,93049.55,79.675354
2025-01-09 18:45:00,93049.55,93148.6,92860.45,93061.0,53.795196
2025-01-09 19:00:00,93061.0,93299.52,92886.0,93299.52,57.783563
2025-01-09 19:15:00,93299.52,93299.99,92795.0,92856.89,36.054182
2025-01-09 19:30:00,92856.89,93039.04,92669.43,92698.97,50.298053
2025-01-09 19:45:00,92698.97,92717.13,91951.81,91953.67,81.121323
2025-01-09 20:00:00,91953.67,92400.0,91674.49,91790.1,177.90093
2025-01-09 20:15:00,91790.1,92046.57,91251.0,91311.09,224.341084
2025-01-09 20:30:00,91311.09,91868.8,91253.22,91838.06,321.754933
2025-01-09 20:45:00,91838.06,92196.11,91679.0,91905.04,112.807315
2025-01-09 21:00:00,91905.04,92264.15,91838.01,92201.22,93.572154
2025-01-09 21:15:00,92201.22,92510.75,92097.48,92315.46,139.555554
2025-01-09 21:30:00,92315.46,92334.48,92089.01,92233.45,41.194915
2025-01-09 21:45:00,92233.45,92319.91,91947.5,92121.19,26.237004
2025-01-09 22:00:00,92121.19,92275.86,91673.0,91715.3,23.870676
2025-01-09 22:15:00,91715.3,92174.26,91673.01,92174.26,41.206018
2025-01-09 22:30:00,92174.26,92719.59,92174.26,92617.22,83.023292
2025-01-09 22:45:00,92617.22,92623.84,92396.01,92471.36,58.700102
2025-01-09 23:00:00,92471.36,92680.82,92377.01,92439.22,34.354449
2025-01-09 23:15:00,92439.22,92505.83,92237.0,92252.7,24.824451
2025-01-09 23:30:00,92252.7,92319.0,92079.94,92193.26,32.955179
2025-01-09 23:45:00,92193.26,92540.85,92193.26,92540.84,34.751929
2025-01-10 00:00:00,92540.84,92794.99,92540.84,92658.02,44.602554
2025-01-10 00:15:00,92658.02,92751.85,92489.01,92569.89,51.445166
2025-01-10 00:30:00,92569.89,92757.56,92490.0,92722.46,35.858597
2025-01-10 00:45:00,92722.46,92842.09,92553.44,92776.15,25.00206
2025-01-10 01:00:00,92776.15,92877.55,92623.01,92845.69,39.390497
2025-01-10 01:15:00,92845.69,92904.41,92684.0,92786.1,21.3357
2025-01-10 01:30:00,92786.1,93106.57,92773.0,93092.32,30.778118
2025-01-10 01:45:00,93092.32,93133.33,92900.25,93094.95,41.298201
2025-01-10 02:00:00,93094.95,93242.61,93094.94,93124.81,69.005099
2025-01-10 02:15:00,93124.81,93526.32,93045.92,93526.32,58.265022
2025-01-10 02:30:00,93526.32,93686.24,93306.74,93321.0,81.15019
2025-01-10 02:45:00,93321.0,93538.03,93321.0,93386.27,75.893716
2025-01-10 03:00:00,93386.27,93597.13,93369.0,93422.01,22.130463
2025-01-10 03:15:00,93422.01,93556.32,93329.84,93556.31,30.930813
2025-01-10 03:30:00,93556.31,93616.61,93435.68,93546.0,34.085647
2025-01-10 03:45:00,93546.0,93704.96,93539.0,93679.31,32.959016
2025-01-10 04:00:00,93679.31,93887.44,93615.0,93697.6,55.391465
2025-01-10 04:15:00,93697.6,93784.06,93538.0,93547.03,44.418108
2025-01-10 04:30:00,93547.03,93749.99,93498.06,93711.02,27.47336
2025-01-10 04:45:00,93711.02,93826.56,93662.44,93811.52,33.938355
2025-01-10 05:00:00,93811.52,93873.23,93746.0,93746.0,32.740017
2025-01-10 05:15:00,93746.0,93786.1,93644.0,93786.09,33.496564
2025-01-10 05:30:00,93786.09,94217.53,93786.09,94091.54,53.788969
2025-01-10 05:45:00,94091.54,94139.84,93920.25,93959.87,69.130857
2025-01-10 06:00:00,93959.87,94116.06,93899.0,93979.42,32.513992
2025-01-10 06:15:00,93979.42,94092.28,93919.0,93946.47,40.22479
2025-01-10 06:30:00,93946.47,94141.04,93741.92,94095.3,45.230029
2025-01-10 06:45:00,94095.3,94292.21,94083.03,94255.0,78.09429
2025-01-10 07:00:00,94255.0,94292.32,94076.43,94222.22,114.310609
2025-01-10 07:15:00,94222.22,94384.5,94165.0,94330.08,67.329517
2025-01-10 07:30:00,94330.08,94950.0,94267.86,94804.72,92.577273
2025-01-10 07:45:00,94804.72,95000.0,94458.5,94517.51,122.052911
2025-01-10 08:00:00,94517.51,94730.24,94408.06,94728.82,107.331174
2025-01-10 08:15:00,94728.82,94762.62,94589.0,94683.86,50.417926
2025-01-10 08:30:00,94683.86,94696.73,94491.66,94528.96,37.403605
2025-01-10 08:45:00,94528.96,94725.0,94478.89,94670.43,50.849743
2025-01-10 09:00:00,94670.43,94813.75,94591.04,94813.44,36.765073
2025-01-10 09:15:00,94813.44,94942.84,94772.14,94941.04,34.269939
2025-01-10 09:30:00,94941.04,94961.18,94867.01,94880.0,57.745596
2025-01-10 09:45:00,94880.0,94975.9,94787.86,94804.0,28.437494
2025-01-10 10:00:00,94804.0,94971.52,94804.0,94959.42,29.66988
2025-01-10 10:15:00,94959.42,94966.88,94804.01,94812.71,40.835366
2025-01-10 10:30:00,94812.71,94991.55,94781.28,94964.54,29.807096
2025-01-10 10:45:00,94964.54,95271.18,94913.23,95217.14,41.23562
2025-01-10 11:00:00,95217.14,95254.57,94961.28,94973.03,96.54927
2025-01-10 11:15:00,94973.03,94999.99,94806.71,94817.19,91.382316
2025-01-10 11:30:00,94817.19,94929.17,94628.16,94913.69,170.638994
2025-01-10 11:45:00,94913.69,95050.5,94888.0,95050.5,175.644809
2025-01-10 12:00:00,95050.5,95095.91,94864.0,94880.97,180.328224
2025-01-10 12:15:00,94880.97,94920.46,94756.85,94756.86,86.043182
2025-01-10 12:30:00,94756.86,94874.99,94695.5,94800.4,66.207977
2025-01-10 12:45:00,94800.4,95041.32,94781.32,95006.79,32.136551
2025-01-10 13:00:00,95006.79,95012.0,94805.01,94805.01,37.386982
2025-01-10 13:15:00,94805.01,95000.0,94750.86,94824.0,73.193866
2025-01-10 13:30:00,94824.0,94824.0,92760.0,93566.76,807.78008
2025-01-10 13:45:00,93566.76,93916.22,93163.34,93570.08,581.648806
2025-01-10 14:00:00,93570.08,94385.03,93372.97,94182.6,318.253195
2025-01-10 14:15:00,94182.6,94669.12,94145.95,94408.0,356.248809
2025-01-10 14:30:00,94408.0,94432.44,93529.8,94267.83,377.537362
2025-01-10 14:45:00,94267.83,94531.69,93688.52,94125.08,276.375724
2025-01-10 15:00:00,94125.08,94125.09,92237.59,92396.06,188.223823
2025-01-10 15:15:00,92396.06,93366.2,92349.92,93252.11,297.319377
2025-01-10 15:30:00,93252.11,94360.0,93041.28,94090.76,197.549322
2025-01-10 15:45:00,94090.76,94505.49,93723.0,93723.0,186.005602
2025-01-10 16:00:00,93723.0,93845.04,93401.11,93651.74,144.957882
2025-01-10 16:15:00,93651.74,94012.05,93373.0,93443.28,115.200915
2025-01-10 16:30:00,93443.28,93900.0,93219.09,93849.01,79.930469
2025-01-10 16:45:00,93849.01,94008.63,93593.45,93639.83,59.224516
2025-01-10 17:00:00,93639.83,93758.0,93343.0,93515.57,78.44735
2025-01-10 17:15:00,93515.57,94328.0,93497.0,94328.0,63.274016
2025-01-10 17:30:00,94328.0,94462.56,94035.29,94400.78,60.980421
2025-01-10 17:45:00,94400.78,95817.39,94262.21,95774.77,101.861826
2025-01-10 18:00:00,95774.77,95774.78,95339.66,95416.03,251.200455
2025-01-10 18:15:00,95416.03,95444.91,94857.48,94942.83,280.878716
2025-01-10 18:30:00,94942.83,94987.27,94596.62,94701.29,107.028437
2025-01-10 18:45:00,94701.29,95102.0,94701.29,94850.94,72.519144
2025-01-10 19:00:00,94850.94,94906.56,94399.04,94761.0,46.339319
2025-01-10 19:15:00,94761.0,95164.31,94715.0,95000.0,59.820037
2025-01-10 19:30:00,95000.0,95230.74,94942.51,95110.64,44.48267
2025-01-10 19:45:00,95110.64,95373.61,94987.01,95315.01,56.154972
2025-01-10 20:00:00,95315.01,95429.99,95168.82,95182.0,47.921142
2025-01-10 20:15:00,95182.0,95199.2,94823.0,94937.22,40.834011
2025-01-10 20:30:00,94937.22,94972.66,94606.56,94718.0,30.225451
2025-01-10 20:45:00,94718.0,94925.1,94639.0,94675.58,47.496992
2025-01-10 21:00:00,94675.58,94825.86,94619.16,94825.85,55.270035
2025-01-10 21:15:00,94825.85,94914.37,94765.0,94884.96,69.042837
2025-01-10 21:30:00,94884.96,94937.25,94703.6,94730.01,29.092504
2025-01-10 21:45:00,94730.01,94896.81,94634.0,94634.0,26.698248
2025-01-10 22:00:00,94634.0,94694.47,94606.56,94625.98,21.440537
2025-01-10 22:15:00,94625.98,94808.46,94602.53,94795.73,18.762288
2025-01-10 22:30:00,94795.73,94966.71,94632.0,94869.89,22.104092
2025-01-10 22:45:00,94869.89,94869.89,94696.0,94771.19,23.74861
2025-01-10 23:00:00,94771.19,94813.92,94689.0,94806.32,18.265372
2025-01-10 23:15:00,94806.32,94880.0,94711.0,94870.01,7.55025
2025-01-10 23:30:00,94870.01,94871.75,94791.0,94808.04,15.715536
2025-01-10 23:45:00,94808.04,94808.05,94717.01,94748.55,8.26785
2025-01-11 00:00:00,94748.55,94748.55,94662.75,94676.51,14.59369
2025-01-11 00:15:00,94676.51,94676.51,94382.5,94488.08,15.377861
2025-01-11 00:30:00,94488.08,94609.15,94399.0,94399.0,24.575327
2025-01-11 00:45:00,94399.0,94599.01,94397.93,94599.0,25.737858
2025-01-11 01:00:00,94599.0,94686.49,94555.0,94647.07,18.612398
2025-01-11 01:15:00,94647.07,94668.59,94540.01,94541.01,11.590505
2025-01-11 01:30:00,94541.01,94577.62,94362.04,94362.04,12.690268
2025-01-11 01:45:00,94362.04,94420.5,94251.13,94420.49,19.546332
2025-01-11 02:00:00,94420.49,94470.0,94308.0,94313.09,23.758585
2025-01-11 02:15:00,94313.09,94332.01,94228.92,94289.01,12.391234
2025-01-11 02:30:00,94289.01,94357.3,94198.9,94308.58,24.020801
2025-01-11 02:45:00,94308.58,94465.97,94278.9,94433.93,108.732397
2025-01-11 03:00:00,94433.93,94433.93,94198.0,94241.52,38.5405
2025-01-11 03:15:00,94241.52,94258.91,94114.87,94156.38,35.427216
2025-01-11 03:30:00,94156.38,94228.24,94118.59,94197.02,11.284748
2025-01-11 03:45:00,94197.02,94244.24,94163.59,94182.88,10.240459
2025-01-11 04:00:00,94182.88,94286.72,94155.0,94155.0,25.232746
2025-01-11 04:15:00,94155.0,94209.99,94093.2,94093.2,23.818829
2025-01-11 04:30:00,94093.2,94103.25,93867.49,93981.01,46.793935
2025-01-11 04:45:00,93981.01,94046.95,93924.0,94044.37,35.649999
2025-01-11 05:00:00,94044.37,94189.89,94014.0,94180.45,18.937587
2025-01-11 05:15:00,94180.45,94180.46,94102.65,94160.0,13.071427
2025-01-11 05:30:00,94160.0,94334.45,94145.79,94311.98,19.393015
2025-01-11 05:45:00,94311.98,94367.85,94261.0,94353.84,16.249377
2025-01-11 06:00:00,94353.84,94411.11,94353.84,94373.13,13.294141
2025-01-11 06:15:00,94373.13,94379.1,94321.04,94373.93,31.60995
2025-01-11 06:30:00,94373.93,94400.0,94307.0,94364.35,8.568487
2025-01-11 06:45:00,94364.35,94364.35,94225.0,94225.01,9.04377
2025-01-11 07:00:00,94225.01,94310.32,94212.48,94303.68,7.912549
2025-01-11 07:15:00,94303.68,94303.69,94134.46,94171.38,14.781057
2025-01-11 07:30:00,94171.38,94246.87,94143.0,94164.01,13.066366
2025-01-11 07:45:00,94164.01,94220.64,94141.0,94220.63,14.264514
2025-01-11 08:00:00,94220.63,94348.41,94171.9,94348.4,14.854894
2025-01-11 08:15:00,94348.4,94371.68,94291.0,94324.47,19.184618
2025-01-11 08:30:00,94324.47,94324.48,94211.2,94211.21,19.575257
2025-01-11 08:45:00,94211.21,94211.22,94036.56,94049.0,20.665241
2025-01-11 09:00:00,94049.0,94154.56,94042.0,94154.56,28.640924
2025-01-11 09:15:00,94154.56,94197.03,94116.81,94194.99,16.136034
2025-01-11 09:30:00,94194.99,94300.86,94194.99,94300.85,6.979389
2025-01-11 09:45:00,94300.85,94305.59,94210.37,94305.55,10.148735
2025-01-19 17:45:00,104630.59,105113.64,104618.0,105100.6,5.539579
2025-01-19 18:00:00,105100.6,105220.34,105033.35,105197.52,7.29677
2025-01-19 18:15:00,105197.52,105211.23,105027.85,105080.36,5.627097
2025-01-19 18:30:00,105080.36,105096.52,104979.0,105036.17,1.951001
2025-01-19 18:45:00,105036.17,105100.0,104884.04,105013.13,7.999855
2025-01-19 19:00:00,105013.13,105269.23,104958.51,105251.0,5.455886
2025-01-19 19:15:00,105251.0,105292.86,105176.56,105181.01,2.883202
2025-01-19 19:30:00,105181.01,105490.0,105150.0,105487.48,3.555466
2025-01-19 19:45:00,105487.48,106182.01,105467.19,106170.01,29.308856
2025-01-19 20:00:00,106170.01,106324.83,105997.21,106054.21,26.235592
2025-01-19 20:15:00,106054.21,106064.34,105494.26,105900.44,30.121614
2025-01-19 20:30:00,105900.44,106284.93,105845.0,106192.87,23.953215
2025-01-19 20:45:00,106192.87,106423.8,105922.06,106293.03,16.321714
2025-01-19 21:00:00,106293.03,106364.45,105829.0,106010.02,22.204095
2025-01-19 21:15:00,106010.02,106010.02,104172.39,104435.68,70.584475
2025-01-19 21:30:00,104435.68,105311.83,104376.01,104428.15,92.96802
2025-01-19 21:45:00,104428.15,104568.3,103679.48,103679.48,314.653722
2025-01-19 22:00:00,103679.48,103997.6,102718.0,103997.6,280.375626
2025-01-19 22:15:00,103997.6,104452.37,103531.8,104138.82,231.071674
2025-01-19 22:30:00,104138.82,104142.94,102938.01,103360.69,88.033531
2025-01-19 22:45:00,103360.69,103397.26,101070.61,103397.26,204.914423
2025-01-19 23:00:00,103397.26,103400.76,101015.32,101268.21,673.127732
2025-01-19 23:15:00,101268.21,101740.09,100325.54,100538.06,597.247287
2025-01-19 23:30:00,100538.06,101244.56,99657.89,101212.83,1426.240026
2025-01-19 23:45:00,101212.83,101952.94,101016.0,101324.99,812.404746
2025-01-20 00:00:00,101324.99,101656.24,100643.17,101458.9,471.859794
2025-01-20 00:15:00,101458.9,101536.88,100715.68,101101.03,192.547745
2025-01-20 00:30:00,101101.03,101219.26,99561.21,100752.89,356.967748
2025-01-20 00:45:00,100752.89,100775.09,99673.0,99790.0,525.026337
2025-01-20 01:00:00,99790.0,100453.32,99640.45,100202.21,396.762883
2025-01-20 01:15:00,100202.21,100447.5,99731.0,100292.98,250.47574
2025-01-20 01:30:00,100292.98,100963.53,99953.5,100101.12,181.377654
2025-01-20 01:45:00,100101.12,100719.21,100041.01,100699.72,68.240694
2025-01-20 02:00:00,100699.72,101205.21,100615.91,100981.64,53.260404
2025-01-20 02:15:00,100981.64,101705.61,100909.01,101705.6,33.157277
2025-01-20 02:30:00,101705.6,102300.0,101417.63,101670.38,36.466811
2025-01-20 02:45:00,101670.38,102198.8,101558.0,101927.0,60.229849
2025-01-20 03:00:00,101927.0,101983.98,101489.0,101800.01,37.701948
2025-01-20 03:15:00,101800.01,102200.0,101529.0,101678.7,34.531157
2025-01-20 03:30:00,101678.7,101893.18,101525.0,101581.58,18.107808
2025-01-20 03:45:00,101581.58,101942.13,101440.0,101917.41,20.788609
2025-01-20 04:00:00,101917.41,101917.42,101578.0,101825.61,18.902774
2025-01-20 04:15:00,101825.61,102075.0,101632.0,101794.8,13.883198
2025-01-20 04:30:00,101794.8,102367.99,101707.59,102336.19,13.154391
2025-01-20 04:45:00,102336.19,102816.13,102251.46,102255.78,23.880433
2025-01-20 05:00:00,102255.78,102774.39,102167.15,102491.1,15.855039
2025-01-20 05:15:00,102491.1,102871.53,102454.0,102513.72,29.739281
2025-01-20 05:30:00,102513.72,102640.56,102376.11,102640.55,22.560574
2025-01-20 05:45:00,102640.55,102777.78,102335.91,102369.23,7.810064
2025-01-20 06:00:00,102369.23,102644.94,102258.86,102530.42,9.740974
2025-01-20 06:15:00,102530.42,102790.0,102491.61,102665.92,9.246763
2025-01-20 06:30:00,102665.92,104727.41,102621.85,104656.0,48.39033
2025-01-20 06:45:00,104656.0,109599.0,104656.0,107484.38,1923.73934
2025-01-20 07:00:00,107484.38,109415.81,107303.4,108961.82,6876.285754
2025-01-20 07:15:00,108961.82,109068.08,107750.0,108691.12,544.038465
2025-01-20 07:30:00,108691.12,108900.0,107779.36,107933.45,240.225183
2025-01-20 07:45:00,107933.45,108071.18,106939.57,107115.42,134.791168
2025-01-20 08:00:00,107115.42,107987.28,107115.41,107846.72,125.888572
2025-01-20 08:15:00,107846.72,108258.26,107661.59,108048.12,59.365787
2025-01-20 08:30:00,108048.12,108288.89,107835.0,108200.0,22.746571
2025-01-20 08:45:00,108200.0,108338.52,107893.0,108266.42,18.836757
2025-01-20 09:00:00,108266.42,109100.0,108163.93,108742.86,78.77098
2025-01-20 09:15:00,108742.86,108899.97,107978.0,108216.98,71.477938
2025-01-20 09:30:00,108216.98,108308.51,107561.0,107960.0,64.859783
2025-01-20 09:45:00,107960.0,108167.49,107826.0,108125.06,21.369633
2025-01-20 10:00:00,108125.06,108255.21,107906.85,108065.01,25.386878
2025-01-20 10:15:00,108065.01,108720.0,108065.0,108517.01,43.130418
2025-01-20 10:30:00,108517.01,108621.7,108156.71,108443.27,23.317105
2025-01-20 10:45:00,108443.27,108555.0,107803.0,107993.45,28.769777
2025-01-20 11:00:00,107993.45,108189.5,107796.85,108079.0,37.879817
2025-01-20 11:15:00,108079.0,108511.9,108035.38,108398.09,30.319143
2025-01-20 11:30:00,108398.09,108511.96,108097.01,108140.0,22.238699
2025-01-20 11:45:00,108140.0,108322.29,108058.0,108246.0,18.490705
2025-01-20 12:00:00,108246.0,108693.38,107086.77,107410.01,62.599115
2025-01-20 12:15:00,107410.01,107589.21,105508.25,106653.59,734.620811
2025-01-20 12:30:00,106653.59,106996.0,106052.02,106470.9,617.211103
2025-01-20 12:45:00,106470.9,107300.1,106470.9,106923.72,120.806758
2025-01-20 13:00:00,106923.72,107256.3,106656.28,106936.05,68.0396
2025-01-20 13:15:00,106936.05,107462.72,106825.12,107331.47,64.692632
2025-01-20 13:30:00,107331.47,108093.53,107214.91,107689.35,159.466584
2025-01-20 13:45:00,107689.35,108107.11,107583.0,107944.22,62.19017
2025-01-20 14:00:00,107944.22,108119.99,107430.1,107632.01,59.792559
2025-01-20 14:15:00,107632.01,107990.08,107432.86,107476.92,44.037507
2025-01-20 14:30:00,107476.92,107873.07,107260.84,107716.08,58.044614
2025-01-20 14:45:00,107716.08,108072.89,107550.49,107911.05,26.356721
2025-01-20 15:00:00,107911.05,107995.13,107450.0,107450.0,23.084118
2025-01-20 15:15:00,107450.0,107542.75,106322.71,107040.0,118.475147
2025-01-20 15:30:00,107040.0,107040.01,106398.27,106487.2,68.485679
2025-01-20 15:45:00,106487.2,106487.21,104524.31,104933.36,288.040399
2025-01-20 16:00:00,104933.36,105810.71,103715.47,104475.95,669.29694
2025-01-20 16:15:00,104475.95,105600.0,104323.03,105589.24,597.846622
2025-01-20 16:30:00,105589.24,106992.75,105280.48,106524.0,315.324077
2025-01-20 16:45:00,106524.0,106860.71,106237.51,106677.61,181.641853
2025-01-20 17:00:00,106677.61,106772.06,101850.0,104228.73,1218.72572
2025-01-20 17:15:00,104228.73,105594.7,103884.71,104198.12,6470.071277
2025-01-20 17:30:00,104198.12,104750.0,100588.0,100797.88,3526.87621
2025-01-20 17:45:00,100797.88,104607.8,100677.6,102949.3,5914.445851
2025-01-20 18:00:00,102949.3,104110.0,102750.37,103923.99,2953.029481
2025-01-20 18:15:00,103923.99,104096.43,103068.6,103698.08,507.092036
2025-01-20 18:30:00,103698.08,104226.58,103514.77,103983.52,211.717177
2025-01-20 18:45:00,103983.52,104465.84,103870.0,103898.7,114.000153
2025-01-20 19:00:00,103898.7,103950.33,103099.94,103668.26,108.612231
2025-01-20 19:15:00,103668.26,103804.99,103054.0,103213.01,83.389796
2025-01-20 19:30:00,103213.01,103496.99,102766.15,103264.05,59.970254
2025-01-20 19:45:00,103264.05,103959.08,103264.05,103704.22,68.746709
2025-01-20 20:00:00,103704.22,103885.97,103359.93,103721.56,48.3462
2025-01-20 20:15:00,103721.56,104240.0,103498.0,103922.18,150.866778
2025-01-20 20:30:00,103922.18,104297.84,103792.0,103841.75,28.417668
2025-01-20 20:45:00,103841.75,104172.2,103676.0,103679.68,92.301587
2025-01-20 21:00:00,103679.68,104021.21,103631.46,103870.36,32.268108
2025-01-20 21:15:00,103870.36,104079.61,103647.06,103728.2,11.480431
2025-01-20 21:30:00,103728.2,103898.46,103220.4,103348.78,33.307395
2025-01-20 21:45:00,103348.78,103369.45,102571.52,102571.52,43.788985
2025-01-20 22:00:00,102571.52,102938.84,101857.5,102568.03,129.637117
2025-01-20 22:15:00,102568.03,103167.52,102561.84,103099.99,72.344371
2025-01-20 22:30:00,103099.99,103549.75,102949.85,103382.01,53.906018
2025-01-20 22:45:00,103382.01,103823.27,103375.7,103593.61,25.253718
2025-01-20 23:00:00,103593.61,103677.85,102737.5,102737.5,46.197591
2025-01-20 23:15:00,102737.5,103214.26,102290.12,103214.0,44.873622
2025-01-20 23:30:00,103214.0,103357.5,102986.0,103315.95,52.248513
2025-01-20 23:45:00,103315.95,103359.93,101770.84,102286.3,78.882068
2025-01-21 00:00:00,102286.3,102586.37,101747.52,102411.2,94.462755
2025-01-21 00:15:00,102411.2,102517.33,101752.0,101989.97,44.862006
2025-01-21 00:30:00,101989.97,102359.6,101657.59,102272.03,41.719486
2025-01-21 00:45:00,102272.03,102660.0,101091.97,101178.65,87.610408
2025-01-21 01:00:00,101178.65,102202.23,101086.01,102123.7,79.168714
2025-01-21 01:15:00,102123.7,102124.56,100327.15,100509.38,77.740199
2025-01-21 01:30:00,100509.38,101465.24,100177.0,101259.32,169.97088
2025-01-21 01:45:00,101259.32,101859.59,101123.7,101508.25,63.780666
2025-01-21 02:00:00,101508.25,102431.48,101088.0,102392.2,41.920246
2025-01-21 02:15:00,102392.2,102758.06,101968.64,102435.55,31.045089
2025-01-21 02:30:00,102435.55,102565.38,101977.0,102118.88,19.989347
2025-01-21 02:45:00,102118.88,102657.14,101832.83,102544.35,10.643843
2025-01-21 03:00:00,102544.35,102970.34,102319.28,102717.96,18.996293
2025-01-21 03:15:00,102717.96,103261.8,102477.04,102922.0,19.408726
2025-01-21 03:30:00,102922.0,103224.99,102801.0,103081.5,17.158404
2025-01-21 03:45:00,103081.5,103187.13,102893.49,102970.01,10.925183
2025-01-21 04:00:00,102970.01,102970.01,102402.3,102660.19,16.873311
2025-01-21 04:15:00,102660.19,102973.85,102565.0,102737.09,14.971302
2025-01-21 04:30:00,102737.09,102737.09,101975.1,102356.66,18.07877
2025-01-21 04:45:00,102356.66,102529.4,102178.5,102365.0,14.433452
2025-01-21 05:00:00,102365.0,102524.62,101942.14,102001.55,15.487015
2025-01-21 05:15:00,102001.55,102106.97,101844.32,101991.74,16.615588
2025-01-21 05:30:00,101991.74,102044.16,101366.87,101652.0,34.218833
2025-01-21 05:45:00,101652.0,101781.42,101360.72,101382.32,11.916662
2025-01-21 06:00:00,101382.32,101879.54,101136.0,101785.33,22.292172
2025-01-21 06:15:00,101785.33,101957.44,101693.03,101802.0,12.069836
2025-01-21 06:30:00,101802.0,101940.27,101395.83,101498.32,20.603673
2025-01-21 06:45:00,101498.32,102138.93,101425.36,102138.93,18.513746
2025-01-21 07:00:00,102138.93,102482.02,102025.02,102380.28,25.345984
2025-01-21 07:15:00,102380.28,102475.11,102313.0,102437.73,21.792621
2025-01-21 07:30:00,102437.73,102437.74,102109.24,102158.87,7.436702
2025-01-21 07:45:00,102158.87,102249.98,101840.0,101978.71,9.304791
2025-01-21 08:00:00,101978.71,102459.78,101745.8,102380.35,14.898232
2025-01-21 08:15:00,102380.35,102409.99,102134.14,102233.2,12.28783
2025-01-21 08:30:00,102233.2,102400.74,102013.0,102175.23,5.805614
2025-01-21 08:45:00,102175.23,102480.0,102000.0,102450.55,12.58907
2025-01-21 09:00:00,102450.55,102867.79,102309.37,102531.0,12.4116
2025-01-21 09:15:00,102531.0,102623.5,102090.3,102322.88,12.269395
2025-01-21 09:30:00,102322.88,102543.72,102300.46,102477.79,12.419009
2025-01-21 09:45:00,102477.79,102767.79,102449.46,102694.52,9.214674
2025-01-21 10:00:00,102694.52,102836.63,102564.23,102685.19,9.534074
2025-01-21 10:15:00,102685.19,103197.14,102685.19,103171.01,18.50484
2025-01-21 10:30:00,103171.01,103171.01,102961.33,103006.16,12.888993
2025-01-21 10:45:00,103006.16,103363.56,102956.88,103171.92,16.020063
2025-01-21 11:00:00,103171.92,103587.5,103065.9,103580.36,20.662082
2025-01-21 11:15:00,103580.36,103823.26,103507.93,103660.95,25.605337
2025-01-21 11:30:00,103660.95,103985.89,103470.5,103893.68,25.247112
2025-01-21 11:45:00,103893.68,103981.22,103730.0,103771.74,16.016109
2025-01-21 12:00:00,103771.74,103989.25,103634.01,103989.25,23.050573
2025-01-21 12:15:00,103989.25,104735.09,103989.24,104442.75,47.989512
2025-01-21 12:30:00,104442.75,104703.43,104328.0,104464.72,23.155529
2025-01-21 12:45:00,104464.72,104562.75,104300.1,104490.26,16.124744
2025-01-21 13:00:00,104490.26,104649.52,104153.85,104617.5,15.516358
2025-01-21 13:15:00,104617.5,104996.24,104450.91,104632.41,35.880228
2025-01-21 13:30:00,104632.41,104719.38,104452.63,104660.37,48.669851
2025-01-21 13:45:00,104660.37,104835.2,104373.16,104453.59,29.488698
2025-01-21 14:00:00,104453.59,104697.41,104405.4,104530.39,25.072386
2025-01-21 14:15:00,104530.39,105274.22,104530.39,105220.42,41.441576
2025-01-21 14:30:00,105220.42,105304.23,103282.51,103769.08,137.358794
2025-01-21 14:45:00,103769.08,104246.57,103034.6,103277.74,137.746621
2025-01-21 15:00:00,103277.74,103460.68,102803.12,103044.11,111.260763
2025-01-21 15:15:00,103044.11,103794.7,103018.26,103712.02,122.853055
2025-01-21 15:30:00,103712.02,104102.56,103360.01,103828.4,65.300727
2025-01-21 15:45:00,103828.4,104016.67,103480.0,103954.27,27.311044
2025-01-21 16:00:00,103954.27,106296.98,103818.78,106027.11,188.654576
2025-01-21 16:15:00,106027.11,106511.62,105212.51,105408.24,279.801271
2025-01-21 16:30:00,105408.24,105850.0,104843.31,105086.23,148.785897
2025-01-21 16:45:00,105086.23,105684.09,104815.01,104946.29,53.945445
2025-01-21 17:00:00,104946.29,105480.0,104894.31,105448.96,28.203713
2025-01-21 17:15:00,105448.96,105763.52,105378.0,105653.52,23.165862
2025-01-21 17:30:00,105653.52,105949.5,105459.1,105801.9,23.326212
2025-01-21 17:45:00,105801.9,106361.43,105787.61,106147.76,58.848515
2025-01-21 18:00:00,106147.76,106208.44,105877.55,106091.14,20.431358
2025-01-21 18:15:00,106091.14,106500.0,106039.26,106375.5,24.286253
2025-01-21 18:30:00,106375.5,107212.12,106239.13,106820.96,96.836806
2025-01-21 18:45:00,106820.96,107077.69,106718.88,106837.79,59.176111
2025-01-21 19:00:00,106837.79,106880.44,106344.23,106344.23,51.684806
2025-01-21 19:15:00,106344.23,106953.9,106250.01,106893.39,44.022732
2025-01-21 19:30:00,106893.39,106893.4,106499.35,106627.83,25.883347
2025-01-30 03:30:00,104665.42,104886.01,104651.0,104864.66,4.729388
2025-01-30 03:45:00,104864.66,105202.18,104845.18,105167.36,22.907035
2025-01-30 04:00:00,105167.36,105252.66,104866.0,104957.75,15.221779
2025-01-30 04:15:00,104957.75,105115.73,104874.0,105040.01,5.058163
2025-01-30 04:30:00,105040.01,105125.1,104820.54,105125.1,15.01664
2025-01-30 04:45:00,105125.1,105534.14,105064.81,105431.4,19.692612
2025-01-30 05:00:00,105431.4,105467.09,105172.49,105355.43,12.352616
2025-01-30 05:15:00,105355.43,105450.0,105214.0,105261.76,10.378401
2025-01-30 05:30:00,105261.76,105324.01,105111.0,105153.94,2.025241
2025-01-30 05:45:00,105153.94,105313.42,105013.0,105313.42,3.989802
2025-01-30 06:00:00,105313.42,105500.0,105302.89,105446.99,14.035491
2025-01-30 06:15:00,105446.99,105446.99,105184.0,105184.0,6.273615
2025-01-30 06:30:00,105184.0,105250.0,105141.0,105141.09,2.506259
2025-01-30 06:45:00,105141.09,105199.9,105125.82,105146.89,6.431653
2025-01-30 07:00:00,105146.89,105286.99,104832.01,104853.97,16.237493
2025-01-30 07:15:00,104853.97,105031.19,104853.97,104954.32,6.777669
2025-01-30 07:30:00,104954.32,104963.89,104769.97,104871.72,8.861906
2025-01-30 07:45:00,104871.72,105116.82,104856.84,105090.0,5.702335
2025-01-30 08:00:00,105090.0,105279.99,104976.86,104982.25,6.028218
2025-01-30 08:15:00,104982.25,105182.48,104903.31,105130.07,4.36387
2025-01-30 08:30:00,105130.07,105147.1,105003.01,105096.99,2.946733
2025-01-30 08:45:00,105096.99,105246.59,105027.14,105027.14,4.774851
2025-01-30 09:00:00,105027.14,105171.38,104923.09,105160.87,18.727194
2025-01-30 09:15:00,105160.87,105238.96,105124.17,105238.95,3.804607
2025-01-30 09:30:00,105238.95,105415.89,105238.95,105372.0,9.390744
2025-01-30 09:45:00,105372.0,105472.64,105346.2,105375.82,3.911127
2025-01-30 10:00:00,105375.82,105375.82,105093.43,105183.21,5.278654
2025-01-30 10:15:00,105183.21,105217.0,105114.0,105216.98,2.281084
2025-01-30 10:30:00,105216.98,105259.75,105142.41,105173.33,6.133019
2025-01-30 10:45:00,105173.33,105323.49,105160.67,105292.83,1.951211
2025-01-30 11:00:00,105292.83,105292.83,105065.0,105104.35,5.914429
2025-01-30 11:15:00,105104.35,105188.74,105056.0,105076.0,3.380438
2025-01-30 11:30:00,105076.0,105300.0,105076.0,105246.65,3.052108
2025-01-30 11:45:00,105246.65,105321.0,105173.37,105263.03,8.888003
2025-01-30 12:00:00,105263.03,105266.17,105091.0,105091.0,5.455387
2025-01-30 12:15:00,105091.0,105096.0,104984.0,105000.09,5.159008
2025-01-30 12:30:00,105000.09,105069.67,104839.99,104882.44,3.880547
2025-01-30 12:45:00,104882.44,105036.33,104836.36,105000.0,7.669415
2025-01-30 13:00:00,105000.0,105077.4,104910.0,105035.16,5.242986
2025-01-30 13:15:00,105035.16,105318.55,105035.16,105226.0,9.895528
2025-01-30 13:30:00,105226.0,105300.0,104896.32,105025.52,8.561908
2025-01-30 13:45:00,105025.52,105025.52,104827.17,104842.51,12.027065
2025-01-30 14:00:00,104842.51,104999.99,104655.0,104813.0,8.304593
2025-01-30 14:15:00,104813.0,104930.17,104715.08,104874.86,4.881012
2025-01-30 14:30:00,104874.86,105182.38,104748.23,105131.94,10.988322
2025-01-30 14:45:00,105131.94,106150.59,105109.86,105839.98,85.394227
2025-01-30 15:00:00,105839.98,106388.89,105701.45,106171.47,32.776999
2025-01-30 15:15:00,106171.47,106171.47,105371.15,105479.65,30.899349
2025-01-30 15:30:00,105479.65,105938.27,105431.0,105801.12,20.159615
2025-01-30 15:45:00,105801.12,106100.0,105466.68,105525.49,11.842786
2025-01-30 16:00:00,105525.49,105820.0,105436.0,105611.0,8.800191
2025-01-30 16:15:00,105611.0,105960.0,105520.02,105888.71,5.378622
2025-01-30 16:30:00,105888.71,105963.18,105677.01,105763.42,6.810372
2025-01-30 16:45:00,105763.42,105807.56,105612.0,105684.03,4.940726
2025-01-30 17:00:00,105684.03,105684.04,105273.64,105323.2,5.051518
2025-01-30 17:15:00,105323.2,105426.5,105122.0,105122.0,4.521591
2025-01-30 17:30:00,105122.0,105194.53,104907.54,104990.9,5.399622
2025-01-30 17:45:00,104990.9,105315.15,104990.89,105281.0,6.630879
2025-01-30 18:00:00,105281.0,105309.66,105148.0,105207.56,6.875434
2025-01-30 18:15:00,105207.56,105240.85,104759.51,104892.56,5.641821
2025-01-30 18:30:00,104892.56,105446.7,104874.0,105361.55,3.186783
2025-01-30 18:45:00,105361.55,105533.69,105324.0,105527.23,10.314575
2025-01-30 19:00:00,105527.23,105562.74,105427.0,105430.01,6.954497
2025-01-30 19:15:00,105430.01,105467.0,105212.83,105374.15,5.910743
2025-01-30 19:30:00,105374.15,105439.4,105226.0,105439.4,3.087755
2025-01-30 19:45:00,105439.4,105719.99,105372.39,105660.08,4.284737
2025-01-30 20:00:00,105660.08,105754.13,105638.01,105731.08,3.49186
2025-01-30 20:15:00,105731.08,105766.68,105612.0,105618.83,3.182028
2025-01-30 20:30:00,105618.83,105629.27,104889.0,104889.0,11.55833
2025-01-30 20:45:00,104889.0,105253.16,104832.87,104924.7,12.179346
2025-01-30 21:00:00,104924.7,105012.51,104809.01,104947.57,7.124657
2025-01-30 21:15:00,104947.57,105178.28,104947.57,104982.58,2.971938
2025-01-30 21:30:00,104982.58,105177.54,104913.98,105118.71,3.318076
2025-01-30 21:45:00,105118.71,105129.23,104986.75,105032.51,1.743539
2025-01-30 22:00:00,105032.51,105070.24,104967.0,105070.24,3.219665
2025-01-30 22:15:00,105070.24,105094.7,105062.0,105070.24,1.301163
2025-01-30 22:30:00,105070.24,105323.5,105070.24,105307.68,2.695427
2025-01-30 22:45:00,105307.68,105307.69,105086.0,105092.89,5.489155
2025-01-30 23:00:00,105092.89,105217.62,105056.0,105056.0,5.861734
2025-01-30 23:15:00,105056.0,105216.35,105056.0,105181.01,2.119123
2025-01-30 23:30:00,105181.01,105181.01,104999.0,104999.0,4.94446
2025-01-30 23:45:00,104999.0,104999.0,104685.23,104715.09,4.027259
2025-01-31 00:00:00,104715.09,104837.92,104568.81,104568.82,6.401467
2025-01-31 00:15:00,104568.82,104823.74,104408.91,104769.01,9.021625
2025-01-31 00:30:00,104769.01,104891.67,104675.4,104853.55,4.432726
2025-01-31 00:45:00,104853.55,104996.42,104820.34,104895.97,2.779312
2025-01-31 01:00:00,104895.97,104899.99,104712.18,104766.25,1.93047
2025-01-31 01:15:00,104766.25,104766.26,104451.01,104485.0,3.212809
2025-01-31 01:30:00,104485.0,104692.04,104485.0,104669.0,3.47972
2025-01-31 01:45:00,104669.0,104770.42,104570.0,104723.59,2.759754
2025-01-31 02:00:00,104723.59,104838.42,104706.0,104707.1,5.339984
2025-01-31 02:15:00,104707.1,104721.84,104351.92,104400.53,8.791396
2025-01-31 02:30:00,104400.53,104491.63,104290.91,104430.8,3.36542
2025-01-31 02:45:00,104430.8,104490.76,104364.08,104364.09,1.187101
2025-01-31 03:00:00,104364.09,104364.09,104026.82,104234.99,9.206538
2025-01-31 03:15:00,104234.99,104234.99,103966.96,104118.91,6.634974
2025-01-31 03:30:00,104118.91,104222.99,104020.0,104196.84,1.821217
2025-01-31 03:45:00,104196.84,104377.85,104196.83,104343.18,2.12703
2025-01-31 04:00:00,104343.18,104359.3,104291.0,104328.14,1.318093
2025-01-31 04:15:00,104328.14,104527.27,104199.0,104488.06,2.680334
2025-01-31 04:30:00,104488.06,104510.91,104238.0,104270.35,2.786927
2025-01-31 04:45:00,104270.35,104270.36,104000.0,104020.94,1.639991
2025-01-31 05:00:00,104020.94,104448.51,104020.93,104395.77,4.918617
2025-01-31 05:15:00,104395.77,104473.51,104395.77,104417.69,1.687402
2025-01-31 05:30:00,104417.69,104443.72,104350.27,104364.03,2.83128
2025-01-31 05:45:00,104364.03,104370.64,104267.69,104298.0,3.231023
2025-01-31 06:00:00,104298.0,104493.68,104298.0,104448.92,1.751344
2025-01-31 06:15:00,104448.92,104548.32,104440.32,104537.47,1.725345
2025-01-31 06:30:00,104537.47,104613.64,104537.47,104599.99,3.478685
2025-01-31 06:45:00,104599.99,104733.21,104514.0,104524.01,2.562736
2025-01-31 07:00:00,104524.01,104636.58,104493.0,104636.57,1.907585
2025-01-31 07:15:00,104636.57,104797.02,104636.57,104704.0,2.724608
2025-01-31 07:30:00,104704.0,104704.0,104293.33,104295.03,4.213875
2025-01-31 07:45:00,104295.03,104295.03,104000.0,104178.85,7.539139
2025-01-31 08:00:00,104178.85,104303.17,104099.46,104100.05,3.719119
2025-01-31 08:15:00,104100.05,104290.56,104019.61,104054.09,4.74227
2025-01-31 08:30:00,104054.09,104213.54,104031.0,104199.99,3.435476
2025-01-31 08:45:00,104199.99,104200.0,104006.0,104006.0,2.688005
2025-01-31 09:00:00,104006.0,104107.69,103971.0,103971.01,16.062768
2025-01-31 09:15:00,103971.01,104213.5,103950.0,104186.22,6.492206
2025-01-31 09:30:00,104186.22,104326.34,104158.97,104195.78,7.537448
2025-01-31 09:45:00,104195.78,104264.29,104146.42,104260.52,3.543294
2025-01-31 10:00:00,104260.52,104311.19,104220.79,104263.76,2.344674
2025-01-31 10:15:00,104263.76,104312.42,104120.0,104155.8,4.587742
2025-01-31 10:30:00,104155.8,104300.0,104138.3,104300.0,2.549916
2025-01-31 10:45:00,104300.0,104423.51,104271.78,104280.0,5.030881
2025-01-31 11:00:00,104280.0,104703.13,104279.99,104703.13,7.471511
2025-01-31 11:15:00,104703.13,104819.28,104600.64,104809.28,6.422146
2025-01-31 11:30:00,104809.28,104809.28,104632.0,104703.0,5.182225
2025-01-31 11:45:00,104703.0,104794.62,104550.0,104719.44,3.678858
2025-01-31 12:00:00,104719.44,104732.37,104600.0,104687.0,2.890159
2025-01-31 12:15:00,104687.0,104881.66,104662.54,104708.0,2.71566
2025-01-31 12:30:00,104708.0,104708.01,104579.0,104619.11,5.176241
2025-01-31 12:45:00,104619.11,104749.74,104619.11,104700.0,5.322321
2025-01-31 13:00:00,104700.0,105032.96,104699.99,104906.0,12.543199
2025-01-31 13:15:00,104906.0,104950.98,104789.0,104866.53,13.587823
2025-01-31 13:30:00,104866.53,104943.95,104575.61,104645.77,13.619044
2025-01-31 13:45:00,104645.77,104724.98,104573.27,104642.45,5.2433
2025-01-31 14:00:00,104642.45,104763.97,104571.42,104647.39,8.571521
2025-01-31 14:15:00,104647.39,104763.03,104490.39,104717.13,7.165919
2025-01-31 14:30:00,104717.13,104867.98,104186.05,104480.0,13.786106
2025-01-31 14:45:00,104480.0,104510.89,104130.43,104435.54,7.220183
2025-01-31 15:00:00,104435.54,104931.25,104435.53,104836.08,17.285341
2025-01-31 15:15:00,104836.08,105160.37,104542.01,105132.01,22.391895
2025-01-31 15:30:00,105132.01,105786.69,105076.83,105579.26,35.195944
2025-01-31 15:45:00,105579.26,105970.82,105359.38,105379.45,24.145079
2025-01-31 16:00:00,105379.45,105512.27,105105.26,105191.77,17.586996
2025-01-31 16:15:00,105191.77,105262.1,104646.86,104773.14,11.719793
2025-01-31 16:30:00,104773.14,105051.11,104773.13,104963.07,16.027841
2025-01-31 16:45:00,104963.07,105067.99,104956.77,105067.99,7.550373
2025-01-31 17:00:00,105067.99,105067.99,104520.0,104813.02,16.262597
2025-01-31 17:15:00,104813.02,104962.12,104696.0,104962.12,4.905791
2025-01-31 17:30:00,104962.12,104985.86,104626.0,104727.01,7.935071
2025-01-31 17:45:00,104727.01,104781.59,104565.0,104565.0,4.390167
2025-01-31 18:00:00,104565.0,104750.15,104500.0,104739.55,8.479551
2025-01-31 18:15:00,104739.55,104785.18,104007.04,104026.0,140.636544
2025-01-31 18:30:00,104026.0,104026.01,103100.0,103111.01,77.745767
2025-01-31 18:45:00,103111.01,103214.15,102637.01,102676.24,57.820669
2025-01-31 19:00:00,102676.24,103029.04,102537.31,102706.02,39.463902
2025-01-31 19:15:00,102706.02,102987.99,102214.74,102554.81,36.536251
2025-01-31 19:30:00,102554.81,102687.49,102306.41,102388.5,17.412536
2025-01-31 19:45:00,102388.5,102534.8,102175.32,102363.0,11.521156
2025-01-31 20:00:00,102363.0,102363.0,102074.01,102152.01,11.034954
2025-01-31 20:15:00,102152.01,102290.3,101766.15,102002.89,30.436201
2025-01-31 20:30:00,102002.89,102367.76,101850.0,101913.71,13.217941
2025-01-31 20:45:00,101913.71,102133.92,101673.52,101734.26,17.897478
2025-01-31 21:00:00,101734.26,101972.83,101615.62,101691.65,12.478455
2025-01-31 21:15:00,101691.65,101890.0,101634.1,101673.16,8.730747
2025-01-31 21:30:00,101673.16,101966.66,101600.0,101929.25,10.561462
2025-01-31 21:45:00,101929.25,102187.38,101816.11,102185.07,17.072563
2025-01-31 22:00:00,102185.07,102261.56,101978.8,102045.2,5.96496
2025-01-31 22:15:00,102045.2,102392.85,102015.0,102392.85,6.05424
2025-01-31 22:30:00,102392.85,102513.74,102317.56,102513.74,6.699132
2025-01-31 22:45:00,102513.74,102519.73,102109.39,102295.96,6.236993
2025-01-31 23:00:00,102295.96,102298.61,102010.14,102200.01,6.438389
2025-01-31 23:15:00,102200.01,102302.36,102166.71,102301.35,7.397175
2025-01-31 23:30:00,102301.35,102311.69,102139.61,102291.54,30.568497
2025-01-31 23:45:00,102291.54,102422.28,102243.0,102407.8,5.264708
2025-02-01 00:00:00,102407.8,102539.88,102279.01,102508.47,9.296647
2025-02-01 00:15:00,102508.47,102540.0,102272.0,102279.98,4.17264
2025-02-01 00:30:00,102279.98,102489.78,102215.16,102453.07,8.344633
2025-02-01 00:45:00,102453.07,102512.6,102367.37,102484.76,5.058135
2025-02-01 01:00:00,102484.76,102577.33,102456.32,102577.32,7.289714
2025-02-01 01:15:00,102577.32,102699.99,102541.0,102689.65,4.533952
2025-02-01 01:30:00,102689.65,102745.57,102622.0,102745.56,8.212382
2025-02-01 01:45:00,102745.56,102745.57,102554.0,102554.0,1.978129
2025-02-01 02:00:00,102554.0,102692.57,102441.01,102680.52,4.863066
2025-02-01 02:15:00,102680.52,102769.23,102680.52,102697.01,2.713191
2025-02-01 02:30:00,102697.01,102706.46,102614.67,102666.61,3.145639
2025-02-01 02:45:00,102666.61,102705.27,102415.0,102468.15,1.405973
2025-02-01 03:00:00,102468.15,102512.26,102321.0,102400.81,10.174563
2025-02-01 03:15:00,102400.81,102427.58,102321.01,102344.24,1.967178
2025-02-01 03:30:00,102344.24,102347.69,102207.0,102257.89,4.727277
2025-02-01 03:45:00,102257.89,102277.0,102208.01,102225.58,9.950175
2025-02-01 04:00:00,102225.58,102303.47,102126.8,102185.57,9.653903
2025-02-01 04:15:00,102185.57,102240.75,102176.0,102205.83,4.300432
2025-02-01 04:30:00,102205.83,102478.27,102205.83,102478.27,4.66012
2025-02-01 04:45:00,102478.27,102478.27,102308.47,102318.73,1.742213
2025-02-01 05:00:00,102318.73,102368.46,102263.0,102334.39,2.727605
2025-02-01 05:15:00,102334.39,102467.21,102334.39,102467.2,2.58361
2025-02-09 13:15:00,96394.44,96394.44,96189.0,96198.91,17.988609
2025-02-09 13:30:00,96198.91,96288.46,96108.58,96108.58,8.450181
2025-02-09 13:45:00,96108.58,96144.21,95833.33,95890.01,13.129357
2025-02-09 14:00:00,95890.01,96118.75,95731.01,96099.99,10.579496
2025-02-09 14:15:00,96099.99,96300.0,95978.04,96088.66,11.185984
2025-02-09 14:30:00,96088.66,96128.13,96012.31,96066.89,5.702292
2025-02-09 14:45:00,96066.89,96158.64,96026.26,96148.6,7.798925
2025-02-09 15:00:00,96148.6,96408.84,96139.46,96344.66,14.769845
2025-02-09 15:15:00,96344.66,96558.82,96273.92,96396.0,15.522428
2025-02-09 15:30:00,96396.0,96645.91,96338.01,96626.31,5.339046
2025-02-09 15:45:00,96626.31,96626.31,96472.0,96505.85,3.529527
2025-02-09 16:00:00,96505.85,96547.13,96381.0,96547.13,4.218034
2025-02-09 16:15:00,96547.13,96547.14,96410.27,96448.31,5.543123
2025-02-09 16:30:00,96448.31,96487.35,96333.53,96445.12,4.841995
2025-02-09 16:45:00,96445.12,96513.64,96445.11,96453.25,2.165314
2025-02-09 17:00:00,96453.25,96576.72,96434.45,96440.0,3.374124
2025-02-09 17:15:00,96440.0,96440.0,96189.1,96231.0,4.586127
2025-02-09 17:30:00,96231.0,96231.01,95949.61,96047.35,6.700118
2025-02-09 17:45:00,96047.35,96244.43,95990.06,96182.92,3.463171
2025-02-09 18:00:00,96182.92,96182.93,96043.0,96043.01,2.928344
2025-02-09 18:15:00,96043.01,96131.23,96001.78,96087.86,3.597251
2025-02-09 18:30:00,96087.86,96268.22,96073.73,96239.74,1.438835
2025-02-09 18:45:00,96239.74,96248.79,96169.0,96226.36,1.810388
2025-02-09 19:00:00,96226.36,96279.08,96164.98,96242.94,1.567765
2025-02-09 19:15:00,96242.94,96242.95,96032.11,96057.0,2.695792
2025-02-09 19:30:00,96057.0,96139.39,95908.99,96000.89,4.531112
2025-02-09 19:45:00,96000.89,96071.28,95939.02,96071.27,6.244257
2025-02-09 20:00:00,96071.27,96224.18,96065.54,96212.06,2.835617
2025-02-09 20:15:00,96212.06,96600.0,96159.0,96521.86,13.342139
2025-02-09 20:30:00,96521.86,96738.36,96410.78,96454.35,14.666981
2025-02-09 20:45:00,96454.35,96454.35,96256.05,96326.0,3.682598
2025-02-09 21:00:00,96326.0,96326.01,96217.54,96256.0,4.092694
2025-02-09 21:15:00,96256.0,96259.78,95955.24,95974.47,4.970217
2025-02-09 21:30:00,95974.47,95988.05,95000.0,95063.76,67.50496
2025-02-09 21:45:00,95063.76,95288.66,94764.0,95207.97,80.040173
2025-02-09 22:00:00,95207.97,95520.63,94810.0,95452.0,56.52123
2025-02-09 22:15:00,95452.0,95729.18,95315.0,95720.67,13.369157
2025-02-09 22:30:00,95720.67,96465.6,95508.01,96397.1,90.296435
2025-02-09 22:45:00,96397.1,96397.11,95556.45,95843.97,147.936332
2025-02-09 23:00:00,95843.97,96125.0,95744.01,96075.24,87.455497
2025-02-09 23:15:00,96075.24,96151.55,96008.01,96074.22,2.904135
2025-02-09 23:30:00,96074.22,96357.1,96067.27,96318.87,7.656124
2025-02-09 23:45:00,96318.87,96600.0,96284.12,96482.0,13.294269
2025-02-10 00:00:00,96482.0,97081.57,96481.0,96941.84,27.819225
2025-02-10 00:15:00,96941.84,97109.52,96720.0,96720.0,9.347618
2025-02-10 00:30:00,96720.0,96937.08,96633.34,96798.55,7.171799
2025-02-10 00:45:00,96798.55,96906.68,96718.0,96729.92,4.970334
2025-02-10 01:00:00,96729.92,96824.95,96456.19,96480.35,7.392375
2025-02-10 01:15:00,96480.35,96501.51,96127.91,96194.0,5.936541
2025-02-10 01:30:00,96194.0,96373.06,95500.0,95534.94,14.299847
2025-02-10 01:45:00,95534.94,95863.0,95276.93,95560.01,36.023934
2025-02-10 02:00:00,95560.01,95744.63,95414.0,95498.41,14.833624
2025-02-10 02:15:00,95498.41,95734.78,95474.44,95602.4,8.341877
2025-02-10 02:30:00,95602.4,96000.0,95527.24,95953.42,11.532638
2025-02-10 02:45:00,95953.42,96041.7,95709.71,95798.0,6.974467
2025-02-10 03:00:00,95798.0,96050.0,95779.0,95990.0,6.440683
2025-02-10 03:15:00,95990.0,96420.0,95968.0,96369.0,6.542738
2025-02-10 03:30:00,96369.0,97064.37,96369.0,96974.17,37.792573
2025-02-10 03:45:00,96974.17,97056.09,96632.54,96792.32,11.460189
2025-02-10 04:00:00,96792.32,96964.72,96634.0,96856.86,14.626462
2025-02-10 04:15:00,96856.86,97041.63,96848.01,97021.14,6.729481
2025-02-10 04:30:00,97021.14,97147.47,96790.69,96886.46,8.552503
2025-02-10 04:45:00,96886.46,96952.73,96795.01,96918.25,5.109827
2025-02-10 05:00:00,96918.25,97134.26,96784.0,97134.22,6.043458
2025-02-10 05:15:00,97134.22,97275.7,96940.9,97006.09,11.935569
2025-02-10 05:30:00,97006.09,97200.0,96946.0,97176.87,4.575367
2025-02-10 05:45:00,97176.87,97621.2,96925.0,97001.42,18.020121
2025-02-10 06:00:00,97001.42,97200.0,96802.88,96836.35,8.454483
2025-02-10 06:15:00,96836.35,97118.0,96815.0,97001.01,5.197309
2025-02-10 06:30:00,97001.01,97170.71,96951.0,97021.71,6.502593
2025-02-10 06:45:00,97021.71,97150.42,97021.71,97134.81,3.332236
2025-02-10 07:00:00,97134.81,97328.82,97134.8,97227.29,5.734204
2025-02-10 07:15:00,97227.29,97227.3,97093.01,97170.27,6.442141
2025-02-10 07:30:00,97170.27,97329.51,97103.01,97277.01,3.744819
2025-02-10 07:45:00,97277.01,97450.0,97233.0,97416.01,5.440608
2025-02-10 08:00:00,97416.01,97850.0,97343.45,97742.96,10.41867
2025-02-10 08:15:00,97742.96,97854.03,97566.0,97687.28,9.724782
2025-02-10 08:30:00,97687.28,97859.19,97537.78,97827.14,10.503508
2025-02-10 08:45:00,97827.14,97855.08,97663.0,97689.73,13.960137
2025-02-10 09:00:00,97689.73,97842.78,97689.73,97714.2,7.353275
2025-02-10 09:15:00,97714.2,97859.51,97661.0,97680.77,6.37134
2025-02-10 09:30:00,97680.77,97697.62,97530.01,97567.37,4.55252
2025-02-10 09:45:00,97567.37,97700.1,97494.35,97678.0,5.400678
2025-02-10 10:00:00,97678.0,97850.0,97606.62,97800.12,4.213295
2025-02-10 10:15:00,97800.12,97956.99,97732.27,97915.71,8.632482
2025-02-10 10:30:00,97915.71,97929.5,97704.0,97778.89,8.286514
2025-02-10 10:45:00,97778.89,97867.37,97702.06,97717.01,15.767268
2025-02-10 11:00:00,97717.01,97855.9,97642.0,97685.0,13.890295
2025-02-10 11:15:00,97685.0,97852.48,97639.0,97852.48,9.488855
2025-02-10 11:30:00,97852.48,97910.0,97818.0,97823.26,4.459299
2025-02-10 11:45:00,97823.26,97895.26,97673.04,97684.57,13.74346
2025-02-10 12:00:00,97684.57,97823.03,97619.0,97637.93,12.257644
2025-02-10 12:15:00,97637.93,97666.77,97520.0,97579.57,21.315905
2025-02-10 12:30:00,97579.57,97579.57,97287.74,97335.0,12.080554
2025-02-10 12:45:00,97335.0,97414.0,97215.38,97371.39,8.610203
2025-02-10 13:00:00,97371.39,97620.64,97371.21,97585.15,32.569661
2025-02-10 13:15:00,97585.15,97679.75,97461.6,97509.86,14.761689
2025-02-10 13:30:00,97509.86,97819.03,97443.69,97768.79,13.651877
2025-02-10 13:45:00,97768.79,98333.33,97752.0,98218.45,25.30425
2025-02-10 14:00:00,98218.45,98299.23,97701.94,97701.95,30.589948
2025-02-10 14:15:00,97701.95,97802.76,97540.54,97710.43,10.726007
2025-02-10 14:30:00,97710.43,97985.07,97245.1,97497.0,65.137509
2025-02-10 14:45:00,97497.0,97606.23,97089.66,97274.0,41.057506
2025-02-10 15:00:00,97274.0,97569.64,97252.67,97505.83,10.668547
2025-02-10 15:15:00,97505.83,97530.49,97000.0,97096.95,24.497767
2025-02-10 15:30:00,97096.95,97212.03,96900.0,97100.0,11.340692
2025-02-10 15:45:00,97100.0,97312.82,96961.01,97253.04,19.232447
2025-02-10 16:00:00,97253.04,97408.59,97176.0,97207.01,17.547408
2025-02-10 16:15:00,97207.01,97207.01,97025.85,97050.0,5.697168
2025-02-10 16:30:00,97050.0,97116.82,96870.39,97113.89,33.5417
2025-02-10 16:45:00,97113.89,97357.14,97064.0,97290.03,13.626421
2025-02-10 17:00:00,97290.03,97350.61,96895.0,96958.56,12.537773
2025-02-10 17:15:00,96958.56,97300.0,96894.0,97293.94,18.750745
2025-02-10 17:30:00,97293.94,97359.51,97205.66,97263.0,5.688444
2025-02-10 17:45:00,97263.0,97515.15,97209.82,97499.99,8.160994
2025-02-10 18:00:00,97499.99,97550.01,97323.01,97323.01,8.794428
2025-02-10 18:15:00,97323.01,97480.61,97205.0,97480.61,7.141579
2025-02-10 18:30:00,97480.61,97535.66,97266.66,97293.99,6.920294
2025-02-10 18:45:00,97293.99,97550.0,97287.98,97549.99,5.818449
2025-02-10 19:00:00,97549.99,97613.89,97473.98,97595.7,8.454106
2025-02-10 19:15:00,97595.7,97621.77,97544.0,97595.85,2.900687
2025-02-10 19:30:00,97595.85,97632.65,97415.97,97415.97,4.062294
2025-02-10 19:45:00,97415.97,97420.07,97275.15,97378.0,3.086584
2025-02-10 20:00:00,97378.0,97435.93,97302.6,97408.0,3.713931
2025-02-10 20:15:00,97408.0,97453.04,97220.42,97282.81,3.395151
2025-02-10 20:30:00,97282.81,97460.06,97279.04,97460.06,1.377449
2025-02-10 20:45:00,97460.06,97477.34,97306.27,97354.99,2.636899
2025-02-10 21:00:00,97354.99,97354.99,97263.28,97263.29,2.657737
2025-02-10 21:15:00,97263.29,97306.96,97162.09,97292.38,2.237729
2025-02-10 21:30:00,97292.38,97292.39,97227.26,97284.99,3.735176
2025-02-10 21:45:00,97284.99,97359.08,97134.81,97344.33,2.619412
2025-02-10 22:00:00,97344.33,97375.01,97283.81,97300.63,3.427064
2025-02-10 22:15:00,97300.63,97467.86,97283.0,97467.85,2.608012
2025-02-10 22:30:00,97467.85,97467.86,97325.0,97409.83,4.763735
2025-02-10 22:45:00,97409.83,97415.28,97297.0,97384.96,2.412993
2025-02-10 23:00:00,97384.96,97384.96,97244.0,97290.04,12.154827
2025-02-10 23:15:00,97290.04,97437.88,97253.0,97253.01,5.446036
2025-02-10 23:30:00,97253.01,97324.78,97253.0,97309.64,1.4498
2025-02-10 23:45:00,97309.64,97429.27,97300.93,97420.38,1.955072
2025-02-11 00:00:00,97420.38,97788.91,97399.7,97721.13,7.548301
2025-02-11 00:15:00,97721.13,97844.28,97634.18,97764.46,7.09906
2025-02-11 00:30:00,97764.46,98112.49,97729.0,97990.05,18.274481
2025-02-11 00:45:00,97990.05,98040.53,97777.0,97777.0,8.376531
2025-02-11 01:00:00,97777.0,98023.37,97777.0,97894.56,7.439922
2025-02-11 01:15:00,97894.56,98091.93,97855.0,97978.55,7.922879
2025-02-11 01:30:00,97978.55,98100.0,97913.38,98013.47,6.977501
2025-02-11 01:45:00,98013.47,98093.16,97919.28,98017.02,4.230023
2025-02-11 02:00:00,98017.02,98112.49,97900.0,97900.0,4.449838
2025-02-11 02:15:00,97900.0,97934.38,97648.51,97656.26,9.805765
2025-02-11 02:30:00,97656.26,97674.0,97476.97,97671.55,12.68556
2025-02-11 02:45:00,97671.55,97858.66,97671.55,97767.5,4.547937
2025-02-11 03:00:00,97767.5,97767.51,97519.1,97621.13,3.130927
2025-02-11 03:15:00,97621.13,97700.0,97564.48,97583.01,2.829892
2025-02-11 03:30:00,97583.01,97619.09,97500.0,97533.31,4.514745
2025-02-11 03:45:00,97533.31,97636.49,97515.49,97618.0,3.185469
2025-02-11 04:00:00,97618.0,97655.77,97570.94,97570.94,2.597836
2025-02-11 04:15:00,97570.94,97643.92,97570.94,97613.71,3.58773
2025-02-11 04:30:00,97613.71,98001.5,97613.71,97973.45,5.324628
2025-02-11 04:45:00,97973.45,98200.0,97966.93,98073.67,9.169899
2025-02-11 05:00:00,98073.67,98300.0,98019.99,98184.06,8.838858
2025-02-11 05:15:00,98184.06,98269.61,98062.0,98247.05,4.754137
2025-02-11 05:30:00,98247.05,98299.47,98129.82,98295.66,5.144679
2025-02-11 05:45:00,98295.66,98466.99,98160.0,98400.12,5.496963
2025-02-11 06:00:00,98400.12,98424.11,98176.0,98176.01,9.244948
2025-02-11 06:15:00,98176.01,98308.17,98145.98,98290.47,5.249605
2025-02-11 06:30:00,98290.47,98309.77,98245.12,98309.76,5.898205
2025-02-11 06:45:00,98309.76,98453.67,98278.0,98420.25,16.576686
2025-02-11 07:00:00,98420.25,98420.26,98326.51,98360.76,7.149269
2025-02-11 07:15:00,98360.76,98399.98,98293.36,98398.99,7.909146
2025-02-11 07:30:00,98398.99,98444.59,98340.0,98421.91,4.57213
2025-02-11 07:45:00,98421.91,98421.92,98260.0,98260.0,4.066548
2025-02-11 08:00:00,98260.0,98325.65,98160.0,98195.76,6.516862
2025-02-11 08:15:00,98195.76,98227.07,98112.12,98112.12,4.528877
2025-02-11 08:30:00,98112.12,98299.87,98112.12,98263.02,4.69406
2025-02-11 08:45:00,98263.02,98263.02,98167.36,98205.0,4.970059
2025-02-11 09:00:00,98205.0,98277.0,98204.99,98224.99,9.919789
2025-02-11 09:15:00,98224.99,98241.38,98103.0,98194.59,6.110051
2025-02-11 09:30:00,98194.59,98214.19,97939.37,97979.0,9.992301
2025-02-11 09:45:00,97979.0,98099.0,97935.51,98005.38,13.749441
2025-02-11 10:00:00,98005.38,98118.09,97963.13,98104.01,9.395881
2025-02-11 10:15:00,98104.01,98131.95,97913.58,97913.59,5.537641
2025-02-11 10:30:00,97913.59,98019.04,97913.58,97967.01,4.754434
2025-02-11 10:45:00,97967.01,98035.04,97967.0,97981.57,5.750176
2025-02-11 11:00:00,97981.57,98025.0,97902.83,97943.83,6.873076
2025-02-11 11:15:00,97943.83,98084.74,97937.0,98084.74,19.653782
2025-02-11 11:30:00,98084.74,98089.0,97974.01,98030.38,7.004829
2025-02-11 11:45:00,98030.38,98227.83,98030.37,98149.28,6.693418
2025-02-11 12:00:00,98149.28,98149.28,97813.0,97813.0,7.125531
2025-02-11 12:15:00,97813.0,97890.31,97720.0,97720.0,9.397935
2025-02-11 12:30:00,97720.0,97789.15,97711.42,97736.02,7.470853
2025-02-11 12:45:00,97736.02,97853.11,97736.01,97770.48,9.316014
2025-02-11 13:00:00,97770.48,97837.69,97670.82,97805.72,6.538187
2025-02-11 13:15:00,97805.72,97819.73,97508.69,97542.26,5.425093
2025-02-11 13:30:00,97542.26,97612.0,97269.27,97270.0,8.623647
2025-02-11 13:45:00,97270.0,97319.21,96706.76,96819.92,37.996486
2025-02-11 14:00:00,96819.92,97110.6,96625.0,96932.44,29.250086
2025-02-11 14:15:00,96932.44,97041.5,96838.03,96908.37,20.462631
2025-02-11 14:30:00,96908.37,97226.64,96785.35,97203.55,26.919499
2025-02-11 14:45:00,97203.55,97320.0,96984.32,96984.32,27.623705
2025-02-11 15:00:00,96984.32,97265.51,96651.01,96861.01,43.907863
2025-02-19 23:00:00,96531.38,96931.6,96521.01,96606.54,123.710733
2025-02-19 23:15:00,96606.54,96821.4,96606.53,96653.19,48.785032
2025-02-19 23:30:00,96653.19,96698.99,96600.0,96673.5,41.810531
2025-02-19 23:45:00,96673.5,96673.5,96556.47,96631.11,28.881816
2025-02-20 00:00:00,96631.11,96673.99,96520.0,96540.53,48.02144
2025-02-20 00:15:00,96540.53,96576.08,96433.82,96523.01,59.00206
2025-02-20 00:30:00,96523.01,96534.64,96431.02,96519.43,39.07031
2025-02-20 00:45:00,96519.43,96818.47,96519.43,96818.46,57.031567
2025-02-20 01:00:00,96818.46,96973.49,96705.0,96715.01,105.464125
2025-02-20 01:15:00,96715.01,96838.02,96683.48,96703.01,51.701007
2025-02-20 01:30:00,96703.01,96727.25,96640.74,96686.01,46.600622
2025-02-20 01:45:00,96686.01,96754.47,96642.0,96749.36,37.847767
2025-02-20 02:00:00,96749.36,96935.21,96747.96,96921.96,45.754439
2025-02-20 02:15:00,96921.96,96921.96,96837.0,96853.08,56.868935
2025-02-20 02:30:00,96853.08,96911.77,96760.0,96870.7,48.685911
2025-02-20 02:45:00,96870.7,97265.15,96870.7,97129.67,124.561298
2025-02-20 03:00:00,97129.67,97352.94,97129.67,97166.01,117.785969
2025-02-20 03:15:00,97166.01,97166.01,96993.87,97001.0,64.962323
2025-02-20 03:30:00,97001.0,97122.3,97001.0,97078.03,36.389694
2025-02-20 03:45:00,97078.03,97110.78,97052.0,97069.99,42.519204
2025-02-20 04:00:00,97069.99,97125.32,97052.0,97124.01,40.375417
2025-02-20 04:15:00,97124.01,97257.27,97067.0,97248.01,71.929891
2025-02-20 04:30:00,97248.01,97335.0,97211.0,97234.67,68.617232
2025-02-20 04:45:00,97234.67,97245.71,97184.0,97238.49,49.928898
2025-02-20 05:00:00,97238.49,97238.49,97144.0,97144.01,54.235526
2025-02-20 05:15:00,97144.01,97211.02,97053.0,97055.17,61.83188
2025-02-20 05:30:00,97055.17,97143.42,97055.16,97121.01,42.180246
2025-02-20 05:45:00,97121.01,97121.01,96902.43,96912.15,49.886742
2025-02-20 06:00:00,96912.15,96931.54,96798.0,96828.61,71.296339
2025-02-20 06:15:00,96828.61,96954.97,96823.0,96954.95,32.928076
2025-02-20 06:30:00,96954.95,96990.69,96902.01,96949.01,36.784685
2025-02-20 06:45:00,96949.01,96951.91,96893.66,96910.56,28.455615
2025-02-20 07:00:00,96910.56,96933.23,96827.3,96843.18,35.745775
2025-02-20 07:15:00,96843.18,96970.98,96843.18,96970.98,27.691342
2025-02-20 07:30:00,96970.98,97095.63,96970.97,97038.0,71.622735
2025-02-20 07:45:00,97038.0,97038.01,96900.0,96900.01,33.952655
2025-02-20 08:00:00,96900.01,96900.01,96821.0,96879.33,41.550315
2025-02-20 08:15:00,96879.33,96988.08,96876.0,96988.08,35.933817
2025-02-20 08:30:00,96988.08,97033.89,96961.0,97033.89,33.860985
2025-02-20 08:45:00,97033.89,97200.0,97023.0,97176.0,49.064247
2025-02-20 09:00:00,97176.0,97255.0,97176.0,97247.2,43.604551
2025-02-20 09:15:00,97247.2,97249.0,97204.21,97230.0,23.33514
2025-02-20 09:30:00,97230.0,97286.0,97180.63,97280.0,35.673141
2025-02-20 09:45:00,97280.0,97280.01,97205.77,97205.78,30.995738
2025-02-20 10:00:00,97205.78,97210.82,97109.63,97124.08,29.211832
2025-02-20 10:15:00,97124.08,97224.97,97124.07,97192.55,36.558928
2025-02-20 10:30:00,97192.55,97250.0,97192.55,97250.0,56.166689
2025-02-20 10:45:00,97250.0,97325.0,97239.72,97325.0,37.495277
2025-02-20 11:00:00,97325.0,97350.0,97287.1,97287.1,47.200424
2025-02-20 11:15:00,97287.1,97300.0,97261.05,97282.78,36.853178
2025-02-20 11:30:00,97282.78,97282.79,97154.78,97189.34,36.223887
2025-02-20 11:45:00,97189.34,97220.0,97160.0,97189.3,36.533219
2025-02-20 12:00:00,97189.3,97437.5,97189.3,97423.88,67.716882
2025-02-20 12:15:00,97423.88,97462.43,97369.61,97420.41,59.045047
2025-02-20 12:30:00,97420.41,97510.0,97414.0,97492.01,63.588337
2025-02-20 12:45:00,97492.01,97509.95,97379.0,97417.0,43.393964
2025-02-20 13:00:00,97417.0,97480.0,97400.05,97408.46,53.042525
2025-02-20 13:15:00,97408.46,97408.75,97326.29,97392.94,55.666943
2025-02-20 13:30:00,97392.94,97474.12,97279.0,97312.99,71.219096
2025-02-20 13:45:00,97312.99,97509.99,97312.99,97509.98,52.888174
2025-02-20 14:00:00,97509.98,97711.02,97509.98,97711.02,100.339379
2025-02-20 14:15:00,97711.02,97936.09,97693.34,97779.3,168.293762
2025-02-20 14:30:00,97779.3,97992.03,97724.0,97724.0,215.654478
2025-02-20 14:45:00,97724.0,97724.0,96870.4,96931.31,391.321276
2025-02-20 15:00:00,96931.31,97196.08,96794.87,97049.65,385.209551
2025-02-20 15:15:00,97049.65,97232.03,96973.61,97085.54,189.209172
2025-02-20 15:30:00,97085.54,97289.47,97070.0,97202.01,149.673554
2025-02-20 15:45:00,97202.01,97202.03,96859.0,96896.66,153.580622
2025-02-20 16:00:00,96896.66,97654.53,96889.0,97409.49,171.220298
2025-02-20 16:15:00,97409.49,97666.0,97359.0,97665.99,152.726733
2025-02-20 16:30:00,97665.99,97922.23,97525.04,97908.6,160.167043
2025-02-20 16:45:00,97908.6,97923.07,97500.0,97528.24,113.982185
2025-02-20 17:00:00,97528.24,97734.99,97528.24,97717.11,94.143755
2025-02-20 17:15:00,97717.11,97912.1,97717.1,97834.89,112.167119
2025-02-20 17:30:00,97834.89,97936.03,97802.98,97896.01,108.801955
2025-02-20 17:45:00,97896.01,97956.6,97868.0,97950.0,72.055912
2025-02-20 18:00:00,97950.0,98271.08,97937.69,98191.52,188.131369
2025-02-20 18:15:00,98191.52,98385.59,98092.95,98249.97,126.389319
2025-02-20 18:30:00,98249.97,98385.6,98132.98,98252.37,109.756277
2025-02-20 18:45:00,98252.37,98337.36,98125.5,98277.41,74.034572
2025-02-20 19:00:00,98277.41,98386.99,98264.1,98384.33,73.632058
2025-02-20 19:15:00,98384.33,98481.56,98290.0,98453.26,128.715232
2025-02-20 19:30:00,98453.26,98453.26,98214.88,98333.0,78.642169
2025-02-20 19:45:00,98333.0,98421.02,98313.0,98396.62,75.886321
2025-02-20 20:00:00,98396.62,98455.85,98289.18,98410.0,75.999743
2025-02-20 20:15:00,98410.0,98666.67,98372.0,98577.92,114.777082
2025-02-20 20:30:00,98577.92,98611.4,98403.0,98576.6,101.683818
2025-02-20 20:45:00,98576.6,98604.06,98347.98,98434.69,101.833018
2025-02-20 21:00:00,98434.69,98454.5,98241.87,98287.86,75.703088
2025-02-20 21:15:00,98287.86,98293.32,98153.91,98153.91,60.297874
2025-02-20 21:30:00,98153.91,98220.76,98099.98,98099.98,45.235221
2025-02-20 21:45:00,98099.98,98113.1,98000.0,98072.6,42.731053
2025-02-20 22:00:00,98072.6,98279.48,98047.0,98104.74,44.356672
2025-02-20 22:15:00,98104.74,98160.77,98045.9,98140.45,28.331322
2025-02-20 22:30:00,98140.45,98349.98,98140.45,98307.92,18.235604
2025-02-20 22:45:00,98307.92,98307.92,98106.55,98138.98,27.89419
2025-02-20 23:00:00,98138.98,98375.0,98118.0,98242.12,88.461358
2025-02-20 23:15:00,98242.12,98412.41,98242.11,98293.67,51.043761
2025-02-20 23:30:00,98293.67,98480.0,98293.66,98379.19,51.933111
2025-02-20 23:45:00,98379.19,98403.3,98294.99,98297.98,28.146422
2025-02-21 00:00:00,98297.98,98482.62,98297.97,98455.98,52.487801
2025-02-21 00:15:00,98455.98,98455.99,98300.99,98343.01,38.605202
2025-02-21 00:30:00,98343.01,98390.72,98152.0,98152.0,70.976051
2025-02-21 00:45:00,98152.0,98243.06,98099.98,98240.79,51.141495
2025-02-21 01:00:00,98240.79,98269.98,98138.94,98169.24,67.859917
2025-02-21 01:15:00,98169.24,98200.0,98119.0,98161.44,36.658958
2025-02-21 01:30:00,98161.44,98230.69,98111.0,98210.01,46.276381
2025-02-21 01:45:00,98210.01,98330.0,98203.62,98309.0,44.639594
2025-02-21 02:00:00,98309.0,98347.46,98243.97,98328.05,54.012262
2025-02-21 02:15:00,98328.05,98350.0,98258.0,98260.98,47.890733
2025-02-21 02:30:00,98260.98,98280.98,98160.81,98160.82,37.064424
2025-02-21 02:45:00,98160.82,98208.28,98113.97,98123.0,39.950249
2025-02-21 03:00:00,98123.0,98175.53,98103.0,98156.0,50.039568
2025-02-21 03:15:00,98156.0,98276.15,98130.15,98258.01,34.083971
2025-02-21 03:30:00,98258.01,98258.01,98100.0,98142.99,32.0728
2025-02-21 03:45:00,98142.99,98165.03,98096.98,98118.97,22.533191
2025-02-21 04:00:00,98118.97,98218.99,98118.97,98218.99,35.268424
2025-02-21 04:15:00,98218.99,98237.44,98135.0,98138.0,31.033442
2025-02-21 04:30:00,98138.0,98219.7,98110.0,98219.7,26.744191
2025-02-21 04:45:00,98219.7,98220.0,98168.97,98182.03,26.144215
2025-02-21 05:00:00,98182.03,98219.94,98145.19,98219.94,29.514347
2025-02-21 05:15:00,98219.94,98258.0,98201.99,98231.69,33.710816
2025-02-21 05:30:00,98231.69,98323.5,98231.69,98323.5,25.486382
2025-02-21 05:45:00,98323.5,98353.13,98265.25,98300.83,33.326999
2025-02-21 06:00:00,98300.83,98382.42,98281.0,98337.42,41.136995
2025-02-21 06:15:00,98337.42,98390.97,98337.41,98362.48,28.462933
2025-02-21 06:30:00,98362.48,98380.04,98347.78,98362.53,19.319787
2025-02-21 06:45:00,98362.53,98379.95,98339.0,98379.94,17.116576
2025-02-21 07:00:00,98379.94,98435.07,98364.89,98422.57,37.960728
2025-02-21 07:15:00,98422.57,98570.0,98410.75,98422.57,55.916032
2025-02-21 07:30:00,98422.57,98422.58,98240.0,98259.8,72.416945
2025-02-21 07:45:00,98259.8,98273.01,98149.87,98149.88,47.976798
2025-02-21 08:00:00,98149.88,98228.64,98149.88,98222.9,51.846866
2025-02-21 08:15:00,98222.9,98222.9,98134.96,98159.0,44.243118
2025-02-21 08:30:00,98159.0,98218.69,98117.14,98196.03,46.932123
2025-02-21 08:45:00,98196.03,98212.31,98169.09,98180.0,33.839783
2025-02-21 09:00:00,98180.0,98333.0,98179.99,98332.99,28.843811
2025-02-21 09:15:00,98332.99,98916.17,98331.64,98353.75,264.945676
2025-02-21 09:30:00,98353.75,98448.39,98110.14,98187.52,140.810272
2025-02-21 09:45:00,98187.52,98360.3,98182.0,98335.42,96.106726
2025-02-21 10:00:00,98335.42,98428.8,98245.0,98409.59,59.816185
2025-02-21 10:15:00,98409.59,98499.76,98388.0,98398.49,56.761226
2025-02-21 10:30:00,98398.49,98519.0,98398.49,98502.32,55.399376
2025-02-21 10:45:00,98502.32,98630.0,98502.31,98585.84,52.159802
2025-02-21 11:00:00,98585.84,98636.36,98485.15,98575.0,54.588613
2025-02-21 11:15:00,98575.0,98750.53,98507.0,98735.01,55.968178
2025-02-21 11:30:00,98735.01,98777.81,98658.0,98692.47,78.992117
2025-02-21 11:45:00,98692.47,98700.0,98607.17,98607.17,59.612245
2025-02-21 12:00:00,98607.17,98634.91,98527.93,98601.79,58.274629
2025-02-21 12:15:00,98601.79,98855.17,98601.78,98854.31,71.948268
2025-02-21 12:30:00,98854.31,98875.09,98751.0,98770.23,89.206016
2025-02-21 12:45:00,98770.23,98936.02,98770.22,98900.82,100.59133
2025-02-21 13:00:00,98900.82,99356.57,98808.0,99300.4,323.862042
2025-02-21 13:15:00,99300.4,99329.35,99069.64,99194.63,161.956785
2025-02-21 13:30:00,99194.63,99409.12,99194.62,99326.77,175.627827
2025-02-21 13:45:00,99326.77,99431.54,99267.49,99336.96,179.335058
2025-02-21 14:00:00,99336.96,99346.35,99053.7,99074.15,138.864822
2025-02-21 14:15:00,99074.15,99172.06,98948.0,99048.0,124.175853
2025-02-21 14:30:00,99048.0,99048.01,98362.36,98650.01,462.753217
2025-02-21 14:45:00,98650.01,98996.23,98520.27,98772.2,363.534861
2025-02-21 15:00:00,98772.2,99272.73,98603.01,99174.94,354.853881
2025-02-21 15:15:00,99174.94,99291.38,97649.16,98224.52,690.950641
2025-02-21 15:30:00,98224.52,98232.81,97205.0,97592.27,662.333642
2025-02-21 15:45:00,97592.27,98289.31,97420.57,98094.98,520.797999
2025-02-21 16:00:00,98094.98,98551.72,97739.0,98551.71,399.966834
2025-02-21 16:15:00,98551.71,98714.35,98263.0,98284.99,498.311453
2025-02-21 16:30:00,98284.99,98600.0,98197.23,98342.81,248.217314
2025-02-21 16:45:00,98342.81,98342.81,98100.0,98171.4,199.248834
2025-02-21 17:00:00,98171.4,98376.21,97932.97,97955.32,147.828079
2025-02-21 17:15:00,97955.32,98142.02,97793.0,97886.59,114.607187
2025-02-21 17:30:00,97886.59,97886.6,97088.0,97088.05,188.283265
2025-02-21 17:45:00,97088.05,97148.6,96800.0,96943.41,245.061662
2025-02-21 18:00:00,96943.41,97138.03,96661.54,96703.61,239.08401
2025-02-21 18:15:00,96703.61,97186.96,96703.6,97068.59,174.636122
2025-02-21 18:30:00,97068.59,97083.33,96757.6,96833.0,164.310716
2025-02-21 18:45:00,96833.0,96833.0,96500.0,96521.01,92.687519
2025-02-21 19:00:00,96521.01,96792.86,96322.23,96560.02,121.75238
2025-02-21 19:15:00,96560.02,96560.02,95859.59,95899.97,136.143566
2025-02-21 19:30:00,95899.97,96280.27,95400.0,95451.0,148.503808
2025-02-21 19:45:00,95451.0,95765.99,95265.31,95290.0,150.958365
2025-02-21 20:00:00,95290.0,95666.66,95244.0,95308.01,146.922479
2025-02-21 20:15:00,95308.01,95441.27,95150.0,95266.0,110.189279
2025-02-21 20:30:00,95266.0,95575.0,95212.0,95356.04,105.210655
2025-02-21 20:45:00,95356.04,95373.4,94900.0,95086.41,136.121784
2025-02-21 21:00:00,95086.41,95433.5,95034.92,95376.86,81.922626
2025-02-21 21:15:00,95376.86,95376.86,95110.0,95110.01,74.230371
2025-02-21 21:30:00,95110.01,95309.57,95025.57,95160.81,62.403186
2025-02-21 21:45:00,95160.81,95479.44,95160.81,95401.91,44.266219
2025-02-21 22:00:00,95401.91,95612.9,95245.58,95551.13,52.626446
2025-02-21 22:15:00,95551.13,95903.23,95473.43,95772.24,40.773113
2025-02-21 22:30:00,95772.24,95903.23,95528.0,95748.78,44.13071
2025-02-21 22:45:00,95748.78,95912.68,95678.28,95838.13,35.1842
2025-02-21 23:00:00,95838.13,95907.35,95676.21,95791.33,36.946066
2025-02-21 23:15:00,95791.33,96059.42,95791.33,96044.85,38.167336
2025-02-21 23:30:00,96044.85,96147.23,96017.23,96147.22,38.996751
2025-02-21 23:45:00,96147.22,96188.0,96147.22,96187.96,35.390592
2025-02-22 00:00:00,96187.96,96192.81,95899.82,96000.02,49.945211
2025-02-22 00:15:00,96000.02,96060.44,95795.0,95821.09,28.906244
2025-02-22 00:30:00,95821.09,96171.61,95806.12,96140.02,34.142323
2025-02-22 00:45:00,96140.02,96197.08,96107.45,96181.99,19.752194
2025-03-02 08:45:00,85864.66,85949.26,85725.43,85758.1,31.07457
2025-03-02 09:00:00,85758.1,85878.56,85680.77,85878.29,45.100788
2025-03-02 09:15:00,85878.29,85914.9,85833.99,85873.82,30.528039
2025-03-02 09:30:00,85873.82,86073.9,85873.82,86073.88,46.999397
2025-03-02 09:45:00,86073.88,86107.29,85905.29,85905.3,20.486256
2025-03-02 10:00:00,85905.3,85951.79,85818.0,85852.5,19.589597
2025-03-02 10:15:00,85852.5,85903.92,85800.0,85827.76,33.711898
2025-03-02 10:30:00,85827.76,85977.31,85819.16,85866.89,20.203651
2025-03-02 10:45:00,85866.89,85988.95,85866.89,85988.95,14.768405
2025-03-02 11:00:00,85988.95,86054.25,85944.99,86031.14,18.636038
2025-03-02 11:15:00,86031.14,86100.0,85956.04,86097.47,29.669418
2025-03-02 11:30:00,86097.47,86206.9,86056.16,86149.01,33.310439
2025-03-02 11:45:00,86149.01,86177.58,86064.23,86102.41,21.978659
2025-03-02 12:00:00,86102.41,86102.42,85816.0,85828.69,24.236049
2025-03-02 12:15:00,85828.69,85912.02,85757.1,85819.0,22.719759
2025-03-02 12:30:00,85819.0,85863.01,85813.0,85847.14,28.799199
2025-03-02 12:45:00,85847.14,86000.0,85812.96,85962.59,21.733127
2025-03-02 13:00:00,85962.59,85973.75,85867.0,85915.39,17.620271
2025-03-02 13:15:00,85915.39,85915.39,85636.11,85706.88,51.458434
2025-03-02 13:30:00,85706.88,85732.46,85550.0,85674.62,39.472783
2025-03-02 13:45:00,85674.62,85691.22,85500.0,85691.21,35.327937
2025-03-02 14:00:00,85691.21,85878.89,85529.0,85566.04,32.083507
2025-03-02 14:15:00,85566.04,85573.98,85100.06,85406.27,109.022313
2025-03-02 14:30:00,85406.27,85615.38,85130.88,85284.0,46.709712
2025-03-02 14:45:00,85284.0,85315.24,85050.0,85100.73,71.762936
2025-03-02 15:00:00,85100.73,85340.78,85080.72,85190.53,46.298646
2025-03-02 15:15:00,85190.53,87269.56,85158.0,86423.35,407.839719
2025-03-02 15:30:00,86423.35,88675.0,86367.09,88071.9,911.838518
2025-03-02 15:45:00,88071.9,88243.78,86916.67,87420.09,790.491802
2025-03-02 16:00:00,87420.09,88190.27,87335.05,88170.05,252.510046
2025-03-02 16:15:00,88170.05,89540.12,88170.04,88996.0,494.794278
2025-03-02 16:30:00,88996.0,91848.96,88899.0,91618.63,859.329152
2025-03-02 16:45:00,91618.63,91956.1,90702.38,91211.84,629.870866
2025-03-02 17:00:00,91211.84,91888.0,90673.48,91623.59,398.330598
2025-03-02 17:15:00,91623.59,92888.0,91623.58,92690.02,553.459643
2025-03-02 17:30:00,92690.02,94597.72,92690.01,94596.6,563.929685
2025-03-02 17:45:00,94596.6,95000.0,93609.43,94076.36,1232.779089
2025-03-02 18:00:00,94076.36,94389.85,93362.23,93400.3,249.088181
2025-03-02 18:15:00,93400.3,94072.29,93147.0,93490.39,224.442283
2025-03-02 18:30:00,93490.39,93498.27,92353.18,92592.52,228.5558
2025-03-02 18:45:00,92592.52,92978.26,92480.42,92767.0,183.435944
2025-03-02 19:00:00,92767.0,93033.2,92595.0,92861.46,72.084358
2025-03-02 19:15:00,92861.46,93299.12,92861.46,93138.48,85.829459
2025-03-02 19:30:00,93138.48,93402.02,93097.02,93299.99,63.181127
2025-03-02 19:45:00,93299.99,93527.02,93299.99,93496.77,67.184831
2025-03-02 20:00:00,93496.77,93995.4,93496.34,93969.09,84.207304
2025-03-02 20:15:00,93969.09,94227.7,93695.81,94036.06,103.892408
2025-03-02 20:30:00,94036.06,94220.0,93619.23,94024.32,51.510431
2025-03-02 20:45:00,94024.32,94400.0,93958.09,94296.71,122.166711
2025-03-02 21:00:00,94296.71,94399.95,93883.33,94035.66,94.616631
2025-03-02 21:15:00,94035.66,94280.12,93900.01,93912.8,49.505729
2025-03-02 21:30:00,93912.8,94045.61,93668.18,93944.91,94.334921
2025-03-02 21:45:00,93944.91,94289.0,93691.55,94274.71,39.613447
2025-03-02 22:00:00,94274.71,94425.0,93900.0,94252.98,83.428306
2025-03-02 22:15:00,94252.98,94399.0,94110.2,94329.62,75.836304
2025-03-02 22:30:00,94329.62,94329.64,94025.37,94287.99,69.450096
2025-03-02 22:45:00,94287.99,94722.9,94233.33,94233.33,86.501597
2025-03-02 23:00:00,94233.33,94824.33,94230.09,94475.52,241.74661
2025-03-02 23:15:00,94475.52,94820.35,94133.93,94222.39,173.390463
2025-03-02 23:30:00,94222.39,94581.79,93860.41,94331.16,119.831523
2025-03-02 23:45:00,94331.16,94488.41,94027.02,94253.69,110.79611
2025-03-03 00:00:00,94253.69,94393.89,93620.69,93644.8,134.037058
2025-03-03 00:15:00,93644.8,93869.53,93591.55,93818.25,81.048724
2025-03-03 00:30:00,93818.25,93875.0,93344.83,93679.0,79.755792
2025-03-03 00:45:00,93679.0,93777.02,93281.69,93288.8,95.036116
2025-03-03 01:00:00,93288.8,93386.28,92797.01,92829.83,93.734477
2025-03-03 01:15:00,92829.83,93166.53,92640.36,93039.42,145.672459
2025-03-03 01:30:00,93039.42,93115.27,92677.92,92922.0,91.800736
2025-03-03 01:45:00,92922.0,93179.38,92755.0,93045.99,73.414142
2025-03-03 02:00:00,93045.99,93137.38,92799.99,92940.01,66.17629
2025-03-03 02:15:00,92940.01,92992.0,92436.27,92436.27,135.571897
2025-03-03 02:30:00,92436.27,93201.25,92436.27,93057.82,155.108394
2025-03-03 02:45:00,93057.82,93399.48,93057.82,93284.82,80.97314
2025-03-03 03:00:00,93284.82,93402.02,92848.48,92875.62,53.437264
2025-03-03 03:15:00,92875.62,92936.55,92470.0,92718.01,83.351836
2025-03-03 03:30:00,92718.01,92827.53,92521.99,92552.95,51.282969
2025-03-03 03:45:00,92552.95,92887.99,92526.38,92692.01,35.004807
2025-03-03 04:00:00,92692.01,92788.49,92600.0,92687.51,46.877123
2025-03-03 04:15:00,92687.51,92884.04,92581.45,92684.61,95.640711
2025-03-03 04:30:00,92684.61,92768.22,92589.0,92768.22,34.264806
2025-03-03 04:45:00,92768.22,92916.67,92718.0,92834.01,47.210079
2025-03-03 05:00:00,92834.01,93080.93,92820.0,92982.15,56.847876
2025-03-03 05:15:00,92982.15,93063.28,92856.0,92978.01,59.690656
2025-03-03 05:30:00,92978.01,93250.0,92926.0,93249.99,54.712315
2025-03-03 05:45:00,93249.99,93320.74,93187.0,93303.22,50.111547
2025-03-03 06:00:00,93303.22,93322.17,92921.1,92963.0,46.968833
2025-03-03 06:15:00,92963.0,93007.88,92760.0,92808.47,41.237252
2025-03-03 06:30:00,92808.47,92811.66,91945.9,91995.01,115.194451
2025-03-03 06:45:00,91995.01,92284.11,91333.33,91609.91,258.428165
2025-03-03 07:00:00,91609.91,92088.0,91171.02,91865.15,234.123802
2025-03-03 07:15:00,91865.15,92065.01,91631.1,91940.47,96.714722
2025-03-03 07:30:00,91940.47,92238.84,91865.39,92105.1,102.113146
2025-03-03 07:45:00,92105.1,92510.2,92092.7,92336.7,99.865332
2025-03-03 08:00:00,92336.7,92354.04,92153.99,92170.88,70.185709
2025-03-03 08:15:00,92170.88,92213.02,91633.5,91907.11,82.924767
2025-03-03 08:30:00,91907.11,92156.1,91703.7,91982.0,72.150045
2025-03-03 08:45:00,91982.0,91986.61,91130.46,91454.15,117.123208
2025-03-03 09:00:00,91454.15,91835.18,91163.52,91639.0,109.192185
2025-03-03 09:15:00,91639.0,91901.41,91277.11,91870.59,81.243501
2025-03-03 09:30:00,91870.59,92028.05,91711.0,91919.9,99.763996
2025-03-03 09:45:00,91919.9,92020.49,91771.99,91824.66,62.181172
2025-03-03 10:00:00,91824.66,91940.92,91538.46,91579.4,54.43845
2025-03-03 10:15:00,91579.4,92157.14,91558.88,92018.2,84.840317
2025-03-03 10:30:00,92018.2,92451.35,91982.44,92320.0,52.370552
2025-03-03 10:45:00,92320.0,92537.31,92223.97,92517.91,104.98525
2025-03-03 11:00:00,92517.91,92870.07,92400.26,92701.31,95.713384
2025-03-03 11:15:00,92701.31,92800.0,92463.0,92698.0,70.600265
2025-03-03 11:30:00,92698.0,92758.92,92440.93,92578.01,75.640176
2025-03-03 11:45:00,92578.01,92719.99,92517.68,92719.99,48.738883
2025-03-03 12:00:00,92719.99,93234.15,92710.24,93162.99,123.109274
2025-03-03 12:15:00,93162.99,93223.43,92876.0,92877.17,93.893834
2025-03-03 12:30:00,92877.17,93111.1,92673.17,93011.01,112.266113
2025-03-03 12:45:00,93011.01,93150.0,92944.62,93021.07,67.417635
2025-03-03 13:00:00,93021.07,93268.0,92900.0,92909.01,74.81511
2025-03-03 13:15:00,92909.01,93193.7,92891.98,93023.02,54.905266
2025-03-03 13:30:00,93023.02,93660.0,93022.0,93628.14,126.487403
2025-03-03 13:45:00,93628.14,93660.22,93201.25,93575.37,92.936641
2025-03-03 14:00:00,93575.37,93698.78,93361.0,93643.85,66.576336
2025-03-03 14:15:00,93643.85,93643.85,92797.72,93184.79,130.051783
2025-03-03 14:30:00,93184.79,93265.13,90756.92,91350.0,781.752456
2025-03-03 14:45:00,91350.0,91542.18,89161.5,89243.06,1225.802708
2025-03-03 15:00:00,89243.06,90599.24,89122.76,90434.51,595.798822
2025-03-03 15:15:00,90434.51,91277.53,89921.92,91081.37,385.428665
2025-03-03 15:30:00,91081.37,91257.14,90333.43,90693.41,160.187515
2025-03-03 15:45:00,90693.41,90792.04,89962.0,90038.0,110.45561
2025-03-03 16:00:00,90038.0,90354.25,89698.0,90011.09,197.7697
2025-03-03 16:15:00,90011.09,90745.03,89860.0,90278.87,142.54829
2025-03-03 16:30:00,90278.87,90381.51,89874.0,90050.22,130.716706
2025-03-03 16:45:00,90050.22,90402.69,89994.0,90174.01,85.176659
2025-03-03 17:00:00,90174.01,90456.77,89940.0,90164.0,93.36548
2025-03-03 17:15:00,90164.0,90520.0,90023.0,90332.83,66.298886
2025-03-03 17:30:00,90332.83,90986.32,90310.0,90911.43,82.861396
2025-03-03 17:45:00,90911.43,90911.43,90076.0,90313.23,69.778233
2025-03-03 18:00:00,90313.23,90451.33,89282.0,89433.07,186.417743
2025-03-03 18:15:00,89433.07,89584.9,87452.79,87771.61,446.601211
2025-03-03 18:30:00,87771.61,88192.77,86976.27,87313.01,605.001787
2025-03-03 18:45:00,87313.01,87891.23,86790.55,87158.0,606.717827
2025-03-03 19:00:00,87158.0,87719.29,86918.35,87100.0,233.100249
2025-03-03 19:15:00,87100.0,87199.36,86570.89,87026.29,190.645729
2025-03-03 19:30:00,87026.29,87480.0,86732.37,86934.0,223.50894
2025-03-03 19:45:00,86934.0,87087.25,85590.37,85625.67,705.82042
2025-03-03 20:00:00,85625.67,86133.7,85350.0,85777.94,373.957884
2025-03-03 20:15:00,85777.94,86414.31,85715.0,85835.27,167.981729
2025-03-03 20:30:00,85835.27,86251.11,85222.0,85468.2,149.882774
2025-03-03 20:45:00,85468.2,86074.48,85426.25,86074.48,134.643731
2025-03-03 21:00:00,86074.48,86418.31,86017.0,86409.04,109.73446
2025-03-03 21:15:00,86409.04,86577.01,86090.0,86090.01,72.35962
2025-03-03 21:30:00,86090.01,86510.0,86089.0,86280.0,58.375163
2025-03-03 21:45:00,86280.0,86280.01,85160.0,85421.3,118.55026
2025-03-03 22:00:00,85421.3,86373.42,85339.01,86121.42,168.650071
2025-03-03 22:15:00,86121.42,86562.5,86031.13,86415.77,113.102723
2025-03-03 22:30:00,86415.77,86481.04,86157.0,86367.03,70.098541
2025-03-03 22:45:00,86367.03,87025.32,86320.0,86675.0,98.572178
2025-03-03 23:00:00,86675.0,86675.01,86040.0,86312.51,128.202508
2025-03-03 23:15:00,86312.51,86789.49,86150.0,86509.01,54.371249
2025-03-03 23:30:00,86509.01,86700.0,86326.0,86609.0,65.352666
2025-03-03 23:45:00,86609.0,86609.01,86038.56,86233.95,72.348377
2025-03-04 00:00:00,86233.95,86533.33,85909.16,86238.69,106.768235
2025-03-04 00:15:00,86238.69,86780.84,86191.23,86430.68,117.204966
2025-03-04 00:30:00,86430.68,86518.12,85921.27,86015.73,104.42198
2025-03-04 00:45:00,86015.73,86300.0,85894.74,86039.87,86.562812
2025-03-04 01:00:00,86039.87,86193.99,85556.49,85726.71,165.433898
2025-03-04 01:15:00,85726.71,85959.86,85314.0,85691.58,162.635875
2025-03-04 01:30:00,85691.58,85850.0,83453.11,83571.92,735.334338
2025-03-04 01:45:00,83571.92,83821.43,82692.32,83382.25,1178.037793
2025-03-04 02:00:00,83382.25,83821.43,82501.39,83761.59,295.52488
2025-03-04 02:15:00,83761.59,83774.98,82894.71,83230.18,170.996644
2025-03-04 02:30:00,83230.18,83932.12,83175.0,83507.0,182.725675
2025-03-04 02:45:00,83507.0,84416.39,83440.0,83959.01,123.70862
2025-03-04 03:00:00,83959.01,84465.3,83782.0,83828.6,132.049588
2025-03-04 03:15:00,83828.6,84250.0,83700.0,84016.51,137.448541
2025-03-04 03:30:00,84016.51,84235.58,83812.0,83857.02,61.749181
2025-03-04 03:45:00,83857.02,84420.0,83640.0,84000.01,93.817374
2025-03-04 04:00:00,84000.01,84050.42,83666.0,83890.51,67.408721
2025-03-04 04:15:00,83890.51,84037.33,83699.0,83818.01,61.513682
2025-03-04 04:30:00,83818.01,83888.4,83510.67,83825.12,59.314757
2025-03-04 04:45:00,83825.12,83825.13,83349.51,83430.5,38.412348
2025-03-04 05:00:00,83430.5,84576.27,83391.0,83839.28,288.914436
2025-03-04 05:15:00,83839.28,84261.83,83714.01,84195.09,89.569726
2025-03-04 05:30:00,84195.09,84360.0,83980.39,84145.65,81.355684
2025-03-04 05:45:00,84145.65,84319.08,84046.78,84255.01,51.216861
2025-03-04 06:00:00,84255.01,84383.33,84009.0,84050.06,62.394133
2025-03-04 06:15:00,84050.06,84319.45,83884.63,84227.67,58.574428
2025-03-04 06:30:00,84227.67,84317.47,83619.21,83745.81,68.173959
2025-03-04 06:45:00,83745.81,83899.08,83605.66,83867.04,70.849858
2025-03-04 07:00:00,83867.04,84000.0,83468.0,83468.01,65.667262
2025-03-04 07:15:00,83468.01,83699.0,83359.04,83502.01,84.609395
2025-03-04 07:30:00,83502.01,83836.36,83431.44,83499.04,95.692597
2025-03-04 07:45:00,83499.04,83583.05,83180.72,83211.0,105.694855
2025-03-04 08:00:00,83211.0,83421.8,83060.97,83306.63,102.276842
2025-03-04 08:15:00,83306.63,83877.42,83210.55,83609.67,85.662255
2025-03-04 08:30:00,83609.67,83904.19,83580.0,83715.0,111.131948
2025-03-04 08:45:00,83715.0,83943.65,83419.12,83899.87,58.783156
2025-03-04 09:00:00,83899.87,84190.0,83718.29,84064.36,69.264285
2025-03-04 09:15:00,84064.36,84076.46,83656.48,83890.65,69.756969
2025-03-04 09:30:00,83890.65,84150.0,83751.0,84121.7,46.862886
2025-03-04 09:45:00,84121.7,84174.69,83757.0,83765.25,41.887811
2025-03-04 10:00:00,83765.25,83845.82,83600.0,83697.33,61.241884
2025-03-04 10:15:00,83697.33,83785.09,83520.0,83634.01,57.180023
2025-03-04 10:30:00,83634.01,84021.25,83609.97,83858.96,63.280139
2025-03-12 18:30:00,82527.39,82729.41,82336.73,82680.01,103.445593
2025-03-12 18:45:00,82680.01,82777.75,82492.3,82612.6,40.568571
2025-03-12 19:00:00,82612.6,82893.04,82480.0,82893.04,42.576706
2025-03-12 19:15:00,82893.04,83009.01,82720.0,82767.0,77.530613
2025-03-12 19:30:00,82767.0,82950.0,82490.01,82649.99,48.725299
2025-03-12 19:45:00,82649.99,83115.09,82649.99,82903.01,55.471435
2025-03-12 20:00:00,82903.01,82923.98,82720.0,82761.52,35.840998
2025-03-12 20:15:00,82761.52,82930.95,82742.97,82852.36,18.222155
2025-03-12 20:30:00,82852.36,83157.89,82852.35,83127.4,17.921097
2025-03-12 20:45:00,83127.4,83158.39,83024.0,83113.29,16.563663
2025-03-12 21:00:00,83113.29,83272.82,83113.28,83272.63,23.595839
2025-03-12 21:15:00,83272.63,83303.0,83118.96,83130.68,17.687533
2025-03-12 21:30:00,83130.68,83248.65,83040.4,83097.8,17.783533
2025-03-12 21:45:00,83097.8,83130.01,82854.58,83069.99,24.289192
2025-03-12 22:00:00,83069.99,83403.31,83069.99,83394.0,63.607651
2025-03-12 22:15:00,83394.0,83540.93,83292.6,83478.89,59.04573
2025-03-12 22:30:00,83478.89,83631.58,83418.0,83589.0,40.045236
2025-03-12 22:45:00,83589.0,83660.71,83523.0,83633.0,23.182127
2025-03-12 23:00:00,83633.0,83712.21,83500.53,83548.71,34.604978
2025-03-12 23:15:00,83548.71,83557.89,83403.43,83443.0,35.796077
2025-03-12 23:30:00,83443.0,83684.83,83397.0,83662.71,29.796529
2025-03-12 23:45:00,83662.71,83856.24,83612.17,83656.63,94.475519
2025-03-13 00:00:00,83656.63,83801.97,83589.0,83626.37,60.262075
2025-03-13 00:15:00,83626.37,83975.0,83467.0,83712.0,107.759352
2025-03-13 00:30:00,83712.0,83948.26,83610.0,83816.71,58.681956
2025-03-13 00:45:00,83816.71,83816.71,83435.45,83441.59,35.411747
2025-03-13 01:00:00,83441.59,83690.84,83320.0,83668.0,50.563663
2025-03-13 01:15:00,83668.0,83765.12,83495.01,83630.01,32.926576
2025-03-13 01:30:00,83630.01,83860.0,83630.0,83706.01,40.274667
2025-03-13 01:45:00,83706.01,84190.0,83706.0,83904.35,126.7336
2025-03-13 02:00:00,83904.35,84300.0,83873.0,84153.9,64.06003
2025-03-13 02:15:00,84153.9,84153.9,83885.0,83942.38,39.164595
2025-03-13 02:30:00,83942.38,84021.74,83812.99,83940.2,53.125769
2025-03-13 02:45:00,83940.2,84044.48,83756.0,83765.01,43.639728
2025-03-13 03:00:00,83765.01,83967.04,83722.61,83956.52,74.497245
2025-03-13 03:15:00,83956.52,84148.94,83866.9,83866.9,40.359563
2025-03-13 03:30:00,83866.9,83871.02,83578.04,83603.75,48.16445
2025-03-13 03:45:00,83603.75,83675.69,83531.0,83555.0,39.956162
2025-03-13 04:00:00,83555.0,83686.23,83513.55,83614.74,34.146972
2025-03-13 04:15:00,83614.74,83688.3,83467.0,83467.01,65.884644
2025-03-13 04:30:00,83467.01,83525.49,83279.7,83330.99,63.603415
2025-03-13 04:45:00,83330.99,83460.0,83242.86,83298.08,34.746716
2025-03-13 05:00:00,83298.08,83441.4,83262.55,83372.37,27.529734
2025-03-13 05:15:00,83372.37,83541.59,83325.0,83471.97,40.4479
2025-03-13 05:30:00,83471.97,83471.98,83108.55,83118.32,47.759249
2025-03-13 05:45:00,83118.32,83250.0,83108.18,83163.18,54.301462
2025-03-13 06:00:00,83163.18,83213.52,82980.21,82981.01,41.950758
2025-03-13 06:15:00,82981.01,83038.45,82890.0,83020.82,39.585397
2025-03-13 06:30:00,83020.82,83150.0,82994.0,83049.01,34.464231
2025-03-13 06:45:00,83049.01,83334.9,83049.01,83296.24,69.433006
2025-03-13 07:00:00,83296.24,83351.11,83179.0,83224.8,67.579865
2025-03-13 07:15:00,83224.8,83560.46,83222.0,83447.99,76.82789
2025-03-13 07:30:00,83447.99,83543.59,83232.0,83275.62,72.170844
2025-03-13 07:45:00,83275.62,83359.6,83167.0,83167.87,41.78219
2025-03-13 08:00:00,83167.87,83275.05,83133.42,83133.42,26.284831
2025-03-13 08:15:00,83133.42,83139.28,82582.58,82674.91,96.664445
2025-03-13 08:30:00,82674.91,82799.77,82448.72,82676.73,70.027699
2025-03-13 08:45:00,82676.73,83076.61,82664.83,82993.0,51.536
2025-03-13 09:00:00,82993.0,83274.05,82993.0,83167.94,78.114066
2025-03-13 09:15:00,83167.94,83480.0,83167.94,83255.74,121.630309
2025-03-13 09:30:00,83255.74,83396.1,83247.0,83325.0,27.160589
2025-03-13 09:45:00,83325.0,83531.38,83324.99,83467.01,48.283369
2025-03-13 10:00:00,83467.01,83508.14,83294.97,83371.87,43.685218
2025-03-13 10:15:00,83371.87,83394.3,83152.0,83321.69,40.714822
2025-03-13 10:30:00,83321.69,83417.2,83078.0,83128.26,65.61567
2025-03-13 10:45:00,83128.26,83334.5,83046.0,83213.3,40.549402
2025-03-13 11:00:00,83213.3,83249.1,83000.0,83000.0,34.671491
2025-03-13 11:15:00,83000.0,83000.01,82827.61,82892.4,54.714763
2025-03-13 11:30:00,82892.4,83031.66,82810.0,82903.4,93.978498
2025-03-13 11:45:00,82903.4,83009.7,82742.98,83005.5,65.872476
2025-03-13 12:00:00,83005.5,83046.6,82803.0,82870.0,58.084446
2025-03-13 12:15:00,82870.0,83340.0,82870.0,83304.07,51.937367
2025-03-13 12:30:00,83304.07,83885.74,82700.0,83033.64,462.957709
2025-03-13 12:45:00,83033.64,83033.64,82325.0,82530.0,173.352301
2025-03-13 13:00:00,82530.0,82931.03,82506.0,82617.0,134.836203
2025-03-13 13:15:00,82617.0,82999.98,82578.53,82941.49,62.368237
2025-03-13 13:30:00,82941.49,83124.64,82430.94,82430.95,177.903462
2025-03-13 13:45:00,82430.95,82511.3,81640.0,81788.68,155.065361
2025-03-13 14:00:00,81788.68,82121.56,81580.53,82060.65,138.058308
2025-03-13 14:15:00,82060.65,82500.0,81876.0,81917.28,133.714884
2025-03-13 14:30:00,81917.28,82218.42,81894.0,82064.0,85.809644
2025-03-13 14:45:00,82064.0,82285.83,81890.0,82017.47,70.3143
2025-03-13 15:00:00,82017.47,82203.31,81605.64,81671.19,122.999127
2025-03-13 15:15:00,81671.19,81837.5,81435.79,81620.01,95.677405
2025-03-13 15:30:00,81620.01,81620.01,80989.01,81470.08,179.620474
2025-03-13 15:45:00,81470.08,81470.08,81027.0,81058.55,151.949459
2025-03-13 16:00:00,81058.55,81232.7,80869.88,80968.6,97.599283
2025-03-13 16:15:00,80968.6,81168.82,80881.0,80983.0,86.154737
2025-03-13 16:30:00,80983.0,81267.58,80883.0,81034.01,55.203689
2025-03-13 16:45:00,81034.01,81039.1,80699.25,80895.06,77.440654
2025-03-13 17:00:00,80895.06,80910.0,80448.68,80610.72,107.298697
2025-03-13 17:15:00,80610.72,80610.72,80247.67,80414.57,104.011738
2025-03-13 17:30:00,80414.57,80556.3,80110.0,80168.47,81.765046
2025-03-13 17:45:00,80168.47,80285.94,79980.03,80080.0,126.504334
2025-03-13 18:00:00,80080.0,80789.47,80033.0,80750.68,94.629289
2025-03-13 18:15:00,80750.68,80962.68,80543.01,80936.81,89.054826
2025-03-13 18:30:00,80936.81,80980.5,80689.0,80792.0,77.740887
2025-03-13 18:45:00,80792.0,80880.5,80586.22,80833.02,35.818659
2025-03-13 19:00:00,80833.02,81036.18,80694.0,80764.1,46.062467
2025-03-13 19:15:00,80764.1,80778.2,80459.82,80596.13,48.14931
2025-03-13 19:30:00,80596.13,80690.8,80350.17,80389.8,40.681664
2025-03-13 19:45:00,80389.8,80482.79,80175.0,80232.33,78.744173
2025-03-13 20:00:00,80232.33,80607.98,80219.05,80441.16,75.946733
2025-03-13 20:15:00,80441.16,80688.71,80441.15,80668.02,47.317027
2025-03-13 20:30:00,80668.02,80738.85,80418.0,80418.0,29.186605
2025-03-13 20:45:00,80418.0,80476.38,80305.35,80393.42,36.419909
2025-03-13 21:00:00,80393.42,80580.0,80318.0,80477.01,34.491538
2025-03-13 21:15:00,80477.01,80670.0,80433.0,80669.15,20.269179
2025-03-13 21:30:00,80669.15,80822.95,80508.77,80800.08,29.927389
2025-03-13 21:45:00,80800.08,80875.99,80686.28,80835.41,47.232151
2025-03-13 22:00:00,80835.41,81035.26,80757.0,80965.83,75.096524
2025-03-13 22:15:00,80965.83,81074.01,80864.59,81074.0,20.257556
2025-03-13 22:30:00,81074.0,81175.0,80996.32,81156.01,31.080465
2025-03-13 22:45:00,81156.01,81400.0,81156.0,81400.0,45.304878
2025-03-13 23:00:00,81400.0,81500.0,81302.0,81379.11,44.483743
2025-03-13 23:15:00,81379.11,81398.6,81131.98,81131.98,34.38254
2025-03-13 23:30:00,81131.98,81220.7,81067.0,81078.93,20.376198
2025-03-13 23:45:00,81078.93,81201.17,81078.93,81123.98,19.469947
2025-03-14 00:00:00,81123.98,81136.93,80849.0,81033.0,51.949263
2025-03-14 00:15:00,81033.0,81260.03,80924.0,81203.5,30.98322
2025-03-14 00:30:00,81203.5,81538.46,81203.49,81534.02,36.232847
2025-03-14 00:45:00,81534.02,81682.24,81412.0,81499.97,45.21115
2025-03-14 01:00:00,81499.97,81499.99,81219.0,81423.19,57.327298
2025-03-14 01:15:00,81423.19,81463.47,81270.0,81428.1,31.730906
2025-03-14 01:30:00,81428.1,81830.72,81428.09,81819.27,43.943166
2025-03-14 01:45:00,81819.27,81860.0,81567.09,81599.99,30.292401
2025-03-14 02:00:00,81599.99,81737.3,81599.99,81736.49,25.073624
2025-03-14 02:15:00,81736.49,81951.89,81690.0,81883.46,33.088101
2025-03-14 02:30:00,81883.46,81938.25,81725.98,81848.04,50.57418
2025-03-14 02:45:00,81848.04,82255.56,81814.39,82230.06,83.500477
2025-03-14 03:00:00,82230.06,82246.54,81991.0,82105.78,39.632875
2025-03-14 03:15:00,82105.78,82200.0,82024.97,82041.7,25.810107
2025-03-14 03:30:00,82041.7,82041.71,81834.0,81834.01,65.83464
2025-03-14 03:45:00,81834.01,81885.95,81757.98,81885.94,33.887811
2025-03-14 04:00:00,81885.94,82002.85,81884.0,81991.07,40.34098
2025-03-14 04:15:00,81991.07,82027.91,81884.97,81992.44,74.790391
2025-03-14 04:30:00,81992.44,82026.77,81868.6,81918.0,18.969403
2025-03-14 04:45:00,81918.0,82000.01,81918.0,81951.86,11.961803
2025-03-14 05:00:00,81951.86,81998.38,81844.0,81844.0,34.678877
2025-03-14 05:15:00,81844.0,81995.56,81844.0,81989.91,33.526115
2025-03-14 05:30:00,81989.91,82120.0,81941.8,82092.6,19.857194
2025-03-14 05:45:00,82092.6,82220.0,82031.85,82152.2,46.922026
2025-03-14 06:00:00,82152.2,82197.0,82067.78,82068.1,27.798287
2025-03-14 06:15:00,82068.1,82080.0,81875.55,81882.59,45.373097
2025-03-14 06:30:00,81882.59,81969.28,81785.35,81817.14,52.059846
2025-03-14 06:45:00,81817.14,82044.64,81817.14,82033.53,32.983955
2025-03-14 07:00:00,82033.53,82048.53,81923.99,82041.62,21.75026
2025-03-14 07:15:00,82041.62,82100.0,82020.0,82075.9,31.23277
2025-03-14 07:30:00,82075.9,82413.13,82021.32,82384.88,58.934271
2025-03-14 07:45:00,82384.88,82448.92,82200.29,82200.3,86.950655
2025-03-14 08:00:00,82200.3,82381.89,82200.29,82340.13,29.754791
2025-03-14 08:15:00,82340.13,82605.29,82340.13,82488.01,58.618401
2025-03-14 08:30:00,82488.01,82588.44,82364.22,82524.94,38.370816
2025-03-14 08:45:00,82524.94,82658.69,82524.94,82610.23,40.216582
2025-03-14 09:00:00,82610.23,82763.17,82604.99,82672.0,43.42876
2025-03-14 09:15:00,82672.0,82937.27,82639.0,82892.98,48.028703
2025-03-14 09:30:00,82892.98,82937.27,82734.97,82911.12,74.761701
2025-03-14 09:45:00,82911.12,82911.13,82799.27,82811.0,52.336656
2025-03-14 10:00:00,82811.0,82856.8,82715.97,82715.98,55.266579
2025-03-14 10:15:00,82715.98,83008.53,82715.98,83000.0,54.005232
2025-03-14 10:30:00,83000.0,83088.24,82890.0,83045.86,50.885872
2025-03-14 10:45:00,83045.86,83293.33,83011.24,83064.6,81.90319
2025-03-14 11:00:00,83064.6,83185.7,83050.0,83096.4,38.636042
2025-03-14 11:15:00,83096.4,83237.7,83022.89,83230.56,60.430892
2025-03-14 11:30:00,83230.56,83340.85,83169.98,83276.88,60.158361
2025-03-14 11:45:00,83276.88,83349.19,83169.0,83260.83,42.168041
2025-03-14 12:00:00,83260.83,83408.03,83058.0,83395.0,70.163225
2025-03-14 12:15:00,83395.0,83468.27,83346.87,83377.96,67.787636
2025-03-14 12:30:00,83377.96,83500.0,83267.0,83267.0,64.641266
2025-03-14 12:45:00,83267.0,83404.44,83144.29,83401.63,49.614351
2025-03-14 13:00:00,83401.63,83552.68,83383.16,83400.01,65.906993
2025-03-14 13:15:00,83400.01,83459.05,83314.0,83314.01,55.061466
2025-03-14 13:30:00,83314.01,83768.0,83055.79,83250.0,188.815276
2025-03-14 13:45:00,83250.0,83858.1,83243.73,83580.3,212.554679
2025-03-14 14:00:00,83580.3,83580.31,82815.4,83006.17,1150.405501
2025-03-14 14:15:00,83006.17,83033.85,82642.08,82790.1,198.81045
2025-03-14 14:30:00,82790.1,83432.57,82769.14,83127.53,117.048217
2025-03-14 14:45:00,83127.53,83513.51,83005.45,83513.5,117.96378
2025-03-14 15:00:00,83513.5,84461.0,83513.5,84230.76,436.473476
2025-03-14 15:15:00,84230.76,84950.0,84230.76,84939.45,337.579026
2025-03-14 15:30:00,84939.45,85280.0,84900.0,85094.85,377.782299
2025-03-14 15:45:00,85094.85,85135.38,84633.01,84704.41,200.491731
2025-03-14 16:00:00,84704.41,84916.19,84496.0,84497.45,155.079095
2025-03-14 16:15:00,84497.45,84805.01,84363.65,84390.8,127.820974
2025-03-14 16:30:00,84390.8,84470.99,83939.08,84459.62,225.721516
2025-03-14 16:45:00,84459.62,84828.84,84329.6,84777.9,124.296331
2025-03-14 17:00:00,84777.9,84827.68,84481.64,84551.51,92.531932
2025-03-14 17:15:00,84551.51,84664.82,84287.3,84399.01,81.924708
2025-03-14 17:30:00,84399.01,84489.18,84215.79,84233.0,60.164281
2025-03-14 17:45:00,84233.0,84395.0,84188.82,84335.32,52.977652
2025-03-14 18:00:00,84335.32,84629.7,84335.32,84409.0,54.688694
2025-03-14 18:15:00,84409.0,84430.23,84200.0,84294.01,45.849759
2025-03-14 18:30:00,84294.01,84699.48,84284.0,84599.34,55.484338
2025-03-14 18:45:00,84599.34,84621.26,84490.0,84563.35,52.770744
2025-03-14 19:00:00,84563.35,84912.42,84492.0,84879.43,38.118295
2025-03-14 19:15:00,84879.43,84879.44,84592.0,84628.45,36.110088
2025-03-14 19:30:00,84628.45,84704.19,84535.0,84559.64,29.890724
2025-03-14 19:45:00,84559.64,84622.17,84459.0,84549.0,48.762028
2025-03-14 20:00:00,84549.0,84549.01,84222.04,84276.91,52.382532
2025-03-14 20:15:00,84276.91,84312.42,83716.47,84056.99,124.006015
2025-03-23 04:15:00,84076.27,84107.06,84076.26,84103.78,10.064741
2025-03-23 04:30:00,84103.78,84117.59,84086.0,84086.0,6.974271
2025-03-23 04:45:00,84086.0,84102.84,84083.34,84102.83,11.409522
2025-03-23 05:00:00,84102.83,84148.15,84102.83,84120.18,8.419617
2025-03-23 05:15:00,84120.18,84130.34,84107.31,84118.79,9.153137
2025-03-23 05:30:00,84118.79,84176.72,84118.78,84176.67,9.423883
2025-03-23 05:45:00,84176.67,84218.87,84176.66,84218.87,16.998743
2025-03-23 06:00:00,84218.87,84218.87,84191.93,84191.94,7.742783
2025-03-23 06:15:00,84191.94,84245.53,84191.94,84218.19,20.192598
2025-03-23 06:30:00,84218.19,84218.2,84218.19,84218.19,6.358662
2025-03-23 06:45:00,84218.19,84245.05,84218.19,84228.01,23.008005
2025-03-23 07:00:00,84228.01,84228.01,84206.1,84211.81,11.825927
2025-03-23 07:15:00,84211.81,84245.04,84211.81,84245.04,6.711128
2025-03-23 07:30:00,84245.04,84289.77,84245.03,84289.76,9.802855
2025-03-23 07:45:00,84289.76,84307.06,84256.0,84270.14,18.267199
2025-03-23 08:00:00,84270.14,84293.07,84256.31,84280.85,20.722372
2025-03-23 08:15:00,84280.85,84306.11,84280.84,84282.41,9.392938
2025-03-23 08:30:00,84282.41,84326.09,84278.75,84320.37,18.093937
2025-03-23 08:45:00,84320.37,84327.73,84308.48,84327.15,9.312728
2025-03-23 09:00:00,84327.15,84342.63,84316.77,84321.2,23.159841
2025-03-23 09:15:00,84321.2,84329.37,84311.98,84327.05,15.274459
2025-03-23 09:30:00,84327.05,84335.62,84327.05,84331.13,7.557563
2025-03-23 09:45:00,84331.13,84331.14,84311.16,84311.17,7.540259
2025-03-23 10:00:00,84311.17,84311.17,84300.54,84300.54,7.983822
2025-03-23 10:15:00,84300.54,84331.72,84300.54,84327.2,17.06456
2025-03-23 10:30:00,84327.2,84473.14,84327.2,84473.14,17.918961
2025-03-23 10:45:00,84473.14,84473.14,84430.0,84440.6,31.380139
2025-03-23 11:00:00,84440.6,84800.0,84440.59,84666.98,110.807224
2025-03-23 11:15:00,84666.98,84997.87,84666.0,84892.0,104.908596
2025-03-23 11:30:00,84892.0,84892.0,84729.0,84760.0,59.26433
2025-03-23 11:45:00,84760.0,84838.99,84596.99,84660.8,47.369404
2025-03-23 12:00:00,84660.8,84731.97,84636.24,84636.24,22.238674
2025-03-23 12:15:00,84636.24,84689.72,84568.68,84689.65,25.128942
2025-03-23 12:30:00,84689.65,84785.96,84689.65,84726.51,28.439937
2025-03-23 12:45:00,84726.51,84809.57,84718.16,84734.9,19.619896
2025-03-23 13:00:00,84734.9,84750.0,84668.0,84731.1,17.425709
2025-03-23 13:15:00,84731.1,84973.03,84731.1,84953.95,29.449869
2025-03-23 13:30:00,84953.95,85013.17,84865.49,84865.5,58.346774
2025-03-23 13:45:00,84865.5,85090.79,84858.0,85064.72,46.893317
2025-03-23 14:00:00,85064.72,85185.34,84967.79,85035.06,121.981407
2025-03-23 14:15:00,85035.06,85077.62,84866.99,84901.58,53.312995
2025-03-23 14:30:00,84901.58,85098.88,84901.58,84985.29,31.316587
2025-03-23 14:45:00,84985.29,85044.07,84879.0,84888.01,26.634353
2025-03-23 15:00:00,84888.01,85044.07,84888.0,85028.52,25.515634
2025-03-23 15:15:00,85028.52,85145.05,85001.15,85061.97,41.024828
2025-03-23 15:30:00,85061.97,85239.0,85015.51,85130.02,51.30076
2025-03-23 15:45:00,85130.02,85184.66,85123.04,85184.66,29.248696
2025-03-23 16:00:00,85184.66,85300.0,85066.3,85299.99,33.424413
2025-03-23 16:15:00,85299.99,85321.25,85215.85,85271.01,36.341273
2025-03-23 16:30:00,85271.01,85290.5,84951.99,85093.85,54.936502
2025-03-23 16:45:00,85093.85,85350.0,85093.84,85247.79,44.881154
2025-03-23 17:00:00,85247.79,85357.32,85247.78,85278.91,35.607826
2025-03-23 17:15:00,85278.91,85382.26,85238.0,85238.01,27.74015
2025-03-23 17:30:00,85238.01,85238.01,84876.03,84928.11,42.591903
2025-03-23 17:45:00,84928.11,85117.04,84928.1,84989.88,46.494185
2025-03-23 18:00:00,84989.88,85011.15,84887.78,84920.36,26.3701
2025-03-23 18:15:00,84920.36,84979.26,84798.0,84798.0,19.384347
2025-03-23 18:30:00,84798.0,84940.09,84798.0,84934.94,19.242876
2025-03-23 18:45:00,84934.94,85014.64,84920.0,84955.38,13.480329
2025-03-23 19:00:00,84955.38,85058.51,84896.0,85032.44,20.214965
2025-03-23 19:15:00,85032.44,85033.0,84960.13,84964.5,15.244937
2025-03-23 19:30:00,84964.5,85010.01,84953.0,84986.41,11.485268
2025-03-23 19:45:00,84986.41,85004.84,84972.39,84985.27,8.316536
2025-03-23 20:00:00,84985.27,85160.0,84985.26,85116.4,23.928896
2025-03-23 20:15:00,85116.4,85202.6,85116.0,85202.6,11.0427
2025-03-23 20:30:00,85202.6,85246.91,85172.0,85213.07,15.307866
2025-03-23 20:45:00,85213.07,85263.92,85107.91,85107.91,12.577942
2025-03-23 21:00:00,85107.91,85107.92,84961.3,84961.31,17.382294
2025-03-23 21:15:00,84961.31,85007.46,84925.0,84996.01,24.877543
2025-03-23 21:30:00,84996.01,85035.0,84956.0,84956.17,7.490619
2025-03-23 21:45:00,84956.17,85158.1,84930.99,85157.8,19.206715
2025-03-23 22:00:00,85157.8,85372.17,85140.24,85362.4,65.205736
2025-03-23 22:15:00,85362.4,85643.1,85362.4,85487.63,121.029329
2025-03-23 22:30:00,85487.63,85558.44,85332.0,85332.0,39.262195
2025-03-23 22:45:00,85332.0,85396.69,85251.0,85337.64,69.806711
2025-03-23 23:00:00,85337.64,85527.08,85337.64,85477.53,33.276246
2025-03-23 23:15:00,85477.53,85733.34,85477.53,85712.2,48.211264
2025-03-23 23:30:00,85712.2,85823.85,85619.32,85647.58,51.13779
2025-03-23 23:45:00,85647.58,86090.2,85646.0,86046.92,82.821633
2025-03-24 00:00:00,86046.92,86046.92,85835.7,85941.16,60.944883
2025-03-24 00:15:00,85941.16,86391.32,85941.15,86372.71,62.578421
2025-03-24 00:30:00,86372.71,86600.0,86167.98,86218.86,96.962555
2025-03-24 00:45:00,86218.86,86241.4,85969.23,86003.98,73.400592
2025-03-24 01:00:00,86003.98,86018.37,85698.24,85775.0,59.196769
2025-03-24 01:15:00,85775.0,85892.23,85615.0,85627.1,55.597737
2025-03-24 01:30:00,85627.1,85713.0,85559.32,85599.0,37.882236
2025-03-24 01:45:00,85599.0,85688.17,85516.0,85535.9,28.468014
2025-03-24 02:00:00,85535.9,85727.33,85494.3,85671.78,45.877091
2025-03-24 02:15:00,85671.78,85703.67,85585.23,85687.91,23.489643
2025-03-24 02:30:00,85687.91,85770.01,85660.91,85738.01,38.502356
2025-03-24 02:45:00,85738.01,85923.69,85738.0,85868.3,45.384389
2025-03-24 03:00:00,85868.3,86200.0,85859.0,86190.71,78.361522
2025-03-24 03:15:00,86190.71,86470.97,86095.76,86343.18,124.038652
2025-03-24 03:30:00,86343.18,86395.77,86219.0,86274.01,69.072995
2025-03-24 03:45:00,86274.01,86533.04,86212.0,86510.01,53.780702
2025-03-24 04:00:00,86510.01,86843.75,86510.0,86704.43,131.823534
2025-03-24 04:15:00,86704.43,86790.0,86625.0,86681.95,49.013986
2025-03-24 04:30:00,86681.95,86810.0,86640.29,86804.21,76.244994
2025-03-24 04:45:00,86804.21,86888.0,86726.8,86828.01,138.076755
2025-03-24 05:00:00,86828.01,86948.73,86828.0,86939.11,55.704575
2025-03-24 05:15:00,86939.11,86988.0,86801.0,86849.05,73.816157
2025-03-24 05:30:00,86849.05,86962.67,86829.0,86932.65,75.264572
2025-03-24 05:45:00,86932.65,86950.0,86817.0,86882.55,36.719135
2025-03-24 06:00:00,86882.55,87155.7,86882.54,87155.69,122.546991
2025-03-24 06:15:00,87155.69,87260.0,86967.7,86999.76,73.793586
2025-03-24 06:30:00,86999.76,87015.63,86886.0,86975.18,46.048477
2025-03-24 06:45:00,86975.18,87135.5,86970.35,87091.67,35.179685
2025-03-24 07:00:00,87091.67,87146.84,86752.94,87020.01,88.801939
2025-03-24 07:15:00,87020.01,87091.52,86917.0,86917.0,59.13172
2025-03-24 07:30:00,86917.0,86930.95,86740.0,86797.84,62.725821
2025-03-24 07:45:00,86797.84,86964.99,86785.0,86854.42,60.473366
2025-03-24 08:00:00,86854.42,87153.59,86806.07,87122.41,88.952176
2025-03-24 08:15:00,87122.41,87386.42,87122.41,87386.42,80.235027
2025-03-24 08:30:00,87386.42,87456.44,87246.98,87359.96,90.470514
2025-03-24 08:45:00,87359.96,87500.72,87318.28,87404.17,102.160104
2025-03-24 09:00:00,87404.17,87500.0,87238.31,87337.0,61.401068
2025-03-24 09:15:00,87337.0,87386.2,87180.0,87241.98,53.685816
2025-03-24 09:30:00,87241.98,87340.29,87241.98,87256.01,35.307885
2025-03-24 09:45:00,87256.01,87330.0,87127.0,87162.0,61.333091
2025-03-24 10:00:00,87162.0,87370.0,87126.75,87359.99,68.689709
2025-03-24 10:15:00,87359.99,87419.99,87298.13,87412.02,39.203266
2025-03-24 10:30:00,87412.02,87775.03,87412.01,87649.88,82.271034
2025-03-24 10:45:00,87649.88,87881.5,87647.27,87782.27,85.466882
2025-03-24 11:00:00,87782.27,87828.94,87632.75,87632.76,48.905682
2025-03-24 11:15:00,87632.76,87632.8,87514.48,87532.21,41.973135
2025-03-24 11:30:00,87532.21,87689.99,87504.0,87650.21,51.404833
2025-03-24 11:45:00,87650.21,87764.77,87650.21,87664.86,44.219487
2025-03-24 12:00:00,87664.86,87684.53,87363.0,87611.51,103.543224
2025-03-24 12:15:00,87611.51,87611.51,87268.0,87307.23,56.607508
2025-03-24 12:30:00,87307.23,87390.0,87261.54,87371.12,88.608864
2025-03-24 12:45:00,87371.12,87445.26,87225.3,87296.72,58.282147
2025-03-24 13:00:00,87296.72,87315.15,87128.32,87175.45,76.816087
2025-03-24 13:15:00,87175.45,87292.26,87155.3,87247.51,46.862189
2025-03-24 13:30:00,87247.51,87581.07,87195.0,87410.85,134.088462
2025-03-24 13:45:00,87410.85,87665.17,87262.0,87665.16,100.659681
2025-03-24 14:00:00,87665.16,88339.54,87612.39,88332.0,188.366991
2025-03-24 14:15:00,88332.0,88748.95,88243.55,88300.01,251.149528
2025-03-24 14:30:00,88300.01,88300.01,87865.0,88230.16,200.971354
2025-03-24 14:45:00,88230.16,88284.54,87914.2,87950.39,85.930601
2025-03-24 15:00:00,87950.39,88080.0,87662.32,87903.42,87.944408
2025-03-24 15:15:00,87903.42,88349.0,87903.42,87990.15,88.07433
2025-03-24 15:30:00,87990.15,88153.13,87874.05,88117.2,67.190471
2025-03-24 15:45:00,88117.2,88337.65,88059.0,88337.65,66.784798
2025-03-24 16:00:00,88337.65,88500.06,88277.32,88413.13,76.649868
2025-03-24 16:15:00,88413.13,88413.14,87803.38,87864.54,99.510199
2025-03-24 16:30:00,87864.54,88100.0,87700.0,88004.23,129.730832
2025-03-24 16:45:00,88004.23,88080.0,87888.0,88045.27,46.19657
2025-03-24 17:00:00,88045.27,88208.8,87947.0,88155.31,50.184222
2025-03-24 17:15:00,88155.31,88413.21,88118.0,88408.74,61.628781
2025-03-24 17:30:00,88408.74,88447.93,88230.51,88281.36,59.686821
2025-03-24 17:45:00,88281.36,88473.2,88199.0,88458.87,59.983898
2025-03-24 18:00:00,88458.87,88469.8,88286.0,88436.47,39.18342
2025-03-24 18:15:00,88436.47,88470.0,88156.3,88264.79,45.377579
2025-03-24 18:30:00,88264.79,88520.01,88138.0,88474.53,83.707003
2025-03-24 18:45:00,88474.53,88519.35,88388.0,88470.01,73.712307
2025-03-24 19:00:00,88470.01,88505.23,88242.6,88484.4,47.153394
2025-03-24 19:15:00,88484.4,88484.4,88289.0,88357.98,56.172826
2025-03-24 19:30:00,88357.98,88357.99,87988.0,88031.0,50.132563
2025-03-24 19:45:00,88031.0,88355.45,87947.95,88230.0,80.805845
2025-03-24 20:00:00,88230.0,88460.02,88129.0,88441.86,88.777644
2025-03-24 20:15:00,88441.86,88455.03,88278.01,88361.54,34.370951
2025-03-24 20:30:00,88361.54,88361.54,87925.98,87930.0,45.987235
2025-03-24 20:45:00,87930.0,87994.85,87806.31,87829.01,69.137265
2025-03-24 21:00:00,87829.01,88000.0,87809.99,87869.21,86.710561
2025-03-24 21:15:00,87869.21,88229.73,87869.21,88179.99,121.404657
2025-03-24 21:30:00,88179.99,88254.98,87954.0,88149.79,58.543898
2025-03-24 21:45:00,88149.79,88163.07,88039.0,88093.41,48.273943
2025-03-24 22:00:00,88093.41,88163.06,87750.0,87750.01,93.721538
2025-03-24 22:15:00,87750.01,87750.01,87503.8,87584.0,160.952264
2025-03-24 22:30:00,87584.0,87655.16,87517.0,87566.99,51.107199
2025-03-24 22:45:00,87566.99,87566.99,87333.29,87436.58,124.293359
2025-03-24 23:00:00,87436.58,87510.0,87287.38,87300.01,108.805793
2025-03-24 23:15:00,87300.01,87300.01,87066.67,87179.27,106.535842
2025-03-24 23:30:00,87179.27,87310.03,87179.27,87251.2,51.954361
2025-03-24 23:45:00,87251.2,87510.0,87220.0,87491.26,45.522574
2025-03-25 00:00:00,87491.26,87491.26,87270.0,87334.0,46.5881
2025-03-25 00:15:00,87334.0,87624.72,87272.0,87482.74,65.99254
2025-03-25 00:30:00,87482.74,87634.64,87393.0,87570.0,43.330968
2025-03-25 00:45:00,87570.0,87660.79,87510.0,87599.51,32.486547
2025-03-25 01:00:00,87599.51,87599.52,87400.0,87400.01,38.898935
2025-03-25 01:15:00,87400.01,87416.72,87070.86,87080.0,44.456789
2025-03-25 01:30:00,87080.0,87110.0,86830.66,87110.0,123.885409
2025-03-25 01:45:00,87110.0,87265.85,87026.14,87081.27,74.241062
2025-03-25 02:00:00,87081.27,87081.81,86880.55,86945.27,48.312804
2025-03-25 02:15:00,86945.27,87050.0,86927.0,87048.32,34.288678
2025-03-25 02:30:00,87048.32,87048.33,86871.84,86914.45,40.738964
2025-03-25 02:45:00,86914.45,86959.37,86819.96,86856.63,31.366426
2025-03-25 03:00:00,86856.63,86960.57,86776.08,86876.01,43.966517
2025-03-25 03:15:00,86876.01,86876.01,86607.1,86753.97,70.492757
2025-03-25 03:30:00,86753.97,86799.0,86471.5,86471.5,143.410896
2025-03-25 03:45:00,86471.5,86569.56,86350.0,86499.19,97.857968
2025-03-25 04:00:00,86499.19,86642.37,86306.69,86610.45,76.153349
2025-03-25 04:15:00,86610.45,86641.1,86463.0,86463.0,44.287559
2025-03-25 04:30:00,86463.0,86510.32,86391.26,86485.42,41.844143
2025-03-25 04:45:00,86485.42,86533.22,86423.97,86533.22,45.694068
2025-03-25 05:00:00,86533.22,86549.0,86420.27,86424.0,54.446013
2025-03-25 05:15:00,86424.0,86670.0,86416.99,86626.33,75.887126
2025-03-25 05:30:00,86626.33,86734.91,86578.33,86694.01,72.947747
2025-03-25 05:45:00,86694.01,86774.42,86678.38,86678.39,43.645153
2025-03-25 06:00:00,86678.39,86821.67,86617.32,86778.34,40.678548
2025-04-02 14:00:00,85228.11,85799.51,85192.82,85428.05,237.908606
2025-04-02 14:15:00,85428.05,85745.23,85327.0,85725.9,120.013809
2025-04-02 14:30:00,85725.9,85871.45,85445.0,85582.48,109.291027
2025-04-02 14:45:00,85582.48,85952.38,85525.0,85863.9,110.478543
2025-04-02 15:00:00,85863.9,86449.1,85805.0,86178.17,231.600979
2025-04-02 15:15:00,86178.17,86609.42,86166.53,86553.1,146.586986
2025-04-02 15:30:00,86553.1,87295.67,86531.6,87146.24,446.739673
2025-04-02 15:45:00,87146.24,87278.53,86640.01,86722.12,675.240931
2025-04-02 16:00:00,86722.12,86917.38,86580.18,86873.27,178.016888
2025-04-02 16:15:00,86873.27,86995.97,86766.7,86993.41,94.758358
2025-04-02 16:30:00,86993.41,87071.43,86794.37,86989.27,61.684914
2025-04-02 16:45:00,86989.27,87192.0,86888.66,87041.6,108.138988
2025-04-02 17:00:00,87041.6,87291.59,86948.89,87188.05,116.774878
2025-04-02 17:15:00,87188.05,87223.5,86728.6,86733.61,84.069025
2025-04-02 17:30:00,86733.61,86815.23,86407.49,86549.37,86.841576
2025-04-02 17:45:00,86549.37,86694.63,86337.0,86585.4,70.212403
2025-04-02 18:00:00,86585.4,86700.0,86373.14,86493.6,89.584922
2025-04-02 18:15:00,86493.6,86573.84,86222.21,86222.21,52.631666
2025-04-02 18:30:00,86222.21,86629.55,86200.0,86554.29,63.804971
2025-04-02 18:45:00,86554.29,86592.42,86265.9,86268.81,43.805388
2025-04-02 19:00:00,86268.81,86424.15,86233.19,86254.78,65.430165
2025-04-02 19:15:00,86254.78,86374.85,86172.22,86327.91,60.738827
2025-04-02 19:30:00,86327.91,86449.83,86221.51,86382.89,66.739721
2025-04-02 19:45:00,86382.89,86966.58,86324.0,86877.0,105.848846
2025-04-02 20:00:00,86877.0,88147.16,86090.0,87750.1,779.248755
2025-04-02 20:15:00,87750.1,88487.29,85473.13,85861.37,2232.757625
2025-04-02 20:30:00,85861.37,86361.45,85230.78,85371.01,1103.076877
2025-04-02 20:45:00,85371.01,85848.65,85235.01,85668.37,208.922742
2025-04-02 21:00:00,85668.37,85739.99,84500.0,84567.07,200.201504
2025-04-02 21:15:00,84567.07,84900.0,84239.0,84602.56,189.475451
2025-04-02 21:30:00,84602.56,84678.55,84400.01,84627.92,54.093964
2025-04-02 21:45:00,84627.92,84866.67,84453.0,84841.79,72.208653
2025-04-02 22:00:00,84841.79,84841.8,83595.5,83678.11,329.721822
2025-04-02 22:15:00,83678.11,83678.11,83303.18,83487.0,231.199151
2025-04-02 22:30:00,83487.0,83487.0,82698.13,82743.11,244.444328
2025-04-02 22:45:00,82743.11,83115.62,82695.57,82818.33,264.165199
2025-04-02 23:00:00,82818.33,82818.34,82342.72,82721.0,290.058856
2025-04-02 23:15:00,82721.0,82847.01,82466.71,82847.01,149.832341
2025-04-02 23:30:00,82847.01,82847.01,82534.0,82669.28,140.999699
2025-04-02 23:45:00,82669.28,82669.28,82504.01,82536.91,134.926773
2025-04-03 00:00:00,82536.91,82814.0,82200.0,82765.69,193.466511
2025-04-03 00:15:00,82765.69,83301.1,82729.0,82986.71,216.169507
2025-04-03 00:30:00,82986.71,83416.97,82986.71,83228.78,118.373396
2025-04-03 00:45:00,83228.78,83270.0,82963.77,83252.97,86.111424
2025-04-03 01:00:00,83252.97,83409.09,83125.0,83375.24,77.696468
2025-04-03 01:15:00,83375.24,83500.0,83190.0,83489.85,102.085578
2025-04-03 01:30:00,83489.85,83723.66,83379.21,83723.65,139.474068
2025-04-03 01:45:00,83723.65,83947.37,83711.0,83788.98,84.853135
2025-04-03 02:00:00,83788.98,83900.39,83610.0,83733.83,85.783843
2025-04-03 02:15:00,83733.83,83760.0,83341.35,83441.83,74.168986
2025-04-03 02:30:00,83441.83,83668.52,83299.33,83509.0,51.425647
2025-04-03 02:45:00,83509.0,83777.59,83509.0,83774.59,34.077504
2025-04-03 03:00:00,83774.59,83786.8,83493.98,83503.21,38.851647
2025-04-03 03:15:00,83503.21,83702.24,83490.39,83620.7,37.119715
2025-04-03 03:30:00,83620.7,83696.26,83374.28,83423.98,33.488028
2025-04-03 03:45:00,83423.98,83589.85,83423.97,83490.23,32.826502
2025-04-03 04:00:00,83490.23,83559.88,83378.98,83446.49,32.417168
2025-04-03 04:15:00,83446.49,83457.4,83289.47,83339.14,35.903697
2025-04-03 04:30:00,83339.14,83739.6,83295.92,83712.75,39.162486
2025-04-03 04:45:00,83712.75,83712.75,83554.67,83568.0,45.216961
2025-04-03 05:00:00,83568.0,83716.65,83560.0,83624.69,46.01844
2025-04-03 05:15:00,83624.69,83657.75,83470.66,83523.0,65.930611
2025-04-03 05:30:00,83523.0,83523.01,83356.0,83502.3,38.332935
2025-04-03 05:45:00,83502.3,83529.72,83350.0,83350.01,27.123753
2025-04-03 06:00:00,83350.01,83420.89,83317.0,83347.01,45.229536
2025-04-03 06:15:00,83347.01,83393.05,83233.21,83306.56,68.00909
2025-04-03 06:30:00,83306.56,83328.84,83180.72,83246.53,67.342007
2025-04-03 06:45:00,83246.53,83380.62,83031.5,83073.5,101.281915
2025-04-03 07:00:00,83073.5,83306.06,83062.0,83120.0,57.654914
2025-04-03 07:15:00,83120.0,83442.96,83036.0,83417.07,79.070093
2025-04-03 07:30:00,83417.07,83438.62,83209.66,83340.0,65.963879
2025-04-03 07:45:00,83340.0,83517.5,83287.67,83490.01,50.722961
2025-04-03 08:00:00,83490.01,83688.59,83474.3,83663.92,61.988724
2025-04-03 08:15:00,83663.92,83751.9,83600.0,83688.3,53.070071
2025-04-03 08:30:00,83688.3,83804.82,83568.74,83710.02,74.176073
2025-04-03 08:45:00,83710.02,83739.0,83573.0,83695.42,49.166763
2025-04-03 09:00:00,83695.42,83778.68,83616.0,83627.01,52.578051
2025-04-03 09:15:00,83627.01,83699.4,83620.0,83651.86,34.72105
2025-04-03 09:30:00,83651.86,83771.37,83651.86,83761.9,50.926963
2025-04-03 09:45:00,83761.9,83761.9,83477.62,83509.93,50.470322
2025-04-03 10:00:00,83509.93,83755.29,83472.64,83637.3,68.377037
2025-04-03 10:15:00,83637.3,83730.0,83314.0,83317.84,84.422958
2025-04-03 10:30:00,83317.84,83423.94,83164.48,83370.0,103.90388
2025-04-03 10:45:00,83370.0,83486.8,83222.0,83222.07,58.174203
2025-04-03 11:00:00,83222.07,83343.04,83063.54,83340.28,67.606762
2025-04-03 11:15:00,83340.28,83340.28,83085.61,83161.01,70.068324
2025-04-03 11:30:00,83161.01,83249.99,83054.19,83177.47,47.586598
2025-04-03 11:45:00,83177.47,83220.0,83049.75,83100.01,57.262818
2025-04-03 12:00:00,83100.01,83130.03,82875.0,83020.01,120.738543
2025-04-03 12:15:00,83020.01,83020.01,82545.45,82568.24,95.974277
2025-04-03 12:30:00,82568.24,82700.0,82200.0,82200.0,182.480274
2025-04-03 12:45:00,82200.0,82268.54,81900.0,81967.01,318.861651
2025-04-03 13:00:00,81967.01,82079.04,81800.25,81928.62,154.993477
2025-04-03 13:15:00,81928.62,82045.83,81795.01,81982.62,169.978837
2025-04-03 13:30:00,81982.62,82751.75,81930.0,82373.87,421.060491
2025-04-03 13:45:00,82373.87,82580.36,82155.45,82380.53,166.409365
2025-04-03 14:00:00,82380.53,82408.87,81682.24,81796.59,301.716867
2025-04-03 14:15:00,81796.59,82313.18,81796.59,82311.17,196.43774
2025-04-03 14:30:00,82311.17,82388.08,81770.0,81834.83,108.735272
2025-04-03 14:45:00,81834.83,81841.59,81333.58,81550.77,137.37912
2025-04-03 15:00:00,81550.77,81818.18,81246.61,81662.03,159.499488
2025-04-03 15:15:00,81662.03,81910.0,81600.0,81740.01,106.730437
2025-04-03 15:30:00,81740.01,82051.61,81733.61,82008.78,96.470189
2025-04-03 15:45:00,82008.78,82113.98,81718.0,82053.12,78.349169
2025-04-03 16:00:00,82053.12,82460.41,82018.99,82143.27,264.376708
2025-04-03 16:15:00,82143.27,82351.1,82067.0,82300.01,188.006679
2025-04-03 16:30:00,82300.01,82350.0,81935.47,82029.39,73.296668
2025-04-03 16:45:00,82029.39,82050.0,81746.27,81839.17,69.749594
2025-04-03 17:00:00,81839.17,82046.25,81791.0,81868.0,69.934296
2025-04-03 17:15:00,81868.0,81959.84,81700.18,81786.47,61.496856
2025-04-03 17:30:00,81786.47,82144.28,81649.83,82113.56,78.959851
2025-04-03 17:45:00,82113.56,82191.48,81835.0,81847.51,50.111785
2025-04-03 18:00:00,81847.51,81976.4,81704.05,81709.38,41.497562
2025-04-03 18:15:00,81709.38,81779.99,81564.73,81690.46,53.321404
2025-04-03 18:30:00,81690.46,82166.35,81630.0,82155.32,70.096636
2025-04-03 18:45:00,82155.32,82313.73,82020.0,82115.55,94.407513
2025-04-03 19:00:00,82115.55,82361.7,82098.18,82192.13,68.183868
2025-04-03 19:15:00,82192.13,82195.6,81847.0,81948.17,67.981357
2025-04-03 19:30:00,81948.17,82270.79,81910.17,82265.63,81.83629
2025-04-03 19:45:00,82265.63,82271.74,81925.54,82008.07,83.961794
2025-04-03 20:00:00,82008.07,82139.99,81894.01,82025.01,102.081277
2025-04-03 20:15:00,82025.01,82067.97,81844.17,81844.18,27.188379
2025-04-03 20:30:00,81844.18,82110.0,81824.63,82109.98,42.709343
2025-04-03 20:45:00,82109.98,82410.7,82109.97,82366.68,42.930994
2025-04-03 21:00:00,82366.68,82570.0,82345.99,82523.42,49.282212
2025-04-03 21:15:00,82523.42,82597.42,82461.0,82558.75,39.273203
2025-04-03 21:30:00,82558.75,82570.59,82419.0,82544.53,28.382151
2025-04-03 21:45:00,82544.53,82849.99,82456.18,82724.03,51.187063
2025-04-03 22:00:00,82724.03,82864.52,82610.0,82779.0,69.548568
2025-04-03 22:15:00,82779.0,82847.55,82716.0,82763.0,52.239797
2025-04-03 22:30:00,82763.0,82860.0,82649.0,82667.33,55.832818
2025-04-03 22:45:00,82667.33,82770.0,82647.0,82733.68,36.776867
2025-04-03 23:00:00,82733.68,82812.77,82509.0,82589.07,48.21204
2025-04-03 23:15:00,82589.07,82804.7,82517.53,82796.47,37.609651
2025-04-03 23:30:00,82796.47,82939.72,82796.46,82874.06,31.171825
2025-04-03 23:45:00,82874.06,83300.0,82874.06,83199.7,108.081087
2025-04-04 00:00:00,83199.7,83280.02,83049.0,83086.92,78.019948
2025-04-04 00:15:00,83086.92,83352.54,83048.15,83347.99,50.485516
2025-04-04 00:30:00,83347.99,83400.0,83253.0,83285.91,83.65275
2025-04-04 00:45:00,83285.91,83308.48,83000.14,83040.01,33.759056
2025-04-04 01:00:00,83040.01,83269.46,83032.92,83234.72,40.230833
2025-04-04 01:15:00,83234.72,83350.0,83017.0,83113.43,61.287278
2025-04-04 01:30:00,83113.43,83113.43,82909.0,82931.54,61.472791
2025-04-04 01:45:00,82931.54,82997.93,82615.25,82710.02,58.470717
2025-04-04 02:00:00,82710.02,83095.24,82710.01,83065.55,43.564433
2025-04-04 02:15:00,83065.55,83186.32,82947.0,82957.39,31.058046
2025-04-04 02:30:00,82957.39,82957.4,82859.0,82939.72,25.334072
2025-04-04 02:45:00,82939.72,83018.22,82793.99,82920.62,31.993658
2025-04-04 03:00:00,82920.62,82985.9,82794.17,82882.06,29.946887
2025-04-04 03:15:00,82882.06,83078.44,82815.03,82970.0,31.739393
2025-04-04 03:30:00,82970.0,82981.06,82700.0,82789.56,51.735847
2025-04-04 03:45:00,82789.56,82873.69,82741.98,82820.94,33.06375
2025-04-04 04:00:00,82820.94,82830.0,82685.8,82715.43,39.068658
2025-04-04 04:15:00,82715.43,82823.94,82629.0,82815.81,56.565559
2025-04-04 04:30:00,82815.81,82926.31,82769.0,82772.01,41.493605
2025-04-04 04:45:00,82772.01,82827.35,82711.0,82733.78,23.945915
2025-04-04 05:00:00,82733.78,82874.24,82657.38,82829.92,33.585071
2025-04-04 05:15:00,82829.92,83105.46,82829.91,83083.46,34.191118
2025-04-04 05:30:00,83083.46,83192.96,83049.82,83186.23,49.210665
2025-04-04 05:45:00,83186.23,83196.71,83118.0,83196.71,33.302028
2025-04-04 06:00:00,83196.71,83238.42,83155.01,83216.65,37.563104
2025-04-04 06:15:00,83216.65,83260.0,83143.84,83260.0,45.895729
2025-04-04 06:30:00,83260.0,83260.0,83080.0,83080.98,38.695955
2025-04-04 06:45:00,83080.98,83130.0,83040.39,83057.55,21.671378
2025-04-04 07:00:00,83057.55,83592.59,83055.99,83527.86,90.577548
2025-04-04 07:15:00,83527.86,83701.28,83427.58,83610.69,86.027276
2025-04-04 07:30:00,83610.69,83717.81,83484.75,83709.88,83.957086
2025-04-04 07:45:00,83709.88,83999.22,83709.88,83985.98,151.175991
2025-04-04 08:00:00,83985.98,84295.24,83985.98,84248.96,163.776586
2025-04-04 08:15:00,84248.96,84585.99,84240.0,84389.98,188.563703
2025-04-04 08:30:00,84389.98,84506.16,84348.0,84506.15,117.84375
2025-04-04 08:45:00,84506.15,84621.99,84341.0,84397.12,130.123078
2025-04-04 09:00:00,84397.12,84441.59,84135.0,84381.95,119.041157
2025-04-04 09:15:00,84381.95,84502.36,84309.0,84315.39,68.806593
2025-04-04 09:30:00,84315.39,84545.45,84261.0,84491.9,61.273542
2025-04-04 09:45:00,84491.9,84696.0,84430.17,84561.01,58.21438
2025-04-04 10:00:00,84561.01,84671.76,83639.0,83670.91,255.870417
2025-04-04 10:15:00,83670.91,83790.0,82767.12,82919.99,557.810892
2025-04-04 10:30:00,82919.99,83190.02,82807.0,82807.01,235.335245
2025-04-04 10:45:00,82807.01,82877.17,82425.0,82568.01,260.786915
2025-04-04 11:00:00,82568.01,82761.25,82083.98,82150.54,205.928946
2025-04-04 11:15:00,82150.54,82320.0,81685.0,81772.76,208.642338
2025-04-04 11:30:00,81772.76,82280.0,81666.99,81938.77,300.501169
2025-04-04 11:45:00,81938.77,82713.55,81938.77,82685.0,154.686851
2025-04-04 12:00:00,82685.0,82685.01,82287.0,82449.93,162.006654
2025-04-04 12:15:00,82449.93,82611.42,82249.98,82505.0,102.713568
2025-04-04 12:30:00,82505.0,83223.19,82368.92,82765.0,576.300699
2025-04-04 12:45:00,82765.0,82877.55,82525.0,82859.91,144.271815
2025-04-04 13:00:00,82859.91,83296.09,82780.49,82952.52,134.846264
2025-04-04 13:15:00,82952.52,83040.0,82607.36,82607.36,106.625953
2025-04-04 13:30:00,82607.36,82962.35,82154.23,82325.83,338.883188
2025-04-04 13:45:00,82325.83,83488.0,82230.0,83333.09,299.007214
2025-04-04 14:00:00,83333.09,83492.42,82725.0,82979.99,278.799537
2025-04-04 14:15:00,82979.99,83223.13,82697.37,82700.02,176.623438
2025-04-04 14:30:00,82700.02,82877.5,82270.0,82302.2,168.437683
2025-04-04 14:45:00,82302.2,82780.0,81879.0,82591.0,310.193055
2025-04-04 15:00:00,82591.0,83620.99,82515.3,83540.01,486.796372
2025-04-04 15:15:00,83540.01,83722.09,83122.0,83214.71,565.798029
2025-04-04 15:30:00,83214.71,83546.24,82621.0,82903.01,325.457417
2025-04-04 15:45:00,82903.01,83310.0,82730.0,82856.01,192.660982
2025-04-12 23:45:00,85289.01,85417.55,85263.7,85264.12,47.644817
2025-04-13 00:00:00,85264.12,85440.0,85260.0,85440.0,35.993042
2025-04-13 00:15:00,85440.0,85500.0,85163.27,85179.38,38.910501
2025-04-13 00:30:00,85179.38,85268.2,85018.1,85255.0,68.045906
2025-04-13 00:45:00,85255.0,85550.0,85230.0,85488.02,43.472671
2025-04-13 01:00:00,85488.02,85781.42,85439.0,85765.96,52.644607
2025-04-13 01:15:00,85765.96,85817.41,85530.0,85817.41,57.208733
2025-04-13 01:30:00,85817.41,86090.51,85509.03,85712.23,272.998657
2025-04-13 01:45:00,85712.23,85796.76,85148.0,85260.41,160.916014
2025-04-13 02:00:00,85260.41,85380.0,85144.98,85144.99,57.584721
2025-04-13 02:15:00,85144.99,85170.0,84741.51,84838.01,118.257662
2025-04-13 02:30:00,84838.01,85107.3,84805.75,85044.0,99.399806
2025-04-13 02:45:00,85044.0,85423.43,85020.0,85300.01,78.082635
2025-04-13 03:00:00,85300.01,85493.51,85272.0,85386.63,117.858642
2025-04-13 03:15:00,85386.63,85430.96,85250.0,85320.58,50.101506
2025-04-13 03:30:00,85320.58,85517.86,85318.49,85493.73,44.499804
2025-04-13 03:45:00,85493.73,85708.94,85399.01,85439.0,61.326819
2025-04-13 04:00:00,85439.0,85439.01,85063.69,85131.57,94.583423
2025-04-13 04:15:00,85131.57,85131.58,84846.74,85040.17,100.387164
2025-04-13 04:30:00,85040.17,85049.33,84661.02,84794.29,140.981072
2025-04-13 04:45:00,84794.29,84891.12,84508.34,84624.54,100.650723
2025-04-13 05:00:00,84624.54,84780.0,84478.0,84481.73,74.138598
2025-04-13 05:15:00,84481.73,84668.65,84475.81,84650.0,67.434326
2025-04-13 05:30:00,84650.0,84792.14,84581.0,84755.18,78.740625
2025-04-13 05:45:00,84755.18,84755.19,84409.06,84514.01,248.84051
2025-04-13 06:00:00,84514.01,84745.26,84461.0,84634.03,282.608093
2025-04-13 06:15:00,84634.03,84731.14,84540.0,84687.81,63.641381
2025-04-13 06:30:00,84687.81,84785.71,84687.81,84750.68,26.597508
2025-04-13 06:45:00,84750.68,84837.77,84619.35,84619.35,36.666466
2025-04-13 07:00:00,84619.35,84754.21,84619.35,84754.21,26.837713
2025-04-13 07:15:00,84754.21,84773.65,84666.0,84681.16,51.202352
2025-04-13 07:30:00,84681.16,84706.07,84462.82,84462.82,40.076707
2025-04-13 07:45:00,84462.82,84543.04,84412.72,84412.72,62.77847
2025-04-13 08:00:00,84412.72,84434.31,84293.0,84309.81,55.85344
2025-04-13 08:15:00,84309.81,84535.65,84309.8,84535.64,44.423254
2025-04-13 08:30:00,84535.64,84629.22,84495.0,84556.01,45.788177
2025-04-13 08:45:00,84556.01,84689.0,84549.0,84671.71,67.316221
2025-04-13 09:00:00,84671.71,84705.84,84579.1,84584.95,46.336418
2025-04-13 09:15:00,84584.95,84759.19,84509.0,84757.97,53.485231
2025-04-13 09:30:00,84757.97,84915.05,84691.12,84892.75,57.734516
2025-04-13 09:45:00,84892.75,84933.33,84806.26,84917.45,44.568863
2025-04-13 10:00:00,84917.45,84941.96,84735.0,84827.94,60.733144
2025-04-13 10:15:00,84827.94,84837.66,84569.24,84569.24,60.231017
2025-04-13 10:30:00,84569.24,84680.25,84523.03,84610.22,50.447445
2025-04-13 10:45:00,84610.22,84763.44,84600.01,84685.31,28.002558
2025-04-13 11:00:00,84685.31,84761.87,84666.94,84709.97,27.118362
2025-04-13 11:15:00,84709.97,84709.98,84330.74,84481.24,81.355462
2025-04-13 11:30:00,84481.24,84489.17,84350.0,84444.03,44.027719
2025-04-13 11:45:00,84444.03,84520.27,84224.0,84520.27,97.176855
2025-04-13 12:00:00,84520.27,84625.66,84385.89,84625.66,59.965057
2025-04-13 12:15:00,84625.66,84677.69,84269.72,84289.38,116.418997
2025-04-13 12:30:00,84289.38,84496.36,84250.0,84382.49,77.858802
2025-04-13 12:45:00,84382.49,84472.61,84331.08,84454.87,29.202167
2025-04-13 13:00:00,84454.87,84600.0,84365.81,84565.95,206.528495
2025-04-13 13:15:00,84565.95,84577.26,84090.0,84090.0,127.004468
2025-04-13 13:30:00,84090.0,84187.93,83759.04,83759.05,121.580623
2025-04-13 13:45:00,83759.05,83873.97,83500.73,83609.06,282.936322
2025-04-13 14:00:00,83609.06,83900.0,83508.0,83795.99,252.897062
2025-04-13 14:15:00,83795.99,83894.96,83693.58,83878.0,76.287559
2025-04-13 14:30:00,83878.0,84149.23,83785.56,84030.89,93.547142
2025-04-13 14:45:00,84030.89,84128.73,83960.24,84096.15,80.673576
2025-04-13 15:00:00,84096.15,84096.16,83719.0,83804.0,87.125314
2025-04-13 15:15:00,83804.0,83919.53,83743.0,83803.0,36.236701
2025-04-13 15:30:00,83803.0,83927.93,83708.0,83743.39,69.35668
2025-04-13 15:45:00,83743.39,83874.09,83680.0,83849.7,28.506642
2025-04-13 16:00:00,83849.7,84212.6,83849.69,84069.99,107.540765
2025-04-13 16:15:00,84069.99,84412.5,84051.9,84291.2,127.69471
2025-04-13 16:30:00,84291.2,84360.0,84159.39,84174.0,130.598092
2025-04-13 16:45:00,84174.0,84267.41,84100.0,84220.76,61.513984
2025-04-13 17:00:00,84220.76,84527.2,84189.14,84527.19,75.795427
2025-04-13 17:15:00,84527.19,85004.91,84479.0,84721.13,187.196732
2025-04-13 17:30:00,84721.13,84885.42,84576.0,84831.74,99.924517
2025-04-13 17:45:00,84831.74,84920.33,84766.0,84766.0,75.547274
2025-04-13 18:00:00,84766.0,84896.26,84678.85,84796.33,62.375452
2025-04-13 18:15:00,84796.33,84796.34,84539.37,84573.01,52.006375
2025-04-13 18:30:00,84573.01,84940.85,84573.0,84883.79,87.069171
2025-04-13 18:45:00,84883.79,84898.69,84700.0,84734.87,43.08808
2025-04-13 19:00:00,84734.87,84734.87,84340.0,84522.39,60.146539
2025-04-13 19:15:00,84522.39,84522.39,84339.62,84480.85,66.238181
2025-04-13 19:30:00,84480.85,84550.0,83069.45,83533.0,303.305313
2025-04-13 19:45:00,83533.0,84130.6,83424.0,83981.95,205.088157
2025-04-13 20:00:00,83981.95,84426.0,83788.0,84205.06,93.790611
2025-04-13 20:15:00,84205.06,84384.58,84173.0,84187.7,40.529341
2025-04-13 20:30:00,84187.7,84199.88,83177.78,83412.59,180.825791
2025-04-13 20:45:00,83412.59,83610.0,83275.0,83505.6,76.679082
2025-04-13 21:00:00,83505.6,83505.61,83060.65,83368.0,121.469105
2025-04-13 21:15:00,83368.0,83713.8,83190.0,83669.04,81.882153
2025-04-13 21:30:00,83669.04,83814.3,83027.82,83273.95,157.673165
2025-04-13 21:45:00,83273.95,83775.0,83273.0,83594.34,82.089548
2025-04-13 22:00:00,83594.34,83873.87,83350.38,83377.01,154.810172
2025-04-13 22:15:00,83377.01,83529.1,83290.0,83446.37,65.661646
2025-04-13 22:30:00,83446.37,83500.01,83184.0,83302.02,73.624618
2025-04-13 22:45:00,83302.02,83513.78,83239.61,83333.61,42.889567
2025-04-13 23:00:00,83333.61,83607.6,83182.15,83555.4,86.497692
2025-04-13 23:15:00,83555.4,83680.0,83498.05,83616.74,58.595193
2025-04-13 23:30:00,83616.74,83678.61,83369.0,83460.0,37.831792
2025-04-13 23:45:00,83460.0,83830.23,83450.0,83759.99,44.592256
2025-04-14 00:00:00,83759.99,84189.87,83691.17,84152.01,80.7265
2025-04-14 00:15:00,84152.01,85122.58,84120.0,84767.76,373.387627
2025-04-14 00:30:00,84767.76,85033.33,84528.0,84779.01,136.075953
2025-04-14 00:45:00,84779.01,84817.23,84214.7,84328.81,103.858863
2025-04-14 01:00:00,84328.81,84645.79,84270.0,84420.33,110.249551
2025-04-14 01:15:00,84420.33,84564.5,84281.15,84564.5,74.396854
2025-04-14 01:30:00,84564.5,84683.33,84350.0,84467.82,83.24687
2025-04-14 01:45:00,84467.82,84504.49,84099.99,84233.46,80.362984
2025-04-14 02:00:00,84233.46,84413.17,84055.96,84378.0,89.358449
2025-04-14 02:15:00,84378.0,85000.0,84313.0,85000.0,75.317178
2025-04-14 02:30:00,85000.0,85528.81,84987.0,85298.55,281.507248
2025-04-14 02:45:00,85298.55,85495.5,85041.28,85125.11,198.818669
2025-04-14 03:00:00,85125.11,85128.4,84636.0,84774.9,205.975307
2025-04-14 03:15:00,84774.9,84870.04,84600.06,84687.56,123.322395
2025-04-14 03:30:00,84687.56,84791.38,84550.0,84661.58,59.411414
2025-04-14 03:45:00,84661.58,84714.66,84461.0,84562.75,58.253375
2025-04-14 04:00:00,84562.75,84690.0,84454.62,84461.95,51.535266
2025-04-14 04:15:00,84461.95,84830.0,84430.0,84806.7,50.041784
2025-04-14 04:30:00,84806.7,85000.0,84749.0,84990.41,84.050788
2025-04-14 04:45:00,84990.41,85090.0,84874.61,84874.62,61.328731
2025-04-14 05:00:00,84874.62,84984.61,84659.97,84659.98,75.357762
2025-04-14 05:15:00,84659.98,84768.81,84620.24,84692.03,37.968157
2025-04-14 05:30:00,84692.03,84749.57,84350.0,84373.63,74.347309
2025-04-14 05:45:00,84373.63,84573.24,84368.0,84569.99,57.113775
2025-04-14 06:00:00,84569.99,84597.42,84305.0,84439.17,80.740493
2025-04-14 06:15:00,84439.17,84538.86,84329.0,84343.4,47.228921
2025-04-14 06:30:00,84343.4,84570.0,84336.01,84534.29,41.396114
2025-04-14 06:45:00,84534.29,84643.94,84511.25,84630.0,73.713431
2025-04-14 07:00:00,84630.0,84785.18,84315.0,84315.0,95.12908
2025-04-14 07:15:00,84315.0,84544.88,84237.5,84479.79,94.071591
2025-04-14 07:30:00,84479.79,84592.45,84381.0,84432.79,58.647803
2025-04-14 07:45:00,84432.79,84630.0,84432.79,84583.55,38.636178
2025-04-14 08:00:00,84583.55,84791.79,84460.57,84537.79,63.612925
2025-04-14 08:15:00,84537.79,84650.0,84443.18,84609.34,58.012206
2025-04-14 08:30:00,84609.34,84862.75,84491.0,84819.34,55.601476
2025-04-14 08:45:00,84819.34,84948.45,84690.0,84752.25,74.910819
2025-04-14 09:00:00,84752.25,84905.4,84738.49,84869.04,61.696675
2025-04-14 09:15:00,84869.04,84869.05,84452.0,84495.68,61.502218
2025-04-14 09:30:00,84495.68,84527.92,84310.35,84360.0,54.637289
2025-04-14 09:45:00,84360.0,84450.0,84250.0,84438.44,74.40799
2025-04-14 10:00:00,84438.44,84587.92,84301.84,84397.0,43.373456
2025-04-14 10:15:00,84397.0,84644.08,84386.54,84620.26,72.839554
2025-04-14 10:30:00,84620.26,84777.89,84550.0,84777.88,58.153117
2025-04-14 10:45:00,84777.88,84795.92,84632.21,84644.11,73.067004
2025-04-14 11:00:00,84644.11,84819.37,84499.0,84788.2,182.322949
2025-04-14 11:15:00,84788.2,84876.03,84650.0,84839.99,79.224813
2025-04-14 11:30:00,84839.99,84947.92,84800.0,84808.01,57.60061
2025-04-14 11:45:00,84808.01,84921.3,84807.88,84914.53,49.078473
2025-04-14 12:00:00,84914.53,85013.82,84753.0,84760.49,75.991338
2025-04-14 12:15:00,84760.49,85019.01,84738.66,85014.08,71.49745
2025-04-14 12:30:00,85014.08,85200.0,84917.8,85137.53,74.652939
2025-04-14 12:45:00,85137.53,85217.39,85006.01,85118.19,67.591542
2025-04-14 13:00:00,85118.19,85255.28,84971.01,85080.0,84.080365
2025-04-14 13:15:00,85080.0,85254.01,84948.18,84948.18,83.569277
2025-04-14 13:30:00,84948.18,85050.0,84300.0,84420.88,215.106886
2025-04-14 13:45:00,84420.88,84658.66,84076.76,84385.64,210.26948
2025-04-14 14:00:00,84385.64,84647.89,84289.0,84514.68,191.857488
2025-04-14 14:15:00,84514.68,85099.32,84444.61,85068.09,157.848792
2025-04-14 14:30:00,85068.09,85632.53,84960.0,85503.08,295.013608
2025-04-14 14:45:00,85503.08,85790.11,85400.0,85412.97,203.276518
2025-04-14 15:00:00,85412.97,85456.66,84488.7,84549.99,293.679954
2025-04-14 15:15:00,84549.99,84842.31,84434.41,84544.01,122.340254
2025-04-14 15:30:00,84544.01,84780.0,83871.0,84246.4,262.715962
2025-04-14 15:45:00,84246.4,84270.94,83714.89,84110.49,342.193945
2025-04-14 16:00:00,84110.49,84377.35,83866.67,84087.59,164.33991
2025-04-14 16:15:00,84087.59,84491.73,84072.0,84222.28,167.028491
2025-04-14 16:30:00,84222.28,84663.0,84146.0,84663.0,94.956114
2025-04-14 16:45:00,84663.0,84669.16,84337.0,84337.0,75.82872
2025-04-14 17:00:00,84337.0,84646.6,84336.0,84432.1,214.68044
2025-04-14 17:15:00,84432.1,84630.0,84236.0,84539.42,107.424444
2025-04-14 17:30:00,84539.42,84633.33,84426.0,84611.7,53.420353
2025-04-14 17:45:00,84611.7,84883.65,84529.56,84862.55,70.950239
2025-04-14 18:00:00,84862.55,85057.82,84816.0,84930.0,117.582645
2025-04-14 18:15:00,84930.0,85000.0,84854.0,84895.89,67.848778
2025-04-14 18:30:00,84895.89,84976.11,84829.0,84899.0,48.718821
2025-04-14 18:45:00,84899.0,85017.49,84696.0,84980.8,62.358188
2025-04-14 19:00:00,84980.8,85200.0,84970.47,85075.97,101.571626
2025-04-14 19:15:00,85075.97,85125.16,84962.0,84980.11,87.473804
2025-04-14 19:30:00,84980.11,85150.0,84849.0,85026.19,94.078076
2025-04-14 19:45:00,85026.19,85056.88,84773.51,84909.75,118.136323
2025-04-14 20:00:00,84909.75,84974.13,84718.75,84810.0,95.611229
2025-04-14 20:15:00,84810.0,84841.92,84555.09,84640.31,53.522657
2025-04-14 20:30:00,84640.31,84716.34,84591.0,84675.1,34.948497
2025-04-14 20:45:00,84675.1,84933.33,84675.09,84860.07,38.929483
2025-04-14 21:00:00,84860.07,84928.65,84721.53,84924.62,103.258722
2025-04-14 21:15:00,84924.62,84960.0,84750.0,84771.59,24.882106
2025-04-14 21:30:00,84771.59,84777.03,84459.22,84600.0,53.905632
2025-04-14 21:45:00,84600.0,84747.93,84530.01,84700.03,31.100484
2025-04-14 22:00:00,84700.03,84747.31,84556.17,84581.71,48.439817
2025-04-14 22:15:00,84581.71,84630.0,84442.0,84493.23,62.552126
2025-04-14 22:30:00,84493.23,84690.0,84493.2,84632.0,29.071686
2025-04-14 22:45:00,84632.0,84635.47,84491.19,84517.01,45.446884
2025-04-14 23:00:00,84517.01,84678.9,84490.7,84624.56,27.56284
2025-04-14 23:15:00,84624.56,84787.88,84624.56,84665.13,33.693754
2025-04-14 23:30:00,84665.13,84744.75,84489.0,84489.01,25.086013
2025-04-14 23:45:00,84489.01,84600.0,84450.0,84599.99,25.259825
2025-04-15 00:00:00,84599.99,84700.0,84478.0,84480.0,80.048308
2025-04-15 00:15:00,84480.0,84650.0,84372.0,84613.51,76.547069
2025-04-15 00:30:00,84613.51,84880.0,84585.0,84797.14,72.162526
2025-04-15 00:45:00,84797.14,84949.5,84739.58,84934.24,86.391667
2025-04-15 01:00:00,84934.24,84945.27,84550.0,84673.11,68.068493
2025-04-15 01:15:00,84673.11,84927.31,84673.11,84914.13,73.66837
2025-04-15 01:30:00,84914.13,85121.93,84816.0,84997.45,126.000671
2025-04-23 09:30:00,94151.88,94194.57,93976.83,94064.02,99.697328
2025-04-23 09:45:00,94064.02,94117.6,93911.29,93911.29,66.687059
2025-04-23 10:00:00,93911.29,93911.29,93335.75,93418.93,301.65939
2025-04-23 10:15:00,93418.93,93649.73,93392.86,93611.21,157.093335
2025-04-23 10:30:00,93611.21,93679.63,93508.61,93555.18,63.74444
2025-04-23 10:45:00,93555.18,93725.46,93517.93,93725.46,49.984576
2025-04-23 11:00:00,93725.46,93745.13,93604.56,93627.62,70.421102
2025-04-23 11:15:00,93627.62,93763.16,93604.56,93616.54,49.85474
2025-04-23 11:30:00,93616.54,93616.54,93443.0,93472.04,61.706971
2025-04-23 11:45:00,93472.04,93521.4,93340.0,93460.69,67.890528
2025-04-23 12:00:00,93460.69,93819.84,93424.47,93767.43,83.794867
2025-04-23 12:15:00,93767.43,93774.91,93622.85,93708.27,79.505353
2025-04-23 12:30:00,93708.27,93835.2,93607.51,93623.7,71.618647
2025-04-23 12:45:00,93623.7,93771.6,93623.69,93737.94,62.59055
2025-04-23 13:00:00,93737.94,94000.0,93671.9,93959.13,123.131114
2025-04-23 13:15:00,93959.13,94142.86,93912.03,93999.99,102.404055
2025-04-23 13:30:00,93999.99,94615.25,93400.01,93454.98,1294.971475
2025-04-23 13:45:00,93454.98,94008.4,92896.49,93010.15,428.098598
2025-04-23 14:00:00,93010.15,93641.83,92890.64,93310.66,332.661975
2025-04-23 14:15:00,93310.66,93320.15,92681.91,93125.27,242.378472
2025-04-23 14:30:00,93125.27,93195.0,92766.65,93194.24,170.318392
2025-04-23 14:45:00,93194.24,93194.24,92900.0,92928.21,91.700555
2025-04-23 15:00:00,92928.21,92928.22,92561.57,92627.5,224.998611
2025-04-23 15:15:00,92627.5,92648.58,91931.03,92128.8,485.064855
2025-04-23 15:30:00,92128.8,92778.59,92015.13,92569.41,269.419988
2025-04-23 15:45:00,92569.41,93233.33,92541.11,93203.02,225.656164
2025-04-23 16:00:00,93203.02,93341.07,93003.08,93163.67,169.355323
2025-04-23 16:15:00,93163.67,93380.95,92924.64,93375.91,88.780919
2025-04-23 16:30:00,93375.91,93765.0,93313.39,93552.3,156.891864
2025-04-23 16:45:00,93552.3,93763.68,93537.95,93654.08,115.501552
2025-04-23 17:00:00,93654.08,93927.87,93461.91,93859.49,166.236458
2025-04-23 17:15:00,93859.49,93925.54,93720.12,93769.32,55.361976
2025-04-23 17:30:00,93769.32,93878.34,93590.87,93787.92,52.086171
2025-04-23 17:45:00,93787.92,93946.93,93702.28,93900.0,63.205258
2025-04-23 18:00:00,93900.0,94207.48,93845.76,94055.47,95.667276
2025-04-23 18:15:00,94055.47,94200.0,93898.1,93899.15,51.954389
2025-04-23 18:30:00,93899.15,93957.25,93700.66,93700.67,50.645797
2025-04-23 18:45:00,93700.67,93760.34,93617.27,93617.27,43.779319
2025-04-23 19:00:00,93617.27,93617.27,93279.15,93279.48,84.273977
2025-04-23 19:15:00,93279.48,93389.01,92962.96,93001.59,119.343651
2025-04-23 19:30:00,93001.59,93400.0,92974.28,93400.0,103.344803
2025-04-23 19:45:00,93400.0,93593.35,93362.9,93504.04,90.298254
2025-04-23 20:00:00,93504.04,93631.58,93466.73,93626.42,87.230475
2025-04-23 20:15:00,93626.42,93856.57,93626.42,93726.77,57.074281
2025-04-23 20:30:00,93726.77,93846.4,93676.07,93676.63,36.187581
2025-04-23 20:45:00,93676.63,93742.14,93594.76,93633.24,33.474597
2025-04-23 21:00:00,93633.24,93903.83,93572.45,93845.26,53.836543
2025-04-23 21:15:00,93845.26,93867.11,93722.57,93725.12,23.059872
2025-04-23 21:30:00,93725.12,93782.34,93367.35,93511.6,50.296211
2025-04-23 21:45:00,93511.6,93633.95,93276.87,93457.28,37.748927
2025-04-23 22:00:00,93457.28,93506.96,93230.59,93265.76,59.808522
2025-04-23 22:15:00,93265.76,93472.59,93265.76,93398.26,48.84688
2025-04-23 22:30:00,93398.26,93693.35,93389.95,93693.35,35.25737
2025-04-23 22:45:00,93693.35,93786.74,93693.34,93779.13,20.764023
2025-04-23 23:00:00,93779.13,93834.8,93685.71,93800.32,36.169398
2025-04-23 23:15:00,93800.32,93820.82,93683.65,93693.7,29.46705
2025-04-23 23:30:00,93693.7,93693.71,93546.09,93576.66,21.623354
2025-04-23 23:45:00,93576.66,93693.25,93516.18,93683.73,18.988529
2025-04-24 00:00:00,93683.73,93774.25,93388.02,93429.99,72.595033
2025-04-24 00:15:00,93429.99,93625.54,93289.75,93313.25,45.615062
2025-04-24 00:30:00,93313.25,93641.97,93259.19,93629.42,46.187284
2025-04-24 00:45:00,93629.42,93641.73,93361.24,93361.26,46.820923
2025-04-24 01:00:00,93361.26,93448.16,93184.17,93229.89,31.904399
2025-04-24 01:15:00,93229.89,93273.67,93080.93,93273.65,64.22783
2025-04-24 01:30:00,93273.65,93462.38,93273.65,93452.75,72.206029
2025-04-24 01:45:00,93452.75,93602.27,93309.01,93487.93,36.444663
2025-04-24 02:00:00,93487.93,93599.99,93327.28,93576.34,64.190764
2025-04-24 02:15:00,93576.34,93613.48,93427.76,93509.2,38.429744
2025-04-24 02:30:00,93509.2,93524.85,93212.98,93232.85,43.561607
2025-04-24 02:45:00,93232.85,93292.44,93049.99,93088.53,89.147648
2025-04-24 03:00:00,93088.53,93311.08,93088.52,93129.73,64.216117
2025-04-24 03:15:00,93129.73,93269.97,93129.72,93269.97,62.198924
2025-04-24 03:30:00,93269.97,93269.97,92850.0,92850.01,97.098539
2025-04-24 03:45:00,92850.01,92984.29,92642.1,92658.21,162.293887
2025-04-24 04:00:00,92658.21,92814.15,92377.1,92655.29,129.206461
2025-04-24 04:15:00,92655.29,92792.14,92427.1,92730.72,145.167518
2025-04-24 04:30:00,92730.72,92810.56,92531.33,92612.04,46.899477
2025-04-24 04:45:00,92612.04,92764.77,92580.49,92737.59,32.377886
2025-04-24 05:00:00,92737.59,92888.78,92737.59,92858.22,42.436979
2025-04-24 05:15:00,92858.22,92887.38,92531.34,92601.99,37.946015
2025-04-24 05:30:00,92601.99,92735.34,92585.59,92636.85,38.630123
2025-04-24 05:45:00,92636.85,92728.63,92563.21,92573.26,43.807353
2025-04-24 06:00:00,92573.26,92636.33,92451.51,92518.4,65.715808
2025-04-24 06:15:00,92518.4,92657.7,92250.25,92640.8,206.941759
2025-04-24 06:30:00,92640.8,92680.0,92428.6,92428.6,66.00392
2025-04-24 06:45:00,92428.6,92558.5,92344.31,92407.19,43.060313
2025-04-24 07:00:00,92407.19,92580.21,92313.99,92580.21,111.00455
2025-04-24 07:15:00,92580.21,92600.03,92269.95,92358.59,58.399836
2025-04-24 07:30:00,92358.59,92436.94,92155.0,92239.0,105.503777
2025-04-24 07:45:00,92239.0,92239.01,92084.1,92183.56,93.0891
2025-04-24 08:00:00,92183.56,92338.47,92081.01,92081.02,63.615708
2025-04-24 08:15:00,92081.02,92173.4,91866.67,91866.68,75.528769
2025-04-24 08:30:00,91866.68,92159.43,91765.77,91865.87,419.1459
2025-04-24 08:45:00,91865.87,92052.2,91666.67,92002.13,173.327775
2025-04-24 09:00:00,92002.13,92275.23,91962.51,92275.22,124.450524
2025-04-24 09:15:00,92275.22,92516.34,92266.0,92370.21,90.538209
2025-04-24 09:30:00,92370.21,92556.0,92321.08,92333.26,51.018483
2025-04-24 09:45:00,92333.26,92475.39,92245.37,92465.41,63.988186
2025-04-24 10:00:00,92465.41,92496.92,92362.25,92422.41,97.089155
2025-04-24 10:15:00,92422.41,92605.01,92422.4,92588.67,122.03487
2025-04-24 10:30:00,92588.67,92651.9,92440.05,92632.13,44.062855
2025-04-24 10:45:00,92632.13,92661.15,92499.97,92566.93,71.259211
2025-04-24 11:00:00,92566.93,92570.19,92341.65,92365.36,106.717904
2025-04-24 11:15:00,92365.36,92450.0,92301.72,92449.99,48.503019
2025-04-24 11:30:00,92449.99,92576.06,92301.72,92480.53,101.50083
2025-04-24 11:45:00,92480.53,92645.15,92480.53,92630.4,46.451756
2025-04-24 12:00:00,92630.4,92687.67,92452.24,92612.69,49.480773
2025-04-24 12:15:00,92612.69,92721.4,92526.36,92599.1,64.828286
2025-04-24 12:30:00,92599.1,92801.93,92539.97,92671.35,72.372754
2025-04-24 12:45:00,92671.35,92785.83,92612.7,92782.71,50.177648
2025-04-24 13:00:00,92782.71,92825.46,92662.67,92742.76,73.763286
2025-04-24 13:15:00,92742.76,92835.82,92734.38,92753.1,41.666761
2025-04-24 13:30:00,92753.1,92972.97,92591.27,92843.3,147.365043
2025-04-24 13:45:00,92843.3,92910.09,92572.0,92830.02,102.323736
2025-04-24 14:00:00,92830.02,93245.05,92680.0,92800.03,226.629067
2025-04-24 14:15:00,92800.03,92967.52,92642.64,92832.06,146.203482
2025-04-24 14:30:00,92832.06,93152.94,92824.55,93129.99,129.350458
2025-04-24 14:45:00,93129.99,93387.89,92975.98,93095.62,154.038881
2025-04-24 15:00:00,93095.62,93451.51,93015.43,93288.5,100.5451
2025-04-24 15:15:00,93288.5,93417.13,93132.71,93132.72,79.55932
2025-04-24 15:30:00,93132.72,93345.95,93075.44,93265.89,81.153865
2025-04-24 15:45:00,93265.89,93339.68,93160.53,93217.41,97.137616
2025-04-24 16:00:00,93217.41,93460.0,93217.41,93460.0,73.495749
2025-04-24 16:15:00,93460.0,93548.38,93400.0,93528.53,128.625071
2025-04-24 16:30:00,93528.53,93580.18,93460.76,93498.79,94.892
2025-04-24 16:45:00,93498.79,93554.61,93346.97,93346.97,61.412425
2025-04-24 17:00:00,93346.97,93422.22,92941.22,92941.22,86.36718
2025-04-24 17:15:00,92941.22,93074.35,92763.19,93023.59,144.504798
2025-04-24 17:30:00,93023.59,93070.3,92690.0,92754.06,84.544828
2025-04-24 17:45:00,92754.06,93009.13,92670.45,92992.26,106.369897
2025-04-24 18:00:00,92992.26,93315.79,92985.23,93296.71,64.086369
2025-04-24 18:15:00,93296.71,93368.12,93168.76,93203.26,81.297082
2025-04-24 18:30:00,93203.26,93300.0,93150.61,93253.32,59.8874
2025-04-24 18:45:00,93253.32,93450.16,93244.3,93372.5,69.196541
2025-04-24 19:00:00,93372.5,93426.79,93181.58,93219.73,52.111662
2025-04-24 19:15:00,93219.73,93491.59,93201.09,93476.69,51.849597
2025-04-24 19:30:00,93476.69,93571.99,93476.69,93565.0,68.133506
2025-04-24 19:45:00,93565.0,93636.42,93486.05,93548.28,78.929751
2025-04-24 20:00:00,93548.28,93631.63,93451.38,93451.39,131.447104
2025-04-24 20:15:00,93451.39,93451.98,93332.44,93451.95,39.242903
2025-04-24 20:30:00,93451.95,93451.96,93292.6,93403.1,75.822492
2025-04-24 20:45:00,93403.1,93514.96,93367.41,93367.41,29.961488
2025-04-24 21:00:00,93367.41,93522.57,93338.8,93491.56,97.170797
2025-04-24 21:15:00,93491.56,93515.78,93030.3,93155.22,59.938607
2025-04-24 21:30:00,93155.22,93382.0,93131.84,93198.56,60.332838
2025-04-24 21:45:00,93198.56,93333.88,93198.56,93333.87,34.46834
2025-04-24 22:00:00,93333.87,93514.08,93274.2,93491.28,43.422338
2025-04-24 22:15:00,93491.28,93538.79,93431.16,93518.96,33.984058
2025-04-24 22:30:00,93518.96,93565.9,93423.98,93438.07,54.761239
2025-04-24 22:45:00,93438.07,93438.08,93300.92,93411.98,40.071178
2025-04-24 23:00:00,93411.98,93519.7,93365.5,93511.4,40.682179
2025-04-24 23:15:00,93511.4,93682.28,93444.49,93674.94,66.659318
2025-04-24 23:30:00,93674.94,93988.1,93647.51,93869.92,266.27417
2025-04-24 23:45:00,93869.92,93966.82,93800.0,93966.82,61.235188
2025-04-25 00:00:00,93966.82,93990.0,93634.65,93680.02,119.278529
2025-04-25 00:15:00,93680.02,93727.59,93522.0,93644.07,52.138659
2025-04-25 00:30:00,93644.07,93910.46,93600.91,93892.08,38.80353
2025-04-25 00:45:00,93892.08,93908.18,93758.3,93888.02,40.142441
2025-04-25 01:00:00,93888.02,94409.16,93855.4,94161.6,177.890652
2025-04-25 01:15:00,94161.6,94218.22,93645.71,93680.21,174.128373
2025-04-25 01:30:00,93680.21,93801.84,93612.0,93780.34,54.902069
2025-04-25 01:45:00,93780.34,93852.61,93657.13,93662.01,44.099994
2025-04-25 02:00:00,93662.01,93882.72,93575.0,93575.01,87.098535
2025-04-25 02:15:00,93575.01,93575.01,93161.85,93332.65,122.312016
2025-04-25 02:30:00,93332.65,93332.65,93077.97,93245.7,90.237977
2025-04-25 02:45:00,93245.7,93321.87,92908.1,92988.21,115.775695
2025-04-25 03:00:00,92988.21,93156.29,92866.67,93114.01,91.727863
2025-04-25 03:15:00,93114.01,93197.99,92934.47,93145.77,115.160652
2025-04-25 03:30:00,93145.77,93372.98,93139.79,93318.02,69.287839
2025-04-25 03:45:00,93318.02,93390.47,93288.21,93312.97,46.458869
2025-04-25 04:00:00,93312.97,93483.4,93269.62,93469.08,89.158851
2025-04-25 04:15:00,93469.08,93469.08,93216.51,93216.52,46.300567
2025-04-25 04:30:00,93216.52,93241.89,93077.09,93198.75,70.752597
2025-04-25 04:45:00,93198.75,93198.76,93041.18,93054.77,28.827194
2025-04-25 05:00:00,93054.77,93356.47,93010.65,93339.39,77.878477
2025-04-25 05:15:00,93339.39,93414.56,93300.35,93375.08,117.841134
2025-04-25 05:30:00,93375.08,93394.94,93245.06,93259.42,54.503729
2025-04-25 05:45:00,93259.42,93313.24,93204.85,93204.85,17.082067
2025-04-25 06:00:00,93204.85,93399.88,93197.91,93321.41,35.718862
2025-04-25 06:15:00,93321.41,93432.58,93203.4,93417.49,42.108724
2025-04-25 06:30:00,93417.49,93555.15,93416.78,93516.94,92.596124
2025-04-25 06:45:00,93516.94,93576.3,93443.91,93527.36,47.991095
2025-04-25 07:00:00,93527.36,93764.46,93527.35,93578.04,134.622734
2025-04-25 07:15:00,93578.04,93646.67,93496.1,93500.0,108.163716
2025-04-25 07:30:00,93500.0,93652.14,93485.43,93647.36,113.059221
2025-04-25 07:45:00,93647.36,93828.5,93534.8,93746.07,165.873709
2025-04-25 08:00:00,93746.07,93848.19,93606.5,93624.4,87.586316
2025-04-25 08:15:00,93624.4,93785.7,93608.5,93783.8,66.629328
2025-04-25 08:30:00,93783.8,93793.31,93656.57,93665.1,65.959178
2025-04-25 08:45:00,93665.1,93716.18,93634.1,93655.6,48.378033
2025-04-25 09:00:00,93655.6,93655.61,93555.7,93638.71,69.224877
2025-04-25 09:15:00,93638.71,93638.71,93527.41,93627.05,35.700512
2025-04-25 09:30:00,93627.05,93841.37,93618.8,93683.52,58.334292
2025-04-25 09:45:00,93683.52,93840.81,93650.0,93800.2,60.855541
2025-04-25 10:00:00,93800.2,93833.29,93680.78,93737.22,63.97862
2025-04-25 10:15:00,93737.22,93940.88,93662.0,93686.05,117.700106
2025-04-25 10:30:00,93686.05,93728.76,93590.64,93665.71,70.371457
2025-04-25 10:45:00,93665.71,93735.72,93566.8,93609.91,84.910323
2025-04-25 11:00:00,93609.91,93990.97,93609.9,93990.96,70.038495
2025-04-25 11:15:00,93990.96,94185.26,93941.0,94176.78,151.094555
