timestamp,initial_price,initial_atr,baseline_pnl,strategy_pnl,pnl_improvement,label
2025-10-20 05:10:00,185.56,0.6352731018424984,-18.555999999999813,-18.555999999999813,0.0,-1
2025-10-20 05:15:00,185.55,0.624896451710892,-18.55499999999978,-18.55499999999978,0.0,-1
2025-10-20 05:20:00,185.47,0.659546705160115,-18.546999999999798,-18.546999999999798,0.0,-1
2025-10-20 05:25:00,185.79,0.6474362262201054,-18.579000000000008,-18.579000000000008,0.0,-1
2025-10-20 05:30:00,185.75,0.6440479243472425,-18.574999999999875,-18.574999999999875,0.0,-1
2025-10-20 05:35:00,185.59,0.6366159297510103,-18.558999999999912,-18.558999999999912,0.0,-1
2025-10-20 05:40:00,185.87,0.6161433633402235,-18.586999999999705,-18.586999999999705,0.0,-1
2025-10-20 05:45:00,186.0,0.6021331231016372,-18.599999999999852,-18.599999999999852,0.0,-1
2025-10-20 05:50:00,185.82,0.6162664714515211,-18.581999999999823,-18.581999999999823,0.0,-1
2025-10-20 05:55:00,185.69,0.6201045806335544,-18.568999999999676,-18.568999999999676,0.0,-1
2025-10-20 06:00:00,184.87,0.6150971105883014,-18.486999999999796,-18.486999999999796,0.0,-1
2025-10-20 06:05:00,184.67,0.6140187455462794,-18.4669999999997,-18.4669999999997,0.0,-1
2025-10-20 06:10:00,184.63,0.6001602637215443,-18.46299999999985,-18.46299999999985,0.0,-1
2025-10-20 06:15:00,185.62,0.6037202448842915,-18.561999999999728,-18.561999999999728,0.0,-1
2025-10-20 06:20:00,186.0,0.5877402273925562,-18.599999999999852,-18.599999999999852,0.0,-1
2025-10-20 06:25:00,185.75,0.5800444968645158,-18.574999999999875,-18.574999999999875,0.0,-1
2025-10-20 06:30:00,185.39,0.5843270328027657,-18.538999999999817,-18.538999999999817,0.0,-1
2025-10-20 06:35:00,186.32,0.5868751018882827,-18.631999999999778,-18.631999999999778,0.0,-1
2025-10-20 06:40:00,186.6,0.569955451753405,-18.659999999999854,-18.659999999999854,0.0,-1
2025-10-20 06:45:00,186.87,0.5806729194853045,-18.686999999999614,-18.686999999999614,0.0,-1
2025-10-20 06:50:00,186.8,0.5849105680934982,-18.679999999999666,-18.679999999999666,0.0,-1
2025-10-20 06:55:00,186.85,0.5752740989439618,-18.68499999999983,-18.68499999999983,0.0,-1
2025-10-20 07:00:00,186.43,0.574183091876536,-18.64299999999986,-18.64299999999986,0.0,-1
2025-10-20 07:05:00,186.11,0.573170013885355,-18.610999999999933,-18.610999999999933,0.0,-1
2025-10-20 07:10:00,186.72,0.5693721557506876,-18.67199999999997,-18.67199999999997,0.0,-1
2025-10-20 07:15:00,187.12,0.5565598589113538,-18.711999999999875,-18.711999999999875,0.0,-1
2025-10-20 07:20:00,186.68,0.5653770118462577,-18.667999999999836,-18.667999999999836,0.0,-1
2025-10-20 07:25:00,186.87,0.5564215110000963,-18.686999999999614,-18.686999999999614,0.0,-1
2025-10-20 07:30:00,186.81,0.5402485459286597,-18.680999999999983,-18.680999999999983,0.0,-1
2025-10-20 07:35:00,187.39,0.5380879355051833,-18.738999999999635,-18.738999999999635,0.0,-1
2025-10-20 07:40:00,188.05,0.5217959401119561,-18.804999999999836,-18.804999999999836,0.0,-1
2025-10-20 07:45:00,188.72,0.5295248015325303,-18.871999999999787,-18.871999999999787,0.0,-1
2025-10-20 07:50:00,191.33,0.5238444585659223,-19.13299999999964,-19.13299999999964,0.0,-1
2025-10-20 07:55:00,191.19,0.514998425811214,-19.118999999999744,-19.118999999999744,0.0,-1
2025-10-20 08:00:00,191.78,0.5067842525389828,-19.177999999999713,-19.177999999999713,0.0,-1
2025-10-20 08:05:00,191.53,0.5048710916433405,-19.152999999999736,-19.152999999999736,0.0,-1
2025-10-20 08:10:00,191.57,0.48809458509738635,-19.15699999999987,-19.15699999999987,0.0,-1
2025-10-20 08:15:00,190.94,0.4889449718761445,-19.093999999999767,-19.093999999999767,0.0,-1
2025-10-20 08:20:00,190.68,0.4918774738849914,-19.067999999999756,-19.067999999999756,0.0,-1
2025-10-20 08:25:00,191.0,0.5053147971789211,-19.099999999999966,-19.099999999999966,0.0,-1
2025-10-20 08:30:00,191.35,0.5313637402375699,-19.134999999999707,-19.134999999999707,0.0,-1
2025-10-20 08:35:00,191.6,0.5548377587920302,-19.159999999999684,-19.159999999999684,0.0,-1
2025-10-20 08:40:00,191.76,0.550920776021171,-19.175999999999647,-19.175999999999647,0.0,-1
2025-10-20 08:45:00,191.64,0.5651407205910873,-19.163999999999817,-19.163999999999817,0.0,-1
2025-10-20 08:50:00,192.02,0.5562020976917238,-19.20199999999994,-19.20199999999994,0.0,-1
2025-10-20 08:55:00,192.15,0.5293305192851706,-19.214999999999804,-19.214999999999804,0.0,-1
2025-10-20 09:00:00,191.82,0.5136640536219443,-19.181999999999846,-19.181999999999846,0.0,-1
2025-10-20 09:05:00,192.05,0.5155451926489477,-19.204999999999757,-19.204999999999757,0.0,-1
2025-10-20 09:10:00,192.07,0.5130062503168813,-19.206999999999823,-19.206999999999823,0.0,-1
2025-10-20 09:15:00,191.79,0.5485058038656748,-19.178999999999746,-19.178999999999746,0.0,-1
2025-10-20 09:20:00,192.79,0.5393268178752706,-19.27899999999994,-19.27899999999994,0.0,-1
2025-10-20 09:25:00,192.56,0.5186606165984655,-19.255999999999744,-19.255999999999744,0.0,-1
2025-10-20 09:30:00,192.86,0.5123277154128593,-19.285999999999888,-19.285999999999888,0.0,-1
2025-10-20 09:35:00,192.41,0.49073287859765563,-19.240999999999815,-19.240999999999815,0.0,-1
2025-10-20 09:40:00,192.56,0.48068053012639617,-19.255999999999744,-19.255999999999744,0.0,-1
2025-10-20 09:45:00,192.61,0.47920334940308273,-19.26099999999991,-19.26099999999991,0.0,-1
2025-10-20 09:50:00,193.32,0.4721173958742908,-19.33199999999971,-19.33199999999971,0.0,-1
2025-10-20 09:55:00,192.94,0.46768043902612694,-19.29399999999987,-19.29399999999987,0.0,-1
2025-10-20 10:00:00,193.21,0.4792746933814053,-19.32099999999963,-19.32099999999963,0.0,-1
2025-10-20 10:05:00,193.14,0.49361221528273197,-19.31399999999968,-19.31399999999968,0.0,-1
2025-10-20 10:10:00,192.93,0.4919256284768225,-19.292999999999836,-19.292999999999836,0.0,-1
2025-10-20 10:15:00,193.35,0.506073797871335,-19.33499999999981,-19.33499999999981,0.0,-1
2025-10-20 10:20:00,193.18,0.49563995516624065,-19.317999999999813,-19.317999999999813,0.0,-1
2025-10-20 10:25:00,193.38,0.48452281551150944,-19.33799999999991,-19.33799999999991,0.0,-1
2025-10-20 10:30:00,194.01,0.47705690011782986,-19.40100000000001,-19.40100000000001,0.0,-1
2025-10-20 10:35:00,193.5,0.47726712153798617,-19.34999999999974,-19.34999999999974,0.0,-1
2025-10-20 10:40:00,193.83,0.4803194699995593,-19.38299999999998,-19.38299999999998,0.0,-1
2025-10-20 10:45:00,193.52,0.5145823649995914,-19.351999999999805,-19.351999999999805,0.0,-1
2025-10-20 10:50:00,193.95,0.5306836246424764,-19.39499999999981,-19.39499999999981,0.0,-1
2025-10-20 10:55:00,193.92,0.5099205085965859,-19.391999999999996,-19.391999999999996,0.0,-1
2025-10-20 11:00:00,193.68,0.5042119008396874,-19.367999999999768,-19.367999999999768,0.0,-1
2025-10-20 11:05:00,193.29,0.5024824793511375,-19.328999999999894,-19.328999999999894,0.0,-1
2025-10-20 11:10:00,193.8,0.5001623022546277,-19.379999999999598,-19.379999999999598,0.0,-1
2025-10-20 11:15:00,194.05,0.4994364235221529,-19.40499999999986,-19.40499999999986,0.0,-1
2025-10-20 11:20:00,193.9,0.49233382184199753,-19.38999999999993,-19.38999999999993,0.0,-1
2025-10-20 11:25:00,193.83,0.48788140599614105,-19.38299999999998,-19.38299999999998,0.0,-1
2025-10-20 11:30:00,193.66,0.4851755912821322,-19.3659999999997,-19.3659999999997,0.0,-1
2025-10-20 11:35:00,193.27,0.48194876333340836,-19.326999999999828,-19.326999999999828,0.0,-1
2025-10-20 11:40:00,193.45,0.47823813738102255,-19.344999999999857,-19.344999999999857,0.0,-1
2025-10-20 11:45:00,192.9,0.47407827042523437,-19.289999999999736,-19.289999999999736,0.0,-1
2025-10-20 11:50:00,192.97,0.47235839396628826,-19.29699999999997,-19.29699999999997,0.0,-1
2025-10-20 11:55:00,193.03,0.4514756515401253,-19.3029999999996,-19.3029999999996,0.0,-1
2025-10-20 12:00:00,192.87,0.4456559621444024,-19.286999999999637,-19.286999999999637,0.0,-1
2025-10-20 12:05:00,192.75,0.440251964848374,-19.274999999999807,-19.274999999999807,0.0,-1
2025-10-20 12:10:00,192.88,0.4388053959306341,-19.287999999999954,-19.287999999999954,0.0,-1
2025-10-20 12:15:00,192.72,0.43317643907844694,-19.27199999999999,-19.27199999999999,0.0,-1
2025-10-20 12:20:00,192.46,0.43080669342998684,-19.245999999999697,-19.245999999999697,0.0,-1
2025-10-20 12:25:00,193.11,0.4286062153278453,-19.310999999999865,-19.310999999999865,0.0,-1
2025-10-20 12:30:00,193.83,0.42870577137585486,-19.38299999999998,-19.38299999999998,0.0,-1
2025-10-20 12:35:00,193.5,0.43594107342043675,-19.34999999999974,-19.34999999999974,0.0,-1
2025-10-20 12:40:00,193.62,0.453373853890404,-19.361999999999853,-19.361999999999853,0.0,-1
2025-10-20 12:45:00,193.37,0.4495614357553756,-19.33699999999959,-19.33699999999959,0.0,-1
2025-10-20 12:50:00,193.0,0.4438784760585634,-19.299999999999784,-19.299999999999784,0.0,-1
2025-10-20 12:55:00,192.99,0.4471728706258075,-19.29899999999975,-19.29899999999975,0.0,-1
2025-10-20 13:00:00,193.05,0.44380337986681967,-19.304999999999666,-19.304999999999666,0.0,-1
2025-10-20 13:05:00,193.19,0.43781742416204783,-19.318999999999846,-19.318999999999846,0.0,-1
2025-10-20 13:10:00,193.49,0.4794018938647574,-19.34899999999999,-19.34899999999999,0.0,-1
2025-10-20 13:15:00,192.81,0.4744446157315602,-19.281000000000006,-19.281000000000006,0.0,-1
2025-10-20 13:20:00,193.06,0.46627000032216204,-19.305999999999983,-19.305999999999983,0.0,-1
2025-10-20 13:25:00,192.98,0.47510785744200784,-19.297999999999718,-19.297999999999718,0.0,-1
2025-10-20 13:30:00,192.8,0.49902872476757687,-19.27999999999969,-19.27999999999969,0.0,-1
2025-10-20 13:35:00,192.73,0.5112409587127491,-19.27299999999974,-19.27299999999974,0.0,-1
2025-10-20 13:40:00,192.95,0.5161523188046945,-19.294999999999902,-19.294999999999902,0.0,-1
2025-10-20 13:45:00,193.01,0.512141438890072,-19.300999999999817,-19.300999999999817,0.0,-1
2025-10-20 13:50:00,193.04,0.5155599075407813,-19.303999999999917,-19.303999999999917,0.0,-1
2025-10-20 13:55:00,193.2,0.5273056284307239,-19.31999999999988,-19.31999999999988,0.0,-1
2025-10-20 14:00:00,193.04,0.5396409406856714,-19.303999999999917,-19.303999999999917,0.0,-1
2025-10-20 14:05:00,192.82,0.535380873493839,-19.281999999999755,-19.281999999999755,0.0,-1
2025-10-20 14:10:00,193.03,0.5249965253871373,-19.3029999999996,-19.3029999999996,0.0,-1
2025-10-20 14:15:00,193.18,0.5674967735737706,-19.317999999999813,-19.317999999999813,0.0,-1
2025-10-20 14:20:00,193.26,0.5726755754613575,-19.325999999999794,-19.325999999999794,0.0,-1
2025-10-20 14:25:00,193.37,0.6103416057855459,-19.33699999999959,-19.33699999999959,0.0,-1
2025-10-20 14:30:00,193.32,0.6196029196580075,-19.33199999999971,-19.33199999999971,0.0,-1
2025-10-20 14:35:00,192.98,0.6003455682538638,-19.297999999999718,-19.297999999999718,0.0,-1
2025-10-20 14:40:00,192.61,0.6038923133785882,-19.26099999999991,-19.26099999999991,0.0,-1
2025-10-20 14:45:00,191.89,0.5971857195658312,-19.188999999999794,-19.188999999999794,0.0,-1
2025-10-20 14:50:00,191.59,0.5745295967397005,-19.158999999999935,-19.158999999999935,0.0,-1
2025-10-20 14:55:00,191.62,0.567063196972579,-19.16199999999975,-19.16199999999975,0.0,-1
2025-10-20 15:00:00,191.37,0.5672729686173943,-19.136999999999773,-19.136999999999773,0.0,-1
2025-10-20 15:05:00,191.36,0.5817534708590077,-19.13599999999974,-19.13599999999974,0.0,-1
2025-10-20 15:10:00,191.16,0.6351996515119347,-19.11599999999993,-19.11599999999993,0.0,-1
2025-10-20 15:15:00,191.42,0.6333996764039383,-19.141999999999655,-19.141999999999655,0.0,-1
2025-10-20 15:20:00,191.56,0.629585413803658,-19.155999999999835,-19.155999999999835,0.0,-1
2025-10-20 15:25:00,191.86,0.6117578842462535,-19.18599999999998,-19.18599999999998,0.0,-1
2025-10-20 15:30:00,191.62,0.5966323210858073,-19.16199999999975,-19.16199999999975,0.0,-1
2025-10-20 15:35:00,191.55,0.5833014410082494,-19.154999999999802,-19.154999999999802,0.0,-1
2025-10-20 15:40:00,191.59,0.5737799095076593,-19.158999999999935,-19.158999999999935,0.0,-1
2025-10-20 15:45:00,191.83,0.5713670588285402,-19.182999999999595,-19.182999999999595,0.0,-1
2025-10-20 15:50:00,192.15,0.5791265546265021,-19.214999999999804,-19.214999999999804,0.0,-1
2025-10-20 15:55:00,192.17,0.6206175150103231,-19.21699999999987,-19.21699999999987,0.0,-1
2025-10-20 16:00:00,192.04,0.7555734067952994,-19.204000000000008,-19.204000000000008,0.0,-1
2025-10-20 16:05:00,191.91,0.7458895920242049,-19.19099999999986,-19.19099999999986,0.0,-1
2025-10-20 16:10:00,191.85,0.7411831925939051,-19.18499999999966,-19.18499999999966,0.0,-1
2025-10-20 16:15:00,191.97,0.7318129645514843,-19.196999999999775,-19.196999999999775,0.0,-1
2025-10-20 16:20:00,192.16,0.7259691813692358,-19.215999999999838,-19.215999999999838,0.0,-1
2025-10-20 16:25:00,192.27,0.7526856684142921,-19.22699999999992,-19.22699999999992,0.0,-1
2025-10-20 16:30:00,192.21,0.7674938349561289,-19.22099999999972,-19.22099999999972,0.0,-1
2025-10-20 16:35:00,192.08,0.7755299896021194,-19.207999999999856,-19.207999999999856,0.0,-1
2025-10-20 16:40:00,191.94,0.7815635617733976,-19.193999999999676,-19.193999999999676,0.0,-1
2025-10-20 16:45:00,192.08,0.7807375930752986,-19.207999999999856,-19.207999999999856,0.0,-1
2025-10-20 16:50:00,192.27,0.7649706221413468,-19.22699999999992,-19.22699999999992,0.0,-1
2025-10-20 16:55:00,192.76,0.7631870062741084,-19.27599999999984,-19.27599999999984,0.0,-1
2025-10-20 17:00:00,192.62,0.7715307915402432,-19.26199999999966,-19.26199999999966,0.0,-1
2025-10-20 17:05:00,192.62,0.7778500207159411,-19.26199999999966,-19.26199999999966,0.0,-1
2025-10-20 17:10:00,191.79,0.772289304950516,-19.178999999999746,-19.178999999999746,0.0,-1
2025-10-20 17:15:00,191.88,0.7456972117397632,-19.18799999999976,-19.18799999999976,0.0,-1
2025-10-20 17:20:00,191.69,0.7281474109012087,-19.1689999999997,-19.1689999999997,0.0,-1
2025-10-20 17:25:00,192.12,0.7068511672654086,-19.211999999999705,-19.211999999999705,0.0,-1
2025-10-20 17:30:00,192.3,0.7035046553178792,-19.229999999999734,-19.229999999999734,0.0,-1
2025-10-20 17:35:00,192.72,0.7268257513666002,-19.27199999999999,-19.27199999999999,0.0,-1
2025-10-20 17:40:00,192.62,0.7191953405547006,-19.26199999999966,-19.26199999999966,0.0,-1
2025-10-20 17:45:00,192.76,0.837109959086508,-19.27599999999984,-19.27599999999984,0.0,-1
2025-10-20 17:50:00,192.65,0.8351735334374719,-19.26499999999976,-19.26499999999976,0.0,-1
2025-10-20 17:55:00,192.44,0.8019468524776528,-19.24399999999963,-19.24399999999963,0.0,-1
2025-10-20 18:00:00,192.22,0.7768077915863911,-19.221999999999753,-19.221999999999753,0.0,-1
2025-10-20 18:05:00,192.13,0.7763215207587925,-19.212999999999738,-19.212999999999738,0.0,-1
2025-10-20 18:10:00,191.91,0.750869983561735,-19.19099999999986,-19.19099999999986,0.0,-1
2025-10-20 18:15:00,190.87,0.7450935561644673,-19.08699999999982,-19.08699999999982,0.0,-1
2025-10-20 18:20:00,191.17,0.7140154450098627,-19.116999999999678,-19.116999999999678,0.0,-1
2025-10-20 18:25:00,192.05,0.7030143417948727,-19.204999999999757,-19.204999999999757,0.0,-1
2025-10-20 18:30:00,191.34,0.67708474595238,-19.133999999999958,-19.133999999999958,0.0,-1
2025-10-20 18:35:00,191.51,0.6587215498129254,-19.15099999999967,-19.15099999999967,0.0,-1
2025-10-20 18:40:00,191.39,0.644527153397717,-19.13899999999984,-19.13899999999984,0.0,-1
2025-10-20 18:45:00,191.35,0.6377752138693075,-19.134999999999707,-19.134999999999707,0.0,-1
2025-10-20 18:50:00,191.48,0.6422198414500704,-19.147999999999854,-19.147999999999854,0.0,-1
2025-10-20 18:55:00,191.42,0.6256327099179243,-19.141999999999655,-19.141999999999655,0.0,-1
2025-10-20 19:00:00,191.49,0.6330875163523576,-19.148999999999603,-19.148999999999603,0.0,-1
2025-10-20 19:05:00,192.13,0.6250098366129022,-19.212999999999738,-19.212999999999738,0.0,-1
2025-10-20 19:10:00,191.02,0.6103662768548369,-19.101999999999748,-19.101999999999748,0.0,-1
2025-10-20 19:15:00,191.17,0.5917686856509196,-19.116999999999678,-19.116999999999678,0.0,-1
2025-10-20 19:20:00,191.43,0.5773566366758529,-19.142999999999972,-19.142999999999972,0.0,-1
2025-10-20 19:25:00,191.6,0.5825454483418638,-19.159999999999684,-19.159999999999684,0.0,-1
2025-10-20 19:30:00,191.61,0.5595064877460157,-19.161,-19.161,0.0,-1
2025-10-20 19:35:00,191.79,0.5581131671927304,-19.178999999999746,-19.178999999999746,0.0,-1
2025-10-20 19:40:00,191.72,0.5411050838218227,-19.171999999999798,-19.171999999999798,0.0,-1
2025-10-20 19:45:00,191.84,0.5367404349774081,-19.183999999999912,-19.183999999999912,0.0,-1
2025-10-20 19:50:00,191.6,0.5498304039075932,-19.159999999999684,-19.159999999999684,0.0,-1
2025-10-20 19:55:00,190.53,0.5634139464856209,-19.052999999999827,-19.052999999999827,0.0,-1
2025-10-20 20:00:00,189.02,0.5624558074509346,-18.901999999999646,-18.901999999999646,0.0,-1
2025-10-20 20:05:00,189.49,0.5908518212044398,-18.948999999999785,-18.948999999999785,0.0,-1
2025-10-20 20:10:00,189.18,0.5815052625469804,-18.91799999999961,-18.91799999999961,0.0,-1
2025-10-20 20:15:00,189.19,0.5649691723650528,-18.918999999999926,-18.918999999999926,0.0,-1
2025-10-20 20:20:00,189.25,0.555328517196119,-18.92499999999984,-18.92499999999984,0.0,-1
2025-10-20 20:25:00,188.71,0.5520907659678241,-18.870999999999754,-18.870999999999754,0.0,-1
2025-10-20 20:30:00,188.09,0.5426557112558358,-18.808999999999685,-18.808999999999685,0.0,-1
2025-10-20 20:35:00,187.35,0.5288945890232777,-18.734999999999786,-18.734999999999786,0.0,-1
2025-10-20 20:40:00,187.32,0.5154021183787582,-18.731999999999687,-18.731999999999687,0.0,-1
2025-10-20 20:45:00,187.48,0.49573053849456183,-18.74799999999965,-18.74799999999965,0.0,-1
2025-10-20 20:50:00,187.35,0.5067497857449507,-18.734999999999786,-18.734999999999786,0.0,-1
2025-10-20 20:55:00,187.58,0.5012676581917404,-18.75799999999998,-18.75799999999998,0.0,-1
2025-10-20 21:00:00,188.18,0.4904628254637585,-18.8179999999997,-18.8179999999997,0.0,-1
2025-10-20 21:05:00,187.72,0.5018583379306333,-18.771999999999878,-18.771999999999878,0.0,-1
2025-10-20 21:10:00,187.2,0.5238684566498739,-18.719999999999857,-18.719999999999857,0.0,-1
2025-10-20 21:15:00,187.39,0.5221635668891687,-18.738999999999635,-18.738999999999635,0.0,-1
2025-10-20 21:20:00,187.21,0.5162947406827993,-18.720999999999606,-18.720999999999606,0.0,-1
2025-10-20 21:25:00,187.0,0.505845116348314,-18.69999999999976,-18.69999999999976,0.0,-1
2025-10-20 21:30:00,186.56,0.48542760803772006,-18.656000000000006,-18.656000000000006,0.0,-1
2025-10-20 21:35:00,185.92,0.4671827788921679,-18.59199999999987,-18.59199999999987,0.0,-1
2025-10-20 21:40:00,186.19,0.47095543754272606,-18.61899999999963,-18.61899999999963,0.0,-1
2025-10-20 21:45:00,187.92,0.4851729062896733,-18.791999999999973,-18.791999999999973,0.0,-1
2025-10-20 21:50:00,187.66,0.4648034129832673,-18.76599999999968,-18.76599999999968,0.0,-1
2025-10-20 21:55:00,187.67,0.46160316919874933,-18.766999999999996,-18.766999999999996,0.0,-1
2025-10-20 22:00:00,187.74,0.4550600856845533,-18.773999999999944,-18.773999999999944,0.0,-1
2025-10-20 22:05:00,188.15,0.4782700795642282,-18.814999999999884,-18.814999999999884,0.0,-1
2025-10-20 22:10:00,187.89,0.48125078816678407,-18.788999999999874,-18.788999999999874,0.0,-1
2025-10-20 22:15:00,187.44,0.4754471604405856,-18.7439999999998,-18.7439999999998,0.0,-1
2025-10-20 22:20:00,187.5,0.4650580775519712,-18.749999999999716,-18.749999999999716,0.0,-1
2025-10-20 22:25:00,187.67,0.44112535772683215,-18.766999999999996,-18.766999999999996,0.0,-1
2025-10-20 22:30:00,187.57,0.4353306893177737,-18.756999999999664,-18.756999999999664,0.0,-1
2025-10-20 22:35:00,187.67,0.42780706865221935,-18.766999999999996,-18.766999999999996,0.0,-1
2025-10-20 22:40:00,187.94,0.41939227803420387,-18.793999999999755,-18.793999999999755,0.0,-1
2025-10-20 22:45:00,188.26,0.41729282960319036,-18.825999999999965,-18.825999999999965,0.0,-1
2025-10-20 22:50:00,188.02,0.40677191320296324,-18.801999999999737,-18.801999999999737,0.0,-1
2025-10-20 22:55:00,188.24,0.3984310622598939,-18.8239999999999,-18.8239999999999,0.0,-1
2025-10-20 23:00:00,188.46,0.3914002720984737,-18.845999999999776,-18.845999999999776,0.0,-1
2025-10-20 23:05:00,188.03,0.41058596694858457,-18.80299999999977,-18.80299999999977,0.0,-1
2025-10-20 23:10:00,188.0,0.424115540737971,-18.79999999999967,-18.79999999999967,0.0,-1
2025-10-20 23:15:00,187.88,0.41596443068525896,-18.78799999999984,-18.78799999999984,0.0,-1
2025-10-20 23:20:00,187.82,0.4091098284934543,-18.78199999999964,-18.78199999999964,0.0,-1
2025-10-20 23:25:00,188.29,0.40631626931535075,-18.82899999999978,-18.82899999999978,0.0,-1
2025-10-20 23:30:00,188.28,0.4080079643642548,-18.827999999999747,-18.827999999999747,0.0,-1
2025-10-20 23:35:00,188.68,0.41672168119537956,-18.867999999999654,-18.867999999999654,0.0,-1
2025-10-20 23:40:00,188.93,0.4226701325385667,-18.89299999999963,-18.89299999999963,0.0,-1
2025-10-20 23:45:00,189.11,0.43390798021438226,-18.91099999999966,-18.91099999999966,0.0,-1
2025-10-20 23:50:00,188.88,0.43791455305621274,-18.88799999999975,-18.88799999999975,0.0,-1
2025-10-20 23:55:00,188.83,0.4237777992664819,-18.882999999999868,-18.882999999999868,0.0,-1
2025-10-21 00:00:00,188.62,0.4520793850331613,-18.86199999999974,-18.86199999999974,0.0,-1
2025-10-21 00:05:00,189.06,0.45978800038793566,-18.90599999999978,-18.90599999999978,0.0,-1
2025-10-21 00:10:00,189.26,0.45908885750308437,-18.925999999999874,-18.925999999999874,0.0,-1
2025-10-21 00:15:00,189.24,0.4870110819671494,-18.923999999999808,-18.923999999999808,0.0,-1
2025-10-21 00:20:00,189.41,0.49722457611235266,-18.940999999999804,-18.940999999999804,0.0,-1
2025-10-21 00:25:00,189.28,0.4845656778186127,-18.92799999999994,-18.92799999999994,0.0,-1
2025-10-21 00:30:00,189.49,0.48852527226014186,-18.948999999999785,-18.948999999999785,0.0,-1
2025-10-21 00:35:00,189.57,0.49148775281298696,-18.956999999999766,-18.956999999999766,0.0,-1
2025-10-21 00:40:00,189.84,0.499952913326346,-18.98399999999981,-18.98399999999981,0.0,-1
2025-10-21 00:45:00,190.0,0.4928134195173217,-18.999999999999773,-18.999999999999773,0.0,-1
2025-10-21 00:50:00,190.13,0.4854696038375121,-19.012999999999636,-19.012999999999636,0.0,-1
2025-10-21 00:55:00,190.53,0.47436463213483154,-19.052999999999827,-19.052999999999827,0.0,-1
2025-10-21 01:00:00,190.53,0.5940528726966297,-19.052999999999827,-19.052999999999827,0.0,-1
2025-10-21 01:05:00,191.15,0.5816205246468715,-19.11499999999961,-19.11499999999961,0.0,-1
2025-10-21 01:10:00,190.38,0.5722190586006656,-19.037999999999613,-19.037999999999613,0.0,-1
2025-10-21 01:15:00,189.96,0.5506319829863331,-18.995999999999924,-18.995999999999924,0.0,-1
2025-10-21 01:20:00,189.68,0.5391582699158798,-18.967999999999847,-18.967999999999847,0.0,-1
2025-10-21 01:25:00,189.85,0.5199326792076034,-18.984999999999843,-18.984999999999843,0.0,-1
2025-10-21 01:30:00,189.89,0.5313660592642037,-18.988999999999976,-18.988999999999976,0.0,-1
2025-10-21 01:35:00,189.8,0.5184113407453316,-18.97999999999996,-18.97999999999996,0.0,-1
2025-10-21 01:40:00,189.56,0.5013819592635222,-18.955999999999733,-18.955999999999733,0.0,-1
2025-10-21 01:45:00,189.23,0.5055689621732709,-18.922999999999774,-18.922999999999774,0.0,-1
2025-10-21 01:50:00,189.21,0.5001711791608948,-18.920999999999992,-18.920999999999992,0.0,-1
2025-10-21 01:55:00,188.99,0.5358732377922595,-18.89899999999983,-18.89899999999983,0.0,-1
2025-10-21 02:00:00,189.08,0.5704537208070988,-18.907999999999845,-18.907999999999845,0.0,-1
2025-10-21 02:05:00,189.68,0.5568498836065914,-18.967999999999847,-18.967999999999847,0.0,-1
2025-10-21 02:10:00,190.1,0.5677891776346926,-19.00999999999982,-19.00999999999982,0.0,-1
2025-10-21 02:15:00,190.22,0.555089950660787,-19.02199999999965,-19.02199999999965,0.0,-1
2025-10-21 02:20:00,189.96,0.5532978113278738,-18.995999999999924,-18.995999999999924,0.0,-1
2025-10-21 02:25:00,190.01,0.5723479676615967,-19.000999999999806,-19.000999999999806,0.0,-1
2025-10-21 02:30:00,190.3,0.5728945414000529,-19.029999999999916,-19.029999999999916,0.0,-1
2025-10-21 02:35:00,190.59,0.5584020741571923,-19.05899999999974,-19.05899999999974,0.0,-1
2025-10-21 02:40:00,190.77,0.5542304974316786,-19.07699999999977,-19.07699999999977,0.0,-1
2025-10-21 02:45:00,190.5,0.5460711761865585,-19.05000000000001,-19.05000000000001,0.0,-1
2025-10-21 02:50:00,190.61,0.545637520744661,-19.060999999999808,-19.060999999999808,0.0,-1
2025-10-21 02:55:00,190.75,0.5488062692628998,-19.07499999999999,-19.07499999999999,0.0,-1
2025-10-21 03:00:00,190.86,0.5510343928869793,-19.085999999999785,-19.085999999999785,0.0,-1
2025-10-21 03:05:00,190.34,0.5409605076807663,-19.033999999999764,-19.033999999999764,0.0,-1
2025-10-21 03:10:00,189.87,0.5180347571321401,-18.98699999999991,-18.98699999999991,0.0,-1
2025-10-21 03:15:00,189.86,0.5038894173369868,-18.985999999999876,-18.985999999999876,0.0,-1
2025-10-21 03:20:00,190.15,0.5078973160986308,-19.014999999999702,-19.014999999999702,0.0,-1
2025-10-21 03:25:00,190.17,0.4937617935201573,-19.01699999999977,-19.01699999999977,0.0,-1
2025-10-21 03:30:00,190.48,0.4799216654115755,-19.047999999999945,-19.047999999999945,0.0,-1
2025-10-21 03:35:00,190.17,0.4642129750250358,-19.01699999999977,-19.01699999999977,0.0,-1
2025-10-21 03:40:00,190.24,0.45176919109467756,-19.023999999999717,-19.023999999999717,0.0,-1
2025-10-21 03:45:00,189.97,0.4373571060164863,-18.996999999999673,-18.996999999999673,0.0,-1
2025-10-21 03:50:00,189.58,0.4625458841581653,-18.9579999999998,-18.9579999999998,0.0,-1
2025-10-21 03:55:00,189.74,0.4666497495754379,-18.973999999999762,-18.973999999999762,0.0,-1
2025-10-21 04:00:00,189.15,0.5504604817486219,-18.914999999999793,-18.914999999999793,0.0,-1
2025-10-21 04:05:00,188.94,0.591141875909433,-18.89399999999995,-18.89399999999995,0.0,-1
2025-10-21 04:10:00,188.8,0.6267745990587594,-18.879999999999768,-18.879999999999768,0.0,-1
2025-10-21 04:15:00,189.55,0.6405764134117047,-18.954999999999984,-18.954999999999984,0.0,-1
2025-10-21 04:20:00,189.47,0.6362495267394389,-18.94699999999972,-18.94699999999972,0.0,-1
2025-10-21 04:25:00,189.44,0.627945989115192,-18.943999999999903,-18.943999999999903,0.0,-1
2025-10-21 04:30:00,189.15,0.6495212756069624,-18.914999999999793,-18.914999999999793,0.0,-1
2025-10-21 04:35:00,189.63,0.6502697559207505,-18.96299999999968,-18.96299999999968,0.0,-1
2025-10-21 04:40:00,190.08,0.6495362019264123,-19.007999999999754,-19.007999999999754,0.0,-1
2025-10-21 04:45:00,189.75,0.6538550446459548,-18.974999999999795,-18.974999999999795,0.0,-1
2025-10-21 04:50:00,189.38,0.650008255742674,-18.937999999999704,-18.937999999999704,0.0,-1
2025-10-21 04:55:00,189.05,0.6321505231896263,-18.904999999999745,-18.904999999999745,0.0,-1
2025-10-21 05:00:00,188.09,0.6577112001046537,-18.808999999999685,-18.808999999999685,0.0,-1
2025-10-21 05:05:00,188.28,0.6678746858114649,-18.827999999999747,-18.827999999999747,0.0,-1
2025-10-21 05:10:00,187.95,0.6651693511106457,-18.79499999999979,-18.79499999999979,0.0,-1
2025-10-21 05:15:00,188.11,0.6755143974598855,-18.81099999999975,-18.81099999999975,0.0,-1
2025-10-21 05:20:00,188.25,0.6672633690698939,-18.824999999999648,-18.824999999999648,0.0,-1
2025-10-21 05:25:00,188.35,0.6581731284220438,-18.83499999999998,-18.83499999999998,0.0,-1
2025-10-21 05:30:00,187.79,0.6490179049633265,-18.778999999999826,-18.778999999999826,0.0,-1
2025-10-21 05:35:00,187.63,0.634802340323088,-18.762999999999863,-18.762999999999863,0.0,-1
2025-10-21 05:40:00,187.62,0.6251736017285817,-18.76199999999983,-18.76199999999983,0.0,-1
2025-10-21 05:45:00,187.35,0.6205183444622546,-18.734999999999786,-18.734999999999786,0.0,-1
2025-10-21 05:50:00,187.31,0.5997670341435231,-18.730999999999938,-18.730999999999938,0.0,-1
2025-10-21 05:55:00,186.81,0.5804979602761294,-18.680999999999983,-18.680999999999983,0.0,-1
2025-10-21 06:00:00,185.97,0.5797481059706912,-18.596999999999753,-18.596999999999753,0.0,-1
2025-10-21 06:05:00,185.74,0.5711946698299261,-18.57399999999984,-18.57399999999984,0.0,-1
2025-10-21 06:10:00,186.26,0.5718236219849323,-18.625999999999863,-18.625999999999863,0.0,-1
2025-10-21 06:15:00,186.25,0.5874076489860081,-18.62499999999983,-18.62499999999983,0.0,-1
2025-10-21 06:20:00,186.08,0.5847356740584368,-18.607999999999834,-18.607999999999834,0.0,-1
2025-10-21 06:25:00,186.32,0.582254554482833,-18.631999999999778,-18.631999999999778,0.0,-1
2025-10-21 06:30:00,186.51,0.5756649434483436,-18.65099999999984,-18.65099999999984,0.0,-1
2025-10-21 06:35:00,186.6,0.5659745903448904,-18.659999999999854,-18.659999999999854,0.0,-1
2025-10-21 06:40:00,186.28,0.5612621196059697,-18.627999999999645,-18.627999999999645,0.0,-1
2025-10-21 06:45:00,186.17,0.5576005396341142,-18.616999999999848,-18.616999999999848,0.0,-1
2025-10-21 06:50:00,186.48,0.5356290725173918,-18.64799999999974,-18.64799999999974,0.0,-1
2025-10-21 06:55:00,186.12,0.5102269959090071,-18.611999999999682,-18.611999999999682,0.0,-1
2025-10-21 07:00:00,186.5,0.49878221048693683,-18.649999999999807,-18.649999999999807,0.0,-1
2025-10-21 07:05:00,186.14,0.49386919545215613,-18.61399999999975,-18.61399999999975,0.0,-1
2025-10-21 07:10:00,186.26,0.4757356814912865,-18.625999999999863,-18.625999999999863,0.0,-1
2025-10-21 07:15:00,186.17,0.49318313281333737,-18.616999999999848,-18.616999999999848,0.0,-1
2025-10-21 07:20:00,186.51,0.48152719475524275,-18.65099999999984,-18.65099999999984,0.0,-1
2025-10-21 07:25:00,186.39,0.4664181094155833,-18.638999999999726,-18.638999999999726,0.0,-1
2025-10-21 07:30:00,186.6,0.45095967302875595,-18.659999999999854,-18.659999999999854,0.0,-1
2025-10-21 07:35:00,186.57,0.43731969638384416,-18.656999999999755,-18.656999999999755,0.0,-1
2025-10-21 07:40:00,186.32,0.42179686092785523,-18.631999999999778,-18.631999999999778,0.0,-1
2025-10-21 07:45:00,186.14,0.423097085147294,-18.61399999999975,-18.61399999999975,0.0,-1
2025-10-21 07:50:00,185.78,0.4071615790653436,-18.57799999999969,-18.57799999999969,0.0,-1
2025-10-21 07:55:00,185.62,0.389507180560678,-18.561999999999728,-18.561999999999728,0.0,-1
2025-10-21 08:00:00,184.46,0.4059709533777728,-18.445999999999856,-18.445999999999856,0.0,-1
2025-10-21 08:05:00,184.0,0.41054445670793177,-18.39999999999975,-18.39999999999975,0.0,-1
2025-10-21 08:10:00,184.27,0.4005055669430782,-18.426999999999794,-18.426999999999794,0.0,-1
2025-10-21 08:15:00,184.05,0.3954694550185715,-18.404999999999916,-18.404999999999916,0.0,-1
2025-10-21 08:20:00,184.19,0.40293592251724497,-18.418999999999812,-18.418999999999812,0.0,-1
2025-10-21 08:25:00,184.45,0.39344049948029963,-18.444999999999823,-18.444999999999823,0.0,-1
2025-10-21 08:30:00,183.93,0.40176617808885107,-18.3929999999998,-18.3929999999998,0.0,-1
2025-10-21 08:35:00,183.8,0.4087828796539331,-18.37999999999994,-18.37999999999994,0.0,-1
2025-10-21 08:40:00,183.68,0.41029838825008125,-18.367999999999824,-18.367999999999824,0.0,-1
2025-10-21 08:45:00,183.89,0.4088485033750765,-18.388999999999953,-18.388999999999953,0.0,-1
2025-10-21 08:50:00,183.72,0.4253593245625721,-18.371999999999673,-18.371999999999673,0.0,-1
2025-10-21 08:55:00,183.78,0.4178336585223879,-18.377999999999872,-18.377999999999872,0.0,-1
2025-10-21 09:00:00,183.42,0.41870268291364643,-18.341999999999814,-18.341999999999814,0.0,-1
2025-10-21 09:05:00,183.44,0.4187953484198157,-18.34399999999988,-18.34399999999988,0.0,-1
2025-10-21 09:10:00,183.93,0.4260242521041153,-18.3929999999998,-18.3929999999998,0.0,-1
2025-10-21 09:15:00,184.18,0.4191653769538202,-18.41799999999978,-18.41799999999978,0.0,-1
2025-10-21 09:20:00,184.03,0.42136785002854654,-18.40299999999985,-18.40299999999985,0.0,-1
2025-10-21 09:25:00,184.26,0.40841300359793675,-18.42599999999976,-18.42599999999976,0.0,-1
2025-10-21 09:30:00,184.06,0.39924064619808425,-18.405999999999665,-18.405999999999665,0.0,-1
2025-10-21 09:35:00,183.69,0.3942948857553628,-18.368999999999858,-18.368999999999858,0.0,-1
2025-10-21 09:40:00,183.78,0.38541667962997844,-18.377999999999872,-18.377999999999872,0.0,-1
2025-10-21 09:45:00,184.05,0.37645834537069567,-18.404999999999916,-18.404999999999916,0.0,-1
2025-10-21 09:50:00,183.85,0.37028274927278826,-18.38499999999982,-18.38499999999982,0.0,-1
2025-10-21 09:55:00,183.87,0.3602625528961598,-18.386999999999887,-18.386999999999887,0.0,-1
2025-10-21 10:00:00,183.53,0.3545295134035771,-18.352999999999895,-18.352999999999895,0.0,-1
2025-10-21 10:05:00,183.36,0.36134883387474936,-18.335999999999615,-18.335999999999615,0.0,-1
2025-10-21 10:10:00,183.67,0.38196677431226767,-18.36699999999979,-18.36699999999979,0.0,-1
2025-10-21 10:15:00,184.39,0.38254057614710674,-18.438999999999908,-18.438999999999908,0.0,-1
2025-10-21 10:20:00,184.54,0.3730733921365991,-18.453999999999837,-18.453999999999837,0.0,-1
2025-10-21 10:25:00,184.87,0.3742824355554145,-18.486999999999796,-18.486999999999796,0.0,-1
2025-10-21 10:30:00,184.55,0.4089765473014573,-18.45499999999987,-18.45499999999987,0.0,-1
2025-10-21 10:35:00,184.68,0.4169067939227805,-18.467999999999734,-18.467999999999734,0.0,-1
2025-10-21 10:40:00,184.27,0.4156991657854395,-18.426999999999794,-18.426999999999794,0.0,-1
2025-10-21 10:45:00,184.56,0.4488635110864792,-18.45599999999962,-18.45599999999962,0.0,-1
2025-10-21 10:50:00,184.41,0.4546589745803022,-18.440999999999974,-18.440999999999974,0.0,-1
2025-10-21 10:55:00,184.46,0.4757547621102806,-18.445999999999856,-18.445999999999856,0.0,-1
2025-10-21 11:00:00,184.2,0.4710579933881175,-18.419999999999845,-18.419999999999845,0.0,-1
2025-10-21 11:05:00,183.9,0.48169670814610943,-18.389999999999702,-18.389999999999702,0.0,-1
2025-10-21 11:10:00,183.76,0.47157551470710185,-18.375999999999806,-18.375999999999806,0.0,-1
2025-10-21 11:15:00,184.47,0.47789154937088046,-18.44699999999989,-18.44699999999989,0.0,-1
2025-10-21 11:20:00,184.56,0.4680421529872464,-18.45599999999962,-18.45599999999962,0.0,-1
2025-10-21 11:25:00,184.8,0.4660391420595858,-18.479999999999848,-18.479999999999848,0.0,-1
2025-10-21 11:30:00,184.89,0.47703634619818713,-18.488999999999862,-18.488999999999862,0.0,-1
2025-10-21 11:35:00,184.81,0.46724803575545976,-18.48099999999988,-18.48099999999988,0.0,-1
2025-10-21 11:40:00,184.74,0.45244460463006914,-18.47399999999965,-18.47399999999965,0.0,-1
2025-10-21 11:45:00,185.12,0.44655570429935026,-18.511999999999773,-18.511999999999773,0.0,-1
2025-10-21 11:50:00,184.99,0.42894458256368156,-18.498999999999626,-18.498999999999626,0.0,-1
2025-10-21 11:55:00,184.99,0.41259139809484635,-18.498999999999626,-18.498999999999626,0.0,-1
2025-10-21 12:00:00,184.49,0.4159777268023579,-18.44899999999967,-18.44899999999967,0.0,-1
2025-10-21 12:05:00,184.19,0.4326936034593327,-18.418999999999812,-18.418999999999812,0.0,-1
2025-10-21 12:10:00,184.13,0.41464406035509316,-18.412999999999613,-18.412999999999613,0.0,-1
2025-10-21 12:15:00,184.33,0.42788377032972896,-18.43299999999971,-18.43299999999971,0.0,-1
2025-10-21 12:20:00,184.41,0.46803492959189186,-18.440999999999974,-18.440999999999974,0.0,-1
2025-10-21 12:25:00,184.43,0.49460386319247124,-18.442999999999756,-18.442999999999756,0.0,-1
2025-10-21 12:30:00,183.98,0.4985607301072935,-18.397999999999968,-18.397999999999968,0.0,-1
2025-10-21 12:35:00,184.13,0.5236635350996293,-18.412999999999613,-18.412999999999613,0.0,-1
2025-10-21 12:40:00,184.01,0.5284018540210845,-18.400999999999783,-18.400999999999783,0.0,-1
2025-10-21 12:45:00,184.11,0.5485160073052929,-18.41099999999983,-18.41099999999983,0.0,-1
2025-10-21 12:50:00,184.31,0.5329077210691995,-18.430999999999642,-18.430999999999642,0.0,-1
2025-10-21 12:55:00,184.26,0.5462714552785423,-18.42599999999976,-18.42599999999976,0.0,-1
2025-10-21 13:00:00,183.9,0.5372520656157883,-18.389999999999702,-18.389999999999702,0.0,-1
2025-10-21 13:05:00,184.14,0.6181626323575168,-18.41399999999993,-18.41399999999993,0.0,-1
2025-10-21 13:10:00,184.38,0.6268653014748377,-18.437999999999874,-18.437999999999874,0.0,-1
2025-10-21 13:15:00,184.05,0.6170892085123479,-18.404999999999916,-18.404999999999916,0.0,-1
2025-10-21 13:20:00,184.5,0.6158685507614655,-18.44999999999999,-18.44999999999999,0.0,-1
2025-10-21 13:25:00,184.28,0.6004493685642164,-18.427999999999827,-18.427999999999827,0.0,-1
2025-10-21 13:30:00,184.2,0.6125601279524854,-18.419999999999845,-18.419999999999845,0.0,-1
2025-10-21 13:35:00,184.14,0.6652344045273095,-18.41399999999993,-18.41399999999993,0.0,-1
2025-10-21 13:40:00,184.23,0.7091462327753589,-18.422999999999945,-18.422999999999945,0.0,-1
2025-10-21 13:45:00,184.27,0.7920643590056908,-18.426999999999794,-18.426999999999794,0.0,-1
2025-10-21 13:50:00,184.3,0.810488333362428,-18.429999999999893,-18.429999999999893,0.0,-1
2025-10-21 13:55:00,184.38,0.7883105952651117,-18.437999999999874,-18.437999999999874,0.0,-1
2025-10-21 14:00:00,184.44,0.7755741241747476,-18.44399999999979,-18.44399999999979,0.0,-1
2025-10-21 14:05:00,184.58,0.8323188295908366,-18.457999999999686,-18.457999999999686,0.0,-1
2025-10-21 14:10:00,185.06,0.9035817703343472,-18.505999999999858,-18.505999999999858,0.0,-1
2025-10-21 14:15:00,184.76,0.9361830724533213,-18.475999999999715,-18.475999999999715,0.0,-1
2025-10-21 14:20:00,184.66,0.9293128529923701,-18.46599999999995,-18.46599999999995,0.0,-1
2025-10-21 14:25:00,184.95,0.9379333634929139,-18.494999999999777,-18.494999999999777,0.0,-1
2025-10-21 14:30:00,185.7,0.9452238375291337,-18.569999999999993,-18.569999999999993,0.0,-1
2025-10-21 14:35:00,185.82,0.9219935634199082,-18.581999999999823,-18.581999999999823,0.0,-1
2025-10-21 14:40:00,185.53,0.8975654517470565,-18.552999999999713,-18.552999999999713,0.0,-1
2025-10-21 14:45:00,186.38,0.9577393480508388,-18.637999999999977,-18.637999999999977,0.0,-1
2025-10-21 14:50:00,186.59,0.9371865374757781,-18.65899999999982,-18.65899999999982,0.0,-1
2025-10-21 14:55:00,185.92,1.0581017847989365,-18.59199999999987,-18.59199999999987,0.0,-1
2025-10-21 15:00:00,185.63,1.0960945144561556,-18.56299999999976,-18.56299999999976,0.0,-1
2025-10-21 15:05:00,185.1,1.1313734777092876,-18.509999999999707,-18.509999999999707,0.0,-1
2025-10-21 15:10:00,185.42,1.111275372158624,-18.541999999999632,-18.541999999999632,0.0,-1
2025-10-21 15:15:00,185.86,1.0833271312901507,-18.585999999999956,-18.585999999999956,0.0,-1
2025-10-21 15:20:00,185.7,1.1188037647694244,-18.569999999999993,-18.569999999999993,0.0,-1
2025-10-21 15:25:00,185.6,1.0924606387144655,-18.55999999999966,-18.55999999999966,0.0,-1
2025-10-21 15:30:00,185.9,1.0651420216634329,-18.589999999999804,-18.589999999999804,0.0,-1
2025-10-21 15:35:00,185.94,1.0604890201160448,-18.593999999999653,-18.593999999999653,0.0,-1
2025-10-21 15:40:00,186.03,1.155454090107755,-18.602999999999668,-18.602999999999668,0.0,-1
2025-10-21 15:45:00,186.32,1.1500645122429163,-18.631999999999778,-18.631999999999778,0.0,-1
2025-10-21 15:50:00,186.44,1.1500599042255655,-18.643999999999608,-18.643999999999608,0.0,-1
2025-10-21 15:55:00,186.28,1.147912768209454,-18.627999999999645,-18.627999999999645,0.0,-1
2025-10-21 16:00:00,186.16,1.1380618561944944,-18.615999999999815,-18.615999999999815,0.0,-1
2025-10-21 16:05:00,186.1,1.130343152180602,-18.609999999999616,-18.609999999999616,0.0,-1
2025-10-21 16:10:00,186.23,1.113890069881988,-18.622999999999763,-18.622999999999763,0.0,-1
2025-10-21 16:15:00,186.79,1.091469350604704,-18.678999999999917,-18.678999999999917,0.0,-1
2025-10-21 16:20:00,187.51,1.0699358255615103,-18.75099999999975,-18.75099999999975,0.0,-1
2025-10-21 16:25:00,186.85,1.0277975523071161,-18.68499999999983,-18.68499999999983,0.0,-1
2025-10-21 16:30:00,186.59,1.0108120128566094,-18.65899999999982,-18.65899999999982,0.0,-1
2025-10-21 16:35:00,187.21,0.9971825833668532,-18.720999999999606,-18.720999999999606,0.0,-1
2025-10-21 16:40:00,187.61,0.988098113126364,-18.760999999999797,-18.760999999999797,0.0,-1
2025-10-21 16:45:00,186.89,0.9546625336173388,-18.68899999999968,-18.68899999999968,0.0,-1
2025-10-21 16:50:00,187.0,1.0050437812161022,-18.69999999999976,-18.69999999999976,0.0,-1
2025-10-21 16:55:00,186.5,1.1875406539863809,-18.649999999999807,-18.649999999999807,0.0,-1
2025-10-21 17:00:00,186.75,1.2234306072730678,-18.674999999999784,-18.674999999999784,0.0,-1
2025-10-21 17:05:00,186.06,1.1960427067535633,-18.605999999999767,-18.605999999999767,0.0,-1
2025-10-21 17:10:00,186.23,1.182039656271166,-18.622999999999763,-18.622999999999763,0.0,-1
2025-10-21 17:15:00,186.15,1.2126082522517958,-18.61499999999978,-18.61499999999978,0.0,-1
2025-10-21 17:20:00,186.14,1.2224219485195242,-18.61399999999975,-18.61399999999975,0.0,-1
2025-10-21 17:25:00,186.34,1.1986775236252716,-18.633999999999844,-18.633999999999844,0.0,-1
2025-10-21 17:30:00,185.71,1.1687719862234667,-18.570999999999742,-18.570999999999742,0.0,-1
2025-10-21 17:35:00,186.45,1.1231454157789336,-18.644999999999925,-18.644999999999925,0.0,-1
2025-10-21 17:40:00,185.87,1.1300636003661526,-18.586999999999705,-18.586999999999705,0.0,-1
2025-10-21 17:45:00,184.31,1.0986304860542844,-18.430999999999642,-18.430999999999642,0.0,-1
2025-10-21 17:50:00,185.09,1.0680140227646917,-18.508999999999958,-18.508999999999958,0.0,-1
2025-10-21 17:55:00,185.11,1.0267273068529288,-18.51099999999974,-18.51099999999974,0.0,-1
2025-10-21 18:00:00,185.51,0.9962467849348621,-18.550999999999647,-18.550999999999647,0.0,-1
2025-10-21 18:05:00,186.73,0.9772291574395141,-18.672999999999718,-18.672999999999718,0.0,-1
2025-10-21 18:10:00,188.51,0.9809985033366918,-18.850999999999942,-18.850999999999942,0.0,-1
2025-10-21 18:15:00,188.86,0.9423557530983565,-18.885999999999683,-18.885999999999683,0.0,-1
2025-10-21 18:20:00,188.85,0.9507589135913292,-18.884999999999934,-18.884999999999934,0.0,-1
2025-10-21 18:25:00,187.8,0.9242761340490924,-18.77999999999986,-18.77999999999986,0.0,-1
2025-10-21 18:30:00,188.68,0.8925421244741565,-18.867999999999654,-18.867999999999654,0.0,-1
2025-10-21 18:35:00,188.61,0.883074829868859,-18.860999999999706,-18.860999999999706,0.0,-1
2025-10-21 18:40:00,188.99,0.8499980563067968,-18.89899999999983,-18.89899999999983,0.0,-1
2025-10-21 18:45:00,190.38,0.8449981951420257,-19.037999999999613,-19.037999999999613,0.0,-1
2025-10-21 18:50:00,190.22,0.8310697526318814,-19.02199999999965,-19.02199999999965,0.0,-1
2025-10-21 18:55:00,192.7,0.7895647703010328,-19.269999999999925,-19.269999999999925,0.0,-1
2025-10-21 19:00:00,192.51,0.7545958581366721,-19.250999999999863,-19.250999999999863,0.0,-1
2025-10-21 19:05:00,193.51,0.7242675825554822,-19.35099999999977,-19.35099999999977,0.0,-1
2025-10-21 19:10:00,193.63,0.7011056123729461,-19.362999999999886,-19.362999999999886,0.0,-1
2025-10-21 19:15:00,193.33,0.681740925774879,-19.332999999999743,-19.332999999999743,0.0,-1
2025-10-21 19:20:00,194.39,0.704473716790959,-19.43899999999985,-19.43899999999985,0.0,-1
2025-10-21 19:25:00,194.17,0.6920113084487478,-19.416999999999973,-19.416999999999973,0.0,-1
2025-10-21 19:30:00,194.24,0.6925819292738364,-19.42399999999992,-19.42399999999992,0.0,-1
2025-10-21 19:35:00,194.54,0.6738260771828486,-19.45399999999978,-19.45399999999978,0.0,-1
2025-10-21 19:40:00,196.74,0.6471242145269296,-19.673999999999694,-19.673999999999694,0.0,-1
2025-10-21 19:45:00,196.14,0.6180439134892904,-19.613999999999976,-19.613999999999976,0.0,-1
2025-10-21 19:50:00,195.45,0.5967550625257713,-19.544999999999675,-19.544999999999675,0.0,-1
2025-10-21 19:55:00,196.21,0.6041297009167867,-19.620999999999924,-19.620999999999924,0.0,-1
2025-10-21 20:00:00,196.82,0.6081204365655875,-19.68199999999996,-19.68199999999996,0.0,-1
2025-10-21 20:05:00,196.19,0.6368261196680448,-19.618999999999858,-19.618999999999858,0.0,-1
2025-10-21 20:10:00,196.95,0.639909968263185,-19.694999999999823,-19.694999999999823,0.0,-1
2025-10-21 20:15:00,197.55,0.7470592562443852,-19.754999999999825,-19.754999999999825,0.0,-1
2025-10-21 20:20:00,197.07,0.7486978807983564,-19.706999999999937,-19.706999999999937,0.0,-1
2025-10-21 20:25:00,197.07,0.7309337464556167,-19.706999999999937,-19.706999999999937,0.0,-1
2025-10-21 20:30:00,197.03,0.7408670502802138,-19.702999999999804,-19.702999999999804,0.0,-1
2025-10-21 20:35:00,196.59,0.7265194038316266,-19.658999999999764,-19.658999999999764,0.0,-1
2025-10-21 20:40:00,196.23,0.7060537321293674,-19.62299999999999,-19.62299999999999,0.0,-1
2025-10-21 20:45:00,196.5,0.6977641798344129,-19.64999999999975,-19.64999999999975,0.0,-1
2025-10-21 20:50:00,195.21,0.6922095955605245,-19.521000000000015,-19.521000000000015,0.0,-1
2025-10-21 20:55:00,192.51,0.6820517673062022,-19.250999999999863,-19.250999999999863,0.0,-1
2025-10-21 21:00:00,193.79,0.6697623553557586,-19.37899999999985,-19.37899999999985,0.0,-1
2025-10-21 21:05:00,194.23,0.654779329973205,-19.422999999999604,-19.422999999999604,0.0,-1
2025-10-21 21:10:00,193.84,0.6494379492608341,-19.38399999999973,-19.38399999999973,0.0,-1
2025-10-21 21:15:00,193.15,0.6630495243136298,-19.314999999999998,-19.314999999999998,0.0,-1
2025-10-21 21:20:00,193.19,0.8178317011483694,-19.318999999999846,-19.318999999999846,0.0,-1
2025-10-21 21:25:00,193.94,0.9365580082091995,-19.393999999999778,-19.393999999999778,0.0,-1
2025-10-21 21:30:00,194.06,0.9375181504799722,-19.405999999999892,-19.405999999999892,0.0,-1
2025-10-21 21:35:00,194.27,0.9262668540171172,-19.426999999999737,-19.426999999999737,0.0,-1
2025-10-21 21:40:00,195.2,0.9079620787301793,-19.519999999999698,-19.519999999999698,0.0,-1
2025-10-21 21:45:00,195.1,0.8845362159637368,-19.509999999999934,-19.509999999999934,0.0,-1
2025-10-21 21:50:00,194.6,0.8492122005377567,-19.45999999999998,-19.45999999999998,0.0,-1
2025-10-21 21:55:00,194.84,0.8078399004993463,-19.48399999999964,-19.48399999999964,0.0,-1
2025-10-21 22:00:00,195.06,0.7987084790351078,-19.5059999999998,-19.5059999999998,0.0,-1
2025-10-21 22:05:00,194.51,0.8080864448183148,-19.450999999999965,-19.450999999999965,0.0,-1
2025-10-21 22:10:00,193.9,0.7810802701884357,-19.38999999999993,-19.38999999999993,0.0,-1
2025-10-21 22:15:00,193.97,0.7652888223178334,-19.396999999999878,-19.396999999999878,0.0,-1
2025-10-21 22:20:00,194.63,0.781339620723701,-19.462999999999795,-19.462999999999795,0.0,-1
2025-10-21 22:25:00,194.33,0.7848153621005804,-19.432999999999936,-19.432999999999936,0.0,-1
2025-10-21 22:30:00,194.32,0.8266142648076822,-19.43199999999962,-19.43199999999962,0.0,-1
2025-10-21 22:35:00,194.1,0.8439989601785616,-19.40999999999974,-19.40999999999974,0.0,-1
2025-10-21 22:40:00,193.81,0.8551418915943786,-19.380999999999915,-19.380999999999915,0.0,-1
2025-10-21 22:45:00,194.47,0.8547746136233512,-19.446999999999832,-19.446999999999832,0.0,-1
2025-10-21 22:50:00,194.06,0.8330049983645412,-19.405999999999892,-19.405999999999892,0.0,-1
2025-10-21 22:55:00,194.18,0.8106474984813604,-19.417999999999722,-19.417999999999722,0.0,-1
2025-10-21 23:00:00,194.18,0.7963155343041214,-19.417999999999722,-19.417999999999722,0.0,-1
2025-10-21 23:05:00,194.29,0.7780072818538265,-19.428999999999803,-19.428999999999803,0.0,-1
2025-10-21 23:10:00,194.38,0.7638639045785541,-19.437999999999818,-19.437999999999818,0.0,-1
2025-10-21 23:15:00,194.13,0.7685879113943705,-19.41299999999984,-19.41299999999984,0.0,-1
2025-10-21 23:20:00,193.2,0.7579744891519138,-19.31999999999988,-19.31999999999988,0.0,-1
2025-10-21 23:25:00,193.57,0.7731191684982056,-19.356999999999687,-19.356999999999687,0.0,-1
2025-10-21 23:30:00,193.93,0.7850392278911907,-19.392999999999745,-19.392999999999745,0.0,-1
2025-10-21 23:35:00,194.09,0.8353935687561064,-19.408999999999708,-19.408999999999708,0.0,-1
2025-10-21 23:40:00,194.17,0.8207225995592413,-19.416999999999973,-19.416999999999973,0.0,-1
2025-10-21 23:45:00,194.33,0.8199566995907243,-19.432999999999936,-19.432999999999936,0.0,-1
2025-10-21 23:50:00,194.47,0.8063883639056723,-19.446999999999832,-19.446999999999832,0.0,-1
2025-10-21 23:55:00,193.98,0.8023606236266957,-19.397999999999627,-19.397999999999627,0.0,-1
2025-10-22 00:00:00,193.61,0.8150491505105024,-19.36099999999982,-19.36099999999982,0.0,-1
2025-10-22 00:05:00,192.98,0.7882599254740378,-19.297999999999718,-19.297999999999718,0.0,-1
2025-10-22 00:10:00,192.69,0.7869556450830358,-19.268999999999608,-19.268999999999608,0.0,-1
2025-10-22 00:15:00,191.79,0.810744527577105,-19.178999999999746,-19.178999999999746,0.0,-1
2025-10-22 00:20:00,192.01,0.8006913470358824,-19.200999999999624,-19.200999999999624,0.0,-1
2025-10-22 00:25:00,191.78,0.7963562508190344,-19.177999999999713,-19.177999999999713,0.0,-1
2025-10-22 00:30:00,191.23,0.8044736614748175,-19.122999999999877,-19.122999999999877,0.0,-1
2025-10-22 00:35:00,191.58,0.80343982851233,-19.157999999999618,-19.157999999999618,0.0,-1
2025-10-22 00:40:00,191.56,0.7839084121900208,-19.155999999999835,-19.155999999999835,0.0,-1
2025-10-22 00:45:00,191.31,0.7707720970335924,-19.130999999999858,-19.130999999999858,0.0,-1
2025-10-22 00:50:00,191.86,0.7414312329597633,-19.18599999999998,-19.18599999999998,0.0,-1
2025-10-22 00:55:00,191.39,0.7120432877483526,-19.13899999999984,-19.13899999999984,0.0,-1
2025-10-22 01:00:00,191.73,0.7161830529091853,-19.17299999999983,-19.17299999999983,0.0,-1
2025-10-22 01:05:00,191.39,0.7393128348442429,-19.13899999999984,-19.13899999999984,0.0,-1
2025-10-22 01:10:00,191.3,0.7093619180696537,-19.129999999999825,-19.129999999999825,0.0,-1
2025-10-22 01:15:00,190.76,0.7501217810646785,-19.075999999999738,-19.075999999999738,0.0,-1
2025-10-22 01:20:00,188.9,0.7665416538457722,-18.889999999999816,-18.889999999999816,0.0,-1
2025-10-22 01:25:00,189.69,0.7403601071425032,-18.96899999999988,-18.96899999999988,0.0,-1
2025-10-22 01:30:00,190.06,0.7289058137751825,-19.005999999999688,-19.005999999999688,0.0,-1
2025-10-22 01:35:00,190.74,0.7118411127912395,-19.07399999999967,-19.07399999999967,0.0,-1
2025-10-22 01:40:00,190.97,0.6967096047347224,-19.096999999999866,-19.096999999999866,0.0,-1
2025-10-22 01:45:00,191.23,0.6726589186822433,-19.122999999999877,-19.122999999999877,0.0,-1
2025-10-22 01:50:00,191.31,0.653183281633512,-19.130999999999858,-19.130999999999858,0.0,-1
2025-10-22 01:55:00,191.32,0.6479559043739763,-19.13199999999989,-19.13199999999989,0.0,-1
2025-10-22 02:00:00,190.91,0.6373876254901208,-19.09099999999995,-19.09099999999995,0.0,-1
2025-10-22 02:05:00,190.41,0.6240027950979685,-19.040999999999997,-19.040999999999997,0.0,-1
2025-10-22 02:10:00,190.65,0.6158597383052559,-19.064999999999657,-19.064999999999657,0.0,-1
2025-10-22 02:15:00,190.41,0.6025840427120238,-19.040999999999997,-19.040999999999997,0.0,-1
2025-10-22 02:20:00,189.68,0.5909708968040219,-18.967999999999847,-18.967999999999847,0.0,-1
2025-10-22 02:25:00,189.05,0.5680444041751619,-18.904999999999745,-18.904999999999745,0.0,-1
2025-10-22 02:30:00,188.71,0.5603269467340795,-18.870999999999754,-18.870999999999754,0.0,-1
2025-10-22 02:35:00,187.92,0.5588750219673589,-18.791999999999973,-18.791999999999973,0.0,-1
2025-10-22 02:40:00,188.66,0.5296696632554052,-18.86599999999987,-18.86599999999987,0.0,-1
2025-10-22 02:45:00,188.99,0.518978973022876,-18.89899999999983,-18.89899999999983,0.0,-1
2025-10-22 02:50:00,188.71,0.5054804749498123,-18.870999999999754,-18.870999999999754,0.0,-1
2025-10-22 02:55:00,188.55,0.4929461553105409,-18.85499999999979,-18.85499999999979,0.0,-1
2025-10-22 03:00:00,188.67,0.49416428707407306,-18.866999999999905,-18.866999999999905,0.0,-1
2025-10-22 03:05:00,188.67,0.49815255228306865,-18.866999999999905,-18.866999999999905,0.0,-1
2025-10-22 03:10:00,188.19,0.48971308426284915,-18.818999999999733,-18.818999999999733,0.0,-1
2025-10-22 03:15:00,187.79,0.4797335782440738,-18.778999999999826,-18.778999999999826,0.0,-1
2025-10-22 03:20:00,188.37,0.4768954655123541,-18.83699999999976,-18.83699999999976,0.0,-1
2025-10-22 03:25:00,187.55,0.49354578940432736,-18.75499999999988,-18.75499999999988,0.0,-1
2025-10-22 03:30:00,186.61,0.499721090161162,-18.660999999999888,-18.660999999999888,0.0,-1
2025-10-22 03:35:00,185.71,0.5240267265782221,-18.570999999999742,-18.570999999999742,0.0,-1
2025-10-22 03:40:00,185.47,0.5151676746797781,-18.546999999999798,-18.546999999999798,0.0,-1
2025-10-22 03:45:00,185.64,0.5055128407740813,-18.563999999999794,-18.563999999999794,0.0,-1
2025-10-22 03:50:00,186.02,0.5086904950045049,-18.60199999999992,-18.60199999999992,0.0,-1
2025-10-22 03:55:00,185.69,0.4994983167898971,-18.568999999999676,-18.568999999999676,0.0,-1
2025-10-22 04:00:00,186.32,0.5152484370191901,-18.631999999999778,-18.631999999999778,0.0,-1
2025-10-22 04:05:00,186.19,0.5170164058035351,-18.61899999999963,-18.61899999999963,0.0,-1
2025-10-22 04:10:00,186.36,0.5300866625318532,-18.63599999999991,-18.63599999999991,0.0,-1
2025-10-22 04:15:00,185.25,0.5250804723510072,-18.52499999999992,-18.52499999999992,0.0,-1
2025-10-22 04:20:00,185.13,0.5168604386116493,-18.512999999999806,-18.512999999999806,0.0,-1
2025-10-22 04:25:00,184.79,0.49565612156796,-18.478999999999814,-18.478999999999814,0.0,-1
2025-10-22 04:30:00,184.76,0.48668068431310607,-18.475999999999715,-18.475999999999715,0.0,-1
2025-10-22 04:35:00,184.71,0.4947749211478838,-18.470999999999833,-18.470999999999833,0.0,-1
2025-10-22 04:40:00,185.06,0.47729099820874926,-18.505999999999858,-18.505999999999858,0.0,-1
2025-10-22 04:45:00,185.46,0.4596273554795542,-18.545999999999765,-18.545999999999765,0.0,-1
2025-10-22 04:50:00,185.63,0.451082544373872,-18.56299999999976,-18.56299999999976,0.0,-1
2025-10-22 04:55:00,185.69,0.43957664834716836,-18.568999999999676,-18.568999999999676,0.0,-1
2025-10-22 05:00:00,186.1,0.44174974489379915,-18.609999999999616,-18.609999999999616,0.0,-1
2025-10-22 05:05:00,186.7,0.46233904882995563,-18.669999999999902,-18.669999999999902,0.0,-1
2025-10-22 05:10:00,186.91,0.45931483105638854,-18.690999999999747,-18.690999999999747,0.0,-1
2025-10-22 05:15:00,186.02,0.46793520026664537,-18.60199999999992,-18.60199999999992,0.0,-1
2025-10-22 05:20:00,186.61,0.5316541145333125,-18.660999999999888,-18.660999999999888,0.0,-1
2025-10-22 05:25:00,186.3,0.5543931063523612,-18.62999999999971,-18.62999999999971,0.0,-1
2025-10-22 05:30:00,186.14,0.5562221701843363,-18.61399999999975,-18.61399999999975,0.0,-1
2025-10-22 05:35:00,186.38,0.5429205865997412,-18.637999999999977,-18.637999999999977,0.0,-1
2025-10-22 05:40:00,186.48,0.5377119732711881,-18.64799999999974,-18.64799999999974,0.0,-1
2025-10-22 05:45:00,186.56,0.537875403751817,-18.656000000000006,-18.656000000000006,0.0,-1
2025-10-22 05:50:00,186.64,0.5173128749124015,-18.663999999999703,-18.663999999999703,0.0,-1
2025-10-22 05:55:00,186.99,0.5032190981329437,-18.699000000000012,-18.699000000000012,0.0,-1
2025-10-22 06:00:00,186.81,0.5165605911234477,-18.680999999999983,-18.680999999999983,0.0,-1
2025-10-22 06:05:00,187.26,0.4996634060432015,-18.72599999999977,-18.72599999999977,0.0,-1
2025-10-22 06:10:00,187.24,0.4911160198972582,-18.72399999999999,-18.72399999999999,0.0,-1
2025-10-22 06:15:00,187.03,0.48532201847602524,-18.70299999999986,-18.70299999999986,0.0,-1
2025-10-22 06:20:00,187.13,0.47422758858487946,-18.71299999999991,-18.71299999999991,0.0,-1
2025-10-22 06:25:00,187.01,0.48678276082881705,-18.700999999999794,-18.700999999999794,0.0,-1
2025-10-22 06:30:00,186.72,0.48344113505533,-18.67199999999997,-18.67199999999997,0.0,-1
2025-10-22 06:35:00,186.36,0.48748105397994873,-18.63599999999991,-18.63599999999991,0.0,-1
2025-10-22 06:40:00,186.26,0.4683752644099523,-18.625999999999863,-18.625999999999863,0.0,-1
2025-10-22 06:45:00,186.08,0.45634845980924227,-18.607999999999834,-18.607999999999834,0.0,-1
2025-10-22 06:50:00,186.19,0.4644664269657245,-18.61899999999963,-18.61899999999963,0.0,-1
2025-10-22 06:55:00,185.92,0.4562902536110295,-18.59199999999987,-18.59199999999987,0.0,-1
2025-10-22 07:00:00,185.44,0.44726952121024255,-18.5439999999997,-18.5439999999997,0.0,-1
2025-10-22 07:05:00,185.11,0.45675026969522614,-18.51099999999974,-18.51099999999974,0.0,-1
2025-10-22 07:10:00,184.88,0.4691252504312811,-18.48799999999983,-18.48799999999983,0.0,-1
2025-10-22 07:15:00,184.88,0.5027591611147609,-18.48799999999983,-18.48799999999983,0.0,-1
2025-10-22 07:20:00,185.18,0.48970493532084897,-18.517999999999972,-18.517999999999972,0.0,-1
2025-10-22 07:25:00,185.69,0.4797260113693594,-18.568999999999676,-18.568999999999676,0.0,-1
2025-10-22 07:30:00,185.41,0.4747455819858335,-18.540999999999883,-18.540999999999883,0.0,-1
2025-10-22 07:35:00,184.6,0.4815494689868449,-18.459999999999752,-18.459999999999752,0.0,-1
2025-10-22 07:40:00,184.76,0.4735816497734992,-18.475999999999715,-18.475999999999715,0.0,-1
2025-10-22 07:45:00,184.92,0.4654686747896768,-18.491999999999678,-18.491999999999678,0.0,-1
2025-10-22 07:50:00,185.21,0.4557923408761273,-18.520999999999788,-18.520999999999788,0.0,-1
2025-10-22 07:55:00,185.25,0.4575214593849767,-18.52499999999992,-18.52499999999992,0.0,-1
2025-10-22 08:00:00,185.77,0.45269849800033657,-18.57699999999994,-18.57699999999994,0.0,-1
2025-10-22 08:05:00,186.16,0.4382200338574554,-18.615999999999815,-18.615999999999815,0.0,-1
2025-10-22 08:10:00,185.57,0.42977574572478155,-18.556999999999846,-18.556999999999846,0.0,-1
2025-10-22 08:15:00,185.64,0.4312203353158678,-18.563999999999794,-18.563999999999794,0.0,-1
2025-10-22 08:20:00,185.56,0.41756173993616363,-18.555999999999813,-18.555999999999813,0.0,-1
2025-10-22 08:25:00,185.56,0.41987875851215317,-18.555999999999813,-18.555999999999813,0.0,-1
2025-10-22 08:30:00,185.81,0.42060170433271216,-18.58099999999979,-18.58099999999979,0.0,-1
2025-10-22 08:35:00,186.16,0.4205587254518053,-18.615999999999815,-18.615999999999815,0.0,-1
2025-10-22 08:40:00,186.01,0.4148045307766766,-18.600999999999885,-18.600999999999885,0.0,-1
2025-10-22 08:45:00,185.94,0.41446135000691375,-18.593999999999653,-18.593999999999653,0.0,-1
2025-10-22 08:50:00,185.87,0.40128553929213345,-18.586999999999705,-18.586999999999705,0.0,-1
2025-10-22 08:55:00,185.93,0.386908000771268,-18.592999999999904,-18.592999999999904,0.0,-1
2025-10-22 09:00:00,185.97,0.37784314357331966,-18.596999999999753,-18.596999999999753,0.0,-1
2025-10-22 09:05:00,185.28,0.39514006188951145,-18.527999999999736,-18.527999999999736,0.0,-1
2025-10-22 09:10:00,185.25,0.3897729146116908,-18.52499999999992,-18.52499999999992,0.0,-1
2025-10-22 09:15:00,185.09,0.39764627785371287,-18.508999999999958,-18.508999999999958,0.0,-1
2025-10-22 09:20:00,183.93,0.41424297229273305,-18.3929999999998,-18.3929999999998,0.0,-1
2025-10-22 09:25:00,184.08,0.4110827599861096,-18.40799999999973,-18.40799999999973,0.0,-1
2025-10-22 09:30:00,184.1,0.3981482771299602,-18.409999999999798,-18.409999999999798,0.0,-1
2025-10-22 09:35:00,184.05,0.4118519716206776,-18.404999999999916,-18.404999999999916,0.0,-1
2025-10-22 09:40:00,184.39,0.4152911165049155,-18.438999999999908,-18.438999999999908,0.0,-1
2025-10-22 09:45:00,184.56,0.41705603675456426,-18.45599999999962,-18.45599999999962,0.0,-1
2025-10-22 09:50:00,184.4,0.41869489127209525,-18.439999999999657,-18.439999999999657,0.0,-1
2025-10-22 09:55:00,184.62,0.4116452561812308,-18.46199999999982,-18.46199999999982,0.0,-1
2025-10-22 10:00:00,184.07,0.42081345216828725,-18.406999999999982,-18.406999999999982,0.0,-1
2025-10-22 10:05:00,184.16,0.41289820558483836,-18.415999999999997,-18.415999999999997,0.0,-1
2025-10-22 10:10:00,184.42,0.404834048043065,-18.441999999999723,-18.441999999999723,0.0,-1
2025-10-22 10:15:00,184.48,0.42163161603999,-18.447999999999922,-18.447999999999922,0.0,-1
2025-10-22 10:20:00,184.57,0.4122293577514187,-18.456999999999937,-18.456999999999937,0.0,-1
2025-10-22 10:25:00,184.2,0.40349868934060457,-18.419999999999845,-18.419999999999845,0.0,-1
2025-10-22 10:30:00,184.53,0.39110592581627496,-18.452999999999804,-18.452999999999804,0.0,-1
2025-10-22 10:35:00,184.6,0.3917412168293986,-18.459999999999752,-18.459999999999752,0.0,-1
2025-10-22 10:40:00,184.78,0.4037597013415846,-18.47799999999978,-18.47799999999978,0.0,-1
2025-10-22 10:45:00,184.79,0.3942054369600436,-18.478999999999814,-18.478999999999814,0.0,-1
2025-10-22 10:50:00,184.33,0.4096193343200415,-18.43299999999971,-18.43299999999971,0.0,-1
2025-10-22 10:55:00,184.1,0.394646524725752,-18.409999999999798,-18.409999999999798,0.0,-1
2025-10-22 11:00:00,183.97,0.509314630102484,-18.39699999999965,-18.39699999999965,0.0,-1
2025-10-22 11:05:00,183.66,0.5236492993808786,-18.365999999999758,-18.365999999999758,0.0,-1
2025-10-22 11:10:00,183.43,0.6526743494251004,-18.342999999999847,-18.342999999999847,0.0,-1
2025-10-22 11:15:00,184.24,0.6853404673233064,-18.423999999999694,-18.423999999999694,0.0,-1
2025-10-22 11:20:00,184.24,0.7113875768002139,-18.423999999999694,-18.423999999999694,0.0,-1
2025-10-22 11:25:00,184.18,0.6877170356001984,-18.41799999999978,-18.41799999999978,0.0,-1
2025-10-22 11:30:00,184.16,0.685022961628754,-18.415999999999997,-18.415999999999997,0.0,-1
2025-10-22 11:35:00,184.7,0.6889498929409865,-18.4699999999998,-18.4699999999998,0.0,-1
2025-10-22 11:40:00,184.68,0.6925963291594881,-18.467999999999734,-18.467999999999734,0.0,-1
2025-10-22 11:45:00,184.7,0.6724108770766672,-18.4699999999998,-18.4699999999998,0.0,-1
2025-10-22 11:50:00,184.67,0.6772386715711917,-18.4669999999997,-18.4669999999997,0.0,-1
2025-10-22 11:55:00,185.03,0.6588644807446771,-18.50299999999976,-18.50299999999976,0.0,-1
2025-10-22 12:00:00,184.7,0.6653741606914859,-18.4699999999998,-18.4699999999998,0.0,-1
2025-10-22 12:05:00,184.57,0.6592760063563807,-18.456999999999937,-18.456999999999937,0.0,-1
2025-10-22 12:10:00,184.33,0.6500420059023536,-18.43299999999971,-18.43299999999971,0.0,-1
2025-10-22 12:15:00,184.45,0.7071818626236133,-18.444999999999823,-18.444999999999823,0.0,-1
2025-10-22 12:20:00,184.49,0.6945260152933552,-18.44899999999967,-18.44899999999967,0.0,-1
2025-10-22 12:25:00,184.72,0.6706312999152594,-18.471999999999866,-18.471999999999866,0.0,-1
2025-10-22 12:30:00,184.41,0.6620147784927417,-18.440999999999974,-18.440999999999974,0.0,-1
2025-10-22 12:35:00,184.75,0.6582994371718326,-18.474999999999966,-18.474999999999966,0.0,-1
2025-10-22 12:40:00,184.99,0.6577066202309858,-18.498999999999626,-18.498999999999626,0.0,-1
2025-10-22 12:45:00,184.85,0.6614418616430568,-18.48499999999973,-18.48499999999973,0.0,-1
2025-10-22 12:50:00,184.77,0.6399103000971231,-18.476999999999748,-18.476999999999748,0.0,-1
2025-10-22 12:55:00,184.74,0.6184881358044717,-18.47399999999965,-18.47399999999965,0.0,-1
2025-10-22 13:00:00,184.71,0.6193104118184377,-18.470999999999833,-18.470999999999833,0.0,-1
2025-10-22 13:05:00,184.3,0.5943596681171195,-18.429999999999893,-18.429999999999893,0.0,-1
2025-10-22 13:10:00,184.03,0.6347625489658965,-18.40299999999985,-18.40299999999985,0.0,-1
2025-10-22 13:15:00,183.84,0.6187080811826179,-18.383999999999787,-18.383999999999787,0.0,-1
2025-10-22 13:20:00,184.26,0.6095146468124316,-18.42599999999976,-18.42599999999976,0.0,-1
2025-10-22 13:25:00,184.45,0.6002636006115449,-18.444999999999823,-18.444999999999823,0.0,-1
2025-10-22 13:30:00,184.42,0.6523876291392906,-18.441999999999723,-18.441999999999723,0.0,-1
2025-10-22 13:35:00,183.96,0.7429313699150567,-18.3959999999999,-18.3959999999999,0.0,-1
2025-10-22 13:40:00,183.62,0.7612934149211241,-18.36199999999991,-18.36199999999991,0.0,-1
2025-10-22 13:45:00,183.81,0.7719153138553293,-18.380999999999688,-18.380999999999688,0.0,-1
2025-10-22 13:50:00,183.91,0.8032070771513778,-18.390999999999735,-18.390999999999735,0.0,-1
2025-10-22 13:55:00,184.06,0.8579780002119932,-18.405999999999665,-18.405999999999665,0.0,-1
2025-10-22 14:00:00,184.26,0.9052652859111373,-18.42599999999976,-18.42599999999976,0.0,-1
2025-10-22 14:05:00,184.5,0.893460622631769,-18.44999999999999,-18.44999999999999,0.0,-1
2025-10-22 14:10:00,184.24,0.8739277210152123,-18.423999999999694,-18.423999999999694,0.0,-1
2025-10-22 14:15:00,183.88,0.8615043123712678,-18.387999999999636,-18.387999999999636,0.0,-1
2025-10-22 14:20:00,183.85,0.950682575773319,-18.38499999999982,-18.38499999999982,0.0,-1
2025-10-22 14:25:00,183.99,1.0077766775037962,-18.398999999999717,-18.398999999999717,0.0,-1
2025-10-22 14:30:00,184.12,1.052221200539239,-18.411999999999864,-18.411999999999864,0.0,-1
2025-10-22 14:35:00,183.83,1.0992054005007226,-18.382999999999754,-18.382999999999754,0.0,-1
2025-10-22 14:40:00,183.46,1.1021193004649557,-18.345999999999947,-18.345999999999947,0.0,-1
2025-10-22 14:45:00,183.44,1.1269679218603172,-18.34399999999988,-18.34399999999988,0.0,-1
2025-10-22 14:50:00,183.75,1.115755927441723,-18.374999999999773,-18.374999999999773,0.0,-1
2025-10-22 14:55:00,183.56,1.2024876469101724,-18.35599999999971,-18.35599999999971,0.0,-1
2025-10-22 15:00:00,183.02,1.2065956721308737,-18.301999999999623,-18.301999999999623,0.0,-1
2025-10-22 15:05:00,183.11,1.2032674098358112,-18.310999999999638,-18.310999999999638,0.0,-1
2025-10-22 15:10:00,184.97,1.1873197377046831,-18.496999999999844,-18.496999999999844,0.0,-1
2025-10-22 15:15:00,185.56,1.1860826135829192,-18.555999999999813,-18.555999999999813,0.0,-1
2025-10-22 15:20:00,185.11,1.1756481411841389,-18.51099999999974,-18.51099999999974,0.0,-1
2025-10-22 15:25:00,184.83,1.1316732739567006,-18.482999999999663,-18.482999999999663,0.0,-1
2025-10-22 15:30:00,185.2,1.1179823258169361,-18.519999999999754,-18.519999999999754,0.0,-1
2025-10-22 15:35:00,185.75,1.1352693025442988,-18.574999999999875,-18.574999999999875,0.0,-1
2025-10-22 15:40:00,185.22,1.0891786380768496,-18.52199999999982,-18.52199999999982,0.0,-1
2025-10-22 15:45:00,185.34,1.085665878214217,-18.533999999999935,-18.533999999999935,0.0,-1
2025-10-22 15:50:00,185.16,1.0509754583417745,-18.515999999999906,-18.515999999999906,0.0,-1
2025-10-22 15:55:00,185.07,1.029477211317362,-18.50699999999989,-18.50699999999989,0.0,-1
2025-10-22 16:00:00,184.65,1.0145145533661215,-18.464999999999634,-18.464999999999634,0.0,-1
2025-10-22 16:05:00,184.89,1.0049063709828268,-18.488999999999862,-18.488999999999862,0.0,-1
2025-10-22 16:10:00,185.15,0.9945559159126258,-18.514999999999873,-18.514999999999873,0.0,-1
2025-10-22 16:15:00,186.41,0.9556590647760089,-18.640999999999792,-18.640999999999792,0.0,-1
2025-10-22 16:20:00,186.25,0.9502548458634366,-18.62499999999983,-18.62499999999983,0.0,-1
2025-10-22 16:25:00,186.14,0.9652366425874765,-18.61399999999975,-18.61399999999975,0.0,-1
2025-10-22 16:30:00,186.48,1.0412911681169426,-18.64799999999974,-18.64799999999974,0.0,-1
2025-10-22 16:35:00,186.8,1.0361989418228752,-18.679999999999666,-18.679999999999666,0.0,-1
2025-10-22 16:40:00,186.31,1.0243275888355272,-18.630999999999744,-18.630999999999744,0.0,-1
2025-10-22 16:45:00,185.69,1.01473276106156,-18.568999999999676,-18.568999999999676,0.0,-1
2025-10-22 16:50:00,185.89,0.9901089924143048,-18.58899999999977,-18.58899999999977,0.0,-1
2025-10-22 16:55:00,185.8,0.9808154929561391,-18.579999999999757,-18.579999999999757,0.0,-1
2025-10-22 17:00:00,185.36,0.9429001006021305,-18.536,-18.536,0.0,-1
2025-10-22 17:05:00,185.35,0.9284072362734076,-18.534999999999684,-18.534999999999684,0.0,-1
2025-10-22 17:10:00,186.14,0.8956638622538784,-18.61399999999975,-18.61399999999975,0.0,-1
2025-10-22 17:15:00,186.09,0.8724021578071723,-18.608999999999867,-18.608999999999867,0.0,-1
2025-10-22 17:20:00,185.9,0.8436591465352314,-18.589999999999804,-18.589999999999804,0.0,-1
2025-10-22 17:25:00,185.74,0.8098263503541439,-18.57399999999984,-18.57399999999984,0.0,-1
2025-10-22 17:30:00,184.58,0.7984101824717055,-18.457999999999686,-18.457999999999686,0.0,-1
2025-10-22 17:35:00,186.06,0.8292380265808686,-18.605999999999767,-18.605999999999767,0.0,-1
2025-10-22 17:40:00,185.38,0.822863881825093,-18.537999999999784,-18.537999999999784,0.0,-1
2025-10-22 17:45:00,184.79,0.8083736045518723,-18.478999999999814,-18.478999999999814,0.0,-1
2025-10-22 17:50:00,185.58,0.8192040613695963,-18.55799999999988,-18.55799999999988,0.0,-1
2025-10-22 17:55:00,186.52,0.7914037712717685,-18.651999999999873,-18.651999999999873,0.0,-1
2025-10-22 18:00:00,185.32,0.7770177876094976,-18.53199999999987,-18.53199999999987,0.0,-1
2025-10-22 18:05:00,185.05,0.7715165170659632,-18.504999999999825,-18.504999999999825,0.0,-1
2025-10-22 18:10:00,185.0,0.8264081944183939,-18.499999999999943,-18.499999999999943,0.0,-1
2025-10-22 18:15:00,184.71,0.8252361805313659,-18.470999999999833,-18.470999999999833,0.0,-1
2025-10-22 18:20:00,183.15,0.8291478819219823,-18.31499999999977,-18.31499999999977,0.0,-1
2025-10-22 18:25:00,182.6,0.8084944617846973,-18.259999999999934,-18.259999999999934,0.0,-1
2025-10-22 18:30:00,182.66,0.8007448573715038,-18.26599999999985,-18.26599999999985,0.0,-1
2025-10-22 18:35:00,183.1,0.7864059389878246,-18.30999999999989,-18.30999999999989,0.0,-1
2025-10-22 18:40:00,182.74,0.7923769433458375,-18.27399999999983,-18.27399999999983,0.0,-1
2025-10-22 18:45:00,183.32,0.7822071616782781,-18.331999999999766,-18.331999999999766,0.0,-1
2025-10-22 18:50:00,183.3,0.7634780787012589,-18.329999999999984,-18.329999999999984,0.0,-1
2025-10-22 18:55:00,185.54,0.7432296445083112,-18.553999999999746,-18.553999999999746,0.0,-1
2025-10-22 19:00:00,185.09,0.771570384186288,-18.508999999999958,-18.508999999999958,0.0,-1
2025-10-22 19:05:00,184.71,0.770029642458696,-18.470999999999833,-18.470999999999833,0.0,-1
2025-10-22 19:10:00,183.83,0.7514560965687885,-18.382999999999754,-18.382999999999754,0.0,-1
2025-10-22 19:15:00,183.3,0.7342092325281602,-18.329999999999984,-18.329999999999984,0.0,-1
2025-10-22 19:20:00,183.03,0.7267657159190076,-18.30299999999994,-18.30299999999994,0.0,-1
2025-10-22 19:25:00,182.9,0.7027110219247918,-18.289999999999793,-18.289999999999793,0.0,-1
2025-10-22 19:30:00,183.29,0.687517377501591,-18.328999999999667,-18.328999999999667,0.0,-1
2025-10-22 19:35:00,184.11,0.681980421965762,-18.41099999999983,-18.41099999999983,0.0,-1
2025-10-22 19:40:00,184.37,0.7018389632539225,-18.43699999999984,-18.43699999999984,0.0,-1
2025-10-22 19:45:00,184.0,0.6824218944500694,-18.39999999999975,-18.39999999999975,0.0,-1
2025-10-22 19:50:00,184.17,0.7001060448464935,-18.416999999999746,-18.416999999999746,0.0,-1
2025-10-22 19:55:00,183.99,0.9586698987860292,-18.398999999999717,-18.398999999999717,0.0,-1
2025-10-22 20:00:00,183.84,0.9616220488727414,-18.383999999999787,-18.383999999999787,0.0,-1
2025-10-22 20:05:00,184.33,0.9500776168104036,-18.43299999999971,-18.43299999999971,0.0,-1
2025-10-22 20:10:00,183.66,0.92292921560966,-18.365999999999758,-18.365999999999758,0.0,-1
2025-10-22 20:15:00,183.61,0.9198628430661125,-18.360999999999876,-18.360999999999876,0.0,-1
2025-10-22 20:20:00,183.11,0.9005869257042478,-18.310999999999638,-18.310999999999638,0.0,-1
2025-10-22 20:25:00,184.04,0.8648307167253734,-18.403999999999883,-18.403999999999883,0.0,-1
2025-10-22 20:30:00,183.98,0.8680570941021322,-18.397999999999968,-18.397999999999968,0.0,-1
2025-10-22 20:35:00,184.19,0.8724815873805518,-18.418999999999812,-18.418999999999812,0.0,-1
2025-10-22 20:40:00,184.33,0.8351614739962263,-18.43299999999971,-18.43299999999971,0.0,-1
2025-10-22 20:45:00,184.14,0.7940785115679239,-18.41399999999993,-18.41399999999993,0.0,-1
2025-10-22 20:50:00,184.06,0.7837871893130726,-18.405999999999665,-18.405999999999665,0.0,-1
2025-10-22 20:55:00,183.65,0.760659532933568,-18.364999999999725,-18.364999999999725,0.0,-1
2025-10-22 21:00:00,183.67,0.8470409948668846,-18.36699999999979,-18.36699999999979,0.0,-1
2025-10-22 21:05:00,184.16,0.8572523523763935,-18.415999999999997,-18.415999999999997,0.0,-1
2025-10-22 21:10:00,183.84,0.9488771843495094,-18.383999999999787,-18.383999999999787,0.0,-1
2025-10-22 21:15:00,183.34,0.9375288140388296,-18.333999999999833,-18.333999999999833,0.0,-1
2025-10-22 21:20:00,183.16,0.9341338987503408,-18.315999999999804,-18.315999999999804,0.0,-1
2025-10-22 21:25:00,183.12,0.9559814774110315,-18.311999999999955,-18.311999999999955,0.0,-1
2025-10-22 21:30:00,183.57,0.9591256575959578,-18.356999999999744,-18.356999999999744,0.0,-1
2025-10-22 21:35:00,182.61,0.9434738249105329,-18.260999999999683,-18.260999999999683,0.0,-1
2025-10-22 21:40:00,182.26,0.9425114088454953,-18.225999999999942,-18.225999999999942,0.0,-1
2025-10-22 21:45:00,182.43,0.9273320224993878,-18.242999999999654,-18.242999999999654,0.0,-1
2025-10-22 21:50:00,181.57,0.911808306606575,-18.15699999999964,-18.15699999999964,0.0,-1
2025-10-22 21:55:00,181.66,0.8738219989918193,-18.165999999999656,-18.165999999999656,0.0,-1
2025-10-22 22:00:00,182.09,0.8921204276352606,-18.208999999999662,-18.208999999999662,0.0,-1
2025-10-22 22:05:00,181.8,0.8948261113755996,-18.179999999999836,-18.179999999999836,0.0,-1
2025-10-22 22:10:00,180.98,0.8687671034201998,-18.097999999999672,-18.097999999999672,0.0,-1
2025-10-22 22:15:00,180.56,0.8431408817473278,-18.055999999999983,-18.055999999999983,0.0,-1
2025-10-22 22:20:00,181.28,0.8436308187653775,-18.127999999999815,-18.127999999999815,0.0,-1
2025-10-22 22:25:00,181.11,0.816228617424994,-18.11099999999982,-18.11099999999982,0.0,-1
2025-10-22 22:30:00,180.9,0.8072122876089228,-18.089999999999975,-18.089999999999975,0.0,-1
2025-10-22 22:35:00,181.31,0.7995542670654295,-18.130999999999915,-18.130999999999915,0.0,-1
2025-10-22 22:40:00,180.54,0.8031575337036148,-18.053999999999917,-18.053999999999917,0.0,-1
2025-10-22 22:45:00,180.88,0.804360567010499,-18.08799999999991,-18.08799999999991,0.0,-1
2025-10-22 22:50:00,180.89,0.7983348122240347,-18.088999999999658,-18.088999999999658,0.0,-1
2025-10-22 22:55:00,180.91,0.7641680399223174,-18.090999999999724,-18.090999999999724,0.0,-1
2025-10-22 23:00:00,181.81,0.7860131799278657,-18.18099999999987,-18.18099999999987,0.0,-1
2025-10-22 23:05:00,182.17,0.7577265242187314,-18.216999999999928,-18.216999999999928,0.0,-1
2025-10-22 23:10:00,181.8,0.7307460582031075,-18.179999999999836,-18.179999999999836,0.0,-1
2025-10-22 23:15:00,181.66,0.7235499111885995,-18.165999999999656,-18.165999999999656,0.0,-1
2025-10-22 23:20:00,181.46,0.7047249175322695,-18.145999999999844,-18.145999999999844,0.0,-1
2025-10-22 23:25:00,181.37,0.7186731377085364,-18.13699999999983,-18.13699999999983,0.0,-1
2025-10-22 23:30:00,181.17,0.7259107707293547,-18.116999999999734,-18.116999999999734,0.0,-1
2025-10-22 23:35:00,181.23,0.7062028585344,-18.12299999999965,-18.12299999999965,0.0,-1
2025-10-22 23:40:00,180.6,0.6879026543533727,-18.05999999999983,-18.05999999999983,0.0,-1
2025-10-22 23:45:00,180.5,0.6666238933281329,-18.049999999999784,-18.049999999999784,0.0,-1
2025-10-22 23:50:00,180.41,0.6418650438046963,-18.04099999999977,-18.04099999999977,0.0,-1
2025-10-22 23:55:00,180.21,0.6188746835329338,-18.020999999999674,-18.020999999999674,0.0,-1
2025-10-23 00:00:00,179.8,0.5989550632805817,-17.979999999999734,-17.979999999999734,0.0,-1
2025-10-23 00:05:00,180.28,0.5854582730462542,-18.027999999999622,-18.027999999999622,0.0,-1
2025-10-23 00:10:00,180.17,0.5829255392572348,-18.016999999999825,-18.016999999999825,0.0,-1
2025-10-23 00:15:00,179.4,0.5770022864531466,-17.939999999999827,-17.939999999999827,0.0,-1
2025-10-23 00:20:00,179.61,0.5943592659922091,-17.960999999999956,-17.960999999999956,0.0,-1
2025-10-23 00:25:00,179.51,0.5733336041356236,-17.950999999999624,-17.950999999999624,0.0,-1
2025-10-23 00:30:00,179.93,0.6023812038402212,-17.99299999999988,-17.99299999999988,0.0,-1
2025-10-23 00:35:00,180.67,0.5757825464230618,-18.06699999999978,-18.06699999999978,0.0,-1
2025-10-23 00:40:00,180.6,0.5675123645357009,-18.05999999999983,-18.05999999999983,0.0,-1
2025-10-23 00:45:00,180.39,0.5562614813545792,-18.038999999999703,-18.038999999999703,0.0,-1
2025-10-23 00:50:00,179.85,0.5315285184006813,-17.9849999999999,-17.9849999999999,0.0,-1
2025-10-23 00:55:00,180.15,0.5078479099434889,-18.01499999999976,-18.01499999999976,0.0,-1
2025-10-23 01:00:00,179.55,0.49157305923323985,-17.954999999999757,-17.954999999999757,0.0,-1
2025-10-23 01:05:00,178.88,0.48003212643086446,-17.887999999999806,-17.887999999999806,0.0,-1
2025-10-23 01:10:00,178.96,0.5300298316858032,-17.895999999999788,-17.895999999999788,0.0,-1
2025-10-23 01:15:00,179.04,0.5300277008511031,-17.90399999999977,-17.90399999999977,0.0,-1
2025-10-23 01:20:00,178.87,0.5564542936474512,-17.886999999999773,-17.886999999999773,0.0,-1
2025-10-23 01:25:00,177.78,0.5388504155297763,-17.77799999999985,-17.77799999999985,0.0,-1
2025-10-23 01:30:00,177.35,0.5767896715633632,-17.734999999999843,-17.734999999999843,0.0,-1
2025-10-23 01:35:00,178.08,0.5677332664516956,-17.80799999999971,-17.80799999999971,0.0,-1
2025-10-23 01:40:00,177.9,0.5650380331337175,-17.78999999999968,-17.78999999999968,0.0,-1
2025-10-23 01:45:00,178.4,0.551106745052738,-17.839999999999634,-17.839999999999634,0.0,-1
2025-10-23 01:50:00,178.64,0.530313406120399,-17.863999999999862,-17.863999999999862,0.0,-1
2025-10-23 01:55:00,178.38,0.5088624485403698,-17.83799999999985,-17.83799999999985,0.0,-1
2025-10-23 02:00:00,179.01,0.4960865593589157,-17.90099999999967,-17.90099999999967,0.0,-1
2025-10-23 02:05:00,179.29,0.47708037654756386,-17.928999999999746,-17.928999999999746,0.0,-1
2025-10-23 02:10:00,178.95,0.45657463536559484,-17.894999999999754,-17.894999999999754,0.0,-1
2025-10-23 02:15:00,178.74,0.45324787569662356,-17.873999999999626,-17.873999999999626,0.0,-1
2025-10-23 02:20:00,178.2,0.43373017028972033,-17.819999999999823,-17.819999999999823,0.0,-1
2025-10-23 02:25:00,177.89,0.4120351581261686,-17.78899999999993,-17.78899999999993,0.0,-1
2025-10-23 02:30:00,178.51,0.40188978968858585,-17.850999999999715,-17.850999999999715,0.0,-1
2025-10-23 02:35:00,178.26,0.40675480471082964,-17.825999999999738,-17.825999999999738,0.0,-1
2025-10-23 02:40:00,178.97,0.3905580329457709,-17.89699999999982,-17.89699999999982,0.0,-1
2025-10-23 02:45:00,178.6,0.3869467448782161,-17.85999999999973,-17.85999999999973,0.0,-1
2025-10-23 02:50:00,178.95,0.37645054881548706,-17.894999999999754,-17.894999999999754,0.0,-1
2025-10-23 02:55:00,178.84,0.38313265247152567,-17.883999999999958,-17.883999999999958,0.0,-1
2025-10-23 03:00:00,179.51,0.39005174872355886,-17.950999999999624,-17.950999999999624,0.0,-1
2025-10-23 03:05:00,179.56,0.38433376667187624,-17.95599999999979,-17.95599999999979,0.0,-1
2025-10-23 03:10:00,179.68,0.37545278333817017,-17.967999999999904,-17.967999999999904,0.0,-1
2025-10-23 03:15:00,180.25,0.37363472738544334,-18.024999999999807,-18.024999999999807,0.0,-1
2025-10-23 03:20:00,179.87,0.3683751040007696,-17.986999999999682,-17.986999999999682,0.0,-1
2025-10-23 03:25:00,179.55,0.3870625965721429,-17.954999999999757,-17.954999999999757,0.0,-1
2025-10-23 03:30:00,180.23,0.3787009825312763,-18.02299999999974,-18.02299999999974,0.0,-1
2025-10-23 03:35:00,180.18,0.39093662663618395,-18.01799999999986,-18.01799999999986,0.0,-1
2025-10-23 03:40:00,179.75,0.37872686759074214,-17.974999999999852,-17.974999999999852,0.0,-1
2025-10-23 03:45:00,179.94,0.37310351990568996,-17.99399999999963,-17.99399999999963,0.0,-1
2025-10-23 03:50:00,180.21,0.37788183991242624,-18.020999999999674,-18.020999999999674,0.0,-1
2025-10-23 03:55:00,180.09,0.36660456563296717,-18.008999999999844,-18.008999999999844,0.0,-1
2025-10-23 04:00:00,179.97,0.3704185252306135,-17.997000000000014,-17.997000000000014,0.0,-1
2025-10-23 04:05:00,180.13,0.36467434485699773,-18.012999999999977,-18.012999999999977,0.0,-1
2025-10-23 04:10:00,180.33,0.35076903451006847,-18.032999999999788,-18.032999999999788,0.0,-1
2025-10-23 04:15:00,180.61,0.3671426749022053,-18.060999999999865,-18.060999999999865,0.0,-1
2025-10-23 04:20:00,179.97,0.38591819812347605,-17.997000000000014,-17.997000000000014,0.0,-1
2025-10-23 04:25:00,179.9,0.37549546968608355,-17.98999999999978,-17.98999999999978,0.0,-1
2025-10-23 04:30:00,180.79,0.3729600789942207,-18.078999999999894,-18.078999999999894,0.0,-1
2025-10-23 04:35:00,180.8,0.3677486447803486,-18.079999999999643,-18.079999999999643,0.0,-1
2025-10-23 04:40:00,180.5,0.3721951701531813,-18.049999999999784,-18.049999999999784,0.0,-1
2025-10-23 04:45:00,180.89,0.3648955151422385,-18.088999999999658,-18.088999999999658,0.0,-1
2025-10-23 04:50:00,181.1,0.35883154977493587,-18.109999999999786,-18.109999999999786,0.0,-1
2025-10-23 04:55:00,181.03,0.3596292962195816,-18.102999999999838,-18.102999999999838,0.0,-1
2025-10-23 05:00:00,181.17,0.36608434648961274,-18.116999999999734,-18.116999999999734,0.0,-1
2025-10-23 05:05:00,180.84,0.37207832174035593,-18.083999999999776,-18.083999999999776,0.0,-1
2025-10-23 05:10:00,181.8,0.35907272733033035,-18.179999999999836,-18.179999999999836,0.0,-1
2025-10-23 05:15:00,181.62,0.3477103896638794,-18.161999999999807,-18.161999999999807,0.0,-1
2025-10-23 05:20:00,180.89,0.3478739332593162,-18.088999999999658,-18.088999999999658,0.0,-1
2025-10-23 05:25:00,180.95,0.33088293802650887,-18.094999999999857,-18.094999999999857,0.0,-1
2025-10-23 05:30:00,181.86,0.32581987102461474,-18.18599999999975,-18.18599999999975,0.0,-1
2025-10-23 05:35:00,181.65,0.3225470230942852,-18.164999999999907,-18.164999999999907,0.0,-1
2025-10-23 05:40:00,181.95,0.3123650928732653,-18.194999999999766,-18.194999999999766,0.0,-1
2025-10-23 05:45:00,181.78,0.33719615766803185,-18.17799999999977,-18.17799999999977,0.0,-1
2025-10-23 05:50:00,181.83,0.3495392892631718,-18.182999999999936,-18.182999999999936,0.0,-1
2025-10-23 05:55:00,181.81,0.341715054315801,-18.18099999999987,-18.18099999999987,0.0,-1
2025-10-23 06:00:00,181.6,0.3415925504361012,-18.15999999999974,-18.15999999999974,0.0,-1
2025-10-23 06:05:00,181.66,0.3414787968335228,-18.165999999999656,-18.165999999999656,0.0,-1
2025-10-23 06:10:00,181.78,0.3613731684882715,-18.17799999999977,-18.17799999999977,0.0,-1
2025-10-23 06:15:00,182.15,0.45698937073910845,-18.21499999999986,-18.21499999999986,0.0,-1
2025-10-23 06:20:00,182.1,0.48363298711488734,-18.20999999999998,-18.20999999999998,0.0,-1
2025-10-23 06:25:00,182.05,0.48265920232096676,-18.204999999999814,-18.204999999999814,0.0,-1
2025-10-23 06:30:00,182.25,0.48961211644089864,-18.224999999999625,-18.224999999999625,0.0,-1
2025-10-23 06:35:00,182.1,0.4774969652665483,-18.20999999999998,-18.20999999999998,0.0,-1
2025-10-23 06:40:00,182.1,0.476961467747509,-18.20999999999998,-18.20999999999998,0.0,-1
2025-10-23 06:45:00,182.07,0.472892791479831,-18.20699999999988,-18.20699999999988,0.0,-1
2025-10-23 06:50:00,181.97,0.4769718778027003,-18.196999999999832,-18.196999999999832,0.0,-1
2025-10-23 06:55:00,182.33,0.5193310293882212,-18.23299999999989,-18.23299999999989,0.0,-1
2025-10-23 07:00:00,182.63,0.5450930987176337,-18.26299999999975,-18.26299999999975,0.0,-1
2025-10-23 07:05:00,182.5,0.536157877380659,-18.249999999999886,-18.249999999999886,0.0,-1
2025-10-23 07:10:00,182.55,0.5242894575677551,-18.254999999999768,-18.254999999999768,0.0,-1
2025-10-23 07:15:00,182.85,0.5154116391700587,-18.28499999999991,-18.28499999999991,0.0,-1
2025-10-23 07:20:00,182.75,0.5364536649436261,-18.274999999999864,-18.274999999999864,0.0,-1
2025-10-23 07:25:00,183.23,0.57170697459051,-18.32299999999975,-18.32299999999975,0.0,-1
2025-10-23 07:30:00,183.25,0.5915850478340446,-18.324999999999818,-18.324999999999818,0.0,-1
2025-10-23 07:35:00,182.87,0.609328972988756,-18.286999999999978,-18.286999999999978,0.0,-1
2025-10-23 07:40:00,182.7,0.6036626177752735,-18.269999999999698,-18.269999999999698,0.0,-1
2025-10-23 07:45:00,182.68,0.6012581450770392,-18.26799999999963,-18.26799999999963,0.0,-1
2025-10-23 07:50:00,183.01,0.5783111347143937,-18.300999999999874,-18.300999999999874,0.0,-1
2025-10-23 07:55:00,182.87,0.562003196520508,-18.286999999999978,-18.286999999999978,0.0,-1
2025-10-23 08:00:00,182.94,0.5582886824833303,-18.293999999999926,-18.293999999999926,0.0,-1
2025-10-23 08:05:00,182.83,0.5576966337345218,-18.282999999999845,-18.282999999999845,0.0,-1
2025-10-23 08:10:00,182.79,0.5578611598963419,-18.278999999999712,-18.278999999999712,0.0,-1
2025-10-23 08:15:00,183.35,0.5680139341894596,-18.334999999999866,-18.334999999999866,0.0,-1
2025-10-23 08:20:00,183.77,0.566727224604499,-18.37699999999984,-18.37699999999984,0.0,-1
2025-10-23 08:25:00,183.59,0.549818137132748,-18.35899999999981,-18.35899999999981,0.0,-1
2025-10-23 08:30:00,183.63,0.5341168416232649,-18.36299999999966,-18.36299999999966,0.0,-1
2025-10-23 08:35:00,183.84,0.5309656386501732,-18.383999999999787,-18.383999999999787,0.0,-1
2025-10-23 08:40:00,184.15,0.5151823787465896,-18.41499999999968,-18.41499999999968,0.0,-1
2025-10-23 08:45:00,184.04,0.4940979231218331,-18.403999999999883,-18.403999999999883,0.0,-1
2025-10-23 08:50:00,183.94,0.4973766428988445,-18.393999999999835,-18.393999999999835,0.0,-1
2025-10-23 08:55:00,184.01,0.4861354541203538,-18.400999999999783,-18.400999999999783,0.0,-1
2025-10-23 09:00:00,184.21,0.5106972073974723,-18.42099999999988,-18.42099999999988,0.0,-1
2025-10-23 09:05:00,184.46,0.512075978297653,-18.445999999999856,-18.445999999999856,0.0,-1
2025-10-23 09:10:00,184.58,0.5019276941335332,-18.457999999999686,-18.457999999999686,0.0,-1
2025-10-23 09:15:00,184.39,0.5117900016954228,-18.438999999999908,-18.438999999999908,0.0,-1
2025-10-23 09:20:00,184.15,0.4923764301457504,-18.41499999999968,-18.41499999999968,0.0,-1
2025-10-23 09:25:00,184.09,0.5100638279924832,-18.408999999999764,-18.408999999999764,0.0,-1
2025-10-23 09:30:00,184.31,0.5072021259930201,-18.430999999999642,-18.430999999999642,0.0,-1
2025-10-23 09:35:00,184.08,0.4974019741363761,-18.40799999999973,-18.40799999999973,0.0,-1
2025-10-23 09:40:00,183.9,0.48973040455520545,-18.389999999999702,-18.389999999999702,0.0,-1
2025-10-23 09:45:00,184.45,0.4768925185155481,-18.444999999999823,-18.444999999999823,0.0,-1
2025-10-23 09:50:00,184.74,0.47711448147872454,-18.47399999999965,-18.47399999999965,0.0,-1
2025-10-23 09:55:00,184.84,0.46517773280167296,-18.48399999999998,-18.48399999999998,0.0,-1
2025-10-23 10:00:00,184.69,0.46123646617298386,-18.468999999999767,-18.468999999999767,0.0,-1
2025-10-23 10:05:00,184.82,0.4532910043034846,-18.481999999999914,-18.481999999999914,0.0,-1
2025-10-23 10:10:00,185.37,0.437341646853235,-18.53699999999975,-18.53699999999975,0.0,-1
2025-10-23 10:15:00,186.33,0.46181724350657544,-18.63299999999981,-18.63299999999981,0.0,-1
2025-10-23 10:20:00,186.33,0.45025886897039025,-18.63299999999981,-18.63299999999981,0.0,-1
2025-10-23 10:25:00,186.25,0.4616689497582185,-18.62499999999983,-18.62499999999983,0.0,-1
2025-10-23 10:30:00,186.05,0.44726402477549,-18.604999999999734,-18.604999999999734,0.0,-1
2025-10-23 10:35:00,186.09,0.4503165944343842,-18.608999999999867,-18.608999999999867,0.0,-1
2025-10-23 10:40:00,186.33,0.43600826626049966,-18.63299999999981,-18.63299999999981,0.0,-1
2025-10-23 10:45:00,186.52,0.4255791043847491,-18.651999999999873,-18.651999999999873,0.0,-1
2025-10-23 10:50:00,186.7,0.4223234540715524,-18.669999999999902,-18.669999999999902,0.0,-1
2025-10-23 10:55:00,187.4,0.4121574930664416,-18.739999999999952,-18.739999999999952,0.0,-1
2025-10-23 11:00:00,187.01,0.41414624356169566,-18.700999999999794,-18.700999999999794,0.0,-1
2025-10-23 11:05:00,186.94,0.4224215118787175,-18.693999999999846,-18.693999999999846,0.0,-1
2025-10-23 11:10:00,186.63,0.4429628324588077,-18.662999999999954,-18.662999999999954,0.0,-1
2025-10-23 11:15:00,186.57,0.4534654872831788,-18.656999999999755,-18.656999999999755,0.0,-1
2025-10-23 11:20:00,186.27,0.46821795247723724,-18.626999999999896,-18.626999999999896,0.0,-1
2025-10-23 11:25:00,187.13,0.4562023844431497,-18.71299999999991,-18.71299999999991,0.0,-1
2025-10-23 11:30:00,187.62,0.4807593569829235,-18.76199999999983,-18.76199999999983,0.0,-1
2025-10-23 11:35:00,186.95,0.4707051171984292,-18.69499999999988,-18.69499999999988,0.0,-1
2025-10-23 11:40:00,187.24,0.46779760882711335,-18.72399999999999,-18.72399999999999,0.0,-1
2025-10-23 11:45:00,187.39,0.47295492248231896,-18.738999999999635,-18.738999999999635,0.0,-1
2025-10-23 11:50:00,187.2,0.4791724280192964,-18.719999999999857,-18.719999999999857,0.0,-1
2025-10-23 11:55:00,187.45,0.45923154030363156,-18.744999999999834,-18.744999999999834,0.0,-1
2025-10-23 12:00:00,187.94,0.5264292874248011,-18.793999999999755,-18.793999999999755,0.0,-1
2025-10-23 12:05:00,188.25,0.5352557668944586,-18.824999999999648,-18.824999999999648,0.0,-1
2025-10-23 12:10:00,188.14,0.5320232121162817,-18.81399999999985,-18.81399999999985,0.0,-1
2025-10-23 12:15:00,188.25,0.6068786969651196,-18.824999999999648,-18.824999999999648,0.0,-1
2025-10-23 12:20:00,188.0,0.6313873614676103,-18.79999999999967,-18.79999999999967,0.0,-1
2025-10-23 12:25:00,187.95,0.6277168356484942,-18.79499999999979,-18.79499999999979,0.0,-1
2025-10-23 12:30:00,188.04,0.6493084902450288,-18.803999999999803,-18.803999999999803,0.0,-1
2025-10-23 12:35:00,187.8,0.6722150266560981,-18.77999999999986,-18.77999999999986,0.0,-1
2025-10-23 12:40:00,187.91,0.6556282390378052,-18.790999999999656,-18.790999999999656,0.0,-1
2025-10-23 12:45:00,188.01,0.6530833648208194,-18.800999999999988,-18.800999999999988,0.0,-1
2025-10-23 12:50:00,187.88,0.6478631244764761,-18.78799999999984,-18.78799999999984,0.0,-1
2025-10-23 12:55:00,187.93,0.623015758442443,-18.792999999999722,-18.792999999999722,0.0,-1
2025-10-23 13:00:00,187.54,0.614228918553697,-18.75399999999985,-18.75399999999985,0.0,-1
2025-10-23 13:05:00,187.84,0.6032125672284335,-18.783999999999708,-18.783999999999708,0.0,-1
2025-10-23 13:10:00,187.52,0.6594116695692608,-18.751999999999782,-18.751999999999782,0.0,-1
2025-10-23 13:15:00,188.07,0.676596550314312,-18.80699999999962,-18.80699999999962,0.0,-1
2025-10-23 13:20:00,188.14,0.6511253681490036,-18.81399999999985,-18.81399999999985,0.0,-1
2025-10-23 13:25:00,188.58,0.6703306989955025,-18.85799999999989,-18.85799999999989,0.0,-1
2025-10-23 13:30:00,188.34,0.7974499347815373,-18.833999999999662,-18.833999999999662,0.0,-1
2025-10-23 13:35:00,187.98,0.8162035108685705,-18.797999999999604,-18.797999999999604,0.0,-1
2025-10-23 13:40:00,188.16,0.8743318315208152,-18.815999999999633,-18.815999999999633,0.0,-1
2025-10-23 13:45:00,188.13,0.8704509864121851,-18.812999999999818,-18.812999999999818,0.0,-1
2025-10-23 13:50:00,188.36,0.8775616302398861,-18.83599999999973,-18.83599999999973,0.0,-1
2025-10-23 13:55:00,188.39,0.8848786566513221,-18.838999999999828,-18.838999999999828,0.0,-1
2025-10-23 14:00:00,188.58,0.8838158954619424,-18.85799999999989,-18.85799999999989,0.0,-1
2025-10-23 14:05:00,188.41,0.8928290457860888,-18.84099999999961,-18.84099999999961,0.0,-1
2025-10-23 14:10:00,188.42,0.8919126853727964,-18.841999999999928,-18.841999999999928,0.0,-1
2025-10-23 14:15:00,188.87,0.9082046364175971,-18.887,-18.887,0.0,-1
2025-10-23 14:20:00,188.76,0.9419043052449113,-18.87599999999992,-18.87599999999992,0.0,-1
2025-10-23 14:25:00,189.03,0.9131968548702742,-18.902999999999963,-18.902999999999963,0.0,-1
2025-10-23 14:30:00,188.9,0.9386827938081126,-18.889999999999816,-18.889999999999816,0.0,-1
2025-10-23 14:35:00,188.87,0.9323483085361062,-18.887,-18.887,0.0,-1
2025-10-23 14:40:00,188.71,0.9228948579263831,-18.870999999999754,-18.870999999999754,0.0,-1
2025-10-23 14:45:00,188.54,0.8905452252173557,-18.853999999999758,-18.853999999999758,0.0,-1
2025-10-23 14:50:00,188.27,0.8812205662732582,-18.826999999999714,-18.826999999999714,0.0,-1
2025-10-23 14:55:00,188.26,0.8532762401108812,-18.825999999999965,-18.825999999999965,0.0,-1
2025-10-23 15:00:00,188.36,0.8308993658172483,-18.83599999999973,-18.83599999999973,0.0,-1
2025-10-23 15:05:00,188.59,0.874406553973159,-18.85899999999964,-18.85899999999964,0.0,-1
2025-10-23 15:10:00,188.71,0.8869489429750771,-18.870999999999754,-18.870999999999754,0.0,-1
2025-10-23 15:15:00,188.93,0.8985954470482868,-18.89299999999963,-18.89299999999963,0.0,-1
2025-10-23 15:20:00,189.24,0.8801243436876939,-18.923999999999808,-18.923999999999808,0.0,-1
2025-10-23 15:25:00,189.01,0.8558297477100009,-18.900999999999897,-18.900999999999897,0.0,-1
2025-10-23 15:30:00,188.47,0.8704133371592867,-18.84699999999981,-18.84699999999981,0.0,-1
2025-10-23 15:35:00,188.32,0.8496695273621937,-18.83199999999988,-18.83199999999988,0.0,-1
2025-10-23 15:40:00,188.14,0.848978846836323,-18.81399999999985,-18.81399999999985,0.0,-1
2025-10-23 15:45:00,187.97,0.8483375006337287,-18.796999999999855,-18.796999999999855,0.0,-1
2025-10-23 15:50:00,187.88,0.829170536302749,-18.78799999999984,-18.78799999999984,0.0,-1
2025-10-23 15:55:00,187.94,0.8128012122811237,-18.793999999999755,-18.793999999999755,0.0,-1
2025-10-23 16:00:00,186.72,0.7911725542610428,-18.67199999999997,-18.67199999999997,0.0,-1
2025-10-23 16:05:00,187.02,0.786088800385254,-18.701999999999828,-18.701999999999828,0.0,-1
2025-10-23 16:10:00,187.43,0.7713681717863082,-18.742999999999768,-18.742999999999768,0.0,-1
2025-10-23 16:15:00,188.57,0.7619847309444281,-18.856999999999857,-18.856999999999857,0.0,-1
2025-10-23 16:20:00,188.97,0.7468429644483984,-18.896999999999764,-18.896999999999764,0.0,-1
2025-10-23 16:25:00,188.98,0.723497038416369,-18.897999999999797,-18.897999999999797,0.0,-1
2025-10-23 16:30:00,188.34,0.7003901071009145,-18.833999999999662,-18.833999999999662,0.0,-1
2025-10-23 16:35:00,188.68,0.6846479565937077,-18.867999999999654,-18.867999999999654,0.0,-1
2025-10-23 16:40:00,188.7,0.66860167397987,-18.86999999999972,-18.86999999999972,0.0,-1
2025-10-23 16:45:00,188.81,0.6494158401241654,-18.8809999999998,-18.8809999999998,0.0,-1
2025-10-23 16:50:00,189.27,0.681600422972439,-18.926999999999623,-18.926999999999623,0.0,-1
2025-10-23 16:55:00,189.32,0.6879146784744083,-18.93199999999979,-18.93199999999979,0.0,-1
2025-10-23 17:00:00,189.06,0.7144922014405222,-18.90599999999978,-18.90599999999978,0.0,-1
2025-10-23 17:05:00,188.65,0.7270284727661982,-18.86499999999984,-18.86499999999984,0.0,-1
2025-10-23 17:10:00,189.65,0.7372407247114701,-18.964999999999748,-18.964999999999748,0.0,-1
2025-10-23 17:15:00,189.33,0.7452949586606504,-18.932999999999822,-18.932999999999822,0.0,-1
2025-10-23 17:20:00,189.5,0.7284881758991748,-18.949999999999818,-18.949999999999818,0.0,-1
2025-10-23 17:25:00,190.38,0.7185961633349482,-19.037999999999613,-19.037999999999613,0.0,-1
2025-10-23 17:30:00,192.1,0.7229821516681664,-19.20999999999964,-19.20999999999964,0.0,-1
2025-10-23 17:35:00,191.94,0.7813405694061559,-19.193999999999676,-19.193999999999676,0.0,-1
2025-10-23 17:40:00,190.94,0.786244814448573,-19.093999999999767,-19.093999999999767,0.0,-1
2025-10-23 17:45:00,191.04,0.7750844705593889,-19.103999999999814,-19.103999999999814,0.0,-1
2025-10-23 17:50:00,190.82,0.7782927226622892,-19.081999999999937,-19.081999999999937,0.0,-1
2025-10-23 17:55:00,190.37,0.7541289567578399,-19.036999999999864,-19.036999999999864,0.0,-1
2025-10-23 18:00:00,189.97,0.7359768884179941,-18.996999999999673,-18.996999999999673,0.0,-1
2025-10-23 18:05:00,189.1,0.7326928249595659,-18.90999999999991,-18.90999999999991,0.0,-1
2025-10-23 18:10:00,188.57,0.7353576231767405,-18.856999999999857,-18.856999999999857,0.0,-1
2025-10-23 18:15:00,188.25,0.7185463643784019,-18.824999999999648,-18.824999999999648,0.0,-1
2025-10-23 18:20:00,189.55,0.6886501954942291,-18.954999999999984,-18.954999999999984,0.0,-1
2025-10-23 18:25:00,189.31,0.6780323243874979,-18.930999999999756,-18.930999999999756,0.0,-1
2025-10-23 18:30:00,190.45,0.6810300155026766,-19.044999999999845,-19.044999999999845,0.0,-1
2025-10-23 18:35:00,190.6,0.6638135858239159,-19.059999999999775,-19.059999999999775,0.0,-1
2025-10-23 18:40:00,190.02,0.6363983296936363,-19.00199999999984,-19.00199999999984,0.0,-1
2025-10-23 18:45:00,190.26,0.6423698775726622,-19.025999999999783,-19.025999999999783,0.0,-1
2025-10-23 18:50:00,189.74,0.6343434577460435,-18.973999999999762,-18.973999999999762,0.0,-1
2025-10-23 18:55:00,189.77,0.6083189250498963,-18.97699999999986,-18.97699999999986,0.0,-1
2025-10-23 19:00:00,189.71,0.6370104304034745,-18.970999999999947,-18.970999999999947,0.0,-1
2025-10-23 19:05:00,191.04,0.6322239710889401,-19.103999999999814,-19.103999999999814,0.0,-1
2025-10-23 19:10:00,190.87,0.6206365445825872,-19.08699999999982,-19.08699999999982,0.0,-1
2025-10-23 19:15:00,190.41,0.6155910771124012,-19.040999999999997,-19.040999999999997,0.0,-1
2025-10-23 19:20:00,190.51,0.6344774287472315,-19.05099999999976,-19.05099999999976,0.0,-1
2025-10-23 19:25:00,190.8,0.613443326693858,-19.07999999999987,-19.07999999999987,0.0,-1
2025-10-23 19:30:00,191.54,0.6074830890728683,-19.15399999999977,-19.15399999999977,0.0,-1
2025-10-23 19:35:00,191.34,0.5869485827105201,-19.133999999999958,-19.133999999999958,0.0,-1
2025-10-23 19:40:00,191.17,0.5685951125169124,-19.116999999999678,-19.116999999999678,0.0,-1
2025-10-23 19:45:00,191.75,0.5801240330514179,-19.174999999999898,-19.174999999999898,0.0,-1
2025-10-23 19:50:00,191.4,0.5679723164048879,-19.139999999999873,-19.139999999999873,0.0,-1
2025-10-23 19:55:00,191.08,0.5659742938045382,-19.107999999999663,-19.107999999999663,0.0,-1
2025-10-23 20:00:00,191.25,0.5905475585327853,-19.124999999999943,-19.124999999999943,0.0,-1
2025-10-23 20:05:00,190.65,0.5926513043518724,-19.064999999999657,-19.064999999999657,0.0,-1
2025-10-23 20:10:00,190.91,0.6217476397553101,-19.09099999999995,-19.09099999999995,0.0,-1
2025-10-23 20:15:00,190.78,0.6023370940585019,-19.077999999999804,-19.077999999999804,0.0,-1
2025-10-23 20:20:00,191.1,0.5828844444828956,-19.10999999999973,-19.10999999999973,0.0,-1
2025-10-23 20:25:00,191.08,0.5591069841626888,-19.107999999999663,-19.107999999999663,0.0,-1
2025-10-23 20:30:00,191.1,0.5455993424367828,-19.10999999999973,-19.10999999999973,0.0,-1
2025-10-23 20:35:00,191.15,0.5344851036912993,-19.11499999999961,-19.11499999999961,0.0,-1
2025-10-23 20:40:00,191.3,0.515593310570493,-19.129999999999825,-19.129999999999825,0.0,-1
2025-10-23 20:45:00,191.44,0.5159080741011728,-19.14399999999972,-19.14399999999972,0.0,-1
2025-10-23 20:50:00,192.26,0.5062003545225173,-19.2259999999996,-19.2259999999996,0.0,-1
2025-10-23 20:55:00,191.94,0.5879003291994788,-19.193999999999676,-19.193999999999676,0.0,-1
2025-10-23 21:00:00,191.24,0.6109074485423729,-19.123999999999626,-19.123999999999626,0.0,-1
2025-10-23 21:05:00,190.81,0.6015569165036313,-19.08099999999962,-19.08099999999962,0.0,-1
2025-10-23 21:10:00,190.53,0.5864457081819444,-19.052999999999827,-19.052999999999827,0.0,-1
2025-10-23 21:15:00,190.86,0.5738424433118053,-19.085999999999785,-19.085999999999785,0.0,-1
2025-10-23 21:20:00,191.34,0.5764251259323917,-19.133999999999958,-19.133999999999958,0.0,-1
2025-10-23 21:25:00,191.18,0.5609661883657933,-19.117999999999995,-19.117999999999995,0.0,-1
2025-10-23 21:30:00,191.92,0.5401828891968068,-19.19199999999961,-19.19199999999961,0.0,-1
2025-10-23 21:35:00,193.42,0.5223126828256057,-19.341999999999757,-19.341999999999757,0.0,-1
2025-10-23 21:40:00,192.85,0.5321474911952051,-19.284999999999854,-19.284999999999854,0.0,-1
2025-10-23 21:45:00,193.05,0.5284226703955469,-19.304999999999666,-19.304999999999666,0.0,-1
2025-10-23 21:50:00,192.56,0.5178210510815789,-19.255999999999744,-19.255999999999744,0.0,-1
2025-10-23 21:55:00,192.51,0.5015481188614656,-19.250999999999863,-19.250999999999863,0.0,-1
2025-10-23 22:00:00,192.48,0.49572325322850486,-19.247999999999763,-19.247999999999763,0.0,-1
2025-10-23 22:05:00,191.99,0.509600163712183,-19.19899999999984,-19.19899999999984,0.0,-1
2025-10-23 22:10:00,191.57,0.5017715805898846,-19.15699999999987,-19.15699999999987,0.0,-1
2025-10-23 22:15:00,191.83,0.4902164676906074,-19.182999999999595,-19.182999999999595,0.0,-1
2025-10-23 22:20:00,191.8,0.4766295771412791,-19.17999999999978,-19.17999999999978,0.0,-1
2025-10-23 22:25:00,191.55,0.4847274644883309,-19.154999999999802,-19.154999999999802,0.0,-1
2025-10-23 22:30:00,191.82,0.5029612170248773,-19.181999999999846,-19.181999999999846,0.0,-1
2025-10-23 22:35:00,191.44,0.4856068443802446,-19.14399999999972,-19.14399999999972,0.0,-1
2025-10-23 22:40:00,191.48,0.47234921263879737,-19.147999999999854,-19.147999999999854,0.0,-1
2025-10-23 22:45:00,191.16,0.46360998316459917,-19.11599999999993,-19.11599999999993,0.0,-1
2025-10-23 22:50:00,191.36,0.45906641293855677,-19.13599999999974,-19.13599999999974,0.0,-1
2025-10-23 22:55:00,191.53,0.44556166915723205,-19.152999999999736,-19.152999999999736,0.0,-1
2025-10-23 23:00:00,190.63,0.4387358356460008,-19.062999999999874,-19.062999999999874,0.0,-1
2025-10-23 23:05:00,191.06,0.42168327595699995,-19.105999999999597,-19.105999999999597,0.0,-1
2025-10-23 23:10:00,191.29,0.4065630419600699,-19.12899999999979,-19.12899999999979,0.0,-1
2025-10-23 23:15:00,190.74,0.3996656818200651,-19.07399999999967,-19.07399999999967,0.0,-1
2025-10-23 23:20:00,191.53,0.43040384740434506,-19.152999999999736,-19.152999999999736,0.0,-1
2025-10-23 23:25:00,191.76,0.4153750011611775,-19.175999999999647,-19.175999999999647,0.0,-1
2025-10-23 23:30:00,191.44,0.41856250107823684,-19.14399999999972,-19.14399999999972,0.0,-1
2025-10-23 23:35:00,191.41,0.41652232242979037,-19.140999999999906,-19.140999999999906,0.0,-1
2025-10-23 23:40:00,191.15,0.409627870827662,-19.11499999999961,-19.11499999999961,0.0,-1
2025-10-23 23:45:00,191.69,0.41322588005425614,-19.1689999999997,-19.1689999999997,0.0,-1
2025-10-23 23:50:00,191.44,0.41156688862181035,-19.14399999999972,-19.14399999999972,0.0,-1
2025-10-23 23:55:00,191.13,0.4093121108631113,-19.11299999999983,-19.11299999999983,0.0,-1
2025-10-24 00:00:00,190.56,0.4172183886586041,-19.055999999999642,-19.055999999999642,0.0,-1
2025-10-24 00:05:00,190.44,0.4438456466115604,-19.043999999999812,-19.043999999999812,0.0,-1
2025-10-24 00:10:00,189.9,0.4699995289964491,-18.989999999999725,-18.989999999999725,0.0,-1
2025-10-24 00:15:00,190.18,0.49357099121098924,-19.0179999999998,-19.0179999999998,0.0,-1
2025-10-24 00:20:00,190.32,0.4976016346959194,-19.031999999999982,-19.031999999999982,0.0,-1
2025-10-24 00:25:00,190.17,0.49134437507478207,-19.01699999999977,-19.01699999999977,0.0,-1
2025-10-24 00:30:00,190.41,0.5005340625694409,-19.040999999999997,-19.040999999999997,0.0,-1
2025-10-24 00:35:00,190.07,0.5019244866716224,-19.007000000000005,-19.007000000000005,0.0,-1
2025-10-24 00:40:00,189.96,0.49321559476650617,-18.995999999999924,-18.995999999999924,0.0,-1
2025-10-24 00:45:00,189.62,0.49584305228318437,-18.961999999999932,-18.961999999999932,0.0,-1
2025-10-24 00:50:00,189.88,0.5397114056915273,-18.98799999999966,-18.98799999999966,0.0,-1
2025-10-24 00:55:00,188.79,0.5654463052849901,-18.878999999999735,-18.878999999999735,0.0,-1
2025-10-24 01:00:00,189.32,0.5736287120503464,-18.93199999999979,-18.93199999999979,0.0,-1
2025-10-24 01:05:00,189.21,0.5597980897610376,-18.920999999999992,-18.920999999999992,0.0,-1
2025-10-24 01:10:00,189.22,0.5462410833495353,-18.92199999999974,-18.92199999999974,0.0,-1
2025-10-24 01:15:00,188.97,0.5329381488245695,-18.896999999999764,-18.896999999999764,0.0,-1
2025-10-24 01:20:00,189.25,0.5277282810513865,-18.92499999999984,-18.92499999999984,0.0,-1
2025-10-24 01:25:00,189.28,0.5171762609762891,-18.92799999999994,-18.92799999999994,0.0,-1
2025-10-24 01:30:00,189.16,0.5116636709065541,-18.915999999999826,-18.915999999999826,0.0,-1
2025-10-24 01:35:00,188.92,0.5122591229846581,-18.891999999999882,-18.891999999999882,0.0,-1
2025-10-24 01:40:00,188.77,0.49709775705718134,-18.87699999999967,-18.87699999999967,0.0,-1
2025-10-24 01:45:00,189.03,0.4958764886959534,-18.902999999999963,-18.902999999999963,0.0,-1
2025-10-24 01:50:00,188.97,0.476885310931956,-18.896999999999764,-18.896999999999764,0.0,-1
2025-10-24 01:55:00,188.79,0.4728220744368154,-18.878999999999735,-18.878999999999735,0.0,-1
2025-10-24 02:00:00,189.0,0.4861919262627569,-18.899999999999864,-18.899999999999864,0.0,-1
2025-10-24 02:05:00,189.36,0.4650353601011313,-18.935999999999638,-18.935999999999638,0.0,-1
2025-10-24 02:10:00,189.28,0.4446756915224775,-18.92799999999994,-18.92799999999994,0.0,-1
2025-10-24 02:15:00,189.24,0.47362742784230216,-18.923999999999808,-18.923999999999808,0.0,-1
2025-10-24 02:20:00,188.98,0.47265404013928114,-18.897999999999797,-18.897999999999797,0.0,-1
2025-10-24 02:25:00,189.53,0.4588930372721897,-18.952999999999918,-18.952999999999918,0.0,-1
2025-10-24 02:30:00,190.05,0.46111496318131767,-19.00499999999994,-19.00499999999994,0.0,-1
2025-10-24 02:35:00,190.18,0.4674638943826509,-19.0179999999998,-19.0179999999998,0.0,-1
2025-10-24 02:40:00,190.12,0.5212164733553186,-19.011999999999887,-19.011999999999887,0.0,-1
2025-10-24 02:45:00,190.01,0.5147010109727964,-19.000999999999806,-19.000999999999806,0.0,-1
2025-10-24 02:50:00,190.32,0.5022223673318826,-19.031999999999982,-19.031999999999982,0.0,-1
2025-10-24 02:55:00,190.41,0.5113493410938907,-19.040999999999997,-19.040999999999997,0.0,-1
2025-10-24 03:00:00,190.5,0.5141101024443259,-19.05000000000001,-19.05000000000001,0.0,-1
2025-10-24 03:05:00,190.64,0.4931022379840168,-19.063999999999908,-19.063999999999908,0.0,-1
2025-10-24 03:10:00,190.75,0.47716636384230204,-19.07499999999999,-19.07499999999999,0.0,-1
2025-10-24 03:15:00,190.66,0.4666544807107079,-19.065999999999974,-19.065999999999974,0.0,-1
2025-10-24 03:20:00,191.31,0.450464874945658,-19.130999999999858,-19.130999999999858,0.0,-1
2025-10-24 03:25:00,191.18,0.4532888124495382,-19.117999999999995,-19.117999999999995,0.0,-1
2025-10-24 03:30:00,191.01,0.4501967544174281,-19.100999999999715,-19.100999999999715,0.0,-1
2025-10-24 03:35:00,191.05,0.44161127195903926,-19.104999999999848,-19.104999999999848,0.0,-1
2025-10-24 03:40:00,191.08,0.43292475253339313,-19.107999999999663,-19.107999999999663,0.0,-1
2025-10-24 03:45:00,191.18,0.43843012735243786,-19.117999999999995,-19.117999999999995,0.0,-1
2025-10-24 03:50:00,191.44,0.4371136896844077,-19.14399999999972,-19.14399999999972,0.0,-1
2025-10-24 03:55:00,191.35,0.41874842613552193,-19.134999999999707,-19.134999999999707,0.0,-1
2025-10-24 04:00:00,191.36,0.4252663956972697,-19.13599999999974,-19.13599999999974,0.0,-1
2025-10-24 04:05:00,191.67,0.4234616531474631,-19.166999999999632,-19.166999999999632,0.0,-1
2025-10-24 04:10:00,192.18,0.4239286779226448,-19.217999999999904,-19.217999999999904,0.0,-1
2025-10-24 04:15:00,192.22,0.4200766294995991,-19.221999999999753,-19.221999999999753,0.0,-1
2025-10-24 04:20:00,191.91,0.4700711559639138,-19.19099999999986,-19.19099999999986,0.0,-1
2025-10-24 04:25:00,191.71,0.4829232162522061,-19.170999999999765,-19.170999999999765,0.0,-1
2025-10-24 04:30:00,192.22,0.5848572722341931,-19.221999999999753,-19.221999999999753,0.0,-1
2025-10-24 04:35:00,192.37,0.6195103242174645,-19.236999999999682,-19.236999999999682,0.0,-1
2025-10-24 04:40:00,192.4,0.6195453010590746,-19.23999999999978,-19.23999999999978,0.0,-1
2025-10-24 04:45:00,192.93,0.616720636697713,-19.292999999999836,-19.292999999999836,0.0,-1
2025-10-24 04:50:00,193.34,0.5976691626478761,-19.333999999999776,-19.333999999999776,0.0,-1
2025-10-24 04:55:00,192.55,0.6135499367444559,-19.25499999999971,-19.25499999999971,0.0,-1
2025-10-24 05:00:00,192.9,0.6168677984055659,-19.289999999999736,-19.289999999999736,0.0,-1
2025-10-24 05:05:00,192.91,0.636377241376596,-19.29099999999977,-19.29099999999977,0.0,-1
2025-10-24 05:10:00,192.63,0.6216360098496968,-19.262999999999977,-19.262999999999977,0.0,-1
2025-10-24 05:15:00,192.73,0.6265191520032918,-19.27299999999974,-19.27299999999974,0.0,-1
2025-10-24 05:20:00,192.56,0.6189106411459125,-19.255999999999744,-19.255999999999744,0.0,-1
2025-10-24 05:25:00,192.35,0.5918455953497745,-19.234999999999616,-19.234999999999616,0.0,-1
2025-10-24 05:30:00,192.43,0.5867137671105057,-19.24299999999988,-19.24299999999988,0.0,-1
2025-10-24 05:35:00,192.84,0.5805199266026124,-19.28399999999982,-19.28399999999982,0.0,-1
2025-10-24 05:40:00,192.97,0.5604827889881389,-19.29699999999997,-19.29699999999997,0.0,-1
2025-10-24 05:45:00,193.05,0.5583054469175576,-19.304999999999666,-19.304999999999666,0.0,-1
2025-10-24 05:50:00,193.15,0.5498550578520176,-19.314999999999998,-19.314999999999998,0.0,-1
2025-10-24 05:55:00,192.98,0.5284368394340163,-19.297999999999718,-19.297999999999718,0.0,-1
2025-10-24 06:00:00,192.35,0.5321199223315854,-19.234999999999616,-19.234999999999616,0.0,-1
2025-10-24 06:05:00,192.38,0.5541113564507582,-19.238,-19.238,0.0,-1
2025-10-24 06:10:00,192.31,0.5302462595614182,-19.230999999999767,-19.230999999999767,0.0,-1
2025-10-24 06:15:00,191.79,0.5266572410213183,-19.178999999999746,-19.178999999999746,0.0,-1
2025-10-24 06:20:00,191.6,0.5154674380912244,-19.159999999999684,-19.159999999999684,0.0,-1
2025-10-24 06:25:00,191.61,0.4979340496561377,-19.161,-19.161,0.0,-1
2025-10-24 06:30:00,191.93,0.4787959032521271,-19.192999999999927,-19.192999999999927,0.0,-1
2025-10-24 06:35:00,191.71,0.4610247673055479,-19.170999999999765,-19.170999999999765,0.0,-1
2025-10-24 06:40:00,192.79,0.44523728392658085,-19.27899999999994,-19.27899999999994,0.0,-1
2025-10-24 06:45:00,192.7,0.4255774779318242,-19.269999999999925,-19.269999999999925,0.0,-1
2025-10-24 06:50:00,192.72,0.41660765807954986,-19.27199999999999,-19.27199999999999,0.0,-1
2025-10-24 06:55:00,192.18,0.40827853964529714,-19.217999999999904,-19.217999999999904,0.0,-1
2025-10-24 07:00:00,191.9,0.4005443582420604,-19.189999999999827,-19.189999999999827,0.0,-1
2025-10-24 07:05:00,191.87,0.4040769040819145,-19.186999999999728,-19.186999999999728,0.0,-1
2025-10-24 07:10:00,191.88,0.4037856966474924,-19.18799999999976,-19.18799999999976,0.0,-1
2025-10-24 07:15:00,191.76,0.4013724326012433,-19.175999999999647,-19.175999999999647,0.0,-1
2025-10-24 07:20:00,191.89,0.39698868741544047,-19.188999999999794,-19.188999999999794,0.0,-1
2025-10-24 07:25:00,191.52,0.3900609240286221,-19.151999999999987,-19.151999999999987,0.0,-1
2025-10-24 07:30:00,191.19,0.3779137151694347,-19.118999999999744,-19.118999999999744,0.0,-1
2025-10-24 07:35:00,191.0,0.37449130694304744,-19.099999999999966,-19.099999999999966,0.0,-1
2025-10-24 07:40:00,191.23,0.3848847850185448,-19.122999999999877,-19.122999999999877,0.0,-1
2025-10-24 07:45:00,190.94,0.4181073003743626,-19.093999999999767,-19.093999999999767,0.0,-1
2025-10-24 07:50:00,191.2,0.4096710646333355,-19.119999999999777,-19.119999999999777,0.0,-1
2025-10-24 07:55:00,191.29,0.40398027430238387,-19.12899999999979,-19.12899999999979,0.0,-1
2025-10-24 08:00:00,191.07,0.4129816832807851,-19.106999999999914,-19.106999999999914,0.0,-1
2025-10-24 08:05:00,191.39,0.413482991617871,-19.13899999999984,-19.13899999999984,0.0,-1
2025-10-24 08:10:00,191.67,0.4232342065023076,-19.166999999999632,-19.166999999999632,0.0,-1
2025-10-24 08:15:00,191.57,0.4308603346092857,-19.15699999999987,-19.15699999999987,0.0,-1
2025-10-24 08:20:00,192.61,0.41365602499433657,-19.26099999999991,-19.26099999999991,0.0,-1
2025-10-24 08:25:00,192.77,0.40482345178045687,-19.276999999999873,-19.276999999999873,0.0,-1
2025-10-24 08:30:00,194.3,0.39233606236756635,-19.429999999999836,-19.429999999999836,0.0,-1
2025-10-24 08:35:00,193.84,0.41574062934131156,-19.38399999999973,-19.38399999999973,0.0,-1
2025-10-24 08:40:00,193.86,0.4146162986740734,-19.385999999999797,-19.385999999999797,0.0,-1
2025-10-24 08:45:00,193.86,0.41571513448306663,-19.385999999999797,-19.385999999999797,0.0,-1
2025-10-24 08:50:00,194.07,0.40030691059142026,-19.40699999999964,-19.40699999999964,0.0,-1
2025-10-24 08:55:00,193.51,0.38742784554917586,-19.35099999999977,-19.35099999999977,0.0,-1
2025-10-24 09:00:00,193.02,0.3726115708670924,-19.30199999999985,-19.30199999999985,0.0,-1
2025-10-24 09:05:00,193.72,0.3709964586622997,-19.3719999999999,-19.3719999999999,0.0,-1
2025-10-24 09:10:00,193.44,0.3723538544721365,-19.343999999999824,-19.343999999999824,0.0,-1
2025-10-24 09:15:00,193.78,0.36647143629555473,-19.377999999999815,-19.377999999999815,0.0,-1
2025-10-24 09:20:00,193.6,0.3552949051315871,-19.359999999999786,-19.359999999999786,0.0,-1
2025-10-24 09:25:00,193.4,0.35205955476504536,-19.339999999999975,-19.339999999999975,0.0,-1
2025-10-24 09:30:00,193.48,0.36762672942468655,-19.347999999999672,-19.347999999999672,0.0,-1
2025-10-24 09:35:00,193.26,0.3599391058943532,-19.325999999999794,-19.325999999999794,0.0,-1
2025-10-24 09:40:00,193.24,0.350657741187615,-19.324000000000012,-19.324000000000012,0.0,-1
2025-10-24 09:45:00,193.59,0.3384679025313573,-19.358999999999753,-19.358999999999753,0.0,-1
2025-10-24 09:50:00,193.24,0.3514344809219754,-19.324000000000012,-19.324000000000012,0.0,-1
2025-10-24 09:55:00,193.33,0.3549034465704061,-19.332999999999743,-19.332999999999743,0.0,-1
2025-10-24 10:00:00,193.34,0.36169605752966405,-19.333999999999776,-19.333999999999776,0.0,-1
2025-10-24 10:05:00,192.82,0.3558606248489718,-19.281999999999755,-19.281999999999755,0.0,-1
2025-10-24 10:10:00,192.93,0.3454420087883295,-19.292999999999836,-19.292999999999836,0.0,-1
2025-10-24 10:15:00,193.08,0.3421961510177353,-19.307999999999765,-19.307999999999765,0.0,-1
2025-10-24 10:20:00,193.26,0.33846785451647,-19.325999999999794,-19.325999999999794,0.0,-1
2025-10-24 10:25:00,193.22,0.33214872205100787,-19.321999999999946,-19.321999999999946,0.0,-1
2025-10-24 10:30:00,193.23,0.3512809561902212,-19.322999999999695,-19.322999999999695,0.0,-1
2025-10-24 10:35:00,193.29,0.3490466021766335,-19.328999999999894,-19.328999999999894,0.0,-1
2025-10-24 10:40:00,193.19,0.3426861305925876,-19.318999999999846,-19.318999999999846,0.0,-1
2025-10-24 10:45:00,193.05,0.3310656926931176,-19.304999999999666,-19.304999999999666,0.0,-1
2025-10-24 10:50:00,193.32,0.32670385750075276,-19.33199999999971,-19.33199999999971,0.0,-1
2025-10-24 10:55:00,193.31,0.32265358196498545,-19.33099999999996,-19.33099999999996,0.0,-1
2025-10-24 11:00:00,193.36,0.3224640403960574,-19.335999999999842,-19.335999999999842,0.0,-1
2025-10-24 11:05:00,193.04,0.3165737517963377,-19.303999999999917,-19.303999999999917,0.0,-1
2025-10-24 11:10:00,192.67,0.3175327695251716,-19.266999999999825,-19.266999999999825,0.0,-1
2025-10-24 11:15:00,192.76,0.3269947145590892,-19.27599999999984,-19.27599999999984,0.0,-1
2025-10-24 11:20:00,193.0,0.32578080637629725,-19.299999999999784,-19.299999999999784,0.0,-1
2025-10-24 11:25:00,193.17,0.32679646306370486,-19.31699999999978,-19.31699999999978,0.0,-1
2025-10-24 11:30:00,192.98,0.38059671570201253,-19.297999999999718,-19.297999999999718,0.0,-1
2025-10-24 11:35:00,192.73,0.3741255217232968,-19.27299999999974,-19.27299999999974,0.0,-1
2025-10-24 11:40:00,192.32,0.3731165558859174,-19.2319999999998,-19.2319999999998,0.0,-1
2025-10-24 11:45:00,191.86,0.36789394475120785,-19.18599999999998,-19.18599999999998,0.0,-1
2025-10-24 11:50:00,191.95,0.3830443772689776,-19.194999999999993,-19.194999999999993,0.0,-1
2025-10-24 11:55:00,192.18,0.3856840646069069,-19.217999999999904,-19.217999999999904,0.0,-1
2025-10-24 12:00:00,191.88,0.41956377427784314,-19.18799999999976,-19.18799999999976,0.0,-1
2025-10-24 12:05:00,192.22,0.4153092189722839,-19.221999999999753,-19.221999999999753,0.0,-1
2025-10-24 12:10:00,192.47,0.415644274759977,-19.247000000000014,-19.247000000000014,0.0,-1
2025-10-24 12:15:00,192.5,0.4152411122771213,-19.24999999999983,-19.24999999999983,0.0,-1
2025-10-24 12:20:00,192.57,0.4148667471144695,-19.256999999999778,-19.256999999999778,0.0,-1
2025-10-24 12:25:00,192.44,0.4309476937491513,-19.24399999999963,-19.24399999999963,0.0,-1
2025-10-24 12:30:00,192.48,0.6944514299099266,-19.247999999999763,-19.247999999999763,0.0,-1
2025-10-24 12:35:00,193.15,0.7191334706306456,-19.314999999999998,-19.314999999999998,0.0,-1
2025-10-24 12:40:00,193.39,0.7070525084427411,-19.338999999999658,-19.338999999999658,0.0,-1
2025-10-24 12:45:00,193.05,0.7094059006968317,-19.304999999999666,-19.304999999999666,0.0,-1
2025-10-24 12:50:00,193.03,0.7201626220756304,-19.3029999999996,-19.3029999999996,0.0,-1
2025-10-24 12:55:00,192.96,0.7301510062130864,-19.29599999999965,-19.29599999999965,0.0,-1
2025-10-24 13:00:00,192.9,0.739425934340724,-19.289999999999736,-19.289999999999736,0.0,-1
2025-10-24 13:05:00,193.04,0.7258955104592446,-19.303999999999917,-19.303999999999917,0.0,-1
2025-10-24 13:10:00,193.26,0.7126172597121572,-19.325999999999794,-19.325999999999794,0.0,-1
2025-10-24 13:15:00,193.19,0.6931445983041458,-19.318999999999846,-19.318999999999846,0.0,-1
2025-10-24 13:20:00,193.05,0.6672056984252771,-19.304999999999666,-19.304999999999666,0.0,-1
2025-10-24 13:25:00,192.95,0.6438338628234699,-19.294999999999902,-19.294999999999902,0.0,-1
2025-10-24 13:30:00,192.63,0.6442743011932225,-19.262999999999977,-19.262999999999977,0.0,-1
2025-10-24 13:35:00,192.64,0.6675404225365636,-19.263999999999726,-19.263999999999726,0.0,-1
2025-10-24 13:40:00,192.69,0.6955732494982378,-19.268999999999608,-19.268999999999608,0.0,-1
2025-10-24 13:45:00,192.71,0.7501751602483643,-19.270999999999674,-19.270999999999674,0.0,-1
2025-10-24 13:50:00,192.33,0.7773055059449094,-19.232999999999834,-19.232999999999834,0.0,-1
2025-10-24 13:55:00,192.14,0.772497969805988,-19.21399999999977,-19.21399999999977,0.0,-1
2025-10-24 14:00:00,191.71,0.7958909719627048,-19.170999999999765,-19.170999999999765,0.0,-1
2025-10-24 14:05:00,191.88,0.7976130453939417,-19.18799999999976,-19.18799999999976,0.0,-1
2025-10-24 14:10:00,191.97,0.7749263992943738,-19.196999999999775,-19.196999999999775,0.0,-1
2025-10-24 14:15:00,191.72,0.796717370773348,-19.171999999999798,-19.171999999999798,0.0,-1
2025-10-24 14:20:00,191.54,0.7933804157181089,-19.15399999999977,-19.15399999999977,0.0,-1
2025-10-24 14:25:00,191.57,0.8159961003096715,-19.15699999999987,-19.15699999999987,0.0,-1
2025-10-24 14:30:00,191.98,0.8269963788589806,-19.19799999999981,-19.19799999999981,0.0,-1
2025-10-24 14:35:00,191.69,0.8329252089404817,-19.1689999999997,-19.1689999999997,0.0,-1
2025-10-24 14:40:00,191.86,0.8048591225875901,-19.18599999999998,-19.18599999999998,0.0,-1
2025-10-24 14:45:00,191.77,0.784512042402761,-19.176999999999964,-19.176999999999964,0.0,-1
2025-10-24 14:50:00,191.86,0.7877611822311361,-19.18599999999998,-19.18599999999998,0.0,-1
2025-10-24 14:55:00,191.78,0.7679210977860543,-19.177999999999713,-19.177999999999713,0.0,-1
2025-10-24 15:00:00,191.8,0.7416410193727652,-19.17999999999978,-19.17999999999978,0.0,-1
2025-10-24 15:05:00,191.8,0.7308095179889965,-19.17999999999978,-19.17999999999978,0.0,-1
2025-10-24 15:10:00,191.83,0.7443231238469264,-19.182999999999595,-19.182999999999595,0.0,-1
2025-10-24 15:15:00,191.56,0.7297286150007168,-19.155999999999835,-19.155999999999835,0.0,-1
2025-10-24 15:20:00,191.47,0.7347479996435237,-19.14699999999982,-19.14699999999982,0.0,-1
2025-10-24 15:25:00,191.67,0.717980285383272,-19.166999999999632,-19.166999999999632,0.0,-1
2025-10-24 15:30:00,191.33,0.7188388364273253,-19.13299999999964,-19.13299999999964,0.0,-1
2025-10-24 15:35:00,191.27,0.70677891953966,-19.12700000000001,-19.12700000000001,0.0,-1
2025-10-24 15:40:00,191.59,0.6905804252868264,-19.158999999999935,-19.158999999999935,0.0,-1
2025-10-24 15:45:00,191.47,0.6891103949091971,-19.14699999999982,-19.14699999999982,0.0,-1
2025-10-24 15:50:00,191.93,0.6627453667013968,-19.192999999999927,-19.192999999999927,0.0,-1
2025-10-24 15:55:00,192.14,0.660406411937011,-19.21399999999977,-19.21399999999977,0.0,-1
2025-10-24 16:00:00,192.87,0.6518059539415096,-19.286999999999637,-19.286999999999637,0.0,-1
2025-10-24 16:05:00,192.77,0.6531055286599744,-19.276999999999873,-19.276999999999873,0.0,-1
2025-10-24 16:10:00,192.87,0.6364551337556896,-19.286999999999637,-19.286999999999637,0.0,-1
2025-10-24 16:15:00,192.53,0.6167083384874271,-19.252999999999645,-19.252999999999645,0.0,-1
2025-10-24 16:20:00,192.74,0.6133720285954696,-19.273999999999774,-19.273999999999774,0.0,-1
2025-10-24 16:25:00,192.98,0.6031311694100788,-19.297999999999718,-19.297999999999718,0.0,-1
2025-10-24 16:30:00,194.5,0.5950503715950739,-19.449999999999648,-19.449999999999648,0.0,-1
2025-10-24 16:35:00,193.9,0.5732610593382823,-19.38999999999993,-19.38999999999993,0.0,-1
2025-10-24 16:40:00,194.03,0.558028126528404,-19.402999999999793,-19.402999999999793,0.0,-1
2025-10-24 16:45:00,193.96,0.5560261174906609,-19.395999999999844,-19.395999999999844,0.0,-1
2025-10-24 16:50:00,193.33,0.5284528233841842,-19.332999999999743,-19.332999999999743,0.0,-1
2025-10-24 16:55:00,193.66,0.5299919074281718,-19.3659999999997,-19.3659999999997,0.0,-1
2025-10-24 17:00:00,194.12,0.5599924854690159,-19.411999999999807,-19.411999999999807,0.0,-1
2025-10-24 17:05:00,193.98,0.5742787365069427,-19.397999999999627,-19.397999999999627,0.0,-1
2025-10-24 17:10:00,193.7,0.5611159696135887,-19.369999999999834,-19.369999999999834,0.0,-1
2025-10-24 17:15:00,193.94,0.5531791146411886,-19.393999999999778,-19.393999999999778,0.0,-1
2025-10-24 17:20:00,193.62,0.5529520350239596,-19.361999999999853,-19.361999999999853,0.0,-1
2025-10-24 17:25:00,193.33,0.534884032522249,-19.332999999999743,-19.332999999999743,0.0,-1
2025-10-24 17:30:00,193.18,0.533106601627802,-19.317999999999813,-19.317999999999813,0.0,-1
2025-10-24 17:35:00,192.35,0.5171704157972449,-19.234999999999616,-19.234999999999616,0.0,-1
2025-10-24 17:40:00,191.73,0.4980868146688703,-19.17299999999983,-19.17299999999983,0.0,-1
2025-10-24 17:45:00,191.53,0.5060806136210928,-19.152999999999736,-19.152999999999736,0.0,-1
2025-10-24 17:50:00,191.97,0.49564628407673,-19.196999999999775,-19.196999999999775,0.0,-1
2025-10-24 17:55:00,192.49,0.4788144066426772,-19.248999999999796,-19.248999999999796,0.0,-1
2025-10-24 18:00:00,191.66,0.4867562347396291,-19.165999999999883,-19.165999999999883,0.0,-1
2025-10-24 18:05:00,191.73,0.4734165036867972,-19.17299999999983,-19.17299999999983,0.0,-1
2025-10-24 18:10:00,191.83,0.46245818199488264,-19.182999999999595,-19.182999999999595,0.0,-1
2025-10-24 18:15:00,191.07,0.4551397404238206,-19.106999999999914,-19.106999999999914,0.0,-1
2025-10-24 18:20:00,190.62,0.4640583303935466,-19.06199999999984,-19.06199999999984,0.0,-1
2025-10-24 18:25:00,190.33,0.46948273536543556,-19.03299999999973,-19.03299999999973,0.0,-1
2025-10-24 18:30:00,190.76,0.4523768256964772,-19.075999999999738,-19.075999999999738,0.0,-1
2025-10-24 18:35:00,190.59,0.44792133814672785,-19.05899999999974,-19.05899999999974,0.0,-1
2025-10-24 18:40:00,190.82,0.4423555282791048,-19.081999999999937,-19.081999999999937,0.0,-1
2025-10-24 18:45:00,190.59,0.42575870483059586,-19.05899999999974,-19.05899999999974,0.0,-1
2025-10-24 18:50:00,190.33,0.42463308305698366,-19.03299999999973,-19.03299999999973,0.0,-1
2025-10-24 18:55:00,190.16,0.4128735771243413,-19.015999999999735,-19.015999999999735,0.0,-1
2025-10-24 19:00:00,190.16,0.4112397501868874,-19.015999999999735,-19.015999999999735,0.0,-1
2025-10-24 19:05:00,190.14,0.43043691088782454,-19.013999999999953,-19.013999999999953,0.0,-1
2025-10-24 19:10:00,190.38,0.42326284582440943,-19.037999999999613,-19.037999999999613,0.0,-1
2025-10-24 19:15:00,190.25,0.41945835683695193,-19.02499999999975,-19.02499999999975,0.0,-1
2025-10-24 19:20:00,190.15,0.403782759920026,-19.014999999999702,-19.014999999999702,0.0,-1
2025-10-24 19:25:00,189.82,0.4113697056400235,-18.981999999999744,-18.981999999999744,0.0,-1
2025-10-24 19:30:00,189.26,0.413414726665736,-18.925999999999874,-18.925999999999874,0.0,-1
2025-10-24 19:35:00,189.49,0.4181708176181847,-18.948999999999785,-18.948999999999785,0.0,-1
2025-10-24 19:40:00,189.44,0.41115861635974243,-18.943999999999903,-18.943999999999903,0.0,-1
2025-10-24 19:45:00,189.49,0.41321871519118925,-18.948999999999785,-18.948999999999785,0.0,-1
2025-10-24 19:50:00,189.54,0.4272745212489624,-18.953999999999667,-18.953999999999667,0.0,-1
2025-10-24 19:55:00,189.43,0.4296120554454657,-18.94299999999987,-18.94299999999987,0.0,-1
2025-10-24 20:00:00,189.37,0.45321119434221957,-18.936999999999955,-18.936999999999955,0.0,-1
2025-10-24 20:05:00,189.41,0.44155325188920536,-18.940999999999804,-18.940999999999804,0.0,-1
2025-10-24 20:10:00,189.82,0.43572801961140595,-18.981999999999744,-18.981999999999744,0.0,-1
2025-10-24 20:15:00,190.17,0.42531887535344987,-19.01699999999977,-19.01699999999977,0.0,-1
2025-10-24 20:20:00,189.76,0.4170818128282036,-18.97599999999983,-18.97599999999983,0.0,-1
2025-10-24 20:25:00,190.12,0.4058616833404762,-19.011999999999887,-19.011999999999887,0.0,-1
2025-10-24 20:30:00,189.84,0.39544299167329866,-18.98399999999981,-18.98399999999981,0.0,-1
2025-10-24 20:35:00,189.83,0.41791134941091873,-18.982999999999777,-18.982999999999777,0.0,-1
2025-10-24 20:40:00,189.78,0.4009176815958536,-18.977999999999895,-18.977999999999895,0.0,-1
2025-10-24 20:45:00,190.25,0.39799499005329364,-19.02499999999975,-19.02499999999975,0.0,-1
2025-10-24 20:50:00,190.24,0.4081382050494864,-19.023999999999717,-19.023999999999717,0.0,-1
2025-10-24 20:55:00,190.66,0.4068426189745242,-19.065999999999974,-19.065999999999974,0.0,-1
2025-10-24 21:00:00,191.42,0.40706814619062937,-19.141999999999655,-19.141999999999655,0.0,-1
2025-10-24 21:05:00,190.71,0.39656327860558377,-19.070999999999856,-19.070999999999856,0.0,-1
2025-10-24 21:10:00,190.77,0.39895161584804256,-19.07699999999977,-19.07699999999977,0.0,-1
2025-10-24 21:15:00,191.11,0.4047407861446123,-19.110999999999763,-19.110999999999763,0.0,-1
2025-10-24 21:20:00,191.6,0.397973587134283,-19.159999999999684,-19.159999999999684,0.0,-1
2025-10-24 21:25:00,191.58,0.3988326166246911,-19.157999999999618,-19.157999999999618,0.0,-1
2025-10-24 21:30:00,191.5,0.3924874297229276,-19.14999999999992,-19.14999999999992,0.0,-1
2025-10-24 21:35:00,191.45,0.3701668990284337,-19.144999999999754,-19.144999999999754,0.0,-1
2025-10-24 21:40:00,191.24,0.36444069195497564,-19.123999999999626,-19.123999999999626,0.0,-1
2025-10-24 21:45:00,191.12,0.3619806425296191,-19.111999999999796,-19.111999999999796,0.0,-1
2025-10-24 21:50:00,191.2,0.35469631092035997,-19.119999999999777,-19.119999999999777,0.0,-1
2025-10-24 21:55:00,191.15,0.35293228871176374,-19.11499999999961,-19.11499999999961,0.0,-1
2025-10-24 22:00:00,191.51,0.3748656966609253,-19.15099999999967,-19.15099999999967,0.0,-1
2025-10-24 22:05:00,191.59,0.3616610040422876,-19.158999999999935,-19.158999999999935,0.0,-1
2025-10-24 22:10:00,191.4,0.3565423608964094,-19.139999999999873,-19.139999999999873,0.0,-1
2025-10-24 22:15:00,191.73,0.3482179065466645,-19.17299999999983,-19.17299999999983,0.0,-1
2025-10-24 22:20:00,191.44,0.3369166275076169,-19.14399999999972,-19.14399999999972,0.0,-1
2025-10-24 22:25:00,191.35,0.34570829697135913,-19.134999999999707,-19.134999999999707,0.0,-1
2025-10-24 22:30:00,191.45,0.34172913290197576,-19.144999999999754,-19.144999999999754,0.0,-1
2025-10-24 22:35:00,191.49,0.3423199091232628,-19.148999999999603,-19.148999999999603,0.0,-1
2025-10-24 22:40:00,191.38,0.34572562990017164,-19.137999999999806,-19.137999999999806,0.0,-1
2025-10-24 22:45:00,191.55,0.3353166563358749,-19.154999999999802,-19.154999999999802,0.0,-1
2025-10-24 22:50:00,191.67,0.33279403802617036,-19.166999999999632,-19.166999999999632,0.0,-1
2025-10-24 22:55:00,191.82,0.3325944638814448,-19.181999999999846,-19.181999999999846,0.0,-1
2025-10-24 23:00:00,192.16,0.3252662878899123,-19.215999999999838,-19.215999999999838,0.0,-1
2025-10-24 23:05:00,192.72,0.3234615530406337,-19.27199999999999,-19.27199999999999,0.0,-1
2025-10-24 23:10:00,192.57,0.31107144210916027,-19.256999999999778,-19.256999999999778,0.0,-1
2025-10-24 23:15:00,192.76,0.3088520533870775,-19.27599999999984,-19.27599999999984,0.0,-1
2025-10-24 23:20:00,192.75,0.3003626210022861,-19.274999999999807,-19.274999999999807,0.0,-1
2025-10-24 23:25:00,193.14,0.28962243378783753,-19.31399999999968,-19.31399999999968,0.0,-1
2025-10-24 23:30:00,193.27,0.2875065456601362,-19.326999999999828,-19.326999999999828,0.0,-1
2025-10-24 23:35:00,193.28,0.2855417923986993,-19.32799999999986,-19.32799999999986,0.0,-1
2025-10-24 23:40:00,193.48,0.2715745215130782,-19.347999999999672,-19.347999999999672,0.0,-1
2025-10-24 23:45:00,193.14,0.26717634140499974,-19.31399999999968,-19.31399999999968,0.0,-1
2025-10-24 23:50:00,193.28,0.2573780313046423,-19.32799999999986,-19.32799999999986,0.0,-1
2025-10-24 23:55:00,193.02,0.2532796004971691,-19.30199999999985,-19.30199999999985,0.0,-1
2025-10-25 00:00:00,193.42,0.25590248617594213,-19.341999999999757,-19.341999999999757,0.0,-1
2025-10-25 00:05:00,193.49,0.27048088002051623,-19.34899999999999,-19.34899999999999,0.0,-1
2025-10-25 00:10:00,193.51,0.26616081716190854,-19.35099999999977,-19.35099999999977,0.0,-1
2025-10-25 00:15:00,193.59,0.28000647307891563,-19.358999999999753,-19.358999999999753,0.0,-1
2025-10-25 00:20:00,193.88,0.2750060107161365,-19.387999999999863,-19.387999999999863,0.0,-1
2025-10-25 00:25:00,193.67,0.26821986709355583,-19.366999999999734,-19.366999999999734,0.0,-1
2025-10-25 00:30:00,193.75,0.27763273372973085,-19.374999999999716,-19.374999999999716,0.0,-1
2025-10-25 00:35:00,193.61,0.28565896703474913,-19.36099999999982,-19.36099999999982,0.0,-1
2025-10-25 00:40:00,193.57,0.2966833265322669,-19.356999999999687,-19.356999999999687,0.0,-1
2025-10-25 00:45:00,193.75,0.32549166035139193,-19.374999999999716,-19.374999999999716,0.0,-1
2025-10-25 00:50:00,193.43,0.3586708274691491,-19.34299999999979,-19.34299999999979,0.0,-1
2025-10-25 00:55:00,193.6,0.360194339792781,-19.359999999999786,-19.359999999999786,0.0,-1
2025-10-25 01:00:00,193.74,0.3544661726647253,-19.373999999999967,-19.373999999999967,0.0,-1
2025-10-25 01:05:00,193.7,0.35700430318867254,-19.369999999999834,-19.369999999999834,0.0,-1
2025-10-25 01:10:00,193.44,0.36436113867519654,-19.343999999999824,-19.343999999999824,0.0,-1
2025-10-25 01:15:00,193.76,0.35547820019839743,-19.37599999999975,-19.37599999999975,0.0,-1
2025-10-25 01:20:00,193.66,0.35651547161279795,-19.3659999999997,-19.3659999999997,0.0,-1
2025-10-25 01:25:00,193.44,0.3781929379261693,-19.343999999999824,-19.343999999999824,0.0,-1
2025-10-25 01:30:00,193.65,0.4004648709314428,-19.364999999999952,-19.364999999999952,0.0,-1
2025-10-25 01:35:00,193.57,0.40328880872205386,-19.356999999999687,-19.356999999999687,0.0,-1
2025-10-25 01:40:00,193.49,0.3844824652419062,-19.34899999999999,-19.34899999999999,0.0,-1
2025-10-25 01:45:00,193.63,0.3784480034389117,-19.362999999999886,-19.362999999999886,0.0,-1
2025-10-25 01:50:00,193.78,0.36570171747899066,-19.377999999999815,-19.377999999999815,0.0,-1
2025-10-25 01:55:00,193.79,0.355294451944777,-19.37899999999985,-19.37899999999985,0.0,-1
2025-10-25 02:00:00,193.4,0.34777341966300723,-19.339999999999975,-19.339999999999975,0.0,-1
2025-10-25 02:05:00,193.29,0.34436103254422185,-19.328999999999894,-19.328999999999894,0.0,-1
2025-10-25 02:10:00,193.29,0.33476381593392085,-19.328999999999894,-19.328999999999894,0.0,-1
2025-10-25 02:15:00,193.46,0.3201378290814996,-19.345999999999606,-19.345999999999606,0.0,-1
2025-10-25 02:20:00,193.57,0.3122708412899645,-19.356999999999687,-19.356999999999687,0.0,-1
2025-10-25 02:25:00,193.87,0.3028229240549655,-19.38699999999983,-19.38699999999983,0.0,-1
2025-10-25 02:30:00,194.08,0.3033355723367539,-19.40799999999996,-19.40799999999996,0.0,-1
2025-10-25 02:35:00,193.9,0.2952401743126999,-19.38999999999993,-19.38999999999993,0.0,-1
2025-10-25 02:40:00,193.62,0.28843730471893686,-19.361999999999853,-19.361999999999853,0.0,-1
2025-10-25 02:45:00,193.78,0.2856917829532985,-19.377999999999815,-19.377999999999815,0.0,-1
2025-10-25 02:50:00,193.58,0.3009995127423486,-19.358000000000004,-19.358000000000004,0.0,-1
2025-10-25 02:55:00,193.78,0.30164240468932385,-19.377999999999815,-19.377999999999815,0.0,-1
2025-10-25 03:00:00,193.59,0.32081080435437165,-19.358999999999753,-19.358999999999753,0.0,-1
2025-10-25 03:05:00,193.38,0.3164671754719159,-19.33799999999991,-19.33799999999991,0.0,-1
2025-10-25 03:10:00,193.24,0.3110052343667797,-19.324000000000012,-19.324000000000012,0.0,-1
2025-10-25 03:15:00,193.2,0.3137905747691542,-19.31999999999988,-19.31999999999988,0.0,-1
2025-10-25 03:20:00,193.32,0.3135198194285005,-19.33199999999971,-19.33199999999971,0.0,-1
2025-10-25 03:25:00,193.41,0.2989826894693229,-19.340999999999724,-19.340999999999724,0.0,-1
2025-10-25 03:30:00,193.39,0.28905535450722813,-19.338999999999658,-19.338999999999658,0.0,-1
2025-10-25 03:35:00,193.32,0.2855514006138533,-19.33199999999971,-19.33199999999971,0.0,-1
2025-10-25 03:40:00,193.27,0.28372630057000603,-19.326999999999828,-19.326999999999828,0.0,-1
2025-10-25 03:45:00,193.38,0.2891744219578617,-19.33799999999991,-19.33799999999991,0.0,-1
2025-10-25 03:50:00,193.46,0.28709053467515666,-19.345999999999606,-19.345999999999606,0.0,-1
2025-10-25 03:55:00,193.55,0.2772983536269316,-19.35499999999962,-19.35499999999962,0.0,-1
2025-10-25 04:00:00,193.32,0.2696341855107234,-19.33199999999971,-19.33199999999971,0.0,-1
2025-10-25 04:05:00,193.03,0.2653746008313866,-19.3029999999996,-19.3029999999996,0.0,-1
2025-10-25 04:10:00,192.92,0.2642764150577161,-19.291999999999803,-19.291999999999803,0.0,-1
2025-10-25 04:15:00,192.59,0.28111381398216495,-19.258999999999844,-19.258999999999844,0.0,-1
2025-10-25 04:20:00,192.65,0.27746282726915245,-19.26499999999976,-19.26499999999976,0.0,-1
2025-10-25 04:25:00,192.77,0.27621548246421235,-19.276999999999873,-19.276999999999873,0.0,-1
2025-10-25 04:30:00,192.47,0.2872000908596242,-19.247000000000014,-19.247000000000014,0.0,-1
2025-10-25 04:35:00,192.7,0.2795429415125087,-19.269999999999925,-19.269999999999925,0.0,-1
2025-10-25 04:40:00,192.81,0.27457558854732805,-19.281000000000006,-19.281000000000006,0.0,-1
2025-10-25 04:45:00,193.35,0.26782018936537655,-19.33499999999981,-19.33499999999981,0.0,-1
2025-10-25 04:50:00,192.58,0.3051187472678491,-19.25799999999981,-19.25799999999981,0.0,-1
2025-10-25 04:55:00,192.96,0.3011816938915742,-19.29599999999965,-19.29599999999965,0.0,-1
2025-10-25 05:00:00,193.15,0.2910972871850329,-19.314999999999998,-19.314999999999998,0.0,-1
2025-10-25 05:05:00,193.04,0.29244748095753076,-19.303999999999917,-19.303999999999917,0.0,-1
2025-10-25 05:10:00,193.38,0.3072726608891357,-19.33799999999991,-19.33799999999991,0.0,-1
2025-10-25 05:15:00,193.48,0.2953246136827699,-19.347999999999672,-19.347999999999672,0.0,-1
2025-10-25 05:20:00,193.79,0.2999442841339996,-19.37899999999985,-19.37899999999985,0.0,-1
2025-10-25 05:25:00,193.85,0.29780540669585753,-19.384999999999764,-19.384999999999764,0.0,-1
2025-10-25 05:30:00,193.83,0.2929621633604384,-19.38299999999998,-19.38299999999998,0.0,-1
2025-10-25 05:35:00,193.73,0.29060772312040645,-19.37299999999965,-19.37299999999965,0.0,-1
2025-10-25 05:40:00,193.59,0.28056431432609213,-19.358999999999753,-19.358999999999753,0.0,-1
2025-10-25 05:45:00,193.7,0.2940954347313712,-19.369999999999834,-19.369999999999834,0.0,-1
2025-10-25 05:50:00,193.68,0.28451718939341586,-19.367999999999768,-19.367999999999768,0.0,-1
2025-10-25 05:55:00,193.71,0.2884802472938864,-19.370999999999867,-19.370999999999867,0.0,-1
2025-10-25 06:00:00,193.78,0.2893030867728933,-19.377999999999815,-19.377999999999815,0.0,-1
2025-10-25 06:05:00,193.58,0.28863858057482955,-19.358000000000004,-19.358000000000004,0.0,-1
2025-10-25 06:10:00,193.47,0.2837358248194845,-19.346999999999923,-19.346999999999923,0.0,-1
2025-10-25 06:15:00,193.53,0.2756118373323776,-19.352999999999838,-19.352999999999838,0.0,-1
2025-10-25 06:20:00,193.66,0.2687824203800654,-19.3659999999997,-19.3659999999997,0.0,-1
2025-10-25 06:25:00,193.7,0.2660122474957763,-19.369999999999834,-19.369999999999834,0.0,-1
2025-10-25 06:30:00,193.43,0.26558280124607936,-19.34299999999979,-19.34299999999979,0.0,-1
2025-10-25 06:35:00,193.48,0.26375545829993147,-19.347999999999672,-19.347999999999672,0.0,-1
2025-10-25 06:40:00,193.46,0.25491578270707826,-19.345999999999606,-19.345999999999606,0.0,-1
2025-10-25 06:45:00,193.66,0.2574217982280007,-19.3659999999997,-19.3659999999997,0.0,-1
2025-10-25 06:50:00,194.06,0.26189166978314304,-19.405999999999892,-19.405999999999892,0.0,-1
2025-10-25 06:55:00,193.84,0.2603279790843478,-19.38399999999973,-19.38399999999973,0.0,-1
2025-10-25 07:00:00,193.55,0.2553045520068942,-19.35499999999962,-19.35499999999962,0.0,-1
2025-10-25 07:05:00,193.38,0.2513542268635438,-19.33799999999991,-19.33799999999991,0.0,-1
2025-10-25 07:10:00,193.5,0.24411463923043192,-19.34999999999974,-19.34999999999974,0.0,-1
2025-10-25 07:15:00,193.83,0.25739216499968726,-19.38299999999998,-19.38299999999998,0.0,-1
2025-10-25 07:20:00,193.73,0.2582927246425675,-19.37299999999965,-19.37299999999965,0.0,-1
2025-10-25 07:25:00,193.66,0.2577003871680984,-19.3659999999997,-19.3659999999997,0.0,-1
2025-10-25 07:30:00,193.68,0.2857217880846632,-19.367999999999768,-19.367999999999768,0.0,-1
2025-10-25 07:35:00,193.52,0.29102737465004336,-19.351999999999805,-19.351999999999805,0.0,-1
2025-10-25 07:40:00,193.73,0.2938111336036126,-19.37299999999965,-19.37299999999965,0.0,-1
2025-10-25 07:45:00,193.66,0.28996748120335525,-19.3659999999997,-19.3659999999997,0.0,-1
2025-10-25 07:50:00,193.48,0.2849698039745441,-19.347999999999672,-19.347999999999672,0.0,-1
2025-10-25 07:55:00,193.42,0.27104338940493405,-19.341999999999757,-19.341999999999757,0.0,-1
2025-10-25 08:00:00,193.53,0.2731117187331539,-19.352999999999838,-19.352999999999838,0.0,-1
2025-10-25 08:05:00,193.62,0.2764608816807873,-19.361999999999853,-19.361999999999853,0.0,-1
2025-10-25 08:10:00,193.83,0.2645708187035892,-19.38299999999998,-19.38299999999998,0.0,-1
2025-10-25 08:15:00,194.16,0.27424433165333323,-19.415999999999656,-19.415999999999656,0.0,-1
2025-10-25 08:20:00,194.08,0.3053697365352386,-19.40799999999996,-19.40799999999996,0.0,-1
2025-10-25 08:25:00,193.87,0.30927189821129397,-19.38699999999983,-19.38699999999983,0.0,-1
2025-10-25 08:30:00,193.67,0.31146676262477324,-19.366999999999734,-19.366999999999734,0.0,-1
2025-10-25 08:35:00,193.64,0.3277905652944338,-19.363999999999635,-19.363999999999635,0.0,-1
2025-10-25 08:40:00,193.63,0.3222340963448314,-19.362999999999886,-19.362999999999886,0.0,-1
2025-10-25 08:45:00,193.69,0.32278880374877295,-19.3689999999998,-19.3689999999998,0.0,-1
2025-10-25 08:50:00,194.34,0.30901817490957456,-19.433999999999685,-19.433999999999685,0.0,-1
2025-10-25 08:55:00,194.2,0.3026597338446049,-19.41999999999979,-19.41999999999979,0.0,-1
2025-10-25 09:00:00,194.14,0.2981840385699909,-19.41399999999959,-19.41399999999959,0.0,-1
2025-10-25 09:05:00,193.99,0.29259946438642004,-19.398999999999944,-19.398999999999944,0.0,-1
2025-10-25 09:10:00,193.84,0.2938423597873902,-19.38399999999973,-19.38399999999973,0.0,-1
2025-10-25 09:15:00,193.86,0.2971393340882912,-19.385999999999797,-19.385999999999797,0.0,-1
2025-10-25 09:20:00,193.99,0.3052008102248416,-19.398999999999944,-19.398999999999944,0.0,-1
2025-10-25 09:25:00,194.06,0.31840075235163723,-19.405999999999892,-19.405999999999892,0.0,-1
2025-10-25 09:30:00,194.08,0.3270864128979487,-19.40799999999996,-19.40799999999996,0.0,-1
2025-10-25 09:35:00,194.28,0.32943738340523704,-19.42799999999977,-19.42799999999977,0.0,-1
2025-10-25 09:40:00,194.27,0.32376328459057724,-19.426999999999737,-19.426999999999737,0.0,-1
2025-10-25 09:45:00,194.44,0.3249230499769648,-19.444000000000017,-19.444000000000017,0.0,-1
2025-10-25 09:50:00,194.4,0.3645714035500405,-19.439999999999884,-19.439999999999884,0.0,-1
2025-10-25 09:55:00,194.48,0.3528163032964674,-19.447999999999865,-19.447999999999865,0.0,-1
2025-10-25 10:00:00,194.44,0.3669008530610063,-19.444000000000017,-19.444000000000017,0.0,-1
2025-10-25 10:05:00,194.44,0.42355079212807706,-19.444000000000017,-19.444000000000017,0.0,-1
2025-10-25 10:10:00,194.36,0.4368685926903562,-19.43599999999975,-19.43599999999975,0.0,-1
2025-10-25 10:15:00,194.39,0.4306636932124732,-19.43899999999985,-19.43899999999985,0.0,-1
2025-10-25 10:20:00,194.32,0.4277591436972956,-19.43199999999962,-19.43199999999962,0.0,-1
2025-10-25 10:25:00,194.55,0.4179192048617739,-19.454999999999814,-19.454999999999814,0.0,-1
2025-10-25 10:30:00,194.37,0.4287821188002202,-19.436999999999784,-19.436999999999784,0.0,-1
2025-10-25 10:35:00,194.13,0.4181548246002046,-19.41299999999984,-19.41299999999984,0.0,-1
2025-10-25 10:40:00,194.17,0.4075723371287622,-19.416999999999973,-19.416999999999973,0.0,-1
2025-10-25 10:45:00,194.37,0.3991743130481357,-19.436999999999784,-19.436999999999784,0.0,-1
2025-10-25 10:50:00,194.18,0.3828047192589843,-19.417999999999722,-19.417999999999722,0.0,-1
2025-10-25 10:55:00,194.05,0.37974723931191423,-19.40499999999986,-19.40499999999986,0.0,-1
2025-10-25 11:00:00,194.1,0.37905100793249213,-19.40999999999974,-19.40999999999974,0.0,-1
2025-10-25 11:05:00,194.1,0.3684045073658848,-19.40999999999974,-19.40999999999974,0.0,-1
2025-10-25 11:10:00,194.17,0.3542327568397493,-19.416999999999973,-19.416999999999973,0.0,-1
2025-10-25 11:15:00,194.41,0.3453589884940522,-19.440999999999633,-19.440999999999633,0.0,-1
2025-10-25 11:20:00,194.66,0.3449762036016202,-19.46599999999961,-19.46599999999961,0.0,-1
2025-10-25 11:25:00,194.54,0.33962076048721945,-19.45399999999978,-19.45399999999978,0.0,-1
2025-10-25 11:30:00,194.26,0.32964784902384786,-19.425999999999988,-19.425999999999988,0.0,-1
2025-10-25 11:35:00,194.15,0.32181585980785865,-19.414999999999907,-19.414999999999907,0.0,-1
2025-10-25 11:40:00,194.02,0.3224004412501533,-19.40199999999976,-19.40199999999976,0.0,-1
2025-10-25 11:45:00,193.81,0.3158004097322845,-19.380999999999915,-19.380999999999915,0.0,-1
2025-10-25 11:50:00,193.96,0.31181466617997783,-19.395999999999844,-19.395999999999844,0.0,-1
2025-10-25 11:55:00,193.94,0.3016850471671214,-19.393999999999778,-19.393999999999778,0.0,-1
2025-10-25 12:00:00,194.13,0.3072789723694716,-19.41299999999984,-19.41299999999984,0.0,-1
2025-10-25 12:05:00,194.26,0.3267590457716531,-19.425999999999988,-19.425999999999988,0.0,-1
2025-10-25 12:10:00,194.23,0.3191333996451064,-19.422999999999604,-19.422999999999604,0.0,-1
2025-10-25 12:15:00,194.55,0.31133815681331367,-19.454999999999814,-19.454999999999814,0.0,-1
2025-10-25 12:20:00,194.93,0.31338543132664864,-19.492999999999654,-19.492999999999654,0.0,-1
2025-10-25 12:25:00,195.11,0.3124293290890317,-19.510999999999683,-19.510999999999683,0.0,-1
2025-10-25 12:30:00,194.92,0.3158272341540998,-19.491999999999905,-19.491999999999905,0.0,-1
2025-10-25 12:35:00,194.71,0.31255386028595056,-19.470999999999776,-19.470999999999776,0.0,-1
2025-10-25 12:40:00,194.56,0.3423714416940962,-19.455999999999847,-19.455999999999847,0.0,-1
2025-10-25 12:45:00,194.82,0.342202053001661,-19.481999999999857,-19.481999999999857,0.0,-1
2025-10-25 12:50:00,194.88,0.3534733349301138,-19.487999999999772,-19.487999999999772,0.0,-1
2025-10-25 12:55:00,194.84,0.34108238243510614,-19.48399999999964,-19.48399999999964,0.0,-1
2025-10-25 13:00:00,194.64,0.35243364083259854,-19.463999999999828,-19.463999999999828,0.0,-1
2025-10-25 13:05:00,194.67,0.3572598093445549,-19.466999999999928,-19.466999999999928,0.0,-1
2025-10-25 13:10:00,194.58,0.3510269658199446,-19.457999999999913,-19.457999999999913,0.0,-1
2025-10-25 13:15:00,194.34,0.3595250396899485,-19.433999999999685,-19.433999999999685,0.0,-1
2025-10-25 13:20:00,194.0,0.3731303939978101,-19.399999999999693,-19.399999999999693,0.0,-1
2025-10-25 13:25:00,193.76,0.36862108014082384,-19.37599999999975,-19.37599999999975,0.0,-1
2025-10-25 13:30:00,193.36,0.3551481458450512,-19.335999999999842,-19.335999999999842,0.0,-1
2025-10-25 13:35:00,193.69,0.3669232782846891,-19.3689999999998,-19.3689999999998,0.0,-1
2025-10-25 13:40:00,193.63,0.35928590126435356,-19.362999999999886,-19.362999999999886,0.0,-1
2025-10-25 13:45:00,193.3,0.3514797654597569,-19.329999999999643,-19.329999999999643,0.0,-1
2025-10-25 13:50:00,192.67,0.34994549649834455,-19.266999999999825,-19.266999999999825,0.0,-1
2025-10-25 13:55:00,192.58,0.3356636753198898,-19.25799999999981,-19.25799999999981,0.0,-1
2025-10-25 14:00:00,192.24,0.32811626993989695,-19.22399999999982,-19.22399999999982,0.0,-1
2025-10-25 14:05:00,191.82,0.3318222506584775,-19.181999999999846,-19.181999999999846,0.0,-1
2025-10-25 14:10:00,191.69,0.3438349470400148,-19.1689999999997,-19.1689999999997,0.0,-1
2025-10-25 14:15:00,191.93,0.33998959368001525,-19.192999999999927,-19.192999999999927,0.0,-1
2025-10-25 14:20:00,192.0,0.33641890841715644,-19.199999999999875,-19.199999999999875,0.0,-1
2025-10-25 14:25:00,191.75,0.33453184353021687,-19.174999999999898,-19.174999999999898,0.0,-1
2025-10-25 14:30:00,192.05,0.33420814042091657,-19.204999999999757,-19.204999999999757,0.0,-1
2025-10-25 14:35:00,192.03,0.3396218446765672,-19.20299999999969,-19.20299999999969,0.0,-1
2025-10-25 14:40:00,191.97,0.3296488557710973,-19.196999999999775,-19.196999999999775,0.0,-1
2025-10-25 14:45:00,191.92,0.3203882232160181,-19.19199999999961,-19.19199999999961,0.0,-1
2025-10-25 14:50:00,191.82,0.31393192155773036,-19.181999999999846,-19.181999999999846,0.0,-1
2025-10-25 14:55:00,192.03,0.3007939271607493,-19.20299999999969,-19.20299999999969,0.0,-1
2025-10-25 15:00:00,192.1,0.32002293236355245,-19.20999999999964,-19.20999999999964,0.0,-1
2025-10-25 15:05:00,191.93,0.3228784371947262,-19.192999999999927,-19.192999999999927,0.0,-1
2025-10-25 15:10:00,192.03,0.3141014059665327,-19.20299999999969,-19.20299999999969,0.0,-1
2025-10-25 15:15:00,192.18,0.3030941626832087,-19.217999999999904,-19.217999999999904,0.0,-1
2025-10-25 15:20:00,192.42,0.3007302939201231,-19.241999999999848,-19.241999999999848,0.0,-1
2025-10-25 15:25:00,192.66,0.3006781300686866,-19.265999999999792,-19.265999999999792,0.0,-1
2025-10-25 15:30:00,192.63,0.2992011207780662,-19.262999999999977,-19.262999999999977,0.0,-1
2025-10-25 15:35:00,192.63,0.31782961215106165,-19.262999999999977,-19.262999999999977,0.0,-1
2025-10-25 15:40:00,192.56,0.31655606842598666,-19.255999999999744,-19.255999999999744,0.0,-1
2025-10-25 15:45:00,192.69,0.30465920639555943,-19.268999999999608,-19.268999999999608,0.0,-1
2025-10-25 15:50:00,192.82,0.31146926308159134,-19.281999999999755,-19.281999999999755,0.0,-1
2025-10-25 15:55:00,192.75,0.3056500300043341,-19.274999999999807,-19.274999999999807,0.0,-1
2025-10-25 16:00:00,193.0,0.3016750278611674,-19.299999999999784,-19.299999999999784,0.0,-1
2025-10-25 16:05:00,193.24,0.30512681158537136,-19.324000000000012,-19.324000000000012,0.0,-1
2025-10-25 16:10:00,193.37,0.2947606107578446,-19.33699999999959,-19.33699999999959,0.0,-1
2025-10-25 16:15:00,193.38,0.2887062814179971,-19.33799999999991,-19.33799999999991,0.0,-1
2025-10-25 16:20:00,193.62,0.2837986898881401,-19.361999999999853,-19.361999999999853,0.0,-1
2025-10-25 16:25:00,193.41,0.2878130691818446,-19.340999999999724,-19.340999999999724,0.0,-1
2025-10-25 16:30:00,193.24,0.28868356424028513,-19.324000000000012,-19.324000000000012,0.0,-1
2025-10-25 16:35:00,193.25,0.28163473822312174,-19.32499999999976,-19.32499999999976,0.0,-1
2025-10-25 16:40:00,193.92,0.27366082835004274,-19.391999999999996,-19.391999999999996,0.0,-1
2025-10-25 16:45:00,194.12,0.2898279120393254,-19.411999999999807,-19.411999999999807,0.0,-1
2025-10-25 16:50:00,193.9,0.29126877546508806,-19.38999999999993,-19.38999999999993,0.0,-1
2025-10-25 16:55:00,193.96,0.28046386293186654,-19.395999999999844,-19.395999999999844,0.0,-1
2025-10-25 17:00:00,193.48,0.2718593012938758,-19.347999999999672,-19.347999999999672,0.0,-1
2025-10-25 17:05:00,193.42,0.2852979226300281,-19.341999999999757,-19.341999999999757,0.0,-1
2025-10-25 17:10:00,193.25,0.28063378529931177,-19.32499999999976,-19.32499999999976,0.0,-1
2025-10-25 17:15:00,193.04,0.28058851492078957,-19.303999999999917,-19.303999999999917,0.0,-1
2025-10-25 17:20:00,193.24,0.2712607638550193,-19.324000000000012,-19.324000000000012,0.0,-1
2025-10-25 17:25:00,193.04,0.25831356643680387,-19.303999999999917,-19.303999999999917,0.0,-1
2025-10-25 17:30:00,193.09,0.25557688311988924,-19.3089999999998,-19.3089999999998,0.0,-1
2025-10-25 17:35:00,192.95,0.24732139146846965,-19.294999999999902,-19.294999999999902,0.0,-1
2025-10-25 17:40:00,192.74,0.2382270063635793,-19.273999999999774,-19.273999999999774,0.0,-1
2025-10-25 17:45:00,192.62,0.2304965059090376,-19.26199999999966,-19.26199999999966,0.0,-1
2025-10-25 17:50:00,192.8,0.22617532691553405,-19.27999999999969,-19.27999999999969,0.0,-1
2025-10-25 17:55:00,192.9,0.22073423213585347,-19.289999999999736,-19.289999999999736,0.0,-1
2025-10-25 18:00:00,192.78,0.2221103584118646,-19.277999999999622,-19.277999999999622,0.0,-1
2025-10-25 18:05:00,192.56,0.22053104709673266,-19.255999999999744,-19.255999999999744,0.0,-1
2025-10-25 18:10:00,192.29,0.2633502580183941,-19.228999999999985,-19.228999999999985,0.0,-1
2025-10-25 18:15:00,192.54,0.2623966681599374,-19.253999999999962,-19.253999999999962,0.0,-1
2025-10-25 18:20:00,192.68,0.2693683347199408,-19.26799999999986,-19.26799999999986,0.0,-1
2025-10-25 18:25:00,192.61,0.3136991679542298,-19.26099999999991,-19.26099999999991,0.0,-1
2025-10-25 18:30:00,192.39,0.3120063702432128,-19.23899999999975,-19.23899999999975,0.0,-1
2025-10-25 18:35:00,192.75,0.3154344866544109,-19.274999999999807,-19.274999999999807,0.0,-1
2025-10-25 18:40:00,192.74,0.3186177376076682,-19.273999999999774,-19.273999999999774,0.0,-1
2025-10-25 18:45:00,192.61,0.323716470635693,-19.26099999999991,-19.26099999999991,0.0,-1
2025-10-25 18:50:00,192.63,0.3148795798759998,-19.262999999999977,-19.262999999999977,0.0,-1
2025-10-25 18:55:00,192.62,0.31810246702771305,-19.26199999999966,-19.26199999999966,0.0,-1
2025-10-25 19:00:00,192.17,0.32180943366859105,-19.21699999999987,-19.21699999999987,0.0,-1
2025-10-25 19:05:00,191.91,0.30882304554940704,-19.19099999999986,-19.19099999999986,0.0,-1
2025-10-25 19:10:00,191.97,0.29819282801016345,-19.196999999999775,-19.196999999999775,0.0,-1
2025-10-25 19:15:00,192.07,0.3061790545808658,-19.206999999999823,-19.206999999999823,0.0,-1
2025-10-25 19:20:00,192.12,0.31073769353937575,-19.211999999999705,-19.211999999999705,0.0,-1
2025-10-25 19:25:00,192.31,0.30282785828656444,-19.230999999999767,-19.230999999999767,0.0,-1
2025-10-25 19:30:00,192.06,0.30191158269466845,-19.20599999999979,-19.20599999999979,0.0,-1
2025-10-25 19:35:00,192.38,0.29677504107361996,-19.238,-19.238,0.0,-1
2025-10-25 19:40:00,192.31,0.28557682385407474,-19.230999999999767,-19.230999999999767,0.0,-1
2025-10-25 19:45:00,192.27,0.28017847929307,-19.22699999999992,-19.22699999999992,0.0,-1
2025-10-25 19:50:00,191.96,0.27230858791499474,-19.195999999999742,-19.195999999999742,0.0,-1
2025-10-25 19:55:00,191.91,0.26000083163535387,-19.19099999999986,-19.19099999999986,0.0,-1
2025-10-25 20:00:00,192.0,0.25428648651854335,-19.199999999999875,-19.199999999999875,0.0,-1
2025-10-25 20:05:00,191.72,0.24540888033864708,-19.171999999999798,-19.171999999999798,0.0,-1
2025-10-25 20:10:00,191.75,0.2450225317430301,-19.174999999999898,-19.174999999999898,0.0,-1
2025-10-25 20:15:00,191.85,0.2382352080470998,-19.18499999999966,-19.18499999999966,0.0,-1
2025-10-25 20:20:00,191.78,0.23478983604373538,-19.177999999999713,-19.177999999999713,0.0,-1
2025-10-25 20:25:00,191.55,0.2308762763263262,-19.154999999999802,-19.154999999999802,0.0,-1
2025-10-25 20:30:00,191.8,0.24724225658873206,-19.17999999999978,-19.17999999999978,0.0,-1
2025-10-25 20:35:00,191.63,0.2602963811181088,-19.162999999999784,-19.162999999999784,0.0,-1
2025-10-25 20:40:00,191.72,0.26884663960967214,-19.171999999999798,-19.171999999999798,0.0,-1
2025-10-25 20:45:00,192.04,0.2960718796375531,-19.204000000000008,-19.204000000000008,0.0,-1
2025-10-25 20:50:00,191.94,0.31063817394915644,-19.193999999999676,-19.193999999999676,0.0,-1
2025-10-25 20:55:00,191.95,0.325592590095646,-19.194999999999993,-19.194999999999993,0.0,-1
2025-10-25 21:00:00,191.92,0.31876454794595627,-19.19199999999961,-19.19199999999961,0.0,-1
2025-10-25 21:05:00,192.33,0.3145670802355302,-19.232999999999834,-19.232999999999834,0.0,-1
2025-10-25 21:10:00,192.44,0.316383717361564,-19.24399999999963,-19.24399999999963,0.0,-1
2025-10-25 21:15:00,192.16,0.3244991661214528,-19.215999999999838,-19.215999999999838,0.0,-1
2025-10-25 21:20:00,192.25,0.3277492256842065,-19.224999999999852,-19.224999999999852,0.0,-1
2025-10-25 21:25:00,192.16,0.3200528524210488,-19.215999999999838,-19.215999999999838,0.0,-1
2025-10-25 21:30:00,192.22,0.3186205058195441,-19.221999999999753,-19.221999999999753,0.0,-1
2025-10-25 21:35:00,192.32,0.3044333268324341,-19.2319999999998,-19.2319999999998,0.0,-1
2025-10-25 21:40:00,192.44,0.3041166606301182,-19.24399999999963,-19.24399999999963,0.0,-1
2025-10-25 21:45:00,192.4,0.3002511848708241,-19.23999999999978,-19.23999999999978,0.0,-1
2025-10-25 21:50:00,192.38,0.30023324309433747,-19.238,-19.238,0.0,-1
2025-10-25 21:55:00,192.41,0.2909308685875982,-19.240999999999815,-19.240999999999815,0.0,-1
2025-10-25 22:00:00,192.39,0.2958643779741993,-19.23899999999975,-19.23899999999975,0.0,-1
2025-10-25 22:05:00,192.57,0.2983026366903288,-19.256999999999778,-19.256999999999778,0.0,-1
2025-10-25 22:10:00,193.35,0.30056673406959195,-19.33499999999981,-19.33499999999981,0.0,-1
2025-10-25 22:15:00,193.27,0.30195482449319405,-19.326999999999828,-19.326999999999828,0.0,-1
2025-10-25 22:20:00,193.16,0.3103866227436793,-19.315999999999747,-19.315999999999747,0.0,-1
2025-10-25 22:25:00,193.94,0.3032161496905579,-19.393999999999778,-19.393999999999778,0.0,-1
2025-10-25 22:30:00,193.9,0.29941499614123235,-19.38999999999993,-19.38999999999993,0.0,-1
2025-10-25 22:35:00,194.17,0.2865996392740018,-19.416999999999973,-19.416999999999973,0.0,-1
2025-10-25 22:40:00,194.07,0.2782710936115722,-19.40699999999964,-19.40699999999964,0.0,-1
2025-10-25 22:45:00,193.9,0.2726803012107448,-19.38999999999993,-19.38999999999993,0.0,-1
2025-10-25 22:50:00,193.99,0.27177456540997874,-19.398999999999944,-19.398999999999944,0.0,-1
2025-10-25 22:55:00,194.26,0.2630763821664093,-19.425999999999988,-19.425999999999988,0.0,-1
2025-10-25 23:00:00,194.09,0.26142806915452155,-19.408999999999708,-19.408999999999708,0.0,-1
2025-10-25 23:05:00,194.02,0.26061177850062717,-19.40199999999976,-19.40199999999976,0.0,-1
2025-10-25 23:10:00,194.1,0.25271093717915216,-19.40999999999974,-19.40999999999974,0.0,-1
2025-10-25 23:15:00,194.51,0.26608872738064115,-19.450999999999965,-19.450999999999965,0.0,-1
2025-10-25 23:20:00,194.44,0.2599395325677387,-19.444000000000017,-19.444000000000017,0.0,-1
2025-10-25 23:25:00,194.32,0.25494385167004296,-19.43199999999962,-19.43199999999962,0.0,-1
2025-10-25 23:30:00,194.51,0.25459071940789707,-19.450999999999965,-19.450999999999965,0.0,-1
2025-10-25 23:35:00,194.37,0.24569138230733267,-19.436999999999784,-19.436999999999784,0.0,-1
2025-10-25 23:40:00,194.42,0.24242771214252443,-19.44199999999995,-19.44199999999995,0.0,-1
2025-10-25 23:45:00,194.58,0.2408257327037726,-19.457999999999913,-19.457999999999913,0.0,-1
2025-10-25 23:50:00,194.45,0.23933818036778878,-19.444999999999766,-19.444999999999766,0.0,-1
2025-10-25 23:55:00,194.49,0.24009973891294673,-19.4489999999999,-19.4489999999999,0.0,-1
2025-10-26 00:00:00,194.46,0.27937832899059284,-19.4459999999998,-19.4459999999998,0.0,-1
2025-10-26 00:05:00,194.52,0.2858513054912651,-19.451999999999714,-19.451999999999714,0.0,-1
2025-10-26 00:10:00,194.35,0.27471906938474583,-19.435000000000002,-19.435000000000002,0.0,-1
2025-10-26 00:15:00,194.41,0.2822391358572657,-19.440999999999633,-19.440999999999633,0.0,-1
2025-10-26 00:20:00,194.43,0.28207919758174677,-19.4429999999997,-19.4429999999997,0.0,-1
2025-10-26 00:25:00,194.47,0.2905021120401938,-19.446999999999832,-19.446999999999832,0.0,-1
2025-10-26 00:30:00,194.13,0.2897519611801801,-19.41299999999984,-19.41299999999984,0.0,-1
2025-10-26 00:35:00,194.01,0.2876268210958809,-19.40100000000001,-19.40100000000001,0.0,-1
2025-10-26 00:40:00,194.15,0.28636776244617385,-19.414999999999907,-19.414999999999907,0.0,-1
2025-10-26 00:45:00,194.8,0.30162720798573284,-19.47999999999979,-19.47999999999979,0.0,-1
2025-10-26 00:50:00,194.41,0.3165109788438941,-19.440999999999633,-19.440999999999633,0.0,-1
2025-10-26 00:55:00,194.12,0.31033162321218666,-19.411999999999807,-19.411999999999807,0.0,-1
2025-10-26 01:00:00,194.21,0.3153079358398873,-19.42099999999982,-19.42099999999982,0.0,-1
2025-10-26 01:05:00,194.35,0.31350022613703765,-19.435000000000002,-19.435000000000002,0.0,-1
2025-10-26 01:10:00,194.58,0.31396449569867735,-19.457999999999913,-19.457999999999913,0.0,-1
2025-10-26 01:15:00,194.67,0.310824174577344,-19.466999999999928,-19.466999999999928,0.0,-1
2025-10-26 01:20:00,194.4,0.30576530496467724,-19.439999999999884,-19.439999999999884,0.0,-1
2025-10-26 01:25:00,194.4,0.29106778318148563,-19.439999999999884,-19.439999999999884,0.0,-1
2025-10-26 01:30:00,194.15,0.2909915129542361,-19.414999999999907,-19.414999999999907,0.0,-1
2025-10-26 01:35:00,194.21,0.28663497631464707,-19.42099999999982,-19.42099999999982,0.0,-1
2025-10-26 01:40:00,193.91,0.2783039065778857,-19.39099999999968,-19.39099999999968,0.0,-1
2025-10-26 01:45:00,193.94,0.27413934182232236,-19.393999999999778,-19.393999999999778,0.0,-1
2025-10-26 01:50:00,194.24,0.27598653169215526,-19.42399999999992,-19.42399999999992,0.0,-1
2025-10-26 01:55:00,194.35,0.34770177942842995,-19.435000000000002,-19.435000000000002,0.0,-1
2025-10-26 02:00:00,194.2,0.34858022375497166,-19.41999999999979,-19.41999999999979,0.0,-1
2025-10-26 02:05:00,194.26,0.350110207772472,-19.425999999999988,-19.425999999999988,0.0,-1
2025-10-26 02:10:00,194.04,0.3365309072172972,-19.403999999999826,-19.403999999999826,0.0,-1
2025-10-26 02:15:00,194.3,0.33820727098749126,-19.429999999999836,-19.429999999999836,0.0,-1
2025-10-26 02:20:00,194.01,0.3404781802026708,-19.40100000000001,-19.40100000000001,0.0,-1
2025-10-26 02:25:00,194.12,0.341872595902479,-19.411999999999807,-19.411999999999807,0.0,-1
2025-10-26 02:30:00,194.35,0.3367388390523027,-19.435000000000002,-19.435000000000002,0.0,-1
2025-10-26 02:35:00,194.32,0.3448289219771374,-19.43199999999962,-19.43199999999962,0.0,-1
2025-10-26 02:40:00,194.34,0.338055427550199,-19.433999999999685,-19.433999999999685,0.0,-1
2025-10-26 02:45:00,194.45,0.338908611296613,-19.444999999999766,-19.444999999999766,0.0,-1
2025-10-26 02:50:00,194.6,0.34541513906114113,-19.45999999999998,-19.45999999999998,0.0,-1
2025-10-26 02:55:00,194.49,0.33502834341391596,-19.4489999999999,-19.4489999999999,0.0,-1
2025-10-26 03:00:00,194.48,0.32681203317006474,-19.447999999999865,-19.447999999999865,0.0,-1
2025-10-26 03:05:00,194.66,0.32132545937220297,-19.46599999999961,-19.46599999999961,0.0,-1
2025-10-26 03:10:00,194.64,0.30837364084561814,-19.463999999999828,-19.463999999999828,0.0,-1
2025-10-26 03:15:00,194.27,0.33206123792807507,-19.426999999999737,-19.426999999999737,0.0,-1
2025-10-26 03:20:00,194.23,0.3247711495046404,-19.422999999999604,-19.422999999999604,0.0,-1
2025-10-26 03:25:00,194.25,0.31371606739716523,-19.42499999999967,-19.42499999999967,0.0,-1
2025-10-26 03:30:00,194.2,0.30345063401165456,-19.41999999999979,-19.41999999999979,0.0,-1
2025-10-26 03:35:00,194.21,0.29820416015368056,-19.42099999999982,-19.42099999999982,0.0,-1
2025-10-26 03:40:00,194.01,0.2997610058569886,-19.40100000000001,-19.40100000000001,0.0,-1
2025-10-26 03:45:00,194.05,0.3033495054386319,-19.40499999999986,-19.40499999999986,0.0,-1
2025-10-26 03:50:00,193.93,0.2909673979073007,-19.392999999999745,-19.392999999999745,0.0,-1
2025-10-26 03:55:00,193.86,0.2801840123424925,-19.385999999999797,-19.385999999999797,0.0,-1
2025-10-26 04:00:00,193.34,0.28517086860374263,-19.333999999999776,-19.333999999999776,0.0,-1
2025-10-26 04:05:00,193.38,0.2805158065606181,-19.33799999999991,-19.33799999999991,0.0,-1
2025-10-26 04:10:00,193.42,0.27476467752057315,-19.341999999999757,-19.341999999999757,0.0,-1
2025-10-26 04:15:00,193.65,0.2651386291262476,-19.364999999999952,-19.364999999999952,0.0,-1
2025-10-26 04:20:00,193.66,0.2654858699029449,-19.3659999999997,-19.3659999999997,0.0,-1
2025-10-26 04:25:00,194.04,0.2629511649098767,-19.403999999999826,-19.403999999999826,0.0,-1
2025-10-26 04:30:00,194.21,0.2563117959877438,-19.42099999999982,-19.42099999999982,0.0,-1
2025-10-26 04:35:00,194.32,0.25086095341719117,-19.43199999999962,-19.43199999999962,0.0,-1
2025-10-26 04:40:00,194.16,0.23722802817310626,-19.415999999999656,-19.415999999999656,0.0,-1
2025-10-26 04:45:00,193.82,0.2345688833035999,-19.381999999999664,-19.381999999999664,0.0,-1
2025-10-26 04:50:00,193.36,0.22638539163905738,-19.335999999999842,-19.335999999999842,0.0,-1
2025-10-26 04:55:00,193.32,0.240215006521983,-19.33199999999971,-19.33199999999971,0.0,-1
2025-10-26 05:00:00,193.49,0.23734250605612828,-19.34899999999999,-19.34899999999999,0.0,-1
2025-10-26 05:05:00,193.4,0.2361037556235476,-19.339999999999975,-19.339999999999975,0.0,-1
2025-10-26 05:10:00,193.57,0.2356677730790098,-19.356999999999687,-19.356999999999687,0.0,-1
2025-10-26 05:15:00,193.48,0.23026293214479457,-19.347999999999672,-19.347999999999672,0.0,-1
2025-10-26 05:20:00,193.46,0.2231012941344518,-19.345999999999606,-19.345999999999606,0.0,-1
2025-10-26 05:25:00,193.41,0.22287977312484802,-19.340999999999724,-19.340999999999724,0.0,-1
2025-10-26 05:30:00,193.59,0.22053121790164443,-19.358999999999753,-19.358999999999753,0.0,-1
2025-10-26 05:35:00,193.59,0.22549327376581213,-19.358999999999753,-19.358999999999753,0.0,-1
2025-10-26 05:40:00,193.53,0.21652946849682514,-19.352999999999838,-19.352999999999838,0.0,-1
2025-10-26 05:45:00,193.55,0.20606307788990857,-19.35499999999962,-19.35499999999962,0.0,-1
2025-10-26 05:50:00,193.45,0.201344286612057,-19.344999999999857,-19.344999999999857,0.0,-1
2025-10-26 05:55:00,192.83,0.19481969471119473,-19.282999999999788,-19.282999999999788,0.0,-1
2025-10-26 06:00:00,192.62,0.1916182879461098,-19.26199999999966,-19.26199999999966,0.0,-1
2025-10-26 06:05:00,192.71,0.19221698166424603,-19.270999999999674,-19.270999999999674,0.0,-1
2025-10-26 06:10:00,192.78,0.18777291154537099,-19.277999999999622,-19.277999999999622,0.0,-1
2025-10-26 06:15:00,192.97,0.18721770357784295,-19.29699999999997,-19.29699999999997,0.0,-1
2025-10-26 06:20:00,192.69,0.19741643903656936,-19.268999999999608,-19.268999999999608,0.0,-1
2025-10-26 06:25:00,193.01,0.1954581219625278,-19.300999999999817,-19.300999999999817,0.0,-1
2025-10-26 06:30:00,193.02,0.1993539703937758,-19.30199999999985,-19.30199999999985,0.0,-1
2025-10-26 06:35:00,192.58,0.1958286867942208,-19.25799999999981,-19.25799999999981,0.0,-1
2025-10-26 06:40:00,192.57,0.18684092345177597,-19.256999999999778,-19.256999999999778,0.0,-1
2025-10-26 06:45:00,192.32,0.1856380003480768,-19.2319999999998,-19.2319999999998,0.0,-1
2025-10-26 06:50:00,192.19,0.1788067146089287,-19.218999999999653,-19.218999999999653,0.0,-1
2025-10-26 06:55:00,192.25,0.18817766356543394,-19.224999999999852,-19.224999999999852,0.0,-1
2025-10-26 07:00:00,192.23,0.19616497331075888,-19.222999999999786,-19.222999999999786,0.0,-1
2025-10-26 07:05:00,192.23,0.19501033235999088,-19.222999999999786,-19.222999999999786,0.0,-1
2025-10-26 07:10:00,192.28,0.1889381657628476,-19.227999999999668,-19.227999999999668,0.0,-1
2025-10-26 07:15:00,192.83,0.1840140110655017,-19.282999999999788,-19.282999999999788,0.0,-1
2025-10-26 07:20:00,192.86,0.1808701531322506,-19.285999999999888,-19.285999999999888,0.0,-1
2025-10-26 07:25:00,192.98,0.1843794279085177,-19.297999999999718,-19.297999999999718,0.0,-1
2025-10-26 07:30:00,193.05,0.18049518305790896,-19.304999999999666,-19.304999999999666,0.0,-1
2025-10-26 07:35:00,192.86,0.19331695569662868,-19.285999999999888,-19.285999999999888,0.0,-1
2025-10-26 07:40:00,192.71,0.19093717314687128,-19.270999999999674,-19.270999999999674,0.0,-1
2025-10-26 07:45:00,192.96,0.18729880363638154,-19.29599999999965,-19.29599999999965,0.0,-1
2025-10-26 07:50:00,192.98,0.20320603194806833,-19.297999999999718,-19.297999999999718,0.0,-1
2025-10-26 07:55:00,192.98,0.1951198868089188,-19.297999999999718,-19.297999999999718,0.0,-1
2025-10-26 08:00:00,193.18,0.2054684663225677,-19.317999999999813,-19.317999999999813,0.0,-1
2025-10-26 08:05:00,193.19,0.20507786158524266,-19.318999999999846,-19.318999999999846,0.0,-1
2025-10-26 08:10:00,193.37,0.20042944290058354,-19.33699999999959,-19.33699999999959,0.0,-1
2025-10-26 08:15:00,193.31,0.20825591126482773,-19.33099999999996,-19.33099999999996,0.0,-1
2025-10-26 08:20:00,193.49,0.20480906046019695,-19.34899999999999,-19.34899999999999,0.0,-1
2025-10-26 08:25:00,193.27,0.20803698471304002,-19.326999999999828,-19.326999999999828,0.0,-1
2025-10-26 08:30:00,193.29,0.20460577151925122,-19.328999999999894,-19.328999999999894,0.0,-1
2025-10-26 08:35:00,193.15,0.20641964498216112,-19.314999999999998,-19.314999999999998,0.0,-1
2025-10-26 08:40:00,193.18,0.2023896703405786,-19.317999999999813,-19.317999999999813,0.0,-1
2025-10-26 08:45:00,193.26,0.19936183674482275,-19.325999999999794,-19.325999999999794,0.0,-1
2025-10-26 08:50:00,193.23,0.20226456269162177,-19.322999999999695,-19.322999999999695,0.0,-1
2025-10-26 08:55:00,192.88,0.20210280821364798,-19.287999999999954,-19.287999999999954,0.0,-1
2025-10-26 09:00:00,192.89,0.20838117905553175,-19.288999999999703,-19.288999999999703,0.0,-1
2025-10-26 09:05:00,192.92,0.19921109483727834,-19.291999999999803,-19.291999999999803,0.0,-1
2025-10-26 09:10:00,193.1,0.19641030234890108,-19.30999999999983,-19.30999999999983,0.0,-1
2025-10-26 09:15:00,193.14,0.21166670932397935,-19.31399999999968,-19.31399999999968,0.0,-1
2025-10-26 09:20:00,193.16,0.29011908722940954,-19.315999999999747,-19.315999999999747,0.0,-1
2025-10-26 09:25:00,193.35,0.33082486671302413,-19.33499999999981,-19.33499999999981,0.0,-1
2025-10-26 09:30:00,193.41,0.38290880480495115,-19.340999999999724,-19.340999999999724,0.0,-1
2025-10-26 09:35:00,193.65,0.39770103303316917,-19.364999999999952,-19.364999999999952,0.0,-1
2025-10-26 09:40:00,193.6,0.4078652449593708,-19.359999999999786,-19.359999999999786,0.0,-1
2025-10-26 09:45:00,193.63,0.4180177274622737,-19.362999999999886,-19.362999999999886,0.0,-1
2025-10-26 09:50:00,193.7,0.4188736040721118,-19.369999999999834,-19.369999999999834,0.0,-1
2025-10-26 09:55:00,193.59,0.41609691806696064,-19.358999999999753,-19.358999999999753,0.0,-1
2025-10-26 10:00:00,193.58,0.41280428106217604,-19.358000000000004,-19.358000000000004,0.0,-1
2025-10-26 10:05:00,193.68,0.4176039752720219,-19.367999999999768,-19.367999999999768,0.0,-1
2025-10-26 10:10:00,193.67,0.4192036913240202,-19.366999999999734,-19.366999999999734,0.0,-1
2025-10-26 10:15:00,193.54,0.4142605705151612,-19.35399999999987,-19.35399999999987,0.0,-1
2025-10-26 10:20:00,193.84,0.39967052976407885,-19.38399999999973,-19.38399999999973,0.0,-1
2025-10-26 10:25:00,193.99,0.3818369204952165,-19.398999999999944,-19.398999999999944,0.0,-1
2025-10-26 10:30:00,193.92,0.410277140459844,-19.391999999999996,-19.391999999999996,0.0,-1
2025-10-26 10:35:00,193.91,0.4031144875698553,-19.39099999999968,-19.39099999999968,0.0,-1
2025-10-26 10:40:00,193.92,0.3886063098862934,-19.391999999999996,-19.391999999999996,0.0,-1
2025-10-26 10:45:00,193.83,0.3765630020372724,-19.38299999999998,-19.38299999999998,0.0,-1
2025-10-26 10:50:00,193.85,0.36180850189175207,-19.384999999999764,-19.384999999999764,0.0,-1
2025-10-26 10:55:00,194.05,0.35953646604234213,-19.40499999999986,-19.40499999999986,0.0,-1
2025-10-26 11:00:00,194.29,0.36456957561074677,-19.428999999999803,-19.428999999999803,0.0,-1
2025-10-26 11:05:00,194.13,0.36995746306712185,-19.41299999999984,-19.41299999999984,0.0,-1
2025-10-26 11:10:00,194.2,0.3706747871337557,-19.41999999999979,-19.41999999999979,0.0,-1
2025-10-26 11:15:00,194.14,0.3891980166242014,-19.41399999999959,-19.41399999999959,0.0,-1
2025-10-26 11:20:00,194.06,0.4006838725796164,-19.405999999999892,-19.405999999999892,0.0,-1
2025-10-26 11:25:00,193.87,0.4013493102525007,-19.38699999999983,-19.38699999999983,0.0,-1
2025-10-26 11:30:00,193.86,0.4141100738058924,-19.385999999999797,-19.385999999999797,0.0,-1
2025-10-26 11:35:00,194.14,0.4266736399626146,-19.41399999999959,-19.41399999999959,0.0,-1
2025-10-26 11:40:00,194.14,0.4683398085367149,-19.41399999999959,-19.41399999999959,0.0,-1
2025-10-26 11:45:00,194.2,0.504886965069806,-19.41999999999979,-19.41999999999979,0.0,-1
2025-10-26 11:50:00,193.93,0.5088236104219629,-19.392999999999745,-19.392999999999745,0.0,-1
2025-10-26 11:55:00,193.86,0.5024790668203932,-19.385999999999797,-19.385999999999797,0.0,-1
2025-10-26 12:00:00,193.87,0.5044448477617938,-19.38699999999983,-19.38699999999983,0.0,-1
2025-10-26 12:05:00,193.96,0.4962702157788096,-19.395999999999844,-19.395999999999844,0.0,-1
2025-10-26 12:10:00,193.93,0.486536628937467,-19.392999999999745,-19.392999999999745,0.0,-1
2025-10-26 12:15:00,193.77,0.4867840125847915,-19.376999999999782,-19.376999999999782,0.0,-1
2025-10-26 12:20:00,193.91,0.5091565831144501,-19.39099999999968,-19.39099999999968,0.0,-1
2025-10-26 12:25:00,194.05,0.49707397003484677,-19.40499999999986,-19.40499999999986,0.0,-1
2025-10-26 12:30:00,194.03,0.48942582931807105,-19.402999999999793,-19.402999999999793,0.0,-1
2025-10-26 12:35:00,194.08,0.48160969865249625,-19.40799999999996,-19.40799999999996,0.0,-1
2025-10-26 12:40:00,194.12,0.48292329160588937,-19.411999999999807,-19.411999999999807,0.0,-1
2025-10-26 12:45:00,194.12,0.5134287707768971,-19.411999999999807,-19.411999999999807,0.0,-1
2025-10-26 12:50:00,194.25,0.5188981442928332,-19.42499999999967,-19.42499999999967,0.0,-1
2025-10-26 12:55:00,194.31,0.5075482768433461,-19.43099999999987,-19.43099999999987,0.0,-1
2025-10-26 13:00:00,194.12,0.5034376856402492,-19.411999999999807,-19.411999999999807,0.0,-1
2025-10-26 13:05:00,194.07,0.5010492795230884,-19.40699999999964,-19.40699999999964,0.0,-1
2025-10-26 13:10:00,193.96,0.48597433098572645,-19.395999999999844,-19.395999999999844,0.0,-1
2025-10-26 13:15:00,194.36,0.49769045020103214,-19.43599999999975,-19.43599999999975,0.0,-1
2025-10-26 13:20:00,195.32,0.482855418043815,-19.53199999999981,-19.53199999999981,0.0,-1
2025-10-26 13:25:00,196.09,0.499794316754971,-19.60899999999981,-19.60899999999981,0.0,-1
2025-10-26 13:30:00,195.82,0.5019518655581875,-19.581999999999766,-19.581999999999766,0.0,-1
2025-10-26 13:35:00,195.9,0.5082410180183172,-19.589999999999748,-19.589999999999748,0.0,-1
2025-10-26 13:40:00,195.87,0.5255095167312945,-19.586999999999932,-19.586999999999932,0.0,-1
2025-10-26 13:45:00,195.78,0.5358302655362012,-19.577999999999918,-19.577999999999918,0.0,-1
2025-10-26 13:50:00,195.63,0.533270960855044,-19.562999999999704,-19.562999999999704,0.0,-1
2025-10-26 13:55:00,195.96,0.5280373207939679,-19.595999999999947,-19.595999999999947,0.0,-1
2025-10-26 14:00:00,195.77,0.5160346550229712,-19.5769999999996,-19.5769999999996,0.0,-1
2025-10-26 14:05:00,195.3,0.5227464653784742,-19.529999999999745,-19.529999999999745,0.0,-1
2025-10-26 14:10:00,195.66,0.5125502892800115,-19.565999999999804,-19.565999999999804,0.0,-1
2025-10-26 14:15:00,195.44,0.5202252686171538,-19.543999999999926,-19.543999999999926,0.0,-1
2025-10-26 14:20:00,195.38,0.5694948922873577,-19.537999999999727,-19.537999999999727,0.0,-1
2025-10-26 14:25:00,195.42,0.5573881142668305,-19.54199999999986,-19.54199999999986,0.0,-1
2025-10-26 14:30:00,194.67,0.5482889632477697,-19.466999999999928,-19.466999999999928,0.0,-1
2025-10-26 14:35:00,194.95,0.5298397515872141,-19.49499999999972,-19.49499999999972,0.0,-1
2025-10-26 14:40:00,194.97,0.5177083407595549,-19.496999999999787,-19.496999999999787,0.0,-1
2025-10-26 14:45:00,195.04,0.51144345927673,-19.503999999999735,-19.503999999999735,0.0,-1
2025-10-26 14:50:00,195.03,0.5127689264712494,-19.502999999999986,-19.502999999999986,0.0,-1
2025-10-26 14:55:00,194.84,0.4954282888661609,-19.48399999999964,-19.48399999999964,0.0,-1
2025-10-26 15:00:00,194.79,0.4950405539471481,-19.478999999999758,-19.478999999999758,0.0,-1
2025-10-26 15:05:00,194.67,0.4761090858080674,-19.466999999999928,-19.466999999999928,0.0,-1
2025-10-26 15:10:00,194.8,0.4849584368217765,-19.47999999999979,-19.47999999999979,0.0,-1
2025-10-26 15:15:00,195.29,0.47317569133450627,-19.528999999999712,-19.528999999999712,0.0,-1
2025-10-26 15:20:00,195.65,0.48366314195347043,-19.56499999999977,-19.56499999999977,0.0,-1
2025-10-26 15:25:00,195.99,0.4676872032425076,-19.598999999999762,-19.598999999999762,0.0,-1
2025-10-26 15:30:00,196.34,0.45928097443947097,-19.633999999999787,-19.633999999999787,0.0,-1
2025-10-26 15:35:00,196.49,0.45147519055093693,-19.648999999999717,-19.648999999999717,0.0,-1
2025-10-26 15:40:00,197.18,0.4363698197972972,-19.718000000000018,-19.718000000000018,0.0,-1
2025-10-26 15:45:00,197.24,0.4394862612403467,-19.72399999999965,-19.72399999999965,0.0,-1
2025-10-26 15:50:00,197.59,0.4402372425803211,-19.758999999999958,-19.758999999999958,0.0,-1
2025-10-26 15:55:00,197.75,0.4280774395388683,-19.77499999999992,-19.77499999999992,0.0,-1
2025-10-26 16:00:00,198.02,0.4967861938575216,-19.801999999999964,-19.801999999999964,0.0,-1
2025-10-26 16:05:00,197.66,0.4913014657248406,-19.765999999999906,-19.765999999999906,0.0,-1
2025-10-26 16:10:00,197.95,0.4733513610302098,-19.795000000000016,-19.795000000000016,0.0,-1
2025-10-26 16:15:00,197.92,0.46811197809948096,-19.791999999999632,-19.791999999999632,0.0,-1
2025-10-26 16:20:00,197.22,0.4653896939495185,-19.721999999999582,-19.721999999999582,0.0,-1
2025-10-26 16:25:00,197.36,0.4742904300959797,-19.735999999999763,-19.735999999999763,0.0,-1
2025-10-26 16:30:00,197.43,0.46541254223198075,-19.742999999999995,-19.742999999999995,0.0,-1
2025-10-26 16:35:00,197.38,0.47002593207255366,-19.73799999999983,-19.73799999999983,0.0,-1
2025-10-26 16:40:00,196.94,0.45716693692451355,-19.69399999999979,-19.69399999999979,0.0,-1
2025-10-26 16:45:00,197.84,0.44522644142990486,-19.783999999999935,-19.783999999999935,0.0,-1
2025-10-26 16:50:00,197.89,0.4362816956134846,-19.788999999999817,-19.788999999999817,0.0,-1
2025-10-26 16:55:00,198.01,0.43940443164109216,-19.800999999999647,-19.800999999999647,0.0,-1
2025-10-26 17:00:00,198.15,0.43730411509529965,-19.814999999999827,-19.814999999999827,0.0,-1
2025-10-26 17:05:00,197.83,0.4339252497313487,-19.782999999999618,-19.782999999999618,0.0,-1
2025-10-26 17:10:00,197.69,0.42864487475053703,-19.76899999999972,-19.76899999999972,0.0,-1
2025-10-26 17:15:00,198.08,0.41159881226835565,-19.807999999999595,-19.807999999999595,0.0,-1
2025-10-26 17:20:00,198.07,0.4007703256777602,-19.806999999999846,-19.806999999999846,0.0,-1
2025-10-26 17:25:00,198.69,0.39000101670077736,-19.86899999999963,-19.86899999999963,0.0,-1
2025-10-26 17:30:00,198.62,0.3842866583650077,-19.861999999999682,-19.861999999999682,0.0,-1
2025-10-26 17:35:00,199.04,0.3711233256246512,-19.90399999999994,-19.90399999999994,0.0,-1
2025-10-26 17:40:00,199.09,0.3589002309371774,-19.90899999999982,-19.90899999999982,0.0,-1
2025-10-26 17:45:00,199.2,0.3454073572988087,-19.919999999999902,-19.919999999999902,0.0,-1
2025-10-26 17:50:00,198.95,0.34144968892032185,-19.894999999999925,-19.894999999999925,0.0,-1
2025-10-26 17:55:00,199.07,0.33063185399744155,-19.906999999999755,-19.906999999999755,0.0,-1
2025-10-26 18:00:00,199.18,0.3348724358547682,-19.917999999999836,-19.917999999999836,0.0,-1
2025-10-26 18:05:00,199.19,0.3209529761508552,-19.918999999999585,-19.918999999999585,0.0,-1
2025-10-26 18:10:00,199.32,0.3201706207115086,-19.931999999999732,-19.931999999999732,0.0,-1
2025-10-26 18:15:00,199.57,0.31730129066068663,-19.95699999999971,-19.95699999999971,0.0,-1
2025-10-26 18:20:00,198.74,0.3117797698992097,-19.873999999999796,-19.873999999999796,0.0,-1
2025-10-26 18:25:00,199.04,0.33450978633498213,-19.90399999999994,-19.90399999999994,0.0,-1
2025-10-26 18:30:00,199.19,0.3249019444539112,-19.918999999999585,-19.918999999999585,0.0,-1
2025-10-26 18:35:00,199.13,0.3224089484214904,-19.912999999999954,-19.912999999999954,0.0,-1
2025-10-26 18:40:00,199.23,0.31223688067709876,-19.922999999999718,-19.922999999999718,0.0,-1
2025-10-26 18:45:00,199.33,0.3113628177715925,-19.932999999999765,-19.932999999999765,0.0,-1
2025-10-26 18:50:00,198.99,0.3019797593593364,-19.898999999999774,-19.898999999999774,0.0,-1
2025-10-26 18:55:00,198.84,0.30826691940509715,-19.883999999999844,-19.883999999999844,0.0,-1
2025-10-26 19:00:00,198.6,0.3183907108761629,-19.859999999999616,-19.859999999999616,0.0,-1
2025-10-26 19:05:00,198.62,0.31279137438500904,-19.861999999999682,-19.861999999999682,0.0,-1
2025-10-26 19:10:00,198.85,0.3125919905003657,-19.884999999999593,-19.884999999999593,0.0,-1
2025-10-26 19:15:00,199.14,0.31026399117891107,-19.913999999999703,-19.913999999999703,0.0,-1
2025-10-26 19:20:00,199.36,0.30595942038041746,-19.935999999999865,-19.935999999999865,0.0,-1
2025-10-26 19:25:00,199.42,0.29696231892467184,-19.94199999999978,-19.94199999999978,0.0,-1
2025-10-26 19:30:00,199.57,0.29146501043005235,-19.95699999999971,-19.95699999999971,0.0,-1
2025-10-26 19:35:00,199.36,0.2870746525421907,-19.935999999999865,-19.935999999999865,0.0,-1
2025-10-26 19:40:00,199.34,0.2844264630748914,-19.9339999999998,-19.9339999999998,0.0,-1
2025-10-26 19:45:00,199.27,0.2833960014266856,-19.92699999999985,-19.92699999999985,0.0,-1
2025-10-26 19:50:00,199.72,0.2745820013247813,-19.971999999999923,-19.971999999999923,0.0,-1
2025-10-26 19:55:00,199.54,0.26854042980158244,-19.953999999999894,-19.953999999999894,0.0,-1
2025-10-26 20:00:00,198.68,0.28364468481575644,-19.86799999999988,-19.86799999999988,0.0,-1
2025-10-26 20:05:00,198.55,0.2733843501860586,-19.854999999999734,-19.854999999999734,0.0,-1
2025-10-26 20:10:00,198.58,0.2788568966013397,-19.857999999999834,-19.857999999999834,0.0,-1
2025-10-26 20:15:00,198.6,0.3139385468440999,-19.859999999999616,-19.859999999999616,0.0,-1
2025-10-26 20:20:00,198.99,0.318657222069521,-19.898999999999774,-19.898999999999774,0.0,-1
2025-10-26 20:25:00,198.76,0.3323245633502709,-19.87599999999958,-19.87599999999958,0.0,-1
2025-10-26 20:30:00,198.56,0.3343013802538219,-19.855999999999767,-19.855999999999767,0.0,-1
2025-10-26 20:35:00,198.86,0.33042271023569186,-19.88599999999991,-19.88599999999991,0.0,-1
2025-10-26 20:40:00,199.1,0.31967823093314296,-19.909999999999854,-19.909999999999854,0.0,-1
2025-10-26 20:45:00,199.15,0.32755835729506183,-19.914999999999736,-19.914999999999736,0.0,-1
2025-10-26 20:50:00,199.13,0.31273276034541286,-19.912999999999954,-19.912999999999954,0.0,-1
2025-10-26 20:55:00,198.73,0.31753756317788306,-19.872999999999763,-19.872999999999763,0.0,-1
2025-10-26 21:00:00,198.73,0.30914202295089266,-19.872999999999763,-19.872999999999763,0.0,-1
2025-10-26 21:05:00,198.97,0.29777473559725787,-19.89699999999999,-19.89699999999999,0.0,-1
2025-10-26 21:10:00,198.86,0.29936225448316756,-19.88599999999991,-19.88599999999991,0.0,-1
2025-10-26 21:15:00,198.95,0.30655066487722743,-19.894999999999925,-19.894999999999925,0.0,-1
2025-10-26 21:20:00,198.95,0.29536847452885445,-19.894999999999925,-19.894999999999925,0.0,-1
2025-10-26 21:25:00,198.97,0.3214135834910789,-19.89699999999999,-19.89699999999999,0.0,-1
2025-10-26 21:30:00,199.16,0.3398840418131436,-19.91599999999977,-19.91599999999977,0.0,-1
2025-10-26 21:35:00,199.15,0.3491780388264904,-19.914999999999736,-19.914999999999736,0.0,-1
2025-10-26 21:40:00,199.02,0.37780817891031254,-19.901999999999873,-19.901999999999873,0.0,-1
2025-10-26 21:45:00,198.93,0.38582188041671744,-19.89299999999986,-19.89299999999986,0.0,-1
2025-10-26 21:50:00,199.09,0.3718346032440946,-19.90899999999982,-19.90899999999982,0.0,-1
2025-10-26 21:55:00,198.92,0.3588464172980877,-19.891999999999825,-19.891999999999825,0.0,-1
2025-10-26 22:00:00,199.26,0.6217859589196523,-19.925999999999817,-19.925999999999817,0.0,-1
2025-10-26 22:05:00,199.34,0.6502298189968208,-19.9339999999998,-19.9339999999998,0.0,-1
2025-10-26 22:10:00,199.32,0.6566419747827628,-19.931999999999732,-19.931999999999732,0.0,-1
2025-10-26 22:15:00,199.55,0.666167548012567,-19.954999999999643,-19.954999999999643,0.0,-1
2025-10-26 22:20:00,199.5,0.6600127231545253,-19.94999999999976,-19.94999999999976,0.0,-1
2025-10-26 22:25:00,199.0,0.6628689572149156,-19.899999999999807,-19.899999999999807,0.0,-1
2025-10-26 22:30:00,199.1,0.6662354602709936,-19.909999999999854,-19.909999999999854,0.0,-1
2025-10-26 22:35:00,199.26,0.6450757845373495,-19.925999999999817,-19.925999999999817,0.0,-1
2025-10-26 22:40:00,199.32,0.6368560856418246,-19.931999999999732,-19.931999999999732,0.0,-1
2025-10-26 22:45:00,199.41,0.6327949366674095,-19.940999999999747,-19.940999999999747,0.0,-1
2025-10-26 22:50:00,199.43,0.6168810126197372,-19.942999999999813,-19.942999999999813,0.0,-1
2025-10-26 22:55:00,199.12,0.6021037974326129,-19.911999999999637,-19.911999999999637,0.0,-1
2025-10-26 23:00:00,198.75,0.5890963833302825,-19.87499999999983,-19.87499999999983,0.0,-1
2025-10-26 23:05:00,198.72,0.5705894988066897,-19.872000000000014,-19.872000000000014,0.0,-1
2025-10-26 23:10:00,198.73,0.564833106034782,-19.872999999999763,-19.872999999999763,0.0,-1
2025-10-26 23:15:00,198.58,0.5502021698894414,-19.857999999999834,-19.857999999999834,0.0,-1
2025-10-26 23:20:00,198.72,0.5280448720401962,-19.872000000000014,-19.872000000000014,0.0,-1
2025-10-26 23:25:00,198.77,0.5081845240373251,-19.876999999999896,-19.876999999999896,0.0,-1
2025-10-26 23:30:00,198.65,0.5147427723203729,-19.86499999999978,-19.86499999999978,0.0,-1
2025-10-26 23:35:00,198.54,0.5172611457260593,-19.853999999999985,-19.853999999999985,0.0,-1
2025-10-26 23:40:00,198.73,0.5088853496027698,-19.872999999999763,-19.872999999999763,0.0,-1
2025-10-26 23:45:00,198.76,0.5475363960597136,-19.87599999999958,-19.87599999999958,0.0,-1
2025-10-26 23:50:00,198.68,0.529140939198305,-19.86799999999988,-19.86799999999988,0.0,-1
2025-10-26 23:55:00,198.86,0.5092023006841403,-19.88599999999991,-19.88599999999991,0.0,-1
2025-10-27 00:00:00,198.46,0.518544993492415,-19.84599999999972,-19.84599999999972,0.0,-1
2025-10-27 00:05:00,198.5,0.5157917796715275,-19.849999999999852,-19.849999999999852,0.0,-1
2025-10-27 00:10:00,198.48,0.5268066525521338,-19.847999999999786,-19.847999999999786,0.0,-1
2025-10-27 00:15:00,198.09,0.5884633202269804,-19.808999999999912,-19.808999999999912,0.0,-1
2025-10-27 00:20:00,197.89,0.6000016544964819,-19.788999999999817,-19.788999999999817,0.0,-1
2025-10-27 00:25:00,197.74,0.5807158220324484,-19.773999999999603,-19.773999999999603,0.0,-1
2025-10-27 00:30:00,198.09,0.6006646918872725,-19.808999999999912,-19.808999999999912,0.0,-1
2025-10-27 00:35:00,197.92,0.609188642466753,-19.791999999999632,-19.791999999999632,0.0,-1
2025-10-27 00:40:00,197.93,0.6142465965762691,-19.79299999999995,-19.79299999999995,0.0,-1
2025-10-27 00:45:00,197.63,0.6303718396779644,-19.762999999999806,-19.762999999999806,0.0,-1
2025-10-27 00:50:00,197.68,0.6224881368438249,-19.767999999999972,-19.767999999999972,0.0,-1
2025-10-27 00:55:00,197.42,0.613024698497838,-19.741999999999678,-19.741999999999678,0.0,-1
2025-10-27 01:00:00,197.39,0.609237220033707,-19.738999999999862,-19.738999999999862,0.0,-1
2025-10-27 01:05:00,197.38,0.5971488471741563,-19.73799999999983,-19.73799999999983,0.0,-1
2025-10-27 01:10:00,197.59,0.6102096438045738,-19.758999999999958,-19.758999999999958,0.0,-1
2025-10-27 01:15:00,197.41,0.6030518121042464,-19.74099999999993,-19.74099999999993,0.0,-1
2025-10-27 01:20:00,197.41,0.6035481112396563,-19.74099999999993,-19.74099999999993,0.0,-1
2025-10-27 01:25:00,197.18,0.6175803890082532,-19.718000000000018,-19.718000000000018,0.0,-1
2025-10-27 01:30:00,197.4,0.6048960755076636,-19.73999999999961,-19.73999999999961,0.0,-1
2025-10-27 01:35:00,197.68,0.6024034986856871,-19.767999999999972,-19.767999999999972,0.0,-1
2025-10-27 01:40:00,197.87,0.606517534493852,-19.78699999999975,-19.78699999999975,0.0,-1
2025-10-27 01:45:00,198.31,0.5867662820300064,-19.83099999999979,-19.83099999999979,0.0,-1
2025-10-27 01:50:00,198.41,0.5769972618850051,-19.840999999999838,-19.840999999999838,0.0,-1
2025-10-27 01:55:00,198.46,0.5507831717503625,-19.84599999999972,-19.84599999999972,0.0,-1
2025-10-27 02:00:00,200.72,0.5385843737681935,-20.071999999999832,-20.071999999999832,0.0,-1
2025-10-27 02:05:00,200.15,0.5258283470704643,-20.01499999999993,-20.01499999999993,0.0,-1
2025-10-27 02:10:00,199.73,0.5111263222797184,-19.972999999999672,-19.972999999999672,0.0,-1
2025-10-27 02:15:00,199.21,0.5046172992597376,-19.92099999999965,-19.92099999999965,0.0,-1
2025-10-27 02:20:00,199.03,0.4928589207411852,-19.902999999999622,-19.902999999999622,0.0,-1
2025-10-27 02:25:00,198.79,0.5376547121168151,-19.878999999999962,-19.878999999999962,0.0,-1
2025-10-27 02:30:00,199.19,0.5392508041084714,-19.918999999999585,-19.918999999999585,0.0,-1
2025-10-27 02:35:00,199.37,0.530732889529294,-19.936999999999614,-19.936999999999614,0.0,-1
2025-10-27 02:40:00,199.83,0.5292519688486316,-19.983000000000004,-19.983000000000004,0.0,-1
2025-10-27 02:45:00,200.2,0.5143053996451574,-20.01999999999981,-20.01999999999981,0.0,-1
2025-10-27 02:50:00,200.14,0.5047121568133601,-20.013999999999612,-20.013999999999612,0.0,-1
2025-10-27 02:55:00,200.24,0.4915184313266931,-20.023999999999944,-20.023999999999944,0.0,-1
2025-10-27 03:00:00,200.29,0.4799814005176425,-20.028999999999826,-20.028999999999826,0.0,-1
2025-10-27 03:05:00,200.15,0.461411300480668,-20.01499999999993,-20.01499999999993,0.0,-1
2025-10-27 03:10:00,200.1,0.44273906473204805,-20.009999999999764,-20.009999999999764,0.0,-1
2025-10-27 03:15:00,200.21,0.4346862743940455,-20.020999999999844,-20.020999999999844,0.0,-1
2025-10-27 03:20:00,200.27,0.452922969080185,-20.02699999999976,-20.02699999999976,0.0,-1
2025-10-27 03:25:00,200.38,0.446285614145887,-20.03799999999984,-20.03799999999984,0.0,-1
2025-10-27 03:30:00,200.59,0.44012235599260835,-20.058999999999685,-20.058999999999685,0.0,-1
2025-10-27 03:35:00,200.74,0.4351136162788509,-20.0739999999999,-20.0739999999999,0.0,-1
2025-10-27 03:40:00,200.56,0.42474835797321814,-20.05599999999987,-20.05599999999987,0.0,-1
2025-10-27 03:45:00,200.16,0.44012347526084444,-20.01599999999968,-20.01599999999968,0.0,-1
2025-10-27 03:50:00,200.14,0.4344003698850688,-20.013999999999612,-20.013999999999612,0.0,-1
2025-10-27 03:55:00,200.07,0.43265748632184936,-20.006999999999664,-20.006999999999664,0.0,-1
2025-10-27 04:00:00,200.16,0.44461052301314746,-20.01599999999968,-20.01599999999968,0.0,-1
2025-10-27 04:05:00,200.29,0.48070977136935045,-20.028999999999826,-20.028999999999826,0.0,-1
2025-10-27 04:10:00,200.8,0.46280193055725327,-20.079999999999814,-20.079999999999814,0.0,-1
2025-10-27 04:15:00,202.13,0.4504589355174489,-20.21299999999968,-20.21299999999968,0.0,-1
2025-10-27 04:20:00,201.71,0.4382832972662027,-20.170999999999992,-20.170999999999992,0.0,-1
2025-10-27 04:25:00,201.83,0.42412020460433175,-20.182999999999822,-20.182999999999822,0.0,-1
2025-10-27 04:30:00,202.42,0.41239733284688085,-20.24199999999979,-20.24199999999979,0.0,-1
2025-10-27 04:35:00,202.94,0.4050832376435324,-20.293999999999812,-20.293999999999812,0.0,-1
2025-10-27 04:40:00,203.36,0.4075772920975656,-20.335999999999785,-20.335999999999785,0.0,-1
2025-10-27 04:45:00,202.94,0.4048931998048827,-20.293999999999812,-20.293999999999812,0.0,-1
2025-10-27 04:50:00,203.06,0.3952579712473918,-20.305999999999642,-20.305999999999642,0.0,-1
2025-10-27 04:55:00,203.29,0.3777395447297214,-20.328999999999837,-20.328999999999837,0.0,-1
2025-10-27 05:00:00,203.28,0.385043862963312,-20.327999999999804,-20.327999999999804,0.0,-1
2025-10-27 05:05:00,203.47,0.38682644418021805,-20.346999999999582,-20.346999999999582,0.0,-1
2025-10-27 05:10:00,204.04,0.3827674124530585,-20.40399999999977,-20.40399999999977,0.0,-1
2025-10-27 05:15:00,204.25,0.3797125972778383,-20.424999999999898,-20.424999999999898,0.0,-1
2025-10-27 05:20:00,204.68,0.4033045546151341,-20.467999999999904,-20.467999999999904,0.0,-1
2025-10-27 05:25:00,204.53,0.3944970864283389,-20.45299999999969,-20.45299999999969,0.0,-1
2025-10-27 05:30:00,204.52,0.40060443739774254,-20.45199999999994,-20.45199999999994,0.0,-1
2025-10-27 05:35:00,204.81,0.41127554901218827,-20.480999999999767,-20.480999999999767,0.0,-1
2025-10-27 05:40:00,204.17,0.4033272955113185,-20.416999999999632,-20.416999999999632,0.0,-1
2025-10-27 05:45:00,204.43,0.40308963154622274,-20.442999999999927,-20.442999999999927,0.0,-1
2025-10-27 05:50:00,204.44,0.4007260864357786,-20.443999999999676,-20.443999999999676,0.0,-1
2025-10-27 05:55:00,204.38,0.3921027945475088,-20.43799999999976,-20.43799999999976,0.0,-1
2025-10-27 06:00:00,204.58,0.4005240235084004,-20.457999999999572,-20.457999999999572,0.0,-1
2025-10-27 06:05:00,204.88,0.38762945040065744,-20.488,-20.488,0.0,-1
2025-10-27 06:10:00,204.67,0.4027987753720387,-20.466999999999587,-20.466999999999587,0.0,-1
2025-10-27 06:15:00,204.81,0.43974171998832073,-20.480999999999767,-20.480999999999767,0.0,-1
2025-10-27 06:20:00,204.94,0.4340458828462988,-20.49399999999963,-20.49399999999963,0.0,-1
2025-10-27 06:25:00,203.95,0.42661403407156206,-20.394999999999754,-20.394999999999754,0.0,-1
2025-10-27 06:30:00,203.65,0.4547130316378786,-20.36499999999961,-20.36499999999961,0.0,-1
2025-10-27 06:35:00,203.91,0.4479478150923168,-20.390999999999906,-20.390999999999906,0.0,-1
2025-10-27 06:40:00,204.32,0.46523725687143686,-20.431999999999846,-20.431999999999846,0.0,-1
2025-10-27 06:45:00,204.18,0.46057745280919177,-20.41799999999995,-20.41799999999995,0.0,-1
2025-10-27 06:50:00,203.88,0.47196477760853556,-20.387999999999806,-20.387999999999806,0.0,-1
2025-10-27 06:55:00,203.94,0.4646815792079242,-20.39399999999972,-20.39399999999972,0.0,-1
2025-10-27 07:00:00,204.09,0.4900614664073577,-20.408999999999935,-20.408999999999935,0.0,-1
2025-10-27 07:05:00,204.12,0.5336285045211174,-20.41199999999975,-20.41199999999975,0.0,-1
2025-10-27 07:10:00,204.12,0.5147978970553221,-20.41199999999975,-20.41199999999975,0.0,-1
2025-10-27 07:15:00,204.16,0.5015980472656572,-20.415999999999883,-20.415999999999883,0.0,-1
2025-10-27 07:20:00,203.62,0.48648390103239536,-20.361999999999796,-20.361999999999796,0.0,-1
2025-10-27 07:25:00,203.55,0.4853064795300813,-20.354999999999848,-20.354999999999848,0.0,-1
2025-10-27 07:30:00,203.56,0.4970703024207902,-20.355999999999597,-20.355999999999597,0.0,-1
2025-10-27 07:35:00,203.39,0.5294224236764493,-20.338999999999885,-20.338999999999885,0.0,-1
2025-10-27 07:40:00,203.45,0.5451779648424172,-20.3449999999998,-20.3449999999998,0.0,-1
2025-10-27 07:45:00,203.94,0.549808110210817,-20.39399999999972,-20.39399999999972,0.0,-1
2025-10-27 07:50:00,204.2,0.5441075309100443,-20.420000000000016,-20.420000000000016,0.0,-1
2025-10-27 07:55:00,204.3,0.5245284215593256,-20.42999999999978,-20.42999999999978,0.0,-1
2025-10-27 08:00:00,204.02,0.5120621057336591,-20.401999999999987,-20.401999999999987,0.0,-1
2025-10-27 08:05:00,203.5,0.49691481246696995,-20.349999999999966,-20.349999999999966,0.0,-1
2025-10-27 08:10:00,203.65,0.5285637544336148,-20.36499999999961,-20.36499999999961,0.0,-1
2025-10-27 08:15:00,203.48,0.5293806291169275,-20.3479999999999,-20.3479999999999,0.0,-1
2025-10-27 08:20:00,203.48,0.5344248698942915,-20.3479999999999,-20.3479999999999,0.0,-1
2025-10-27 08:25:00,203.71,0.5962516649018426,-20.37099999999981,-20.37099999999981,0.0,-1
2025-10-27 08:30:00,203.45,0.5872336888374252,-20.3449999999998,-20.3449999999998,0.0,-1
2025-10-27 08:35:00,203.53,0.5781455682061811,-20.35299999999978,-20.35299999999978,0.0,-1
2025-10-27 08:40:00,203.86,0.5768494561914541,-20.38599999999974,-20.38599999999974,0.0,-1
2025-10-27 08:45:00,203.82,0.5699316378920638,-20.38199999999989,-20.38199999999989,0.0,-1
2025-10-27 08:50:00,203.93,0.5620793780426292,-20.392999999999972,-20.392999999999972,0.0,-1
2025-10-27 08:55:00,204.01,0.5719308510395834,-20.40099999999967,-20.40099999999967,0.0,-1
2025-10-27 09:00:00,204.41,0.7017929331081857,-20.44099999999986,-20.44099999999986,0.0,-1
2025-10-27 09:05:00,204.66,0.699522009314743,-20.465999999999838,-20.465999999999838,0.0,-1
2025-10-27 09:10:00,204.62,0.688127580077975,-20.461999999999705,-20.461999999999705,0.0,-1
2025-10-27 09:15:00,204.84,0.6889756100724046,-20.483999999999867,-20.483999999999867,0.0,-1
2025-10-27 09:20:00,205.1,0.6990487807815174,-20.509999999999593,-20.509999999999593,0.0,-1
2025-10-27 09:25:00,205.11,0.6884024392971222,-20.51099999999991,-20.51099999999991,0.0,-1
2025-10-27 09:30:00,205.16,0.6678022650616139,-20.515999999999792,-20.515999999999792,0.0,-1
2025-10-27 09:35:00,204.62,0.6629592461286431,-20.461999999999705,-20.461999999999705,0.0,-1
2025-10-27 09:40:00,204.7,0.6341764428337394,-20.46999999999997,-20.46999999999997,0.0,-1
2025-10-27 09:45:00,204.59,0.6224495540599009,-20.45899999999989,-20.45899999999989,0.0,-1
2025-10-27 09:50:00,204.36,0.6201317287699082,-20.43599999999998,-20.43599999999998,0.0,-1
2025-10-27 09:55:00,204.32,0.5936937481434862,-20.431999999999846,-20.431999999999846,0.0,-1
2025-10-27 10:00:00,203.99,0.5798584804189519,-20.398999999999603,-20.398999999999603,0.0,-1
2025-10-27 10:05:00,203.98,0.606297160389028,-20.397999999999854,-20.397999999999854,0.0,-1
2025-10-27 10:10:00,203.76,0.5929902203612395,-20.375999999999692,-20.375999999999692,0.0,-1
2025-10-27 10:15:00,204.49,0.5927766331925798,-20.44899999999984,-20.44899999999984,0.0,-1
2025-10-27 10:20:00,204.67,0.5761497308216822,-20.466999999999587,-20.466999999999587,0.0,-1
2025-10-27 10:25:00,204.92,0.5664247500487047,-20.491999999999564,-20.491999999999564,0.0,-1
2025-10-27 10:30:00,204.23,0.5502515536166547,-20.42299999999983,-20.42299999999983,0.0,-1
2025-10-27 10:35:00,204.33,0.5266621569297507,-20.432999999999595,-20.432999999999595,0.0,-1
2025-10-27 10:40:00,203.87,0.5090434314347686,-20.386999999999773,-20.386999999999773,0.0,-1
2025-10-27 10:45:00,204.23,0.5119689006180003,-20.42299999999983,-20.42299999999983,0.0,-1
2025-10-27 10:50:00,204.54,0.5132568362881432,-20.454000000000008,-20.454000000000008,0.0,-1
2025-10-27 10:55:00,204.72,0.48873849083898924,-20.471999999999753,-20.471999999999753,0.0,-1
2025-10-27 11:00:00,204.85,0.4974000272076339,-20.484999999999616,-20.484999999999616,0.0,-1
2025-10-27 11:05:00,204.23,0.499728596692803,-20.42299999999983,-20.42299999999983,0.0,-1
2025-10-27 11:10:00,204.26,0.498319411214747,-20.425999999999647,-20.425999999999647,0.0,-1
2025-10-27 11:15:00,204.34,0.5098680246994077,-20.433999999999912,-20.433999999999912,0.0,-1
2025-10-27 11:20:00,204.23,0.5470203086494502,-20.42299999999983,-20.42299999999983,0.0,-1
2025-10-27 11:25:00,203.98,0.5308045723173461,-20.397999999999854,-20.397999999999854,0.0,-1
2025-10-27 11:30:00,203.44,0.5371756742946788,-20.343999999999767,-20.343999999999767,0.0,-1
2025-10-27 11:35:00,202.61,0.524520268987917,-20.260999999999854,-20.260999999999854,0.0,-1
2025-10-27 11:40:00,202.95,0.5456259640602082,-20.294999999999845,-20.294999999999845,0.0,-1
2025-10-27 11:45:00,202.84,0.5316526809130501,-20.283999999999764,-20.283999999999764,0.0,-1
2025-10-27 11:50:00,202.52,0.5222489179906897,-20.25199999999984,-20.25199999999984,0.0,-1
2025-10-27 11:55:00,202.5,0.5035168524199276,-20.249999999999773,-20.249999999999773,0.0,-1
2025-10-27 12:00:00,202.19,0.5139799343899332,-20.21899999999988,-20.21899999999988,0.0,-1
2025-10-27 12:05:00,202.34,0.5015527962192219,-20.23399999999981,-20.23399999999981,0.0,-1
2025-10-27 12:10:00,201.6,0.48429902506070743,-20.15999999999991,-20.15999999999991,0.0,-1
2025-10-27 12:15:00,201.78,0.47684909469923004,-20.17799999999994,-20.17799999999994,0.0,-1
2025-10-27 12:20:00,201.34,0.46564558793499883,-20.133999999999617,-20.133999999999617,0.0,-1
2025-10-27 12:25:00,200.19,0.45952804593964147,-20.018999999999778,-20.018999999999778,0.0,-1
2025-10-27 12:30:00,200.57,0.4695617569439524,-20.05699999999962,-20.05699999999962,0.0,-1
2025-10-27 12:35:00,200.57,0.45816448859081316,-20.05699999999962,-20.05699999999962,0.0,-1
2025-10-27 12:40:00,200.86,0.45615273940575557,-20.08599999999973,-20.08599999999973,0.0,-1
2025-10-27 12:45:00,200.64,0.44571325801963035,-20.06399999999985,-20.06399999999985,0.0,-1
2025-10-27 12:50:00,200.19,0.4331623110182269,-20.018999999999778,-20.018999999999778,0.0,-1
2025-10-27 12:55:00,200.51,0.4236507173740687,-20.050999999999988,-20.050999999999988,0.0,-1
2025-10-27 13:00:00,199.35,0.43910423756163625,-19.93499999999983,-19.93499999999983,0.0,-1
2025-10-27 13:05:00,199.13,0.4420253634500901,-19.912999999999954,-19.912999999999954,0.0,-1
2025-10-27 13:10:00,199.6,0.4297378374893701,-19.95999999999981,-19.95999999999981,0.0,-1
2025-10-27 13:15:00,199.46,0.42832799195441484,-19.94599999999963,-19.94599999999963,0.0,-1
2025-10-27 13:20:00,199.28,0.4113045639576708,-19.9279999999996,-19.9279999999996,0.0,-1
2025-10-27 13:25:00,199.49,0.40478280938926525,-19.949000000000012,-19.949000000000012,0.0,-1
2025-10-27 13:30:00,199.48,0.4394411801471759,-19.947999999999695,-19.947999999999695,0.0,-1
2025-10-27 13:35:00,199.89,0.4759096672795197,-19.988999999999635,-19.988999999999635,0.0,-1
2025-10-27 13:40:00,200.12,0.500487548188125,-20.01199999999983,-20.01199999999983,0.0,-1
2025-10-27 13:45:00,199.73,0.4997384376032576,-19.972999999999672,-19.972999999999672,0.0,-1
2025-10-27 13:50:00,199.92,0.5611856920601668,-19.991999999999734,-19.991999999999734,0.0,-1
2025-10-27 13:55:00,199.98,0.5489581426272968,-19.99799999999965,-19.99799999999965,0.0,-1
2025-10-27 14:00:00,199.73,0.586889703868205,-19.972999999999672,-19.972999999999672,0.0,-1
2025-10-27 14:05:00,200.53,0.6021118678776198,-20.05299999999977,-20.05299999999977,0.0,-1
2025-10-27 14:10:00,200.28,0.5991038773149329,-20.027999999999793,-20.027999999999793,0.0,-1
2025-10-27 14:15:00,200.67,0.6063107432210103,-20.06699999999995,-20.06699999999995,0.0,-1
2025-10-27 14:20:00,200.41,0.6315742615623673,-20.040999999999656,-20.040999999999656,0.0,-1
2025-10-27 14:25:00,200.27,0.629318957165057,-20.02699999999976,-20.02699999999976,0.0,-1
2025-10-27 14:30:00,200.11,0.6222247459389816,-20.010999999999797,-20.010999999999797,0.0,-1
2025-10-27 14:35:00,200.17,0.6149229783719122,-20.016999999999996,-20.016999999999996,0.0,-1
2025-10-27 14:40:00,200.15,0.6174284799167761,-20.01499999999993,-20.01499999999993,0.0,-1
2025-10-27 14:45:00,200.59,0.6154693027798638,-20.058999999999685,-20.058999999999685,0.0,-1
2025-10-27 14:50:00,200.5,0.6157929240098738,-20.04999999999967,-20.04999999999967,0.0,-1
2025-10-27 14:55:00,200.46,0.5982362865805975,-20.04599999999982,-20.04599999999982,0.0,-1
2025-10-27 15:00:00,200.88,0.5976479803962693,-20.087999999999795,-20.087999999999795,0.0,-1
2025-10-27 15:05:00,200.4,0.5971016960822483,-20.039999999999907,-20.039999999999907,0.0,-1
2025-10-27 15:10:00,200.35,0.6080230035049449,-20.03499999999974,-20.03499999999974,0.0,-1
2025-10-27 15:15:00,199.9,0.6045927889688776,-19.989999999999952,-19.989999999999952,0.0,-1
2025-10-27 15:20:00,199.28,0.6021218754711022,-19.9279999999996,-19.9279999999996,0.0,-1
2025-10-27 15:25:00,199.35,0.6119703129374527,-19.93499999999983,-19.93499999999983,0.0,-1
2025-10-27 15:30:00,199.63,0.6032581477276353,-19.96299999999991,-19.96299999999991,0.0,-1
2025-10-27 15:35:00,199.91,0.5915968514613755,-19.9909999999997,-19.9909999999997,0.0,-1
2025-10-27 15:40:00,200.45,0.5800542192141349,-20.04499999999979,-20.04499999999979,0.0,-1
2025-10-27 15:45:00,200.21,0.5586217749845539,-20.020999999999844,-20.020999999999844,0.0,-1
2025-10-27 15:50:00,200.14,0.5487202196285155,-20.013999999999612,-20.013999999999612,0.0,-1
2025-10-27 15:55:00,200.19,0.541668775369335,-20.018999999999778,-20.018999999999778,0.0,-1
2025-10-27 16:00:00,199.84,0.5436924342715269,-19.983999999999753,-19.983999999999753,0.0,-1
2025-10-27 16:05:00,199.71,0.6148572603949888,-19.970999999999606,-19.970999999999606,0.0,-1
2025-10-27 16:10:00,199.81,0.6045103132239181,-19.980999999999938,-19.980999999999938,0.0,-1
2025-10-27 16:15:00,199.63,0.5970452908507812,-19.96299999999991,-19.96299999999991,0.0,-1
2025-10-27 16:20:00,199.82,0.5779706272185834,-19.981999999999687,-19.981999999999687,0.0,-1
2025-10-27 16:25:00,199.83,0.579544153845827,-19.983000000000004,-19.983000000000004,0.0,-1
2025-10-27 16:30:00,199.24,0.5745767142854101,-19.92399999999975,-19.92399999999975,0.0,-1
2025-10-27 16:35:00,199.29,0.6278212346935966,-19.928999999999917,-19.928999999999917,0.0,-1
2025-10-27 16:40:00,199.4,0.6665482893583389,-19.939999999999998,-19.939999999999998,0.0,-1
2025-10-27 16:45:00,199.66,0.6546519829756005,-19.965999999999724,-19.965999999999724,0.0,-1
2025-10-27 16:50:00,199.76,0.6893196984773443,-19.97599999999977,-19.97599999999977,0.0,-1
2025-10-27 16:55:00,199.56,0.6836540057289615,-19.95599999999996,-19.95599999999996,0.0,-1
2025-10-27 17:00:00,200.17,0.6869644338911799,-20.016999999999996,-20.016999999999996,0.0,-1
2025-10-27 17:05:00,200.15,0.6757526886132386,-20.01499999999993,-20.01499999999993,0.0,-1
2025-10-27 17:10:00,200.14,0.6539132108551504,-20.013999999999612,-20.013999999999612,0.0,-1
2025-10-27 17:15:00,200.25,0.6443479815083547,-20.024999999999693,-20.024999999999693,0.0,-1
2025-10-27 17:20:00,200.15,0.6876088399720437,-20.01499999999993,-20.01499999999993,0.0,-1
2025-10-27 17:25:00,200.25,0.6784939228311836,-20.024999999999693,-20.024999999999693,0.0,-1
2025-10-27 17:30:00,199.74,0.661458642628956,-19.97399999999999,-19.97399999999999,0.0,-1
2025-10-27 17:35:00,199.1,0.6599258824411726,-19.909999999999854,-19.909999999999854,0.0,-1
2025-10-27 17:40:00,199.22,0.639216890838232,-19.92199999999997,-19.92199999999997,0.0,-1
2025-10-27 17:45:00,199.24,0.6342728272069312,-19.92399999999975,-19.92399999999975,0.0,-1
2025-10-27 17:50:00,200.35,0.6089676252635791,-20.03499999999974,-20.03499999999974,0.0,-1
2025-10-27 17:55:00,200.36,0.5868985091733222,-20.035999999999774,-20.035999999999774,0.0,-1
2025-10-27 18:00:00,199.54,0.5728343299466554,-19.953999999999894,-19.953999999999894,0.0,-1
2025-10-27 18:05:00,199.22,0.5804890206647519,-19.92199999999997,-19.92199999999997,0.0,-1
2025-10-27 18:10:00,198.96,0.5640255191886978,-19.895999999999674,-19.895999999999674,0.0,-1
2025-10-27 18:15:00,198.69,0.5573094106752193,-19.86899999999963,-19.86899999999963,0.0,-1
2025-10-27 18:20:00,199.24,0.5503587384841307,-19.92399999999975,-19.92399999999975,0.0,-1
2025-10-27 18:25:00,199.69,0.5960474000209784,-19.968999999999824,-19.968999999999824,0.0,-1
2025-10-27 18:30:00,199.64,0.5941868714480509,-19.963999999999658,-19.963999999999658,0.0,-1
2025-10-27 18:35:00,199.68,0.5824592377731906,-19.96799999999979,-19.96799999999979,0.0,-1
2025-10-27 18:40:00,199.53,0.579426435075105,-19.952999999999577,-19.952999999999577,0.0,-1
2025-10-27 18:45:00,199.42,0.5687531182840266,-19.94199999999978,-19.94199999999978,0.0,-1
2025-10-27 18:50:00,199.0,0.573127895549453,-19.899999999999807,-19.899999999999807,0.0,-1
2025-10-27 18:55:00,199.18,0.5521901887244921,-19.917999999999836,-19.917999999999836,0.0,-1
2025-10-27 19:00:00,199.29,0.6084623181013143,-19.928999999999917,-19.928999999999917,0.0,-1
2025-10-27 19:05:00,199.42,0.608572152522648,-19.94199999999978,-19.94199999999978,0.0,-1
2025-10-27 19:10:00,200.05,0.6001027130567452,-20.004999999999598,-20.004999999999598,0.0,-1
2025-10-27 19:15:00,200.24,0.605095376409834,-20.023999999999944,-20.023999999999944,0.0,-1
2025-10-27 19:20:00,200.18,0.5847314209519883,-20.017999999999745,-20.017999999999745,0.0,-1
2025-10-27 19:25:00,200.32,0.5693934623125608,-20.03199999999964,-20.03199999999964,0.0,-1
2025-10-27 19:30:00,200.26,0.5765796435759505,-20.02600000000001,-20.02600000000001,0.0,-1
2025-10-27 19:35:00,200.37,0.5875382404633839,-20.036999999999807,-20.036999999999807,0.0,-1
2025-10-27 19:40:00,200.12,0.5734283661445698,-20.01199999999983,-20.01199999999983,0.0,-1
2025-10-27 19:45:00,200.23,0.5710406257056735,-20.022999999999627,-20.022999999999627,0.0,-1
2025-10-27 19:50:00,199.94,0.562394866726698,-19.9939999999998,-19.9939999999998,0.0,-1
2025-10-27 19:55:00,200.13,0.5472238048176498,-20.012999999999863,-20.012999999999863,0.0,-1
2025-10-27 20:00:00,200.49,0.5638506759021035,-20.04899999999992,-20.04899999999992,0.0,-1
2025-10-27 20:05:00,201.46,0.5492899133376685,-20.146000000000015,-20.146000000000015,0.0,-1
2025-10-27 20:10:00,201.28,0.5429120623849765,-20.127999999999986,-20.127999999999986,0.0,-1
2025-10-27 20:15:00,201.18,0.5398469150717639,-20.117999999999654,-20.117999999999654,0.0,-1
2025-10-27 20:20:00,201.02,0.5712864211380657,-20.10199999999969,-20.10199999999969,0.0,-1
2025-10-27 20:25:00,201.27,0.5590516767710615,-20.12699999999967,-20.12699999999967,0.0,-1
2025-10-27 20:30:00,201.49,0.546976557001699,-20.14899999999983,-20.14899999999983,0.0,-1
2025-10-27 20:35:00,202.65,0.535763945787293,-20.264999999999702,-20.264999999999702,0.0,-1
2025-10-27 20:40:00,202.07,0.5360665210882022,-20.206999999999766,-20.206999999999766,0.0,-1
2025-10-27 20:45:00,201.97,0.5277760552961869,-20.19699999999972,-20.19699999999972,0.0,-1
2025-10-27 20:50:00,202.82,0.5179349084893174,-20.281999999999982,-20.281999999999982,0.0,-1
2025-10-27 20:55:00,202.48,0.5173681293115084,-20.24799999999999,-20.24799999999999,0.0,-1
2025-10-27 21:00:00,202.52,0.5218418343606873,-20.25199999999984,-20.25199999999984,0.0,-1
2025-10-27 21:05:00,202.56,0.500995989049209,-20.255999999999688,-20.255999999999688,0.0,-1
2025-10-27 21:10:00,202.81,0.505924846974267,-20.280999999999665,-20.280999999999665,0.0,-1
2025-10-27 21:15:00,203.27,0.503358786476105,-20.32699999999977,-20.32699999999977,0.0,-1
2025-10-27 21:20:00,202.28,0.5759760160135268,-20.227999999999895,-20.227999999999895,0.0,-1
2025-10-27 21:25:00,202.0,0.5634063005839876,-20.199999999999818,-20.199999999999818,0.0,-1
2025-10-27 21:30:00,202.07,0.5831629933994172,-20.206999999999766,-20.206999999999766,0.0,-1
2025-10-27 21:35:00,202.51,0.5693656367280293,-20.250999999999806,-20.250999999999806,0.0,-1
2025-10-27 21:40:00,202.54,0.5501252341045995,-20.25399999999962,-20.25399999999962,0.0,-1
2025-10-27 21:45:00,202.34,0.572973431668557,-20.23399999999981,-20.23399999999981,0.0,-1
2025-10-27 21:50:00,202.2,0.553475329406518,-20.21999999999963,-20.21999999999963,0.0,-1
2025-10-27 21:55:00,202.31,0.5582270915917671,-20.23099999999971,-20.23099999999971,0.0,-1
2025-10-27 22:00:00,202.5,0.5819251564780685,-20.249999999999773,-20.249999999999773,0.0,-1
2025-10-27 22:05:00,203.02,0.5610733595867774,-20.301999999999794,-20.301999999999794,0.0,-1
2025-10-27 22:10:00,203.01,0.5695681196162938,-20.30099999999976,-20.30099999999976,0.0,-1
2025-10-27 22:15:00,202.72,0.5710275396437017,-20.27199999999965,-20.27199999999965,0.0,-1
2025-10-27 22:20:00,202.43,0.5909541439548655,-20.242999999999824,-20.242999999999824,0.0,-1
2025-10-27 22:25:00,201.51,0.5816002765295165,-20.150999999999897,-20.150999999999897,0.0,-1
2025-10-27 22:30:00,201.83,0.578628828205979,-20.182999999999822,-20.182999999999822,0.0,-1
2025-10-27 22:35:00,202.07,0.5651553404769796,-20.206999999999766,-20.206999999999766,0.0,-1
2025-10-27 22:40:00,202.04,0.5769299590143374,-20.203999999999667,-20.203999999999667,0.0,-1
2025-10-27 22:45:00,202.32,0.573577819084742,-20.231999999999744,-20.231999999999744,0.0,-1
2025-10-27 22:50:00,201.71,0.5540365462929756,-20.170999999999992,-20.170999999999992,0.0,-1
2025-10-27 22:55:00,201.68,0.5423196501291907,-20.16799999999961,-20.16799999999961,0.0,-1
2025-10-27 23:00:00,200.81,0.561439675119963,-20.080999999999847,-20.080999999999847,0.0,-1
2025-10-27 23:05:00,201.32,0.5784796983256807,-20.131999999999834,-20.131999999999834,0.0,-1
2025-10-27 23:10:00,201.54,0.5750168627309893,-20.153999999999712,-20.153999999999712,0.0,-1
2025-10-27 23:15:00,201.16,0.5760870868216331,-20.115999999999588,-20.115999999999588,0.0,-1
2025-10-27 23:20:00,200.91,0.5627951520486604,-20.09099999999961,-20.09099999999961,0.0,-1
2025-10-27 23:25:00,200.74,0.581166926902327,-20.0739999999999,-20.0739999999999,0.0,-1
2025-10-27 23:30:00,200.33,0.561083574980733,-20.03299999999996,-20.03299999999996,0.0,-1
2025-10-27 23:35:00,200.26,0.5510061767678226,-20.02600000000001,-20.02600000000001,0.0,-1
2025-10-27 23:40:00,200.07,0.5345057355701205,-20.006999999999664,-20.006999999999664,0.0,-1
2025-10-27 23:45:00,200.4,0.5177553258865393,-20.039999999999907,-20.039999999999907,0.0,-1
2025-10-27 23:50:00,200.19,0.5029156597517866,-20.018999999999778,-20.018999999999778,0.0,-1
2025-10-27 23:55:00,200.04,0.49056454119808646,-20.00399999999985,-20.00399999999985,0.0,-1
2025-10-28 00:00:00,199.78,0.48480993111250864,-19.977999999999838,-19.977999999999838,0.0,-1
2025-10-28 00:05:00,199.64,0.5151806503187578,-19.963999999999658,-19.963999999999658,0.0,-1
2025-10-28 00:10:00,199.72,0.5098106038674178,-19.971999999999923,-19.971999999999923,0.0,-1
2025-10-28 00:15:00,200.09,0.5198241321626027,-20.00899999999973,-20.00899999999973,0.0,-1
2025-10-28 00:20:00,199.35,0.5405509798652741,-19.93499999999983,-19.93499999999983,0.0,-1
2025-10-28 00:25:00,199.18,0.5283687670177549,-19.917999999999836,-19.917999999999836,0.0,-1
2025-10-28 00:30:00,198.97,0.5249138550879145,-19.89699999999999,-19.89699999999999,0.0,-1
2025-10-28 00:35:00,198.95,0.5409914368673492,-19.894999999999925,-19.894999999999925,0.0,-1
2025-10-28 00:40:00,199.35,0.5623491913768245,-19.93499999999983,-19.93499999999983,0.0,-1
2025-10-28 00:45:00,199.41,0.573609963421337,-19.940999999999747,-19.940999999999747,0.0,-1
2025-10-28 00:50:00,199.23,0.5819235374626699,-19.922999999999718,-19.922999999999718,0.0,-1
2025-10-28 00:55:00,198.74,0.5739289990724791,-19.873999999999796,-19.873999999999796,0.0,-1
2025-10-28 01:00:00,199.15,0.5772197848530166,-19.914999999999736,-19.914999999999736,0.0,-1
2025-10-28 01:05:00,199.21,0.572418371649229,-19.92099999999965,-19.92099999999965,0.0,-1
2025-10-28 01:10:00,198.73,0.5586742022457124,-19.872999999999763,-19.872999999999763,0.0,-1
2025-10-28 01:15:00,199.04,0.5451974735138762,-19.90399999999994,-19.90399999999994,0.0,-1
2025-10-28 01:20:00,198.13,0.5326833682628853,-19.81299999999976,-19.81299999999976,0.0,-1
2025-10-28 01:25:00,198.06,0.5196345562441095,-19.805999999999813,-19.805999999999813,0.0,-1
2025-10-28 01:30:00,198.63,0.5246606593695304,-19.863,-19.863,0.0,-1
2025-10-28 01:35:00,198.93,0.5207563265574211,-19.89299999999986,-19.89299999999986,0.0,-1
2025-10-28 01:40:00,198.7,0.5814165889461771,-19.869999999999948,-19.869999999999948,0.0,-1
2025-10-28 01:45:00,199.37,0.5777439754500217,-19.936999999999614,-19.936999999999614,0.0,-1
2025-10-28 01:50:00,199.27,0.5771908343464482,-19.92699999999985,-19.92699999999985,0.0,-1
2025-10-28 01:55:00,198.75,0.5581057747502736,-19.87499999999983,-19.87499999999983,0.0,-1
2025-10-28 02:00:00,199.23,0.5446696479823973,-19.922999999999718,-19.922999999999718,0.0,-1
2025-10-28 02:05:00,199.11,0.5379075302693681,-19.910999999999888,-19.910999999999888,0.0,-1
2025-10-28 02:10:00,198.66,0.565914135250128,-19.865999999999815,-19.865999999999815,0.0,-1
2025-10-28 02:15:00,198.7,0.5469202684465483,-19.869999999999948,-19.869999999999948,0.0,-1
2025-10-28 02:20:00,199.41,0.5714259635575102,-19.940999999999747,-19.940999999999747,0.0,-1
2025-10-28 02:25:00,198.97,0.5791812518748314,-19.89699999999999,-19.89699999999999,0.0,-1
2025-10-28 02:30:00,198.97,0.5592397338837728,-19.89699999999999,-19.89699999999999,0.0,-1
2025-10-28 02:35:00,198.6,0.5614368957492178,-19.859999999999616,-19.859999999999616,0.0,-1
2025-10-28 02:40:00,198.1,0.5406199746242725,-19.80999999999966,-19.80999999999966,0.0,-1
2025-10-28 02:45:00,198.51,0.6055756907225379,-19.8509999999996,-19.8509999999996,0.0,-1
2025-10-28 02:50:00,198.47,0.633034569956643,-19.846999999999753,-19.846999999999753,0.0,-1
2025-10-28 02:55:00,198.31,0.6292463863883102,-19.83099999999979,-19.83099999999979,0.0,-1
2025-10-28 03:00:00,197.98,0.6750145016462888,-19.79799999999983,-19.79799999999983,0.0,-1
2025-10-28 03:05:00,197.58,0.6717991801001251,-19.75799999999964,-19.75799999999964,0.0,-1
2025-10-28 03:10:00,198.0,0.7295278100929725,-19.799999999999898,-19.799999999999898,0.0,-1
2025-10-28 03:15:00,197.81,0.7281329665149016,-19.780999999999835,-19.780999999999835,0.0,-1
2025-10-28 03:20:00,197.63,0.7368377546209797,-19.762999999999806,-19.762999999999806,0.0,-1
2025-10-28 03:25:00,198.31,0.714920772148053,-19.83099999999979,-19.83099999999979,0.0,-1
2025-10-28 03:30:00,198.5,0.7159978598517649,-19.849999999999852,-19.849999999999852,0.0,-1
2025-10-28 03:35:00,198.64,0.7191408698623525,-19.86399999999975,-19.86399999999975,0.0,-1
2025-10-28 03:40:00,198.62,0.7042022363007553,-19.861999999999682,-19.861999999999682,0.0,-1
2025-10-28 03:45:00,198.72,0.6889020765649857,-19.872000000000014,-19.872000000000014,0.0,-1
2025-10-28 03:50:00,198.82,0.6818376425246299,-19.881999999999778,-19.881999999999778,0.0,-1
2025-10-28 03:55:00,198.71,0.6667063823442991,-19.870999999999697,-19.870999999999697,0.0,-1
2025-10-28 04:00:00,198.86,0.667655926462562,-19.88599999999991,-19.88599999999991,0.0,-1
2025-10-28 04:05:00,199.34,0.6506805031438081,-19.9339999999998,-19.9339999999998,0.0,-1
2025-10-28 04:10:00,199.3,0.6613461814906777,-19.929999999999666,-19.929999999999666,0.0,-1
2025-10-28 04:15:00,199.6,0.6448214542413441,-19.95999999999981,-19.95999999999981,0.0,-1
2025-10-28 04:20:00,199.81,0.6344770646526766,-19.980999999999938,-19.980999999999938,0.0,-1
2025-10-28 04:25:00,199.86,0.6198715600346288,-19.98599999999982,-19.98599999999982,0.0,-1
2025-10-28 04:30:00,199.5,0.6077378771750117,-19.94999999999976,-19.94999999999976,0.0,-1
2025-10-28 04:35:00,200.21,0.5943280288053672,-20.020999999999844,-20.020999999999844,0.0,-1
2025-10-28 04:40:00,199.84,0.5818760267478401,-19.983999999999753,-19.983999999999753,0.0,-1
2025-10-28 04:45:00,199.67,0.6060277391229956,-19.966999999999757,-19.966999999999757,0.0,-1
2025-10-28 04:50:00,199.87,0.6048829006142105,-19.986999999999853,-19.986999999999853,0.0,-1
2025-10-28 04:55:00,199.72,0.6081055505703387,-19.971999999999923,-19.971999999999923,0.0,-1
2025-10-28 05:00:00,200.18,0.5968122969581728,-20.017999999999745,-20.017999999999745,0.0,-1
2025-10-28 05:05:00,200.43,0.5848971328897304,-20.042999999999722,-20.042999999999722,0.0,-1
2025-10-28 05:10:00,200.26,0.5645473376833199,-20.02600000000001,-20.02600000000001,0.0,-1
2025-10-28 05:15:00,200.42,0.5742225278487962,-20.041999999999973,-20.041999999999973,0.0,-1
2025-10-28 05:20:00,200.44,0.5603494901453104,-20.043999999999755,-20.043999999999755,0.0,-1
2025-10-28 05:25:00,200.47,0.5553245265635032,-20.046999999999855,-20.046999999999855,0.0,-1
2025-10-28 05:30:00,200.02,0.5620870603803962,-20.001999999999782,-20.001999999999782,0.0,-1
2025-10-28 05:35:00,200.38,0.5440808417817967,-20.03799999999984,-20.03799999999984,0.0,-1
2025-10-28 05:40:00,201.68,0.5387893530830968,-20.16799999999961,-20.16799999999961,0.0,-1
2025-10-28 05:45:00,201.97,0.557447256434305,-20.19699999999972,-20.19699999999972,0.0,-1
2025-10-28 05:50:00,201.46,0.5654867381175701,-20.146000000000015,-20.146000000000015,0.0,-1
2025-10-28 05:55:00,201.36,0.5822376853948853,-20.135999999999683,-20.135999999999683,0.0,-1
2025-10-28 06:00:00,201.51,0.582792136438108,-20.150999999999897,-20.150999999999897,0.0,-1
2025-10-28 06:05:00,201.62,0.5725926981211001,-20.161999999999978,-20.161999999999978,0.0,-1
2025-10-28 06:10:00,200.95,0.5488360768267365,-20.094999999999743,-20.094999999999743,0.0,-1
2025-10-28 06:15:00,201.0,0.5410620713391123,-20.099999999999625,-20.099999999999625,0.0,-1
2025-10-28 06:20:00,200.46,0.5324147805291749,-20.04599999999982,-20.04599999999982,0.0,-1
2025-10-28 06:25:00,200.82,0.5193851533485212,-20.081999999999596,-20.081999999999596,0.0,-1
2025-10-28 06:30:00,200.93,0.5465719281093415,-20.092999999999677,-20.092999999999677,0.0,-1
2025-10-28 06:35:00,201.3,0.5482453618158187,-20.129999999999768,-20.129999999999768,0.0,-1
2025-10-28 06:40:00,201.09,0.5497992645432598,-20.10899999999964,-20.10899999999964,0.0,-1
2025-10-28 06:45:00,199.87,0.5376707456473123,-19.986999999999853,-19.986999999999853,0.0,-1
2025-10-28 06:50:00,200.47,0.5556942638153609,-20.046999999999855,-20.046999999999855,0.0,-1
2025-10-28 06:55:00,200.76,0.5524303878285488,-20.075999999999965,-20.075999999999965,0.0,-1
2025-10-28 07:00:00,201.69,0.5943996458407944,-20.168999999999926,-20.168999999999926,0.0,-1
2025-10-28 07:05:00,201.29,0.632656813995023,-20.128999999999735,-20.128999999999735,0.0,-1
2025-10-28 07:10:00,199.96,0.6288956129953774,-19.995999999999583,-19.995999999999583,0.0,-1
2025-10-28 07:15:00,200.57,0.6511173549242789,-20.05699999999962,-20.05699999999962,0.0,-1
2025-10-28 07:20:00,201.21,0.6474661152868301,-20.120999999999754,-20.120999999999754,0.0,-1
2025-10-28 07:25:00,201.56,0.6297899641949141,-20.15599999999978,-20.15599999999978,0.0,-1
2025-10-28 07:30:00,201.4,0.6269478238952776,-20.139999999999816,-20.139999999999816,0.0,-1
2025-10-28 07:35:00,201.15,0.6107372650456153,-20.11499999999984,-20.11499999999984,0.0,-1
2025-10-28 07:40:00,201.1,0.5871131746852143,-20.109999999999957,-20.109999999999957,0.0,-1
2025-10-28 07:45:00,200.84,0.5766050907791274,-20.083999999999662,-20.083999999999662,0.0,-1
2025-10-28 07:50:00,201.01,0.5932761557234756,-20.100999999999942,-20.100999999999942,0.0,-1
2025-10-28 07:55:00,201.29,0.5973278588860849,-20.128999999999735,-20.128999999999735,0.0,-1
2025-10-28 08:00:00,200.68,0.5918044403942224,-20.0679999999997,-20.0679999999997,0.0,-1
2025-10-28 08:05:00,200.68,0.5831041232232065,-20.0679999999997,-20.0679999999997,0.0,-1
2025-10-28 08:10:00,201.48,0.5900252572786923,-20.147999999999797,-20.147999999999797,0.0,-1
2025-10-28 08:15:00,201.38,0.577880596044499,-20.13799999999975,-20.13799999999975,0.0,-1
2025-10-28 08:20:00,201.21,0.5673176963270353,-20.120999999999754,-20.120999999999754,0.0,-1
2025-10-28 08:25:00,201.19,0.5539378608751039,-20.11899999999997,-20.11899999999997,0.0,-1
2025-10-28 08:30:00,201.33,0.5543708708125966,-20.132999999999868,-20.132999999999868,0.0,-1
2025-10-28 08:35:00,201.23,0.5697729514688384,-20.12299999999982,-20.12299999999982,0.0,-1
2025-10-28 08:40:00,201.3,0.5790748835067777,-20.129999999999768,-20.129999999999768,0.0,-1
2025-10-28 08:45:00,202.03,0.5734266775420079,-20.202999999999918,-20.202999999999918,0.0,-1
2025-10-28 08:50:00,201.72,0.5596104862890071,-20.17199999999974,-20.17199999999974,0.0,-1
2025-10-28 08:55:00,201.12,0.5482097372683622,-20.11199999999974,-20.11199999999974,0.0,-1
2025-10-28 09:00:00,201.17,0.541194756034909,-20.116999999999905,-20.116999999999905,0.0,-1
2025-10-28 09:05:00,200.75,0.5346808448895596,-20.074999999999648,-20.074999999999648,0.0,-1
2025-10-28 09:10:00,200.57,0.5214893559688784,-20.05699999999962,-20.05699999999962,0.0,-1
2025-10-28 09:15:00,200.33,0.5092401162568152,-20.03299999999996,-20.03299999999996,0.0,-1
2025-10-28 09:20:00,200.24,0.5242943936670427,-20.023999999999944,-20.023999999999944,0.0,-1
2025-10-28 09:25:00,200.58,0.566130508405112,-20.057999999999936,-20.057999999999936,0.0,-1
2025-10-28 09:30:00,200.03,0.5528354720904609,-20.002999999999815,-20.002999999999815,0.0,-1
2025-10-28 09:35:00,199.72,0.5276329383697129,-19.971999999999923,-19.971999999999923,0.0,-1
2025-10-28 09:40:00,199.49,0.5242305856290185,-19.949000000000012,-19.949000000000012,0.0,-1
2025-10-28 09:45:00,199.46,0.5139284009412312,-19.94599999999963,-19.94599999999963,0.0,-1
2025-10-28 09:50:00,198.95,0.5179335151597142,-19.894999999999925,-19.894999999999925,0.0,-1
2025-10-28 09:55:00,198.71,0.5016525497911626,-19.870999999999697,-19.870999999999697,0.0,-1
2025-10-28 10:00:00,199.07,0.5201059390917953,-19.906999999999755,-19.906999999999755,0.0,-1
2025-10-28 10:05:00,199.37,0.5008126577280956,-19.936999999999614,-19.936999999999614,0.0,-1
2025-10-28 10:10:00,199.28,0.48932603931894614,-19.9279999999996,-19.9279999999996,0.0,-1
2025-10-28 10:15:00,199.21,0.49080275079616364,-19.92099999999965,-19.92099999999965,0.0,-1
2025-10-28 10:20:00,199.26,0.47717398288215074,-19.925999999999817,-19.925999999999817,0.0,-1
2025-10-28 10:25:00,198.99,0.46237584124771214,-19.898999999999774,-19.898999999999774,0.0,-1
2025-10-28 10:30:00,199.61,0.47292042401573164,-19.960999999999842,-19.960999999999842,0.0,-1
2025-10-28 10:35:00,199.53,0.4969975365860367,-19.952999999999577,-19.952999999999577,0.0,-1
2025-10-28 10:40:00,199.98,0.4850691411156064,-19.99799999999965,-19.99799999999965,0.0,-1
2025-10-28 10:45:00,200.15,0.47470705960734905,-20.01499999999993,-20.01499999999993,0.0,-1
2025-10-28 10:50:00,200.86,0.4607994124925385,-20.08599999999973,-20.08599999999973,0.0,-1
2025-10-28 10:55:00,200.9,0.44502802588592927,-20.08999999999986,-20.08999999999986,0.0,-1
2025-10-28 11:00:00,201.78,0.43466888117979025,-20.17799999999994,-20.17799999999994,0.0,-1
2025-10-28 11:05:00,202.39,0.4250496753812346,-20.238999999999976,-20.238999999999976,0.0,-1
2025-10-28 11:10:00,202.3,0.4161175557111473,-20.22999999999996,-20.22999999999996,0.0,-1
2025-10-28 11:15:00,202.22,0.42496630173178107,-20.221999999999696,-20.221999999999696,0.0,-1
2025-10-28 11:20:00,202.39,0.44889728017951036,-20.238999999999976,-20.238999999999976,0.0,-1
2025-10-28 11:25:00,202.47,0.46111890302382935,-20.246999999999673,-20.246999999999673,0.0,-1
2025-10-28 11:30:00,202.64,0.44746755280784023,-20.263999999999953,-20.263999999999953,0.0,-1
2025-10-28 11:35:00,202.53,0.4447912990358514,-20.252999999999872,-20.252999999999872,0.0,-1
2025-10-28 11:40:00,202.65,0.4708776348190051,-20.264999999999702,-20.264999999999702,0.0,-1
2025-10-28 11:45:00,202.65,0.475814946617647,-20.264999999999702,-20.264999999999702,0.0,-1
2025-10-28 11:50:00,201.92,0.47682816471638717,-20.191999999999837,-20.191999999999837,0.0,-1
2025-10-28 11:55:00,202.32,0.47562615295092947,-20.231999999999744,-20.231999999999744,0.0,-1
2025-10-28 12:00:00,202.31,0.4723671420258636,-20.23099999999971,-20.23099999999971,0.0,-1
2025-10-28 12:05:00,202.57,0.47148377473830044,-20.257000000000005,-20.257000000000005,0.0,-1
2025-10-28 12:10:00,201.99,0.4678063622569944,-20.198999999999785,-20.198999999999785,0.0,-1
2025-10-28 12:15:00,202.36,0.4736773363814936,-20.235999999999592,-20.235999999999592,0.0,-1
2025-10-28 12:20:00,202.49,0.4748432409256733,-20.24899999999974,-20.24899999999974,0.0,-1
2025-10-28 12:25:00,202.4,0.4730687237166979,-20.239999999999725,-20.239999999999725,0.0,-1
2025-10-28 12:30:00,202.84,0.46356381487979115,-20.283999999999764,-20.283999999999764,0.0,-1
2025-10-28 12:35:00,203.16,0.46045211381694806,-20.315999999999974,-20.315999999999974,0.0,-1
2025-10-28 12:40:00,203.5,0.4504198199728799,-20.349999999999966,-20.349999999999966,0.0,-1
2025-10-28 12:45:00,203.73,0.4918184042605314,-20.372999999999877,-20.372999999999877,0.0,-1
2025-10-28 12:50:00,203.58,0.48454566109906394,-20.357999999999663,-20.357999999999663,0.0,-1
2025-10-28 12:55:00,203.37,0.477792399591989,-20.33699999999982,-20.33699999999982,0.0,-1
2025-10-28 13:00:00,203.48,0.48580722819256145,-20.3479999999999,-20.3479999999999,0.0,-1
2025-10-28 13:05:00,203.12,0.5061067118930935,-20.31199999999984,-20.31199999999984,0.0,-1
2025-10-28 13:10:00,203.04,0.5363848039007282,-20.303999999999576,-20.303999999999576,0.0,-1
2025-10-28 13:15:00,203.18,0.5423573179078194,-20.317999999999756,-20.317999999999756,0.0,-1
2025-10-28 13:20:00,202.56,0.5943317952001187,-20.255999999999688,-20.255999999999688,0.0,-1
2025-10-28 13:25:00,201.53,0.5983080955429678,-20.152999999999963,-20.152999999999963,0.0,-1
2025-10-28 13:30:00,201.78,0.6362860887184698,-20.17799999999994,-20.17799999999994,0.0,-1
2025-10-28 13:35:00,201.86,0.6336942252385808,-20.185999999999638,-20.185999999999638,0.0,-1
2025-10-28 13:40:00,202.15,0.6162874948643975,-20.214999999999748,-20.214999999999748,0.0,-1
2025-10-28 13:45:00,201.85,0.6358383880883681,-20.18499999999989,-20.18499999999989,0.0,-1
2025-10-28 13:50:00,202.23,0.624707074653486,-20.223000000000013,-20.223000000000013,0.0,-1
2025-10-28 13:55:00,202.0,0.6472279978925225,-20.199999999999818,-20.199999999999818,0.0,-1
2025-10-28 14:00:00,201.39,0.6459974266144849,-20.138999999999783,-20.138999999999783,0.0,-1
2025-10-28 14:05:00,201.26,0.6569976104277347,-20.12599999999992,-20.12599999999992,0.0,-1
2025-10-28 14:10:00,201.23,0.680783495397183,-20.12299999999982,-20.12299999999982,0.0,-1
2025-10-28 14:15:00,200.93,0.6950132457259554,-20.092999999999677,-20.092999999999677,0.0,-1
2025-10-28 14:20:00,201.13,0.6982265853169571,-20.112999999999772,-20.112999999999772,0.0,-1
2025-10-28 14:25:00,201.17,0.6997818292228887,-20.116999999999905,-20.116999999999905,0.0,-1
2025-10-28 14:30:00,200.63,0.7512259842783978,-20.062999999999818,-20.062999999999818,0.0,-1
2025-10-28 14:35:00,200.01,0.761138413972797,-20.00099999999975,-20.00099999999975,0.0,-1
2025-10-28 14:40:00,200.14,0.8696285272604545,-20.013999999999612,-20.013999999999612,0.0,-1
2025-10-28 14:45:00,200.22,0.983226489598992,-20.021999999999878,-20.021999999999878,0.0,-1
2025-10-28 14:50:00,200.25,0.9672817403419205,-20.024999999999693,-20.024999999999693,0.0,-1
2025-10-28 14:55:00,200.33,0.9896187588889263,-20.03299999999996,-20.03299999999996,0.0,-1
2025-10-28 15:00:00,200.05,0.9782174189682896,-20.004999999999598,-20.004999999999598,0.0,-1
2025-10-28 15:05:00,200.21,0.9533447461848401,-20.020999999999844,-20.020999999999844,0.0,-1
2025-10-28 15:10:00,200.28,0.9231058357430659,-20.027999999999793,-20.027999999999793,0.0,-1
2025-10-28 15:15:00,200.65,0.9421697046185611,-20.064999999999884,-20.064999999999884,0.0,-1
2025-10-28 15:20:00,199.98,0.920586154288665,-19.99799999999965,-19.99799999999965,0.0,-1
2025-10-28 15:25:00,200.14,0.8955442861251904,-20.013999999999612,-20.013999999999612,0.0,-1
2025-10-28 15:30:00,200.25,0.9172911228305353,-20.024999999999693,-20.024999999999693,0.0,-1
2025-10-28 15:35:00,200.43,0.9303417569140681,-20.042999999999722,-20.042999999999722,0.0,-1
2025-10-28 15:40:00,199.98,0.9260316314202064,-19.99799999999965,-19.99799999999965,0.0,-1
2025-10-28 15:45:00,199.64,0.9063150863187636,-19.963999999999658,-19.963999999999658,0.0,-1
2025-10-28 15:50:00,199.39,0.8951497230102805,-19.93899999999968,-19.93899999999968,0.0,-1
2025-10-28 15:55:00,199.74,0.8554961713666893,-19.97399999999999,-19.97399999999999,0.0,-1
2025-10-28 16:00:00,199.41,0.8422464448404964,-19.940999999999747,-19.940999999999747,0.0,-1
2025-10-28 16:05:00,199.22,0.8663716987804594,-19.92199999999997,-19.92199999999997,0.0,-1
2025-10-28 16:10:00,199.08,0.8387737202961402,-19.907999999999788,-19.907999999999788,0.0,-1
2025-10-28 16:15:00,198.74,0.839575597417844,-19.873999999999796,-19.873999999999796,0.0,-1
2025-10-28 16:20:00,198.59,0.817463054745141,-19.858999999999867,-19.858999999999867,0.0,-1
2025-10-28 16:25:00,198.7,0.8262156936919165,-19.869999999999948,-19.869999999999948,0.0,-1
2025-10-28 16:30:00,198.78,0.8807717155710656,-19.877999999999645,-19.877999999999645,0.0,-1
2025-10-28 16:35:00,199.11,0.8457165930302762,-19.910999999999888,-19.910999999999888,0.0,-1
2025-10-28 16:40:00,199.21,0.8145939792423992,-19.92099999999965,-19.92099999999965,0.0,-1
2025-10-28 16:45:00,200.07,0.8349801235822274,-20.006999999999664,-20.006999999999664,0.0,-1
2025-10-28 16:50:00,199.97,0.8367672576120673,-19.9969999999999,-19.9969999999999,0.0,-1
2025-10-28 16:55:00,200.24,0.8234267392112037,-20.023999999999944,-20.023999999999944,0.0,-1
2025-10-28 17:00:00,200.73,0.797467686410402,-20.07299999999958,-20.07299999999958,0.0,-1
2025-10-28 17:05:00,201.0,0.7812199945239442,-20.099999999999625,-20.099999999999625,0.0,-1
2025-10-28 17:10:00,201.42,0.7811328520579482,-20.141999999999882,-20.141999999999882,0.0,-1
2025-10-28 17:15:00,201.21,0.7667662197680957,-20.120999999999754,-20.120999999999754,0.0,-1
2025-10-28 17:20:00,202.32,0.7348543469275169,-20.231999999999744,-20.231999999999744,0.0,-1
2025-10-28 17:25:00,202.31,0.7059361792898381,-20.23099999999971,-20.23099999999971,0.0,-1
2025-10-28 17:30:00,201.92,0.7033693093405631,-20.191999999999837,-20.191999999999837,0.0,-1
2025-10-28 17:35:00,201.87,0.6874143586733813,-20.186999999999955,-20.186999999999955,0.0,-1
2025-10-28 17:40:00,202.01,0.6611704759109985,-20.20099999999985,-20.20099999999985,0.0,-1
2025-10-28 17:45:00,202.75,0.6368011562030697,-20.27499999999975,-20.27499999999975,0.0,-1
2025-10-28 17:50:00,202.65,0.6134582164742791,-20.264999999999702,-20.264999999999702,0.0,-1
2025-10-28 17:55:00,202.76,0.5924969152975444,-20.275999999999783,-20.275999999999783,0.0,-1
2025-10-28 18:00:00,202.39,0.6201757070620069,-20.238999999999976,-20.238999999999976,0.0,-1
2025-10-28 18:05:00,202.08,0.6258774422718647,-20.2079999999998,-20.2079999999998,0.0,-1
2025-10-28 18:10:00,202.18,0.607600482109589,-20.217999999999847,-20.217999999999847,0.0,-1
2025-10-28 18:15:00,202.81,0.6106290191017596,-20.280999999999665,-20.280999999999665,0.0,-1
2025-10-28 18:20:00,202.38,0.6212983748802047,-20.23799999999966,-20.23799999999966,0.0,-1
2025-10-28 18:25:00,202.45,0.6626342052459055,-20.244999999999607,-20.244999999999607,0.0,-1
2025-10-28 18:30:00,201.47,0.6581603334426261,-20.146999999999764,-20.146999999999764,0.0,-1
2025-10-28 18:35:00,200.91,0.6561488810538668,-20.09099999999961,-20.09099999999961,0.0,-1
2025-10-28 18:40:00,199.01,0.6278525324071614,-19.90099999999984,-19.90099999999984,0.0,-1
2025-10-28 18:45:00,198.49,0.6180059229495077,-19.84899999999982,-19.84899999999982,0.0,-1
2025-10-28 18:50:00,198.74,0.6074340713102572,-19.873999999999796,-19.873999999999796,0.0,-1
2025-10-28 18:55:00,199.56,0.5911887805023813,-19.95599999999996,-19.95599999999996,0.0,-1
2025-10-28 19:00:00,200.19,0.5803895818950683,-20.018999999999778,-20.018999999999778,0.0,-1
2025-10-28 19:05:00,200.45,0.5725046117597062,-20.04499999999979,-20.04499999999979,0.0,-1
2025-10-28 19:10:00,200.33,0.5708971394911546,-20.03299999999996,-20.03299999999996,0.0,-1
2025-10-28 19:15:00,199.58,0.6558330580989307,-19.957999999999743,-19.957999999999743,0.0,-1
2025-10-28 19:20:00,199.28,0.6597021253775791,-19.9279999999996,-19.9279999999996,0.0,-1
2025-10-28 19:25:00,199.43,0.6661519735648949,-19.942999999999813,-19.942999999999813,0.0,-1
2025-10-28 19:30:00,199.21,0.6892839754531174,-19.92099999999965,-19.92099999999965,0.0,-1
2025-10-28 19:35:00,199.34,0.6957636914921805,-19.9339999999998,-19.9339999999998,0.0,-1
2025-10-28 19:40:00,198.47,0.6810662849570255,-19.846999999999753,-19.846999999999753,0.0,-1
2025-10-28 19:45:00,199.06,0.8009901217458083,-19.906000000000006,-19.906000000000006,0.0,-1
2025-10-28 19:50:00,199.0,0.8266336844782524,-19.899999999999807,-19.899999999999807,0.0,-1
2025-10-28 19:55:00,198.86,0.8475884213012347,-19.88599999999991,-19.88599999999991,0.0,-1
2025-10-28 20:00:00,199.32,0.8391892483511458,-19.931999999999732,-19.931999999999732,0.0,-1
2025-10-28 20:05:00,198.75,0.8935328734689207,-19.87499999999983,-19.87499999999983,0.0,-1
2025-10-28 20:10:00,198.72,0.9268519539354254,-19.872000000000014,-19.872000000000014,0.0,-1
2025-10-28 20:15:00,198.45,0.9977911000828942,-19.84499999999997,-19.84499999999997,0.0,-1
2025-10-28 20:20:00,198.25,1.0543774500769727,-19.824999999999875,-19.824999999999875,0.0,-1
2025-10-28 20:25:00,198.76,1.0462076322143317,-19.87599999999958,-19.87599999999958,0.0,-1
2025-10-28 20:30:00,199.2,1.0757642299133086,-19.919999999999902,-19.919999999999902,0.0,-1
2025-10-28 20:35:00,199.2,1.1482096420623582,-19.919999999999902,-19.919999999999902,0.0,-1
2025-10-28 20:40:00,199.02,1.136908953343617,-19.901999999999873,-19.901999999999873,0.0,-1
2025-10-28 20:45:00,199.98,1.1064154566762163,-19.99799999999965,-19.99799999999965,0.0,-1
2025-10-28 20:50:00,200.41,1.097385781199343,-20.040999999999656,-20.040999999999656,0.0,-1
2025-10-28 20:55:00,199.82,1.0918582253993907,-19.981999999999687,-19.981999999999687,0.0,-1
2025-10-28 21:00:00,199.9,1.060296923585147,-19.989999999999952,-19.989999999999952,0.0,-1
2025-10-28 21:05:00,200.29,1.188132857614779,-20.028999999999826,-20.028999999999826,0.0,-1
2025-10-28 21:10:00,200.73,1.188266224928009,-20.07299999999958,-20.07299999999958,0.0,-1
2025-10-28 21:15:00,200.49,1.1683900660045796,-20.04899999999992,-20.04899999999992,0.0,-1
2025-10-28 21:20:00,200.59,1.132076489861395,-20.058999999999685,-20.058999999999685,0.0,-1
2025-10-28 21:25:00,200.27,1.097642454871296,-20.02699999999976,-20.02699999999976,0.0,-1
2025-10-28 21:30:00,200.22,1.1213822795233448,-20.021999999999878,-20.021999999999878,0.0,-1
2025-10-28 21:35:00,200.57,1.0884264024145343,-20.05699999999962,-20.05699999999962,0.0,-1
2025-10-28 21:40:00,200.42,1.0585388022420688,-20.041999999999973,-20.041999999999973,0.0,-1
2025-10-28 21:45:00,200.56,1.0179288877962054,-20.05599999999987,-20.05599999999987,0.0,-1
2025-10-28 21:50:00,200.7,0.9830768243821908,-20.069999999999766,-20.069999999999766,0.0,-1
2025-10-28 21:55:00,200.85,0.9592856226406061,-20.08499999999998,-20.08499999999998,0.0,-1
2025-10-28 22:00:00,200.27,0.9621937924519914,-20.02699999999976,-20.02699999999976,0.0,-1
2025-10-28 22:05:00,200.77,0.9298942358482771,-20.076999999999714,-20.076999999999714,0.0,-1
2025-10-28 22:10:00,200.99,0.9020446475733996,-20.098999999999876,-20.098999999999876,0.0,-1
2025-10-28 22:15:00,200.68,0.8790414584610129,-20.0679999999997,-20.0679999999997,0.0,-1
2025-10-28 22:20:00,200.24,0.8398242114280843,-20.023999999999944,-20.023999999999944,0.0,-1
2025-10-28 22:25:00,199.49,0.8184081963260778,-19.949000000000012,-19.949000000000012,0.0,-1
2025-10-28 22:30:00,199.62,0.7849504680170718,-19.96199999999959,-19.96199999999959,0.0,-1
2025-10-28 22:35:00,199.24,0.7553111488729956,-19.92399999999975,-19.92399999999975,0.0,-1
2025-10-28 22:40:00,199.11,0.7599317810963525,-19.910999999999888,-19.910999999999888,0.0,-1
2025-10-28 22:45:00,199.4,0.7506509395894699,-19.939999999999998,-19.939999999999998,0.0,-1
2025-10-28 22:50:00,199.34,0.7206044439045067,-19.9339999999998,-19.9339999999998,0.0,-1
2025-10-28 22:55:00,199.68,0.6934184121970423,-19.96799999999979,-19.96799999999979,0.0,-1
2025-10-28 23:00:00,199.69,0.7038885256115375,-19.968999999999824,-19.968999999999824,0.0,-1
2025-10-28 23:05:00,200.16,0.6671822023535704,-20.01599999999968,-20.01599999999968,0.0,-1
2025-10-28 23:10:00,199.61,0.6345263307568874,-19.960999999999842,-19.960999999999842,0.0,-1
2025-10-28 23:15:00,197.97,0.6134887357028243,-19.796999999999798,-19.796999999999798,0.0,-1
2025-10-28 23:20:00,197.51,0.6146681117240508,-19.750999999999692,-19.750999999999692,0.0,-1
2025-10-28 23:25:00,197.16,0.6000489608866204,-19.71599999999995,-19.71599999999995,0.0,-1
2025-10-28 23:30:00,197.5,0.5793311779661477,-19.749999999999943,-19.749999999999943,0.0,-1
2025-10-28 23:35:00,197.18,0.5600932366828517,-19.718000000000018,-19.718000000000018,0.0,-1
2025-10-28 23:40:00,197.09,0.5643722912055055,-19.709000000000003,-19.709000000000003,0.0,-1
2025-10-28 23:45:00,194.92,0.5583456989765401,-19.491999999999905,-19.491999999999905,0.0,-1
2025-10-28 23:50:00,195.58,0.5356067204782144,-19.557999999999822,-19.557999999999822,0.0,-1
2025-10-28 23:55:00,195.41,0.5302062404440548,-19.540999999999826,-19.540999999999826,0.0,-1
2025-10-29 00:00:00,194.96,0.5323343661266225,-19.495999999999754,-19.495999999999754,0.0,-1
2025-10-29 00:05:00,194.3,0.5214533399747227,-19.429999999999836,-19.429999999999836,0.0,-1
2025-10-29 00:10:00,193.67,0.5227781014050991,-19.366999999999734,-19.366999999999734,0.0,-1
2025-10-29 00:15:00,193.12,0.5204368084475927,-19.311999999999614,-19.311999999999614,0.0,-1
2025-10-29 00:20:00,193.67,0.5025484649870511,-19.366999999999734,-19.366999999999734,0.0,-1
2025-10-29 00:25:00,193.22,0.49165214605940416,-19.321999999999946,-19.321999999999946,0.0,-1
2025-10-29 00:30:00,193.39,0.51796270705516,-19.338999999999658,-19.338999999999658,0.0,-1
2025-10-29 00:35:00,194.44,0.5002510851226473,-19.444000000000017,-19.444000000000017,0.0,-1
2025-10-29 00:40:00,193.68,0.4830902933281739,-19.367999999999768,-19.367999999999768,0.0,-1
2025-10-29 00:45:00,193.2,0.5021552723761614,-19.31999999999988,-19.31999999999988,0.0,-1
2025-10-29 00:50:00,193.48,0.49914418149214845,-19.347999999999672,-19.347999999999672,0.0,-1
2025-10-29 00:55:00,192.5,0.4899195970998525,-19.24999999999983,-19.24999999999983,0.0,-1
2025-10-29 01:00:00,192.94,0.5034967687355778,-19.29399999999987,-19.29399999999987,0.0,-1
2025-10-29 01:05:00,191.54,0.5332469995401785,-19.15399999999977,-19.15399999999977,0.0,-1
2025-10-29 01:10:00,192.24,0.519443642430166,-19.22399999999982,-19.22399999999982,0.0,-1
2025-10-29 01:15:00,192.36,0.5287690965422974,-19.235999999999933,-19.235999999999933,0.0,-1
2025-10-29 01:20:00,192.0,0.5152855896464192,-19.199999999999875,-19.199999999999875,0.0,-1
2025-10-29 01:25:00,192.25,0.5113366189573899,-19.224999999999852,-19.224999999999852,0.0,-1
2025-10-29 01:30:00,193.5,0.5083840033175763,-19.34999999999974,-19.34999999999974,0.0,-1
2025-10-29 01:35:00,193.47,0.4999280030806076,-19.346999999999923,-19.346999999999923,0.0,-1
2025-10-29 01:40:00,194.03,0.5199331457177071,-19.402999999999793,-19.402999999999793,0.0,-1
2025-10-29 01:45:00,194.08,0.512080778166442,-19.40799999999996,-19.40799999999996,0.0,-1
2025-10-29 01:50:00,193.82,0.5040750082974109,-19.381999999999664,-19.381999999999664,0.0,-1
2025-10-29 01:55:00,193.87,0.5166410791333106,-19.38699999999983,-19.38699999999983,0.0,-1
2025-10-29 02:00:00,193.95,0.5133095734809312,-19.39499999999981,-19.39499999999981,0.0,-1
2025-10-29 02:05:00,193.78,0.4952160325180069,-19.377999999999815,-19.377999999999815,0.0,-1
2025-10-29 02:10:00,193.72,0.48627203019529247,-19.3719999999999,-19.3719999999999,0.0,-1
2025-10-29 02:15:00,194.16,0.4701097423241995,-19.415999999999656,-19.415999999999656,0.0,-1
2025-10-29 02:20:00,194.32,0.45795904644390034,-19.43199999999962,-19.43199999999962,0.0,-1
2025-10-29 02:25:00,194.69,0.4445334002693368,-19.468999999999994,-19.468999999999994,0.0,-1
2025-10-29 02:30:00,194.68,0.4484953002500985,-19.467999999999677,-19.467999999999677,0.0,-1
2025-10-29 02:35:00,194.38,0.4414599216608074,-19.437999999999818,-19.437999999999818,0.0,-1
2025-10-29 02:40:00,194.73,0.43778421297075076,-19.472999999999843,-19.472999999999843,0.0,-1
2025-10-29 02:45:00,195.1,0.4193710549014119,-19.509999999999934,-19.509999999999934,0.0,-1
2025-10-29 02:50:00,194.77,0.4129874081227385,-19.47699999999969,-19.47699999999969,0.0,-1
2025-10-29 02:55:00,194.95,0.40063116468540066,-19.49499999999972,-19.49499999999972,0.0,-1
2025-10-29 03:00:00,194.14,0.45772893863644265,-19.41399999999959,-19.41399999999959,0.0,-1
2025-10-29 03:05:00,194.26,0.4514625858766971,-19.425999999999988,-19.425999999999988,0.0,-1
2025-10-29 03:10:00,194.18,0.4406438297426461,-19.417999999999722,-19.417999999999722,0.0,-1
2025-10-29 03:15:00,194.26,0.454883556189601,-19.425999999999988,-19.425999999999988,0.0,-1
2025-10-29 03:20:00,194.3,0.44453473074748684,-19.429999999999836,-19.429999999999836,0.0,-1
2025-10-29 03:25:00,194.02,0.44706796426552275,-19.40199999999976,-19.40199999999976,0.0,-1
2025-10-29 03:30:00,194.22,0.45727739538941425,-19.421999999999855,-19.421999999999855,0.0,-1
2025-10-29 03:35:00,194.22,0.4467575814330277,-19.421999999999855,-19.421999999999855,0.0,-1
2025-10-29 03:40:00,194.06,0.4312748970449536,-19.405999999999892,-19.405999999999892,0.0,-1
2025-10-29 03:45:00,194.43,0.41404097582745675,-19.4429999999997,-19.4429999999997,0.0,-1
2025-10-29 03:50:00,194.42,0.405180906125495,-19.44199999999995,-19.44199999999995,0.0,-1
2025-10-29 03:55:00,194.18,0.39123941283081737,-19.417999999999722,-19.417999999999722,0.0,-1
2025-10-29 04:00:00,194.39,0.39257945477147305,-19.43899999999985,-19.43899999999985,0.0,-1
2025-10-29 04:05:00,194.17,0.38668092228779655,-19.416999999999973,-19.416999999999973,0.0,-1
2025-10-29 04:10:00,194.62,0.37763228498152673,-19.46199999999976,-19.46199999999976,0.0,-1
2025-10-29 04:15:00,194.96,0.3678014074828469,-19.495999999999754,-19.495999999999754,0.0,-1
2025-10-29 04:20:00,194.94,0.3686727355197861,-19.49399999999997,-19.49399999999997,0.0,-1
2025-10-29 04:25:00,194.91,0.36376754012551443,-19.490999999999588,-19.490999999999588,0.0,-1
2025-10-29 04:30:00,194.26,0.35921271583083564,-19.425999999999988,-19.425999999999988,0.0,-1
2025-10-29 04:35:00,194.34,0.35284037898577464,-19.433999999999685,-19.433999999999685,0.0,-1
2025-10-29 04:40:00,194.1,0.34620892334393294,-19.40999999999974,-19.40999999999974,0.0,-1
2025-10-29 04:45:00,193.68,0.33576542881936755,-19.367999999999768,-19.367999999999768,0.0,-1
2025-10-29 04:50:00,194.12,0.3232107553322696,-19.411999999999807,-19.411999999999807,0.0,-1
2025-10-29 04:55:00,193.84,0.308695701379965,-19.38399999999973,-19.38399999999973,0.0,-1
2025-10-29 05:00:00,193.63,0.3209317227099688,-19.362999999999886,-19.362999999999886,0.0,-1
2025-10-29 05:05:00,193.27,0.32372231394497,-19.326999999999828,-19.326999999999828,0.0,-1
2025-10-29 05:10:00,193.37,0.32059929152032934,-19.33699999999959,-19.33699999999959,0.0,-1
2025-10-29 05:15:00,193.78,0.3319850564117357,-19.377999999999815,-19.377999999999815,0.0,-1
2025-10-29 05:20:00,193.65,0.3197004095251829,-19.364999999999952,-19.364999999999952,0.0,-1
2025-10-29 05:25:00,193.83,0.3182932374162421,-19.38299999999998,-19.38299999999998,0.0,-1
2025-10-29 05:30:00,194.24,0.32484372045793886,-19.42399999999992,-19.42399999999992,0.0,-1
2025-10-29 05:35:00,194.49,0.3309263118538001,-19.4489999999999,-19.4489999999999,0.0,-1
2025-10-29 05:40:00,194.35,0.3344315752928141,-19.435000000000002,-19.435000000000002,0.0,-1
2025-10-29 05:45:00,193.94,0.3455436056290423,-19.393999999999778,-19.393999999999778,0.0,-1
2025-10-29 05:50:00,193.77,0.3358619195126807,-19.376999999999782,-19.376999999999782,0.0,-1
2025-10-29 05:55:00,194.18,0.3254432109760605,-19.417999999999722,-19.417999999999722,0.0,-1
2025-10-29 06:00:00,194.28,0.31505441019205666,-19.42799999999977,-19.42799999999977,0.0,-1
2025-10-29 06:05:00,194.22,0.3239790951783382,-19.421999999999855,-19.421999999999855,0.0,-1
2025-10-29 06:10:00,194.38,0.3379805883798862,-19.437999999999818,-19.437999999999818,0.0,-1
2025-10-29 06:15:00,194.53,0.34883911778132354,-19.452999999999747,-19.452999999999747,0.0,-1
2025-10-29 06:20:00,194.7,0.35463632365408665,-19.469999999999743,-19.469999999999743,0.0,-1
2025-10-29 06:25:00,194.62,0.34216230053593605,-19.46199999999976,-19.46199999999976,0.0,-1
2025-10-29 06:30:00,194.26,0.34915070764051187,-19.425999999999988,-19.425999999999988,0.0,-1
2025-10-29 06:35:00,194.49,0.3420685142376182,-19.4489999999999,-19.4489999999999,0.0,-1
2025-10-29 06:40:00,194.68,0.3290636203635024,-19.467999999999677,-19.467999999999677,0.0,-1
2025-10-29 06:45:00,194.72,0.3327019331946805,-19.47199999999981,-19.47199999999981,0.0,-1
2025-10-29 06:50:00,194.91,0.3453660808236333,-19.490999999999588,-19.490999999999588,0.0,-1
2025-10-29 06:55:00,194.75,0.34283993219337394,-19.474999999999625,-19.474999999999625,0.0,-1
2025-10-29 07:00:00,193.79,0.33477993703670367,-19.37899999999985,-19.37899999999985,0.0,-1
2025-10-29 07:05:00,193.59,0.32300994153408313,-19.358999999999753,-19.358999999999753,0.0,-1
2025-10-29 07:10:00,193.7,0.3163663742816479,-19.369999999999834,-19.369999999999834,0.0,-1
2025-10-29 07:15:00,193.91,0.31876877611867266,-19.39099999999968,-19.39099999999968,0.0,-1
2025-10-29 07:20:00,193.73,0.31814243496733907,-19.37299999999965,-19.37299999999965,0.0,-1
2025-10-29 07:25:00,193.51,0.3132751181839577,-19.35099999999977,-19.35099999999977,0.0,-1
2025-10-29 07:30:00,193.84,0.3108983240279608,-19.38399999999973,-19.38399999999973,0.0,-1
2025-10-29 07:35:00,193.83,0.31083415802596376,-19.38299999999998,-19.38299999999998,0.0,-1
2025-10-29 07:40:00,194.01,0.31363171816696594,-19.40100000000001,-19.40100000000001,0.0,-1
2025-10-29 07:45:00,194.13,0.31122945258361134,-19.41299999999984,-19.41299999999984,0.0,-1
2025-10-29 07:50:00,193.84,0.33399877739906736,-19.38399999999973,-19.38399999999973,0.0,-1
2025-10-29 07:55:00,193.93,0.3301417218705626,-19.392999999999745,-19.392999999999745,0.0,-1
2025-10-29 08:00:00,193.99,0.3437030274512375,-19.398999999999944,-19.398999999999944,0.0,-1
2025-10-29 08:05:00,193.98,0.362009954061863,-19.397999999999627,-19.397999999999627,0.0,-1
2025-10-29 08:10:00,194.11,0.36186638591458803,-19.410999999999774,-19.410999999999774,0.0,-1
2025-10-29 08:15:00,194.18,0.35101878692068944,-19.417999999999722,-19.417999999999722,0.0,-1
2025-10-29 08:20:00,194.18,0.35023173071206903,-19.417999999999722,-19.417999999999722,0.0,-1
2025-10-29 08:25:00,194.48,0.35021517851834943,-19.447999999999865,-19.447999999999865,0.0,-1
2025-10-29 08:30:00,194.64,0.34948552290989415,-19.463999999999828,-19.463999999999828,0.0,-1
2025-10-29 08:35:00,194.49,0.3788079855591888,-19.4489999999999,-19.4489999999999,0.0,-1
2025-10-29 08:40:00,194.66,0.37817884373353283,-19.46599999999961,-19.46599999999961,0.0,-1
2025-10-29 08:45:00,194.67,0.3675946406097083,-19.466999999999928,-19.466999999999928,0.0,-1
2025-10-29 08:50:00,194.56,0.38348073770901514,-19.455999999999847,-19.455999999999847,0.0,-1
2025-10-29 08:55:00,194.56,0.37680354215837064,-19.455999999999847,-19.455999999999847,0.0,-1
2025-10-29 09:00:00,194.89,0.37060328914705787,-19.488999999999805,-19.488999999999805,0.0,-1
2025-10-29 09:05:00,194.71,0.375560197065125,-19.470999999999776,-19.470999999999776,0.0,-1
2025-10-29 09:10:00,194.88,0.38302018298904394,-19.487999999999772,-19.487999999999772,0.0,-1
2025-10-29 09:15:00,195.36,0.39351874134696946,-19.53599999999966,-19.53599999999966,0.0,-1
2025-10-29 09:20:00,195.37,0.39326740267932986,-19.536999999999978,-19.536999999999978,0.0,-1
2025-10-29 09:25:00,195.16,0.3958911596308048,-19.51599999999985,-19.51599999999985,0.0,-1
2025-10-29 09:30:00,195.27,0.3983275053714621,-19.526999999999646,-19.526999999999646,0.0,-1
2025-10-29 09:35:00,195.57,0.38844696927349986,-19.55699999999979,-19.55699999999979,0.0,-1
2025-10-29 09:40:00,195.43,0.37570075718253615,-19.54299999999961,-19.54299999999961,0.0,-1
2025-10-29 09:45:00,195.2,0.36386498881235557,-19.519999999999698,-19.519999999999698,0.0,-1
2025-10-29 09:50:00,195.11,0.36358891818290057,-19.510999999999683,-19.510999999999683,0.0,-1
2025-10-29 09:55:00,195.16,0.3561897097412642,-19.51599999999985,-19.51599999999985,0.0,-1
2025-10-29 10:00:00,195.19,0.36217615904545947,-19.51899999999995,-19.51899999999995,0.0,-1
2025-10-29 10:05:00,195.49,0.353449290542213,-19.548999999999808,-19.548999999999808,0.0,-1
2025-10-29 10:10:00,194.98,0.3546314840749124,-19.49799999999982,-19.49799999999982,0.0,-1
2025-10-29 10:15:00,194.9,0.3643006637838479,-19.48999999999984,-19.48999999999984,0.0,-1
2025-10-29 10:20:00,195.17,0.40185061637071495,-19.516999999999882,-19.516999999999882,0.0,-1
2025-10-29 10:25:00,195.15,0.47171842948709214,-19.514999999999816,-19.514999999999816,0.0,-1
2025-10-29 10:30:00,195.07,0.5001671130951574,-19.506999999999834,-19.506999999999834,0.0,-1
2025-10-29 10:35:00,195.17,0.5008694621597883,-19.516999999999882,-19.516999999999882,0.0,-1
2025-10-29 10:40:00,195.06,0.5179502148626612,-19.5059999999998,-19.5059999999998,0.0,-1
2025-10-29 10:45:00,195.26,0.513096628086756,-19.525999999999897,-19.525999999999897,0.0,-1
2025-10-29 10:50:00,195.65,0.532875440366275,-19.56499999999977,-19.56499999999977,0.0,-1
2025-10-29 10:55:00,195.55,0.522670051768685,-19.555000000000007,-19.555000000000007,0.0,-1
2025-10-29 11:00:00,195.5,0.5239079052137784,-19.54999999999984,-19.54999999999984,0.0,-1
2025-10-29 11:05:00,195.37,0.5714859119842226,-19.536999999999978,-19.536999999999978,0.0,-1
2025-10-29 11:10:00,195.51,0.577094061128205,-19.550999999999874,-19.550999999999874,0.0,-1
2025-10-29 11:15:00,195.68,0.6087301996190483,-19.567999999999586,-19.567999999999586,0.0,-1
2025-10-29 11:20:00,195.98,0.6395351853605443,-19.598000000000013,-19.598000000000013,0.0,-1
2025-10-29 11:25:00,195.94,0.6295683864062197,-19.59399999999988,-19.59399999999988,0.0,-1
2025-10-29 11:30:00,195.77,0.6145992159486318,-19.5769999999996,-19.5769999999996,0.0,-1
2025-10-29 11:35:00,195.59,0.6214135576665872,-19.558999999999855,-19.558999999999855,0.0,-1
2025-10-29 11:40:00,195.35,0.6148840178332596,-19.53499999999991,-19.53499999999991,0.0,-1
2025-10-29 11:45:00,195.32,0.6002494451308837,-19.53199999999981,-19.53199999999981,0.0,-1
2025-10-29 11:50:00,195.86,0.5873744847643911,-19.585999999999615,-19.585999999999615,0.0,-1
2025-10-29 11:55:00,195.66,0.5847048787097926,-19.565999999999804,-19.565999999999804,0.0,-1
2025-10-29 12:00:00,195.42,0.5829402445162362,-19.54199999999986,-19.54199999999986,0.0,-1
2025-10-29 12:05:00,194.86,0.5620159413365065,-19.485999999999706,-19.485999999999706,0.0,-1
2025-10-29 12:10:00,194.62,0.5575862312410417,-19.46199999999976,-19.46199999999976,0.0,-1
2025-10-29 12:15:00,194.8,0.5506157861523944,-19.47999999999979,-19.47999999999979,0.0,-1
2025-10-29 12:20:00,194.82,0.5477146585700818,-19.481999999999857,-19.481999999999857,0.0,-1
2025-10-29 12:25:00,194.61,0.5350207543865049,-19.46099999999973,-19.46099999999973,0.0,-1
2025-10-29 12:30:00,194.77,0.5218049862160399,-19.47699999999969,-19.47699999999969,0.0,-1
2025-10-29 12:35:00,194.13,0.5095332014863223,-19.41299999999984,-19.41299999999984,0.0,-1
2025-10-29 12:40:00,194.24,0.48956654423729856,-19.42399999999992,-19.42399999999992,0.0,-1
2025-10-29 12:45:00,194.24,0.47959750536320744,-19.42399999999992,-19.42399999999992,0.0,-1
2025-10-29 12:50:00,194.58,0.5017691121229778,-19.457999999999913,-19.457999999999913,0.0,-1
2025-10-29 12:55:00,194.53,0.5037856041141938,-19.452999999999747,-19.452999999999747,0.0,-1
2025-10-29 13:00:00,194.65,0.5270866323917502,-19.46499999999986,-19.46499999999986,0.0,-1
2025-10-29 13:05:00,194.39,0.5487233015066262,-19.43899999999985,-19.43899999999985,0.0,-1
2025-10-29 13:10:00,193.95,0.5438144942561521,-19.39499999999981,-19.39499999999981,0.0,-1
2025-10-29 13:15:00,194.46,0.5828277446664273,-19.4459999999998,-19.4459999999998,0.0,-1
2025-10-29 13:20:00,194.39,0.5719114771902544,-19.43899999999985,-19.43899999999985,0.0,-1
2025-10-29 13:25:00,194.11,0.5617749431052367,-19.410999999999774,-19.410999999999774,0.0,-1
2025-10-29 13:30:00,194.06,0.620933875740576,-19.405999999999892,-19.405999999999892,0.0,-1
2025-10-29 13:35:00,194.16,0.6644385989019648,-19.415999999999656,-19.415999999999656,0.0,-1
2025-10-29 13:40:00,194.25,0.7034072704089679,-19.42499999999967,-19.42499999999967,0.0,-1
2025-10-29 13:45:00,194.22,0.7088781796654703,-19.421999999999855,-19.421999999999855,0.0,-1
2025-10-29 13:50:00,194.31,0.7503868811179362,-19.43099999999987,-19.43099999999987,0.0,-1
2025-10-29 13:55:00,194.25,0.7689306753237972,-19.42499999999967,-19.42499999999967,0.0,-1
2025-10-29 14:00:00,194.48,0.8504356270863829,-19.447999999999865,-19.447999999999865,0.0,-1
2025-10-29 14:05:00,194.36,0.8561187965802112,-19.43599999999975,-19.43599999999975,0.0,-1
2025-10-29 14:10:00,194.13,0.8521103111101949,-19.41299999999984,-19.41299999999984,0.0,-1
2025-10-29 14:15:00,194.53,0.8933881460308958,-19.452999999999747,-19.452999999999747,0.0,-1
2025-10-29 14:20:00,195.42,0.8738604213144016,-19.54199999999986,-19.54199999999986,0.0,-1
2025-10-29 14:25:00,196.32,0.8721561055062297,-19.632000000000005,-19.632000000000005,0.0,-1
2025-10-29 14:30:00,196.66,0.8662878122557841,-19.665999999999997,-19.665999999999997,0.0,-1
2025-10-29 14:35:00,196.95,0.8544101113803702,-19.694999999999823,-19.694999999999823,0.0,-1
2025-10-29 14:40:00,196.55,0.8119522462817736,-19.654999999999916,-19.654999999999916,0.0,-1
2025-10-29 14:45:00,196.68,0.8289556572616478,-19.66799999999978,-19.66799999999978,0.0,-1
2025-10-29 14:50:00,196.37,0.8247445388858166,-19.636999999999887,-19.636999999999887,0.0,-1
2025-10-29 14:55:00,196.26,0.8022627861082576,-19.625999999999806,-19.625999999999806,0.0,-1
2025-10-29 15:00:00,196.49,0.8242440156719525,-19.648999999999717,-19.648999999999717,0.0,-1
2025-10-29 15:05:00,197.39,0.8225123002668119,-19.738999999999862,-19.738999999999862,0.0,-1
2025-10-29 15:10:00,197.81,0.8144757073906096,-19.780999999999835,-19.780999999999835,0.0,-1
2025-10-29 15:15:00,198.53,0.8170131568627085,-19.852999999999668,-19.852999999999668,0.0,-1
2025-10-29 15:20:00,198.9,0.8115122170868014,-19.88999999999976,-19.88999999999976,0.0,-1
2025-10-29 15:25:00,198.7,0.8028327730091747,-19.869999999999948,-19.869999999999948,0.0,-1
2025-10-29 15:30:00,198.52,0.8497732892228056,-19.85199999999992,-19.85199999999992,0.0,-1
2025-10-29 15:35:00,198.11,0.8505037685640328,-19.81099999999998,-19.81099999999998,0.0,-1
2025-10-29 15:40:00,198.27,0.8526106422380301,-19.82699999999994,-19.82699999999994,0.0,-1
2025-10-29 15:45:00,198.53,0.9038527392210275,-19.852999999999668,-19.852999999999668,0.0,-1
2025-10-29 15:50:00,198.83,0.9378632578480987,-19.88299999999981,-19.88299999999981,0.0,-1
2025-10-29 15:55:00,198.73,0.9115873108589483,-19.872999999999763,-19.872999999999763,0.0,-1
2025-10-29 16:00:00,198.64,0.8807596457975961,-19.86399999999975,-19.86399999999975,0.0,-1
2025-10-29 16:05:00,198.65,0.9228482425263392,-19.86499999999978,-19.86499999999978,0.0,-1
2025-10-29 16:10:00,198.69,0.9090733680601715,-19.86899999999963,-19.86899999999963,0.0,-1
2025-10-29 16:15:00,198.63,0.9191395560558744,-19.863,-19.863,0.0,-1
2025-10-29 16:20:00,198.23,0.9056295877661684,-19.82299999999981,-19.82299999999981,0.0,-1
2025-10-29 16:25:00,198.22,0.8959417600685837,-19.821999999999775,-19.821999999999775,0.0,-1
2025-10-29 16:30:00,198.54,0.9148030629208276,-19.853999999999985,-19.853999999999985,0.0,-1
2025-10-29 16:35:00,198.61,0.8973171298550533,-19.860999999999933,-19.860999999999933,0.0,-1
2025-10-29 16:40:00,198.51,0.8867944777225495,-19.8509999999996,-19.8509999999996,0.0,-1
2025-10-29 16:45:00,198.81,0.8534520150280808,-19.880999999999744,-19.880999999999744,0.0,-1
2025-10-29 16:50:00,199.5,0.8389197282403611,-19.94999999999976,-19.94999999999976,0.0,-1
2025-10-29 16:55:00,199.88,0.8018540333660491,-19.987999999999886,-19.987999999999886,0.0,-1
2025-10-29 17:00:00,200.32,0.8124358881256183,-20.03199999999964,-20.03199999999964,0.0,-1
2025-10-29 17:05:00,200.59,0.7994047532595024,-20.058999999999685,-20.058999999999685,0.0,-1
2025-10-29 17:10:00,200.78,0.7865901280266812,-20.077999999999747,-20.077999999999747,0.0,-1
2025-10-29 17:15:00,201.26,0.7718336903104905,-20.12599999999992,-20.12599999999992,0.0,-1
2025-10-29 17:20:00,201.49,0.7552741410025978,-20.14899999999983,-20.14899999999983,0.0,-1
2025-10-29 17:25:00,201.21,0.7434688452166982,-20.120999999999754,-20.120999999999754,0.0,-1
2025-10-29 17:30:00,200.04,0.7389353562726468,-20.00399999999985,-20.00399999999985,0.0,-1
2025-10-29 17:35:00,199.43,0.8740114022531718,-19.942999999999813,-19.942999999999813,0.0,-1
2025-10-29 17:40:00,200.36,0.8658677306636609,-20.035999999999774,-20.035999999999774,0.0,-1
2025-10-29 17:45:00,200.37,0.8540200356162557,-20.036999999999807,-20.036999999999807,0.0,-1
2025-10-29 17:50:00,200.41,0.8373043187865236,-20.040999999999656,-20.040999999999656,0.0,-1
2025-10-29 17:55:00,200.72,0.8682111531589155,-20.071999999999832,-20.071999999999832,0.0,-1
2025-10-29 18:00:00,199.58,0.9126246422189936,-19.957999999999743,-19.957999999999743,0.0,-1
2025-10-29 18:05:00,200.17,0.9717228820604947,-20.016999999999996,-20.016999999999996,0.0,-1
2025-10-29 18:10:00,200.09,0.9901712476276016,-20.00899999999973,-20.00899999999973,0.0,-1
2025-10-29 18:15:00,199.25,1.0358733013684869,-19.924999999999784,-19.924999999999784,0.0,-1
2025-10-29 18:20:00,199.24,1.0140252084135943,-19.92399999999975,-19.92399999999975,0.0,-1
2025-10-29 18:25:00,198.9,0.9694519792411938,-19.88999999999976,-19.88999999999976,0.0,-1
2025-10-29 18:30:00,199.3,1.0352054092953933,-19.929999999999666,-19.929999999999666,0.0,-1
2025-10-29 18:35:00,199.76,1.5455478800600086,-19.97599999999977,-19.97599999999977,0.0,-1
2025-10-29 18:40:00,199.85,1.6565801743414361,-19.984999999999786,-19.984999999999786,0.0,-1
2025-10-29 18:45:00,200.29,1.6918244476027606,-20.028999999999826,-20.028999999999826,0.0,-1
2025-10-29 18:50:00,200.07,1.778836987059706,-20.006999999999664,-20.006999999999664,0.0,-1
2025-10-29 18:55:00,200.03,1.7860629165554411,-20.002999999999815,-20.002999999999815,0.0,-1
2025-10-29 19:00:00,199.58,1.7413441368014808,-19.957999999999743,-19.957999999999743,0.0,-1
2025-10-29 19:05:00,200.01,1.7162481270299454,-20.00099999999975,-20.00099999999975,0.0,-1
2025-10-29 19:10:00,199.43,1.6672304036706638,-19.942999999999813,-19.942999999999813,0.0,-1
2025-10-29 19:15:00,199.61,1.6488568034084734,-19.960999999999842,-19.960999999999842,0.0,-1
2025-10-29 19:20:00,199.47,1.6075098888792962,-19.946999999999946,-19.946999999999946,0.0,-1
2025-10-29 19:25:00,198.93,1.5569734682450613,-19.89299999999986,-19.89299999999986,0.0,-1
2025-10-29 19:30:00,198.46,1.5650467919418418,-19.84599999999972,-19.84599999999972,0.0,-1
2025-10-29 19:35:00,198.36,1.526114878231711,-19.835999999999956,-19.835999999999956,0.0,-1
2025-10-29 19:40:00,197.77,1.4913923869294454,-19.776999999999987,-19.776999999999987,0.0,-1
2025-10-29 19:45:00,196.81,1.500578645005914,-19.680999999999642,-19.680999999999642,0.0,-1
2025-10-29 19:50:00,197.06,1.440537313219777,-19.70599999999962,-19.70599999999962,0.0,-1
2025-10-29 19:55:00,196.75,1.4197846479897933,-19.67500000000001,-19.67500000000001,0.0,-1
2025-10-29 20:00:00,196.41,1.4248000302762374,-19.640999999999735,-19.640999999999735,0.0,-1
2025-10-29 20:05:00,195.58,1.4058857423993651,-19.557999999999822,-19.557999999999822,0.0,-1
2025-10-29 20:10:00,195.34,1.3947510465136963,-19.533999999999594,-19.533999999999594,0.0,-1
2025-10-29 20:15:00,196.07,1.3558402574770034,-19.606999999999744,-19.606999999999744,0.0,-1
2025-10-29 20:20:00,196.6,1.3439945248000744,-19.659999999999798,-19.659999999999798,0.0,-1
2025-10-29 20:25:00,195.84,1.3037092016000693,-19.583999999999833,-19.583999999999833,0.0,-1
2025-10-29 20:30:00,195.82,1.2455871157714915,-19.581999999999766,-19.581999999999766,0.0,-1
2025-10-29 20:35:00,195.16,1.2280451789306708,-19.51599999999985,-19.51599999999985,0.0,-1
2025-10-29 20:40:00,195.2,1.1903276661499098,-19.519999999999698,-19.519999999999698,0.0,-1
2025-10-29 20:45:00,195.03,1.1188756899963448,-19.502999999999986,-19.502999999999986,0.0,-1
2025-10-29 20:50:00,195.48,1.0818131407108913,-19.547999999999774,-19.547999999999774,0.0,-1
2025-10-29 20:55:00,195.34,1.029540773517256,-19.533999999999594,-19.533999999999594,0.0,-1
2025-10-29 21:00:00,196.07,0.975287861123167,-19.606999999999744,-19.606999999999744,0.0,-1
2025-10-29 21:05:00,195.81,0.942053013900083,-19.580999999999733,-19.580999999999733,0.0,-1
2025-10-29 21:10:00,195.59,0.923334941478649,-19.558999999999855,-19.558999999999855,0.0,-1
2025-10-29 21:15:00,195.01,0.9016681599444601,-19.50099999999992,-19.50099999999992,0.0,-1
2025-10-29 21:20:00,195.35,0.8558347199484266,-19.53499999999991,-19.53499999999991,0.0,-1
2025-10-29 21:25:00,195.65,0.804703668523538,-19.56499999999977,-19.56499999999977,0.0,-1
2025-10-29 21:30:00,196.16,0.8079391207718564,-19.615999999999758,-19.615999999999758,0.0,-1
2025-10-29 21:35:00,198.34,0.791657755002439,-19.83399999999989,-19.83399999999989,0.0,-1
2025-10-29 21:40:00,198.17,0.7972536296451223,-19.81699999999961,-19.81699999999961,0.0,-1
2025-10-29 21:45:00,197.89,0.7974497989561857,-19.788999999999817,-19.788999999999817,0.0,-1
2025-10-29 21:50:00,197.5,0.7662033847450286,-19.749999999999943,-19.749999999999943,0.0,-1
2025-10-29 21:55:00,198.53,0.7557602858346697,-19.852999999999668,-19.852999999999668,0.0,-1
2025-10-29 22:00:00,197.49,0.7232059797036227,-19.748999999999626,-19.748999999999626,0.0,-1
2025-10-29 22:05:00,196.82,0.7079769811533633,-19.68199999999996,-19.68199999999996,0.0,-1
2025-10-29 22:10:00,195.66,0.6816929110709784,-19.565999999999804,-19.565999999999804,0.0,-1
2025-10-29 22:15:00,196.94,0.6801434174230512,-19.69399999999979,-19.69399999999979,0.0,-1
2025-10-29 22:20:00,196.44,0.6529903161785483,-19.643999999999835,-19.643999999999835,0.0,-1
2025-10-29 22:25:00,196.43,0.6527767221657953,-19.6429999999998,-19.6429999999998,0.0,-1
2025-10-29 22:30:00,198.1,0.6475783848682374,-19.80999999999966,-19.80999999999966,0.0,-1
2025-10-29 22:35:00,190.42,0.6306085002347916,-19.041999999999746,-19.041999999999746,0.0,-1
2025-10-29 22:40:00,191.08,0.6184221787894499,-19.107999999999663,-19.107999999999663,0.0,-1
2025-10-29 22:45:00,192.65,0.5956777374473452,-19.26499999999976,-19.26499999999976,0.0,-1
2025-10-29 22:50:00,194.87,0.5802721847725345,-19.48699999999974,-19.48699999999974,0.0,-1
2025-10-29 22:55:00,193.54,0.583109885860211,-19.35399999999987,-19.35399999999987,0.0,-1
2025-10-29 23:00:00,194.2,0.5771734654416245,-19.41999999999979,-19.41999999999979,0.0,-1
2025-10-29 23:05:00,194.47,0.5723753607672222,-19.446999999999832,-19.446999999999832,0.0,-1
2025-10-29 23:10:00,194.95,0.5714914064267065,-19.49499999999972,-19.49499999999972,0.0,-1
2025-10-29 23:15:00,194.4,0.5920991631105121,-19.439999999999884,-19.439999999999884,0.0,-1
2025-10-29 23:20:00,194.11,0.6148063657454753,-19.410999999999774,-19.410999999999774,0.0,-1
2025-10-29 23:25:00,194.13,0.5901773396207972,-19.41299999999984,-19.41299999999984,0.0,-1
2025-10-29 23:30:00,192.81,0.5737361010764536,-19.281000000000006,-19.281000000000006,0.0,-1
2025-10-29 23:35:00,192.33,0.6248978081424206,-19.232999999999834,-19.232999999999834,0.0,-1
2025-10-29 23:40:00,192.06,0.6595479647036773,-19.20599999999979,-19.20599999999979,0.0,-1
2025-10-29 23:45:00,193.11,0.6460088243677002,-19.310999999999865,-19.310999999999865,0.0,-1
2025-10-29 23:50:00,193.25,0.6527224797700081,-19.32499999999976,-19.32499999999976,0.0,-1
2025-10-29 23:55:00,192.79,0.66609944550072,-19.27899999999994,-19.27899999999994,0.0,-1
2025-10-30 00:00:00,192.93,0.6585209136792401,-19.292999999999836,-19.292999999999836,0.0,-1
2025-10-30 00:05:00,192.85,0.7157694198450093,-19.284999999999854,-19.284999999999854,0.0,-1
2025-10-30 00:10:00,193.22,0.741071604141796,-19.321999999999946,-19.321999999999946,0.0,-1
2025-10-30 00:15:00,193.7,0.7374236324173818,-19.369999999999834,-19.369999999999834,0.0,-1
2025-10-30 00:20:00,194.74,0.7147505158161395,-19.473999999999876,-19.473999999999876,0.0,-1
2025-10-30 00:25:00,195.38,0.6944111932578423,-19.537999999999727,-19.537999999999727,0.0,-1
2025-10-30 00:30:00,195.28,0.6790961080251385,-19.527999999999963,-19.527999999999963,0.0,-1
2025-10-30 00:35:00,196.06,0.7120178145947725,-19.60599999999971,-19.60599999999971,0.0,-1
2025-10-30 00:40:00,195.49,0.7368736849808604,-19.548999999999808,-19.548999999999808,0.0,-1
2025-10-30 00:45:00,195.38,0.7399541360536561,-19.537999999999727,-19.537999999999727,0.0,-1
2025-10-30 00:50:00,195.67,0.7242431263355366,-19.566999999999837,-19.566999999999837,0.0,-1
2025-10-30 00:55:00,195.58,0.7089400458829976,-19.557999999999822,-19.557999999999822,0.0,-1
2025-10-30 01:00:00,195.38,0.7375871854627825,-19.537999999999727,-19.537999999999727,0.0,-1
2025-10-30 01:05:00,195.68,0.7613309579297262,-19.567999999999586,-19.567999999999586,0.0,-1
2025-10-30 01:10:00,195.28,0.7440930323633179,-19.527999999999963,-19.527999999999963,0.0,-1
2025-10-30 01:15:00,195.38,0.7316578157659396,-19.537999999999727,-19.537999999999727,0.0,-1
2025-10-30 01:20:00,195.62,0.7479679717826567,-19.561999999999955,-19.561999999999955,0.0,-1
2025-10-30 01:25:00,195.66,0.7259702595124669,-19.565999999999804,-19.565999999999804,0.0,-1
2025-10-30 01:30:00,196.5,0.7355438124044344,-19.64999999999975,-19.64999999999975,0.0,-1
2025-10-30 01:35:00,196.71,0.7180049686612592,-19.67099999999988,-19.67099999999988,0.0,-1
2025-10-30 01:40:00,195.85,0.6967188994711704,-19.584999999999866,-19.584999999999866,0.0,-1
2025-10-30 01:45:00,196.47,0.6819532637946589,-19.64699999999965,-19.64699999999965,0.0,-1
2025-10-30 01:50:00,196.31,0.6939566020950401,-19.630999999999688,-19.630999999999688,0.0,-1
2025-10-30 01:55:00,196.09,0.6915311305168227,-19.60899999999981,-19.60899999999981,0.0,-1
2025-10-30 02:00:00,196.16,0.6985646211941919,-19.615999999999758,-19.615999999999758,0.0,-1
2025-10-30 02:05:00,196.03,0.6922385768231792,-19.602999999999895,-19.602999999999895,0.0,-1
2025-10-30 02:10:00,196.02,0.6727929641929533,-19.60199999999986,-19.60199999999986,0.0,-1
2025-10-30 02:15:00,196.29,0.6918791810363136,-19.62899999999962,-19.62899999999962,0.0,-1
2025-10-30 02:20:00,196.29,0.6788878109622927,-19.62899999999962,-19.62899999999962,0.0,-1
2025-10-30 02:25:00,195.77,0.6575386816078429,-19.5769999999996,-19.5769999999996,0.0,-1
2025-10-30 02:30:00,195.36,0.6434287757787098,-19.53599999999966,-19.53599999999966,0.0,-1
2025-10-30 02:35:00,195.42,0.6381838632230872,-19.54199999999986,-19.54199999999986,0.0,-1
2025-10-30 02:40:00,195.62,0.618313587278582,-19.561999999999955,-19.561999999999955,0.0,-1
2025-10-30 02:45:00,195.76,0.6134340453301127,-19.57599999999985,-19.57599999999985,0.0,-1
2025-10-30 02:50:00,195.93,0.6239030420922469,-19.592999999999847,-19.592999999999847,0.0,-1
2025-10-30 02:55:00,195.41,0.6171956819428008,-19.540999999999826,-19.540999999999826,0.0,-1
2025-10-30 03:00:00,195.17,0.634538847518314,-19.516999999999882,-19.516999999999882,0.0,-1
2025-10-30 03:05:00,194.79,0.6356432155527185,-19.478999999999758,-19.478999999999758,0.0,-1
2025-10-30 03:10:00,194.62,0.6188115572989533,-19.46199999999976,-19.46199999999976,0.0,-1
2025-10-30 03:15:00,195.39,0.6246107317775987,-19.53899999999976,-19.53899999999976,0.0,-1
2025-10-30 03:20:00,194.7,0.6235671080791978,-19.469999999999743,-19.469999999999743,0.0,-1
2025-10-30 03:25:00,194.65,0.6133123146449707,-19.46499999999986,-19.46499999999986,0.0,-1
2025-10-30 03:30:00,194.63,0.6102185778846152,-19.462999999999795,-19.462999999999795,0.0,-1
2025-10-30 03:35:00,193.46,0.6030601080357155,-19.345999999999606,-19.345999999999606,0.0,-1
2025-10-30 03:40:00,193.96,0.6078415288903084,-19.395999999999844,-19.395999999999844,0.0,-1
2025-10-30 03:45:00,193.85,0.5894242768267146,-19.384999999999764,-19.384999999999764,0.0,-1
2025-10-30 03:50:00,194.39,0.5694653999105209,-19.43899999999985,-19.43899999999985,0.0,-1
2025-10-30 03:55:00,193.86,0.573789299916912,-19.385999999999797,-19.385999999999797,0.0,-1
2025-10-30 04:00:00,193.49,0.5956614927799894,-19.34899999999999,-19.34899999999999,0.0,-1
2025-10-30 04:05:00,192.33,0.6309713861528475,-19.232999999999834,-19.232999999999834,0.0,-1
2025-10-30 04:10:00,193.33,0.6987591442847879,-19.332999999999743,-19.332999999999743,0.0,-1
2025-10-30 04:15:00,193.86,0.76956206255016,-19.385999999999797,-19.385999999999797,0.0,-1
2025-10-30 04:20:00,194.13,0.8424504866537195,-19.41299999999984,-19.41299999999984,0.0,-1
2025-10-30 04:25:00,194.08,0.9422754518927402,-19.40799999999996,-19.40799999999996,0.0,-1
2025-10-30 04:30:00,193.83,0.9699700624718312,-19.38299999999998,-19.38299999999998,0.0,-1
2025-10-30 04:35:00,192.91,1.1342579151524155,-19.29099999999977,-19.29099999999977,0.0,-1
2025-10-30 04:40:00,193.93,1.1782394926415287,-19.392999999999745,-19.392999999999745,0.0,-1
2025-10-30 04:45:00,194.2,1.1862223860242762,-19.41999999999979,-19.41999999999979,0.0,-1
2025-10-30 04:50:00,194.29,1.170777929879685,-19.428999999999803,-19.428999999999803,0.0,-1
2025-10-30 04:55:00,194.67,1.163579506316852,-19.466999999999928,-19.466999999999928,0.0,-1
2025-10-30 05:00:00,193.58,1.1454666844370787,-19.358000000000004,-19.358000000000004,0.0,-1
2025-10-30 05:05:00,194.53,1.1229333498344312,-19.452999999999747,-19.452999999999747,0.0,-1
2025-10-30 05:10:00,194.26,1.113438110560544,-19.425999999999988,-19.425999999999988,0.0,-1
2025-10-30 05:15:00,194.58,1.0924782455205067,-19.457999999999913,-19.457999999999913,0.0,-1
2025-10-30 05:20:00,193.77,1.0594440851261844,-19.376999999999782,-19.376999999999782,0.0,-1
2025-10-30 05:25:00,193.85,1.049483793331458,-19.384999999999764,-19.384999999999764,0.0,-1
2025-10-30 05:30:00,194.47,1.052377808093497,-19.446999999999832,-19.446999999999832,0.0,-1
2025-10-30 05:35:00,194.55,1.0600651075153897,-19.454999999999814,-19.454999999999814,0.0,-1
2025-10-30 05:40:00,194.37,1.084346171264291,-19.436999999999784,-19.436999999999784,0.0,-1
2025-10-30 05:45:00,194.62,1.0533214447454136,-19.46199999999976,-19.46199999999976,0.0,-1
2025-10-30 05:50:00,195.39,1.0223699129778823,-19.53899999999976,-19.53899999999976,0.0,-1
2025-10-30 05:55:00,195.5,0.9779149191937483,-19.54999999999984,-19.54999999999984,0.0,-1
2025-10-30 06:00:00,195.54,0.9380638535370511,-19.55399999999969,-19.55399999999969,0.0,-1
2025-10-30 06:05:00,195.92,0.9246307211415475,-19.591999999999814,-19.591999999999814,0.0,-1
2025-10-30 06:10:00,196.03,0.9000142410600094,-19.602999999999895,-19.602999999999895,0.0,-1
2025-10-30 06:15:00,196.51,0.912156080984294,-19.650999999999783,-19.650999999999783,0.0,-1
2025-10-30 06:20:00,196.78,0.888430646628274,-19.677999999999827,-19.677999999999827,0.0,-1
2025-10-30 06:25:00,196.95,0.8749713147262557,-19.694999999999823,-19.694999999999823,0.0,-1
2025-10-30 06:30:00,196.93,0.8639019351029517,-19.692999999999756,-19.692999999999756,0.0,-1
2025-10-30 06:35:00,197.15,0.8486232254527393,-19.714999999999634,-19.714999999999634,0.0,-1
2025-10-30 06:40:00,197.16,0.8958644236346859,-19.71599999999995,-19.71599999999995,0.0,-1
2025-10-30 06:45:00,197.34,0.8668741076607784,-19.73399999999998,-19.73399999999998,0.0,-1
2025-10-30 06:50:00,197.98,0.8356688142564377,-19.79799999999983,-19.79799999999983,0.0,-1
2025-10-30 06:55:00,198.19,0.8138353275238351,-19.818999999999676,-19.818999999999676,0.0,-1
2025-10-30 07:00:00,197.47,0.7871328041292753,-19.746999999999844,-19.746999999999844,0.0,-1
2025-10-30 07:05:00,197.71,0.7916233181200409,-19.770999999999788,-19.770999999999788,0.0,-1
2025-10-30 07:10:00,197.45,0.8022216525400379,-19.744999999999777,-19.744999999999777,0.0,-1
2025-10-30 07:15:00,197.02,0.8099201059300369,-19.70199999999977,-19.70199999999977,0.0,-1
2025-10-30 07:20:00,197.33,0.7842115269350356,-19.732999999999663,-19.732999999999663,0.0,-1
2025-10-30 07:25:00,197.57,0.7496249892968175,-19.75699999999989,-19.75699999999989,0.0,-1
2025-10-30 07:30:00,197.29,0.7267946329184739,-19.728999999999814,-19.728999999999814,0.0,-1
2025-10-30 07:35:00,197.52,0.7077378734242978,-19.75200000000001,-19.75200000000001,0.0,-1
2025-10-30 07:40:00,196.96,0.6936137396082759,-19.695999999999856,-19.695999999999856,0.0,-1
2025-10-30 07:45:00,196.72,0.6883556153505422,-19.671999999999628,-19.671999999999628,0.0,-1
2025-10-30 07:50:00,196.7,0.6677587856826448,-19.669999999999845,-19.669999999999845,0.0,-1
2025-10-30 07:55:00,197.1,0.6379188724195988,-19.709999999999752,-19.709999999999752,0.0,-1
2025-10-30 08:00:00,196.31,0.6273532386753424,-19.630999999999688,-19.630999999999688,0.0,-1
2025-10-30 08:05:00,195.34,0.638970864484246,-19.533999999999594,-19.533999999999594,0.0,-1
2025-10-30 08:10:00,194.13,0.6483300884496578,-19.41299999999984,-19.41299999999984,0.0,-1
2025-10-30 08:15:00,193.15,0.6398779392746823,-19.314999999999998,-19.314999999999998,0.0,-1
2025-10-30 08:20:00,192.49,0.6184580864693461,-19.248999999999796,-19.248999999999796,0.0,-1
2025-10-30 08:25:00,191.62,0.6114253660072507,-19.16199999999975,-19.16199999999975,0.0,-1
2025-10-30 08:30:00,191.24,0.62132355414959,-19.123999999999626,-19.123999999999626,0.0,-1
2025-10-30 08:35:00,194.02,0.6062290145674761,-19.40199999999976,-19.40199999999976,0.0,-1
2025-10-30 08:40:00,192.84,0.5829269420983708,-19.28399999999982,-19.28399999999982,0.0,-1
2025-10-30 08:45:00,192.51,0.5684321605199154,-19.250999999999863,-19.250999999999863,0.0,-1
2025-10-30 08:50:00,192.65,0.5456870061970643,-19.26499999999976,-19.26499999999976,0.0,-1
2025-10-30 08:55:00,191.85,0.5367093628972731,-19.18499999999966,-19.18499999999966,0.0,-1
2025-10-30 09:00:00,191.78,0.5469444084046112,-19.177999999999713,-19.177999999999713,0.0,-1
2025-10-30 09:05:00,192.06,0.5457340935185676,-19.20599999999979,-19.20599999999979,0.0,-1
2025-10-30 09:10:00,192.61,0.5517530868386696,-19.26099999999991,-19.26099999999991,0.0,-1
2025-10-30 09:15:00,191.81,0.6130564377787644,-19.180999999999813,-19.180999999999813,0.0,-1
2025-10-30 09:20:00,191.76,0.6071238350802813,-19.175999999999647,-19.175999999999647,0.0,-1
2025-10-30 09:25:00,192.51,0.5880435611459758,-19.250999999999863,-19.250999999999863,0.0,-1
2025-10-30 09:30:00,193.37,0.613897592492691,-19.33699999999959,-19.33699999999959,0.0,-1
2025-10-30 09:35:00,193.85,0.6064763358860696,-19.384999999999764,-19.384999999999764,0.0,-1
2025-10-30 09:40:00,194.93,0.5974423118942068,-19.492999999999654,-19.492999999999654,0.0,-1
2025-10-30 09:45:00,195.23,0.5883392896160491,-19.522999999999797,-19.522999999999797,0.0,-1
2025-10-30 09:50:00,195.42,0.5906007689291888,-19.54199999999986,-19.54199999999986,0.0,-1
2025-10-30 09:55:00,195.17,0.5877007140056761,-19.516999999999882,-19.516999999999882,0.0,-1
2025-10-30 10:00:00,195.36,0.5992935201481279,-19.53599999999966,-19.53599999999966,0.0,-1
2025-10-30 10:05:00,194.75,0.6050582687089764,-19.474999999999625,-19.474999999999625,0.0,-1
2025-10-30 10:10:00,194.48,0.6018398209440496,-19.447999999999865,-19.447999999999865,0.0,-1
2025-10-30 10:15:00,193.94,0.5931369765909025,-19.393999999999778,-19.393999999999778,0.0,-1
2025-10-30 10:20:00,193.63,0.6064843354058381,-19.362999999999886,-19.362999999999886,0.0,-1
2025-10-30 10:25:00,193.95,0.5817354543054225,-19.39499999999981,-19.39499999999981,0.0,-1
2025-10-30 10:30:00,194.35,0.5808972075693204,-19.435000000000002,-19.435000000000002,0.0,-1
2025-10-30 10:35:00,193.94,0.5901188356000838,-19.393999999999778,-19.393999999999778,0.0,-1
2025-10-30 10:40:00,195.12,0.5793960616286491,-19.512,-19.512,0.0,-1
2025-10-30 10:45:00,194.93,0.5794392000837445,-19.492999999999654,-19.492999999999654,0.0,-1
2025-10-30 10:50:00,194.71,0.5880506857920477,-19.470999999999776,-19.470999999999776,0.0,-1
2025-10-30 10:55:00,194.18,0.5631899225211878,-19.417999999999722,-19.417999999999722,0.0,-1
2025-10-30 11:00:00,194.11,0.5608192137696745,-19.410999999999774,-19.410999999999774,0.0,-1
2025-10-30 11:05:00,194.63,0.5886178413575561,-19.462999999999795,-19.462999999999795,0.0,-1
2025-10-30 11:10:00,195.23,0.5965737098320156,-19.522999999999797,-19.522999999999797,0.0,-1
2025-10-30 11:15:00,195.91,0.6068184448440151,-19.59099999999978,-19.59099999999978,0.0,-1
2025-10-30 11:20:00,196.03,0.604188555926585,-19.602999999999895,-19.602999999999895,0.0,-1
2025-10-30 11:25:00,195.77,0.5960322305032583,-19.5769999999996,-19.5769999999996,0.0,-1
2025-10-30 11:30:00,195.77,0.5948870711815958,-19.5769999999996,-19.5769999999996,0.0,-1
2025-10-30 11:35:00,195.58,0.5902522803829104,-19.557999999999822,-19.557999999999822,0.0,-1
2025-10-30 11:40:00,196.04,0.5845199746412734,-19.603999999999644,-19.603999999999644,0.0,-1
2025-10-30 11:45:00,195.7,0.5813399764526104,-19.569999999999652,-19.569999999999652,0.0,-1
2025-10-30 11:50:00,195.86,0.5848156924202808,-19.585999999999615,-19.585999999999615,0.0,-1
2025-10-30 11:55:00,195.8,0.588757428675974,-19.579999999999984,-19.579999999999984,0.0,-1
2025-10-30 12:00:00,195.39,0.5752747551991192,-19.53899999999976,-19.53899999999976,0.0,-1
2025-10-30 12:05:00,195.56,0.6084694155420387,-19.555999999999756,-19.555999999999756,0.0,-1
2025-10-30 12:10:00,195.23,0.5950073144318943,-19.522999999999797,-19.522999999999797,0.0,-1
2025-10-30 12:15:00,195.14,0.655363934829616,-19.513999999999783,-19.513999999999783,0.0,-1
2025-10-30 12:20:00,195.16,0.7349807966274993,-19.51599999999985,-19.51599999999985,0.0,-1
2025-10-30 12:25:00,194.81,0.7867678825826785,-19.480999999999824,-19.480999999999824,0.0,-1
2025-10-30 12:30:00,195.31,0.8069987481124887,-19.53099999999978,-19.53099999999978,0.0,-1
2025-10-30 12:35:00,195.54,0.835070266104453,-19.55399999999969,-19.55399999999969,0.0,-1
2025-10-30 12:40:00,195.71,0.9568509613827059,-19.57099999999997,-19.57099999999997,0.0,-1
2025-10-30 12:45:00,195.51,0.9692187498553695,-19.550999999999874,-19.550999999999874,0.0,-1
2025-10-30 12:50:00,195.49,0.9507031248657009,-19.548999999999808,-19.548999999999808,0.0,-1
2025-10-30 12:55:00,195.4,0.9463671873752927,-19.539999999999793,-19.539999999999793,0.0,-1
2025-10-30 13:00:00,194.87,0.9666266739913445,-19.48699999999974,-19.48699999999974,0.0,-1
2025-10-30 13:05:00,194.55,0.951867625849105,-19.454999999999814,-19.454999999999814,0.0,-1
2025-10-30 13:10:00,194.02,0.9381627954313112,-19.40199999999976,-19.40199999999976,0.0,-1
2025-10-30 13:15:00,193.09,0.943294024329074,-19.3089999999998,-19.3089999999998,0.0,-1
2025-10-30 13:20:00,193.22,0.9502015940198539,-19.321999999999946,-19.321999999999946,0.0,-1
2025-10-30 13:25:00,193.35,0.9394729087327203,-19.33499999999981,-19.33499999999981,0.0,-1
2025-10-30 13:30:00,192.83,0.9466534152518111,-19.282999999999788,-19.282999999999788,0.0,-1
2025-10-30 13:35:00,192.91,1.0547495998766803,-19.29099999999977,-19.29099999999977,0.0,-1
2025-10-30 13:40:00,192.64,1.0472674855997737,-19.263999999999726,-19.263999999999726,0.0,-1
2025-10-30 13:45:00,192.38,1.060319808056934,-19.238,-19.238,0.0,-1
2025-10-30 13:50:00,192.72,1.06815410748144,-19.27199999999999,-19.27199999999999,0.0,-1
2025-10-30 13:55:00,192.38,1.07685738551848,-19.238,-19.238,0.0,-1
2025-10-30 14:00:00,192.18,1.0656532865528754,-19.217999999999904,-19.217999999999904,0.0,-1
2025-10-30 14:05:00,191.86,1.0738209089419561,-19.18599999999998,-19.18599999999998,0.0,-1
2025-10-30 14:10:00,191.38,1.0585479868746746,-19.137999999999806,-19.137999999999806,0.0,-1
2025-10-30 14:15:00,191.53,1.0157945592407698,-19.152999999999736,-19.152999999999736,0.0,-1
2025-10-30 14:20:00,192.21,1.0110949478664284,-19.22099999999972,-19.22099999999972,0.0,-1
2025-10-30 14:25:00,192.02,0.9781595944473986,-19.20199999999994,-19.20199999999994,0.0,-1
2025-10-30 14:30:00,192.47,0.9918624805582998,-19.247000000000014,-19.247000000000014,0.0,-1
2025-10-30 14:35:00,191.94,0.9760151605184221,-19.193999999999676,-19.193999999999676,0.0,-1
2025-10-30 14:40:00,191.66,0.9955855061956776,-19.165999999999883,-19.165999999999883,0.0,-1
2025-10-30 14:45:00,191.82,0.9930436843245564,-19.181999999999846,-19.181999999999846,0.0,-1
2025-10-30 14:50:00,192.14,0.9556834211585166,-19.21399999999977,-19.21399999999977,0.0,-1
2025-10-30 14:55:00,192.17,0.9302774625043364,-19.21699999999987,-19.21699999999987,0.0,-1
2025-10-30 15:00:00,191.95,0.9038290723254554,-19.194999999999993,-19.194999999999993,0.0,-1
2025-10-30 15:05:00,191.61,0.9414127100164948,-19.161,-19.161,0.0,-1
2025-10-30 15:10:00,191.97,0.9213118021581757,-19.196999999999775,-19.196999999999775,0.0,-1
2025-10-30 15:15:00,191.89,0.9233609591468767,-19.188999999999794,-19.188999999999794,0.0,-1
2025-10-30 15:20:00,192.03,0.9352637477792429,-19.20299999999969,-19.20299999999969,0.0,-1
2025-10-30 15:25:00,192.17,0.917030622937869,-19.21699999999987,-19.21699999999987,0.0,-1
2025-10-30 15:30:00,192.38,0.8965284355851637,-19.238,-19.238,0.0,-1
2025-10-30 15:35:00,192.08,0.8989192616147954,-19.207999999999856,-19.207999999999856,0.0,-1
2025-10-30 15:40:00,192.13,0.8875678857851658,-19.212999999999738,-19.212999999999738,0.0,-1
2025-10-30 15:45:00,192.1,0.8948844653719403,-19.20999999999964,-19.20999999999964,0.0,-1
2025-10-30 15:50:00,192.14,0.8795355749882309,-19.21399999999977,-19.21399999999977,0.0,-1
2025-10-30 15:55:00,191.81,0.8581401767747867,-19.180999999999813,-19.180999999999813,0.0,-1
2025-10-30 16:00:00,191.93,0.8875587355765864,-19.192999999999927,-19.192999999999927,0.0,-1
2025-10-30 16:05:00,191.19,0.8963045401782581,-19.118999999999744,-19.118999999999744,0.0,-1
2025-10-30 16:10:00,191.44,0.8801399301655245,-19.14399999999972,-19.14399999999972,0.0,-1
2025-10-30 16:15:00,190.85,0.8622727922965582,-19.084999999999752,-19.084999999999752,0.0,-1
2025-10-30 16:20:00,189.38,0.8278247357039465,-18.937999999999704,-18.937999999999704,0.0,-1
2025-10-30 16:25:00,188.94,0.8579801117250933,-18.89399999999995,-18.89399999999995,0.0,-1
2025-10-30 16:30:00,189.8,0.8688386751733003,-18.97999999999996,-18.97999999999996,0.0,-1
2025-10-30 16:35:00,188.85,0.8510644840894934,-18.884999999999934,-18.884999999999934,0.0,-1
2025-10-30 16:40:00,186.63,0.8652741637973855,-18.662999999999954,-18.662999999999954,0.0,-1
2025-10-30 16:45:00,186.83,0.8348974378118579,-18.682999999999765,-18.682999999999765,0.0,-1
2025-10-30 16:50:00,187.31,0.8138333351110124,-18.730999999999938,-18.730999999999938,0.0,-1
2025-10-30 16:55:00,187.83,0.7907023826030816,-18.78299999999996,-18.78299999999996,0.0,-1
2025-10-30 17:00:00,188.11,0.8542236409885763,-18.81099999999975,-18.81099999999975,0.0,-1
2025-10-30 17:05:00,187.99,0.8674933809179651,-18.79899999999992,-18.79899999999992,0.0,-1
2025-10-30 17:10:00,187.62,0.8441009965666814,-18.76199999999983,-18.76199999999983,0.0,-1
2025-10-30 17:15:00,187.36,0.8252366396690601,-18.73599999999982,-18.73599999999982,0.0,-1
2025-10-30 17:20:00,187.24,0.8405768796926981,-18.72399999999999,-18.72399999999999,0.0,-1
2025-10-30 17:25:00,187.85,0.8219642454289329,-18.78499999999974,-18.78499999999974,0.0,-1
2025-10-30 17:30:00,187.39,0.8611096564697237,-18.738999999999635,-18.738999999999635,0.0,-1
2025-10-30 17:35:00,186.07,0.8603161095790288,-18.6069999999998,-18.6069999999998,0.0,-1
2025-10-30 17:40:00,185.97,0.8545792446090963,-18.596999999999753,-18.596999999999753,0.0,-1
2025-10-30 17:45:00,185.99,0.9013950128513051,-18.59899999999982,-18.59899999999982,0.0,-1
2025-10-30 17:50:00,186.78,0.8848667976476416,-18.677999999999884,-18.677999999999884,0.0,-1
2025-10-30 17:55:00,185.75,0.8766620263870966,-18.574999999999875,-18.574999999999875,0.0,-1
2025-10-30 18:00:00,186.27,0.8461861673594461,-18.626999999999896,-18.626999999999896,0.0,-1
2025-10-30 18:05:00,186.53,0.8200300125480564,-18.652999999999622,-18.652999999999622,0.0,-1
2025-10-30 18:10:00,186.67,0.8000278687946233,-18.666999999999803,-18.666999999999803,0.0,-1
2025-10-30 18:15:00,186.61,0.7921687353092929,-18.660999999999888,-18.660999999999888,0.0,-1
2025-10-30 18:20:00,186.56,0.7877281113586284,-18.656000000000006,-18.656000000000006,0.0,-1
2025-10-30 18:25:00,186.24,0.7778903891187268,-18.623999999999796,-18.623999999999796,0.0,-1
2025-10-30 18:30:00,186.18,0.7823267898959608,-18.61799999999988,-18.61799999999988,0.0,-1
2025-10-30 18:35:00,186.44,0.7843034477605353,-18.643999999999608,-18.643999999999608,0.0,-1
2025-10-30 18:40:00,187.46,0.7918532014919247,-18.745999999999867,-18.745999999999867,0.0,-1
2025-10-30 18:45:00,187.23,0.7802922585282155,-18.722999999999672,-18.722999999999672,0.0,-1
2025-10-30 18:50:00,187.56,0.758842811490485,-18.755999999999915,-18.755999999999915,0.0,-1
2025-10-30 18:55:00,187.3,0.7324968963840208,-18.72999999999962,-18.72999999999962,0.0,-1
2025-10-30 19:00:00,187.49,0.7816042609280185,-18.748999999999967,-18.748999999999967,0.0,-1
2025-10-30 19:05:00,186.4,0.785775385147446,-18.63999999999976,-18.63999999999976,0.0,-1
2025-10-30 19:10:00,186.63,0.7682200004940565,-18.662999999999954,-18.662999999999954,0.0,-1
2025-10-30 19:15:00,186.01,0.7647757147444809,-18.600999999999885,-18.600999999999885,0.0,-1
2025-10-30 19:20:00,186.47,0.7508631636913052,-18.64699999999999,-18.64699999999999,0.0,-1
2025-10-30 19:25:00,185.88,0.7393729377133551,-18.587999999999738,-18.587999999999738,0.0,-1
2025-10-30 19:30:00,185.85,0.7508462993052587,-18.58499999999964,-18.58499999999964,0.0,-1
2025-10-30 19:35:00,185.65,0.7686429922120259,-18.564999999999827,-18.564999999999827,0.0,-1
2025-10-30 19:40:00,185.49,0.7851684927683098,-18.548999999999864,-18.548999999999864,0.0,-1
2025-10-30 19:45:00,184.96,0.7855136004277178,-18.49599999999981,-18.49599999999981,0.0,-1
2025-10-30 19:50:00,184.56,0.833691200397167,-18.45599999999962,-18.45599999999962,0.0,-1
2025-10-30 19:55:00,185.08,0.8855704003687982,-18.50799999999964,-18.50799999999964,0.0,-1
2025-10-30 20:00:00,185.23,0.8980296574853128,-18.522999999999854,-18.522999999999854,0.0,-1
2025-10-30 20:05:00,185.79,0.9188846819506475,-18.579000000000008,-18.579000000000008,0.0,-1
2025-10-30 20:10:00,185.85,0.9203929189541726,-18.58499999999964,-18.58499999999964,0.0,-1
2025-10-30 20:15:00,185.31,0.9153648533145885,-18.530999999999835,-18.530999999999835,0.0,-1
2025-10-30 20:20:00,185.26,0.8885530780778317,-18.52599999999967,-18.52599999999967,0.0,-1
2025-10-30 20:25:00,186.13,0.870799286786559,-18.613,-18.613,0.0,-1
2025-10-30 20:30:00,185.25,0.892885052016091,-18.52499999999992,-18.52499999999992,0.0,-1
2025-10-30 20:35:00,185.67,0.9183932625863702,-18.56699999999961,-18.56699999999961,0.0,-1
2025-10-30 20:40:00,184.91,0.8885080295444867,-18.49099999999993,-18.49099999999993,0.0,-1
2025-10-30 20:45:00,184.97,0.8964717417198805,-18.496999999999844,-18.496999999999844,0.0,-1
2025-10-30 20:50:00,185.06,0.9288666173113173,-18.505999999999858,-18.505999999999858,0.0,-1
2025-10-30 20:55:00,185.34,0.9060904303605098,-18.533999999999935,-18.533999999999935,0.0,-1
2025-10-30 21:00:00,184.03,0.8820839710490465,-18.40299999999985,-18.40299999999985,0.0,-1
2025-10-30 21:05:00,184.42,0.8740779731169704,-18.441999999999723,-18.441999999999723,0.0,-1
2025-10-30 21:10:00,184.12,0.8359295464657565,-18.411999999999864,-18.411999999999864,0.0,-1
2025-10-30 21:15:00,183.86,0.8205060074324885,-18.385999999999854,-18.385999999999854,0.0,-1
2025-10-30 21:20:00,183.09,0.8047555783301695,-18.308999999999855,-18.308999999999855,0.0,-1
2025-10-30 21:25:00,183.04,0.7951301798780137,-18.30399999999969,-18.30399999999969,0.0,-1
2025-10-30 21:30:00,181.95,0.7933351670295828,-18.194999999999766,-18.194999999999766,0.0,-1
2025-10-30 21:35:00,182.17,0.7666683693846138,-18.216999999999928,-18.216999999999928,0.0,-1
2025-10-30 21:40:00,182.61,0.7669063429999993,-18.260999999999683,-18.260999999999683,0.0,-1
2025-10-30 21:45:00,183.87,0.7356987470714288,-18.386999999999887,-18.386999999999887,0.0,-1
2025-10-30 21:50:00,183.21,0.7217202651377568,-18.32099999999997,-18.32099999999997,0.0,-1
2025-10-30 21:55:00,183.84,0.6951688176279166,-18.383999999999787,-18.383999999999787,0.0,-1
2025-10-30 22:00:00,183.52,0.6740853306544944,-18.35199999999986,-18.35199999999986,0.0,-1
2025-10-30 22:05:00,183.19,0.667364949893458,-18.318999999999903,-18.318999999999903,0.0,-1
2025-10-30 22:10:00,182.86,0.647553167758212,-18.28599999999966,-18.28599999999966,0.0,-1
2025-10-30 22:15:00,182.53,0.6348707986326254,-18.252999999999986,-18.252999999999986,0.0,-1
2025-10-30 22:20:00,182.21,0.6166657415874376,-18.220999999999776,-18.220999999999776,0.0,-1
2025-10-30 22:25:00,182.24,0.5954753314740507,-18.223999999999876,-18.223999999999876,0.0,-1
2025-10-30 22:30:00,182.03,0.5843699506544776,-18.202999999999747,-18.202999999999747,0.0,-1
2025-10-30 22:35:00,181.41,0.5790578113220143,-18.14099999999968,-18.14099999999968,0.0,-1
2025-10-30 22:40:00,181.36,0.5712679676561561,-18.135999999999797,-18.135999999999797,0.0,-1
2025-10-30 22:45:00,181.4,0.5747488271092861,-18.13999999999993,-18.13999999999993,0.0,-1
2025-10-30 22:50:00,181.58,0.5851239108871962,-18.15799999999996,-18.15799999999996,0.0,-1
2025-10-30 22:55:00,181.35,0.5704722029666819,-18.134999999999764,-18.134999999999764,0.0,-1
2025-10-30 23:00:00,181.74,0.5832956170404904,-18.17399999999992,-18.17399999999992,0.0,-1
2025-10-30 23:05:00,181.45,0.5802030729661691,-18.14499999999981,-18.14499999999981,0.0,-1
2025-10-30 23:10:00,181.18,0.5773314248971565,-18.117999999999768,-18.117999999999768,0.0,-1
2025-10-30 23:15:00,180.83,0.5653791802616451,-18.082999999999743,-18.082999999999743,0.0,-1
2025-10-30 23:20:00,180.52,0.5571378102429554,-18.05199999999985,-18.05199999999985,0.0,-1
2025-10-30 23:25:00,180.77,0.5430565380827432,-18.076999999999828,-18.076999999999828,0.0,-1
2025-10-30 23:30:00,180.47,0.5664096425054027,-18.04699999999997,-18.04699999999997,0.0,-1
2025-10-30 23:35:00,179.57,0.5845232394693021,-17.956999999999823,-17.956999999999823,0.0,-1
2025-10-30 23:40:00,179.83,0.5677715795072107,-17.982999999999834,-17.982999999999834,0.0,-1
2025-10-30 23:45:00,179.44,0.5943593238281241,-17.943999999999676,-17.943999999999676,0.0,-1
2025-10-30 23:50:00,180.22,0.586190800697543,-18.02199999999999,-18.02199999999999,0.0,-1
2025-10-30 23:55:00,179.07,0.5664628863620045,-17.90699999999987,-17.90699999999987,0.0,-1
2025-10-31 00:00:00,179.1,0.5638583944790042,-17.909999999999684,-17.909999999999684,0.0,-1
2025-10-31 00:05:00,180.13,0.5457256520162184,-18.012999999999977,-18.012999999999977,0.0,-1
2025-10-31 00:10:00,180.13,0.5438881054436301,-18.012999999999977,-18.012999999999977,0.0,-1
2025-10-31 00:15:00,180.0,0.5478960979119438,-17.99999999999983,-17.99999999999983,0.0,-1
2025-10-31 00:20:00,180.06,0.5394749480610912,-18.005999999999744,-18.005999999999744,0.0,-1
2025-10-31 00:25:00,180.3,0.5402267374852998,-18.02999999999969,-18.02999999999969,0.0,-1
2025-10-31 00:30:00,180.47,0.54092482766492,-18.04699999999997,-18.04699999999997,0.0,-1
2025-10-31 00:35:00,181.0,0.5372873399745692,-18.09999999999974,-18.09999999999974,0.0,-1
2025-10-31 00:40:00,180.69,0.5446239585478133,-18.068999999999846,-18.068999999999846,0.0,-1
2025-10-31 00:45:00,181.29,0.5671508186515419,-18.12899999999985,-18.12899999999985,0.0,-1
2025-10-31 00:50:00,181.84,0.5987829030335761,-18.183999999999685,-18.183999999999685,0.0,-1
2025-10-31 00:55:00,182.24,0.6038698385311789,-18.223999999999876,-18.223999999999876,0.0,-1
2025-10-31 01:00:00,181.95,0.6164505643503805,-18.194999999999766,-18.194999999999766,0.0,-1
2025-10-31 01:05:00,182.67,0.6267040954682098,-18.266999999999882,-18.266999999999882,0.0,-1
2025-10-31 01:10:00,182.36,0.615510945791909,-18.235999999999706,-18.235999999999706,0.0,-1
2025-10-31 01:15:00,182.26,0.6001173068067731,-18.225999999999942,-18.225999999999942,0.0,-1
2025-10-31 01:20:00,182.14,0.5943946420348595,-18.213999999999828,-18.213999999999828,0.0,-1
2025-10-31 01:25:00,181.97,0.5897950247466553,-18.196999999999832,-18.196999999999832,0.0,-1
2025-10-31 01:30:00,181.57,0.606952522979038,-18.15699999999964,-18.15699999999964,0.0,-1
2025-10-31 01:35:00,181.7,0.6071701999091057,-18.16999999999979,-18.16999999999979,0.0,-1
2025-10-31 01:40:00,182.08,0.6152294713441695,-18.207999999999913,-18.207999999999913,0.0,-1
2025-10-31 01:45:00,182.25,0.6119987948195855,-18.224999999999625,-18.224999999999625,0.0,-1
2025-10-31 01:50:00,182.54,0.6104274523324725,-18.253999999999735,-18.253999999999735,0.0,-1
2025-10-31 01:55:00,182.46,0.5939683485944385,-18.245999999999754,-18.245999999999754,0.0,-1
2025-10-31 02:00:00,182.59,0.5872563236948357,-18.258999999999617,-18.258999999999617,0.0,-1
2025-10-31 02:05:00,182.38,0.6088808720023485,-18.237999999999772,-18.237999999999772,0.0,-1
2025-10-31 02:10:00,182.52,0.6339608097164671,-18.25199999999967,-18.25199999999967,0.0,-1
2025-10-31 02:15:00,182.83,0.641535037593863,-18.282999999999845,-18.282999999999845,0.0,-1
2025-10-31 02:20:00,182.84,0.6285682491942999,-18.283999999999878,-18.283999999999878,0.0,-1
2025-10-31 02:25:00,182.87,0.6129562313947068,-18.286999999999978,-18.286999999999978,0.0,-1
2025-10-31 02:30:00,182.71,0.6027450720093706,-18.271000000000015,-18.271000000000015,0.0,-1
2025-10-31 02:35:00,183.14,0.6168347097229878,-18.313999999999737,-18.313999999999737,0.0,-1
2025-10-31 02:40:00,183.26,0.6542036590284878,-18.32599999999985,-18.32599999999985,0.0,-1
2025-10-31 02:45:00,183.2,0.6389033976693099,-18.319999999999652,-18.319999999999652,0.0,-1
2025-10-31 02:50:00,183.55,0.6654102978357892,-18.35499999999996,-18.35499999999996,0.0,-1
2025-10-31 02:55:00,183.68,0.6500238479903749,-18.367999999999824,-18.367999999999824,0.0,-1
2025-10-31 03:00:00,183.07,0.6428792874196326,-18.30699999999979,-18.30699999999979,0.0,-1
2025-10-31 03:05:00,182.95,0.6741021954610883,-18.294999999999675,-18.294999999999675,0.0,-1
2025-10-31 03:10:00,182.99,0.6595234672138677,-18.298999999999808,-18.298999999999808,0.0,-1
2025-10-31 03:15:00,183.15,0.6402717909843048,-18.31499999999977,-18.31499999999977,0.0,-1
2025-10-31 03:20:00,183.51,0.6209666630568548,-18.35099999999983,-18.35099999999983,0.0,-1
2025-10-31 03:25:00,183.53,0.6044690442670785,-18.352999999999895,-18.352999999999895,0.0,-1
2025-10-31 03:30:00,184.21,0.6127212553908585,-18.42099999999988,-18.42099999999988,0.0,-1
2025-10-31 03:35:00,183.74,0.6475268800057988,-18.37399999999974,-18.37399999999974,0.0,-1
2025-10-31 03:40:00,183.49,0.6419892457196699,-18.348999999999762,-18.348999999999762,0.0,-1
2025-10-31 03:45:00,184.18,0.6518471567396935,-18.41799999999978,-18.41799999999978,0.0,-1
2025-10-31 03:50:00,184.5,0.6360009312582853,-18.44999999999999,-18.44999999999999,0.0,-1
2025-10-31 03:55:00,184.68,0.6170008647398346,-18.467999999999734,-18.467999999999734,0.0,-1
2025-10-31 04:00:00,184.43,0.6172150886869896,-18.442999999999756,-18.442999999999756,0.0,-1
2025-10-31 04:05:00,184.36,0.6495568680664898,-18.435999999999808,-18.435999999999808,0.0,-1
2025-10-31 04:10:00,184.86,0.6503028060617403,-18.485999999999763,-18.485999999999763,0.0,-1
2025-10-31 04:15:00,184.85,0.6352811770573301,-18.48499999999973,-18.48499999999973,0.0,-1
2025-10-31 04:20:00,184.65,0.6670468072675217,-18.464999999999634,-18.464999999999634,0.0,-1
2025-10-31 04:25:00,184.22,0.6551148924626988,-18.421999999999628,-18.421999999999628,0.0,-1
2025-10-31 04:30:00,184.48,0.6411781144296474,-18.447999999999922,-18.447999999999922,0.0,-1
2025-10-31 04:35:00,184.5,0.6282368205418161,-18.44999999999999,-18.44999999999999,0.0,-1
2025-10-31 04:40:00,185.04,0.6276484762174009,-18.50399999999979,-18.50399999999979,0.0,-1
2025-10-31 04:45:00,185.65,0.6178164422018729,-18.564999999999827,-18.564999999999827,0.0,-1
2025-10-31 04:50:00,186.11,0.5958295534731679,-18.610999999999933,-18.610999999999933,0.0,-1
2025-10-31 04:55:00,185.52,0.5875560139393715,-18.551999999999964,-18.551999999999964,0.0,-1
2025-10-31 05:00:00,185.84,0.6084448700865589,-18.58399999999989,-18.58399999999989,0.0,-1
2025-10-31 05:05:00,186.39,0.5921273793660901,-18.638999999999726,-18.638999999999726,0.0,-1
2025-10-31 05:10:00,186.5,0.5869754236970823,-18.649999999999807,-18.649999999999807,0.0,-1
2025-10-31 05:15:00,186.63,0.5679057505758617,-18.662999999999954,-18.662999999999954,0.0,-1
2025-10-31 05:20:00,186.41,0.5609124826775858,-18.640999999999792,-18.640999999999792,0.0,-1
2025-10-31 05:25:00,186.68,0.5487044482006144,-18.667999999999836,-18.667999999999836,0.0,-1
2025-10-31 05:30:00,186.02,0.5330827019005694,-18.60199999999992,-18.60199999999992,0.0,-1
2025-10-31 05:35:00,186.34,0.5321482231933866,-18.633999999999844,-18.633999999999844,0.0,-1
2025-10-31 05:40:00,186.12,0.5205662072510022,-18.611999999999682,-18.611999999999682,0.0,-1
2025-10-31 05:45:00,186.42,0.5055257638759308,-18.641999999999825,-18.641999999999825,0.0,-1
2025-10-31 05:50:00,186.33,0.5079882093133637,-18.63299999999981,-18.63299999999981,0.0,-1
2025-10-31 05:55:00,186.29,0.49098905150526706,-18.628999999999962,-18.628999999999962,0.0,-1
2025-10-31 06:00:00,185.99,0.49163269068346227,-18.59899999999982,-18.59899999999982,0.0,-1
2025-10-31 06:05:00,185.32,0.49365892706321574,-18.53199999999987,-18.53199999999987,0.0,-1
2025-10-31 06:10:00,184.63,0.4919690037015574,-18.46299999999985,-18.46299999999985,0.0,-1
2025-10-31 06:15:00,185.28,0.4918283605800162,-18.527999999999736,-18.527999999999736,0.0,-1
2025-10-31 06:20:00,185.59,0.4831263348243011,-18.558999999999912,-18.558999999999912,0.0,-1
2025-10-31 06:25:00,185.83,0.4721887394797091,-18.582999999999856,-18.582999999999856,0.0,-1
2025-10-31 06:30:00,185.58,0.4641752580883023,-18.55799999999988,-18.55799999999988,0.0,-1
2025-10-31 06:35:00,184.86,0.44959131108199435,-18.485999999999763,-18.485999999999763,0.0,-1
2025-10-31 06:40:00,184.0,0.43462050314756684,-18.39999999999975,-18.39999999999975,0.0,-1
2025-10-31 06:45:00,184.12,0.4321476100655982,-18.411999999999864,-18.411999999999864,0.0,-1
2025-10-31 06:50:00,184.76,0.4198513522037691,-18.475999999999715,-18.475999999999715,0.0,-1
2025-10-31 06:55:00,184.63,0.40557625561778554,-18.46299999999985,-18.46299999999985,0.0,-1
2025-10-31 07:00:00,184.22,0.41232080878794375,-18.421999999999628,-18.421999999999628,0.0,-1
2025-10-31 07:05:00,185.25,0.40929789387451954,-18.52499999999992,-18.52499999999992,0.0,-1
2025-10-31 07:10:00,185.28,0.42363375859776914,-18.527999999999736,-18.527999999999736,0.0,-1
2025-10-31 07:15:00,185.27,0.42765991869792774,-18.526999999999987,-18.526999999999987,0.0,-1
2025-10-31 07:20:00,185.4,0.42068421021950525,-18.53999999999985,-18.53999999999985,0.0,-1
2025-10-31 07:25:00,185.22,0.41420676663239864,-18.52199999999982,-18.52199999999982,0.0,-1
2025-10-31 07:30:00,184.66,0.4031919975872267,-18.46599999999995,-18.46599999999995,0.0,-1
2025-10-31 07:35:00,184.87,0.41653542633099644,-18.486999999999796,-18.486999999999796,0.0,-1
2025-10-31 07:40:00,184.47,0.4046400387359253,-18.44699999999989,-18.44699999999989,0.0,-1
2025-10-31 07:45:00,185.08,0.3993086073976438,-18.50799999999964,-18.50799999999964,0.0,-1
2025-10-31 07:50:00,184.85,0.401500849726382,-18.48499999999973,-18.48499999999973,0.0,-1
2025-10-31 07:55:00,185.14,0.4021079318887831,-18.51399999999984,-18.51399999999984,0.0,-1
2025-10-31 08:00:00,185.56,0.4098145081824408,-18.555999999999813,-18.555999999999813,0.0,-1
2025-10-31 08:05:00,186.42,0.42054204331226663,-18.641999999999825,-18.641999999999825,0.0,-1
2025-10-31 08:10:00,186.11,0.447646183075677,-18.610999999999933,-18.610999999999933,0.0,-1
2025-10-31 08:15:00,185.82,0.4535285985702716,-18.581999999999823,-18.581999999999823,0.0,-1
2025-10-31 08:20:00,186.46,0.47184798438667935,-18.645999999999674,-18.645999999999674,0.0,-1
2025-10-31 08:25:00,186.35,0.4774302712162011,-18.634999999999877,-18.634999999999877,0.0,-1
2025-10-31 08:30:00,186.39,0.4840423947007597,-18.638999999999726,-18.638999999999726,0.0,-1
2025-10-31 08:35:00,186.42,0.47161079507927706,-18.641999999999825,-18.641999999999825,0.0,-1
2025-10-31 08:40:00,186.77,0.4572100240021846,-18.67699999999985,-18.67699999999985,0.0,-1
2025-10-31 08:45:00,186.35,0.4609807365734585,-18.634999999999877,-18.634999999999877,0.0,-1
2025-10-31 08:50:00,186.38,0.44805354110392587,-18.637999999999977,-18.637999999999977,0.0,-1
2025-10-31 08:55:00,186.65,0.4560497167393599,-18.664999999999736,-18.664999999999736,0.0,-1
2025-10-31 09:00:00,185.86,0.4899033084008347,-18.585999999999956,-18.585999999999956,0.0,-1
2025-10-31 09:05:00,186.08,0.4799102149436318,-18.607999999999834,-18.607999999999834,0.0,-1
2025-10-31 09:10:00,185.84,0.46991662816194407,-18.58399999999989,-18.58399999999989,0.0,-1
2025-10-31 09:15:00,185.84,0.4784940118646626,-18.58399999999989,-18.58399999999989,0.0,-1
2025-10-31 09:20:00,185.61,0.4807444395886146,-18.56099999999998,-18.56099999999998,0.0,-1
2025-10-31 09:25:00,185.79,0.47854840818942707,-18.579000000000008,-18.579000000000008,0.0,-1
2025-10-31 09:30:00,185.98,0.4643663790330395,-18.597999999999786,-18.597999999999786,0.0,-1
2025-10-31 09:35:00,185.71,0.45548306624496554,-18.570999999999742,-18.570999999999742,0.0,-1
2025-10-31 09:40:00,185.55,0.439377132941753,-18.55499999999978,-18.55499999999978,0.0,-1
2025-10-31 09:45:00,185.76,0.4287073377316272,-18.575999999999624,-18.575999999999624,0.0,-1
2025-10-31 09:50:00,185.52,0.4402282421793684,-18.551999999999964,-18.551999999999964,0.0,-1
2025-10-31 09:55:00,185.74,0.43092622488084026,-18.57399999999984,-18.57399999999984,0.0,-1
2025-10-31 10:00:00,185.45,0.43657435167506736,-18.54499999999973,-18.54499999999973,0.0,-1
2025-10-31 10:05:00,185.22,0.4461047551268478,-18.52199999999982,-18.52199999999982,0.0,-1
2025-10-31 10:10:00,185.23,0.4349544154749315,-18.522999999999854,-18.522999999999854,0.0,-1
2025-10-31 10:15:00,185.23,0.4274576715124353,-18.522999999999854,-18.522999999999854,0.0,-1
2025-10-31 10:20:00,185.2,0.42335355211869025,-18.519999999999754,-18.519999999999754,0.0,-1
2025-10-31 10:25:00,185.45,0.4138282983959261,-18.54499999999973,-18.54499999999973,0.0,-1
2025-10-31 10:30:00,185.47,0.40712627708193294,-18.546999999999798,-18.546999999999798,0.0,-1
2025-10-31 10:35:00,185.37,0.39947440014751,-18.53699999999975,-18.53699999999975,0.0,-1
2025-10-31 10:40:00,185.18,0.41308337156554525,-18.517999999999972,-18.517999999999972,0.0,-1
2025-10-31 10:45:00,185.41,0.42643455931086305,-18.540999999999883,-18.540999999999883,0.0,-1
2025-10-31 10:50:00,185.38,0.418117805074373,-18.537999999999784,-18.537999999999784,0.0,-1
2025-10-31 10:55:00,185.55,0.4175379618547747,-18.55499999999978,-18.55499999999978,0.0,-1
2025-10-31 11:00:00,185.31,0.41128525029372026,-18.530999999999835,-18.530999999999835,0.0,-1
2025-10-31 11:05:00,185.51,0.4040505895584547,-18.550999999999647,-18.550999999999647,0.0,-1
2025-10-31 11:10:00,186.0,0.40090411887570687,-18.599999999999852,-18.599999999999852,0.0,-1
2025-10-31 11:15:00,185.86,0.4094109675274428,-18.585999999999956,-18.585999999999956,0.0,-1
2025-10-31 11:20:00,186.06,0.4144530412754819,-18.605999999999767,-18.605999999999767,0.0,-1
2025-10-31 11:25:00,185.9,0.40770639547008986,-18.589999999999804,-18.589999999999804,0.0,-1
2025-10-31 11:30:00,185.99,0.40858451007936825,-18.59899999999982,-18.59899999999982,0.0,-1
2025-10-31 11:35:00,185.58,0.40368561650227075,-18.55799999999988,-18.55799999999988,0.0,-1
2025-10-31 11:40:00,185.42,0.42127950103782125,-18.541999999999632,-18.541999999999632,0.0,-1
2025-10-31 11:45:00,185.21,0.4526166795351187,-18.520999999999788,-18.520999999999788,0.0,-1
2025-10-31 11:50:00,185.15,0.4781440595683247,-18.514999999999873,-18.514999999999873,0.0,-1
2025-10-31 11:55:00,185.38,0.5597051981705855,-18.537999999999784,-18.537999999999784,0.0,-1
2025-10-31 12:00:00,185.69,0.5675833983012591,-18.568999999999676,-18.568999999999676,0.0,-1
2025-10-31 12:05:00,185.47,0.5884702984225988,-18.546999999999798,-18.546999999999798,0.0,-1
2025-10-31 12:10:00,184.76,0.6042938485352685,-18.475999999999715,-18.475999999999715,0.0,-1
2025-10-31 12:15:00,185.15,0.6382728593541768,-18.514999999999873,-18.514999999999873,0.0,-1
2025-10-31 12:20:00,185.59,0.616967655114593,-18.558999999999912,-18.558999999999912,0.0,-1
2025-10-31 12:25:00,185.88,0.5971842511778366,-18.587999999999738,-18.587999999999738,0.0,-1
2025-10-31 12:30:00,185.68,0.5895282332365632,-18.567999999999927,-18.567999999999927,0.0,-1
2025-10-31 12:35:00,185.68,0.6245619308625219,-18.567999999999927,-18.567999999999927,0.0,-1
2025-10-31 12:40:00,185.79,0.6213789358009141,-18.579000000000008,-18.579000000000008,0.0,-1
2025-10-31 12:45:00,186.15,0.6298518689579923,-18.61499999999978,-18.61499999999978,0.0,-1
2025-10-31 12:50:00,186.07,0.6134338783181361,-18.6069999999998,-18.6069999999998,0.0,-1
2025-10-31 12:55:00,186.55,0.6039028870096971,-18.65499999999969,-18.65499999999969,0.0,-1
2025-10-31 13:00:00,186.16,0.5921955379375757,-18.615999999999815,-18.615999999999815,0.0,-1
2025-10-31 13:05:00,186.3,0.5791815709420344,-18.62999999999971,-18.62999999999971,0.0,-1
2025-10-31 13:10:00,186.56,0.5792400301604593,-18.656000000000006,-18.656000000000006,0.0,-1
2025-10-31 13:15:00,186.79,0.5750085994347129,-18.678999999999917,-18.678999999999917,0.0,-1
2025-10-31 13:20:00,186.49,0.5867936994750892,-18.648999999999774,-18.648999999999774,0.0,-1
2025-10-31 13:25:00,186.35,0.563451292369725,-18.634999999999877,-18.634999999999877,0.0,-1
2025-10-31 13:30:00,186.48,0.5932047714861726,-18.64799999999974,-18.64799999999974,0.0,-1
2025-10-31 13:35:00,186.54,0.5894044306657311,-18.65399999999994,-18.65399999999994,0.0,-1
2025-10-31 13:40:00,186.62,0.5944469713324664,-18.661999999999637,-18.661999999999637,0.0,-1
2025-10-31 13:45:00,186.91,0.6327007590944328,-18.690999999999747,-18.690999999999747,0.0,-1
2025-10-31 13:50:00,186.36,0.6560792763019718,-18.63599999999991,-18.63599999999991,0.0,-1
2025-10-31 13:55:00,186.61,0.6649307565661168,-18.660999999999888,-18.660999999999888,0.0,-1
2025-10-31 14:00:00,186.93,0.686007131097107,-18.692999999999813,-18.692999999999813,0.0,-1
2025-10-31 14:05:00,186.46,0.7155780503044581,-18.645999999999674,-18.645999999999674,0.0,-1
2025-10-31 14:10:00,186.38,0.7566081895684248,-18.637999999999977,-18.637999999999977,0.0,-1
2025-10-31 14:15:00,186.46,0.7389933188849673,-18.645999999999674,-18.645999999999674,0.0,-1
2025-10-31 14:20:00,186.5,0.7540652246788975,-18.649999999999807,-18.649999999999807,0.0,-1
2025-10-31 14:25:00,186.39,0.7402034229161193,-18.638999999999726,-18.638999999999726,0.0,-1
2025-10-31 14:30:00,186.47,0.7344746069935412,-18.64699999999999,-18.64699999999999,0.0,-1
2025-10-31 14:35:00,186.69,0.7320121350654303,-18.66899999999987,-18.66899999999987,0.0,-1
2025-10-31 14:40:00,187.08,0.7297255539893274,-18.707999999999743,-18.707999999999743,0.0,-1
2025-10-31 14:45:00,186.76,0.7168880144186599,-18.675999999999817,-18.675999999999817,0.0,-1
2025-10-31 14:50:00,186.7,0.7328245848173269,-18.669999999999902,-18.669999999999902,0.0,-1
2025-10-31 14:55:00,186.47,0.7369085430446601,-18.64699999999999,-18.64699999999999,0.0,-1
2025-10-31 15:00:00,186.32,0.7264150756843275,-18.631999999999778,-18.631999999999778,0.0,-1
2025-10-31 15:05:00,186.56,0.7616711417068754,-18.656000000000006,-18.656000000000006,0.0,-1
2025-10-31 15:10:00,186.43,0.7472660601563845,-18.64299999999986,-18.64299999999986,0.0,-1
2025-10-31 15:15:00,186.75,0.7346041987166443,-18.674999999999784,-18.674999999999784,0.0,-1
2025-10-31 15:20:00,186.75,0.7521324702368853,-18.674999999999784,-18.674999999999784,0.0,-1
2025-10-31 15:25:00,186.57,0.725551579505679,-18.656999999999755,-18.656999999999755,0.0,-1
2025-10-31 15:30:00,186.36,0.7137264666838449,-18.63599999999991,-18.63599999999991,0.0,-1
2025-10-31 15:35:00,186.49,0.7048888619207113,-18.648999999999774,-18.648999999999774,0.0,-1
2025-10-31 15:40:00,187.05,0.7109682289263742,-18.704999999999643,-18.704999999999643,0.0,-1
2025-10-31 15:45:00,187.72,0.729470498288776,-18.771999999999878,-18.771999999999878,0.0,-1
2025-10-31 15:50:00,187.55,0.7259368912681496,-18.75499999999988,-18.75499999999988,0.0,-1
2025-10-31 15:55:00,188.87,0.7276556847489961,-18.887,-18.887,0.0,-1
2025-10-31 16:00:00,189.11,0.7385374215526389,-18.91099999999966,-18.91099999999966,0.0,-1
2025-10-31 16:05:00,188.39,0.7543561771560224,-18.838999999999828,-18.838999999999828,0.0,-1
2025-10-31 16:10:00,187.85,0.7354735930734481,-18.78499999999974,-18.78499999999974,0.0,-1
2025-10-31 16:15:00,188.71,0.7500826221396302,-18.870999999999754,-18.870999999999754,0.0,-1
2025-10-31 16:20:00,188.66,0.730791006272513,-18.86599999999987,-18.86599999999987,0.0,-1
2025-10-31 16:25:00,188.32,0.7000202201101915,-18.83199999999988,-18.83199999999988,0.0,-1
2025-10-31 16:30:00,188.73,0.6850187758166071,-18.87299999999982,-18.87299999999982,0.0,-1
2025-10-31 16:35:00,187.87,0.6675174346868493,-18.786999999999807,-18.786999999999807,0.0,-1
2025-10-31 16:40:00,187.53,0.6826947607806455,-18.752999999999815,-18.752999999999815,0.0,-1
2025-10-31 16:45:00,187.11,0.6725022778677417,-18.710999999999842,-18.710999999999842,0.0,-1
2025-10-31 16:50:00,186.85,0.7158949723057603,-18.68499999999983,-18.68499999999983,0.0,-1
2025-10-31 16:55:00,186.56,0.7354739028553495,-18.656000000000006,-18.656000000000006,0.0,-1
2025-10-31 17:00:00,186.82,0.7572257669371117,-18.681999999999732,-18.681999999999732,0.0,-1
2025-10-31 17:05:00,186.89,0.7474239264416042,-18.68899999999968,-18.68899999999968,0.0,-1
2025-10-31 17:10:00,187.12,0.7304650745529175,-18.711999999999875,-18.711999999999875,0.0,-1
2025-10-31 17:15:00,187.22,0.7568604263705659,-18.721999999999923,-18.721999999999923,0.0,-1
2025-10-31 17:20:00,187.11,0.7499418244869539,-18.710999999999842,-18.710999999999842,0.0,-1
2025-10-31 17:25:00,186.96,0.7292316941664578,-18.69599999999963,-18.69599999999963,0.0,-1
2025-10-31 17:30:00,186.59,0.7221437160117106,-18.65899999999982,-18.65899999999982,0.0,-1
2025-10-31 17:35:00,186.72,0.7305620220108744,-18.67199999999997,-18.67199999999997,0.0,-1
2025-10-31 17:40:00,186.37,0.7326647347243828,-18.63699999999966,-18.63699999999966,0.0,-1
2025-10-31 17:45:00,187.32,0.718902967958357,-18.731999999999687,-18.731999999999687,0.0,-1
2025-10-31 17:50:00,188.03,0.7032670416756172,-18.80299999999977,-18.80299999999977,0.0,-1
2025-10-31 17:55:00,188.38,0.6858908244130737,-18.837999999999795,-18.837999999999795,0.0,-1
2025-10-31 18:00:00,187.52,0.67761290838357,-18.751999999999782,-18.751999999999782,0.0,-1
2025-10-31 18:05:00,188.14,0.6620691292133136,-18.81399999999985,-18.81399999999985,0.0,-1
2025-10-31 18:10:00,187.47,0.650492762840934,-18.7469999999999,-18.7469999999999,0.0,-1
2025-10-31 18:15:00,187.66,0.646171851209439,-18.76599999999968,-18.76599999999968,0.0,-1
2025-10-31 18:20:00,187.91,0.6371595761230512,-18.790999999999656,-18.790999999999656,0.0,-1
2025-10-31 18:25:00,187.53,0.6230767492571189,-18.752999999999815,-18.752999999999815,0.0,-1
2025-10-31 18:30:00,187.82,0.6478569814530388,-18.78199999999964,-18.78199999999964,0.0,-1
2025-10-31 18:35:00,187.74,0.7487243399206791,-18.773999999999944,-18.773999999999944,0.0,-1
2025-10-31 18:40:00,188.11,0.7523868870692009,-18.81099999999975,-18.81099999999975,0.0,-1
2025-10-31 18:45:00,187.93,0.7443592522785447,-18.792999999999722,-18.792999999999722,0.0,-1
2025-10-31 18:50:00,188.72,0.7197621628300757,-18.871999999999787,-18.871999999999787,0.0,-1
2025-10-31 18:55:00,189.09,0.7183505797707838,-18.908999999999878,-18.908999999999878,0.0,-1
2025-10-31 19:00:00,188.98,0.7356112526442998,-18.897999999999797,-18.897999999999797,0.0,-1
2025-10-31 19:05:00,190.08,0.715924734598279,-19.007999999999754,-19.007999999999754,0.0,-1
2025-10-31 19:10:00,189.92,0.6990729678412604,-18.99199999999979,-18.99199999999979,0.0,-1
2025-10-31 19:15:00,189.81,0.7012820415668839,-18.98099999999971,-18.98099999999971,0.0,-1
2025-10-31 19:20:00,189.21,0.714761895740677,-18.920999999999992,-18.920999999999992,0.0,-1
2025-10-31 19:25:00,188.99,0.7008503317592008,-18.89899999999983,-18.89899999999983,0.0,-1
2025-10-31 19:30:00,188.59,0.7257895937764015,-18.85899999999964,-18.85899999999964,0.0,-1
2025-10-31 19:35:00,188.3,0.7132331942209431,-18.829999999999814,-18.829999999999814,0.0,-1
2025-10-31 19:40:00,189.0,0.7394308232051603,-18.899999999999864,-18.899999999999864,0.0,-1
2025-10-31 19:45:00,188.87,0.7294714786905077,-18.887,-18.887,0.0,-1
2025-10-31 19:50:00,188.67,0.714509230212615,-18.866999999999905,-18.866999999999905,0.0,-1
2025-10-31 19:55:00,188.15,0.7006157137688576,-18.814999999999884,-18.814999999999884,0.0,-1
2025-10-31 20:00:00,188.5,0.7205717342139385,-18.849999999999625,-18.849999999999625,0.0,-1
2025-10-31 20:05:00,187.66,0.7276737531986588,-18.76599999999968,-18.76599999999968,0.0,-1
2025-10-31 20:10:00,187.66,0.7192684851130393,-18.76599999999968,-18.76599999999968,0.0,-1
2025-10-31 20:15:00,186.74,0.694320736176394,-18.67399999999975,-18.67399999999975,0.0,-1
2025-10-31 20:20:00,187.05,0.6847263978780803,-18.704999999999643,-18.704999999999643,0.0,-1
2025-10-31 20:25:00,187.07,0.6751030837439306,-18.70699999999971,-18.70699999999971,0.0,-1
2025-10-31 20:30:00,186.79,0.6818814349050771,-18.678999999999917,-18.678999999999917,0.0,-1
2025-10-31 20:35:00,186.95,0.6538899038404282,-18.69499999999988,-18.69499999999988,0.0,-1
2025-10-31 20:40:00,186.27,0.6371834821375396,-18.626999999999896,-18.626999999999896,0.0,-1
2025-10-31 20:45:00,186.08,0.644527519127716,-18.607999999999834,-18.607999999999834,0.0,-1
2025-10-31 20:50:00,185.44,0.674918410618595,-18.5439999999997,-18.5439999999997,0.0,-1
2025-10-31 20:55:00,185.05,0.6431385241458375,-18.504999999999825,-18.504999999999825,0.0,-1
2025-10-31 21:00:00,185.37,0.6229143438497072,-18.53699999999975,-18.53699999999975,0.0,-1
2025-10-31 21:05:00,185.56,0.6127061764318723,-18.555999999999813,-18.555999999999813,0.0,-1
2025-10-31 21:10:00,185.23,0.6053700209724522,-18.522999999999854,-18.522999999999854,0.0,-1
2025-10-31 21:15:00,184.88,0.594272162331564,-18.48799999999983,-18.48799999999983,0.0,-1
2025-10-31 21:20:00,185.05,0.5825384364507386,-18.504999999999825,-18.504999999999825,0.0,-1
2025-10-31 21:25:00,184.87,0.563785690989971,-18.486999999999796,-18.486999999999796,0.0,-1
2025-10-31 21:30:00,185.0,0.5578009987764009,-18.499999999999943,-18.499999999999943,0.0,-1
2025-10-31 21:35:00,184.76,0.5565294988638002,-18.475999999999715,-18.475999999999715,0.0,-1
2025-10-31 21:40:00,185.27,0.5503488203735287,-18.526999999999987,-18.526999999999987,0.0,-1
2025-10-31 21:45:00,185.5,0.5360381903468477,-18.549999999999898,-18.549999999999898,0.0,-1
2025-10-31 21:50:00,185.77,0.5256068910363597,-18.57699999999994,-18.57699999999994,0.0,-1
2025-10-31 21:55:00,185.37,0.5037778273909054,-18.53699999999975,-18.53699999999975,0.0,-1
2025-10-31 22:00:00,185.2,0.5142222682915554,-18.519999999999754,-18.519999999999754,0.0,-1
2025-10-31 22:05:00,185.48,0.5032063919850147,-18.54799999999983,-18.54799999999983,0.0,-1
2025-10-31 22:10:00,185.7,0.4894059354146567,-18.569999999999993,-18.569999999999993,0.0,-1
2025-10-31 22:15:00,185.39,0.48016265431361077,-18.538999999999817,-18.538999999999817,0.0,-1
2025-10-31 22:20:00,185.62,0.5094367504340662,-18.561999999999728,-18.561999999999728,0.0,-1
2025-10-31 22:25:00,185.57,0.5016198396887762,-18.556999999999846,-18.556999999999846,0.0,-1
2025-10-31 22:30:00,184.76,0.5007898511395765,-18.475999999999715,-18.475999999999715,0.0,-1
2025-10-31 22:35:00,186.42,0.4864477189153219,-18.641999999999825,-18.641999999999825,0.0,-1
2025-10-31 22:40:00,186.31,0.478130024707085,-18.630999999999744,-18.630999999999744,0.0,-1
2025-10-31 22:45:00,185.78,0.47183502294229224,-18.57799999999969,-18.57799999999969,0.0,-1
2025-10-31 22:50:00,185.87,0.4581325213035572,-18.586999999999705,-18.586999999999705,0.0,-1
2025-10-31 22:55:00,186.0,0.438980198353303,-18.599999999999852,-18.599999999999852,0.0,-1
2025-10-31 23:00:00,185.2,0.4276244698994957,-18.519999999999754,-18.519999999999754,0.0,-1
2025-10-31 23:05:00,185.58,0.41065129347810503,-18.55799999999988,-18.55799999999988,0.0,-1
2025-10-31 23:10:00,185.94,0.4034619153725263,-18.593999999999653,-18.593999999999653,0.0,-1
2025-10-31 23:15:00,186.42,0.40035749284591826,-18.641999999999825,-18.641999999999825,0.0,-1
2025-10-31 23:20:00,187.13,0.38461767192835317,-18.71299999999991,-18.71299999999991,0.0,-1
2025-10-31 23:25:00,187.2,0.3850021239334719,-18.719999999999857,-18.719999999999857,0.0,-1
2025-10-31 23:30:00,188.08,0.3875019722239373,-18.807999999999936,-18.807999999999936,0.0,-1
2025-10-31 23:35:00,187.72,0.37696611706508326,-18.771999999999878,-18.771999999999878,0.0,-1
2025-10-31 23:40:00,188.53,0.37575425156043546,-18.85300000000001,-18.85300000000001,0.0,-1
2025-10-31 23:45:00,188.61,0.38034323359183275,-18.860999999999706,-18.860999999999706,0.0,-1
2025-10-31 23:50:00,188.69,0.36460443119241587,-18.86899999999997,-18.86899999999997,0.0,-1
2025-10-31 23:55:00,188.44,0.350704114678671,-18.843999999999994,-18.843999999999994,0.0,-1
2025-11-01 00:00:00,187.82,0.3692252493444792,-18.78199999999964,-18.78199999999964,0.0,-1
2025-11-01 00:05:00,188.23,0.3649948743913023,-18.822999999999865,-18.822999999999865,0.0,-1
2025-11-01 00:10:00,188.46,0.3674952405062097,-18.845999999999776,-18.845999999999776,0.0,-1
2025-11-01 00:15:00,188.55,0.3633884376129092,-18.85499999999979,-18.85499999999979,0.0,-1
2025-11-01 00:20:00,188.71,0.3681464063548427,-18.870999999999754,-18.870999999999754,0.0,-1
2025-11-01 00:25:00,188.23,0.37685023447235255,-18.822999999999865,-18.822999999999865,0.0,-1
2025-11-01 00:30:00,187.71,0.37707521772432706,-18.770999999999844,-18.770999999999844,0.0,-1
2025-11-01 00:35:00,187.69,0.3679984164583037,-18.768999999999778,-18.768999999999778,0.0,-1
2025-11-01 00:40:00,187.41,0.3588556724255664,-18.7409999999997,-18.7409999999997,0.0,-1
2025-11-01 00:45:00,187.81,0.3603659815380256,-18.780999999999892,-18.780999999999892,0.0,-1
2025-11-01 00:50:00,186.79,0.3603398399995942,-18.678999999999917,-18.678999999999917,0.0,-1
2025-11-01 00:55:00,186.9,0.3603155657139078,-18.689999999999998,-18.689999999999998,0.0,-1
2025-11-01 01:00:00,187.11,0.36100731102005557,-18.710999999999842,-18.710999999999842,0.0,-1
2025-11-01 01:05:00,186.93,0.353792503090053,-18.692999999999813,-18.692999999999813,0.0,-1
2025-11-01 01:10:00,186.57,0.3506644671550494,-18.656999999999755,-18.656999999999755,0.0,-1
2025-11-01 01:15:00,186.88,0.35775986235825935,-18.68799999999993,-18.68799999999993,0.0,-1
2025-11-01 01:20:00,187.09,0.3622055864755277,-18.708999999999776,-18.708999999999776,0.0,-1
2025-11-01 01:25:00,187.1,0.36490518744156186,-18.70999999999981,-18.70999999999981,0.0,-1
2025-11-01 01:30:00,187.18,0.3752691026243068,-18.71799999999979,-18.71799999999979,0.0,-1
2025-11-01 01:35:00,187.57,0.38417845243685633,-18.756999999999664,-18.756999999999664,0.0,-1
2025-11-01 01:40:00,187.17,0.36959427726279565,-18.716999999999757,-18.716999999999757,0.0,-1
2025-11-01 01:45:00,187.24,0.3646232574583111,-18.72399999999999,-18.72399999999999,0.0,-1
2025-11-01 01:50:00,187.3,0.360721596211289,-18.72999999999962,-18.72999999999962,0.0,-1
2025-11-01 01:55:00,187.3,0.35281291076762555,-18.72999999999962,-18.72999999999962,0.0,-1
2025-11-01 02:00:00,187.37,0.3604691314270814,-18.736999999999853,-18.736999999999853,0.0,-1
2025-11-01 02:05:00,187.45,0.3561499077537193,-18.744999999999834,-18.744999999999834,0.0,-1
2025-11-01 02:10:00,187.61,0.3514249143427408,-18.760999999999797,-18.760999999999797,0.0,-1
2025-11-01 02:15:00,187.88,0.367037420461116,-18.78799999999984,-18.78799999999984,0.0,-1
2025-11-01 02:20:00,187.12,0.3679633189996074,-18.711999999999875,-18.711999999999875,0.0,-1
2025-11-01 02:25:00,187.31,0.35810879621392244,-18.730999999999938,-18.730999999999938,0.0,-1
2025-11-01 02:30:00,187.65,0.3611010250557835,-18.76499999999993,-18.76499999999993,0.0,-1
2025-11-01 02:35:00,187.46,0.3503080946946547,-18.745999999999867,-18.745999999999867,0.0,-1
2025-11-01 02:40:00,187.14,0.35314323078789267,-18.713999999999658,-18.713999999999658,0.0,-1
2025-11-01 02:45:00,187.32,0.3472044285887582,-18.731999999999687,-18.731999999999687,0.0,-1
