timestamp,baseline_pnl,strategy_pnl,label,final_status
2025-01-01 09:05:00,67.15020000000004,67.15020000000004,-1,HOLD
2025-01-01 09:10:00,67.15020000000004,67.15020000000004,-1,HOLD
2025-01-01 09:15:00,67.11459999999988,67.11459999999988,-1,HOLD
2025-01-01 09:20:00,67.1235999999999,67.1235999999999,-1,HOLD
2025-01-01 09:25:00,67.1235999999999,67.1235999999999,-1,HOLD
2025-01-01 09:30:00,67.00900000000001,67.00900000000001,-1,HOLD
2025-01-01 09:35:00,67.03999999999996,67.03999999999996,-1,HOLD
2025-01-01 09:40:00,67.03999999999996,67.03999999999996,-1,HOLD
2025-01-01 09:45:00,66.97460000000046,66.97460000000046,-1,HOLD
2025-01-01 09:50:00,66.86560000000009,66.86560000000009,-1,HOLD
2025-01-01 09:55:00,66.90819999999985,66.90819999999985,-1,HOLD
2025-01-01 10:00:00,66.98540000000048,66.98540000000048,-1,HOLD
2025-01-01 10:05:00,66.98540000000048,66.98540000000048,-1,HOLD
2025-01-01 10:10:00,67.02520000000004,67.02520000000004,-1,HOLD
2025-01-01 10:15:00,67.02520000000004,67.02520000000004,-1,HOLD
2025-01-01 10:20:00,66.96180000000004,66.96180000000004,-1,HOLD
2025-01-01 10:25:00,66.96180000000004,66.96180000000004,-1,HOLD
2025-01-01 10:30:00,67.01940000000013,67.01940000000013,-1,HOLD
2025-01-01 10:35:00,67.05519999999979,67.05519999999979,-1,HOLD
2025-01-01 10:40:00,67.05519999999979,67.05519999999979,-1,HOLD
2025-01-01 10:45:00,67.05519999999979,67.05519999999979,-1,HOLD
2025-01-01 10:50:00,67.14019999999982,67.14019999999982,-1,HOLD
2025-01-01 10:55:00,67.21579999999994,67.21579999999994,-1,HOLD
2025-01-01 11:00:00,67.21259999999984,67.21259999999984,-1,HOLD
2025-01-01 11:05:00,67.17439999999988,67.17439999999988,-1,HOLD
2025-01-01 11:10:00,67.17439999999988,67.17439999999988,-1,HOLD
2025-01-01 11:15:00,67.14000000000033,67.14000000000033,-1,HOLD
2025-01-01 11:20:00,67.14000000000033,67.14000000000033,-1,HOLD
2025-01-01 11:25:00,67.09360000000015,67.09360000000015,-1,HOLD
2025-01-01 11:30:00,67.09360000000015,67.09360000000015,-1,HOLD
2025-01-01 11:35:00,67.09360000000015,67.09360000000015,-1,HOLD
2025-01-01 11:40:00,67.09360000000015,67.09360000000015,-1,HOLD
2025-01-01 11:45:00,67.09360000000015,67.09360000000015,-1,HOLD
2025-01-01 11:50:00,67.09360000000015,67.09360000000015,-1,HOLD
2025-01-01 11:55:00,67.09360000000015,67.09360000000015,-1,HOLD
2025-01-01 12:00:00,67.09360000000015,67.09360000000015,-1,HOLD
2025-01-01 12:05:00,67.09360000000015,67.09360000000015,-1,HOLD
2025-01-01 12:10:00,66.98959999999988,66.98959999999988,-1,HOLD
2025-01-01 12:15:00,66.90920000000006,66.90920000000006,-1,HOLD
2025-01-01 12:20:00,66.86679999999978,66.86679999999978,-1,HOLD
2025-01-01 12:25:00,66.94200000000001,66.94200000000001,-1,HOLD
2025-01-01 12:30:00,66.86679999999978,66.86679999999978,-1,HOLD
2025-01-01 12:35:00,66.90760000000046,66.90760000000046,-1,HOLD
2025-01-01 12:40:00,66.92399999999998,66.92399999999998,-1,HOLD
2025-01-01 12:45:00,66.89940000000024,66.89940000000024,-1,HOLD
2025-01-01 12:50:00,66.88479999999981,66.88479999999981,-1,HOLD
2025-01-01 12:55:00,66.82620000000043,66.82620000000043,-1,HOLD
2025-01-01 13:00:00,66.89999999999964,66.89999999999964,-1,HOLD
2025-01-01 13:05:00,66.89999999999964,66.89999999999964,-1,HOLD
2025-01-01 13:10:00,66.90179999999964,66.90179999999964,-1,HOLD
2025-01-01 13:15:00,66.91740000000027,66.91740000000027,-1,HOLD
2025-01-01 13:20:00,66.91740000000027,66.91740000000027,-1,HOLD
2025-01-01 13:25:00,66.91740000000027,66.91740000000027,-1,HOLD
2025-01-01 13:30:00,66.95679999999993,66.95679999999993,-1,HOLD
2025-01-01 13:35:00,66.95679999999993,66.95679999999993,-1,HOLD
2025-01-01 13:40:00,66.89999999999964,66.89999999999964,-1,HOLD
2025-01-01 13:45:00,66.96699999999964,66.96699999999964,-1,HOLD
2025-01-01 13:50:00,66.96699999999964,66.96699999999964,-1,HOLD
2025-01-01 13:55:00,66.91840000000047,66.91840000000047,-1,HOLD
2025-01-01 14:00:00,66.89999999999964,66.89999999999964,-1,HOLD
2025-01-01 14:05:00,66.80000000000018,66.80000000000018,-1,HOLD
2025-01-01 14:10:00,66.80000000000018,66.80000000000018,-1,HOLD
2025-01-01 14:15:00,66.84060000000045,66.84060000000045,-1,HOLD
2025-01-01 14:20:00,66.85559999999987,66.85559999999987,-1,HOLD
2025-01-01 14:25:00,66.83500000000004,66.83500000000004,-1,HOLD
2025-01-01 14:30:00,66.83500000000004,66.83500000000004,-1,HOLD
2025-01-01 14:35:00,66.79020000000037,66.79020000000037,-1,HOLD
2025-01-01 14:40:00,66.8706000000002,66.8706000000002,-1,HOLD
2025-01-01 14:45:00,66.8706000000002,66.8706000000002,-1,HOLD
2025-01-01 14:50:00,66.89559999999983,66.89559999999983,-1,HOLD
2025-01-01 14:55:00,66.90020000000004,66.90020000000004,-1,HOLD
2025-01-01 15:00:00,66.90020000000004,66.90020000000004,-1,HOLD
2025-01-01 15:05:00,66.80000000000018,66.80000000000018,-1,HOLD
2025-01-01 15:10:00,66.80000000000018,66.80000000000018,-1,HOLD
2025-01-01 15:15:00,66.89120000000003,66.89120000000003,-1,HOLD
2025-01-01 15:20:00,66.85840000000007,66.85840000000007,-1,HOLD
2025-01-01 15:25:00,66.85840000000007,66.85840000000007,-1,HOLD
2025-01-01 15:30:00,66.80140000000029,66.80140000000029,-1,HOLD
2025-01-01 15:35:00,66.87840000000051,66.87840000000051,-1,HOLD
2025-01-01 15:40:00,66.88760000000002,66.88760000000002,-1,HOLD
2025-01-01 15:45:00,66.88640000000032,66.88640000000032,-1,HOLD
2025-01-01 15:50:00,66.89400000000023,66.89400000000023,-1,HOLD
2025-01-01 15:55:00,66.96399999999994,66.96399999999994,-1,HOLD
2025-01-01 16:00:00,66.92439999999988,66.92439999999988,-1,HOLD
2025-01-01 16:05:00,66.92180000000008,66.92180000000008,-1,HOLD
2025-01-01 16:10:00,66.92180000000008,66.92180000000008,-1,HOLD
2025-01-01 16:15:00,66.96079999999984,66.96079999999984,-1,HOLD
2025-01-01 16:20:00,66.96079999999984,66.96079999999984,-1,HOLD
2025-01-01 16:25:00,66.71740000000045,66.71740000000045,-1,HOLD
2025-01-01 16:30:00,66.71740000000045,66.71740000000045,-1,HOLD
2025-01-01 16:35:00,66.77319999999963,66.77319999999963,-1,HOLD
2025-01-01 16:40:00,66.77319999999963,66.77319999999963,-1,HOLD
2025-01-01 16:45:00,66.77319999999963,66.77319999999963,-1,HOLD
2025-01-01 16:50:00,66.72980000000007,66.72980000000007,-1,HOLD
2025-01-01 16:55:00,66.72980000000007,66.72980000000007,-1,HOLD
2025-01-01 17:00:00,66.83839999999964,66.83839999999964,-1,HOLD
2025-01-01 17:05:00,66.75560000000041,66.75560000000041,-1,HOLD
2025-01-01 17:10:00,66.75560000000041,66.75560000000041,-1,HOLD
2025-01-01 17:15:00,66.5007999999998,66.5007999999998,-1,HOLD
2025-01-01 17:20:00,66.35279999999966,66.35279999999966,-1,HOLD
2025-01-01 17:25:00,66.42780000000039,66.42780000000039,-1,HOLD
2025-01-01 17:30:00,66.42780000000039,66.42780000000039,-1,HOLD
2025-01-01 17:35:00,66.48880000000008,66.48880000000008,-1,HOLD
2025-01-01 17:40:00,66.52419999999984,66.52419999999984,-1,HOLD
2025-01-01 17:45:00,66.52639999999974,66.52639999999974,-1,HOLD
2025-01-01 17:50:00,66.67979999999989,66.67979999999989,-1,HOLD
2025-01-01 17:55:00,66.65200000000004,66.65200000000004,-1,HOLD
2025-01-01 18:00:00,66.74120000000039,66.74120000000039,-1,HOLD
2025-01-01 18:05:00,66.76239999999962,66.76239999999962,-1,HOLD
2025-01-01 18:10:00,66.6851999999999,66.6851999999999,-1,HOLD
2025-01-01 18:15:00,66.6851999999999,66.6851999999999,-1,HOLD
2025-01-01 18:20:00,66.72180000000026,66.72180000000026,-1,HOLD
2025-01-01 18:25:00,66.72180000000026,66.72180000000026,-1,HOLD
2025-01-01 18:30:00,66.72180000000026,66.72180000000026,-1,HOLD
2025-01-01 18:35:00,66.6866,66.6866,-1,HOLD
2025-01-01 18:40:00,66.6866,66.6866,-1,HOLD
2025-01-01 18:45:00,66.61239999999998,66.61239999999998,-1,HOLD
2025-01-01 18:50:00,66.61239999999998,66.61239999999998,-1,HOLD
2025-01-01 18:55:00,66.5663999999997,66.5663999999997,-1,HOLD
2025-01-01 19:00:00,66.5663999999997,66.5663999999997,-1,HOLD
2025-01-01 19:05:00,66.54200000000037,66.54200000000037,-1,HOLD
2025-01-01 19:10:00,66.54200000000037,66.54200000000037,-1,HOLD
2025-01-01 19:15:00,66.6248000000005,66.6248000000005,-1,HOLD
2025-01-01 19:20:00,66.62079999999969,66.62079999999969,-1,HOLD
2025-01-01 19:25:00,66.62079999999969,66.62079999999969,-1,HOLD
2025-01-01 19:30:00,66.62079999999969,66.62079999999969,-1,HOLD
2025-01-01 19:35:00,66.71380000000045,66.71380000000045,-1,HOLD
2025-01-01 19:40:00,66.82499999999982,66.82499999999982,-1,HOLD
2025-01-01 19:45:00,66.96619999999984,66.96619999999984,-1,HOLD
2025-01-01 19:50:00,66.80519999999979,66.80519999999979,-1,HOLD
2025-01-01 19:55:00,66.80519999999979,66.80519999999979,-1,HOLD
2025-01-01 20:00:00,66.80519999999979,66.80519999999979,-1,HOLD
2025-01-01 20:05:00,66.80519999999979,66.80519999999979,-1,HOLD
2025-01-01 20:10:00,66.80519999999979,66.80519999999979,-1,HOLD
2025-01-01 20:15:00,66.80519999999979,66.80519999999979,-1,HOLD
2025-01-01 20:20:00,66.97479999999996,66.97479999999996,-1,HOLD
2025-01-01 20:25:00,66.94040000000041,66.94040000000041,-1,HOLD
2025-01-01 20:30:00,67.03999999999996,67.03999999999996,-1,HOLD
2025-01-01 20:35:00,66.9387999999999,66.9387999999999,-1,HOLD
2025-01-01 20:40:00,67.00960000000032,67.00960000000032,-1,HOLD
2025-01-01 20:45:00,67.00960000000032,67.00960000000032,-1,HOLD
2025-01-01 20:50:00,67.00960000000032,67.00960000000032,-1,HOLD
2025-01-01 20:55:00,66.96280000000024,66.96280000000024,-1,HOLD
2025-01-01 21:00:00,67.04619999999977,67.04619999999977,-1,HOLD
2025-01-01 21:05:00,67.03679999999986,67.03679999999986,-1,HOLD
2025-01-01 21:10:00,67.03679999999986,67.03679999999986,-1,HOLD
2025-01-01 21:15:00,66.76239999999962,66.76239999999962,-1,HOLD
2025-01-01 21:20:00,66.71839999999975,66.71839999999975,-1,HOLD
2025-01-01 21:25:00,66.71839999999975,66.71839999999975,-1,HOLD
2025-01-01 21:30:00,66.71839999999975,66.71839999999975,-1,HOLD
2025-01-01 21:35:00,66.77760000000035,66.77760000000035,-1,HOLD
2025-01-01 21:40:00,66.77760000000035,66.77760000000035,-1,HOLD
2025-01-01 21:45:00,66.77760000000035,66.77760000000035,-1,HOLD
2025-01-01 21:50:00,66.80739999999969,66.80739999999969,-1,HOLD
2025-01-01 21:55:00,66.85019999999986,66.85019999999986,-1,HOLD
2025-01-01 22:00:00,67.08179999999993,67.08179999999993,-1,HOLD
2025-01-01 22:05:00,67.02599999999984,67.02599999999984,-1,HOLD
2025-01-01 22:10:00,67.02599999999984,67.02599999999984,-1,HOLD
2025-01-01 22:15:00,66.92280000000028,66.92280000000028,-1,HOLD
2025-01-01 22:20:00,66.89500000000044,66.89500000000044,-1,HOLD
2025-01-01 22:25:00,66.8096000000005,66.8096000000005,-1,HOLD
2025-01-01 22:30:00,66.61300000000028,66.61300000000028,-1,HOLD
2025-01-01 22:35:00,66.80839999999989,66.80839999999989,-1,HOLD
2025-01-01 22:40:00,66.80839999999989,66.80839999999989,-1,HOLD
2025-01-01 22:45:00,66.90220000000045,66.90220000000045,-1,HOLD
2025-01-01 22:50:00,67.00560000000041,67.00560000000041,-1,HOLD
2025-01-01 22:55:00,66.97320000000036,66.97320000000036,-1,HOLD
2025-01-01 23:00:00,66.9975999999997,66.9975999999997,-1,HOLD
2025-01-01 23:05:00,66.94719999999961,66.94719999999961,-1,HOLD
2025-01-01 23:10:00,66.70579999999973,66.70579999999973,-1,HOLD
2025-01-01 23:15:00,66.8144000000002,66.8144000000002,-1,HOLD
2025-01-01 23:20:00,66.90139999999974,66.90139999999974,-1,HOLD
2025-01-01 23:25:00,66.79719999999998,66.79719999999998,-1,HOLD
2025-01-01 23:30:00,66.86580000000049,66.86580000000049,-1,HOLD
2025-01-01 23:35:00,66.86580000000049,66.86580000000049,-1,HOLD
2025-01-01 23:40:00,66.8738000000003,66.8738000000003,-1,HOLD
2025-01-01 23:45:00,66.99139999999989,66.99139999999989,-1,HOLD
2025-01-01 23:50:00,67.04780000000028,67.04780000000028,-1,HOLD
2025-01-01 23:55:00,67.02199999999993,67.02199999999993,-1,HOLD
2025-01-02 00:00:00,67.01119999999992,67.01119999999992,-1,HOLD
2025-01-02 00:05:00,67.0600000000004,67.0600000000004,-1,HOLD
2025-01-02 00:10:00,66.98040000000037,66.98040000000037,-1,HOLD
2025-01-02 00:15:00,66.98040000000037,66.98040000000037,-1,HOLD
2025-01-02 00:20:00,66.93119999999999,66.93119999999999,-1,HOLD
2025-01-02 00:25:00,66.92820000000029,66.92820000000029,-1,HOLD
2025-01-02 00:30:00,66.88339999999971,66.88339999999971,-1,HOLD
2025-01-02 00:35:00,66.85860000000048,66.85860000000048,-1,HOLD
2025-01-02 00:40:00,66.74219999999968,66.74219999999968,-1,HOLD
2025-01-02 00:45:00,66.74219999999968,66.74219999999968,-1,HOLD
2025-01-02 00:50:00,66.78179999999975,66.78179999999975,-1,HOLD
2025-01-02 00:55:00,66.81980000000021,66.81980000000021,-1,HOLD
2025-01-02 01:00:00,66.74020000000019,66.74020000000019,-1,HOLD
2025-01-02 01:05:00,66.77639999999974,66.77639999999974,-1,HOLD
2025-01-02 01:10:00,66.7525999999998,66.7525999999998,-1,HOLD
2025-01-02 01:15:00,66.69819999999982,66.69819999999982,-1,HOLD
2025-01-02 01:20:00,66.69700000000012,66.69700000000012,-1,HOLD
2025-01-02 01:25:00,66.70600000000013,66.70600000000013,-1,HOLD
2025-01-02 01:30:00,66.7488000000003,66.7488000000003,-1,HOLD
2025-01-02 01:35:00,66.7488000000003,66.7488000000003,-1,HOLD
2025-01-02 01:40:00,66.7488000000003,66.7488000000003,-1,HOLD
2025-01-02 01:45:00,66.7488000000003,66.7488000000003,-1,HOLD
2025-01-02 01:50:00,66.7488000000003,66.7488000000003,-1,HOLD
2025-01-02 01:55:00,66.7488000000003,66.7488000000003,-1,HOLD
2025-01-02 02:00:00,66.85999999999967,66.85999999999967,-1,HOLD
2025-01-02 02:05:00,66.85279999999966,66.85279999999966,-1,HOLD
2025-01-02 02:10:00,66.79079999999976,66.79079999999976,-1,HOLD
2025-01-02 02:15:00,66.70259999999962,66.70259999999962,-1,HOLD
2025-01-02 02:20:00,66.78340000000026,66.78340000000026,-1,HOLD
2025-01-02 02:25:00,66.79259999999977,66.79259999999977,-1,HOLD
2025-01-02 02:30:00,66.89980000000014,66.89980000000014,-1,HOLD
2025-01-02 02:35:00,66.95499999999993,66.95499999999993,-1,HOLD
2025-01-02 02:40:00,66.9328000000005,66.9328000000005,-1,HOLD
2025-01-02 02:45:00,67.0636000000004,67.0636000000004,-1,HOLD
2025-01-02 02:50:00,67.0011999999997,67.0011999999997,-1,HOLD
2025-01-02 02:55:00,66.9974000000002,66.9974000000002,-1,HOLD
2025-01-02 03:00:00,67.03399999999965,67.03399999999965,-1,HOLD
2025-01-02 03:05:00,67.0560000000005,67.0560000000005,-1,HOLD
2025-01-02 03:10:00,67.0641999999998,67.0641999999998,-1,HOLD
2025-01-02 03:15:00,66.95899999999983,66.95899999999983,-1,HOLD
2025-01-02 03:20:00,66.95899999999983,66.95899999999983,-1,HOLD
2025-01-02 03:25:00,66.86020000000008,66.86020000000008,-1,HOLD
2025-01-02 03:30:00,66.86220000000048,66.86220000000048,-1,HOLD
2025-01-02 03:35:00,66.89919999999984,66.89919999999984,-1,HOLD
2025-01-02 03:40:00,67.06840000000011,67.06840000000011,-1,HOLD
2025-01-02 03:45:00,67.21299999999974,67.21299999999974,-1,HOLD
2025-01-02 03:50:00,67.09240000000045,67.09240000000045,-1,HOLD
2025-01-02 03:55:00,67.1866,67.1866,-1,HOLD
2025-01-02 04:00:00,67.17039999999997,67.17039999999997,-1,HOLD
2025-01-02 04:05:00,67.23919999999998,67.23919999999998,-1,HOLD
2025-01-02 04:10:00,67.23919999999998,67.23919999999998,-1,HOLD
2025-01-02 04:15:00,67.17060000000038,67.17060000000038,-1,HOLD
2025-01-02 04:20:00,67.14440000000013,67.14440000000013,-1,HOLD
2025-01-02 04:25:00,67.15999999999985,67.15999999999985,-1,HOLD
2025-01-02 04:30:00,67.13919999999962,67.13919999999962,-1,HOLD
2025-01-02 04:35:00,67.16319999999996,67.16319999999996,-1,HOLD
2025-01-02 04:40:00,67.16319999999996,67.16319999999996,-1,HOLD
2025-01-02 04:45:00,67.28999999999996,67.28999999999996,-1,HOLD
2025-01-02 04:50:00,67.21140000000014,67.21140000000014,-1,HOLD
2025-01-02 04:55:00,67.21140000000014,67.21140000000014,-1,HOLD
2025-01-02 05:00:00,67.3104000000003,67.3104000000003,-1,HOLD
2025-01-02 05:05:00,67.3104000000003,67.3104000000003,-1,HOLD
2025-01-02 05:10:00,67.14819999999963,67.14819999999963,-1,HOLD
2025-01-02 05:15:00,67.17960000000039,67.17960000000039,-1,HOLD
2025-01-02 05:20:00,67.40220000000045,67.40220000000045,-1,HOLD
2025-01-02 05:25:00,67.30199999999968,67.30199999999968,-1,HOLD
2025-01-02 05:30:00,67.3119999999999,67.3119999999999,-1,HOLD
2025-01-02 05:35:00,67.25900000000001,67.25900000000001,-1,HOLD
2025-01-02 05:40:00,67.27440000000024,67.27440000000024,-1,HOLD
2025-01-02 05:45:00,67.27440000000024,67.27440000000024,-1,HOLD
2025-01-02 05:50:00,67.34559999999965,67.34559999999965,-1,HOLD
2025-01-02 05:55:00,67.34559999999965,67.34559999999965,-1,HOLD
2025-01-02 06:00:00,67.3706000000002,67.3706000000002,-1,HOLD
2025-01-02 06:05:00,67.24579999999969,67.24579999999969,-1,HOLD
2025-01-02 06:10:00,67.24579999999969,67.24579999999969,-1,HOLD
2025-01-02 06:15:00,67.26940000000013,67.26940000000013,-1,HOLD
2025-01-02 06:20:00,67.39999999999964,67.39999999999964,-1,HOLD
2025-01-02 06:25:00,67.46020000000044,67.46020000000044,-1,HOLD
2025-01-02 06:30:00,67.39680000000044,67.39680000000044,-1,HOLD
2025-01-02 06:35:00,67.28880000000026,67.28880000000026,-1,HOLD
2025-01-02 06:40:00,67.32060000000001,67.32060000000001,-1,HOLD
2025-01-02 06:45:00,67.38960000000043,67.38960000000043,-1,HOLD
2025-01-02 06:50:00,67.36840000000029,67.36840000000029,-1,HOLD
2025-01-02 06:55:00,67.26140000000032,67.26140000000032,-1,HOLD
2025-01-02 07:00:00,67.20300000000043,67.20300000000043,-1,HOLD
2025-01-02 07:05:00,67.31720000000041,67.31720000000041,-1,HOLD
2025-01-02 07:10:00,67.25500000000011,67.25500000000011,-1,HOLD
2025-01-02 07:15:00,67.17879999999968,67.17879999999968,-1,HOLD
2025-01-02 07:20:00,67.15400000000045,67.15400000000045,-1,HOLD
2025-01-02 07:25:00,67.17860000000019,67.17860000000019,-1,HOLD
2025-01-02 07:30:00,67.10599999999977,67.10599999999977,-1,HOLD
2025-01-02 07:35:00,67.11099999999988,67.11099999999988,-1,HOLD
2025-01-02 07:40:00,67.14180000000033,67.14180000000033,-1,HOLD
2025-01-02 07:45:00,67.22659999999996,67.22659999999996,-1,HOLD
2025-01-02 07:50:00,67.22659999999996,67.22659999999996,-1,HOLD
2025-01-02 07:55:00,67.22659999999996,67.22659999999996,-1,HOLD
2025-01-02 08:00:00,67.23700000000008,67.23700000000008,-1,HOLD
2025-01-02 08:05:00,67.23720000000048,67.23720000000048,-1,HOLD
2025-01-02 08:10:00,67.15300000000025,67.15300000000025,-1,HOLD
2025-01-02 08:15:00,67.21879999999965,67.21879999999965,-1,HOLD
2025-01-02 08:20:00,67.64999999999964,67.64999999999964,-1,HOLD
2025-01-02 08:25:00,67.70820000000003,67.70820000000003,-1,HOLD
2025-01-02 08:30:00,67.76360000000022,67.76360000000022,-1,HOLD
2025-01-02 08:35:00,67.8761999999997,67.8761999999997,-1,HOLD
2025-01-02 08:40:00,67.89699999999993,67.89699999999993,-1,HOLD
2025-01-02 08:45:00,67.9395999999997,67.9395999999997,-1,HOLD
2025-01-02 08:50:00,67.95439999999962,67.95439999999962,-1,HOLD
2025-01-02 08:55:00,67.95439999999962,67.95439999999962,-1,HOLD
2025-01-02 09:00:00,67.97320000000036,67.97320000000036,-1,HOLD
2025-01-02 09:05:00,68.05360000000019,68.05360000000019,-1,HOLD
2025-01-02 09:10:00,68.02599999999984,68.02599999999984,-1,HOLD
2025-01-02 09:15:00,67.92240000000038,67.92240000000038,-1,HOLD
2025-01-02 09:20:00,67.90539999999964,67.90539999999964,-1,HOLD
2025-01-02 09:25:00,67.89699999999993,67.89699999999993,-1,HOLD
2025-01-02 09:30:00,67.64000000000033,67.64000000000033,-1,HOLD
2025-01-02 09:35:00,67.7475999999997,67.7475999999997,-1,HOLD
2025-01-02 09:40:00,67.7475999999997,67.7475999999997,-1,HOLD
2025-01-02 09:45:00,67.73700000000008,67.73700000000008,-1,HOLD
2025-01-02 09:50:00,67.71600000000035,67.71600000000035,-1,HOLD
2025-01-02 09:55:00,67.64660000000003,67.64660000000003,-1,HOLD
2025-01-02 10:00:00,67.64660000000003,67.64660000000003,-1,HOLD
2025-01-02 10:05:00,67.76680000000033,67.76680000000033,-1,HOLD
2025-01-02 10:10:00,67.76019999999971,67.76019999999971,-1,HOLD
2025-01-02 10:15:00,67.6844000000001,67.6844000000001,-1,HOLD
2025-01-02 10:20:00,67.6844000000001,67.6844000000001,-1,HOLD
2025-01-02 10:25:00,67.8076000000001,67.8076000000001,-1,HOLD
2025-01-02 10:30:00,67.75799999999981,67.75799999999981,-1,HOLD
2025-01-02 10:35:00,67.65959999999995,67.65959999999995,-1,HOLD
2025-01-02 10:40:00,67.73160000000007,67.73160000000007,-1,HOLD
2025-01-02 10:45:00,67.88780000000042,67.88780000000042,-1,HOLD
2025-01-02 10:50:00,67.8090000000002,67.8090000000002,-1,HOLD
2025-01-02 10:55:00,67.89379999999983,67.89379999999983,-1,HOLD
2025-01-02 11:00:00,67.99080000000049,67.99080000000049,-1,HOLD
2025-01-02 11:05:00,67.80799999999999,67.80799999999999,-1,HOLD
2025-01-02 11:10:00,67.80799999999999,67.80799999999999,-1,HOLD
2025-01-02 11:15:00,67.8082000000004,67.8082000000004,-1,HOLD
2025-01-02 11:20:00,67.89199999999983,67.89199999999983,-1,HOLD
2025-01-02 11:25:00,67.97360000000026,67.97360000000026,-1,HOLD
2025-01-02 11:30:00,67.97360000000026,67.97360000000026,-1,HOLD
2025-01-02 11:35:00,67.97360000000026,67.97360000000026,-1,HOLD
2025-01-02 11:40:00,67.86440000000039,67.86440000000039,-1,HOLD
2025-01-02 11:45:00,67.8742000000002,67.8742000000002,-1,HOLD
2025-01-02 11:50:00,67.90179999999964,67.90179999999964,-1,HOLD
2025-01-02 11:55:00,67.78679999999986,67.78679999999986,-1,HOLD
2025-01-02 12:00:00,67.83359999999993,67.83359999999993,-1,HOLD
2025-01-02 12:05:00,67.84619999999995,67.84619999999995,-1,HOLD
2025-01-02 12:10:00,67.83079999999973,67.83079999999973,-1,HOLD
2025-01-02 12:15:00,67.92659999999978,67.92659999999978,-1,HOLD
2025-01-02 12:20:00,67.78880000000026,67.78880000000026,-1,HOLD
2025-01-02 12:25:00,67.77160000000003,67.77160000000003,-1,HOLD
2025-01-02 12:30:00,67.9435999999996,67.9435999999996,-1,HOLD
2025-01-02 12:35:00,68.26180000000022,68.26180000000022,-1,HOLD
2025-01-02 12:40:00,68.44779999999992,68.44779999999992,-1,HOLD
2025-01-02 12:45:00,68.46600000000035,68.46600000000035,-1,HOLD
2025-01-02 12:50:00,68.41899999999987,68.41899999999987,-1,HOLD
2025-01-02 12:55:00,68.32359999999971,68.32359999999971,-1,HOLD
2025-01-02 13:00:00,68.21100000000024,68.21100000000024,-1,HOLD
2025-01-02 13:05:00,68.14000000000033,68.14000000000033,-1,HOLD
2025-01-02 13:10:00,68.1264000000001,68.1264000000001,-1,HOLD
2025-01-02 13:15:00,68.1264000000001,68.1264000000001,-1,HOLD
2025-01-02 13:20:00,68.1264000000001,68.1264000000001,-1,HOLD
2025-01-02 13:25:00,68.29420000000027,68.29420000000027,-1,HOLD
2025-01-02 13:30:00,68.34360000000015,68.34360000000015,-1,HOLD
2025-01-02 13:35:00,68.30000000000018,68.30000000000018,-1,HOLD
2025-01-02 13:40:00,68.38799999999992,68.38799999999992,-1,HOLD
2025-01-02 13:45:00,68.34659999999985,68.34659999999985,-1,HOLD
2025-01-02 13:50:00,68.20039999999972,68.20039999999972,-1,HOLD
2025-01-02 13:55:00,68.19999999999982,68.19999999999982,-1,HOLD
2025-01-02 14:00:00,68.32359999999971,68.32359999999971,-1,HOLD
2025-01-02 14:05:00,68.32319999999982,68.32319999999982,-1,HOLD
2025-01-02 14:10:00,68.32319999999982,68.32319999999982,-1,HOLD
2025-01-02 14:15:00,68.08079999999973,68.08079999999973,-1,HOLD
2025-01-02 14:20:00,68.10580000000027,68.10580000000027,-1,HOLD
2025-01-02 14:25:00,68.10680000000048,68.10680000000048,-1,HOLD
2025-01-02 14:30:00,68.14519999999993,68.14519999999993,-1,HOLD
2025-01-02 14:35:00,68.14519999999993,68.14519999999993,-1,HOLD
2025-01-02 14:40:00,68.14639999999963,68.14639999999963,-1,HOLD
2025-01-02 14:45:00,68.22440000000006,68.22440000000006,-1,HOLD
2025-01-02 14:50:00,68.13500000000022,68.13500000000022,-1,HOLD
2025-01-02 14:55:00,68.13500000000022,68.13500000000022,-1,HOLD
2025-01-02 15:00:00,68.20380000000023,68.20380000000023,-1,HOLD
2025-01-02 15:05:00,68.21699999999964,68.21699999999964,-1,HOLD
2025-01-02 15:10:00,68.27340000000004,68.27340000000004,-1,HOLD
2025-01-02 15:15:00,68.31880000000001,68.31880000000001,-1,HOLD
2025-01-02 15:20:00,68.36419999999998,68.36419999999998,-1,HOLD
2025-01-02 15:25:00,68.37039999999979,68.37039999999979,-1,HOLD
2025-01-02 15:30:00,68.39500000000044,68.39500000000044,-1,HOLD
2025-01-02 15:35:00,68.40920000000006,68.40920000000006,-1,HOLD
2025-01-02 15:40:00,68.40920000000006,68.40920000000006,-1,HOLD
2025-01-02 15:45:00,68.40920000000006,68.40920000000006,-1,HOLD
2025-01-02 15:50:00,68.40920000000006,68.40920000000006,-1,HOLD
2025-01-02 15:55:00,68.34140000000025,68.34140000000025,-1,HOLD
2025-01-02 16:00:00,68.47559999999976,68.47559999999976,-1,HOLD
2025-01-02 16:05:00,68.46339999999964,68.46339999999964,-1,HOLD
2025-01-02 16:10:00,68.60680000000048,68.60680000000048,-1,HOLD
2025-01-02 16:15:00,68.60840000000007,68.60840000000007,-1,HOLD
2025-01-02 16:20:00,68.4967999999999,68.4967999999999,-1,HOLD
2025-01-02 16:25:00,68.42339999999967,68.42339999999967,-1,HOLD
2025-01-02 16:30:00,68.34000000000015,68.34000000000015,-1,HOLD
2025-01-02 16:35:00,68.42740000000049,68.42740000000049,-1,HOLD
2025-01-02 16:40:00,68.42740000000049,68.42740000000049,-1,HOLD
2025-01-02 16:45:00,68.42740000000049,68.42740000000049,-1,HOLD
2025-01-02 16:50:00,68.52120000000014,68.52120000000014,-1,HOLD
2025-01-02 16:55:00,68.77400000000034,68.77400000000034,-1,HOLD
2025-01-02 17:00:00,68.75460000000021,68.75460000000021,-1,HOLD
2025-01-02 17:05:00,68.72339999999986,68.72339999999986,-1,HOLD
2025-01-02 17:10:00,68.72360000000026,68.72360000000026,-1,HOLD
2025-01-02 17:15:00,68.86660000000029,68.86660000000029,-1,HOLD
2025-01-02 17:20:00,68.86660000000029,68.86660000000029,-1,HOLD
2025-01-02 17:25:00,68.84000000000015,68.84000000000015,-1,HOLD
2025-01-02 17:30:00,68.90080000000034,68.90080000000034,-1,HOLD
2025-01-02 17:35:00,68.85840000000007,68.85840000000007,-1,HOLD
2025-01-02 17:40:00,68.85840000000007,68.85840000000007,-1,HOLD
2025-01-02 17:45:00,68.89639999999963,68.89639999999963,-1,HOLD
2025-01-02 17:50:00,68.95179999999982,68.95179999999982,-1,HOLD
2025-01-02 17:55:00,69.34680000000026,69.34680000000026,-1,HOLD
2025-01-02 18:00:00,69.25579999999991,69.25579999999991,-1,HOLD
2025-01-02 18:05:00,69.25600000000031,69.25600000000031,-1,HOLD
2025-01-02 18:10:00,69.25600000000031,69.25600000000031,-1,HOLD
2025-01-02 18:15:00,69.24279999999999,69.24279999999999,-1,HOLD
2025-01-02 18:20:00,69.40800000000036,69.40800000000036,-1,HOLD
2025-01-02 18:25:00,69.47059999999965,69.47059999999965,-1,HOLD
2025-01-02 18:30:00,69.47239999999965,69.47239999999965,-1,HOLD
2025-01-02 18:35:00,69.47339999999986,69.47339999999986,-1,HOLD
2025-01-02 18:40:00,69.47339999999986,69.47339999999986,-1,HOLD
2025-01-02 18:45:00,69.47339999999986,69.47339999999986,-1,HOLD
2025-01-02 18:50:00,69.3698000000004,69.3698000000004,-1,HOLD
2025-01-02 18:55:00,69.44000000000051,69.44000000000051,-1,HOLD
2025-01-02 19:00:00,69.40560000000005,69.40560000000005,-1,HOLD
2025-01-02 19:05:00,69.40560000000005,69.40560000000005,-1,HOLD
2025-01-02 19:10:00,69.40560000000005,69.40560000000005,-1,HOLD
2025-01-02 19:15:00,69.3116,69.3116,-1,HOLD
2025-01-02 19:20:00,69.3116,69.3116,-1,HOLD
2025-01-02 19:25:00,69.32759999999962,69.32759999999962,-1,HOLD
2025-01-02 19:30:00,69.39019999999982,69.39019999999982,-1,HOLD
2025-01-02 19:35:00,69.40560000000005,69.40560000000005,-1,HOLD
2025-01-02 19:40:00,69.40499999999975,69.40499999999975,-1,HOLD
2025-01-02 19:45:00,69.47220000000016,69.47220000000016,-1,HOLD
2025-01-02 19:50:00,69.38940000000002,69.38940000000002,-1,HOLD
2025-01-02 19:55:00,69.41079999999965,69.41079999999965,-1,HOLD
2025-01-02 20:00:00,69.4966000000004,69.4966000000004,-1,HOLD
2025-01-02 20:05:00,69.4967999999999,69.4967999999999,-1,HOLD
2025-01-02 20:10:00,69.57380000000012,69.57380000000012,-1,HOLD
2025-01-02 20:15:00,69.57359999999971,69.57359999999971,-1,HOLD
2025-01-02 20:20:00,69.4985999999999,69.4985999999999,-1,HOLD
2025-01-02 20:25:00,69.53380000000016,69.53380000000016,-1,HOLD
2025-01-02 20:30:00,69.39779999999973,69.39779999999973,-1,HOLD
2025-01-02 20:35:00,69.39779999999973,69.39779999999973,-1,HOLD
2025-01-02 20:40:00,69.39779999999973,69.39779999999973,-1,HOLD
2025-01-02 20:45:00,69.59960000000046,69.59960000000046,-1,HOLD
2025-01-02 20:50:00,69.53060000000005,69.53060000000005,-1,HOLD
2025-01-02 20:55:00,69.53060000000005,69.53060000000005,-1,HOLD
2025-01-02 21:00:00,69.55540000000019,69.55540000000019,-1,HOLD
2025-01-02 21:05:00,69.55540000000019,69.55540000000019,-1,HOLD
2025-01-02 21:10:00,69.40999999999985,69.40999999999985,-1,HOLD
2025-01-02 21:15:00,69.35120000000006,69.35120000000006,-1,HOLD
2025-01-02 21:20:00,69.28740000000016,69.28740000000016,-1,HOLD
2025-01-02 21:25:00,69.28740000000016,69.28740000000016,-1,HOLD
2025-01-02 21:30:00,69.48279999999977,69.48279999999977,-1,HOLD
2025-01-02 21:35:00,69.41920000000027,69.41920000000027,-1,HOLD
2025-01-02 21:40:00,69.40620000000035,69.40620000000035,-1,HOLD
2025-01-02 21:45:00,69.21860000000015,69.21860000000015,-1,HOLD
2025-01-02 21:50:00,69.2456000000002,69.2456000000002,-1,HOLD
2025-01-02 21:55:00,69.2456000000002,69.2456000000002,-1,HOLD
2025-01-02 22:00:00,68.91880000000037,68.91880000000037,-1,HOLD
2025-01-02 22:05:00,69.13519999999971,69.13519999999971,-1,HOLD
2025-01-02 22:10:00,69.18239999999969,69.18239999999969,-1,HOLD
2025-01-02 22:15:00,69.17339999999967,69.17339999999967,-1,HOLD
2025-01-02 22:20:00,69.17339999999967,69.17339999999967,-1,HOLD
2025-01-02 22:25:00,69.22500000000036,69.22500000000036,-1,HOLD
2025-01-02 22:30:00,69.67759999999998,69.67759999999998,-1,HOLD
2025-01-02 22:35:00,69.42780000000039,69.42780000000039,-1,HOLD
2025-01-02 22:40:00,69.63320000000022,69.63320000000022,-1,HOLD
2025-01-02 22:45:00,69.78859999999986,69.78859999999986,-1,HOLD
2025-01-02 22:50:00,69.89339999999993,69.89339999999993,-1,HOLD
2025-01-02 22:55:00,69.8742000000002,69.8742000000002,-1,HOLD
2025-01-02 23:00:00,69.70160000000033,69.70160000000033,-1,HOLD
2025-01-02 23:05:00,69.67519999999968,69.67519999999968,-1,HOLD
2025-01-02 23:10:00,69.6274000000003,69.6274000000003,-1,HOLD
2025-01-02 23:15:00,69.6235999999999,69.6235999999999,-1,HOLD
2025-01-02 23:20:00,69.29259999999977,69.29259999999977,-1,HOLD
2025-01-02 23:25:00,69.35360000000037,69.35360000000037,-1,HOLD
2025-01-02 23:30:00,69.21299999999974,69.21299999999974,-1,HOLD
2025-01-02 23:35:00,69.22640000000047,69.22640000000047,-1,HOLD
2025-01-02 23:40:00,69.17699999999968,69.17699999999968,-1,HOLD
2025-01-02 23:45:00,69.26900000000023,69.26900000000023,-1,HOLD
2025-01-02 23:50:00,69.19999999999982,69.19999999999982,-1,HOLD
2025-01-02 23:55:00,69.19999999999982,69.19999999999982,-1,HOLD
2025-01-03 00:00:00,69.0652,69.0652,-1,HOLD
2025-01-03 00:05:00,69.15980000000036,69.15980000000036,-1,HOLD
2025-01-03 00:10:00,69.38720000000012,69.38720000000012,-1,HOLD
2025-01-03 00:15:00,69.43239999999969,69.43239999999969,-1,HOLD
2025-01-03 00:20:00,69.55699999999979,69.55699999999979,-1,HOLD
2025-01-03 00:25:00,69.66480000000047,69.66480000000047,-1,HOLD
2025-01-03 00:30:00,69.58640000000014,69.58640000000014,-1,HOLD
2025-01-03 00:35:00,69.73599999999988,69.73599999999988,-1,HOLD
2025-01-03 00:40:00,69.67140000000018,69.67140000000018,-1,HOLD
2025-01-03 00:45:00,69.66399999999976,69.66399999999976,-1,HOLD
2025-01-03 00:50:00,69.45120000000043,69.45120000000043,-1,HOLD
2025-01-03 00:55:00,69.42399999999998,69.42399999999998,-1,HOLD
2025-01-03 01:00:00,69.40400000000045,69.40400000000045,-1,HOLD
2025-01-03 01:05:00,69.39419999999973,69.39419999999973,-1,HOLD
2025-01-03 01:10:00,69.39419999999973,69.39419999999973,-1,HOLD
2025-01-03 01:15:00,69.51940000000013,69.51940000000013,-1,HOLD
2025-01-03 01:20:00,69.40719999999965,69.40719999999965,-1,HOLD
2025-01-03 01:25:00,69.3072000000002,69.3072000000002,-1,HOLD
2025-01-03 01:30:00,69.03179999999975,69.03179999999975,-1,HOLD
2025-01-03 01:35:00,68.8753999999999,68.8753999999999,-1,HOLD
2025-01-03 01:40:00,68.94000000000051,68.94000000000051,-1,HOLD
2025-01-03 01:45:00,68.76419999999962,68.76419999999962,-1,HOLD
2025-01-03 01:50:00,68.74359999999979,68.74359999999979,-1,HOLD
2025-01-03 01:55:00,69.01599999999962,69.01599999999962,-1,HOLD
2025-01-03 02:00:00,69.02480000000014,69.02480000000014,-1,HOLD
2025-01-03 02:05:00,69.1826000000001,69.1826000000001,-1,HOLD
2025-01-03 02:10:00,69.05519999999979,69.05519999999979,-1,HOLD
2025-01-03 02:15:00,69.10739999999987,69.10739999999987,-1,HOLD
2025-01-03 02:20:00,69.1877999999997,69.1877999999997,-1,HOLD
2025-01-03 02:25:00,69.1194000000005,69.1194000000005,-1,HOLD
2025-01-03 02:30:00,69.02340000000004,69.02340000000004,-1,HOLD
2025-01-03 02:35:00,69.07740000000013,69.07740000000013,-1,HOLD
2025-01-03 02:40:00,69.1246000000001,69.1246000000001,-1,HOLD
2025-01-03 02:45:00,69.15099999999984,69.15099999999984,-1,HOLD
2025-01-03 02:50:00,69.1818000000003,69.1818000000003,-1,HOLD
2025-01-03 02:55:00,69.3076000000001,69.3076000000001,-1,HOLD
2025-01-03 03:00:00,69.33719999999994,69.33719999999994,-1,HOLD
2025-01-03 03:05:00,69.39440000000013,69.39440000000013,-1,HOLD
2025-01-03 03:10:00,69.41259999999966,69.41259999999966,-1,HOLD
2025-01-03 03:15:00,69.41259999999966,69.41259999999966,-1,HOLD
2025-01-03 03:20:00,69.42360000000008,69.42360000000008,-1,HOLD
2025-01-03 03:25:00,69.40239999999994,69.40239999999994,-1,HOLD
2025-01-03 03:30:00,69.3141999999998,69.3141999999998,-1,HOLD
2025-01-03 03:35:00,69.19660000000022,69.19660000000022,-1,HOLD
2025-01-03 03:40:00,69.19660000000022,69.19660000000022,-1,HOLD
2025-01-03 03:45:00,69.27700000000004,69.27700000000004,-1,HOLD
2025-01-03 03:50:00,69.27700000000004,69.27700000000004,-1,HOLD
2025-01-03 03:55:00,69.23739999999998,69.23739999999998,-1,HOLD
2025-01-03 04:00:00,69.3714,69.3714,-1,HOLD
2025-01-03 04:05:00,69.32020000000011,69.32020000000011,-1,HOLD
2025-01-03 04:10:00,69.33100000000013,69.33100000000013,-1,HOLD
2025-01-03 04:15:00,69.3735999999999,69.3735999999999,-1,HOLD
2025-01-03 04:20:00,69.46720000000005,69.46720000000005,-1,HOLD
2025-01-03 04:25:00,69.44620000000032,69.44620000000032,-1,HOLD
2025-01-03 04:30:00,69.35360000000037,69.35360000000037,-1,HOLD
2025-01-03 04:35:00,69.13739999999962,69.13739999999962,-1,HOLD
2025-01-03 04:40:00,69.16920000000027,69.16920000000027,-1,HOLD
2025-01-03 04:45:00,69.21380000000045,69.21380000000045,-1,HOLD
2025-01-03 04:50:00,69.16120000000046,69.16120000000046,-1,HOLD
2025-01-03 04:55:00,69.15580000000045,69.15580000000045,-1,HOLD
2025-01-03 05:00:00,69.01620000000003,69.01620000000003,-1,HOLD
2025-01-03 05:05:00,68.90819999999985,68.90819999999985,-1,HOLD
2025-01-03 05:10:00,68.96720000000005,68.96720000000005,-1,HOLD
2025-01-03 05:15:00,68.99579999999969,68.99579999999969,-1,HOLD
2025-01-03 05:20:00,69.03499999999985,69.03499999999985,-1,HOLD
2025-01-03 05:25:00,69.08740000000034,69.08740000000034,-1,HOLD
2025-01-03 05:30:00,68.96339999999964,68.96339999999964,-1,HOLD
2025-01-03 05:35:00,68.96339999999964,68.96339999999964,-1,HOLD
2025-01-03 05:40:00,69.00659999999971,69.00659999999971,-1,HOLD
2025-01-03 05:45:00,69.00659999999971,69.00659999999971,-1,HOLD
2025-01-03 05:50:00,69.03600000000006,69.03600000000006,-1,HOLD
2025-01-03 05:55:00,69.03600000000006,69.03600000000006,-1,HOLD
2025-01-03 06:00:00,69.03600000000006,69.03600000000006,-1,HOLD
2025-01-03 06:05:00,69.0069999999996,69.0069999999996,-1,HOLD
2025-01-03 06:10:00,68.92699999999968,68.92699999999968,-1,HOLD
2025-01-03 06:15:00,68.84580000000005,68.84580000000005,-1,HOLD
2025-01-03 06:20:00,68.53200000000015,68.53200000000015,-1,HOLD
2025-01-03 06:25:00,68.73720000000048,68.73720000000048,-1,HOLD
2025-01-03 06:30:00,68.78139999999985,68.78139999999985,-1,HOLD
2025-01-03 06:35:00,68.78139999999985,68.78139999999985,-1,HOLD
2025-01-03 06:40:00,68.82440000000042,68.82440000000042,-1,HOLD
2025-01-03 06:45:00,68.83560000000034,68.83560000000034,-1,HOLD
2025-01-03 06:50:00,68.82120000000032,68.82120000000032,-1,HOLD
2025-01-03 06:55:00,68.85680000000048,68.85680000000048,-1,HOLD
2025-01-03 07:00:00,68.8728000000001,68.8728000000001,-1,HOLD
2025-01-03 07:05:00,68.8728000000001,68.8728000000001,-1,HOLD
2025-01-03 07:10:00,68.79640000000018,68.79640000000018,-1,HOLD
2025-01-03 07:15:00,68.9332000000004,68.9332000000004,-1,HOLD
2025-01-03 07:20:00,68.96320000000014,68.96320000000014,-1,HOLD
2025-01-03 07:25:00,68.99420000000009,68.99420000000009,-1,HOLD
2025-01-03 07:30:00,69.08380000000034,69.08380000000034,-1,HOLD
2025-01-03 07:35:00,69.02540000000045,69.02540000000045,-1,HOLD
2025-01-03 07:40:00,69.02540000000045,69.02540000000045,-1,HOLD
2025-01-03 07:45:00,68.99179999999978,68.99179999999978,-1,HOLD
2025-01-03 07:50:00,69.0612000000001,69.0612000000001,-1,HOLD
2025-01-03 07:55:00,69.08359999999993,69.08359999999993,-1,HOLD
2025-01-03 08:00:00,69.13500000000022,69.13500000000022,-1,HOLD
2025-01-03 08:05:00,69.10760000000028,69.10760000000028,-1,HOLD
2025-01-03 08:10:00,69.05280000000039,69.05280000000039,-1,HOLD
2025-01-03 08:15:00,68.96979999999985,68.96979999999985,-1,HOLD
2025-01-03 08:20:00,69.01460000000043,69.01460000000043,-1,HOLD
2025-01-03 08:25:00,69.24380000000019,69.24380000000019,-1,HOLD
2025-01-03 08:30:00,69.18299999999999,69.18299999999999,-1,HOLD
2025-01-03 08:35:00,69.17680000000018,69.17680000000018,-1,HOLD
2025-01-03 08:40:00,69.05879999999979,69.05879999999979,-1,HOLD
2025-01-03 08:45:00,69.0568000000003,69.0568000000003,-1,HOLD
2025-01-03 08:50:00,68.95060000000012,68.95060000000012,-1,HOLD
2025-01-03 08:55:00,69.0,69.0,-1,HOLD
2025-01-03 09:00:00,68.9988000000003,68.9988000000003,-1,HOLD
2025-01-03 09:05:00,68.98760000000038,68.98760000000038,-1,HOLD
2025-01-03 09:10:00,69.0,69.0,-1,HOLD
2025-01-03 09:15:00,68.96339999999964,68.96339999999964,-1,HOLD
2025-01-03 09:20:00,69.0,69.0,-1,HOLD
2025-01-03 09:25:00,69.09860000000026,69.09860000000026,-1,HOLD
2025-01-03 09:30:00,69.09240000000045,69.09240000000045,-1,HOLD
2025-01-03 09:35:00,68.97500000000036,68.97500000000036,-1,HOLD
2025-01-03 09:40:00,69.05739999999969,69.05739999999969,-1,HOLD
2025-01-03 09:45:00,69.1261999999997,69.1261999999997,-1,HOLD
2025-01-03 09:50:00,69.15499999999975,69.15499999999975,-1,HOLD
2025-01-03 09:55:00,69.28600000000006,69.28600000000006,-1,HOLD
2025-01-03 10:00:00,69.27700000000004,69.27700000000004,-1,HOLD
2025-01-03 10:05:00,69.33820000000014,69.33820000000014,-1,HOLD
2025-01-03 10:10:00,69.36539999999968,69.36539999999968,-1,HOLD
2025-01-03 10:15:00,69.48000000000047,69.48000000000047,-1,HOLD
2025-01-03 10:20:00,69.41840000000047,69.41840000000047,-1,HOLD
2025-01-03 10:25:00,69.51460000000043,69.51460000000043,-1,HOLD
2025-01-03 10:30:00,69.39919999999984,69.39919999999984,-1,HOLD
2025-01-03 10:35:00,69.38360000000011,69.38360000000011,-1,HOLD
2025-01-03 10:40:00,69.42740000000049,69.42740000000049,-1,HOLD
2025-01-03 10:45:00,69.32980000000043,69.32980000000043,-1,HOLD
2025-01-03 10:50:00,69.26580000000013,69.26580000000013,-1,HOLD
2025-01-03 10:55:00,69.20560000000023,69.20560000000023,-1,HOLD
2025-01-03 11:00:00,69.24319999999989,69.24319999999989,-1,HOLD
2025-01-03 11:05:00,69.26940000000013,69.26940000000013,-1,HOLD
2025-01-03 11:10:00,69.26940000000013,69.26940000000013,-1,HOLD
2025-01-03 11:15:00,69.26940000000013,69.26940000000013,-1,HOLD
2025-01-03 11:20:00,69.17820000000029,69.17820000000029,-1,HOLD
2025-01-03 11:25:00,69.17820000000029,69.17820000000029,-1,HOLD
2025-01-03 11:30:00,69.29860000000008,69.29860000000008,-1,HOLD
2025-01-03 11:35:00,69.32759999999962,69.32759999999962,-1,HOLD
2025-01-03 11:40:00,69.32740000000013,69.32740000000013,-1,HOLD
2025-01-03 11:45:00,69.33780000000024,69.33780000000024,-1,HOLD
2025-01-03 11:50:00,69.46439999999984,69.46439999999984,-1,HOLD
2025-01-03 11:55:00,69.39519999999993,69.39519999999993,-1,HOLD
2025-01-03 12:00:00,69.35140000000047,69.35140000000047,-1,HOLD
2025-01-03 12:05:00,69.35140000000047,69.35140000000047,-1,HOLD
2025-01-03 12:10:00,69.35140000000047,69.35140000000047,-1,HOLD
2025-01-03 12:15:00,69.35140000000047,69.35140000000047,-1,HOLD
2025-01-03 12:20:00,69.34019999999964,69.34019999999964,-1,HOLD
2025-01-03 12:25:00,69.30500000000029,69.30500000000029,-1,HOLD
2025-01-03 12:30:00,69.29079999999976,69.29079999999976,-1,HOLD
2025-01-03 12:35:00,69.26599999999962,69.26599999999962,-1,HOLD
2025-01-03 12:40:00,69.19440000000031,69.19440000000031,-1,HOLD
2025-01-03 12:45:00,69.2474000000002,69.2474000000002,-1,HOLD
2025-01-03 12:50:00,69.16200000000026,69.16200000000026,-1,HOLD
2025-01-03 12:55:00,69.22419999999966,69.22419999999966,-1,HOLD
2025-01-03 13:00:00,69.22419999999966,69.22419999999966,-1,HOLD
2025-01-03 13:05:00,69.08520000000044,69.08520000000044,-1,HOLD
2025-01-03 13:10:00,69.1243999999997,69.1243999999997,-1,HOLD
2025-01-03 13:15:00,69.15120000000024,69.15120000000024,-1,HOLD
2025-01-03 13:20:00,68.97779999999966,68.97779999999966,-1,HOLD
2025-01-03 13:25:00,69.0003999999999,69.0003999999999,-1,HOLD
2025-01-03 13:30:00,68.92839999999978,68.92839999999978,-1,HOLD
2025-01-03 13:35:00,69.0029999999997,69.0029999999997,-1,HOLD
2025-01-03 13:40:00,69.08820000000014,69.08820000000014,-1,HOLD
2025-01-03 13:45:00,69.0681999999997,69.0681999999997,-1,HOLD
2025-01-03 13:50:00,69.15359999999964,69.15359999999964,-1,HOLD
2025-01-03 13:55:00,69.13400000000001,69.13400000000001,-1,HOLD
2025-01-03 14:00:00,69.11859999999979,69.11859999999979,-1,HOLD
2025-01-03 14:05:00,69.23019999999997,69.23019999999997,-1,HOLD
2025-01-03 14:10:00,69.1859999999997,69.1859999999997,-1,HOLD
2025-01-03 14:15:00,69.13299999999981,69.13299999999981,-1,HOLD
2025-01-03 14:20:00,68.98459999999977,68.98459999999977,-1,HOLD
2025-01-03 14:25:00,68.98160000000007,68.98160000000007,-1,HOLD
2025-01-03 14:30:00,68.98160000000007,68.98160000000007,-1,HOLD
2025-01-03 14:35:00,69.01800000000003,69.01800000000003,-1,HOLD
2025-01-03 14:40:00,69.05379999999968,69.05379999999968,-1,HOLD
2025-01-03 14:45:00,68.94580000000042,68.94580000000042,-1,HOLD
2025-01-03 14:50:00,68.97599999999966,68.97599999999966,-1,HOLD
2025-01-03 14:55:00,68.90099999999984,68.90099999999984,-1,HOLD
2025-01-03 15:00:00,68.82480000000032,68.82480000000032,-1,HOLD
2025-01-03 15:05:00,68.78600000000006,68.78600000000006,-1,HOLD
2025-01-03 15:10:00,68.77480000000014,68.77480000000014,-1,HOLD
2025-01-03 15:15:00,68.82380000000012,68.82380000000012,-1,HOLD
2025-01-03 15:20:00,68.79640000000018,68.79640000000018,-1,HOLD
2025-01-03 15:25:00,68.69740000000002,68.69740000000002,-1,HOLD
2025-01-03 15:30:00,68.69740000000002,68.69740000000002,-1,HOLD
2025-01-03 15:35:00,68.69779999999992,68.69779999999992,-1,HOLD
2025-01-03 15:40:00,68.69779999999992,68.69779999999992,-1,HOLD
2025-01-03 15:45:00,68.69779999999992,68.69779999999992,-1,HOLD
2025-01-03 15:50:00,68.70380000000023,68.70380000000023,-1,HOLD
2025-01-03 15:55:00,68.70380000000023,68.70380000000023,-1,HOLD
2025-01-03 16:00:00,68.6935999999996,68.6935999999996,-1,HOLD
2025-01-03 16:05:00,68.6828000000005,68.6828000000005,-1,HOLD
2025-01-03 16:10:00,68.6252000000004,68.6252000000004,-1,HOLD
2025-01-03 16:15:00,68.73199999999997,68.73199999999997,-1,HOLD
2025-01-03 16:20:00,68.84199999999964,68.84199999999964,-1,HOLD
2025-01-03 16:25:00,68.8096000000005,68.8096000000005,-1,HOLD
2025-01-03 16:30:00,68.47820000000047,68.47820000000047,-1,HOLD
2025-01-03 16:35:00,68.60999999999967,68.60999999999967,-1,HOLD
2025-01-03 16:40:00,68.60999999999967,68.60999999999967,-1,HOLD
2025-01-03 16:45:00,68.60999999999967,68.60999999999967,-1,HOLD
2025-01-03 16:50:00,68.63479999999981,68.63479999999981,-1,HOLD
2025-01-03 16:55:00,68.58600000000024,68.58600000000024,-1,HOLD
2025-01-03 17:00:00,68.65520000000015,68.65520000000015,-1,HOLD
2025-01-03 17:05:00,68.71420000000035,68.71420000000035,-1,HOLD
2025-01-03 17:10:00,68.71420000000035,68.71420000000035,-1,HOLD
2025-01-03 17:15:00,68.88860000000022,68.88860000000022,-1,HOLD
2025-01-03 17:20:00,68.89419999999973,68.89419999999973,-1,HOLD
2025-01-03 17:25:00,68.89419999999973,68.89419999999973,-1,HOLD
2025-01-03 17:30:00,68.9318000000003,68.9318000000003,-1,HOLD
2025-01-03 17:35:00,68.97239999999965,68.97239999999965,-1,HOLD
2025-01-03 17:40:00,68.99279999999999,68.99279999999999,-1,HOLD
2025-01-03 17:45:00,68.94719999999961,68.94719999999961,-1,HOLD
2025-01-03 17:50:00,68.92460000000028,68.92460000000028,-1,HOLD
2025-01-03 17:55:00,68.92460000000028,68.92460000000028,-1,HOLD
2025-01-03 18:00:00,68.84580000000005,68.84580000000005,-1,HOLD
2025-01-03 18:05:00,68.81760000000031,68.81760000000031,-1,HOLD
2025-01-03 18:10:00,68.81760000000031,68.81760000000031,-1,HOLD
2025-01-03 18:15:00,68.88879999999972,68.88879999999972,-1,HOLD
2025-01-03 18:20:00,68.89660000000003,68.89660000000003,-1,HOLD
2025-01-03 18:25:00,68.90819999999985,68.90819999999985,-1,HOLD
2025-01-03 18:30:00,69.01559999999972,69.01559999999972,-1,HOLD
2025-01-03 18:35:00,68.97680000000037,68.97680000000037,-1,HOLD
2025-01-03 18:40:00,68.97100000000046,68.97100000000046,-1,HOLD
2025-01-03 18:45:00,68.97100000000046,68.97100000000046,-1,HOLD
2025-01-03 18:50:00,68.97100000000046,68.97100000000046,-1,HOLD
2025-01-03 18:55:00,68.96900000000005,68.96900000000005,-1,HOLD
2025-01-03 19:00:00,68.94859999999971,68.94859999999971,-1,HOLD
2025-01-03 19:05:00,68.94859999999971,68.94859999999971,-1,HOLD
2025-01-03 19:10:00,68.94859999999971,68.94859999999971,-1,HOLD
2025-01-03 19:15:00,68.94419999999991,68.94419999999991,-1,HOLD
2025-01-03 19:20:00,69.12880000000041,69.12880000000041,-1,HOLD
2025-01-03 19:25:00,69.11740000000009,69.11740000000009,-1,HOLD
2025-01-03 19:30:00,69.15679999999975,69.15679999999975,-1,HOLD
2025-01-03 19:35:00,69.17399999999998,69.17399999999998,-1,HOLD
2025-01-03 19:40:00,69.17399999999998,69.17399999999998,-1,HOLD
2025-01-03 19:45:00,69.17399999999998,69.17399999999998,-1,HOLD
2025-01-03 19:50:00,69.33839999999964,69.33839999999964,-1,HOLD
2025-01-03 19:55:00,69.30339999999978,69.30339999999978,-1,HOLD
2025-01-03 20:00:00,69.30339999999978,69.30339999999978,-1,HOLD
2025-01-03 20:05:00,69.36560000000009,69.36560000000009,-1,HOLD
2025-01-03 20:10:00,69.45480000000043,69.45480000000043,-1,HOLD
2025-01-03 20:15:00,69.40459999999985,69.40459999999985,-1,HOLD
2025-01-03 20:20:00,69.37920000000031,69.37920000000031,-1,HOLD
2025-01-03 20:25:00,69.33560000000034,69.33560000000034,-1,HOLD
2025-01-03 20:30:00,69.42100000000028,69.42100000000028,-1,HOLD
2025-01-03 20:35:00,69.33979999999974,69.33979999999974,-1,HOLD
2025-01-03 20:40:00,69.33160000000044,69.33160000000044,-1,HOLD
2025-01-03 20:45:00,69.3173999999999,69.3173999999999,-1,HOLD
2025-01-03 20:50:00,69.3768,69.3768,-1,HOLD
2025-01-03 20:55:00,69.3768,69.3768,-1,HOLD
2025-01-03 21:00:00,69.3768,69.3768,-1,HOLD
2025-01-03 21:05:00,69.60199999999986,69.60199999999986,-1,HOLD
2025-01-03 21:10:00,69.72000000000025,69.72000000000025,-1,HOLD
2025-01-03 21:15:00,69.56720000000041,69.56720000000041,-1,HOLD
2025-01-03 21:20:00,69.82279999999992,69.82279999999992,-1,HOLD
2025-01-03 21:25:00,69.73300000000017,69.73300000000017,-1,HOLD
2025-01-03 21:30:00,69.77859999999964,69.77859999999964,-1,HOLD
2025-01-03 21:35:00,69.77360000000044,69.77360000000044,-1,HOLD
2025-01-03 21:40:00,69.72760000000017,69.72760000000017,-1,HOLD
2025-01-03 21:45:00,69.6887999999999,69.6887999999999,-1,HOLD
2025-01-03 21:50:00,69.64500000000044,69.64500000000044,-1,HOLD
2025-01-03 21:55:00,69.71380000000045,69.71380000000045,-1,HOLD
2025-01-03 22:00:00,69.71920000000046,69.71920000000046,-1,HOLD
2025-01-03 22:05:00,69.90520000000015,69.90520000000015,-1,HOLD
2025-01-03 22:10:00,69.9366,69.9366,-1,HOLD
2025-01-03 22:15:00,70.1198000000004,70.1198000000004,-1,HOLD
2025-01-03 22:20:00,70.1822000000002,70.1822000000002,-1,HOLD
2025-01-03 22:25:00,70.27360000000044,70.27360000000044,-1,HOLD
2025-01-03 22:30:00,70.46560000000045,70.46560000000045,-1,HOLD
2025-01-03 22:35:00,70.63060000000041,70.63060000000041,-1,HOLD
2025-01-03 22:40:00,70.45899999999983,70.45899999999983,-1,HOLD
2025-01-03 22:45:00,70.5069999999996,70.5069999999996,-1,HOLD
2025-01-03 22:50:00,70.48980000000029,70.48980000000029,-1,HOLD
2025-01-03 22:55:00,70.57719999999972,70.57719999999972,-1,HOLD
2025-01-03 23:00:00,70.51199999999972,70.51199999999972,-1,HOLD
2025-01-03 23:05:00,70.63500000000022,70.63500000000022,-1,HOLD
2025-01-03 23:10:00,70.5644000000002,70.5644000000002,-1,HOLD
2025-01-03 23:15:00,70.6913999999997,70.6913999999997,-1,HOLD
2025-01-03 23:20:00,70.66880000000037,70.66880000000037,-1,HOLD
2025-01-03 23:25:00,70.80580000000009,70.80580000000009,-1,HOLD
2025-01-03 23:30:00,70.83600000000024,70.83600000000024,-1,HOLD
2025-01-03 23:35:00,70.96020000000044,70.96020000000044,-1,HOLD
2025-01-03 23:40:00,71.11419999999998,71.11419999999998,-1,HOLD
2025-01-03 23:45:00,71.36859999999979,71.36859999999979,-1,HOLD
2025-01-03 23:50:00,71.34199999999964,71.34199999999964,-1,HOLD
2025-01-03 23:55:00,71.36539999999968,71.36539999999968,-1,HOLD
2025-01-04 00:00:00,71.47040000000015,71.47040000000015,-1,HOLD
2025-01-04 00:05:00,71.61859999999979,71.61859999999979,-1,HOLD
2025-01-04 00:10:00,71.7466000000004,71.7466000000004,-1,HOLD
2025-01-04 00:15:00,71.71280000000024,71.71280000000024,-1,HOLD
2025-01-04 00:20:00,71.89959999999974,71.89959999999974,-1,HOLD
2025-01-04 00:25:00,71.61920000000009,71.61920000000009,-1,HOLD
2025-01-04 00:30:00,71.76000000000022,71.76000000000022,-1,HOLD
2025-01-04 00:35:00,71.76000000000022,71.76000000000022,-1,HOLD
2025-01-04 00:40:00,71.68000000000029,71.68000000000029,-1,HOLD
2025-01-04 00:45:00,71.97640000000047,71.97640000000047,-1,HOLD
2025-01-04 00:50:00,71.69999999999982,71.69999999999982,-1,HOLD
2025-01-04 00:55:00,71.69819999999982,71.69819999999982,-1,HOLD
2025-01-04 01:00:00,71.67060000000038,71.67060000000038,-1,HOLD
2025-01-04 01:05:00,71.75680000000011,71.75680000000011,-1,HOLD
2025-01-04 01:10:00,71.64360000000033,71.64360000000033,-1,HOLD
2025-01-04 01:15:00,71.5612000000001,71.5612000000001,-1,HOLD
2025-01-04 01:20:00,71.69200000000001,71.69200000000001,-1,HOLD
2025-01-04 01:25:00,71.54880000000048,71.54880000000048,-1,HOLD
2025-01-04 01:30:00,71.62840000000051,71.62840000000051,-1,HOLD
2025-01-04 01:35:00,71.69800000000032,71.69800000000032,-1,HOLD
2025-01-04 01:40:00,71.68199999999979,71.68199999999979,-1,HOLD
2025-01-04 01:45:00,71.58340000000044,71.58340000000044,-1,HOLD
2025-01-04 01:50:00,71.52540000000045,71.52540000000045,-1,HOLD
2025-01-04 01:55:00,71.5590000000002,71.5590000000002,-1,HOLD
2025-01-04 02:00:00,71.61200000000008,71.61200000000008,-1,HOLD
2025-01-04 02:05:00,71.60000000000036,71.60000000000036,-1,HOLD
2025-01-04 02:10:00,71.75680000000011,71.75680000000011,-1,HOLD
2025-01-04 02:15:00,71.8177999999998,71.8177999999998,-1,HOLD
2025-01-04 02:20:00,71.77819999999974,71.77819999999974,-1,HOLD
2025-01-04 02:25:00,71.91439999999966,71.91439999999966,-1,HOLD
2025-01-04 02:30:00,72.07120000000032,72.07120000000032,-1,HOLD
2025-01-04 02:35:00,72.21659999999974,72.21659999999974,-1,HOLD
2025-01-04 02:40:00,72.33780000000024,72.33780000000024,-1,HOLD
2025-01-04 02:45:00,72.20820000000003,72.20820000000003,-1,HOLD
2025-01-04 02:50:00,72.16520000000037,72.16520000000037,-1,HOLD
2025-01-04 02:55:00,72.07359999999971,72.07359999999971,-1,HOLD
2025-01-04 03:00:00,72.14699999999993,72.14699999999993,-1,HOLD
2025-01-04 03:05:00,72.30320000000029,72.30320000000029,-1,HOLD
2025-01-04 03:10:00,72.4362000000001,72.4362000000001,-1,HOLD
2025-01-04 03:15:00,72.49080000000049,72.49080000000049,-1,HOLD
2025-01-04 03:20:00,72.36959999999999,72.36959999999999,-1,HOLD
2025-01-04 03:25:00,72.42219999999998,72.42219999999998,-1,HOLD
2025-01-04 03:30:00,72.4962000000005,72.4962000000005,-1,HOLD
2025-01-04 03:35:00,72.36819999999989,72.36819999999989,-1,HOLD
2025-01-04 03:40:00,72.50780000000032,72.50780000000032,-1,HOLD
2025-01-04 03:45:00,72.34960000000046,72.34960000000046,-1,HOLD
2025-01-04 03:50:00,72.34460000000036,72.34460000000036,-1,HOLD
2025-01-04 03:55:00,72.34460000000036,72.34460000000036,-1,HOLD
2025-01-04 04:00:00,72.35840000000007,72.35840000000007,-1,HOLD
2025-01-04 04:05:00,72.36080000000038,72.36080000000038,-1,HOLD
2025-01-04 04:10:00,72.16420000000016,72.16420000000016,-1,HOLD
2025-01-04 04:15:00,72.1252000000004,72.1252000000004,-1,HOLD
2025-01-04 04:20:00,72.23959999999988,72.23959999999988,-1,HOLD
2025-01-04 04:25:00,72.26519999999982,72.26519999999982,-1,HOLD
2025-01-04 04:30:00,72.20280000000002,72.20280000000002,-1,HOLD
2025-01-04 04:35:00,72.2492000000002,72.2492000000002,-1,HOLD
2025-01-04 04:40:00,72.19660000000022,72.19660000000022,-1,HOLD
2025-01-04 04:45:00,72.17460000000028,72.17460000000028,-1,HOLD
2025-01-04 04:50:00,72.10300000000007,72.10300000000007,-1,HOLD
2025-01-04 04:55:00,72.06919999999991,72.06919999999991,-1,HOLD
2025-01-04 05:00:00,72.00380000000041,72.00380000000041,-1,HOLD
2025-01-04 05:05:00,72.16640000000007,72.16640000000007,-1,HOLD
2025-01-04 05:10:00,72.16319999999996,72.16319999999996,-1,HOLD
2025-01-04 05:15:00,72.15539999999964,72.15539999999964,-1,HOLD
2025-01-04 05:20:00,72.26479999999992,72.26479999999992,-1,HOLD
2025-01-04 05:25:00,72.27880000000005,72.27880000000005,-1,HOLD
2025-01-04 05:30:00,72.34799999999996,72.34799999999996,-1,HOLD
2025-01-04 05:35:00,72.34619999999995,72.34619999999995,-1,HOLD
2025-01-04 05:40:00,72.33820000000014,72.33820000000014,-1,HOLD
2025-01-04 05:45:00,72.19300000000021,72.19300000000021,-1,HOLD
2025-01-04 05:50:00,72.1862000000001,72.1862000000001,-1,HOLD
2025-01-04 05:55:00,72.1862000000001,72.1862000000001,-1,HOLD
2025-01-04 06:00:00,72.39940000000024,72.39940000000024,-1,HOLD
2025-01-04 06:05:00,72.30000000000018,72.30000000000018,-1,HOLD
2025-01-04 06:10:00,72.3105999999998,72.3105999999998,-1,HOLD
2025-01-04 06:15:00,72.40040000000045,72.40040000000045,-1,HOLD
2025-01-04 06:20:00,72.39639999999963,72.39639999999963,-1,HOLD
2025-01-04 06:25:00,72.47220000000016,72.47220000000016,-1,HOLD
2025-01-04 06:30:00,72.47220000000016,72.47220000000016,-1,HOLD
2025-01-04 06:35:00,72.39239999999972,72.39239999999972,-1,HOLD
2025-01-04 06:40:00,72.35840000000007,72.35840000000007,-1,HOLD
2025-01-04 06:45:00,72.28759999999966,72.28759999999966,-1,HOLD
2025-01-04 06:50:00,72.31720000000041,72.31720000000041,-1,HOLD
2025-01-04 06:55:00,72.35040000000026,72.35040000000026,-1,HOLD
2025-01-04 07:00:00,72.3779999999997,72.3779999999997,-1,HOLD
2025-01-04 07:05:00,72.33500000000004,72.33500000000004,-1,HOLD
2025-01-04 07:10:00,72.33500000000004,72.33500000000004,-1,HOLD
2025-01-04 07:15:00,72.21360000000004,72.21360000000004,-1,HOLD
2025-01-04 07:20:00,72.23880000000008,72.23880000000008,-1,HOLD
2025-01-04 07:25:00,72.13640000000032,72.13640000000032,-1,HOLD
2025-01-04 07:30:00,72.15560000000005,72.15560000000005,-1,HOLD
2025-01-04 07:35:00,72.19380000000001,72.19380000000001,-1,HOLD
2025-01-04 07:40:00,72.19300000000021,72.19300000000021,-1,HOLD
2025-01-04 07:45:00,72.10940000000028,72.10940000000028,-1,HOLD
2025-01-04 07:50:00,72.14300000000003,72.14300000000003,-1,HOLD
2025-01-04 07:55:00,72.20939999999973,72.20939999999973,-1,HOLD
2025-01-04 08:00:00,72.19360000000052,72.19360000000052,-1,HOLD
2025-01-04 08:05:00,72.14300000000003,72.14300000000003,-1,HOLD
2025-01-04 08:10:00,72.19220000000041,72.19220000000041,-1,HOLD
2025-01-04 08:15:00,72.28480000000036,72.28480000000036,-1,HOLD
2025-01-04 08:20:00,72.34060000000045,72.34060000000045,-1,HOLD
2025-01-04 08:25:00,72.31999999999971,72.31999999999971,-1,HOLD
2025-01-04 08:30:00,72.30199999999968,72.30199999999968,-1,HOLD
2025-01-04 08:35:00,72.14419999999973,72.14419999999973,-1,HOLD
2025-01-04 08:40:00,72.15580000000045,72.15580000000045,-1,HOLD
2025-01-04 08:45:00,72.1238000000003,72.1238000000003,-1,HOLD
2025-01-04 08:50:00,72.07800000000043,72.07800000000043,-1,HOLD
2025-01-04 08:55:00,72.07859999999982,72.07859999999982,-1,HOLD
2025-01-04 09:00:00,71.96000000000004,71.96000000000004,-1,HOLD
2025-01-04 09:05:00,71.78579999999965,71.78579999999965,-1,HOLD
2025-01-04 09:10:00,71.71759999999995,71.71759999999995,-1,HOLD
2025-01-04 09:15:00,71.78459999999995,71.78459999999995,-1,HOLD
2025-01-04 09:20:00,71.82399999999961,71.82399999999961,-1,HOLD
2025-01-04 09:25:00,71.91520000000037,71.91520000000037,-1,HOLD
2025-01-04 09:30:00,71.88000000000011,71.88000000000011,-1,HOLD
2025-01-04 09:35:00,71.84559999999965,71.84559999999965,-1,HOLD
2025-01-04 09:40:00,71.84559999999965,71.84559999999965,-1,HOLD
2025-01-04 09:45:00,71.88040000000001,71.88040000000001,-1,HOLD
2025-01-04 09:50:00,71.91020000000026,71.91020000000026,-1,HOLD
2025-01-04 09:55:00,71.95499999999993,71.95499999999993,-1,HOLD
2025-01-04 10:00:00,71.96060000000034,71.96060000000034,-1,HOLD
2025-01-04 10:05:00,71.81959999999981,71.81959999999981,-1,HOLD
2025-01-04 10:10:00,71.85519999999997,71.85519999999997,-1,HOLD
2025-01-04 10:15:00,71.82620000000043,71.82620000000043,-1,HOLD
2025-01-04 10:20:00,71.8155999999999,71.8155999999999,-1,HOLD
2025-01-04 10:25:00,71.72400000000016,71.72400000000016,-1,HOLD
2025-01-04 10:30:00,71.64980000000014,71.64980000000014,-1,HOLD
2025-01-04 10:35:00,71.88400000000001,71.88400000000001,-1,HOLD
2025-01-04 10:40:00,71.80000000000018,71.80000000000018,-1,HOLD
2025-01-04 10:45:00,71.80000000000018,71.80000000000018,-1,HOLD
2025-01-04 10:50:00,71.98639999999978,71.98639999999978,-1,HOLD
2025-01-04 10:55:00,71.95460000000003,71.95460000000003,-1,HOLD
2025-01-04 11:00:00,71.95460000000003,71.95460000000003,-1,HOLD
2025-01-04 11:05:00,71.88200000000052,71.88200000000052,-1,HOLD
2025-01-04 11:10:00,71.85680000000048,71.85680000000048,-1,HOLD
2025-01-04 11:15:00,71.85680000000048,71.85680000000048,-1,HOLD
2025-01-04 11:20:00,71.85680000000048,71.85680000000048,-1,HOLD
2025-01-04 11:25:00,71.85680000000048,71.85680000000048,-1,HOLD
2025-01-04 11:30:00,71.89940000000024,71.89940000000024,-1,HOLD
2025-01-04 11:35:00,71.97580000000016,71.97580000000016,-1,HOLD
2025-01-04 11:40:00,71.92720000000008,71.92720000000008,-1,HOLD
2025-01-04 11:45:00,71.95340000000033,71.95340000000033,-1,HOLD
2025-01-04 11:50:00,71.92039999999997,71.92039999999997,-1,HOLD
2025-01-04 11:55:00,71.92299999999977,71.92299999999977,-1,HOLD
2025-01-04 12:00:00,71.86740000000009,71.86740000000009,-1,HOLD
2025-01-04 12:05:00,71.83500000000004,71.83500000000004,-1,HOLD
2025-01-04 12:10:00,71.85459999999966,71.85459999999966,-1,HOLD
2025-01-04 12:15:00,71.8078000000005,71.8078000000005,-1,HOLD
2025-01-04 12:20:00,71.83200000000033,71.83200000000033,-1,HOLD
2025-01-04 12:25:00,71.83200000000033,71.83200000000033,-1,HOLD
2025-01-04 12:30:00,71.73419999999987,71.73419999999987,-1,HOLD
2025-01-04 12:35:00,71.74060000000009,71.74060000000009,-1,HOLD
2025-01-04 12:40:00,71.74060000000009,71.74060000000009,-1,HOLD
2025-01-04 12:45:00,71.78759999999966,71.78759999999966,-1,HOLD
2025-01-04 12:50:00,71.80159999999978,71.80159999999978,-1,HOLD
2025-01-04 12:55:00,71.78780000000006,71.78780000000006,-1,HOLD
2025-01-04 13:00:00,71.78780000000006,71.78780000000006,-1,HOLD
2025-01-04 13:05:00,71.79500000000007,71.79500000000007,-1,HOLD
2025-01-04 13:10:00,71.79500000000007,71.79500000000007,-1,HOLD
2025-01-04 13:15:00,71.84400000000005,71.84400000000005,-1,HOLD
2025-01-04 13:20:00,71.8725999999997,71.8725999999997,-1,HOLD
2025-01-04 13:25:00,71.88640000000032,71.88640000000032,-1,HOLD
2025-01-04 13:30:00,71.88640000000032,71.88640000000032,-1,HOLD
2025-01-04 13:35:00,71.88640000000032,71.88640000000032,-1,HOLD
2025-01-04 13:40:00,71.92640000000029,71.92640000000029,-1,HOLD
2025-01-04 13:45:00,71.85440000000017,71.85440000000017,-1,HOLD
2025-01-04 13:50:00,71.82359999999971,71.82359999999971,-1,HOLD
2025-01-04 13:55:00,71.85959999999977,71.85959999999977,-1,HOLD
2025-01-04 14:00:00,71.96200000000044,71.96200000000044,-1,HOLD
2025-01-04 14:05:00,71.97720000000027,71.97720000000027,-1,HOLD
2025-01-04 14:10:00,72.05119999999988,72.05119999999988,-1,HOLD
2025-01-04 14:15:00,72.04600000000028,72.04600000000028,-1,HOLD
2025-01-04 14:20:00,72.02239999999983,72.02239999999983,-1,HOLD
2025-01-04 14:25:00,72.0630000000001,72.0630000000001,-1,HOLD
2025-01-04 14:30:00,72.02300000000014,72.02300000000014,-1,HOLD
2025-01-04 14:35:00,71.97400000000016,71.97400000000016,-1,HOLD
2025-01-04 14:40:00,71.97400000000016,71.97400000000016,-1,HOLD
2025-01-04 14:45:00,71.96560000000045,71.96560000000045,-1,HOLD
2025-01-04 14:50:00,72.02300000000014,72.02300000000014,-1,HOLD
2025-01-04 14:55:00,72.02300000000014,72.02300000000014,-1,HOLD
2025-01-04 15:00:00,72.02279999999973,72.02279999999973,-1,HOLD
2025-01-04 15:05:00,72.02300000000014,72.02300000000014,-1,HOLD
2025-01-04 15:10:00,72.18339999999989,72.18339999999989,-1,HOLD
2025-01-04 15:15:00,72.08920000000035,72.08920000000035,-1,HOLD
2025-01-04 15:20:00,72.06900000000041,72.06900000000041,-1,HOLD
2025-01-04 15:25:00,72.07960000000003,72.07960000000003,-1,HOLD
2025-01-04 15:30:00,72.07960000000003,72.07960000000003,-1,HOLD
2025-01-04 15:35:00,72.0564000000004,72.0564000000004,-1,HOLD
2025-01-04 15:40:00,72.08359999999993,72.08359999999993,-1,HOLD
2025-01-04 15:45:00,72.01440000000002,72.01440000000002,-1,HOLD
2025-01-04 15:50:00,71.9398000000001,71.9398000000001,-1,HOLD
2025-01-04 15:55:00,71.92140000000018,71.92140000000018,-1,HOLD
2025-01-04 16:00:00,71.94679999999971,71.94679999999971,-1,HOLD
2025-01-04 16:05:00,71.98540000000048,71.98540000000048,-1,HOLD
2025-01-04 16:10:00,72.06620000000021,72.06620000000021,-1,HOLD
2025-01-04 16:15:00,72.00540000000001,72.00540000000001,-1,HOLD
2025-01-04 16:20:00,71.89019999999982,71.89019999999982,-1,HOLD
2025-01-04 16:25:00,71.85680000000048,71.85680000000048,-1,HOLD
2025-01-04 16:30:00,71.85680000000048,71.85680000000048,-1,HOLD
2025-01-04 16:35:00,72.00700000000052,72.00700000000052,-1,HOLD
2025-01-04 16:40:00,72.00700000000052,72.00700000000052,-1,HOLD
2025-01-04 16:45:00,71.76940000000013,71.76940000000013,-1,HOLD
2025-01-04 16:50:00,71.76879999999983,71.76879999999983,-1,HOLD
2025-01-04 16:55:00,71.74179999999978,71.74179999999978,-1,HOLD
2025-01-04 17:00:00,71.73340000000007,71.73340000000007,-1,HOLD
2025-01-04 17:05:00,71.7514000000001,71.7514000000001,-1,HOLD
2025-01-04 17:10:00,71.71079999999984,71.71079999999984,-1,HOLD
2025-01-04 17:15:00,71.84979999999996,71.84979999999996,-1,HOLD
2025-01-04 17:20:00,71.86239999999998,71.86239999999998,-1,HOLD
2025-01-04 17:25:00,71.86239999999998,71.86239999999998,-1,HOLD
2025-01-04 17:30:00,71.86239999999998,71.86239999999998,-1,HOLD
2025-01-04 17:35:00,71.8738000000003,71.8738000000003,-1,HOLD
2025-01-04 17:40:00,71.8738000000003,71.8738000000003,-1,HOLD
2025-01-04 17:45:00,71.77080000000024,71.77080000000024,-1,HOLD
2025-01-04 17:50:00,71.78420000000006,71.78420000000006,-1,HOLD
2025-01-04 17:55:00,71.78420000000006,71.78420000000006,-1,HOLD
2025-01-04 18:00:00,71.78420000000006,71.78420000000006,-1,HOLD
2025-01-04 18:05:00,71.6212000000005,71.6212000000005,-1,HOLD
2025-01-04 18:10:00,71.59320000000025,71.59320000000025,-1,HOLD
2025-01-04 18:15:00,71.59400000000005,71.59400000000005,-1,HOLD
2025-01-04 18:20:00,71.5,71.5,-1,HOLD
2025-01-04 18:25:00,71.63180000000011,71.63180000000011,-1,HOLD
2025-01-04 18:30:00,71.63180000000011,71.63180000000011,-1,HOLD
2025-01-04 18:35:00,71.63180000000011,71.63180000000011,-1,HOLD
2025-01-04 18:40:00,71.63180000000011,71.63180000000011,-1,HOLD
2025-01-04 18:45:00,71.63180000000011,71.63180000000011,-1,HOLD
2025-01-04 18:50:00,71.72080000000005,71.72080000000005,-1,HOLD
2025-01-04 18:55:00,71.72080000000005,71.72080000000005,-1,HOLD
2025-01-04 19:00:00,71.72080000000005,71.72080000000005,-1,HOLD
2025-01-04 19:05:00,71.75619999999981,71.75619999999981,-1,HOLD
2025-01-04 19:10:00,71.83039999999983,71.83039999999983,-1,HOLD
2025-01-04 19:15:00,71.85120000000006,71.85120000000006,-1,HOLD
2025-01-04 19:20:00,71.78840000000037,71.78840000000037,-1,HOLD
2025-01-04 19:25:00,71.73260000000028,71.73260000000028,-1,HOLD
2025-01-04 19:30:00,71.73260000000028,71.73260000000028,-1,HOLD
2025-01-04 19:35:00,71.73260000000028,71.73260000000028,-1,HOLD
2025-01-04 19:40:00,71.91840000000047,71.91840000000047,-1,HOLD
2025-01-04 19:45:00,71.86359999999968,71.86359999999968,-1,HOLD
2025-01-04 19:50:00,72.08520000000044,72.08520000000044,-1,HOLD
2025-01-04 19:55:00,72.03920000000016,72.03920000000016,-1,HOLD
2025-01-04 20:00:00,72.08640000000014,72.08640000000014,-1,HOLD
2025-01-04 20:05:00,72.08839999999964,72.08839999999964,-1,HOLD
2025-01-04 20:10:00,72.13200000000052,72.13200000000052,-1,HOLD
2025-01-04 20:15:00,72.34040000000005,72.34040000000005,-1,HOLD
2025-01-04 20:20:00,72.54079999999976,72.54079999999976,-1,HOLD
2025-01-04 20:25:00,72.78520000000026,72.78520000000026,-1,HOLD
2025-01-04 20:30:00,72.71020000000044,72.71020000000044,-1,HOLD
2025-01-04 20:35:00,72.67420000000038,72.67420000000038,-1,HOLD
2025-01-04 20:40:00,72.63680000000022,72.63680000000022,-1,HOLD
2025-01-04 20:45:00,72.58700000000044,72.58700000000044,-1,HOLD
2025-01-04 20:50:00,72.64879999999994,72.64879999999994,-1,HOLD
2025-01-04 20:55:00,72.71519999999964,72.71519999999964,-1,HOLD
2025-01-04 21:00:00,72.70160000000033,72.70160000000033,-1,HOLD
2025-01-04 21:05:00,72.53499999999985,72.53499999999985,-1,HOLD
2025-01-04 21:10:00,72.89919999999984,72.89919999999984,-1,HOLD
2025-01-04 21:15:00,72.79960000000028,72.79960000000028,-1,HOLD
2025-01-04 21:20:00,72.77859999999964,72.77859999999964,-1,HOLD
2025-01-04 21:25:00,72.8060000000005,72.8060000000005,-1,HOLD
2025-01-04 21:30:00,72.64999999999964,72.64999999999964,-1,HOLD
2025-01-04 21:35:00,72.74319999999989,72.74319999999989,-1,HOLD
2025-01-04 21:40:00,72.74319999999989,72.74319999999989,-1,HOLD
2025-01-04 21:45:00,72.81580000000031,72.81580000000031,-1,HOLD
2025-01-04 21:50:00,72.83179999999993,72.83179999999993,-1,HOLD
2025-01-04 21:55:00,72.90560000000005,72.90560000000005,-1,HOLD
2025-01-04 22:00:00,72.85999999999967,72.85999999999967,-1,HOLD
2025-01-04 22:05:00,72.89419999999973,72.89419999999973,-1,HOLD
2025-01-04 22:10:00,72.90560000000005,72.90560000000005,-1,HOLD
2025-01-04 22:15:00,72.70259999999962,72.70259999999962,-1,HOLD
2025-01-04 22:20:00,72.79179999999997,72.79179999999997,-1,HOLD
2025-01-04 22:25:00,72.8109999999997,72.8109999999997,-1,HOLD
2025-01-04 22:30:00,72.8109999999997,72.8109999999997,-1,HOLD
2025-01-04 22:35:00,72.84280000000035,72.84280000000035,-1,HOLD
2025-01-04 22:40:00,72.78639999999996,72.78639999999996,-1,HOLD
2025-01-04 22:45:00,72.78380000000016,72.78380000000016,-1,HOLD
2025-01-04 22:50:00,72.69819999999982,72.69819999999982,-1,HOLD
2025-01-04 22:55:00,72.75579999999991,72.75579999999991,-1,HOLD
2025-01-04 23:00:00,72.64959999999974,72.64959999999974,-1,HOLD
2025-01-04 23:05:00,72.7503999999999,72.7503999999999,-1,HOLD
2025-01-04 23:10:00,72.83539999999994,72.83539999999994,-1,HOLD
2025-01-04 23:15:00,73.12660000000051,73.12660000000051,-1,HOLD
2025-01-04 23:20:00,73.11740000000009,73.11740000000009,-1,HOLD
2025-01-04 23:25:00,72.72119999999995,72.72119999999995,-1,HOLD
2025-01-04 23:30:00,72.46060000000034,72.46060000000034,-1,HOLD
2025-01-04 23:35:00,72.21399999999994,72.21399999999994,-1,HOLD
2025-01-04 23:40:00,72.0623999999998,72.0623999999998,-1,HOLD
2025-01-04 23:45:00,72.00579999999991,72.00579999999991,-1,HOLD
2025-01-04 23:50:00,72.1252000000004,72.1252000000004,-1,HOLD
2025-01-04 23:55:00,72.17640000000029,72.17640000000029,-1,HOLD
2025-01-05 00:00:00,72.24179999999978,72.24179999999978,-1,HOLD
2025-01-05 00:05:00,72.08140000000003,72.08140000000003,-1,HOLD
2025-01-05 00:10:00,72.30379999999968,72.30379999999968,-1,HOLD
2025-01-05 00:15:00,72.35940000000028,72.35940000000028,-1,HOLD
2025-01-05 00:20:00,72.4993999999997,72.4993999999997,-1,HOLD
2025-01-05 00:25:00,72.40679999999975,72.40679999999975,-1,HOLD
2025-01-05 00:30:00,72.24340000000029,72.24340000000029,-1,HOLD
2025-01-05 00:35:00,72.25759999999991,72.25759999999991,-1,HOLD
2025-01-05 00:40:00,72.36700000000019,72.36700000000019,-1,HOLD
2025-01-05 00:45:00,72.3757999999998,72.3757999999998,-1,HOLD
2025-01-05 00:50:00,72.52300000000014,72.52300000000014,-1,HOLD
2025-01-05 00:55:00,72.52300000000014,72.52300000000014,-1,HOLD
2025-01-05 01:00:00,72.49219999999968,72.49219999999968,-1,HOLD
2025-01-05 01:05:00,72.57520000000022,72.57520000000022,-1,HOLD
2025-01-05 01:10:00,72.51640000000043,72.51640000000043,-1,HOLD
2025-01-05 01:15:00,72.57520000000022,72.57520000000022,-1,HOLD
2025-01-05 01:20:00,72.4952000000003,72.4952000000003,-1,HOLD
2025-01-05 01:25:00,72.4952000000003,72.4952000000003,-1,HOLD
2025-01-05 01:30:00,72.46640000000025,72.46640000000025,-1,HOLD
2025-01-05 01:35:00,72.55339999999978,72.55339999999978,-1,HOLD
2025-01-05 01:40:00,72.55339999999978,72.55339999999978,-1,HOLD
2025-01-05 01:45:00,72.54899999999998,72.54899999999998,-1,HOLD
2025-01-05 01:50:00,72.57800000000043,72.57800000000043,-1,HOLD
2025-01-05 01:55:00,72.6214,72.6214,-1,HOLD
2025-01-05 02:00:00,72.74579999999969,72.74579999999969,-1,HOLD
2025-01-05 02:05:00,72.82300000000032,72.82300000000032,-1,HOLD
2025-01-05 02:10:00,72.76000000000022,72.76000000000022,-1,HOLD
2025-01-05 02:15:00,72.75880000000052,72.75880000000052,-1,HOLD
2025-01-05 02:20:00,72.75880000000052,72.75880000000052,-1,HOLD
2025-01-05 02:25:00,72.6818000000003,72.6818000000003,-1,HOLD
2025-01-05 02:30:00,72.60440000000017,72.60440000000017,-1,HOLD
2025-01-05 02:35:00,72.60980000000018,72.60980000000018,-1,HOLD
2025-01-05 02:40:00,72.57120000000032,72.57120000000032,-1,HOLD
2025-01-05 02:45:00,72.47959999999966,72.47959999999966,-1,HOLD
2025-01-05 02:50:00,72.55619999999999,72.55619999999999,-1,HOLD
2025-01-05 02:55:00,72.55619999999999,72.55619999999999,-1,HOLD
2025-01-05 03:00:00,72.55619999999999,72.55619999999999,-1,HOLD
2025-01-05 03:05:00,72.55619999999999,72.55619999999999,-1,HOLD
2025-01-05 03:10:00,72.65260000000035,72.65260000000035,-1,HOLD
2025-01-05 03:15:00,72.66100000000006,72.66100000000006,-1,HOLD
2025-01-05 03:20:00,72.65999999999985,72.65999999999985,-1,HOLD
2025-01-05 03:25:00,72.63560000000052,72.63560000000052,-1,HOLD
2025-01-05 03:30:00,72.73419999999987,72.73419999999987,-1,HOLD
2025-01-05 03:35:00,72.67180000000008,72.67180000000008,-1,HOLD
2025-01-05 03:40:00,72.57499999999982,72.57499999999982,-1,HOLD
2025-01-05 03:45:00,72.59699999999975,72.59699999999975,-1,HOLD
2025-01-05 03:50:00,72.63020000000051,72.63020000000051,-1,HOLD
2025-01-05 03:55:00,72.60000000000036,72.60000000000036,-1,HOLD
2025-01-05 04:00:00,72.66600000000017,72.66600000000017,-1,HOLD
2025-01-05 04:05:00,72.66600000000017,72.66600000000017,-1,HOLD
2025-01-05 04:10:00,72.78819999999996,72.78819999999996,-1,HOLD
2025-01-05 04:15:00,72.88200000000052,72.88200000000052,-1,HOLD
2025-01-05 04:20:00,72.91939999999977,72.91939999999977,-1,HOLD
2025-01-05 04:25:00,72.90359999999964,72.90359999999964,-1,HOLD
2025-01-05 04:30:00,72.90359999999964,72.90359999999964,-1,HOLD
2025-01-05 04:35:00,72.90359999999964,72.90359999999964,-1,HOLD
2025-01-05 04:40:00,73.25640000000021,73.25640000000021,-1,HOLD
2025-01-05 04:45:00,73.3064000000004,73.3064000000004,-1,HOLD
2025-01-05 04:50:00,73.1886000000004,73.1886000000004,-1,HOLD
2025-01-05 04:55:00,73.14639999999963,73.14639999999963,-1,HOLD
2025-01-05 05:00:00,73.24420000000009,73.24420000000009,-1,HOLD
2025-01-05 05:05:00,73.23319999999967,73.23319999999967,-1,HOLD
2025-01-05 05:10:00,73.20780000000013,73.20780000000013,-1,HOLD
2025-01-05 05:15:00,73.29500000000007,73.29500000000007,-1,HOLD
2025-01-05 05:20:00,73.38100000000031,73.38100000000031,-1,HOLD
2025-01-05 05:25:00,73.32120000000032,73.32120000000032,-1,HOLD
2025-01-05 05:30:00,73.33399999999983,73.33399999999983,-1,HOLD
2025-01-05 05:35:00,73.33399999999983,73.33399999999983,-1,HOLD
2025-01-05 05:40:00,73.27019999999993,73.27019999999993,-1,HOLD
2025-01-05 05:45:00,73.17699999999968,73.17699999999968,-1,HOLD
2025-01-05 05:50:00,73.17699999999968,73.17699999999968,-1,HOLD
2025-01-05 05:55:00,73.17699999999968,73.17699999999968,-1,HOLD
2025-01-05 06:00:00,73.16660000000047,73.16660000000047,-1,HOLD
2025-01-05 06:05:00,73.08520000000044,73.08520000000044,-1,HOLD
2025-01-05 06:10:00,73.10980000000018,73.10980000000018,-1,HOLD
2025-01-05 06:15:00,73.04680000000008,73.04680000000008,-1,HOLD
2025-01-05 06:20:00,73.01100000000042,73.01100000000042,-1,HOLD
2025-01-05 06:25:00,72.96619999999984,72.96619999999984,-1,HOLD
2025-01-05 06:30:00,73.03880000000026,73.03880000000026,-1,HOLD
2025-01-05 06:35:00,73.02080000000024,73.02080000000024,-1,HOLD
2025-01-05 06:40:00,73.09860000000026,73.09860000000026,-1,HOLD
2025-01-05 06:45:00,73.19760000000042,73.19760000000042,-1,HOLD
2025-01-05 06:50:00,73.15940000000046,73.15940000000046,-1,HOLD
2025-01-05 06:55:00,73.1902,73.1902,-1,HOLD
2025-01-05 07:00:00,73.30400000000009,73.30400000000009,-1,HOLD
2025-01-05 07:05:00,73.02300000000014,73.02300000000014,-1,HOLD
2025-01-05 07:10:00,73.02319999999963,73.02319999999963,-1,HOLD
2025-01-05 07:15:00,73.10660000000007,73.10660000000007,-1,HOLD
2025-01-05 07:20:00,73.14019999999982,73.14019999999982,-1,HOLD
2025-01-05 07:25:00,73.22000000000025,73.22000000000025,-1,HOLD
2025-01-05 07:30:00,73.16520000000037,73.16520000000037,-1,HOLD
2025-01-05 07:35:00,73.16539999999986,73.16539999999986,-1,HOLD
2025-01-05 07:40:00,73.16520000000037,73.16520000000037,-1,HOLD
2025-01-05 07:45:00,73.1880000000001,73.1880000000001,-1,HOLD
2025-01-05 07:50:00,73.1880000000001,73.1880000000001,-1,HOLD
2025-01-05 07:55:00,73.13000000000011,73.13000000000011,-1,HOLD
2025-01-05 08:00:00,73.13320000000022,73.13320000000022,-1,HOLD
2025-01-05 08:05:00,73.10480000000007,73.10480000000007,-1,HOLD
2025-01-05 08:10:00,73.34119999999984,73.34119999999984,-1,HOLD
2025-01-05 08:15:00,73.4355999999998,73.4355999999998,-1,HOLD
2025-01-05 08:20:00,73.19639999999981,73.19639999999981,-1,HOLD
2025-01-05 08:25:00,73.23660000000018,73.23660000000018,-1,HOLD
2025-01-05 08:30:00,73.27859999999964,73.27859999999964,-1,HOLD
2025-01-05 08:35:00,73.23959999999988,73.23959999999988,-1,HOLD
2025-01-05 08:40:00,73.14260000000013,73.14260000000013,-1,HOLD
2025-01-05 08:45:00,73.05879999999979,73.05879999999979,-1,HOLD
2025-01-05 08:50:00,73.00799999999981,73.00799999999981,-1,HOLD
2025-01-05 08:55:00,72.99279999999999,72.99279999999999,-1,HOLD
2025-01-05 09:00:00,72.9948000000004,72.9948000000004,-1,HOLD
2025-01-05 09:05:00,72.84420000000046,72.84420000000046,-1,HOLD
2025-01-05 09:10:00,72.9386000000004,72.9386000000004,-1,HOLD
2025-01-05 09:15:00,72.95160000000033,72.95160000000033,-1,HOLD
2025-01-05 09:20:00,72.96560000000045,72.96560000000045,-1,HOLD
2025-01-05 09:25:00,72.91679999999997,72.91679999999997,-1,HOLD
2025-01-05 09:30:00,72.80320000000029,72.80320000000029,-1,HOLD
2025-01-05 09:35:00,72.7510000000002,72.7510000000002,-1,HOLD
2025-01-05 09:40:00,72.71119999999974,72.71119999999974,-1,HOLD
2025-01-05 09:45:00,72.71119999999974,72.71119999999974,-1,HOLD
2025-01-05 09:50:00,72.66499999999996,72.66499999999996,-1,HOLD
2025-01-05 09:55:00,72.73999999999978,72.73999999999978,-1,HOLD
2025-01-05 10:00:00,72.76640000000043,72.76640000000043,-1,HOLD
2025-01-05 10:05:00,72.74340000000029,72.74340000000029,-1,HOLD
2025-01-05 10:10:00,72.79039999999986,72.79039999999986,-1,HOLD
2025-01-05 10:15:00,72.84220000000005,72.84220000000005,-1,HOLD
2025-01-05 10:20:00,72.88100000000031,72.88100000000031,-1,HOLD
2025-01-05 10:25:00,72.88100000000031,72.88100000000031,-1,HOLD
2025-01-05 10:30:00,72.72680000000037,72.72680000000037,-1,HOLD
2025-01-05 10:35:00,72.72680000000037,72.72680000000037,-1,HOLD
2025-01-05 10:40:00,72.72680000000037,72.72680000000037,-1,HOLD
2025-01-05 10:45:00,72.72680000000037,72.72680000000037,-1,HOLD
2025-01-05 10:50:00,72.76879999999983,72.76879999999983,-1,HOLD
2025-01-05 10:55:00,72.82800000000043,72.82800000000043,-1,HOLD
2025-01-05 11:00:00,72.82800000000043,72.82800000000043,-1,HOLD
2025-01-05 11:05:00,72.6877999999997,72.6877999999997,-1,HOLD
2025-01-05 11:10:00,72.78859999999986,72.78859999999986,-1,HOLD
2025-01-05 11:15:00,72.78060000000005,72.78060000000005,-1,HOLD
2025-01-05 11:20:00,72.78060000000005,72.78060000000005,-1,HOLD
2025-01-05 11:25:00,72.65499999999975,72.65499999999975,-1,HOLD
2025-01-05 11:30:00,72.65499999999975,72.65499999999975,-1,HOLD
2025-01-05 11:35:00,72.65499999999975,72.65499999999975,-1,HOLD
2025-01-05 11:40:00,72.74499999999989,72.74499999999989,-1,HOLD
2025-01-05 11:45:00,72.69480000000021,72.69480000000021,-1,HOLD
2025-01-05 11:50:00,72.69480000000021,72.69480000000021,-1,HOLD
2025-01-05 11:55:00,72.71259999999984,72.71259999999984,-1,HOLD
2025-01-05 12:00:00,72.77819999999974,72.77819999999974,-1,HOLD
2025-01-05 12:05:00,72.83359999999993,72.83359999999993,-1,HOLD
2025-01-05 12:10:00,72.85540000000037,72.85540000000037,-1,HOLD
2025-01-05 12:15:00,72.85540000000037,72.85540000000037,-1,HOLD
2025-01-05 12:20:00,72.88100000000031,72.88100000000031,-1,HOLD
2025-01-05 12:25:00,72.95300000000043,72.95300000000043,-1,HOLD
2025-01-05 12:30:00,72.97839999999997,72.97839999999997,-1,HOLD
2025-01-05 12:35:00,72.95560000000023,72.95560000000023,-1,HOLD
2025-01-05 12:40:00,72.90719999999965,72.90719999999965,-1,HOLD
2025-01-05 12:45:00,72.91619999999966,72.91619999999966,-1,HOLD
2025-01-05 12:50:00,72.8738000000003,72.8738000000003,-1,HOLD
2025-01-05 12:55:00,72.88040000000001,72.88040000000001,-1,HOLD
2025-01-05 13:00:00,72.80739999999969,72.80739999999969,-1,HOLD
2025-01-05 13:05:00,72.83780000000024,72.83780000000024,-1,HOLD
2025-01-05 13:10:00,72.73559999999998,72.73559999999998,-1,HOLD
2025-01-05 13:15:00,72.71860000000015,72.71860000000015,-1,HOLD
2025-01-05 13:20:00,72.71860000000015,72.71860000000015,-1,HOLD
2025-01-05 13:25:00,72.81840000000011,72.81840000000011,-1,HOLD
2025-01-05 13:30:00,72.77019999999993,72.77019999999993,-1,HOLD
2025-01-05 13:35:00,72.67479999999978,72.67479999999978,-1,HOLD
2025-01-05 13:40:00,72.77220000000034,72.77220000000034,-1,HOLD
2025-01-05 13:45:00,72.73499999999967,72.73499999999967,-1,HOLD
2025-01-05 13:50:00,72.71140000000014,72.71140000000014,-1,HOLD
2025-01-05 13:55:00,72.66039999999975,72.66039999999975,-1,HOLD
2025-01-05 14:00:00,72.60000000000036,72.60000000000036,-1,HOLD
2025-01-05 14:05:00,72.67780000000039,72.67780000000039,-1,HOLD
2025-01-05 14:10:00,72.67460000000028,72.67460000000028,-1,HOLD
2025-01-05 14:15:00,72.66359999999986,72.66359999999986,-1,HOLD
2025-01-05 14:20:00,72.76080000000002,72.76080000000002,-1,HOLD
2025-01-05 14:25:00,72.76080000000002,72.76080000000002,-1,HOLD
2025-01-05 14:30:00,72.76080000000002,72.76080000000002,-1,HOLD
2025-01-05 14:35:00,72.76080000000002,72.76080000000002,-1,HOLD
2025-01-05 14:40:00,72.76080000000002,72.76080000000002,-1,HOLD
2025-01-05 14:45:00,72.77319999999963,72.77319999999963,-1,HOLD
2025-01-05 14:50:00,72.86620000000039,72.86620000000039,-1,HOLD
2025-01-05 14:55:00,72.83039999999983,72.83039999999983,-1,HOLD
2025-01-05 15:00:00,72.80479999999989,72.80479999999989,-1,HOLD
2025-01-05 15:05:00,72.86160000000018,72.86160000000018,-1,HOLD
2025-01-05 15:10:00,72.77279999999973,72.77279999999973,-1,HOLD
2025-01-05 15:15:00,72.77279999999973,72.77279999999973,-1,HOLD
2025-01-05 15:20:00,72.76159999999982,72.76159999999982,-1,HOLD
2025-01-05 15:25:00,72.76159999999982,72.76159999999982,-1,HOLD
2025-01-05 15:30:00,72.71060000000034,72.71060000000034,-1,HOLD
2025-01-05 15:35:00,72.70979999999963,72.70979999999963,-1,HOLD
2025-01-05 15:40:00,72.70979999999963,72.70979999999963,-1,HOLD
2025-01-05 15:45:00,72.6848,72.6848,-1,HOLD
2025-01-05 15:50:00,72.6866,72.6866,-1,HOLD
2025-01-05 15:55:00,72.69480000000021,72.69480000000021,-1,HOLD
2025-01-05 16:00:00,72.65260000000035,72.65260000000035,-1,HOLD
2025-01-05 16:05:00,72.44419999999991,72.44419999999991,-1,HOLD
2025-01-05 16:10:00,72.4382000000005,72.4382000000005,-1,HOLD
2025-01-05 16:15:00,72.25600000000031,72.25600000000031,-1,HOLD
2025-01-05 16:20:00,72.30000000000018,72.30000000000018,-1,HOLD
2025-01-05 16:25:00,72.42780000000039,72.42780000000039,-1,HOLD
2025-01-05 16:30:00,72.44180000000051,72.44180000000051,-1,HOLD
2025-01-05 16:35:00,72.45679999999993,72.45679999999993,-1,HOLD
2025-01-05 16:40:00,72.45679999999993,72.45679999999993,-1,HOLD
2025-01-05 16:45:00,72.45679999999993,72.45679999999993,-1,HOLD
2025-01-05 16:50:00,72.41619999999966,72.41619999999966,-1,HOLD
2025-01-05 16:55:00,72.41619999999966,72.41619999999966,-1,HOLD
2025-01-05 17:00:00,72.41619999999966,72.41619999999966,-1,HOLD
2025-01-05 17:05:00,72.33780000000024,72.33780000000024,-1,HOLD
2025-01-05 17:10:00,72.33780000000024,72.33780000000024,-1,HOLD
2025-01-05 17:15:00,72.33780000000024,72.33780000000024,-1,HOLD
2025-01-05 17:20:00,72.33780000000024,72.33780000000024,-1,HOLD
2025-01-05 17:25:00,72.38540000000012,72.38540000000012,-1,HOLD
2025-01-05 17:30:00,72.28819999999996,72.28819999999996,-1,HOLD
2025-01-05 17:35:00,72.27919999999995,72.27919999999995,-1,HOLD
2025-01-05 17:40:00,72.27919999999995,72.27919999999995,-1,HOLD
2025-01-05 17:45:00,72.42900000000009,72.42900000000009,-1,HOLD
2025-01-05 17:50:00,72.20259999999962,72.20259999999962,-1,HOLD
2025-01-05 17:55:00,72.24219999999968,72.24219999999968,-1,HOLD
2025-01-05 18:00:00,72.10720000000038,72.10720000000038,-1,HOLD
2025-01-05 18:05:00,72.10720000000038,72.10720000000038,-1,HOLD
2025-01-05 18:10:00,72.10720000000038,72.10720000000038,-1,HOLD
2025-01-05 18:15:00,72.10720000000038,72.10720000000038,-1,HOLD
2025-01-05 18:20:00,72.30220000000008,72.30220000000008,-1,HOLD
2025-01-05 18:25:00,72.30220000000008,72.30220000000008,-1,HOLD
2025-01-05 18:30:00,72.30000000000018,72.30000000000018,-1,HOLD
2025-01-05 18:35:00,72.35760000000028,72.35760000000028,-1,HOLD
2025-01-05 18:40:00,72.36080000000038,72.36080000000038,-1,HOLD
2025-01-05 18:45:00,72.36080000000038,72.36080000000038,-1,HOLD
2025-01-05 18:50:00,72.36080000000038,72.36080000000038,-1,HOLD
2025-01-05 18:55:00,72.36080000000038,72.36080000000038,-1,HOLD
2025-01-05 19:00:00,72.36080000000038,72.36080000000038,-1,HOLD
2025-01-05 19:05:00,72.30379999999968,72.30379999999968,-1,HOLD
2025-01-05 19:10:00,72.30379999999968,72.30379999999968,-1,HOLD
2025-01-05 19:15:00,72.30379999999968,72.30379999999968,-1,HOLD
2025-01-05 19:20:00,72.3774000000003,72.3774000000003,-1,HOLD
2025-01-05 19:25:00,72.3774000000003,72.3774000000003,-1,HOLD
2025-01-05 19:30:00,72.26839999999993,72.26839999999993,-1,HOLD
2025-01-05 19:35:00,72.27180000000044,72.27180000000044,-1,HOLD
2025-01-05 19:40:00,72.27180000000044,72.27180000000044,-1,HOLD
2025-01-05 19:45:00,72.27180000000044,72.27180000000044,-1,HOLD
2025-01-05 19:50:00,72.23679999999968,72.23679999999968,-1,HOLD
2025-01-05 19:55:00,72.30240000000049,72.30240000000049,-1,HOLD
2025-01-05 20:00:00,72.30240000000049,72.30240000000049,-1,HOLD
2025-01-05 20:05:00,72.30240000000049,72.30240000000049,-1,HOLD
2025-01-05 20:10:00,72.28840000000037,72.28840000000037,-1,HOLD
2025-01-05 20:15:00,72.36300000000028,72.36300000000028,-1,HOLD
2025-01-05 20:20:00,72.33359999999993,72.33359999999993,-1,HOLD
2025-01-05 20:25:00,72.33359999999993,72.33359999999993,-1,HOLD
2025-01-05 20:30:00,72.27679999999964,72.27679999999964,-1,HOLD
2025-01-05 20:35:00,72.27679999999964,72.27679999999964,-1,HOLD
2025-01-05 20:40:00,72.27679999999964,72.27679999999964,-1,HOLD
2025-01-05 20:45:00,72.27679999999964,72.27679999999964,-1,HOLD
2025-01-05 20:50:00,72.38500000000022,72.38500000000022,-1,HOLD
2025-01-05 20:55:00,72.32920000000013,72.32920000000013,-1,HOLD
2025-01-05 21:00:00,72.32920000000013,72.32920000000013,-1,HOLD
2025-01-05 21:05:00,72.32920000000013,72.32920000000013,-1,HOLD
2025-01-05 21:10:00,72.35379999999986,72.35379999999986,-1,HOLD
2025-01-05 21:15:00,72.44760000000042,72.44760000000042,-1,HOLD
2025-01-05 21:20:00,72.44760000000042,72.44760000000042,-1,HOLD
2025-01-05 21:25:00,72.44760000000042,72.44760000000042,-1,HOLD
2025-01-05 21:30:00,72.51699999999983,72.51699999999983,-1,HOLD
2025-01-05 21:35:00,72.4373999999998,72.4373999999998,-1,HOLD
2025-01-05 21:40:00,72.53960000000006,72.53960000000006,-1,HOLD
2025-01-05 21:45:00,72.45020000000022,72.45020000000022,-1,HOLD
2025-01-05 21:50:00,72.46560000000045,72.46560000000045,-1,HOLD
2025-01-05 21:55:00,72.46560000000045,72.46560000000045,-1,HOLD
2025-01-05 22:00:00,72.31700000000001,72.31700000000001,-1,HOLD
2025-01-05 22:05:00,72.35419999999976,72.35419999999976,-1,HOLD
2025-01-05 22:10:00,72.34000000000015,72.34000000000015,-1,HOLD
2025-01-05 22:15:00,71.9989999999998,71.9989999999998,-1,HOLD
2025-01-05 22:20:00,72.01280000000042,72.01280000000042,-1,HOLD
2025-01-05 22:25:00,72.18080000000009,72.18080000000009,-1,HOLD
2025-01-05 22:30:00,72.04060000000027,72.04060000000027,-1,HOLD
2025-01-05 22:35:00,72.25560000000041,72.25560000000041,-1,HOLD
2025-01-05 22:40:00,72.35900000000038,72.35900000000038,-1,HOLD
2025-01-05 22:45:00,72.48900000000049,72.48900000000049,-1,HOLD
2025-01-05 22:50:00,72.4328000000005,72.4328000000005,-1,HOLD
2025-01-05 22:55:00,72.4328000000005,72.4328000000005,-1,HOLD
2025-01-05 23:00:00,72.50880000000052,72.50880000000052,-1,HOLD
2025-01-05 23:05:00,72.67720000000008,72.67720000000008,-1,HOLD
2025-01-05 23:10:00,72.60360000000037,72.60360000000037,-1,HOLD
2025-01-05 23:15:00,72.54200000000037,72.54200000000037,-1,HOLD
2025-01-05 23:20:00,72.48980000000029,72.48980000000029,-1,HOLD
2025-01-05 23:25:00,72.42140000000018,72.42140000000018,-1,HOLD
2025-01-05 23:30:00,72.65660000000025,72.65660000000025,-1,HOLD
2025-01-05 23:35:00,72.69959999999992,72.69959999999992,-1,HOLD
2025-01-05 23:40:00,72.69959999999992,72.69959999999992,-1,HOLD
2025-01-05 23:45:00,72.65599999999995,72.65599999999995,-1,HOLD
2025-01-05 23:50:00,72.69260000000031,72.69260000000031,-1,HOLD
2025-01-05 23:55:00,72.64419999999973,72.64419999999973,-1,HOLD
2025-01-06 00:00:00,72.70259999999962,72.70259999999962,-1,HOLD
2025-01-06 00:05:00,72.80619999999999,72.80619999999999,-1,HOLD
2025-01-06 00:10:00,72.73779999999988,72.73779999999988,-1,HOLD
2025-01-06 00:15:00,72.73779999999988,72.73779999999988,-1,HOLD
2025-01-06 00:20:00,72.66979999999967,72.66979999999967,-1,HOLD
2025-01-06 00:25:00,72.71540000000005,72.71540000000005,-1,HOLD
2025-01-06 00:30:00,72.71540000000005,72.71540000000005,-1,HOLD
2025-01-06 00:35:00,72.67119999999977,72.67119999999977,-1,HOLD
2025-01-06 00:40:00,72.67119999999977,72.67119999999977,-1,HOLD
2025-01-06 00:45:00,72.56880000000001,72.56880000000001,-1,HOLD
2025-01-06 00:50:00,72.54299999999967,72.54299999999967,-1,HOLD
2025-01-06 00:55:00,72.62079999999969,72.62079999999969,-1,HOLD
2025-01-06 01:00:00,72.65740000000005,72.65740000000005,-1,HOLD
2025-01-06 01:05:00,72.66319999999996,72.66319999999996,-1,HOLD
2025-01-06 01:10:00,72.72820000000047,72.72820000000047,-1,HOLD
2025-01-06 01:15:00,72.6855999999998,72.6855999999998,-1,HOLD
2025-01-06 01:20:00,72.66480000000047,72.66480000000047,-1,HOLD
2025-01-06 01:25:00,72.78859999999986,72.78859999999986,-1,HOLD
2025-01-06 01:30:00,72.9402,72.9402,-1,HOLD
2025-01-06 01:35:00,72.79299999999967,72.79299999999967,-1,HOLD
2025-01-06 01:40:00,72.70259999999962,72.70259999999962,-1,HOLD
2025-01-06 01:45:00,72.53520000000026,72.53520000000026,-1,HOLD
2025-01-06 01:50:00,72.52880000000005,72.52880000000005,-1,HOLD
2025-01-06 01:55:00,72.52880000000005,72.52880000000005,-1,HOLD
2025-01-06 02:00:00,72.33079999999973,72.33079999999973,-1,HOLD
2025-01-06 02:05:00,72.27199999999993,72.27199999999993,-1,HOLD
2025-01-06 02:10:00,72.31720000000041,72.31720000000041,-1,HOLD
2025-01-06 02:15:00,72.36859999999979,72.36859999999979,-1,HOLD
2025-01-06 02:20:00,72.47360000000026,72.47360000000026,-1,HOLD
2025-01-06 02:25:00,72.4390000000003,72.4390000000003,-1,HOLD
2025-01-06 02:30:00,72.4380000000001,72.4380000000001,-1,HOLD
2025-01-06 02:35:00,72.58399999999983,72.58399999999983,-1,HOLD
2025-01-06 02:40:00,72.58340000000044,72.58340000000044,-1,HOLD
2025-01-06 02:45:00,72.58259999999973,72.58259999999973,-1,HOLD
2025-01-06 02:50:00,72.60279999999966,72.60279999999966,-1,HOLD
2025-01-06 02:55:00,72.64339999999993,72.64339999999993,-1,HOLD
2025-01-06 03:00:00,72.64339999999993,72.64339999999993,-1,HOLD
2025-01-06 03:05:00,72.70319999999992,72.70319999999992,-1,HOLD
2025-01-06 03:10:00,72.72299999999996,72.72299999999996,-1,HOLD
2025-01-06 03:15:00,72.77499999999964,72.77499999999964,-1,HOLD
2025-01-06 03:20:00,72.65260000000035,72.65260000000035,-1,HOLD
2025-01-06 03:25:00,72.65260000000035,72.65260000000035,-1,HOLD
2025-01-06 03:30:00,72.70380000000023,72.70380000000023,-1,HOLD
2025-01-06 03:35:00,72.70380000000023,72.70380000000023,-1,HOLD
2025-01-06 03:40:00,72.70380000000023,72.70380000000023,-1,HOLD
2025-01-06 03:45:00,72.70380000000023,72.70380000000023,-1,HOLD
2025-01-06 03:50:00,72.70380000000023,72.70380000000023,-1,HOLD
2025-01-06 03:55:00,72.64779999999973,72.64779999999973,-1,HOLD
2025-01-06 04:00:00,72.64779999999973,72.64779999999973,-1,HOLD
2025-01-06 04:05:00,72.71100000000024,72.71100000000024,-1,HOLD
2025-01-06 04:10:00,72.8064000000004,72.8064000000004,-1,HOLD
2025-01-06 04:15:00,73.09820000000036,73.09820000000036,-1,HOLD
2025-01-06 04:20:00,72.97260000000006,72.97260000000006,-1,HOLD
2025-01-06 04:25:00,72.9380000000001,72.9380000000001,-1,HOLD
2025-01-06 04:30:00,72.83740000000034,72.83740000000034,-1,HOLD
2025-01-06 04:35:00,72.78819999999996,72.78819999999996,-1,HOLD
2025-01-06 04:40:00,72.74539999999979,72.74539999999979,-1,HOLD
2025-01-06 04:45:00,72.64459999999963,72.64459999999963,-1,HOLD
2025-01-06 04:50:00,72.71879999999965,72.71879999999965,-1,HOLD
2025-01-06 04:55:00,72.71839999999975,72.71839999999975,-1,HOLD
2025-01-06 05:00:00,72.7471999999998,72.7471999999998,-1,HOLD
2025-01-06 05:05:00,72.7482,72.7482,-1,HOLD
2025-01-06 05:10:00,72.80000000000018,72.80000000000018,-1,HOLD
2025-01-06 05:15:00,72.83560000000034,72.83560000000034,-1,HOLD
2025-01-06 05:20:00,72.78999999999996,72.78999999999996,-1,HOLD
2025-01-06 05:25:00,72.85279999999966,72.85279999999966,-1,HOLD
2025-01-06 05:30:00,72.85279999999966,72.85279999999966,-1,HOLD
2025-01-06 05:35:00,72.92219999999998,72.92219999999998,-1,HOLD
2025-01-06 05:40:00,72.78600000000006,72.78600000000006,-1,HOLD
2025-01-06 05:45:00,72.78600000000006,72.78600000000006,-1,HOLD
2025-01-06 05:50:00,72.84159999999974,72.84159999999974,-1,HOLD
2025-01-06 05:55:00,72.92820000000029,72.92820000000029,-1,HOLD
2025-01-06 06:00:00,72.82679999999982,72.82679999999982,-1,HOLD
2025-01-06 06:05:00,72.8116,72.8116,-1,HOLD
2025-01-06 06:10:00,72.8116,72.8116,-1,HOLD
2025-01-06 06:15:00,72.8116,72.8116,-1,HOLD
2025-01-06 06:20:00,72.83079999999973,72.83079999999973,-1,HOLD
2025-01-06 06:25:00,72.90700000000015,72.90700000000015,-1,HOLD
2025-01-06 06:30:00,72.8782000000001,72.8782000000001,-1,HOLD
2025-01-06 06:35:00,72.96000000000004,72.96000000000004,-1,HOLD
2025-01-06 06:40:00,72.83479999999963,72.83479999999963,-1,HOLD
2025-01-06 06:45:00,72.8100000000004,72.8100000000004,-1,HOLD
2025-01-06 06:50:00,72.80659999999989,72.80659999999989,-1,HOLD
2025-01-06 06:55:00,72.8698000000004,72.8698000000004,-1,HOLD
2025-01-06 07:00:00,72.97699999999986,72.97699999999986,-1,HOLD
2025-01-06 07:05:00,72.95740000000023,72.95740000000023,-1,HOLD
2025-01-06 07:10:00,72.88619999999992,72.88619999999992,-1,HOLD
2025-01-06 07:15:00,72.8068000000003,72.8068000000003,-1,HOLD
2025-01-06 07:20:00,72.75500000000011,72.75500000000011,-1,HOLD
2025-01-06 07:25:00,72.79939999999988,72.79939999999988,-1,HOLD
2025-01-06 07:30:00,72.8078000000005,72.8078000000005,-1,HOLD
2025-01-06 07:35:00,72.76580000000013,72.76580000000013,-1,HOLD
2025-01-06 07:40:00,72.79759999999987,72.79759999999987,-1,HOLD
2025-01-06 07:45:00,72.76280000000042,72.76280000000042,-1,HOLD
2025-01-06 07:50:00,72.72680000000037,72.72680000000037,-1,HOLD
2025-01-06 07:55:00,72.72680000000037,72.72680000000037,-1,HOLD
2025-01-06 08:00:00,72.8094000000001,72.8094000000001,-1,HOLD
2025-01-06 08:05:00,72.8094000000001,72.8094000000001,-1,HOLD
2025-01-06 08:10:00,72.85379999999986,72.85379999999986,-1,HOLD
2025-01-06 08:15:00,72.66840000000047,72.66840000000047,-1,HOLD
2025-01-06 08:20:00,72.92360000000008,72.92360000000008,-1,HOLD
2025-01-06 08:25:00,72.85860000000048,72.85860000000048,-1,HOLD
2025-01-06 08:30:00,72.73120000000017,72.73120000000017,-1,HOLD
2025-01-06 08:35:00,72.65099999999984,72.65099999999984,-1,HOLD
2025-01-06 08:40:00,72.65099999999984,72.65099999999984,-1,HOLD
2025-01-06 08:45:00,72.73379999999997,72.73379999999997,-1,HOLD
2025-01-06 08:50:00,72.5032000000001,72.5032000000001,-1,HOLD
2025-01-06 08:55:00,72.44000000000051,72.44000000000051,-1,HOLD
2025-01-06 09:00:00,72.47400000000016,72.47400000000016,-1,HOLD
2025-01-06 09:05:00,72.33680000000004,72.33680000000004,-1,HOLD
2025-01-06 09:10:00,72.30140000000029,72.30140000000029,-1,HOLD
2025-01-06 09:15:00,72.26400000000012,72.26400000000012,-1,HOLD
2025-01-06 09:20:00,72.32980000000043,72.32980000000043,-1,HOLD
2025-01-06 09:25:00,72.48360000000048,72.48360000000048,-1,HOLD
2025-01-06 09:30:00,72.47400000000016,72.47400000000016,-1,HOLD
2025-01-06 09:35:00,72.47580000000016,72.47580000000016,-1,HOLD
2025-01-06 09:40:00,72.57600000000002,72.57600000000002,-1,HOLD
2025-01-06 09:45:00,72.59900000000016,72.59900000000016,-1,HOLD
2025-01-06 09:50:00,73.02319999999963,73.02319999999963,-1,HOLD
2025-01-06 09:55:00,72.88000000000011,72.88000000000011,-1,HOLD
2025-01-06 10:00:00,73.11580000000049,73.11580000000049,-1,HOLD
2025-01-06 10:05:00,73.55180000000018,73.55180000000018,-1,HOLD
2025-01-06 10:10:00,73.43040000000019,73.43040000000019,-1,HOLD
2025-01-06 10:15:00,73.3152,73.3152,-1,HOLD
2025-01-06 10:20:00,73.31760000000031,73.31760000000031,-1,HOLD
2025-01-06 10:25:00,73.22220000000016,73.22220000000016,-1,HOLD
2025-01-06 10:30:00,73.50460000000021,73.50460000000021,-1,HOLD
2025-01-06 10:35:00,73.59479999999985,73.59479999999985,-1,HOLD
2025-01-06 10:40:00,73.36359999999968,73.36359999999968,-1,HOLD
2025-01-06 10:45:00,73.41100000000006,73.41100000000006,-1,HOLD
2025-01-06 10:50:00,73.30479999999989,73.30479999999989,-1,HOLD
2025-01-06 10:55:00,73.18299999999999,73.18299999999999,-1,HOLD
2025-01-06 11:00:00,73.20840000000044,73.20840000000044,-1,HOLD
2025-01-06 11:05:00,73.33740000000034,73.33740000000034,-1,HOLD
2025-01-06 11:10:00,73.33740000000034,73.33740000000034,-1,HOLD
2025-01-06 11:15:00,73.29740000000038,73.29740000000038,-1,HOLD
2025-01-06 11:20:00,73.23000000000047,73.23000000000047,-1,HOLD
2025-01-06 11:25:00,73.23000000000047,73.23000000000047,-1,HOLD
2025-01-06 11:30:00,73.44580000000042,73.44580000000042,-1,HOLD
2025-01-06 11:35:00,73.39199999999983,73.39199999999983,-1,HOLD
2025-01-06 11:40:00,73.4382000000005,73.4382000000005,-1,HOLD
2025-01-06 11:45:00,73.26620000000003,73.26620000000003,-1,HOLD
2025-01-06 11:50:00,73.27999999999975,73.27999999999975,-1,HOLD
2025-01-06 11:55:00,73.32399999999961,73.32399999999961,-1,HOLD
2025-01-06 12:00:00,73.29200000000037,73.29200000000037,-1,HOLD
2025-01-06 12:05:00,73.28179999999975,73.28179999999975,-1,HOLD
2025-01-06 12:10:00,73.39239999999972,73.39239999999972,-1,HOLD
2025-01-06 12:15:00,73.51500000000033,73.51500000000033,-1,HOLD
2025-01-06 12:20:00,73.50160000000051,73.50160000000051,-1,HOLD
2025-01-06 12:25:00,73.27999999999975,73.27999999999975,-1,HOLD
2025-01-06 12:30:00,73.27340000000004,73.27340000000004,-1,HOLD
2025-01-06 12:35:00,73.23739999999998,73.23739999999998,-1,HOLD
2025-01-06 12:40:00,73.23679999999968,73.23679999999968,-1,HOLD
2025-01-06 12:45:00,73.34339999999975,73.34339999999975,-1,HOLD
2025-01-06 12:50:00,73.35580000000027,73.35580000000027,-1,HOLD
2025-01-06 12:55:00,73.4427999999998,73.4427999999998,-1,HOLD
2025-01-06 13:00:00,73.39999999999964,73.39999999999964,-1,HOLD
2025-01-06 13:05:00,73.53179999999975,73.53179999999975,-1,HOLD
2025-01-06 13:10:00,73.45600000000013,73.45600000000013,-1,HOLD
2025-01-06 13:15:00,73.46299999999974,73.46299999999974,-1,HOLD
2025-01-06 13:20:00,73.73160000000007,73.73160000000007,-1,HOLD
2025-01-06 13:25:00,73.77340000000004,73.77340000000004,-1,HOLD
2025-01-06 13:30:00,73.86959999999999,73.86959999999999,-1,HOLD
2025-01-06 13:35:00,73.8132000000005,73.8132000000005,-1,HOLD
2025-01-06 13:40:00,73.68159999999989,73.68159999999989,-1,HOLD
2025-01-06 13:45:00,73.87039999999979,73.87039999999979,-1,HOLD
2025-01-06 13:50:00,73.71280000000024,73.71280000000024,-1,HOLD
2025-01-06 13:55:00,73.60120000000006,73.60120000000006,-1,HOLD
2025-01-06 14:00:00,73.72559999999976,73.72559999999976,-1,HOLD
2025-01-06 14:05:00,73.51519999999982,73.51519999999982,-1,HOLD
2025-01-06 14:10:00,73.39620000000014,73.39620000000014,-1,HOLD
2025-01-06 14:15:00,73.44520000000011,73.44520000000011,-1,HOLD
2025-01-06 14:20:00,73.50420000000031,73.50420000000031,-1,HOLD
2025-01-06 14:25:00,73.4398000000001,73.4398000000001,-1,HOLD
2025-01-06 14:30:00,73.33100000000013,73.33100000000013,-1,HOLD
2025-01-06 14:35:00,73.41520000000037,73.41520000000037,-1,HOLD
2025-01-06 14:40:00,73.41520000000037,73.41520000000037,-1,HOLD
2025-01-06 14:45:00,73.47739999999976,73.47739999999976,-1,HOLD
2025-01-06 14:50:00,73.47739999999976,73.47739999999976,-1,HOLD
2025-01-06 14:55:00,73.34119999999984,73.34119999999984,-1,HOLD
2025-01-06 15:00:00,73.20200000000023,73.20200000000023,-1,HOLD
2025-01-06 15:05:00,73.16259999999966,73.16259999999966,-1,HOLD
2025-01-06 15:10:00,73.16219999999976,73.16219999999976,-1,HOLD
2025-01-06 15:15:00,72.99499999999989,72.99499999999989,-1,HOLD
2025-01-06 15:20:00,72.96860000000015,72.96860000000015,-1,HOLD
2025-01-06 15:25:00,73.00880000000052,73.00880000000052,-1,HOLD
2025-01-06 15:30:00,72.93379999999979,72.93379999999979,-1,HOLD
2025-01-06 15:35:00,72.93379999999979,72.93379999999979,-1,HOLD
2025-01-06 15:40:00,72.93379999999979,72.93379999999979,-1,HOLD
2025-01-06 15:45:00,73.09940000000006,73.09940000000006,-1,HOLD
2025-01-06 15:50:00,73.0600000000004,73.0600000000004,-1,HOLD
2025-01-06 15:55:00,72.98779999999988,72.98779999999988,-1,HOLD
2025-01-06 16:00:00,73.14260000000013,73.14260000000013,-1,HOLD
2025-01-06 16:05:00,73.17619999999988,73.17619999999988,-1,HOLD
2025-01-06 16:10:00,73.17619999999988,73.17619999999988,-1,HOLD
2025-01-06 16:15:00,73.17619999999988,73.17619999999988,-1,HOLD
2025-01-06 16:20:00,72.97400000000016,72.97400000000016,-1,HOLD
2025-01-06 16:25:00,73.01519999999982,73.01519999999982,-1,HOLD
2025-01-06 16:30:00,72.91499999999996,72.91499999999996,-1,HOLD
2025-01-06 16:35:00,72.92920000000049,72.92920000000049,-1,HOLD
2025-01-06 16:40:00,72.73959999999988,72.73959999999988,-1,HOLD
2025-01-06 16:45:00,72.77819999999974,72.77819999999974,-1,HOLD
2025-01-06 16:50:00,72.88380000000052,72.88380000000052,-1,HOLD
2025-01-06 16:55:00,72.82819999999992,72.82819999999992,-1,HOLD
2025-01-06 17:00:00,72.91740000000027,72.91740000000027,-1,HOLD
2025-01-06 17:05:00,72.89360000000033,72.89360000000033,-1,HOLD
2025-01-06 17:10:00,72.89360000000033,72.89360000000033,-1,HOLD
2025-01-06 17:15:00,72.89360000000033,72.89360000000033,-1,HOLD
2025-01-06 17:20:00,72.93199999999979,72.93199999999979,-1,HOLD
2025-01-06 17:25:00,72.89360000000033,72.89360000000033,-1,HOLD
2025-01-06 17:30:00,72.89540000000034,72.89540000000034,-1,HOLD
2025-01-06 17:35:00,72.91200000000026,72.91200000000026,-1,HOLD
2025-01-06 17:40:00,72.85019999999986,72.85019999999986,-1,HOLD
2025-01-06 17:45:00,72.85339999999997,72.85339999999997,-1,HOLD
2025-01-06 17:50:00,72.85339999999997,72.85339999999997,-1,HOLD
2025-01-06 17:55:00,72.85339999999997,72.85339999999997,-1,HOLD
2025-01-06 18:00:00,72.85339999999997,72.85339999999997,-1,HOLD
2025-01-06 18:05:00,72.66960000000017,72.66960000000017,-1,HOLD
2025-01-06 18:10:00,72.66960000000017,72.66960000000017,-1,HOLD
2025-01-06 18:15:00,72.66960000000017,72.66960000000017,-1,HOLD
2025-01-06 18:20:00,72.66960000000017,72.66960000000017,-1,HOLD
2025-01-06 18:25:00,72.83259999999973,72.83259999999973,-1,HOLD
2025-01-06 18:30:00,72.83259999999973,72.83259999999973,-1,HOLD
2025-01-06 18:35:00,72.79520000000048,72.79520000000048,-1,HOLD
2025-01-06 18:40:00,72.79520000000048,72.79520000000048,-1,HOLD
2025-01-06 18:45:00,72.79520000000048,72.79520000000048,-1,HOLD
2025-01-06 18:50:00,72.79520000000048,72.79520000000048,-1,HOLD
2025-01-06 18:55:00,72.75160000000051,72.75160000000051,-1,HOLD
2025-01-06 19:00:00,72.75160000000051,72.75160000000051,-1,HOLD
2025-01-06 19:05:00,72.75160000000051,72.75160000000051,-1,HOLD
2025-01-06 19:10:00,72.75160000000051,72.75160000000051,-1,HOLD
2025-01-06 19:15:00,72.95539999999983,72.95539999999983,-1,HOLD
2025-01-06 19:20:00,72.97479999999996,72.97479999999996,-1,HOLD
2025-01-06 19:25:00,73.03719999999976,73.03719999999976,-1,HOLD
2025-01-06 19:30:00,73.11819999999989,73.11819999999989,-1,HOLD
2025-01-06 19:35:00,73.15760000000046,73.15760000000046,-1,HOLD
2025-01-06 19:40:00,73.0645999999997,73.0645999999997,-1,HOLD
2025-01-06 19:45:00,72.98019999999997,72.98019999999997,-1,HOLD
2025-01-06 19:50:00,72.96460000000025,72.96460000000025,-1,NO_ACTION_PROFITABLE
2025-01-06 19:55:00,72.96460000000025,72.96460000000025,-1,NO_ACTION_PROFITABLE
2025-01-06 20:00:00,73.13600000000042,73.13600000000042,-1,NO_ACTION_PROFITABLE
2025-01-06 20:05:00,73.05299999999988,73.05299999999988,-1,NO_ACTION_PROFITABLE
2025-01-06 20:10:00,73.05299999999988,73.05299999999988,-1,NO_ACTION_PROFITABLE
2025-01-06 20:15:00,73.0003999999999,73.0003999999999,-1,NO_ACTION_PROFITABLE
2025-01-06 20:20:00,72.99099999999999,72.99099999999999,-1,NO_ACTION_PROFITABLE
2025-01-06 20:25:00,73.22119999999995,73.22119999999995,-1,NO_ACTION_PROFITABLE
2025-01-06 20:30:00,73.22119999999995,73.22119999999995,-1,NO_ACTION_PROFITABLE
2025-01-06 20:35:00,73.08079999999973,73.08079999999973,-1,NO_ACTION_PROFITABLE
2025-01-06 20:40:00,73.13699999999972,73.13699999999972,-1,NO_ACTION_PROFITABLE
2025-01-06 20:45:00,73.13699999999972,73.13699999999972,-1,NO_ACTION_PROFITABLE
2025-01-06 20:50:00,73.13699999999972,73.13699999999972,-1,NO_ACTION_PROFITABLE
2025-01-06 20:55:00,72.90700000000015,72.90700000000015,-1,HOLD
2025-01-06 21:00:00,72.83680000000004,72.83680000000004,-1,HOLD
2025-01-06 21:05:00,72.84040000000005,72.84040000000005,-1,HOLD
2025-01-06 21:10:00,72.64999999999964,72.64999999999964,-1,HOLD
2025-01-06 21:15:00,72.58759999999984,72.58759999999984,-1,HOLD
2025-01-06 21:20:00,72.77559999999994,72.77559999999994,-1,HOLD
2025-01-06 21:25:00,72.9386000000004,72.9386000000004,-1,HOLD
2025-01-06 21:30:00,72.95560000000023,72.95560000000023,-1,HOLD
2025-01-06 21:35:00,72.82560000000012,72.82560000000012,-1,HOLD
2025-01-06 21:40:00,72.82560000000012,72.82560000000012,-1,HOLD
2025-01-06 21:45:00,72.89919999999984,72.89919999999984,-1,NO_ACTION_PROFITABLE
2025-01-06 21:50:00,72.97580000000016,72.97580000000016,-1,NO_ACTION_PROFITABLE
2025-01-06 21:55:00,73.05100000000039,73.05100000000039,-1,NO_ACTION_PROFITABLE
2025-01-06 22:00:00,73.10400000000027,73.10400000000027,-1,NO_ACTION_PROFITABLE
2025-01-06 22:05:00,72.90920000000006,72.90920000000006,-1,NO_ACTION_PROFITABLE
2025-01-06 22:10:00,72.84259999999995,72.84259999999995,-1,NO_ACTION_PROFITABLE
2025-01-06 22:15:00,72.52859999999964,72.52859999999964,-1,HOLD
2025-01-06 22:20:00,72.49359999999979,72.49359999999979,-1,HOLD
2025-01-06 22:25:00,72.70259999999962,72.70259999999962,-1,HOLD
2025-01-06 22:30:00,72.92939999999999,72.92939999999999,-1,NO_ACTION_PROFITABLE
2025-01-06 22:35:00,72.66859999999997,72.66859999999997,-1,NO_ACTION_PROFITABLE
2025-01-06 22:40:00,72.99319999999989,72.99319999999989,-1,NO_ACTION_PROFITABLE
2025-01-06 22:45:00,73.5616,73.5616,-1,NO_ACTION_PROFITABLE
2025-01-06 22:50:00,73.66840000000047,73.66840000000047,-1,NO_ACTION_PROFITABLE
2025-01-06 22:55:00,73.57920000000013,73.57920000000013,-1,NO_ACTION_PROFITABLE
2025-01-06 23:00:00,73.77679999999964,73.77679999999964,-1,NO_ACTION_PROFITABLE
2025-01-06 23:05:00,73.92680000000018,73.92680000000018,-1,NO_ACTION_PROFITABLE
2025-01-06 23:10:00,73.89199999999983,73.89199999999983,-1,NO_ACTION_PROFITABLE
2025-01-06 23:15:00,73.89999999999964,73.89999999999964,-1,NO_ACTION_PROFITABLE
2025-01-06 23:20:00,73.90279999999984,73.90279999999984,-1,NO_ACTION_PROFITABLE
2025-01-06 23:25:00,73.89500000000044,73.89500000000044,-1,NO_ACTION_PROFITABLE
2025-01-06 23:30:00,73.89500000000044,73.89500000000044,-1,NO_ACTION_PROFITABLE
2025-01-06 23:35:00,73.79600000000028,73.79600000000028,-1,NO_ACTION_PROFITABLE
2025-01-06 23:40:00,73.83799999999974,73.83799999999974,-1,NO_ACTION_PROFITABLE
2025-01-06 23:45:00,73.80199999999968,73.80199999999968,-1,NO_ACTION_PROFITABLE
2025-01-06 23:50:00,74.16240000000016,74.16240000000016,-1,NO_ACTION_PROFITABLE
2025-01-06 23:55:00,74.22000000000025,74.22000000000025,-1,NO_ACTION_PROFITABLE
2025-01-07 00:00:00,74.30919999999969,74.30919999999969,-1,NO_ACTION_PROFITABLE
2025-01-07 00:05:00,74.40120000000024,74.40120000000024,-1,NO_ACTION_PROFITABLE
2025-01-07 00:10:00,74.40120000000024,74.40120000000024,-1,NO_ACTION_PROFITABLE
2025-01-07 00:15:00,74.40120000000024,74.40120000000024,-1,NO_ACTION_PROFITABLE
2025-01-07 00:20:00,74.57740000000013,74.57740000000013,-1,NO_ACTION_PROFITABLE
2025-01-07 00:25:00,74.58020000000033,74.58020000000033,-1,NO_ACTION_PROFITABLE
2025-01-07 00:30:00,74.63500000000022,74.63500000000022,-1,NO_ACTION_PROFITABLE
2025-01-07 00:35:00,74.5002000000004,74.5002000000004,-1,NO_ACTION_PROFITABLE
2025-01-07 00:40:00,74.26839999999993,74.26839999999993,-1,NO_ACTION_PROFITABLE
2025-01-07 00:45:00,73.98419999999987,73.98419999999987,-1,NO_ACTION_PROFITABLE
2025-01-07 00:50:00,74.23139999999967,74.23139999999967,-1,NO_ACTION_PROFITABLE
2025-01-07 00:55:00,74.26620000000003,74.26620000000003,-1,NO_ACTION_PROFITABLE
2025-01-07 01:00:00,73.95700000000033,73.95700000000033,-1,NO_ACTION_PROFITABLE
2025-01-07 01:05:00,73.9982,73.9982,-1,NO_ACTION_PROFITABLE
2025-01-07 01:10:00,73.97059999999965,73.97059999999965,-1,NO_ACTION_PROFITABLE
2025-01-07 01:15:00,73.76640000000043,73.76640000000043,-1,NO_ACTION_PROFITABLE
2025-01-07 01:20:00,73.89860000000044,73.89860000000044,-1,NO_ACTION_PROFITABLE
2025-01-07 01:25:00,73.89860000000044,73.89860000000044,-1,NO_ACTION_PROFITABLE
2025-01-07 01:30:00,73.82020000000011,73.82020000000011,-1,NO_ACTION_PROFITABLE
2025-01-07 01:35:00,73.50640000000021,73.50640000000021,-1,NO_ACTION_PROFITABLE
2025-01-07 01:40:00,73.17619999999988,73.17619999999988,-1,NO_ACTION_PROFITABLE
2025-01-07 01:45:00,73.35339999999997,73.35339999999997,-1,NO_ACTION_PROFITABLE
2025-01-07 01:50:00,73.3141999999998,73.3141999999998,-1,NO_ACTION_PROFITABLE
2025-01-07 01:55:00,73.40160000000014,73.40160000000014,-1,NO_ACTION_PROFITABLE
2025-01-07 02:00:00,73.40279999999984,73.40279999999984,-1,NO_ACTION_PROFITABLE
2025-01-07 02:05:00,73.44959999999992,73.44959999999992,-1,NO_ACTION_PROFITABLE
2025-01-07 02:10:00,73.48980000000029,73.48980000000029,-1,NO_ACTION_PROFITABLE
2025-01-07 02:15:00,73.51040000000012,73.51040000000012,-1,NO_ACTION_PROFITABLE
2025-01-07 02:20:00,73.71500000000015,73.71500000000015,-1,NO_ACTION_PROFITABLE
2025-01-07 02:25:00,73.71500000000015,73.71500000000015,-1,NO_ACTION_PROFITABLE
2025-01-07 02:30:00,73.66679999999997,73.66679999999997,-1,NO_ACTION_PROFITABLE
2025-01-07 02:35:00,73.76640000000043,73.76640000000043,-1,NO_ACTION_PROFITABLE
2025-01-07 02:40:00,73.77419999999984,73.77419999999984,-1,NO_ACTION_PROFITABLE
2025-01-07 02:45:00,73.71619999999984,73.71619999999984,-1,NO_ACTION_PROFITABLE
2025-01-07 02:50:00,73.61020000000008,73.61020000000008,-1,NO_ACTION_PROFITABLE
2025-01-07 02:55:00,73.61020000000008,73.61020000000008,-1,NO_ACTION_PROFITABLE
2025-01-07 03:00:00,73.61020000000008,73.61020000000008,-1,NO_ACTION_PROFITABLE
2025-01-07 03:05:00,73.59040000000005,73.59040000000005,-1,NO_ACTION_PROFITABLE
2025-01-07 03:10:00,73.78700000000026,73.78700000000026,-1,NO_ACTION_PROFITABLE
2025-01-07 03:15:00,73.8148000000001,73.8148000000001,-1,NO_ACTION_PROFITABLE
2025-01-07 03:20:00,73.85699999999997,73.85699999999997,-1,NO_ACTION_PROFITABLE
2025-01-07 03:25:00,73.78219999999965,73.78219999999965,-1,NO_ACTION_PROFITABLE
2025-01-07 03:30:00,73.78999999999996,73.78999999999996,-1,NO_ACTION_PROFITABLE
2025-01-07 03:35:00,73.78999999999996,73.78999999999996,-1,NO_ACTION_PROFITABLE
2025-01-07 03:40:00,73.83979999999974,73.83979999999974,-1,NO_ACTION_PROFITABLE
2025-01-07 03:45:00,73.8100000000004,73.8100000000004,-1,NO_ACTION_PROFITABLE
2025-01-07 03:50:00,73.76299999999992,73.76299999999992,-1,NO_ACTION_PROFITABLE
2025-01-07 03:55:00,73.76299999999992,73.76299999999992,-1,NO_ACTION_PROFITABLE
2025-01-07 04:00:00,73.79420000000027,73.79420000000027,-1,NO_ACTION_PROFITABLE
2025-01-07 04:05:00,73.79520000000048,73.79520000000048,-1,NO_ACTION_PROFITABLE
2025-01-07 04:10:00,73.89639999999963,73.89639999999963,-1,NO_ACTION_PROFITABLE
2025-01-07 04:15:00,73.87660000000051,73.87660000000051,-1,NO_ACTION_PROFITABLE
2025-01-07 04:20:00,74.0,74.0,-1,NO_ACTION_PROFITABLE
2025-01-07 04:25:00,73.85379999999986,73.85379999999986,-1,NO_ACTION_PROFITABLE
2025-01-07 04:30:00,73.86040000000048,73.86040000000048,-1,NO_ACTION_PROFITABLE
2025-01-07 04:35:00,73.75619999999981,73.75619999999981,-1,NO_ACTION_PROFITABLE
2025-01-07 04:40:00,73.67360000000008,73.67360000000008,-1,NO_ACTION_PROFITABLE
2025-01-07 04:45:00,73.46839999999975,73.46839999999975,-1,NO_ACTION_PROFITABLE
2025-01-07 04:50:00,73.60159999999996,73.60159999999996,-1,NO_ACTION_PROFITABLE
2025-01-07 04:55:00,73.52220000000034,73.52220000000034,-1,NO_ACTION_PROFITABLE
2025-01-07 05:00:00,73.52220000000034,73.52220000000034,-1,NO_ACTION_PROFITABLE
2025-01-07 05:05:00,73.60000000000036,73.60000000000036,-1,NO_ACTION_PROFITABLE
2025-01-07 05:10:00,73.57200000000012,73.57200000000012,-1,NO_ACTION_PROFITABLE
2025-01-07 05:15:00,73.57319999999982,73.57319999999982,-1,NO_ACTION_PROFITABLE
2025-01-07 05:20:00,73.35660000000007,73.35660000000007,-1,NO_ACTION_PROFITABLE
2025-01-07 05:25:00,73.41139999999996,73.41139999999996,-1,NO_ACTION_PROFITABLE
2025-01-07 05:30:00,73.52739999999994,73.52739999999994,-1,NO_ACTION_PROFITABLE
2025-01-07 05:35:00,73.52739999999994,73.52739999999994,-1,NO_ACTION_PROFITABLE
2025-01-07 05:40:00,73.41120000000046,73.41120000000046,-1,NO_ACTION_PROFITABLE
2025-01-07 05:45:00,73.45560000000023,73.45560000000023,-1,NO_ACTION_PROFITABLE
2025-01-07 05:50:00,73.51060000000052,73.51060000000052,-1,NO_ACTION_PROFITABLE
2025-01-07 05:55:00,73.34680000000026,73.34680000000026,-1,NO_ACTION_PROFITABLE
2025-01-07 06:00:00,73.34680000000026,73.34680000000026,-1,NO_ACTION_PROFITABLE
2025-01-07 06:05:00,73.41380000000026,73.41380000000026,-1,NO_ACTION_PROFITABLE
2025-01-07 06:10:00,73.52739999999994,73.52739999999994,-1,NO_ACTION_PROFITABLE
2025-01-07 06:15:00,73.52400000000034,73.52400000000034,-1,NO_ACTION_PROFITABLE
2025-01-07 06:20:00,73.55299999999988,73.55299999999988,-1,NO_ACTION_PROFITABLE
2025-01-07 06:25:00,73.59680000000026,73.59680000000026,-1,NO_ACTION_PROFITABLE
2025-01-07 06:30:00,73.58200000000033,73.58200000000033,-1,NO_ACTION_PROFITABLE
2025-01-07 06:35:00,73.58200000000033,73.58200000000033,-1,NO_ACTION_PROFITABLE
2025-01-07 06:40:00,73.59339999999975,73.59339999999975,-1,NO_ACTION_PROFITABLE
2025-01-07 06:45:00,73.53539999999975,73.53539999999975,-1,NO_ACTION_PROFITABLE
2025-01-07 06:50:00,73.53539999999975,73.53539999999975,-1,NO_ACTION_PROFITABLE
2025-01-07 06:55:00,73.58500000000004,73.58500000000004,-1,NO_ACTION_PROFITABLE
2025-01-07 07:00:00,73.42320000000018,73.42320000000018,-1,NO_ACTION_PROFITABLE
2025-01-07 07:05:00,73.40719999999965,73.40719999999965,-1,NO_ACTION_PROFITABLE
2025-01-07 07:10:00,73.40719999999965,73.40719999999965,-1,NO_ACTION_PROFITABLE
2025-01-07 07:15:00,73.51040000000012,73.51040000000012,-1,NO_ACTION_PROFITABLE
2025-01-07 07:20:00,73.49319999999989,73.49319999999989,-1,NO_ACTION_PROFITABLE
2025-01-07 07:25:00,73.58719999999994,73.58719999999994,-1,NO_ACTION_PROFITABLE
2025-01-07 07:30:00,73.50740000000042,73.50740000000042,-1,NO_ACTION_PROFITABLE
2025-01-07 07:35:00,73.50740000000042,73.50740000000042,-1,NO_ACTION_PROFITABLE
2025-01-07 07:40:00,73.60999999999967,73.60999999999967,-1,NO_ACTION_PROFITABLE
2025-01-07 07:45:00,73.64459999999963,73.64459999999963,-1,NO_ACTION_PROFITABLE
2025-01-07 07:50:00,73.69899999999961,73.69899999999961,-1,NO_ACTION_PROFITABLE
2025-01-07 07:55:00,73.69899999999961,73.69899999999961,-1,NO_ACTION_PROFITABLE
2025-01-07 08:00:00,73.60900000000038,73.60900000000038,-1,NO_ACTION_PROFITABLE
2025-01-07 08:05:00,73.49359999999979,73.49359999999979,-1,NO_ACTION_PROFITABLE
2025-01-07 08:10:00,73.49499999999989,73.49499999999989,-1,NO_ACTION_PROFITABLE
2025-01-07 08:15:00,73.69419999999991,73.69419999999991,-1,NO_ACTION_PROFITABLE
2025-01-07 08:20:00,73.6902,73.6902,-1,NO_ACTION_PROFITABLE
2025-01-07 08:25:00,73.76379999999972,73.76379999999972,-1,NO_ACTION_PROFITABLE
2025-01-07 08:30:00,73.73239999999987,73.73239999999987,-1,NO_ACTION_PROFITABLE
2025-01-07 08:35:00,73.7430000000004,73.7430000000004,-1,NO_ACTION_PROFITABLE
2025-01-07 08:40:00,73.64559999999983,73.64559999999983,-1,NO_ACTION_PROFITABLE
2025-01-07 08:45:00,73.67380000000048,73.67380000000048,-1,NO_ACTION_PROFITABLE
2025-01-07 08:50:00,73.66939999999977,73.66939999999977,-1,NO_ACTION_PROFITABLE
2025-01-07 08:55:00,73.58520000000044,73.58520000000044,-1,NO_ACTION_PROFITABLE
2025-01-07 09:00:00,73.40660000000025,73.40660000000025,-1,NO_ACTION_PROFITABLE
2025-01-07 09:05:00,73.47180000000026,73.47180000000026,-1,NO_ACTION_PROFITABLE
2025-01-07 09:10:00,73.47640000000047,73.47640000000047,-1,NO_ACTION_PROFITABLE
2025-01-07 09:15:00,73.58539999999994,73.58539999999994,-1,NO_ACTION_PROFITABLE
2025-01-07 09:20:00,73.63659999999982,73.63659999999982,-1,NO_ACTION_PROFITABLE
2025-01-07 09:25:00,73.6293999999998,73.6293999999998,-1,NO_ACTION_PROFITABLE
2025-01-07 09:30:00,73.64220000000023,73.64220000000023,-1,NO_ACTION_PROFITABLE
2025-01-07 09:35:00,73.73480000000018,73.73480000000018,-1,NO_ACTION_PROFITABLE
2025-01-07 09:40:00,73.80619999999999,73.80619999999999,-1,NO_ACTION_PROFITABLE
2025-01-07 09:45:00,73.80519999999979,73.80519999999979,-1,NO_ACTION_PROFITABLE
2025-01-07 09:50:00,73.85040000000026,73.85040000000026,-1,NO_ACTION_PROFITABLE
2025-01-07 09:55:00,73.84900000000016,73.84900000000016,-1,NO_ACTION_PROFITABLE
2025-01-07 10:00:00,73.88879999999972,73.88879999999972,-1,NO_ACTION_PROFITABLE
2025-01-07 10:05:00,73.88879999999972,73.88879999999972,-1,NO_ACTION_PROFITABLE
2025-01-07 10:10:00,73.91979999999967,73.91979999999967,-1,NO_ACTION_PROFITABLE
2025-01-07 10:15:00,73.91939999999977,73.91939999999977,-1,NO_ACTION_PROFITABLE
2025-01-07 10:20:00,73.86840000000029,73.86840000000029,-1,NO_ACTION_PROFITABLE
2025-01-07 10:25:00,73.70340000000033,73.70340000000033,-1,NO_ACTION_PROFITABLE
2025-01-07 10:30:00,73.8116,73.8116,-1,NO_ACTION_PROFITABLE
2025-01-07 10:35:00,73.80460000000039,73.80460000000039,-1,NO_ACTION_PROFITABLE
2025-01-07 10:40:00,73.80460000000039,73.80460000000039,-1,NO_ACTION_PROFITABLE
2025-01-07 10:45:00,73.80460000000039,73.80460000000039,-1,NO_ACTION_PROFITABLE
2025-01-07 10:50:00,73.56900000000041,73.56900000000041,-1,NO_ACTION_PROFITABLE
2025-01-07 10:55:00,73.60440000000017,73.60440000000017,-1,NO_ACTION_PROFITABLE
2025-01-07 11:00:00,73.60440000000017,73.60440000000017,-1,NO_ACTION_PROFITABLE
2025-01-07 11:05:00,73.68199999999979,73.68199999999979,-1,NO_ACTION_PROFITABLE
2025-01-07 11:10:00,73.64099999999962,73.64099999999962,-1,NO_ACTION_PROFITABLE
2025-01-07 11:15:00,73.64099999999962,73.64099999999962,-1,NO_ACTION_PROFITABLE
2025-01-07 11:20:00,73.63580000000002,73.63580000000002,-1,NO_ACTION_PROFITABLE
2025-01-07 11:25:00,73.55439999999999,73.55439999999999,-1,NO_ACTION_PROFITABLE
2025-01-07 11:30:00,73.63580000000002,73.63580000000002,-1,NO_ACTION_PROFITABLE
2025-01-07 11:35:00,73.63580000000002,73.63580000000002,-1,NO_ACTION_PROFITABLE
2025-01-07 11:40:00,73.63580000000002,73.63580000000002,-1,NO_ACTION_PROFITABLE
2025-01-07 11:45:00,73.63580000000002,73.63580000000002,-1,NO_ACTION_PROFITABLE
2025-01-07 11:50:00,73.58359999999993,73.58359999999993,-1,NO_ACTION_PROFITABLE
2025-01-07 11:55:00,73.58359999999993,73.58359999999993,-1,NO_ACTION_PROFITABLE
2025-01-07 12:00:00,73.66979999999967,73.66979999999967,-1,NO_ACTION_PROFITABLE
2025-01-07 12:05:00,73.63140000000021,73.63140000000021,-1,NO_ACTION_PROFITABLE
2025-01-07 12:10:00,73.63140000000021,73.63140000000021,-1,NO_ACTION_PROFITABLE
2025-01-07 12:15:00,73.63140000000021,73.63140000000021,-1,NO_ACTION_PROFITABLE
2025-01-07 12:20:00,73.6282000000001,73.6282000000001,-1,NO_ACTION_PROFITABLE
2025-01-07 12:25:00,73.6282000000001,73.6282000000001,-1,NO_ACTION_PROFITABLE
2025-01-07 12:30:00,73.59280000000035,73.59280000000035,-1,NO_ACTION_PROFITABLE
2025-01-07 12:35:00,73.59280000000035,73.59280000000035,-1,NO_ACTION_PROFITABLE
2025-01-07 12:40:00,73.59280000000035,73.59280000000035,-1,NO_ACTION_PROFITABLE
2025-01-07 12:45:00,73.52000000000044,73.52000000000044,-1,NO_ACTION_PROFITABLE
2025-01-07 12:50:00,73.52000000000044,73.52000000000044,-1,NO_ACTION_PROFITABLE
2025-01-07 12:55:00,73.5,73.5,-1,NO_ACTION_PROFITABLE
2025-01-07 13:00:00,73.48000000000047,73.48000000000047,-1,NO_ACTION_PROFITABLE
2025-01-07 13:05:00,73.46860000000015,73.46860000000015,-1,NO_ACTION_PROFITABLE
2025-01-07 13:10:00,73.46860000000015,73.46860000000015,-1,NO_ACTION_PROFITABLE
2025-01-07 13:15:00,73.47959999999966,73.47959999999966,-1,NO_ACTION_PROFITABLE
2025-01-07 13:20:00,73.35019999999986,73.35019999999986,-1,NO_ACTION_PROFITABLE
2025-01-07 13:25:00,73.34000000000015,73.34000000000015,-1,NO_ACTION_PROFITABLE
2025-01-07 13:30:00,73.42879999999968,73.42879999999968,-1,NO_ACTION_PROFITABLE
2025-01-07 13:35:00,73.3761999999997,73.3761999999997,-1,NO_ACTION_PROFITABLE
2025-01-07 13:40:00,73.22440000000006,73.22440000000006,-1,NO_ACTION_PROFITABLE
2025-01-07 13:45:00,73.22440000000006,73.22440000000006,-1,NO_ACTION_PROFITABLE
2025-01-07 13:50:00,73.34079999999994,73.34079999999994,-1,NO_ACTION_PROFITABLE
2025-01-07 13:55:00,73.34540000000015,73.34540000000015,-1,NO_ACTION_PROFITABLE
2025-01-07 14:00:00,73.34540000000015,73.34540000000015,-1,NO_ACTION_PROFITABLE
2025-01-07 14:05:00,73.32700000000023,73.32700000000023,-1,NO_ACTION_PROFITABLE
2025-01-07 14:10:00,73.33740000000034,73.33740000000034,-1,NO_ACTION_PROFITABLE
2025-01-07 14:15:00,73.50420000000031,73.50420000000031,-1,NO_ACTION_PROFITABLE
2025-01-07 14:20:00,73.45780000000013,73.45780000000013,-1,NO_ACTION_PROFITABLE
2025-01-07 14:25:00,73.40859999999975,73.40859999999975,-1,NO_ACTION_PROFITABLE
2025-01-07 14:30:00,73.40859999999975,73.40859999999975,-1,NO_ACTION_PROFITABLE
2025-01-07 14:35:00,73.4372000000003,73.4372000000003,-1,NO_ACTION_PROFITABLE
2025-01-07 14:40:00,73.4431999999997,73.4431999999997,-1,NO_ACTION_PROFITABLE
2025-01-07 14:45:00,73.4354000000003,73.4354000000003,-1,NO_ACTION_PROFITABLE
2025-01-07 14:50:00,73.4354000000003,73.4354000000003,-1,NO_ACTION_PROFITABLE
2025-01-07 14:55:00,73.4354000000003,73.4354000000003,-1,NO_ACTION_PROFITABLE
2025-01-07 15:00:00,73.5,73.5,-1,NO_ACTION_PROFITABLE
2025-01-07 15:05:00,73.56500000000051,73.56500000000051,-1,NO_ACTION_PROFITABLE
2025-01-07 15:10:00,73.58520000000044,73.58520000000044,-1,NO_ACTION_PROFITABLE
2025-01-07 15:15:00,73.52459999999974,73.52459999999974,-1,NO_ACTION_PROFITABLE
2025-01-07 15:20:00,73.52459999999974,73.52459999999974,-1,NO_ACTION_PROFITABLE
2025-01-07 15:25:00,73.45799999999963,73.45799999999963,-1,NO_ACTION_PROFITABLE
2025-01-07 15:30:00,73.3761999999997,73.3761999999997,-1,NO_ACTION_PROFITABLE
2025-01-07 15:35:00,73.26720000000023,73.26720000000023,-1,NO_ACTION_PROFITABLE
2025-01-07 15:40:00,73.26720000000023,73.26720000000023,-1,NO_ACTION_PROFITABLE
2025-01-07 15:45:00,73.34320000000025,73.34320000000025,-1,NO_ACTION_PROFITABLE
2025-01-07 15:50:00,73.3724000000002,73.3724000000002,-1,NO_ACTION_PROFITABLE
2025-01-07 15:55:00,73.3724000000002,73.3724000000002,-1,NO_ACTION_PROFITABLE
2025-01-07 16:00:00,73.36120000000028,73.36120000000028,-1,NO_ACTION_PROFITABLE
2025-01-07 16:05:00,73.3676000000005,73.3676000000005,-1,NO_ACTION_PROFITABLE
2025-01-07 16:10:00,73.24200000000019,73.24200000000019,-1,NO_ACTION_PROFITABLE
2025-01-07 16:15:00,73.2430000000004,73.2430000000004,-1,NO_ACTION_PROFITABLE
2025-01-07 16:20:00,73.36999999999989,73.36999999999989,-1,NO_ACTION_PROFITABLE
2025-01-07 16:25:00,73.36999999999989,73.36999999999989,-1,NO_ACTION_PROFITABLE
2025-01-07 16:30:00,73.39860000000044,73.39860000000044,-1,NO_ACTION_PROFITABLE
2025-01-07 16:35:00,73.40719999999965,73.40719999999965,-1,NO_ACTION_PROFITABLE
2025-01-07 16:40:00,73.40719999999965,73.40719999999965,-1,NO_ACTION_PROFITABLE
2025-01-07 16:45:00,73.58520000000044,73.58520000000044,-1,NO_ACTION_PROFITABLE
2025-01-07 16:50:00,73.50939999999991,73.50939999999991,-1,NO_ACTION_PROFITABLE
2025-01-07 16:55:00,73.50939999999991,73.50939999999991,-1,NO_ACTION_PROFITABLE
2025-01-07 17:00:00,73.54719999999998,73.54719999999998,-1,NO_ACTION_PROFITABLE
2025-01-07 17:05:00,73.45859999999993,73.45859999999993,-1,NO_ACTION_PROFITABLE
2025-01-07 17:10:00,73.41160000000036,73.41160000000036,-1,NO_ACTION_PROFITABLE
2025-01-07 17:15:00,73.30400000000009,73.30400000000009,-1,NO_ACTION_PROFITABLE
2025-01-07 17:20:00,73.33020000000033,73.33020000000033,-1,NO_ACTION_PROFITABLE
2025-01-07 17:25:00,73.35080000000016,73.35080000000016,-1,NO_ACTION_PROFITABLE
2025-01-07 17:30:00,73.23379999999997,73.23379999999997,-1,NO_ACTION_PROFITABLE
2025-01-07 17:35:00,73.17979999999989,73.17979999999989,-1,NO_ACTION_PROFITABLE
2025-01-07 17:40:00,73.20499999999993,73.20499999999993,-1,NO_ACTION_PROFITABLE
2025-01-07 17:45:00,73.1257999999998,73.1257999999998,-1,NO_ACTION_PROFITABLE
2025-01-07 17:50:00,73.22559999999976,73.22559999999976,-1,NO_ACTION_PROFITABLE
2025-01-07 17:55:00,73.30079999999998,73.30079999999998,-1,NO_ACTION_PROFITABLE
2025-01-07 18:00:00,73.08420000000024,73.08420000000024,-1,NO_ACTION_PROFITABLE
2025-01-07 18:05:00,73.1256000000003,73.1256000000003,-1,NO_ACTION_PROFITABLE
2025-01-07 18:10:00,73.05199999999968,73.05199999999968,-1,NO_ACTION_PROFITABLE
2025-01-07 18:15:00,73.07200000000012,73.07200000000012,-1,NO_ACTION_PROFITABLE
2025-01-07 18:20:00,73.14959999999974,73.14959999999974,-1,NO_ACTION_PROFITABLE
2025-01-07 18:25:00,73.14959999999974,73.14959999999974,-1,NO_ACTION_PROFITABLE
2025-01-07 18:30:00,73.22559999999976,73.22559999999976,-1,NO_ACTION_PROFITABLE
2025-01-07 18:35:00,73.25659999999971,73.25659999999971,-1,NO_ACTION_PROFITABLE
2025-01-07 18:40:00,73.28499999999985,73.28499999999985,-1,NO_ACTION_PROFITABLE
2025-01-07 18:45:00,73.28499999999985,73.28499999999985,-1,NO_ACTION_PROFITABLE
2025-01-07 18:50:00,73.20020000000022,73.20020000000022,-1,NO_ACTION_PROFITABLE
2025-01-07 18:55:00,73.20020000000022,73.20020000000022,-1,NO_ACTION_PROFITABLE
2025-01-07 19:00:00,73.20020000000022,73.20020000000022,-1,NO_ACTION_PROFITABLE
2025-01-07 19:05:00,73.17339999999967,73.17339999999967,-1,NO_ACTION_PROFITABLE
2025-01-07 19:10:00,73.10999999999967,73.10999999999967,-1,NO_ACTION_PROFITABLE
2025-01-07 19:15:00,73.17140000000018,73.17140000000018,-1,NO_ACTION_PROFITABLE
2025-01-07 19:20:00,73.17140000000018,73.17140000000018,-1,NO_ACTION_PROFITABLE
2025-01-07 19:25:00,73.08979999999974,73.08979999999974,-1,NO_ACTION_PROFITABLE
2025-01-07 19:30:00,72.94999999999982,72.94999999999982,-1,NO_ACTION_PROFITABLE
2025-01-07 19:35:00,72.86520000000019,72.86520000000019,-1,NO_ACTION_PROFITABLE
2025-01-07 19:40:00,72.84500000000025,72.84500000000025,-1,NO_ACTION_PROFITABLE
2025-01-07 19:45:00,72.61179999999968,72.61179999999968,-1,NO_ACTION_PROFITABLE
2025-01-07 19:50:00,72.59360000000015,72.59360000000015,-1,NO_ACTION_PROFITABLE
2025-01-07 19:55:00,72.59360000000015,72.59360000000015,-1,NO_ACTION_PROFITABLE
2025-01-07 20:00:00,72.8760000000002,72.8760000000002,-1,NO_ACTION_PROFITABLE
2025-01-07 20:05:00,72.77620000000024,72.77620000000024,-1,NO_ACTION_PROFITABLE
2025-01-07 20:10:00,72.71920000000046,72.71920000000046,-1,NO_ACTION_PROFITABLE
2025-01-07 20:15:00,72.66359999999986,72.66359999999986,-1,NO_ACTION_PROFITABLE
2025-01-07 20:20:00,72.6261999999997,72.6261999999997,-1,NO_ACTION_PROFITABLE
2025-01-07 20:25:00,72.5648000000001,72.5648000000001,-1,NO_ACTION_PROFITABLE
2025-01-07 20:30:00,72.58299999999963,72.58299999999963,-1,NO_ACTION_PROFITABLE
2025-01-07 20:35:00,72.58299999999963,72.58299999999963,-1,NO_ACTION_PROFITABLE
2025-01-07 20:40:00,72.58299999999963,72.58299999999963,-1,NO_ACTION_PROFITABLE
2025-01-07 20:45:00,72.69999999999982,72.69999999999982,-1,NO_ACTION_PROFITABLE
2025-01-07 20:50:00,72.77139999999963,72.77139999999963,-1,NO_ACTION_PROFITABLE
2025-01-07 20:55:00,72.74499999999989,72.74499999999989,-1,NO_ACTION_PROFITABLE
2025-01-07 21:00:00,72.67699999999968,72.67699999999968,-1,NO_ACTION_PROFITABLE
2025-01-07 21:05:00,72.70960000000014,72.70960000000014,-1,NO_ACTION_PROFITABLE
2025-01-07 21:10:00,72.66160000000036,72.66160000000036,-1,NO_ACTION_PROFITABLE
2025-01-07 21:15:00,72.72900000000027,72.72900000000027,-1,NO_ACTION_PROFITABLE
2025-01-07 21:20:00,72.76000000000022,72.76000000000022,-1,NO_ACTION_PROFITABLE
2025-01-07 21:25:00,72.89559999999983,72.89559999999983,-1,NO_ACTION_PROFITABLE
2025-01-07 21:30:00,72.8119999999999,72.8119999999999,-1,NO_ACTION_PROFITABLE
2025-01-07 21:35:00,72.74459999999999,72.74459999999999,-1,NO_ACTION_PROFITABLE
2025-01-07 21:40:00,72.74459999999999,72.74459999999999,-1,NO_ACTION_PROFITABLE
2025-01-07 21:45:00,72.81800000000021,72.81800000000021,-1,NO_ACTION_PROFITABLE
2025-01-07 21:50:00,72.72000000000025,72.72000000000025,-1,NO_ACTION_PROFITABLE
2025-01-07 21:55:00,72.72000000000025,72.72000000000025,-1,NO_ACTION_PROFITABLE
2025-01-07 22:00:00,72.78960000000006,72.78960000000006,-1,NO_ACTION_PROFITABLE
2025-01-07 22:05:00,72.77639999999974,72.77639999999974,-1,NO_ACTION_PROFITABLE
2025-01-07 22:10:00,72.63060000000041,72.63060000000041,-1,NO_ACTION_PROFITABLE
2025-01-07 22:15:00,72.62840000000051,72.62840000000051,-1,NO_ACTION_PROFITABLE
2025-01-07 22:20:00,72.63200000000052,72.63200000000052,-1,NO_ACTION_PROFITABLE
2025-01-07 22:25:00,72.76900000000023,72.76900000000023,-1,NO_ACTION_PROFITABLE
2025-01-07 22:30:00,72.44120000000021,72.44120000000021,-1,NO_ACTION_PROFITABLE
2025-01-07 22:35:00,72.47580000000016,72.47580000000016,-1,NO_ACTION_PROFITABLE
2025-01-07 22:40:00,72.40220000000045,72.40220000000045,-1,NO_ACTION_PROFITABLE
2025-01-07 22:45:00,72.40220000000045,72.40220000000045,-1,NO_ACTION_PROFITABLE
2025-01-07 22:50:00,72.33880000000045,72.33880000000045,-1,NO_ACTION_PROFITABLE
2025-01-07 22:55:00,71.4391999999998,71.4391999999998,-1,HOLD
2025-01-07 23:00:00,71.26379999999972,71.26379999999972,-1,HOLD
2025-01-07 23:05:00,70.95200000000023,70.95200000000023,-1,HOLD
2025-01-07 23:10:00,70.36020000000008,70.36020000000008,-1,HOLD
2025-01-07 23:15:00,70.73700000000008,70.73700000000008,-1,HOLD
2025-01-07 23:20:00,70.83520000000044,70.83520000000044,-1,HOLD
2025-01-07 23:25:00,70.82179999999971,70.82179999999971,-1,HOLD
2025-01-07 23:30:00,70.28759999999966,70.28759999999966,-1,HOLD
2025-01-07 23:35:00,69.60059999999976,69.60059999999976,-1,HOLD
2025-01-07 23:40:00,69.1894000000002,69.1894000000002,-1,HOLD
2025-01-07 23:45:00,69.3163999999997,69.3163999999997,-1,HOLD
2025-01-07 23:50:00,69.42939999999999,69.42939999999999,-1,HOLD
2025-01-07 23:55:00,69.4962000000005,69.4962000000005,-1,HOLD
2025-01-08 00:00:00,69.27459999999974,69.27459999999974,-1,HOLD
2025-01-08 00:05:00,69.40700000000015,69.40700000000015,-1,HOLD
2025-01-08 00:10:00,69.38079999999991,69.38079999999991,-1,HOLD
2025-01-08 00:15:00,69.36300000000028,69.36300000000028,-1,HOLD
2025-01-08 00:20:00,69.6873999999998,69.6873999999998,-1,HOLD
2025-01-08 00:25:00,69.6876000000002,69.6876000000002,-1,HOLD
2025-01-08 00:30:00,69.6886000000004,69.6886000000004,-1,HOLD
2025-01-08 00:35:00,69.70160000000033,69.70160000000033,-1,HOLD
2025-01-08 00:40:00,69.70600000000013,69.70600000000013,-1,HOLD
2025-01-08 00:45:00,69.48459999999977,69.48459999999977,-1,HOLD
2025-01-08 00:50:00,69.42540000000008,69.42540000000008,-1,HOLD
2025-01-08 00:55:00,69.32740000000013,69.32740000000013,-1,HOLD
2025-01-08 01:00:00,69.3082000000004,69.3082000000004,-1,HOLD
2025-01-08 01:05:00,69.31980000000021,69.31980000000021,-1,HOLD
2025-01-08 01:10:00,69.31999999999971,69.31999999999971,-1,HOLD
2025-01-08 01:15:00,69.34000000000015,69.34000000000015,-1,HOLD
2025-01-08 01:20:00,69.17280000000028,69.17280000000028,-1,HOLD
2025-01-08 01:25:00,69.11819999999989,69.11819999999989,-1,HOLD
2025-01-08 01:30:00,69.04659999999967,69.04659999999967,-1,HOLD
2025-01-08 01:35:00,69.14239999999972,69.14239999999972,-1,HOLD
2025-01-08 01:40:00,69.11959999999999,69.11959999999999,-1,HOLD
2025-01-08 01:45:00,68.92460000000028,68.92460000000028,-1,HOLD
2025-01-08 01:50:00,68.78260000000046,68.78260000000046,-1,HOLD
2025-01-08 01:55:00,68.85999999999967,68.85999999999967,-1,HOLD
2025-01-08 02:00:00,68.95200000000023,68.95200000000023,-1,HOLD
2025-01-08 02:05:00,69.0663999999997,69.0663999999997,-1,HOLD
2025-01-08 02:10:00,69.19819999999982,69.19819999999982,-1,HOLD
2025-01-08 02:15:00,68.90719999999965,68.90719999999965,-1,HOLD
2025-01-08 02:20:00,68.82859999999982,68.82859999999982,-1,HOLD
2025-01-08 02:25:00,68.6256000000003,68.6256000000003,-1,HOLD
2025-01-08 02:30:00,68.6858000000002,68.6858000000002,-1,HOLD
2025-01-08 02:35:00,68.50500000000011,68.50500000000011,-1,HOLD
2025-01-08 02:40:00,68.47239999999965,68.47239999999965,-1,HOLD
2025-01-08 02:45:00,68.46979999999985,68.46979999999985,-1,HOLD
2025-01-08 02:50:00,68.64900000000034,68.64900000000034,-1,HOLD
2025-01-08 02:55:00,68.41340000000037,68.41340000000037,-1,HOLD
2025-01-08 03:00:00,68.48199999999997,68.48199999999997,-1,HOLD
2025-01-08 03:05:00,68.48199999999997,68.48199999999997,-1,HOLD
2025-01-08 03:10:00,68.65459999999985,68.65459999999985,-1,HOLD
2025-01-08 03:15:00,68.60379999999986,68.60379999999986,-1,HOLD
2025-01-08 03:20:00,68.3152,68.3152,-1,HOLD
2025-01-08 03:25:00,68.41460000000006,68.41460000000006,-1,HOLD
2025-01-08 03:30:00,68.34619999999995,68.34619999999995,-1,HOLD
2025-01-08 03:35:00,68.34100000000035,68.34100000000035,-1,HOLD
2025-01-08 03:40:00,68.02300000000014,68.02300000000014,-1,HOLD
2025-01-08 03:45:00,67.84460000000036,67.84460000000036,-1,HOLD
2025-01-08 03:50:00,67.63979999999992,67.63979999999992,-1,HOLD
2025-01-08 03:55:00,67.66979999999967,67.66979999999967,-1,HOLD
2025-01-08 04:00:00,67.67759999999998,67.67759999999998,-1,HOLD
2025-01-08 04:05:00,67.82679999999982,67.82679999999982,-1,HOLD
2025-01-08 04:10:00,67.69999999999982,67.69999999999982,-1,HOLD
2025-01-08 04:15:00,67.74099999999999,67.74099999999999,-1,HOLD
2025-01-08 04:20:00,67.65859999999975,67.65859999999975,-1,HOLD
2025-01-08 04:25:00,67.51100000000042,67.51100000000042,-1,HOLD
2025-01-08 04:30:00,67.51100000000042,67.51100000000042,-1,HOLD
2025-01-08 04:35:00,67.66079999999965,67.66079999999965,-1,HOLD
2025-01-08 04:40:00,67.39840000000004,67.39840000000004,-1,HOLD
2025-01-08 04:45:00,67.51720000000023,67.51720000000023,-1,HOLD
2025-01-08 04:50:00,67.82380000000012,67.82380000000012,-1,HOLD
2025-01-08 04:55:00,67.8710000000001,67.8710000000001,-1,HOLD
2025-01-08 05:00:00,67.8742000000002,67.8742000000002,-1,HOLD
2025-01-08 05:05:00,68.0002000000004,68.0002000000004,-1,HOLD
2025-01-08 05:10:00,68.17759999999998,68.17759999999998,-1,HOLD
2025-01-08 05:15:00,68.1282000000001,68.1282000000001,-1,HOLD
2025-01-08 05:20:00,67.95340000000033,67.95340000000033,-1,HOLD
2025-01-08 05:25:00,67.95340000000033,67.95340000000033,-1,HOLD
2025-01-08 05:30:00,68.09500000000025,68.09500000000025,-1,HOLD
2025-01-08 05:35:00,67.82480000000032,67.82480000000032,-1,HOLD
2025-01-08 05:40:00,67.6180000000004,67.6180000000004,-1,HOLD
2025-01-08 05:45:00,67.67640000000029,67.67640000000029,-1,HOLD
2025-01-08 05:50:00,67.45139999999992,67.45139999999992,-1,HOLD
2025-01-08 05:55:00,67.3163999999997,67.3163999999997,-1,HOLD
2025-01-08 06:00:00,67.26260000000002,67.26260000000002,-1,HOLD
2025-01-08 06:05:00,67.6221999999998,67.6221999999998,-1,HOLD
2025-01-08 06:10:00,67.48520000000008,67.48520000000008,-1,HOLD
2025-01-08 06:15:00,67.53880000000026,67.53880000000026,-1,HOLD
2025-01-08 06:20:00,67.71399999999994,67.71399999999994,-1,HOLD
2025-01-08 06:25:00,67.60000000000036,67.60000000000036,-1,HOLD
2025-01-08 06:30:00,67.57380000000012,67.57380000000012,-1,HOLD
2025-01-08 06:35:00,67.57380000000012,67.57380000000012,-1,HOLD
2025-01-08 06:40:00,67.85360000000037,67.85360000000037,-1,HOLD
2025-01-08 06:45:00,67.79600000000028,67.79600000000028,-1,HOLD
2025-01-08 06:50:00,67.86239999999998,67.86239999999998,-1,HOLD
2025-01-08 06:55:00,67.83619999999974,67.83619999999974,-1,HOLD
2025-01-08 07:00:00,67.6221999999998,67.6221999999998,-1,HOLD
2025-01-08 07:05:00,67.57639999999992,67.57639999999992,-1,HOLD
2025-01-08 07:10:00,67.59079999999994,67.59079999999994,-1,HOLD
2025-01-08 07:15:00,67.58979999999974,67.58979999999974,-1,HOLD
2025-01-08 07:20:00,67.68159999999989,67.68159999999989,-1,HOLD
2025-01-08 07:25:00,67.73459999999977,67.73459999999977,-1,HOLD
2025-01-08 07:30:00,67.73459999999977,67.73459999999977,-1,HOLD
2025-01-08 07:35:00,67.78600000000006,67.78600000000006,-1,HOLD
2025-01-08 07:40:00,67.7503999999999,67.7503999999999,-1,HOLD
2025-01-08 07:45:00,67.58240000000023,67.58240000000023,-1,HOLD
2025-01-08 07:50:00,67.57319999999982,67.57319999999982,-1,HOLD
2025-01-08 07:55:00,67.58939999999984,67.58939999999984,-1,HOLD
2025-01-08 08:00:00,67.69999999999982,67.69999999999982,-1,HOLD
2025-01-08 08:05:00,67.74319999999989,67.74319999999989,-1,HOLD
2025-01-08 08:10:00,68.02040000000034,68.02040000000034,-1,HOLD
2025-01-08 08:15:00,68.1246000000001,68.1246000000001,-1,HOLD
2025-01-08 08:20:00,68.06700000000001,68.06700000000001,-1,HOLD
2025-01-08 08:25:00,68.07700000000023,68.07700000000023,-1,HOLD
2025-01-08 08:30:00,68.15580000000045,68.15580000000045,-1,HOLD
2025-01-08 08:35:00,68.17420000000038,68.17420000000038,-1,HOLD
2025-01-08 08:40:00,68.23739999999998,68.23739999999998,-1,HOLD
2025-01-08 08:45:00,68.2510000000002,68.2510000000002,-1,HOLD
2025-01-08 08:50:00,68.27260000000024,68.27260000000024,-1,HOLD
2025-01-08 08:55:00,68.21380000000045,68.21380000000045,-1,HOLD
2025-01-08 09:00:00,68.16719999999987,68.16719999999987,-1,HOLD
2025-01-08 09:05:00,68.03620000000046,68.03620000000046,-1,HOLD
2025-01-08 09:10:00,67.96020000000044,67.96020000000044,-1,HOLD
2025-01-08 09:15:00,67.93119999999999,67.93119999999999,-1,HOLD
2025-01-08 09:20:00,67.9355999999998,67.9355999999998,-1,HOLD
2025-01-08 09:25:00,67.9355999999998,67.9355999999998,-1,HOLD
2025-01-08 09:30:00,68.03560000000016,68.03560000000016,-1,HOLD
2025-01-08 09:35:00,67.84540000000015,67.84540000000015,-1,HOLD
2025-01-08 09:40:00,67.72559999999976,67.72559999999976,-1,HOLD
2025-01-08 09:45:00,67.64019999999982,67.64019999999982,-1,HOLD
2025-01-08 09:50:00,67.58600000000024,67.58600000000024,-1,HOLD
2025-01-08 09:55:00,67.58600000000024,67.58600000000024,-1,HOLD
2025-01-08 10:00:00,67.73360000000048,67.73360000000048,-1,HOLD
2025-01-08 10:05:00,67.84100000000035,67.84100000000035,-1,HOLD
2025-01-08 10:10:00,68.02040000000034,68.02040000000034,-1,HOLD
2025-01-08 10:15:00,68.02040000000034,68.02040000000034,-1,HOLD
2025-01-08 10:20:00,68.01159999999982,68.01159999999982,-1,HOLD
2025-01-08 10:25:00,67.91799999999967,67.91799999999967,-1,HOLD
2025-01-08 10:30:00,68.02880000000005,68.02880000000005,-1,HOLD
2025-01-08 10:35:00,67.8782000000001,67.8782000000001,-1,HOLD
2025-01-08 10:40:00,67.8782000000001,67.8782000000001,-1,HOLD
2025-01-08 10:45:00,67.78939999999966,67.78939999999966,-1,HOLD
2025-01-08 10:50:00,67.79119999999966,67.79119999999966,-1,HOLD
2025-01-08 10:55:00,67.72199999999975,67.72199999999975,-1,HOLD
2025-01-08 11:00:00,67.40639999999985,67.40639999999985,-1,HOLD
2025-01-08 11:05:00,67.30360000000019,67.30360000000019,-1,HOLD
2025-01-08 11:10:00,67.44340000000011,67.44340000000011,-1,HOLD
2025-01-08 11:15:00,67.4970000000003,67.4970000000003,-1,HOLD
2025-01-08 11:20:00,67.64480000000003,67.64480000000003,-1,HOLD
2025-01-08 11:25:00,67.58020000000033,67.58020000000033,-1,HOLD
2025-01-08 11:30:00,67.54539999999997,67.54539999999997,-1,HOLD
2025-01-08 11:35:00,67.38500000000022,67.38500000000022,-1,HOLD
2025-01-08 11:40:00,67.3100000000004,67.3100000000004,-1,HOLD
2025-01-08 11:45:00,67.21380000000045,67.21380000000045,-1,HOLD
2025-01-08 11:50:00,66.98059999999987,66.98059999999987,-1,HOLD
2025-01-08 11:55:00,67.27379999999994,67.27379999999994,-1,HOLD
2025-01-08 12:00:00,67.08219999999983,67.08219999999983,-1,HOLD
2025-01-08 12:05:00,67.29860000000008,67.29860000000008,-1,HOLD
2025-01-08 12:10:00,67.44620000000032,67.44620000000032,-1,HOLD
2025-01-08 12:15:00,67.26599999999962,67.26599999999962,-1,HOLD
2025-01-08 12:20:00,67.10540000000037,67.10540000000037,-1,HOLD
2025-01-08 12:25:00,67.18059999999969,67.18059999999969,-1,HOLD
2025-01-08 12:30:00,67.08680000000004,67.08680000000004,-1,HOLD
2025-01-08 12:35:00,67.14540000000034,67.14540000000034,-1,HOLD
2025-01-08 12:40:00,67.14540000000034,67.14540000000034,-1,HOLD
2025-01-08 12:45:00,66.97640000000047,66.97640000000047,-1,HOLD
2025-01-08 12:50:00,66.96519999999964,66.96519999999964,-1,HOLD
2025-01-08 12:55:00,66.90819999999985,66.90819999999985,-1,HOLD
2025-01-08 13:00:00,66.99319999999989,66.99319999999989,-1,HOLD
2025-01-08 13:05:00,66.8177999999998,66.8177999999998,-1,HOLD
2025-01-08 13:10:00,67.16079999999965,67.16079999999965,-1,HOLD
2025-01-08 13:15:00,67.31500000000051,67.31500000000051,-1,HOLD
2025-01-08 13:20:00,67.32219999999961,67.32219999999961,-1,HOLD
2025-01-08 13:25:00,67.41820000000007,67.41820000000007,-1,HOLD
2025-01-08 13:30:00,67.42600000000039,67.42600000000039,-1,HOLD
2025-01-08 13:35:00,67.31700000000001,67.31700000000001,-1,HOLD
2025-01-08 13:40:00,67.30479999999989,67.30479999999989,-1,HOLD
2025-01-08 13:45:00,67.30479999999989,67.30479999999989,-1,HOLD
2025-01-08 13:50:00,66.97919999999976,66.97919999999976,-1,HOLD
2025-01-08 13:55:00,66.97419999999966,66.97419999999966,-1,HOLD
2025-01-08 14:00:00,67.15940000000046,67.15940000000046,-1,HOLD
2025-01-08 14:05:00,67.09720000000016,67.09720000000016,-1,HOLD
2025-01-08 14:10:00,67.06980000000021,67.06980000000021,-1,HOLD
2025-01-08 14:15:00,66.85999999999967,66.85999999999967,-1,HOLD
2025-01-08 14:20:00,66.8137999999999,66.8137999999999,-1,HOLD
2025-01-08 14:25:00,66.79839999999967,66.79839999999967,-1,HOLD
2025-01-08 14:30:00,66.69120000000021,66.69120000000021,-1,HOLD
2025-01-08 14:35:00,66.36719999999968,66.36719999999968,-1,HOLD
2025-01-08 14:40:00,66.60260000000017,66.60260000000017,-1,HOLD
2025-01-08 14:45:00,66.51940000000013,66.51940000000013,-1,HOLD
2025-01-08 14:50:00,66.30000000000018,66.30000000000018,-1,HOLD
2025-01-08 14:55:00,66.30000000000018,66.30000000000018,-1,HOLD
2025-01-08 15:00:00,66.3068000000003,66.3068000000003,-1,HOLD
2025-01-08 15:05:00,66.60919999999987,66.60919999999987,-1,HOLD
2025-01-08 15:10:00,66.73160000000007,66.73160000000007,-1,HOLD
2025-01-08 15:15:00,66.57420000000002,66.57420000000002,-1,HOLD
2025-01-08 15:20:00,66.67460000000028,66.67460000000028,-1,HOLD
2025-01-08 15:25:00,66.74080000000049,66.74080000000049,-1,HOLD
2025-01-08 15:30:00,66.72680000000037,66.72680000000037,-1,HOLD
2025-01-08 15:35:00,66.70840000000044,66.70840000000044,-1,HOLD
2025-01-08 15:40:00,66.80580000000009,66.80580000000009,-1,HOLD
2025-01-08 15:45:00,66.8748000000005,66.8748000000005,-1,HOLD
2025-01-08 15:50:00,67.13460000000032,67.13460000000032,-1,HOLD
2025-01-08 15:55:00,67.16020000000026,67.16020000000026,-1,HOLD
2025-01-08 16:00:00,67.09379999999965,67.09379999999965,-1,HOLD
2025-01-08 16:05:00,67.09159999999974,67.09159999999974,-1,HOLD
2025-01-08 16:10:00,67.2539999999999,67.2539999999999,-1,HOLD
2025-01-08 16:15:00,67.5006000000003,67.5006000000003,-1,HOLD
2025-01-08 16:20:00,67.34339999999975,67.34339999999975,-1,HOLD
2025-01-08 16:25:00,67.3096000000005,67.3096000000005,-1,HOLD
2025-01-08 16:30:00,67.3096000000005,67.3096000000005,-1,HOLD
2025-01-08 16:35:00,67.38839999999982,67.38839999999982,-1,HOLD
2025-01-08 16:40:00,67.38839999999982,67.38839999999982,-1,HOLD
2025-01-08 16:45:00,67.46280000000024,67.46280000000024,-1,HOLD
2025-01-08 16:50:00,67.46280000000024,67.46280000000024,-1,HOLD
2025-01-08 16:55:00,67.45420000000013,67.45420000000013,-1,HOLD
2025-01-08 17:00:00,67.42879999999968,67.42879999999968,-1,HOLD
2025-01-08 17:05:00,67.39959999999974,67.39959999999974,-1,HOLD
2025-01-08 17:10:00,67.3105999999998,67.3105999999998,-1,HOLD
2025-01-08 17:15:00,67.3105999999998,67.3105999999998,-1,HOLD
2025-01-08 17:20:00,67.41719999999987,67.41719999999987,-1,HOLD
2025-01-08 17:25:00,67.41719999999987,67.41719999999987,-1,HOLD
2025-01-08 17:30:00,67.21619999999984,67.21619999999984,-1,HOLD
2025-01-08 17:35:00,67.23199999999997,67.23199999999997,-1,HOLD
2025-01-08 17:40:00,67.2460000000001,67.2460000000001,-1,HOLD
2025-01-08 17:45:00,67.2460000000001,67.2460000000001,-1,HOLD
2025-01-08 17:50:00,67.08520000000044,67.08520000000044,-1,HOLD
2025-01-08 17:55:00,66.94520000000011,66.94520000000011,-1,HOLD
2025-01-08 18:00:00,66.94520000000011,66.94520000000011,-1,HOLD
2025-01-08 18:05:00,66.94520000000011,66.94520000000011,-1,HOLD
2025-01-08 18:10:00,66.94520000000011,66.94520000000011,-1,HOLD
2025-01-08 18:15:00,67.21519999999964,67.21519999999964,-1,HOLD
2025-01-08 18:20:00,67.25380000000041,67.25380000000041,-1,HOLD
2025-01-08 18:25:00,67.38119999999981,67.38119999999981,-1,HOLD
2025-01-08 18:30:00,67.29399999999987,67.29399999999987,-1,HOLD
2025-01-08 18:35:00,67.29399999999987,67.29399999999987,-1,HOLD
2025-01-08 18:40:00,67.19920000000002,67.19920000000002,-1,HOLD
2025-01-08 18:45:00,67.1252000000004,67.1252000000004,-1,HOLD
2025-01-08 18:50:00,67.20880000000034,67.20880000000034,-1,HOLD
2025-01-08 18:55:00,67.20880000000034,67.20880000000034,-1,HOLD
2025-01-08 19:00:00,67.31540000000041,67.31540000000041,-1,HOLD
2025-01-08 19:05:00,67.3118000000004,67.3118000000004,-1,HOLD
2025-01-08 19:10:00,67.08060000000023,67.08060000000023,-1,HOLD
2025-01-08 19:15:00,67.11179999999968,67.11179999999968,-1,HOLD
2025-01-08 19:20:00,67.03480000000036,67.03480000000036,-1,HOLD
2025-01-08 19:25:00,66.98620000000028,66.98620000000028,-1,HOLD
2025-01-08 19:30:00,66.58039999999983,66.58039999999983,-1,HOLD
2025-01-08 19:35:00,66.69959999999992,66.69959999999992,-1,HOLD
2025-01-08 19:40:00,66.8108000000002,66.8108000000002,-1,HOLD
2025-01-08 19:45:00,66.97500000000036,66.97500000000036,-1,HOLD
2025-01-08 19:50:00,67.04579999999987,67.04579999999987,-1,HOLD
2025-01-08 19:55:00,67.00860000000011,67.00860000000011,-1,HOLD
2025-01-08 20:00:00,66.94959999999992,66.94959999999992,-1,HOLD
2025-01-08 20:05:00,67.17180000000008,67.17180000000008,-1,HOLD
2025-01-08 20:10:00,67.15419999999995,67.15419999999995,-1,HOLD
2025-01-08 20:15:00,67.15419999999995,67.15419999999995,-1,HOLD
2025-01-08 20:20:00,67.0586000000003,67.0586000000003,-1,HOLD
2025-01-08 20:25:00,66.9350000000004,66.9350000000004,-1,HOLD
2025-01-08 20:30:00,66.89819999999963,66.89819999999963,-1,HOLD
2025-01-08 20:35:00,67.02559999999994,67.02559999999994,-1,HOLD
2025-01-08 20:40:00,67.03819999999996,67.03819999999996,-1,HOLD
2025-01-08 20:45:00,66.90120000000024,66.90120000000024,-1,HOLD
2025-01-08 20:50:00,66.9431999999997,66.9431999999997,-1,HOLD
2025-01-08 20:55:00,66.8098,66.8098,-1,HOLD
2025-01-08 21:00:00,67.25619999999981,67.25619999999981,-1,HOLD
2025-01-08 21:05:00,67.1880000000001,67.1880000000001,-1,HOLD
2025-01-08 21:10:00,67.1880000000001,67.1880000000001,-1,HOLD
2025-01-08 21:15:00,67.1880000000001,67.1880000000001,-1,HOLD
2025-01-08 21:20:00,67.20820000000003,67.20820000000003,-1,HOLD
2025-01-08 21:25:00,67.22159999999985,67.22159999999985,-1,HOLD
2025-01-08 21:30:00,67.10620000000017,67.10620000000017,-1,HOLD
2025-01-08 21:35:00,67.10620000000017,67.10620000000017,-1,HOLD
2025-01-08 21:40:00,67.10620000000017,67.10620000000017,-1,HOLD
2025-01-08 21:45:00,67.12880000000041,67.12880000000041,-1,HOLD
2025-01-08 21:50:00,67.24499999999989,67.24499999999989,-1,HOLD
2025-01-08 21:55:00,67.21839999999975,67.21839999999975,-1,HOLD
2025-01-08 22:00:00,67.35919999999987,67.35919999999987,-1,HOLD
2025-01-08 22:05:00,67.27279999999973,67.27279999999973,-1,HOLD
2025-01-08 22:10:00,67.1216000000004,67.1216000000004,-1,HOLD
2025-01-08 22:15:00,67.1216000000004,67.1216000000004,-1,HOLD
2025-01-08 22:20:00,67.14720000000034,67.14720000000034,-1,HOLD
2025-01-08 22:25:00,67.14720000000034,67.14720000000034,-1,HOLD
2025-01-08 22:30:00,67.5036,67.5036,-1,HOLD
2025-01-08 22:35:00,67.14159999999993,67.14159999999993,-1,HOLD
2025-01-08 22:40:00,67.21519999999964,67.21519999999964,-1,HOLD
2025-01-08 22:45:00,67.24279999999999,67.24279999999999,-1,HOLD
2025-01-08 22:50:00,67.2480000000005,67.2480000000005,-1,HOLD
2025-01-08 22:55:00,67.36920000000009,67.36920000000009,-1,HOLD
2025-01-08 23:00:00,67.6248000000005,67.6248000000005,-1,HOLD
2025-01-08 23:05:00,67.60120000000006,67.60120000000006,-1,HOLD
2025-01-08 23:10:00,67.1235999999999,67.1235999999999,-1,HOLD
2025-01-08 23:15:00,67.17259999999987,67.17259999999987,-1,HOLD
2025-01-08 23:20:00,66.86539999999968,66.86539999999968,-1,HOLD
2025-01-08 23:25:00,66.86539999999968,66.86539999999968,-1,HOLD
2025-01-08 23:30:00,66.73160000000007,66.73160000000007,-1,HOLD
2025-01-08 23:35:00,66.95340000000033,66.95340000000033,-1,HOLD
2025-01-08 23:40:00,66.85999999999967,66.85999999999967,-1,HOLD
2025-01-08 23:45:00,66.76180000000022,66.76180000000022,-1,HOLD
2025-01-08 23:50:00,66.8738000000003,66.8738000000003,-1,HOLD
2025-01-08 23:55:00,66.8738000000003,66.8738000000003,-1,HOLD
2025-01-09 00:00:00,66.92619999999988,66.92619999999988,-1,HOLD
2025-01-09 00:05:00,66.82939999999962,66.82939999999962,-1,HOLD
2025-01-09 00:10:00,66.82939999999962,66.82939999999962,-1,HOLD
2025-01-09 00:15:00,66.65940000000046,66.65940000000046,-1,HOLD
2025-01-09 00:20:00,66.90120000000024,66.90120000000024,-1,HOLD
2025-01-09 00:25:00,66.65999999999985,66.65999999999985,-1,HOLD
2025-01-09 00:30:00,66.65999999999985,66.65999999999985,-1,HOLD
2025-01-09 00:35:00,66.77940000000035,66.77940000000035,-1,HOLD
2025-01-09 00:40:00,66.64379999999983,66.64379999999983,-1,HOLD
2025-01-09 00:45:00,66.40059999999994,66.40059999999994,-1,HOLD
2025-01-09 00:50:00,66.24539999999979,66.24539999999979,-1,HOLD
2025-01-09 00:55:00,66.30400000000009,66.30400000000009,-1,HOLD
2025-01-09 01:00:00,65.89440000000013,65.89440000000013,-1,HOLD
2025-01-09 01:05:00,65.83780000000024,65.83780000000024,-1,HOLD
2025-01-09 01:10:00,65.39999999999964,65.39999999999964,-1,HOLD
2025-01-09 01:15:00,65.41039999999975,65.41039999999975,-1,HOLD
2025-01-09 01:20:00,64.90400000000045,64.90400000000045,-1,HOLD
2025-01-09 01:25:00,64.78560000000016,64.78560000000016,-1,HOLD
2025-01-09 01:30:00,64.7430000000004,64.7430000000004,-1,HOLD
2025-01-09 01:35:00,64.67140000000018,64.67140000000018,-1,HOLD
2025-01-09 01:40:00,64.73239999999987,64.73239999999987,-1,HOLD
2025-01-09 01:45:00,64.83420000000024,64.83420000000024,-1,HOLD
2025-01-09 01:50:00,64.9355999999998,64.9355999999998,-1,HOLD
2025-01-09 01:55:00,65.33359999999993,65.33359999999993,-1,HOLD
2025-01-09 02:00:00,65.85279999999966,65.85279999999966,-1,HOLD
2025-01-09 02:05:00,65.8137999999999,65.8137999999999,-1,HOLD
2025-01-09 02:10:00,66.01400000000012,66.01400000000012,-1,HOLD
2025-01-09 02:15:00,66.23499999999967,66.23499999999967,-1,HOLD
2025-01-09 02:20:00,66.24219999999968,66.24219999999968,-1,HOLD
2025-01-09 02:25:00,66.52720000000045,66.52720000000045,-1,HOLD
2025-01-09 02:30:00,66.16420000000016,66.16420000000016,-1,HOLD
2025-01-09 02:35:00,66.21479999999974,66.21479999999974,-1,HOLD
2025-01-09 02:40:00,65.88600000000042,65.88600000000042,-1,HOLD
2025-01-09 02:45:00,65.67280000000028,65.67280000000028,-1,HOLD
2025-01-09 02:50:00,65.3734000000004,65.3734000000004,-1,HOLD
2025-01-09 02:55:00,65.63040000000001,65.63040000000001,-1,HOLD
2025-01-09 03:00:00,65.73099999999977,65.73099999999977,-1,HOLD
2025-01-09 03:05:00,66.03340000000026,66.03340000000026,-1,HOLD
2025-01-09 03:10:00,65.83979999999974,65.83979999999974,-1,HOLD
2025-01-09 03:15:00,66.13919999999962,66.13919999999962,-1,HOLD
2025-01-09 03:20:00,65.88259999999991,65.88259999999991,-1,HOLD
2025-01-09 03:25:00,66.13680000000022,66.13680000000022,-1,HOLD
2025-01-09 03:30:00,65.8163999999997,65.8163999999997,-1,HOLD
2025-01-09 03:35:00,65.81919999999991,65.81919999999991,-1,HOLD
2025-01-09 03:40:00,65.5632000000005,65.5632000000005,-1,HOLD
2025-01-09 03:45:00,65.77160000000003,65.77160000000003,-1,HOLD
2025-01-09 03:50:00,65.76460000000043,65.76460000000043,-1,HOLD
2025-01-09 03:55:00,65.76460000000043,65.76460000000043,-1,HOLD
2025-01-09 04:00:00,65.61160000000018,65.61160000000018,-1,HOLD
2025-01-09 04:05:00,65.44679999999971,65.44679999999971,-1,HOLD
2025-01-09 04:10:00,65.5,65.5,-1,HOLD
2025-01-09 04:15:00,65.59240000000045,65.59240000000045,-1,HOLD
2025-01-09 04:20:00,65.56940000000031,65.56940000000031,-1,HOLD
2025-01-09 04:25:00,65.79320000000007,65.79320000000007,-1,HOLD
2025-01-09 04:30:00,65.79320000000007,65.79320000000007,-1,HOLD
2025-01-09 04:35:00,65.79320000000007,65.79320000000007,-1,HOLD
2025-01-09 04:40:00,65.7547999999997,65.7547999999997,-1,HOLD
2025-01-09 04:45:00,65.77160000000003,65.77160000000003,-1,HOLD
2025-01-09 04:50:00,65.85199999999986,65.85199999999986,-1,HOLD
2025-01-09 04:55:00,65.85199999999986,65.85199999999986,-1,HOLD
2025-01-09 05:00:00,65.67380000000048,65.67380000000048,-1,HOLD
2025-01-09 05:05:00,65.77919999999995,65.77919999999995,-1,HOLD
2025-01-09 05:10:00,65.72000000000025,65.72000000000025,-1,HOLD
2025-01-09 05:15:00,65.5659999999998,65.5659999999998,-1,HOLD
2025-01-09 05:20:00,65.8710000000001,65.8710000000001,-1,HOLD
2025-01-09 05:25:00,65.76959999999963,65.76959999999963,-1,HOLD
2025-01-09 05:30:00,65.75820000000022,65.75820000000022,-1,HOLD
2025-01-09 05:35:00,65.75540000000001,65.75540000000001,-1,HOLD
2025-01-09 05:40:00,65.98660000000018,65.98660000000018,-1,HOLD
2025-01-09 05:45:00,66.09460000000036,66.09460000000036,-1,HOLD
2025-01-09 05:50:00,65.99579999999969,65.99579999999969,-1,HOLD
2025-01-09 05:55:00,66.08160000000044,66.08160000000044,-1,HOLD
2025-01-09 06:00:00,66.11740000000009,66.11740000000009,-1,HOLD
2025-01-09 06:05:00,66.30460000000039,66.30460000000039,-1,HOLD
2025-01-09 06:10:00,66.3136000000004,66.3136000000004,-1,HOLD
2025-01-09 06:15:00,66.3136000000004,66.3136000000004,-1,HOLD
2025-01-09 06:20:00,66.3738000000003,66.3738000000003,-1,HOLD
2025-01-09 06:25:00,66.28420000000006,66.28420000000006,-1,HOLD
2025-01-09 06:30:00,66.35260000000017,66.35260000000017,-1,HOLD
2025-01-09 06:35:00,66.46740000000045,66.46740000000045,-1,HOLD
2025-01-09 06:40:00,66.61419999999998,66.61419999999998,-1,HOLD
2025-01-09 06:45:00,66.59420000000046,66.59420000000046,-1,HOLD
2025-01-09 06:50:00,66.5021999999999,66.5021999999999,-1,HOLD
2025-01-09 06:55:00,66.65580000000045,66.65580000000045,-1,HOLD
2025-01-09 07:00:00,66.51919999999973,66.51919999999973,-1,HOLD
2025-01-09 07:05:00,66.51760000000013,66.51760000000013,-1,HOLD
2025-01-09 07:10:00,66.40359999999964,66.40359999999964,-1,HOLD
2025-01-09 07:15:00,66.50920000000042,66.50920000000042,-1,HOLD
2025-01-09 07:20:00,66.50920000000042,66.50920000000042,-1,HOLD
2025-01-09 07:25:00,66.49319999999989,66.49319999999989,-1,HOLD
2025-01-09 07:30:00,66.45259999999962,66.45259999999962,-1,HOLD
2025-01-09 07:35:00,66.55320000000029,66.55320000000029,-1,HOLD
2025-01-09 07:40:00,66.59860000000026,66.59860000000026,-1,HOLD
2025-01-09 07:45:00,66.68199999999979,66.68199999999979,-1,HOLD
2025-01-09 07:50:00,66.52980000000025,66.52980000000025,-1,HOLD
2025-01-09 07:55:00,66.52980000000025,66.52980000000025,-1,HOLD
2025-01-09 08:00:00,66.55320000000029,66.55320000000029,-1,HOLD
2025-01-09 08:05:00,66.54680000000008,66.54680000000008,-1,HOLD
2025-01-09 08:10:00,66.59919999999966,66.59919999999966,-1,HOLD
2025-01-09 08:15:00,66.60580000000027,66.60580000000027,-1,HOLD
2025-01-09 08:20:00,66.46680000000015,66.46680000000015,-1,HOLD
2025-01-09 08:25:00,66.45759999999973,66.45759999999973,-1,HOLD
2025-01-09 08:30:00,66.5011999999997,66.5011999999997,-1,HOLD
2025-01-09 08:35:00,66.40880000000016,66.40880000000016,-1,HOLD
2025-01-09 08:40:00,66.48900000000049,66.48900000000049,-1,HOLD
2025-01-09 08:45:00,66.58880000000045,66.58880000000045,-1,HOLD
2025-01-09 08:50:00,66.7543999999998,66.7543999999998,-1,HOLD
2025-01-09 08:55:00,66.88839999999982,66.88839999999982,-1,HOLD
2025-01-09 09:00:00,66.88420000000042,66.88420000000042,-1,HOLD
2025-01-09 09:05:00,66.74380000000019,66.74380000000019,-1,HOLD
2025-01-09 09:10:00,66.78719999999976,66.78719999999976,-1,HOLD
2025-01-09 09:15:00,66.85540000000037,66.85540000000037,-1,HOLD
2025-01-09 09:20:00,67.03440000000046,67.03440000000046,-1,HOLD
2025-01-09 09:25:00,67.11040000000048,67.11040000000048,-1,HOLD
2025-01-09 09:30:00,67.07440000000042,67.07440000000042,-1,HOLD
2025-01-09 09:35:00,67.10680000000048,67.10680000000048,-1,HOLD
2025-01-09 09:40:00,67.13439999999991,67.13439999999991,-1,HOLD
2025-01-09 09:45:00,67.13439999999991,67.13439999999991,-1,HOLD
2025-01-09 09:50:00,66.97199999999975,66.97199999999975,-1,HOLD
2025-01-09 09:55:00,67.02660000000014,67.02660000000014,-1,HOLD
2025-01-09 10:00:00,66.95920000000024,66.95920000000024,-1,HOLD
2025-01-09 10:05:00,66.53859999999986,66.53859999999986,-1,HOLD
2025-01-09 10:10:00,66.53319999999985,66.53319999999985,-1,HOLD
2025-01-09 10:15:00,66.57440000000042,66.57440000000042,-1,HOLD
2025-01-09 10:20:00,66.67380000000048,66.67380000000048,-1,HOLD
2025-01-09 10:25:00,66.83619999999974,66.83619999999974,-1,HOLD
2025-01-09 10:30:00,66.86859999999979,66.86859999999979,-1,HOLD
2025-01-09 10:35:00,66.82020000000011,66.82020000000011,-1,HOLD
2025-01-09 10:40:00,66.8140000000003,66.8140000000003,-1,HOLD
2025-01-09 10:45:00,66.79420000000027,66.79420000000027,-1,HOLD
2025-01-09 10:50:00,66.79380000000037,66.79380000000037,-1,HOLD
2025-01-09 10:55:00,66.92020000000048,66.92020000000048,-1,HOLD
2025-01-09 11:00:00,66.92020000000048,66.92020000000048,-1,HOLD
2025-01-09 11:05:00,66.60940000000028,66.60940000000028,-1,HOLD
2025-01-09 11:10:00,66.60940000000028,66.60940000000028,-1,HOLD
2025-01-09 11:15:00,66.5018,66.5018,-1,HOLD
2025-01-09 11:20:00,66.75659999999971,66.75659999999971,-1,HOLD
2025-01-09 11:25:00,66.60599999999977,66.60599999999977,-1,HOLD
2025-01-09 11:30:00,66.5634,66.5634,-1,HOLD
2025-01-09 11:35:00,66.61880000000019,66.61880000000019,-1,HOLD
2025-01-09 11:40:00,66.64739999999983,66.64739999999983,-1,HOLD
2025-01-09 11:45:00,66.57319999999982,66.57319999999982,-1,HOLD
2025-01-09 11:50:00,66.4964,66.4964,-1,HOLD
2025-01-09 11:55:00,66.52340000000004,66.52340000000004,-1,HOLD
2025-01-09 12:00:00,66.72640000000047,66.72640000000047,-1,HOLD
2025-01-09 12:05:00,66.72640000000047,66.72640000000047,-1,HOLD
2025-01-09 12:10:00,66.50460000000021,66.50460000000021,-1,HOLD
2025-01-09 12:15:00,66.28380000000016,66.28380000000016,-1,HOLD
2025-01-09 12:20:00,66.38699999999972,66.38699999999972,-1,HOLD
2025-01-09 12:25:00,66.40139999999974,66.40139999999974,-1,HOLD
2025-01-09 12:30:00,66.49359999999979,66.49359999999979,-1,HOLD
2025-01-09 12:35:00,66.49359999999979,66.49359999999979,-1,HOLD
2025-01-09 12:40:00,66.60940000000028,66.60940000000028,-1,HOLD
2025-01-09 12:45:00,66.60940000000028,66.60940000000028,-1,HOLD
2025-01-09 12:50:00,66.5616,66.5616,-1,HOLD
2025-01-09 12:55:00,66.8108000000002,66.8108000000002,-1,HOLD
2025-01-09 13:00:00,66.6894000000002,66.6894000000002,-1,HOLD
2025-01-09 13:05:00,66.6859999999997,66.6859999999997,-1,HOLD
2025-01-09 13:10:00,66.79700000000048,66.79700000000048,-1,HOLD
2025-01-09 13:15:00,66.79700000000048,66.79700000000048,-1,HOLD
2025-01-09 13:20:00,66.79700000000048,66.79700000000048,-1,HOLD
2025-01-09 13:25:00,66.79700000000048,66.79700000000048,-1,HOLD
2025-01-09 13:30:00,66.79920000000038,66.79920000000038,-1,HOLD
2025-01-09 13:35:00,66.63140000000021,66.63140000000021,-1,HOLD
2025-01-09 13:40:00,66.60940000000028,66.60940000000028,-1,HOLD
2025-01-09 13:45:00,66.56580000000031,66.56580000000031,-1,HOLD
2025-01-09 13:50:00,66.64300000000003,66.64300000000003,-1,HOLD
2025-01-09 13:55:00,66.64300000000003,66.64300000000003,-1,HOLD
2025-01-09 14:00:00,66.5578000000005,66.5578000000005,-1,HOLD
2025-01-09 14:05:00,66.5578000000005,66.5578000000005,-1,HOLD
2025-01-09 14:10:00,66.50780000000032,66.50780000000032,-1,HOLD
2025-01-09 14:15:00,66.67540000000008,66.67540000000008,-1,HOLD
2025-01-09 14:20:00,66.56620000000021,66.56620000000021,-1,HOLD
2025-01-09 14:25:00,66.53740000000016,66.53740000000016,-1,HOLD
2025-01-09 14:30:00,66.5663999999997,66.5663999999997,-1,HOLD
2025-01-09 14:35:00,66.48620000000028,66.48620000000028,-1,HOLD
2025-01-09 14:40:00,66.48620000000028,66.48620000000028,-1,HOLD
2025-01-09 14:45:00,66.44539999999961,66.44539999999961,-1,HOLD
2025-01-09 14:50:00,66.40520000000015,66.40520000000015,-1,HOLD
2025-01-09 14:55:00,66.36539999999968,66.36539999999968,-1,HOLD
2025-01-09 15:00:00,66.29460000000017,66.29460000000017,-1,HOLD
2025-01-09 15:05:00,66.29460000000017,66.29460000000017,-1,HOLD
2025-01-09 15:10:00,66.36719999999968,66.36719999999968,-1,HOLD
2025-01-09 15:15:00,66.28899999999976,66.28899999999976,-1,HOLD
2025-01-09 15:20:00,66.1818000000003,66.1818000000003,-1,HOLD
2025-01-09 15:25:00,65.98480000000018,65.98480000000018,-1,HOLD
2025-01-09 15:30:00,65.80339999999978,65.80339999999978,-1,HOLD
2025-01-09 15:35:00,65.91179999999986,65.91179999999986,-1,HOLD
2025-01-09 15:40:00,65.91179999999986,65.91179999999986,-1,HOLD
2025-01-09 15:45:00,65.91179999999986,65.91179999999986,-1,HOLD
2025-01-09 15:50:00,65.91179999999986,65.91179999999986,-1,HOLD
2025-01-09 15:55:00,65.91179999999986,65.91179999999986,-1,HOLD
2025-01-09 16:00:00,65.91780000000017,65.91780000000017,-1,HOLD
2025-01-09 16:05:00,65.65059999999994,65.65059999999994,-1,HOLD
2025-01-09 16:10:00,65.65059999999994,65.65059999999994,-1,HOLD
2025-01-09 16:15:00,65.65059999999994,65.65059999999994,-1,HOLD
2025-01-09 16:20:00,65.65059999999994,65.65059999999994,-1,HOLD
2025-01-09 16:25:00,65.65059999999994,65.65059999999994,-1,HOLD
2025-01-09 16:30:00,65.8100000000004,65.8100000000004,-1,HOLD
2025-01-09 16:35:00,66.39959999999974,66.39959999999974,-1,HOLD
2025-01-09 16:40:00,66.51040000000012,66.51040000000012,-1,HOLD
2025-01-09 16:45:00,66.20840000000044,66.20840000000044,-1,HOLD
2025-01-09 16:50:00,66.20840000000044,66.20840000000044,-1,HOLD
2025-01-09 16:55:00,66.24099999999999,66.24099999999999,-1,HOLD
2025-01-09 17:00:00,66.24099999999999,66.24099999999999,-1,HOLD
2025-01-09 17:05:00,66.40859999999975,66.40859999999975,-1,HOLD
2025-01-09 17:10:00,66.26239999999962,66.26239999999962,-1,HOLD
2025-01-09 17:15:00,66.39819999999963,66.39819999999963,-1,HOLD
2025-01-09 17:20:00,66.39919999999984,66.39919999999984,-1,HOLD
2025-01-09 17:25:00,66.39919999999984,66.39919999999984,-1,HOLD
2025-01-09 17:30:00,66.41179999999986,66.41179999999986,-1,HOLD
2025-01-09 17:35:00,66.45359999999982,66.45359999999982,-1,HOLD
2025-01-09 17:40:00,66.45359999999982,66.45359999999982,-1,HOLD
2025-01-09 17:45:00,66.45359999999982,66.45359999999982,-1,HOLD
2025-01-09 17:50:00,66.45359999999982,66.45359999999982,-1,HOLD
2025-01-09 17:55:00,66.34519999999975,66.34519999999975,-1,HOLD
2025-01-09 18:00:00,66.34519999999975,66.34519999999975,-1,HOLD
2025-01-09 18:05:00,66.34519999999975,66.34519999999975,-1,HOLD
2025-01-09 18:10:00,66.34519999999975,66.34519999999975,-1,HOLD
2025-01-09 18:15:00,66.28600000000006,66.28600000000006,-1,HOLD
2025-01-09 18:20:00,66.09320000000025,66.09320000000025,-1,HOLD
2025-01-09 18:25:00,66.14360000000033,66.14360000000033,-1,HOLD
2025-01-09 18:30:00,65.9384,65.9384,-1,HOLD
2025-01-09 18:35:00,65.96939999999995,65.96939999999995,-1,HOLD
2025-01-09 18:40:00,66.03020000000015,66.03020000000015,-1,HOLD
2025-01-09 18:45:00,66.03020000000015,66.03020000000015,-1,HOLD
2025-01-09 18:50:00,66.19480000000021,66.19480000000021,-1,HOLD
2025-01-09 18:55:00,66.21119999999974,66.21119999999974,-1,HOLD
2025-01-09 19:00:00,66.21119999999974,66.21119999999974,-1,HOLD
2025-01-09 19:05:00,66.25460000000021,66.25460000000021,-1,HOLD
2025-01-09 19:10:00,66.29420000000027,66.29420000000027,-1,HOLD
2025-01-09 19:15:00,66.33259999999973,66.33259999999973,-1,HOLD
2025-01-09 19:20:00,66.4344000000001,66.4344000000001,-1,HOLD
2025-01-09 19:25:00,66.4344000000001,66.4344000000001,-1,HOLD
2025-01-09 19:30:00,66.3140000000003,66.3140000000003,-1,HOLD
2025-01-09 19:35:00,66.00900000000001,66.00900000000001,-1,HOLD
2025-01-09 19:40:00,66.07160000000022,66.07160000000022,-1,HOLD
2025-01-09 19:45:00,66.09240000000045,66.09240000000045,-1,HOLD
2025-01-09 19:50:00,66.09240000000045,66.09240000000045,-1,HOLD
2025-01-09 19:55:00,66.09240000000045,66.09240000000045,-1,HOLD
2025-01-09 20:00:00,66.09240000000045,66.09240000000045,-1,HOLD
2025-01-09 20:05:00,65.98660000000018,65.98660000000018,-1,HOLD
2025-01-09 20:10:00,66.1274000000003,66.1274000000003,-1,HOLD
2025-01-09 20:15:00,66.1274000000003,66.1274000000003,-1,HOLD
2025-01-09 20:20:00,66.17420000000038,66.17420000000038,-1,HOLD
2025-01-09 20:25:00,66.17420000000038,66.17420000000038,-1,HOLD
2025-01-09 20:30:00,66.13979999999992,66.13979999999992,-1,HOLD
2025-01-09 20:35:00,66.11560000000009,66.11560000000009,-1,HOLD
2025-01-09 20:40:00,66.06880000000001,66.06880000000001,-1,HOLD
2025-01-09 20:45:00,65.78719999999976,65.78719999999976,-1,HOLD
2025-01-09 20:50:00,65.85300000000007,65.85300000000007,-1,HOLD
2025-01-09 20:55:00,65.89159999999993,65.89159999999993,-1,HOLD
2025-01-09 21:00:00,66.10620000000017,66.10620000000017,-1,HOLD
2025-01-09 21:05:00,65.79420000000027,65.79420000000027,-1,HOLD
2025-01-09 21:10:00,65.65440000000035,65.65440000000035,-1,HOLD
2025-01-09 21:15:00,65.66319999999996,65.66319999999996,-1,HOLD
2025-01-09 21:20:00,65.66300000000047,65.66300000000047,-1,HOLD
2025-01-09 21:25:00,65.79979999999978,65.79979999999978,-1,HOLD
2025-01-09 21:30:00,65.64959999999974,65.64959999999974,-1,HOLD
2025-01-09 21:35:00,65.19999999999982,65.19999999999982,-1,HOLD
2025-01-09 21:40:00,65.11920000000009,65.11920000000009,-1,HOLD
2025-01-09 21:45:00,65.05460000000039,65.05460000000039,-1,HOLD
2025-01-09 21:50:00,64.88180000000011,64.88180000000011,-1,HOLD
2025-01-09 21:55:00,64.3797999999997,64.3797999999997,-1,HOLD
2025-01-09 22:00:00,64.48099999999977,64.48099999999977,-1,HOLD
2025-01-09 22:05:00,64.57880000000023,64.57880000000023,-1,HOLD
2025-01-09 22:10:00,64.53440000000046,64.53440000000046,-1,HOLD
2025-01-09 22:15:00,64.85400000000027,64.85400000000027,-1,HOLD
2025-01-09 22:20:00,64.72260000000006,64.72260000000006,-1,HOLD
2025-01-09 22:25:00,64.78160000000025,64.78160000000025,-1,HOLD
2025-01-09 22:30:00,64.91380000000026,64.91380000000026,-1,HOLD
2025-01-09 22:35:00,64.82600000000002,64.82600000000002,-1,HOLD
2025-01-09 22:40:00,64.82600000000002,64.82600000000002,-1,HOLD
2025-01-09 22:45:00,64.73840000000018,64.73840000000018,-1,HOLD
2025-01-09 22:50:00,64.76659999999993,64.76659999999993,-1,HOLD
2025-01-09 22:55:00,64.8764000000001,64.8764000000001,-1,HOLD
2025-01-09 23:00:00,64.97559999999976,64.97559999999976,-1,HOLD
2025-01-09 23:05:00,64.91820000000007,64.91820000000007,-1,HOLD
2025-01-09 23:10:00,64.91820000000007,64.91820000000007,-1,HOLD
2025-01-09 23:15:00,65.3753999999999,65.3753999999999,-1,HOLD
2025-01-09 23:20:00,65.4364000000005,65.4364000000005,-1,HOLD
2025-01-09 23:25:00,65.66300000000047,65.66300000000047,-1,HOLD
2025-01-09 23:30:00,65.95359999999982,65.95359999999982,-1,HOLD
2025-01-09 23:35:00,65.95539999999983,65.95539999999983,-1,HOLD
2025-01-09 23:40:00,65.95539999999983,65.95539999999983,-1,HOLD
2025-01-09 23:45:00,66.14879999999994,66.14879999999994,-1,HOLD
2025-01-09 23:50:00,66.67479999999978,66.67479999999978,-1,HOLD
2025-01-09 23:55:00,66.47580000000016,66.47580000000016,-1,HOLD
2025-01-10 00:00:00,66.47559999999976,66.47559999999976,-1,HOLD
2025-01-10 00:05:00,66.47580000000016,66.47580000000016,-1,HOLD
2025-01-10 00:10:00,66.47580000000016,66.47580000000016,-1,HOLD
2025-01-10 00:15:00,66.26500000000033,66.26500000000033,-1,HOLD
2025-01-10 00:20:00,66.08579999999984,66.08579999999984,-1,HOLD
2025-01-10 00:25:00,65.94639999999981,65.94639999999981,-1,HOLD
2025-01-10 00:30:00,65.96460000000025,65.96460000000025,-1,HOLD
2025-01-10 00:35:00,65.83420000000024,65.83420000000024,-1,HOLD
2025-01-10 00:40:00,66.00900000000001,66.00900000000001,-1,HOLD
2025-01-10 00:45:00,66.01019999999971,66.01019999999971,-1,HOLD
2025-01-10 00:50:00,66.22919999999976,66.22919999999976,-1,HOLD
2025-01-10 00:55:00,66.00820000000022,66.00820000000022,-1,HOLD
2025-01-10 01:00:00,65.98180000000048,65.98180000000048,-1,HOLD
2025-01-10 01:05:00,65.98300000000017,65.98300000000017,-1,HOLD
2025-01-10 01:10:00,65.86560000000009,65.86560000000009,-1,HOLD
2025-01-10 01:15:00,65.59159999999974,65.59159999999974,-1,HOLD
2025-01-10 01:20:00,65.56620000000021,65.56620000000021,-1,HOLD
2025-01-10 01:25:00,65.77880000000005,65.77880000000005,-1,HOLD
2025-01-10 01:30:00,65.63559999999961,65.63559999999961,-1,HOLD
2025-01-10 01:35:00,65.39999999999964,65.39999999999964,-1,HOLD
2025-01-10 01:40:00,65.40899999999965,65.40899999999965,-1,HOLD
2025-01-10 01:45:00,65.0600000000004,65.0600000000004,-1,HOLD
2025-01-10 01:50:00,64.90539999999964,64.90539999999964,-1,HOLD
2025-01-10 01:55:00,65.04439999999977,65.04439999999977,-1,HOLD
2025-01-10 02:00:00,65.08860000000004,65.08860000000004,-1,HOLD
2025-01-10 02:05:00,65.17960000000039,65.17960000000039,-1,HOLD
2025-01-10 02:10:00,65.19380000000001,65.19380000000001,-1,HOLD
2025-01-10 02:15:00,65.2569999999996,65.2569999999996,-1,HOLD
2025-01-10 02:20:00,65.02019999999993,65.02019999999993,-1,HOLD
2025-01-10 02:25:00,65.1855999999998,65.1855999999998,-1,HOLD
2025-01-10 02:30:00,65.33880000000045,65.33880000000045,-1,HOLD
2025-01-10 02:35:00,65.33899999999994,65.33899999999994,-1,HOLD
2025-01-10 02:40:00,65.26699999999983,65.26699999999983,-1,HOLD
2025-01-10 02:45:00,65.26699999999983,65.26699999999983,-1,HOLD
2025-01-10 02:50:00,65.26699999999983,65.26699999999983,-1,HOLD
2025-01-10 02:55:00,65.26699999999983,65.26699999999983,-1,HOLD
2025-01-10 03:00:00,65.11139999999978,65.11139999999978,-1,HOLD
2025-01-10 03:05:00,65.4377999999997,65.4377999999997,-1,HOLD
2025-01-10 03:10:00,65.4377999999997,65.4377999999997,-1,HOLD
2025-01-10 03:15:00,65.28459999999995,65.28459999999995,-1,HOLD
2025-01-10 03:20:00,65.03539999999975,65.03539999999975,-1,HOLD
2025-01-10 03:25:00,64.8786,64.8786,-1,HOLD
2025-01-10 03:30:00,65.15480000000025,65.15480000000025,-1,HOLD
2025-01-10 03:35:00,65.15319999999974,65.15319999999974,-1,HOLD
2025-01-10 03:40:00,64.9394000000002,64.9394000000002,-1,HOLD
2025-01-10 03:45:00,64.58820000000014,64.58820000000014,-1,HOLD
2025-01-10 03:50:00,64.58640000000014,64.58640000000014,-1,HOLD
2025-01-10 03:55:00,64.19980000000032,64.19980000000032,-1,HOLD
2025-01-10 04:00:00,64.24420000000009,64.24420000000009,-1,HOLD
2025-01-10 04:05:00,64.05400000000009,64.05400000000009,-1,HOLD
2025-01-10 04:10:00,63.8775999999998,63.8775999999998,-1,HOLD
2025-01-10 04:15:00,63.487200000000485,63.487200000000485,-1,HOLD
2025-01-10 04:20:00,63.71280000000024,63.71280000000024,-1,HOLD
2025-01-10 04:25:00,63.95939999999973,63.95939999999973,-1,HOLD
2025-01-10 04:30:00,63.802599999999984,63.802599999999984,-1,HOLD
2025-01-10 04:35:00,63.71280000000024,63.71280000000024,-1,HOLD
2025-01-10 04:40:00,63.97519999999986,63.97519999999986,-1,HOLD
2025-01-10 04:45:00,63.9332000000004,63.9332000000004,-1,HOLD
2025-01-10 04:50:00,63.92920000000049,63.92920000000049,-1,HOLD
2025-01-10 04:55:00,63.89860000000044,63.89860000000044,-1,HOLD
2025-01-10 05:00:00,64.11300000000028,64.11300000000028,-1,HOLD
2025-01-10 05:05:00,64.15480000000025,64.15480000000025,-1,HOLD
2025-01-10 05:10:00,64.26199999999972,64.26199999999972,-1,HOLD
2025-01-10 05:15:00,64.29340000000047,64.29340000000047,-1,HOLD
2025-01-10 05:20:00,64.54500000000007,64.54500000000007,-1,HOLD
2025-01-10 05:25:00,64.32800000000043,64.32800000000043,-1,HOLD
2025-01-10 05:30:00,64.30559999999969,64.30559999999969,-1,HOLD
2025-01-10 05:35:00,64.32800000000043,64.32800000000043,-1,HOLD
2025-01-10 05:40:00,64.32800000000043,64.32800000000043,-1,HOLD
2025-01-10 05:45:00,64.25680000000011,64.25680000000011,-1,HOLD
2025-01-10 05:50:00,64.10559999999987,64.10559999999987,-1,HOLD
2025-01-10 05:55:00,64.1828000000005,64.1828000000005,-1,HOLD
2025-01-10 06:00:00,64.1828000000005,64.1828000000005,-1,HOLD
2025-01-10 06:05:00,64.0010000000002,64.0010000000002,-1,HOLD
2025-01-10 06:10:00,63.95880000000034,63.95880000000034,-1,HOLD
2025-01-10 06:15:00,64.0590000000002,64.0590000000002,-1,HOLD
2025-01-10 06:20:00,64.04619999999977,64.04619999999977,-1,HOLD
2025-01-10 06:25:00,64.36920000000009,64.36920000000009,-1,HOLD
2025-01-10 06:30:00,64.38420000000042,64.38420000000042,-1,HOLD
2025-01-10 06:35:00,64.67339999999967,64.67339999999967,-1,HOLD
2025-01-10 06:40:00,64.76199999999972,64.76199999999972,-1,HOLD
2025-01-10 06:45:00,64.76199999999972,64.76199999999972,-1,HOLD
2025-01-10 06:50:00,64.53700000000026,64.53700000000026,-1,HOLD
2025-01-10 06:55:00,64.53700000000026,64.53700000000026,-1,HOLD
2025-01-10 07:00:00,64.67680000000018,64.67680000000018,-1,HOLD
2025-01-10 07:05:00,64.53480000000036,64.53480000000036,-1,HOLD
2025-01-10 07:10:00,64.53480000000036,64.53480000000036,-1,HOLD
2025-01-10 07:15:00,64.45520000000033,64.45520000000033,-1,HOLD
2025-01-10 07:20:00,64.42960000000039,64.42960000000039,-1,HOLD
2025-01-10 07:25:00,64.24380000000019,64.24380000000019,-1,HOLD
2025-01-10 07:30:00,64.38659999999982,64.38659999999982,-1,HOLD
2025-01-10 07:35:00,64.3746000000001,64.3746000000001,-1,HOLD
2025-01-10 07:40:00,64.3746000000001,64.3746000000001,-1,HOLD
2025-01-10 07:45:00,64.3746000000001,64.3746000000001,-1,HOLD
2025-01-10 07:50:00,64.46039999999994,64.46039999999994,-1,HOLD
2025-01-10 07:55:00,64.46039999999994,64.46039999999994,-1,HOLD
2025-01-10 08:00:00,64.52540000000045,64.52540000000045,-1,HOLD
2025-01-10 08:05:00,64.43379999999979,64.43379999999979,-1,HOLD
2025-01-10 08:10:00,64.54280000000017,64.54280000000017,-1,HOLD
2025-01-10 08:15:00,64.53759999999966,64.53759999999966,-1,HOLD
2025-01-10 08:20:00,64.3789999999999,64.3789999999999,-1,HOLD
2025-01-10 08:25:00,64.38439999999991,64.38439999999991,-1,HOLD
2025-01-10 08:30:00,64.39519999999993,64.39519999999993,-1,HOLD
2025-01-10 08:35:00,64.60239999999976,64.60239999999976,-1,HOLD
2025-01-10 08:40:00,64.60239999999976,64.60239999999976,-1,HOLD
2025-01-10 08:45:00,64.33880000000045,64.33880000000045,-1,HOLD
2025-01-10 08:50:00,64.5572000000002,64.5572000000002,-1,HOLD
2025-01-10 08:55:00,64.47800000000007,64.47800000000007,-1,HOLD
2025-01-10 09:00:00,64.47800000000007,64.47800000000007,-1,HOLD
2025-01-10 09:05:00,64.47059999999965,64.47059999999965,-1,HOLD
2025-01-10 09:10:00,64.47059999999965,64.47059999999965,-1,HOLD
2025-01-10 09:15:00,64.63299999999981,64.63299999999981,-1,HOLD
2025-01-10 09:20:00,64.3710000000001,64.3710000000001,-1,HOLD
2025-01-10 09:25:00,64.3710000000001,64.3710000000001,-1,HOLD
2025-01-10 09:30:00,64.6275999999998,64.6275999999998,-1,HOLD
2025-01-10 09:35:00,64.55140000000029,64.55140000000029,-1,HOLD
2025-01-10 09:40:00,64.65719999999965,64.65719999999965,-1,HOLD
2025-01-10 09:45:00,64.80000000000018,64.80000000000018,-1,HOLD
2025-01-10 09:50:00,64.80000000000018,64.80000000000018,-1,HOLD
2025-01-10 09:55:00,64.78759999999966,64.78759999999966,-1,HOLD
2025-01-10 10:00:00,64.93419999999969,64.93419999999969,-1,HOLD
2025-01-10 10:05:00,64.9952000000003,64.9952000000003,-1,HOLD
2025-01-10 10:10:00,64.76080000000002,64.76080000000002,-1,HOLD
2025-01-10 10:15:00,64.72440000000006,64.72440000000006,-1,HOLD
2025-01-10 10:20:00,64.86639999999989,64.86639999999989,-1,HOLD
2025-01-10 10:25:00,65.04860000000008,65.04860000000008,-1,HOLD
2025-01-10 10:30:00,65.15679999999975,65.15679999999975,-1,HOLD
2025-01-10 10:35:00,64.98260000000028,64.98260000000028,-1,HOLD
2025-01-10 10:40:00,64.94760000000042,64.94760000000042,-1,HOLD
2025-01-10 10:45:00,64.94760000000042,64.94760000000042,-1,HOLD
2025-01-10 10:50:00,64.94760000000042,64.94760000000042,-1,HOLD
2025-01-10 10:55:00,64.94760000000042,64.94760000000042,-1,HOLD
2025-01-10 11:00:00,64.94800000000032,64.94800000000032,-1,HOLD
2025-01-10 11:05:00,64.94800000000032,64.94800000000032,-1,HOLD
2025-01-10 11:10:00,64.94800000000032,64.94800000000032,-1,HOLD
2025-01-10 11:15:00,64.95079999999962,64.95079999999962,-1,HOLD
2025-01-10 11:20:00,64.95079999999962,64.95079999999962,-1,HOLD
2025-01-10 11:25:00,64.95079999999962,64.95079999999962,-1,HOLD
2025-01-10 11:30:00,65.1206000000002,65.1206000000002,-1,HOLD
2025-01-10 11:35:00,65.1206000000002,65.1206000000002,-1,HOLD
2025-01-10 11:40:00,65.1206000000002,65.1206000000002,-1,HOLD
2025-01-10 11:45:00,64.97220000000016,64.97220000000016,-1,HOLD
2025-01-10 11:50:00,64.97220000000016,64.97220000000016,-1,HOLD
2025-01-10 11:55:00,65.17979999999989,65.17979999999989,-1,HOLD
2025-01-10 12:00:00,65.17979999999989,65.17979999999989,-1,HOLD
2025-01-10 12:05:00,65.07960000000003,65.07960000000003,-1,HOLD
2025-01-10 12:10:00,65.22140000000036,65.22140000000036,-1,HOLD
2025-01-10 12:15:00,65.22140000000036,65.22140000000036,-1,HOLD
2025-01-10 12:20:00,65.07999999999993,65.07999999999993,-1,HOLD
2025-01-10 12:25:00,65.04659999999967,65.04659999999967,-1,HOLD
2025-01-10 12:30:00,65.04659999999967,65.04659999999967,-1,HOLD
2025-01-10 12:35:00,65.09879999999976,65.09879999999976,-1,HOLD
2025-01-10 12:40:00,65.09879999999976,65.09879999999976,-1,HOLD
2025-01-10 12:45:00,65.09879999999976,65.09879999999976,-1,HOLD
2025-01-10 12:50:00,65.09879999999976,65.09879999999976,-1,HOLD
2025-01-10 12:55:00,65.09879999999976,65.09879999999976,-1,HOLD
2025-01-10 13:00:00,65.09879999999976,65.09879999999976,-1,HOLD
2025-01-10 13:05:00,65.2485999999999,65.2485999999999,-1,HOLD
2025-01-10 13:10:00,65.2485999999999,65.2485999999999,-1,HOLD
2025-01-10 13:15:00,65.09879999999976,65.09879999999976,-1,HOLD
2025-01-10 13:20:00,65.09879999999976,65.09879999999976,-1,HOLD
2025-01-10 13:25:00,65.09879999999976,65.09879999999976,-1,HOLD
2025-01-10 13:30:00,65.28480000000036,65.28480000000036,-1,HOLD
2025-01-10 13:35:00,65.39419999999973,65.39419999999973,-1,HOLD
2025-01-10 13:40:00,65.55379999999968,65.55379999999968,-1,HOLD
2025-01-10 13:45:00,65.39419999999973,65.39419999999973,-1,HOLD
2025-01-10 13:50:00,65.3122000000003,65.3122000000003,-1,HOLD
2025-01-10 13:55:00,65.39220000000023,65.39220000000023,-1,HOLD
2025-01-10 14:00:00,65.39220000000023,65.39220000000023,-1,HOLD
2025-01-10 14:05:00,65.41020000000026,65.41020000000026,-1,HOLD
2025-01-10 14:10:00,65.41880000000037,65.41880000000037,-1,HOLD
2025-01-10 14:15:00,65.33600000000024,65.33600000000024,-1,HOLD
2025-01-10 14:20:00,65.33600000000024,65.33600000000024,-1,HOLD
2025-01-10 14:25:00,65.29160000000047,65.29160000000047,-1,HOLD
2025-01-10 14:30:00,65.29160000000047,65.29160000000047,-1,HOLD
2025-01-10 14:35:00,65.29160000000047,65.29160000000047,-1,HOLD
2025-01-10 14:40:00,65.59720000000016,65.59720000000016,-1,HOLD
2025-01-10 14:45:00,65.59720000000016,65.59720000000016,-1,HOLD
2025-01-10 14:50:00,65.58420000000024,65.58420000000024,-1,HOLD
2025-01-10 14:55:00,65.64540000000034,65.64540000000034,-1,HOLD
2025-01-10 15:00:00,65.63820000000032,65.63820000000032,-1,HOLD
2025-01-10 15:05:00,65.63820000000032,65.63820000000032,-1,HOLD
2025-01-10 15:10:00,65.65380000000005,65.65380000000005,-1,HOLD
2025-01-10 15:15:00,65.65380000000005,65.65380000000005,-1,HOLD
2025-01-10 15:20:00,65.58839999999964,65.58839999999964,-1,HOLD
2025-01-10 15:25:00,65.55619999999999,65.55619999999999,-1,HOLD
2025-01-10 15:30:00,65.72019999999975,65.72019999999975,-1,HOLD
2025-01-10 15:35:00,65.88879999999972,65.88879999999972,-1,HOLD
2025-01-10 15:40:00,66.13659999999982,66.13659999999982,-1,HOLD
2025-01-10 15:45:00,66.22640000000047,66.22640000000047,-1,HOLD
2025-01-10 15:50:00,66.00900000000001,66.00900000000001,-1,HOLD
2025-01-10 15:55:00,65.97339999999986,65.97339999999986,-1,HOLD
2025-01-10 16:00:00,65.97339999999986,65.97339999999986,-1,HOLD
2025-01-10 16:05:00,65.94940000000042,65.94940000000042,-1,HOLD
2025-01-10 16:10:00,66.11899999999969,66.11899999999969,-1,HOLD
2025-01-10 16:15:00,66.11899999999969,66.11899999999969,-1,HOLD
2025-01-10 16:20:00,66.07380000000012,66.07380000000012,-1,HOLD
2025-01-10 16:25:00,66.09019999999964,66.09019999999964,-1,HOLD
2025-01-10 16:30:00,65.89639999999963,65.89639999999963,-1,HOLD
2025-01-10 16:35:00,65.8100000000004,65.8100000000004,-1,HOLD
2025-01-10 16:40:00,65.8100000000004,65.8100000000004,-1,HOLD
2025-01-10 16:45:00,65.8100000000004,65.8100000000004,-1,HOLD
2025-01-10 16:50:00,65.8100000000004,65.8100000000004,-1,HOLD
2025-01-10 16:55:00,65.89959999999974,65.89959999999974,-1,HOLD
2025-01-10 17:00:00,65.89959999999974,65.89959999999974,-1,HOLD
2025-01-10 17:05:00,65.89959999999974,65.89959999999974,-1,HOLD
2025-01-10 17:10:00,65.89959999999974,65.89959999999974,-1,HOLD
2025-01-10 17:15:00,66.0681999999997,66.0681999999997,-1,HOLD
2025-01-10 17:20:00,66.20840000000044,66.20840000000044,-1,HOLD
2025-01-10 17:25:00,66.20840000000044,66.20840000000044,-1,HOLD
2025-01-10 17:30:00,66.20840000000044,66.20840000000044,-1,HOLD
2025-01-10 17:35:00,66.20840000000044,66.20840000000044,-1,HOLD
2025-01-10 17:40:00,66.20840000000044,66.20840000000044,-1,HOLD
2025-01-10 17:45:00,66.00900000000001,66.00900000000001,-1,HOLD
2025-01-10 17:50:00,66.01839999999993,66.01839999999993,-1,HOLD
2025-01-10 17:55:00,66.01839999999993,66.01839999999993,-1,HOLD
2025-01-10 18:00:00,66.07020000000011,66.07020000000011,-1,HOLD
2025-01-10 18:05:00,66.08460000000014,66.08460000000014,-1,HOLD
2025-01-10 18:10:00,66.08460000000014,66.08460000000014,-1,HOLD
2025-01-10 18:15:00,66.08460000000014,66.08460000000014,-1,HOLD
2025-01-10 18:20:00,66.08460000000014,66.08460000000014,-1,HOLD
2025-01-10 18:25:00,66.08460000000014,66.08460000000014,-1,HOLD
2025-01-10 18:30:00,66.08460000000014,66.08460000000014,-1,HOLD
2025-01-10 18:35:00,66.20759999999973,66.20759999999973,-1,HOLD
2025-01-10 18:40:00,66.20820000000003,66.20820000000003,-1,HOLD
2025-01-10 18:45:00,66.14400000000023,66.14400000000023,-1,HOLD
2025-01-10 18:50:00,66.17479999999978,66.17479999999978,-1,HOLD
2025-01-10 18:55:00,66.375,66.375,-1,HOLD
2025-01-10 19:00:00,66.40520000000015,66.40520000000015,-1,HOLD
2025-01-10 19:05:00,66.33839999999964,66.33839999999964,-1,HOLD
2025-01-10 19:10:00,66.33839999999964,66.33839999999964,-1,HOLD
2025-01-10 19:15:00,66.14099999999962,66.14099999999962,-1,HOLD
2025-01-10 19:20:00,66.22280000000046,66.22280000000046,-1,HOLD
2025-01-10 19:25:00,66.22280000000046,66.22280000000046,-1,HOLD
2025-01-10 19:30:00,66.00500000000011,66.00500000000011,-1,HOLD
2025-01-10 19:35:00,66.03859999999986,66.03859999999986,-1,HOLD
2025-01-10 19:40:00,66.03859999999986,66.03859999999986,-1,HOLD
2025-01-10 19:45:00,66.03859999999986,66.03859999999986,-1,HOLD
2025-01-10 19:50:00,66.22919999999976,66.22919999999976,-1,HOLD
2025-01-10 19:55:00,66.22919999999976,66.22919999999976,-1,HOLD
2025-01-10 20:00:00,66.22919999999976,66.22919999999976,-1,HOLD
2025-01-10 20:05:00,66.22919999999976,66.22919999999976,-1,HOLD
2025-01-10 20:10:00,66.22919999999976,66.22919999999976,-1,HOLD
2025-01-10 20:15:00,66.03420000000006,66.03420000000006,-1,HOLD
2025-01-10 20:20:00,65.89360000000033,65.89360000000033,-1,HOLD
2025-01-10 20:25:00,65.92280000000028,65.92280000000028,-1,HOLD
2025-01-10 20:30:00,65.92280000000028,65.92280000000028,-1,HOLD
2025-01-10 20:35:00,65.94260000000031,65.94260000000031,-1,HOLD
2025-01-10 20:40:00,65.94260000000031,65.94260000000031,-1,HOLD
2025-01-10 20:45:00,66.04100000000017,66.04100000000017,-1,HOLD
2025-01-10 20:50:00,66.09780000000046,66.09780000000046,-1,HOLD
2025-01-10 20:55:00,66.19400000000041,66.19400000000041,-1,HOLD
2025-01-10 21:00:00,66.19400000000041,66.19400000000041,-1,HOLD
2025-01-10 21:05:00,66.34720000000016,66.34720000000016,-1,HOLD
2025-01-10 21:10:00,66.22779999999966,66.22779999999966,-1,HOLD
2025-01-10 21:15:00,66.22779999999966,66.22779999999966,-1,HOLD
2025-01-10 21:20:00,66.02819999999974,66.02819999999974,-1,HOLD
2025-01-10 21:25:00,66.10239999999976,66.10239999999976,-1,HOLD
2025-01-10 21:30:00,65.14059999999972,65.14059999999972,-1,HOLD
2025-01-10 21:35:00,64.73019999999997,64.73019999999997,-1,HOLD
2025-01-10 21:40:00,65.01779999999962,65.01779999999962,-1,HOLD
2025-01-10 21:45:00,64.79439999999977,64.79439999999977,-1,HOLD
2025-01-10 21:50:00,65.05360000000019,65.05360000000019,-1,HOLD
2025-01-10 21:55:00,65.04979999999978,65.04979999999978,-1,HOLD
2025-01-10 22:00:00,64.91079999999965,64.91079999999965,-1,HOLD
2025-01-10 22:05:00,65.11459999999988,65.11459999999988,-1,HOLD
2025-01-10 22:10:00,65.27360000000044,65.27360000000044,-1,HOLD
2025-01-10 22:15:00,65.51980000000003,65.51980000000003,-1,HOLD
2025-01-10 22:20:00,65.40819999999985,65.40819999999985,-1,HOLD
2025-01-10 22:25:00,65.41640000000007,65.41640000000007,-1,HOLD
2025-01-10 22:30:00,65.15279999999984,65.15279999999984,-1,HOLD
2025-01-10 22:35:00,64.79359999999997,64.79359999999997,-1,HOLD
2025-01-10 22:40:00,65.26280000000042,65.26280000000042,-1,HOLD
2025-01-10 22:45:00,64.90480000000025,64.90480000000025,-1,HOLD
2025-01-10 22:50:00,64.96860000000015,64.96860000000015,-1,HOLD
2025-01-10 22:55:00,65.09060000000045,65.09060000000045,-1,HOLD
2025-01-10 23:00:00,64.70780000000013,64.70780000000013,-1,HOLD
2025-01-10 23:05:00,64.41060000000016,64.41060000000016,-1,HOLD
2025-01-10 23:10:00,63.99459999999999,63.99459999999999,-1,HOLD
2025-01-10 23:15:00,64.45840000000044,64.45840000000044,-1,HOLD
2025-01-10 23:20:00,64.6902,64.6902,-1,HOLD
2025-01-10 23:25:00,64.58500000000004,64.58500000000004,-1,HOLD
2025-01-10 23:30:00,64.79060000000027,64.79060000000027,-1,HOLD
2025-01-10 23:35:00,65.09479999999985,65.09479999999985,-1,HOLD
2025-01-10 23:40:00,65.4358000000002,65.4358000000002,-1,HOLD
2025-01-10 23:45:00,65.48980000000029,65.48980000000029,-1,HOLD
2025-01-10 23:50:00,65.04460000000017,65.04460000000017,-1,HOLD
2025-01-10 23:55:00,64.94539999999961,64.94539999999961,-1,HOLD
2025-01-11 00:00:00,64.74420000000009,64.74420000000009,-1,HOLD
2025-01-11 00:05:00,64.82579999999962,64.82579999999962,-1,HOLD
2025-01-11 00:10:00,64.82579999999962,64.82579999999962,-1,HOLD
2025-01-11 00:15:00,64.92740000000049,64.92740000000049,-1,HOLD
2025-01-11 00:20:00,65.00780000000032,65.00780000000032,-1,HOLD
2025-01-11 00:25:00,65.00780000000032,65.00780000000032,-1,HOLD
2025-01-11 00:30:00,64.8819999999996,64.8819999999996,-1,HOLD
2025-01-11 00:35:00,64.74139999999989,64.74139999999989,-1,HOLD
2025-01-11 00:40:00,65.09500000000025,65.09500000000025,-1,HOLD
2025-01-11 00:45:00,65.17360000000008,65.17360000000008,-1,HOLD
2025-01-11 00:50:00,65.05199999999968,65.05199999999968,-1,HOLD
2025-01-11 00:55:00,65.0,65.0,-1,HOLD
2025-01-11 01:00:00,65.02019999999993,65.02019999999993,-1,HOLD
2025-01-11 01:05:00,65.03560000000016,65.03560000000016,-1,HOLD
2025-01-11 01:10:00,64.95120000000043,64.95120000000043,-1,HOLD
2025-01-11 01:15:00,65.27419999999984,65.27419999999984,-1,HOLD
2025-01-11 01:20:00,65.41380000000026,65.41380000000026,-1,HOLD
2025-01-11 01:25:00,65.65319999999974,65.65319999999974,-1,HOLD
2025-01-11 01:30:00,65.53480000000036,65.53480000000036,-1,HOLD
2025-01-11 01:35:00,65.53480000000036,65.53480000000036,-1,HOLD
2025-01-11 01:40:00,65.69419999999991,65.69419999999991,-1,HOLD
2025-01-11 01:45:00,65.88079999999991,65.88079999999991,-1,HOLD
2025-01-11 01:50:00,66.07960000000003,66.07960000000003,-1,HOLD
2025-01-11 01:55:00,66.40480000000025,66.40480000000025,-1,HOLD
2025-01-11 02:00:00,66.0560000000005,66.0560000000005,-1,HOLD
2025-01-11 02:05:00,66.13140000000021,66.13140000000021,-1,HOLD
2025-01-11 02:10:00,66.1238000000003,66.1238000000003,-1,HOLD
2025-01-11 02:15:00,65.97800000000007,65.97800000000007,-1,HOLD
2025-01-11 02:20:00,65.95460000000003,65.95460000000003,-1,HOLD
2025-01-11 02:25:00,65.98220000000038,65.98220000000038,-1,HOLD
2025-01-11 02:30:00,65.90980000000036,65.90980000000036,-1,HOLD
2025-01-11 02:35:00,65.7543999999998,65.7543999999998,-1,HOLD
2025-01-11 02:40:00,65.78539999999975,65.78539999999975,-1,HOLD
2025-01-11 02:45:00,65.85199999999986,65.85199999999986,-1,HOLD
2025-01-11 02:50:00,65.76900000000023,65.76900000000023,-1,HOLD
2025-01-11 02:55:00,65.76900000000023,65.76900000000023,-1,HOLD
2025-01-11 03:00:00,65.7466000000004,65.7466000000004,-1,HOLD
2025-01-11 03:05:00,65.4387999999999,65.4387999999999,-1,HOLD
2025-01-11 03:10:00,65.6230000000005,65.6230000000005,-1,HOLD
2025-01-11 03:15:00,65.73440000000028,65.73440000000028,-1,HOLD
2025-01-11 03:20:00,65.88100000000031,65.88100000000031,-1,HOLD
2025-01-11 03:25:00,65.89379999999983,65.89379999999983,-1,HOLD
2025-01-11 03:30:00,65.89379999999983,65.89379999999983,-1,HOLD
2025-01-11 03:35:00,65.89379999999983,65.89379999999983,-1,HOLD
2025-01-11 03:40:00,65.8764000000001,65.8764000000001,-1,HOLD
2025-01-11 03:45:00,65.71259999999984,65.71259999999984,-1,HOLD
2025-01-11 03:50:00,65.71259999999984,65.71259999999984,-1,HOLD
2025-01-11 03:55:00,65.90719999999965,65.90719999999965,-1,HOLD
2025-01-11 04:00:00,65.90719999999965,65.90719999999965,-1,HOLD
2025-01-11 04:05:00,65.79060000000027,65.79060000000027,-1,HOLD
2025-01-11 04:10:00,65.79060000000027,65.79060000000027,-1,HOLD
2025-01-11 04:15:00,65.65139999999974,65.65139999999974,-1,HOLD
2025-01-11 04:20:00,65.63839999999982,65.63839999999982,-1,HOLD
2025-01-11 04:25:00,65.58520000000044,65.58520000000044,-1,HOLD
2025-01-11 04:30:00,65.40660000000025,65.40660000000025,-1,HOLD
2025-01-11 04:35:00,65.30019999999968,65.30019999999968,-1,HOLD
2025-01-11 04:40:00,65.27360000000044,65.27360000000044,-1,HOLD
2025-01-11 04:45:00,65.3717999999999,65.3717999999999,-1,HOLD
2025-01-11 04:50:00,65.29960000000028,65.29960000000028,-1,HOLD
2025-01-11 04:55:00,65.30739999999969,65.30739999999969,-1,HOLD
2025-01-11 05:00:00,65.28920000000016,65.28920000000016,-1,HOLD
2025-01-11 05:05:00,65.28800000000047,65.28800000000047,-1,HOLD
2025-01-11 05:10:00,65.28639999999996,65.28639999999996,-1,HOLD
2025-01-11 05:15:00,65.35900000000038,65.35900000000038,-1,HOLD
2025-01-11 05:20:00,65.35900000000038,65.35900000000038,-1,HOLD
2025-01-11 05:25:00,65.47839999999997,65.47839999999997,-1,HOLD
2025-01-11 05:30:00,65.41619999999966,65.41619999999966,-1,HOLD
2025-01-11 05:35:00,65.41380000000026,65.41380000000026,-1,HOLD
2025-01-11 05:40:00,65.42259999999987,65.42259999999987,-1,HOLD
2025-01-11 05:45:00,65.42259999999987,65.42259999999987,-1,HOLD
2025-01-11 05:50:00,65.42259999999987,65.42259999999987,-1,HOLD
2025-01-11 05:55:00,65.42259999999987,65.42259999999987,-1,HOLD
2025-01-11 06:00:00,65.42259999999987,65.42259999999987,-1,HOLD
2025-01-11 06:05:00,65.29299999999967,65.29299999999967,-1,HOLD
2025-01-11 06:10:00,65.26519999999982,65.26519999999982,-1,HOLD
2025-01-11 06:15:00,65.28859999999986,65.28859999999986,-1,HOLD
2025-01-11 06:20:00,65.30000000000018,65.30000000000018,-1,HOLD
2025-01-11 06:25:00,65.30000000000018,65.30000000000018,-1,HOLD
2025-01-11 06:30:00,65.38619999999992,65.38619999999992,-1,HOLD
2025-01-11 06:35:00,65.4336000000003,65.4336000000003,-1,HOLD
2025-01-11 06:40:00,65.65179999999964,65.65179999999964,-1,HOLD
2025-01-11 06:45:00,65.65179999999964,65.65179999999964,-1,HOLD
2025-01-11 06:50:00,65.5003999999999,65.5003999999999,-1,HOLD
2025-01-11 06:55:00,65.5003999999999,65.5003999999999,-1,HOLD
2025-01-11 07:00:00,65.41380000000026,65.41380000000026,-1,HOLD
2025-01-11 07:05:00,65.46420000000035,65.46420000000035,-1,HOLD
2025-01-11 07:10:00,65.46420000000035,65.46420000000035,-1,HOLD
2025-01-11 07:15:00,65.47519999999986,65.47519999999986,-1,HOLD
2025-01-11 07:20:00,65.47519999999986,65.47519999999986,-1,HOLD
2025-01-11 07:25:00,65.44260000000031,65.44260000000031,-1,HOLD
2025-01-11 07:30:00,65.51059999999961,65.51059999999961,-1,HOLD
2025-01-11 07:35:00,65.5003999999999,65.5003999999999,-1,HOLD
2025-01-11 07:40:00,65.42920000000049,65.42920000000049,-1,HOLD
2025-01-11 07:45:00,65.38439999999991,65.38439999999991,-1,HOLD
2025-01-11 07:50:00,65.45820000000003,65.45820000000003,-1,HOLD
2025-01-11 07:55:00,65.39519999999993,65.39519999999993,-1,HOLD
2025-01-11 08:00:00,65.39519999999993,65.39519999999993,-1,HOLD
2025-01-11 08:05:00,65.39339999999993,65.39339999999993,-1,HOLD
2025-01-11 08:10:00,65.30460000000039,65.30460000000039,-1,HOLD
2025-01-11 08:15:00,65.29880000000048,65.29880000000048,-1,HOLD
2025-01-11 08:20:00,65.21680000000015,65.21680000000015,-1,HOLD
2025-01-11 08:25:00,65.34460000000036,65.34460000000036,-1,HOLD
2025-01-11 08:30:00,65.33860000000004,65.33860000000004,-1,HOLD
2025-01-11 08:35:00,65.25720000000001,65.25720000000001,-1,HOLD
2025-01-11 08:40:00,65.23400000000038,65.23400000000038,-1,HOLD
2025-01-11 08:45:00,65.23260000000028,65.23260000000028,-1,HOLD
2025-01-11 08:50:00,65.24420000000009,65.24420000000009,-1,HOLD
2025-01-11 08:55:00,65.24420000000009,65.24420000000009,-1,HOLD
2025-01-11 09:00:00,65.28679999999986,65.28679999999986,-1,HOLD
2025-01-11 09:05:00,65.17299999999977,65.17299999999977,-1,HOLD
2025-01-11 09:10:00,65.28179999999975,65.28179999999975,-1,HOLD
2025-01-11 09:15:00,65.16219999999976,65.16219999999976,-1,HOLD
2025-01-11 09:20:00,65.04719999999998,65.04719999999998,-1,HOLD
2025-01-11 09:25:00,65.02739999999994,65.02739999999994,-1,HOLD
2025-01-11 09:30:00,65.02760000000035,65.02760000000035,-1,HOLD
2025-01-11 09:35:00,64.92759999999998,64.92759999999998,-1,HOLD
2025-01-11 09:40:00,64.86319999999978,64.86319999999978,-1,HOLD
2025-01-11 09:45:00,64.84180000000015,64.84180000000015,-1,HOLD
2025-01-11 09:50:00,64.8761999999997,64.8761999999997,-1,HOLD
2025-01-11 09:55:00,64.8761999999997,64.8761999999997,-1,HOLD
2025-01-11 10:00:00,64.97440000000006,64.97440000000006,-1,HOLD
2025-01-11 10:05:00,65.0,65.0,-1,HOLD
2025-01-11 10:10:00,65.0,65.0,-1,HOLD
2025-01-11 10:15:00,65.0,65.0,-1,HOLD
2025-01-11 10:20:00,64.86620000000039,64.86620000000039,-1,HOLD
2025-01-11 10:25:00,64.86620000000039,64.86620000000039,-1,HOLD
2025-01-11 10:30:00,64.92979999999989,64.92979999999989,-1,HOLD
2025-01-11 10:35:00,64.94639999999981,64.94639999999981,-1,HOLD
2025-01-11 10:40:00,65.01980000000003,65.01980000000003,-1,HOLD
2025-01-11 10:45:00,65.01980000000003,65.01980000000003,-1,HOLD
2025-01-11 10:50:00,64.96780000000035,64.96780000000035,-1,HOLD
2025-01-11 10:55:00,65.01900000000023,65.01900000000023,-1,HOLD
2025-01-11 11:00:00,65.01900000000023,65.01900000000023,-1,HOLD
2025-01-11 11:05:00,64.80619999999999,64.80619999999999,-1,HOLD
2025-01-11 11:10:00,64.71839999999975,64.71839999999975,-1,HOLD
2025-01-11 11:15:00,64.71839999999975,64.71839999999975,-1,HOLD
2025-01-11 11:20:00,64.73480000000018,64.73480000000018,-1,HOLD
2025-01-11 11:25:00,64.6854000000003,64.6854000000003,-1,HOLD
2025-01-11 11:30:00,64.79860000000008,64.79860000000008,-1,HOLD
2025-01-11 11:35:00,64.78399999999965,64.78399999999965,-1,HOLD
2025-01-11 11:40:00,64.78399999999965,64.78399999999965,-1,HOLD
2025-01-11 11:45:00,64.78399999999965,64.78399999999965,-1,HOLD
2025-01-11 11:50:00,64.83020000000033,64.83020000000033,-1,HOLD
2025-01-11 11:55:00,64.83020000000033,64.83020000000033,-1,HOLD
2025-01-11 12:00:00,64.83020000000033,64.83020000000033,-1,HOLD
2025-01-11 12:05:00,64.78939999999966,64.78939999999966,-1,HOLD
2025-01-11 12:10:00,64.78939999999966,64.78939999999966,-1,HOLD
2025-01-11 12:15:00,64.74039999999968,64.74039999999968,-1,HOLD
2025-01-11 12:20:00,64.80339999999978,64.80339999999978,-1,HOLD
2025-01-11 12:25:00,64.71299999999974,64.71299999999974,-1,HOLD
2025-01-11 12:30:00,64.64220000000023,64.64220000000023,-1,HOLD
2025-01-11 12:35:00,64.64980000000014,64.64980000000014,-1,HOLD
2025-01-11 12:40:00,64.71119999999974,64.71119999999974,-1,HOLD
2025-01-11 12:45:00,64.73319999999967,64.73319999999967,-1,HOLD
2025-01-11 12:50:00,64.76479999999992,64.76479999999992,-1,HOLD
2025-01-11 12:55:00,64.76479999999992,64.76479999999992,-1,HOLD
2025-01-11 13:00:00,64.80479999999989,64.80479999999989,-1,HOLD
2025-01-11 13:05:00,64.85260000000017,64.85260000000017,-1,HOLD
2025-01-11 13:10:00,64.85260000000017,64.85260000000017,-1,HOLD
2025-01-11 13:15:00,64.85260000000017,64.85260000000017,-1,HOLD
2025-01-11 13:20:00,64.73239999999987,64.73239999999987,-1,HOLD
2025-01-11 13:25:00,64.75500000000011,64.75500000000011,-1,HOLD
2025-01-11 13:30:00,64.8082000000004,64.8082000000004,-1,HOLD
2025-01-11 13:35:00,64.82620000000043,64.82620000000043,-1,HOLD
2025-01-11 13:40:00,64.84919999999966,64.84919999999966,-1,HOLD
2025-01-11 13:45:00,64.86260000000038,64.86260000000038,-1,HOLD
2025-01-11 13:50:00,64.86260000000038,64.86260000000038,-1,HOLD
2025-01-11 13:55:00,64.86260000000038,64.86260000000038,-1,HOLD
2025-01-11 14:00:00,64.86260000000038,64.86260000000038,-1,HOLD
2025-01-11 14:05:00,64.94580000000042,64.94580000000042,-1,HOLD
2025-01-11 14:10:00,64.94580000000042,64.94580000000042,-1,HOLD
2025-01-11 14:15:00,64.94580000000042,64.94580000000042,-1,HOLD
2025-01-11 14:20:00,64.94580000000042,64.94580000000042,-1,HOLD
2025-01-11 14:25:00,64.94580000000042,64.94580000000042,-1,HOLD
2025-01-11 14:30:00,64.94580000000042,64.94580000000042,-1,HOLD
2025-01-11 14:35:00,64.94580000000042,64.94580000000042,-1,HOLD
2025-01-11 14:40:00,64.97379999999976,64.97379999999976,-1,HOLD
2025-01-11 14:45:00,64.97379999999976,64.97379999999976,-1,HOLD
2025-01-11 14:50:00,64.97379999999976,64.97379999999976,-1,HOLD
2025-01-11 14:55:00,64.97379999999976,64.97379999999976,-1,HOLD
2025-01-11 15:00:00,64.76360000000022,64.76360000000022,-1,HOLD
2025-01-11 15:05:00,64.82179999999971,64.82179999999971,-1,HOLD
2025-01-11 15:10:00,64.90700000000015,64.90700000000015,-1,HOLD
2025-01-11 15:15:00,64.77940000000035,64.77940000000035,-1,HOLD
2025-01-11 15:20:00,64.73639999999978,64.73639999999978,-1,HOLD
2025-01-11 15:25:00,64.67939999999999,64.67939999999999,-1,HOLD
2025-01-11 15:30:00,64.64639999999963,64.64639999999963,-1,HOLD
2025-01-11 15:35:00,64.6884,64.6884,-1,HOLD
2025-01-11 15:40:00,64.58539999999994,64.58539999999994,-1,HOLD
2025-01-11 15:45:00,64.65499999999975,64.65499999999975,-1,HOLD
2025-01-11 15:50:00,64.67100000000028,64.67100000000028,-1,HOLD
2025-01-11 15:55:00,64.6866,64.6866,-1,HOLD
2025-01-11 16:00:00,64.70960000000014,64.70960000000014,-1,HOLD
2025-01-11 16:05:00,64.70399999999972,64.70399999999972,-1,HOLD
2025-01-11 16:10:00,64.70399999999972,64.70399999999972,-1,HOLD
2025-01-11 16:15:00,64.70399999999972,64.70399999999972,-1,HOLD
2025-01-11 16:20:00,64.70399999999972,64.70399999999972,-1,HOLD
2025-01-11 16:25:00,64.70399999999972,64.70399999999972,-1,HOLD
2025-01-11 16:30:00,64.70399999999972,64.70399999999972,-1,HOLD
2025-01-11 16:35:00,64.63400000000001,64.63400000000001,-1,HOLD
2025-01-11 16:40:00,64.63400000000001,64.63400000000001,-1,HOLD
2025-01-11 16:45:00,64.63400000000001,64.63400000000001,-1,HOLD
2025-01-11 16:50:00,64.4340000000002,64.4340000000002,-1,HOLD
2025-01-11 16:55:00,64.53740000000016,64.53740000000016,-1,HOLD
2025-01-11 17:00:00,64.53740000000016,64.53740000000016,-1,HOLD
2025-01-11 17:05:00,64.58979999999974,64.58979999999974,-1,HOLD
2025-01-11 17:10:00,64.58979999999974,64.58979999999974,-1,HOLD
2025-01-11 17:15:00,64.58979999999974,64.58979999999974,-1,HOLD
2025-01-11 17:20:00,64.62880000000041,64.62880000000041,-1,HOLD
2025-01-11 17:25:00,64.62880000000041,64.62880000000041,-1,HOLD
2025-01-11 17:30:00,64.71420000000035,64.71420000000035,-1,HOLD
2025-01-11 17:35:00,64.73260000000028,64.73260000000028,-1,HOLD
2025-01-11 17:40:00,64.77360000000044,64.77360000000044,-1,HOLD
2025-01-11 17:45:00,64.77360000000044,64.77360000000044,-1,HOLD
2025-01-11 17:50:00,64.73160000000007,64.73160000000007,-1,HOLD
2025-01-11 17:55:00,64.85940000000028,64.85940000000028,-1,HOLD
2025-01-11 18:00:00,64.89900000000034,64.89900000000034,-1,HOLD
2025-01-11 18:05:00,64.93379999999979,64.93379999999979,-1,HOLD
2025-01-11 18:10:00,64.9966000000004,64.9966000000004,-1,HOLD
2025-01-11 18:15:00,64.9346000000005,64.9346000000005,-1,HOLD
2025-01-11 18:20:00,64.9346000000005,64.9346000000005,-1,HOLD
2025-01-11 18:25:00,64.9346000000005,64.9346000000005,-1,HOLD
2025-01-11 18:30:00,64.90920000000006,64.90920000000006,-1,HOLD
2025-01-11 18:35:00,65.02000000000044,65.02000000000044,-1,HOLD
2025-01-11 18:40:00,64.95880000000034,64.95880000000034,-1,HOLD
2025-01-11 18:45:00,64.95880000000034,64.95880000000034,-1,HOLD
2025-01-11 18:50:00,65.07440000000042,65.07440000000042,-1,HOLD
2025-01-11 18:55:00,65.09339999999975,65.09339999999975,-1,HOLD
2025-01-11 19:00:00,65.21299999999974,65.21299999999974,-1,HOLD
2025-01-11 19:05:00,65.37039999999979,65.37039999999979,-1,HOLD
2025-01-11 19:10:00,65.37039999999979,65.37039999999979,-1,HOLD
2025-01-11 19:15:00,65.45560000000023,65.45560000000023,-1,HOLD
2025-01-11 19:20:00,65.44480000000021,65.44480000000021,-1,HOLD
2025-01-11 19:25:00,65.44120000000021,65.44120000000021,-1,HOLD
2025-01-11 19:30:00,65.44120000000021,65.44120000000021,-1,HOLD
2025-01-11 19:35:00,65.52599999999984,65.52599999999984,-1,HOLD
2025-01-11 19:40:00,65.52599999999984,65.52599999999984,-1,HOLD
2025-01-11 19:45:00,65.52599999999984,65.52599999999984,-1,HOLD
2025-01-11 19:50:00,65.54439999999977,65.54439999999977,-1,HOLD
2025-01-11 19:55:00,65.54439999999977,65.54439999999977,-1,HOLD
2025-01-11 20:00:00,65.48559999999998,65.48559999999998,-1,HOLD
2025-01-11 20:05:00,65.3779999999997,65.3779999999997,-1,HOLD
2025-01-11 20:10:00,65.3779999999997,65.3779999999997,-1,HOLD
2025-01-11 20:15:00,65.3779999999997,65.3779999999997,-1,HOLD
2025-01-11 20:20:00,65.46579999999994,65.46579999999994,-1,HOLD
2025-01-11 20:25:00,65.46579999999994,65.46579999999994,-1,HOLD
2025-01-11 20:30:00,65.46579999999994,65.46579999999994,-1,HOLD
2025-01-11 20:35:00,65.46579999999994,65.46579999999994,-1,HOLD
2025-01-11 20:40:00,65.46579999999994,65.46579999999994,-1,HOLD
2025-01-11 20:45:00,65.46579999999994,65.46579999999994,-1,HOLD
2025-01-11 20:50:00,65.53600000000006,65.53600000000006,-1,HOLD
2025-01-11 20:55:00,65.53600000000006,65.53600000000006,-1,HOLD
2025-01-11 21:00:00,65.53600000000006,65.53600000000006,-1,HOLD
2025-01-11 21:05:00,65.47879999999986,65.47879999999986,-1,HOLD
2025-01-11 21:10:00,65.47879999999986,65.47879999999986,-1,HOLD
2025-01-11 21:15:00,65.47879999999986,65.47879999999986,-1,HOLD
2025-01-11 21:20:00,65.35360000000037,65.35360000000037,-1,HOLD
2025-01-11 21:25:00,65.35360000000037,65.35360000000037,-1,HOLD
2025-01-11 21:30:00,65.35360000000037,65.35360000000037,-1,HOLD
2025-01-11 21:35:00,65.2448000000004,65.2448000000004,-1,HOLD
2025-01-11 21:40:00,65.23419999999987,65.23419999999987,-1,HOLD
2025-01-11 21:45:00,65.23419999999987,65.23419999999987,-1,HOLD
2025-01-11 21:50:00,65.36920000000009,65.36920000000009,-1,HOLD
2025-01-11 21:55:00,65.36920000000009,65.36920000000009,-1,HOLD
2025-01-11 22:00:00,65.36499999999978,65.36499999999978,-1,HOLD
2025-01-11 22:05:00,65.40539999999964,65.40539999999964,-1,HOLD
2025-01-11 22:10:00,65.40539999999964,65.40539999999964,-1,HOLD
2025-01-11 22:15:00,65.1902,65.1902,-1,HOLD
2025-01-11 22:20:00,65.22860000000037,65.22860000000037,-1,HOLD
2025-01-11 22:25:00,65.22860000000037,65.22860000000037,-1,HOLD
2025-01-11 22:30:00,65.34799999999996,65.34799999999996,-1,HOLD
2025-01-11 22:35:00,65.50979999999981,65.50979999999981,-1,HOLD
2025-01-11 22:40:00,65.50979999999981,65.50979999999981,-1,HOLD
2025-01-11 22:45:00,65.50979999999981,65.50979999999981,-1,HOLD
2025-01-11 22:50:00,65.50979999999981,65.50979999999981,-1,HOLD
2025-01-11 22:55:00,65.46799999999985,65.46799999999985,-1,HOLD
2025-01-11 23:00:00,65.60900000000038,65.60900000000038,-1,HOLD
2025-01-11 23:05:00,65.59739999999965,65.59739999999965,-1,HOLD
2025-01-11 23:10:00,65.59760000000006,65.59760000000006,-1,HOLD
2025-01-11 23:15:00,65.31800000000021,65.31800000000021,-1,HOLD
2025-01-11 23:20:00,65.39339999999993,65.39339999999993,-1,HOLD
2025-01-11 23:25:00,65.30460000000039,65.30460000000039,-1,HOLD
2025-01-11 23:30:00,65.42399999999998,65.42399999999998,-1,HOLD
2025-01-11 23:35:00,65.42399999999998,65.42399999999998,-1,HOLD
2025-01-11 23:40:00,65.42399999999998,65.42399999999998,-1,HOLD
2025-01-11 23:45:00,65.44840000000022,65.44840000000022,-1,HOLD
2025-01-11 23:50:00,65.34420000000046,65.34420000000046,-1,HOLD
2025-01-11 23:55:00,65.34420000000046,65.34420000000046,-1,HOLD
2025-01-12 00:00:00,65.34420000000046,65.34420000000046,-1,HOLD
2025-01-12 00:05:00,65.2456000000002,65.2456000000002,-1,HOLD
2025-01-12 00:10:00,65.3760000000002,65.3760000000002,-1,HOLD
2025-01-12 00:15:00,65.28179999999975,65.28179999999975,-1,HOLD
2025-01-12 00:20:00,65.29320000000007,65.29320000000007,-1,HOLD
2025-01-12 00:25:00,65.29320000000007,65.29320000000007,-1,HOLD
2025-01-12 00:30:00,65.39580000000024,65.39580000000024,-1,HOLD
2025-01-12 00:35:00,65.41880000000037,65.41880000000037,-1,HOLD
2025-01-12 00:40:00,65.51339999999982,65.51339999999982,-1,HOLD
2025-01-12 00:45:00,65.45359999999982,65.45359999999982,-1,HOLD
2025-01-12 00:50:00,65.4358000000002,65.4358000000002,-1,HOLD
2025-01-12 00:55:00,65.4358000000002,65.4358000000002,-1,HOLD
2025-01-12 01:00:00,65.42039999999997,65.42039999999997,-1,HOLD
2025-01-12 01:05:00,65.42039999999997,65.42039999999997,-1,HOLD
2025-01-12 01:10:00,65.22000000000025,65.22000000000025,-1,HOLD
2025-01-12 01:15:00,65.19080000000031,65.19080000000031,-1,HOLD
2025-01-12 01:20:00,65.41380000000026,65.41380000000026,-1,HOLD
2025-01-12 01:25:00,65.39999999999964,65.39999999999964,-1,HOLD
2025-01-12 01:30:00,65.42399999999998,65.42399999999998,-1,HOLD
2025-01-12 01:35:00,65.3761999999997,65.3761999999997,-1,HOLD
2025-01-12 01:40:00,65.3761999999997,65.3761999999997,-1,HOLD
2025-01-12 01:45:00,65.37039999999979,65.37039999999979,-1,HOLD
2025-01-12 01:50:00,65.38259999999991,65.38259999999991,-1,HOLD
2025-01-12 01:55:00,65.38259999999991,65.38259999999991,-1,HOLD
2025-01-12 02:00:00,65.47339999999986,65.47339999999986,-1,HOLD
2025-01-12 02:05:00,65.33539999999994,65.33539999999994,-1,HOLD
2025-01-12 02:10:00,65.33539999999994,65.33539999999994,-1,HOLD
2025-01-12 02:15:00,65.52599999999984,65.52599999999984,-1,HOLD
2025-01-12 02:20:00,65.45520000000033,65.45520000000033,-1,HOLD
2025-01-12 02:25:00,65.45520000000033,65.45520000000033,-1,HOLD
2025-01-12 02:30:00,65.51540000000023,65.51540000000023,-1,HOLD
2025-01-12 02:35:00,65.51540000000023,65.51540000000023,-1,HOLD
2025-01-12 02:40:00,65.33079999999973,65.33079999999973,-1,HOLD
2025-01-12 02:45:00,65.36520000000019,65.36520000000019,-1,HOLD
2025-01-12 02:50:00,65.51460000000043,65.51460000000043,-1,HOLD
2025-01-12 02:55:00,65.5582000000004,65.5582000000004,-1,HOLD
2025-01-12 03:00:00,65.57380000000012,65.57380000000012,-1,HOLD
2025-01-12 03:05:00,65.54719999999998,65.54719999999998,-1,HOLD
2025-01-12 03:10:00,65.55140000000029,65.55140000000029,-1,HOLD
2025-01-12 03:15:00,65.52980000000025,65.52980000000025,-1,HOLD
2025-01-12 03:20:00,65.5600000000004,65.5600000000004,-1,HOLD
2025-01-12 03:25:00,65.5600000000004,65.5600000000004,-1,HOLD
2025-01-12 03:30:00,65.54619999999977,65.54619999999977,-1,HOLD
2025-01-12 03:35:00,65.42000000000007,65.42000000000007,-1,HOLD
2025-01-12 03:40:00,65.42000000000007,65.42000000000007,-1,HOLD
2025-01-12 03:45:00,65.5025999999998,65.5025999999998,-1,HOLD
2025-01-12 03:50:00,65.45799999999963,65.45799999999963,-1,HOLD
2025-01-12 03:55:00,65.5652,65.5652,-1,HOLD
2025-01-12 04:00:00,65.5652,65.5652,-1,HOLD
2025-01-12 04:05:00,65.52480000000014,65.52480000000014,-1,HOLD
2025-01-12 04:10:00,65.54200000000037,65.54200000000037,-1,HOLD
2025-01-12 04:15:00,65.54200000000037,65.54200000000037,-1,HOLD
2025-01-12 04:20:00,65.63439999999991,65.63439999999991,-1,HOLD
2025-01-12 04:25:00,65.77099999999973,65.77099999999973,-1,HOLD
2025-01-12 04:30:00,65.77080000000024,65.77080000000024,-1,HOLD
2025-01-12 04:35:00,65.7532000000001,65.7532000000001,-1,HOLD
2025-01-12 04:40:00,65.8130000000001,65.8130000000001,-1,HOLD
2025-01-12 04:45:00,65.8732,65.8732,-1,HOLD
2025-01-12 04:50:00,65.92979999999989,65.92979999999989,-1,HOLD
2025-01-12 04:55:00,65.9967999999999,65.9967999999999,-1,HOLD
2025-01-12 05:00:00,66.10000000000036,66.10000000000036,-1,HOLD
2025-01-12 05:05:00,66.13479999999981,66.13479999999981,-1,HOLD
2025-01-12 05:10:00,66.18040000000019,66.18040000000019,-1,HOLD
2025-01-12 05:15:00,66.2539999999999,66.2539999999999,-1,HOLD
2025-01-12 05:20:00,66.33659999999963,66.33659999999963,-1,HOLD
2025-01-12 05:25:00,66.3152,66.3152,-1,HOLD
2025-01-12 05:30:00,66.15999999999985,66.15999999999985,-1,HOLD
2025-01-12 05:35:00,66.17460000000028,66.17460000000028,-1,HOLD
2025-01-12 05:40:00,66.14580000000024,66.14580000000024,-1,HOLD
2025-01-12 05:45:00,66.14580000000024,66.14580000000024,-1,HOLD
2025-01-12 05:50:00,66.17460000000028,66.17460000000028,-1,HOLD
2025-01-12 05:55:00,66.17540000000008,66.17540000000008,-1,HOLD
2025-01-12 06:00:00,66.11959999999999,66.11959999999999,-1,HOLD
2025-01-12 06:05:00,66.05100000000039,66.05100000000039,-1,HOLD
2025-01-12 06:10:00,65.97779999999966,65.97779999999966,-1,HOLD
2025-01-12 06:15:00,65.92600000000039,65.92600000000039,-1,HOLD
2025-01-12 06:20:00,65.90380000000005,65.90380000000005,-1,HOLD
2025-01-12 06:25:00,65.86160000000018,65.86160000000018,-1,HOLD
2025-01-12 06:30:00,65.80420000000049,65.80420000000049,-1,HOLD
2025-01-12 06:35:00,65.9350000000004,65.9350000000004,-1,HOLD
2025-01-12 06:40:00,65.83359999999993,65.83359999999993,-1,HOLD
2025-01-12 06:45:00,65.90179999999964,65.90179999999964,-1,HOLD
2025-01-12 06:50:00,65.79799999999977,65.79799999999977,-1,HOLD
2025-01-12 06:55:00,65.79799999999977,65.79799999999977,-1,HOLD
2025-01-12 07:00:00,65.74359999999979,65.74359999999979,-1,HOLD
2025-01-12 07:05:00,65.79520000000048,65.79520000000048,-1,HOLD
2025-01-12 07:10:00,65.86160000000018,65.86160000000018,-1,HOLD
2025-01-12 07:15:00,65.72580000000016,65.72580000000016,-1,HOLD
2025-01-12 07:20:00,65.72599999999966,65.72599999999966,-1,HOLD
2025-01-12 07:25:00,65.72599999999966,65.72599999999966,-1,HOLD
2025-01-12 07:30:00,65.88100000000031,65.88100000000031,-1,HOLD
2025-01-12 07:35:00,65.88720000000012,65.88720000000012,-1,HOLD
2025-01-12 07:40:00,65.88720000000012,65.88720000000012,-1,HOLD
2025-01-12 07:45:00,65.73059999999987,65.73059999999987,-1,HOLD
2025-01-12 07:50:00,65.73059999999987,65.73059999999987,-1,HOLD
2025-01-12 07:55:00,65.70460000000003,65.70460000000003,-1,HOLD
2025-01-12 08:00:00,65.61999999999989,65.61999999999989,-1,HOLD
2025-01-12 08:05:00,65.64040000000023,65.64040000000023,-1,HOLD
2025-01-12 08:10:00,65.64040000000023,65.64040000000023,-1,HOLD
2025-01-12 08:15:00,65.70380000000023,65.70380000000023,-1,HOLD
2025-01-12 08:20:00,65.63360000000011,65.63360000000011,-1,HOLD
2025-01-12 08:25:00,65.63479999999981,65.63479999999981,-1,HOLD
2025-01-12 08:30:00,65.65719999999965,65.65719999999965,-1,HOLD
2025-01-12 08:35:00,65.69400000000041,65.69400000000041,-1,HOLD
2025-01-12 08:40:00,65.73999999999978,65.73999999999978,-1,HOLD
2025-01-12 08:45:00,65.68299999999999,65.68299999999999,-1,HOLD
2025-01-12 08:50:00,65.71180000000004,65.71180000000004,-1,HOLD
2025-01-12 08:55:00,65.68299999999999,65.68299999999999,-1,HOLD
2025-01-12 09:00:00,65.63339999999971,65.63339999999971,-1,HOLD
2025-01-12 09:05:00,65.65560000000005,65.65560000000005,-1,HOLD
2025-01-12 09:10:00,65.65419999999995,65.65419999999995,-1,HOLD
2025-01-12 09:15:00,65.65419999999995,65.65419999999995,-1,HOLD
2025-01-12 09:20:00,65.58640000000014,65.58640000000014,-1,HOLD
2025-01-12 09:25:00,65.48059999999987,65.48059999999987,-1,HOLD
2025-01-12 09:30:00,65.6202000000003,65.6202000000003,-1,HOLD
2025-01-12 09:35:00,65.59839999999986,65.59839999999986,-1,HOLD
2025-01-12 09:40:00,65.59839999999986,65.59839999999986,-1,HOLD
2025-01-12 09:45:00,65.59879999999976,65.59879999999976,-1,HOLD
2025-01-12 09:50:00,65.69400000000041,65.69400000000041,-1,HOLD
2025-01-12 09:55:00,65.69400000000041,65.69400000000041,-1,HOLD
2025-01-12 10:00:00,65.73599999999988,65.73599999999988,-1,HOLD
2025-01-12 10:05:00,65.69679999999971,65.69679999999971,-1,HOLD
2025-01-12 10:10:00,65.60900000000038,65.60900000000038,-1,HOLD
2025-01-12 10:15:00,65.60599999999977,65.60599999999977,-1,HOLD
2025-01-12 10:20:00,65.64559999999983,65.64559999999983,-1,HOLD
2025-01-12 10:25:00,65.67100000000028,65.67100000000028,-1,HOLD
2025-01-12 10:30:00,65.6252000000004,65.6252000000004,-1,HOLD
2025-01-12 10:35:00,65.6252000000004,65.6252000000004,-1,HOLD
2025-01-12 10:40:00,65.74179999999978,65.74179999999978,-1,HOLD
2025-01-12 10:45:00,65.65120000000024,65.65120000000024,-1,HOLD
2025-01-12 10:50:00,65.71439999999984,65.71439999999984,-1,HOLD
2025-01-12 10:55:00,65.78560000000016,65.78560000000016,-1,HOLD
2025-01-12 11:00:00,65.78560000000016,65.78560000000016,-1,HOLD
2025-01-12 11:05:00,65.70840000000044,65.70840000000044,-1,HOLD
2025-01-12 11:10:00,65.76299999999992,65.76299999999992,-1,HOLD
2025-01-12 11:15:00,65.69740000000002,65.69740000000002,-1,HOLD
2025-01-12 11:20:00,65.60980000000018,65.60980000000018,-1,HOLD
2025-01-12 11:25:00,65.59259999999995,65.59259999999995,-1,HOLD
2025-01-12 11:30:00,65.59259999999995,65.59259999999995,-1,HOLD
2025-01-12 11:35:00,65.59259999999995,65.59259999999995,-1,HOLD
2025-01-12 11:40:00,65.59259999999995,65.59259999999995,-1,HOLD
2025-01-12 11:45:00,65.61480000000029,65.61480000000029,-1,HOLD
2025-01-12 11:50:00,65.66660000000047,65.66660000000047,-1,HOLD
2025-01-12 11:55:00,65.66660000000047,65.66660000000047,-1,HOLD
2025-01-12 12:00:00,65.72159999999985,65.72159999999985,-1,HOLD
2025-01-12 12:05:00,65.66399999999976,65.66399999999976,-1,HOLD
2025-01-12 12:10:00,65.65099999999984,65.65099999999984,-1,HOLD
2025-01-12 12:15:00,65.65099999999984,65.65099999999984,-1,HOLD
2025-01-12 12:20:00,65.65099999999984,65.65099999999984,-1,HOLD
2025-01-12 12:25:00,65.77840000000015,65.77840000000015,-1,HOLD
2025-01-12 12:30:00,65.72180000000026,65.72180000000026,-1,HOLD
2025-01-12 12:35:00,65.76080000000002,65.76080000000002,-1,NO_ACTION_PROFITABLE
2025-01-12 12:40:00,65.76080000000002,65.76080000000002,-1,NO_ACTION_PROFITABLE
2025-01-12 12:45:00,65.76080000000002,65.76080000000002,-1,HOLD
2025-01-12 12:50:00,65.69719999999961,65.69719999999961,-1,HOLD
2025-01-12 12:55:00,65.63500000000022,65.63500000000022,-1,HOLD
2025-01-12 13:00:00,65.66319999999996,65.66319999999996,-1,HOLD
2025-01-12 13:05:00,65.66319999999996,65.66319999999996,-1,HOLD
2025-01-12 13:10:00,65.66319999999996,65.66319999999996,-1,HOLD
2025-01-12 13:15:00,65.60660000000007,65.60660000000007,-1,HOLD
2025-01-12 13:20:00,65.57700000000023,65.57700000000023,-1,HOLD
2025-01-12 13:25:00,65.60699999999997,65.60699999999997,-1,HOLD
2025-01-12 13:30:00,65.61380000000008,65.61380000000008,-1,HOLD
2025-01-12 13:35:00,65.52980000000025,65.52980000000025,-1,HOLD
2025-01-12 13:40:00,65.48980000000029,65.48980000000029,-1,HOLD
2025-01-12 13:45:00,65.48980000000029,65.48980000000029,-1,HOLD
2025-01-12 13:50:00,65.51360000000022,65.51360000000022,-1,HOLD
2025-01-12 13:55:00,65.6210000000001,65.6210000000001,-1,HOLD
2025-01-12 14:00:00,65.58340000000044,65.58340000000044,-1,HOLD
2025-01-12 14:05:00,65.58340000000044,65.58340000000044,-1,HOLD
2025-01-12 14:10:00,65.58340000000044,65.58340000000044,-1,HOLD
2025-01-12 14:15:00,65.57060000000001,65.57060000000001,-1,HOLD
2025-01-12 14:20:00,65.5619999999999,65.5619999999999,-1,HOLD
2025-01-12 14:25:00,65.47280000000046,65.47280000000046,-1,HOLD
2025-01-12 14:30:00,65.47280000000046,65.47280000000046,-1,HOLD
2025-01-12 14:35:00,65.46680000000015,65.46680000000015,-1,NO_ACTION_PROFITABLE
2025-01-12 14:40:00,65.44560000000001,65.44560000000001,-1,NO_ACTION_PROFITABLE
2025-01-12 14:45:00,65.40639999999985,65.40639999999985,-1,NO_ACTION_PROFITABLE
2025-01-12 14:50:00,65.36220000000048,65.36220000000048,-1,NO_ACTION_PROFITABLE
2025-01-12 14:55:00,65.46020000000044,65.46020000000044,-1,NO_ACTION_PROFITABLE
2025-01-12 15:00:00,65.46979999999985,65.46979999999985,-1,NO_ACTION_PROFITABLE
2025-01-12 15:05:00,65.33899999999994,65.33899999999994,-1,HOLD
2025-01-12 15:10:00,65.30519999999979,65.30519999999979,-1,HOLD
2025-01-12 15:15:00,65.30519999999979,65.30519999999979,-1,HOLD
2025-01-12 15:20:00,65.37960000000021,65.37960000000021,-1,HOLD
2025-01-12 15:25:00,65.37960000000021,65.37960000000021,-1,HOLD
2025-01-12 15:30:00,65.37960000000021,65.37960000000021,-1,HOLD
2025-01-12 15:35:00,65.40740000000005,65.40740000000005,-1,HOLD
2025-01-12 15:40:00,65.36459999999988,65.36459999999988,-1,HOLD
2025-01-12 15:45:00,65.32399999999961,65.32399999999961,-1,HOLD
2025-01-12 15:50:00,65.38000000000011,65.38000000000011,-1,HOLD
2025-01-12 15:55:00,65.38000000000011,65.38000000000011,-1,HOLD
2025-01-12 16:00:00,65.38659999999982,65.38659999999982,-1,HOLD
2025-01-12 16:05:00,65.39159999999993,65.39159999999993,-1,HOLD
2025-01-12 16:10:00,65.39159999999993,65.39159999999993,-1,HOLD
2025-01-12 16:15:00,65.36179999999968,65.36179999999968,-1,HOLD
2025-01-12 16:20:00,65.34940000000006,65.34940000000006,-1,HOLD
2025-01-12 16:25:00,65.34940000000006,65.34940000000006,-1,HOLD
2025-01-12 16:30:00,65.20619999999963,65.20619999999963,-1,HOLD
2025-01-12 16:35:00,64.97239999999965,64.97239999999965,-1,HOLD
2025-01-12 16:40:00,65.02679999999964,65.02679999999964,-1,HOLD
2025-01-12 16:45:00,64.86020000000008,64.86020000000008,-1,HOLD
2025-01-12 16:50:00,64.76620000000003,64.76620000000003,-1,HOLD
2025-01-12 16:55:00,64.7467999999999,64.7467999999999,-1,HOLD
2025-01-12 17:00:00,64.80420000000049,64.80420000000049,-1,HOLD
2025-01-12 17:05:00,64.82160000000022,64.82160000000022,-1,HOLD
2025-01-12 17:10:00,64.88060000000041,64.88060000000041,-1,HOLD
2025-01-12 17:15:00,64.82520000000022,64.82520000000022,-1,HOLD
2025-01-12 17:20:00,64.78160000000025,64.78160000000025,-1,HOLD
2025-01-12 17:25:00,64.6864000000005,64.6864000000005,-1,HOLD
2025-01-12 17:30:00,64.58500000000004,64.58500000000004,-1,HOLD
2025-01-12 17:35:00,64.63119999999981,64.63119999999981,-1,HOLD
2025-01-12 17:40:00,64.72180000000026,64.72180000000026,-1,HOLD
2025-01-12 17:45:00,64.65760000000046,64.65760000000046,-1,HOLD
2025-01-12 17:50:00,64.71000000000004,64.71000000000004,-1,HOLD
2025-01-12 17:55:00,64.71000000000004,64.71000000000004,-1,NO_ACTION_PROFITABLE
2025-01-12 18:00:00,64.81760000000031,64.81760000000031,-1,HOLD
2025-01-12 18:05:00,64.77940000000035,64.77940000000035,-1,HOLD
2025-01-12 18:10:00,64.77940000000035,64.77940000000035,-1,HOLD
2025-01-12 18:15:00,64.92680000000018,64.92680000000018,-1,NO_ACTION_PROFITABLE
2025-01-12 18:20:00,64.80159999999978,64.80159999999978,-1,NO_ACTION_PROFITABLE
2025-01-12 18:25:00,64.72000000000025,64.72000000000025,-1,NO_ACTION_PROFITABLE
2025-01-12 18:30:00,64.70039999999972,64.70039999999972,-1,NO_ACTION_PROFITABLE
2025-01-12 18:35:00,64.71079999999984,64.71079999999984,-1,NO_ACTION_PROFITABLE
2025-01-12 18:40:00,64.80839999999989,64.80839999999989,-1,HOLD
2025-01-12 18:45:00,64.88659999999982,64.88659999999982,-1,HOLD
2025-01-12 18:50:00,64.85840000000007,64.85840000000007,-1,HOLD
2025-01-12 18:55:00,64.85840000000007,64.85840000000007,-1,NO_ACTION_PROFITABLE
2025-01-12 19:00:00,64.89800000000014,64.89800000000014,-1,NO_ACTION_PROFITABLE
2025-01-12 19:05:00,64.95960000000014,64.95960000000014,-1,NO_ACTION_PROFITABLE
2025-01-12 19:10:00,64.95960000000014,64.95960000000014,-1,NO_ACTION_PROFITABLE
2025-01-12 19:15:00,65.02019999999993,65.02019999999993,-1,HOLD
2025-01-12 19:20:00,64.97620000000006,64.97620000000006,-1,NO_ACTION_PROFITABLE
2025-01-12 19:25:00,64.97620000000006,64.97620000000006,-1,NO_ACTION_PROFITABLE
2025-01-12 19:30:00,64.97620000000006,64.97620000000006,-1,NO_ACTION_PROFITABLE
2025-01-12 19:35:00,65.01320000000032,65.01320000000032,-1,NO_ACTION_PROFITABLE
2025-01-12 19:40:00,65.15760000000046,65.15760000000046,-1,NO_ACTION_PROFITABLE
2025-01-12 19:45:00,65.15760000000046,65.15760000000046,-1,HOLD
2025-01-12 19:50:00,65.06760000000031,65.06760000000031,-1,HOLD
2025-01-12 19:55:00,65.06760000000031,65.06760000000031,-1,NO_ACTION_PROFITABLE
2025-01-12 20:00:00,65.0604000000003,65.0604000000003,-1,HOLD
2025-01-12 20:05:00,64.98859999999968,64.98859999999968,-1,HOLD
2025-01-12 20:10:00,64.98859999999968,64.98859999999968,-1,HOLD
2025-01-12 20:15:00,65.10099999999966,65.10099999999966,-1,HOLD
2025-01-12 20:20:00,65.22820000000047,65.22820000000047,-1,HOLD
2025-01-12 20:25:00,65.22820000000047,65.22820000000047,-1,HOLD
2025-01-12 20:30:00,65.22820000000047,65.22820000000047,-1,HOLD
2025-01-12 20:35:00,65.22820000000047,65.22820000000047,-1,HOLD
2025-01-12 20:40:00,65.22820000000047,65.22820000000047,-1,HOLD
2025-01-12 20:45:00,65.22820000000047,65.22820000000047,-1,HOLD
2025-01-12 20:50:00,65.22820000000047,65.22820000000047,-1,HOLD
2025-01-12 20:55:00,65.22820000000047,65.22820000000047,-1,HOLD
2025-01-12 21:00:00,65.02019999999993,65.02019999999993,-1,HOLD
2025-01-12 21:05:00,64.98739999999998,64.98739999999998,-1,HOLD
2025-01-12 21:10:00,65.0586000000003,65.0586000000003,-1,HOLD
2025-01-12 21:15:00,65.17259999999987,65.17259999999987,-1,HOLD
2025-01-12 21:20:00,65.26860000000033,65.26860000000033,-1,HOLD
2025-01-12 21:25:00,65.26860000000033,65.26860000000033,-1,HOLD
2025-01-12 21:30:00,65.26860000000033,65.26860000000033,-1,HOLD
2025-01-12 21:35:00,65.13600000000042,65.13600000000042,-1,HOLD
2025-01-12 21:40:00,65.13600000000042,65.13600000000042,-1,HOLD
2025-01-12 21:45:00,65.32880000000023,65.32880000000023,-1,HOLD
2025-01-12 21:50:00,65.39800000000014,65.39800000000014,-1,HOLD
2025-01-12 21:55:00,65.41740000000027,65.41740000000027,-1,HOLD
2025-01-12 22:00:00,65.36639999999989,65.36639999999989,-1,HOLD
2025-01-12 22:05:00,65.52559999999994,65.52559999999994,-1,HOLD
2025-01-12 22:10:00,65.53719999999976,65.53719999999976,-1,HOLD
2025-01-12 22:15:00,65.6230000000005,65.6230000000005,-1,HOLD
2025-01-12 22:20:00,65.54100000000017,65.54100000000017,-1,HOLD
2025-01-12 22:25:00,65.54100000000017,65.54100000000017,-1,HOLD
2025-01-12 22:30:00,65.54100000000017,65.54100000000017,-1,HOLD
2025-01-12 22:35:00,65.48139999999967,65.48139999999967,-1,HOLD
2025-01-12 22:40:00,65.48139999999967,65.48139999999967,-1,HOLD
2025-01-12 22:45:00,65.35900000000038,65.35900000000038,-1,HOLD
2025-01-12 22:50:00,65.43379999999979,65.43379999999979,-1,HOLD
2025-01-12 22:55:00,65.43379999999979,65.43379999999979,-1,HOLD
2025-01-12 23:00:00,65.36359999999968,65.36359999999968,-1,HOLD
2025-01-12 23:05:00,65.38559999999961,65.38559999999961,-1,HOLD
2025-01-12 23:10:00,65.38559999999961,65.38559999999961,-1,HOLD
2025-01-12 23:15:00,65.64840000000004,65.64840000000004,-1,HOLD
2025-01-12 23:20:00,65.80240000000049,65.80240000000049,-1,HOLD
2025-01-12 23:25:00,65.82679999999982,65.82679999999982,-1,HOLD
2025-01-12 23:30:00,65.72620000000006,65.72620000000006,-1,HOLD
2025-01-12 23:35:00,65.61160000000018,65.61160000000018,-1,HOLD
2025-01-12 23:40:00,65.61160000000018,65.61160000000018,-1,HOLD
2025-01-12 23:45:00,65.6214,65.6214,-1,HOLD
2025-01-12 23:50:00,65.67420000000038,65.67420000000038,-1,HOLD
2025-01-12 23:55:00,65.67420000000038,65.67420000000038,-1,HOLD
2025-01-13 00:00:00,65.67399999999998,65.67399999999998,-1,HOLD
2025-01-13 00:05:00,65.67399999999998,65.67399999999998,-1,HOLD
2025-01-13 00:10:00,65.56620000000021,65.56620000000021,-1,HOLD
2025-01-13 00:15:00,65.46240000000034,65.46240000000034,-1,HOLD
2025-01-13 00:20:00,65.39919999999984,65.39919999999984,-1,HOLD
2025-01-13 00:25:00,65.55420000000049,65.55420000000049,-1,HOLD
2025-01-13 00:30:00,65.55420000000049,65.55420000000049,-1,HOLD
2025-01-13 00:35:00,65.71839999999975,65.71839999999975,-1,HOLD
2025-01-13 00:40:00,65.71839999999975,65.71839999999975,-1,HOLD
2025-01-13 00:45:00,65.71839999999975,65.71839999999975,-1,HOLD
2025-01-13 00:50:00,65.71839999999975,65.71839999999975,-1,HOLD
2025-01-13 00:55:00,65.59839999999986,65.59839999999986,-1,HOLD
2025-01-13 01:00:00,65.59100000000035,65.59100000000035,-1,HOLD
2025-01-13 01:05:00,65.6202000000003,65.6202000000003,-1,HOLD
2025-01-13 01:10:00,65.77679999999964,65.77679999999964,-1,HOLD
2025-01-13 01:15:00,65.72140000000036,65.72140000000036,-1,HOLD
2025-01-13 01:20:00,65.67159999999967,65.67159999999967,-1,HOLD
2025-01-13 01:25:00,65.69440000000031,65.69440000000031,-1,HOLD
2025-01-13 01:30:00,65.6234000000004,65.6234000000004,-1,HOLD
2025-01-13 01:35:00,65.75420000000031,65.75420000000031,-1,HOLD
2025-01-13 01:40:00,65.8100000000004,65.8100000000004,-1,HOLD
2025-01-13 01:45:00,65.77880000000005,65.77880000000005,-1,HOLD
2025-01-13 01:50:00,65.83640000000014,65.83640000000014,-1,HOLD
2025-01-13 01:55:00,65.76080000000002,65.76080000000002,-1,HOLD
2025-01-13 02:00:00,65.89239999999972,65.89239999999972,-1,HOLD
2025-01-13 02:05:00,65.95560000000023,65.95560000000023,-1,HOLD
2025-01-13 02:10:00,65.95560000000023,65.95560000000023,-1,HOLD
2025-01-13 02:15:00,65.88900000000012,65.88900000000012,-1,HOLD
2025-01-13 02:20:00,65.85220000000027,65.85220000000027,-1,HOLD
2025-01-13 02:25:00,65.85220000000027,65.85220000000027,-1,HOLD
2025-01-13 02:30:00,65.85220000000027,65.85220000000027,-1,HOLD
2025-01-13 02:35:00,65.73739999999998,65.73739999999998,-1,HOLD
2025-01-13 02:40:00,65.73739999999998,65.73739999999998,-1,HOLD
2025-01-13 02:45:00,65.64739999999983,65.64739999999983,-1,HOLD
2025-01-13 02:50:00,65.70340000000033,65.70340000000033,-1,HOLD
2025-01-13 02:55:00,65.70340000000033,65.70340000000033,-1,HOLD
2025-01-13 03:00:00,65.65999999999985,65.65999999999985,-1,HOLD
2025-01-13 03:05:00,65.73999999999978,65.73999999999978,-1,HOLD
2025-01-13 03:10:00,65.65999999999985,65.65999999999985,-1,HOLD
2025-01-13 03:15:00,65.67720000000008,65.67720000000008,-1,HOLD
2025-01-13 03:20:00,65.6264000000001,65.6264000000001,-1,HOLD
2025-01-13 03:25:00,65.55839999999989,65.55839999999989,-1,HOLD
2025-01-13 03:30:00,65.61639999999989,65.61639999999989,-1,HOLD
2025-01-13 03:35:00,65.60059999999976,65.60059999999976,-1,HOLD
2025-01-13 03:40:00,65.5655999999999,65.5655999999999,-1,HOLD
2025-01-13 03:45:00,65.62960000000021,65.62960000000021,-1,HOLD
2025-01-13 03:50:00,65.5627999999997,65.5627999999997,-1,HOLD
2025-01-13 03:55:00,65.5627999999997,65.5627999999997,-1,HOLD
2025-01-13 04:00:00,65.5627999999997,65.5627999999997,-1,HOLD
2025-01-13 04:05:00,65.78440000000046,65.78440000000046,-1,HOLD
2025-01-13 04:10:00,65.70240000000013,65.70240000000013,-1,HOLD
2025-01-13 04:15:00,65.70240000000013,65.70240000000013,-1,HOLD
2025-01-13 04:20:00,65.66899999999987,65.66899999999987,-1,HOLD
2025-01-13 04:25:00,65.66899999999987,65.66899999999987,-1,HOLD
2025-01-13 04:30:00,65.6286,65.6286,-1,HOLD
2025-01-13 04:35:00,65.60459999999966,65.60459999999966,-1,HOLD
2025-01-13 04:40:00,65.57620000000043,65.57620000000043,-1,HOLD
2025-01-13 04:45:00,65.47900000000027,65.47900000000027,-1,HOLD
2025-01-13 04:50:00,65.59000000000015,65.59000000000015,-1,HOLD
2025-01-13 04:55:00,65.57999999999993,65.57999999999993,-1,HOLD
2025-01-13 05:00:00,65.65880000000016,65.65880000000016,-1,HOLD
2025-01-13 05:05:00,65.65880000000016,65.65880000000016,-1,HOLD
2025-01-13 05:10:00,65.65880000000016,65.65880000000016,-1,HOLD
2025-01-13 05:15:00,65.39300000000003,65.39300000000003,-1,HOLD
2025-01-13 05:20:00,65.38000000000011,65.38000000000011,-1,HOLD
2025-01-13 05:25:00,65.52779999999984,65.52779999999984,-1,HOLD
2025-01-13 05:30:00,65.47299999999996,65.47299999999996,-1,HOLD
2025-01-13 05:35:00,65.42240000000038,65.42240000000038,-1,HOLD
2025-01-13 05:40:00,65.42240000000038,65.42240000000038,-1,HOLD
2025-01-13 05:45:00,65.36520000000019,65.36520000000019,-1,HOLD
2025-01-13 05:50:00,65.32579999999962,65.32579999999962,-1,HOLD
2025-01-13 05:55:00,65.32579999999962,65.32579999999962,-1,HOLD
2025-01-13 06:00:00,65.27919999999995,65.27919999999995,-1,HOLD
2025-01-13 06:05:00,65.1194000000005,65.1194000000005,-1,HOLD
2025-01-13 06:10:00,64.77620000000024,64.77620000000024,-1,HOLD
2025-01-13 06:15:00,64.82679999999982,64.82679999999982,-1,HOLD
2025-01-13 06:20:00,64.76659999999993,64.76659999999993,-1,HOLD
2025-01-13 06:25:00,64.76659999999993,64.76659999999993,-1,HOLD
2025-01-13 06:30:00,64.81700000000001,64.81700000000001,-1,HOLD
2025-01-13 06:35:00,64.94080000000031,64.94080000000031,-1,HOLD
2025-01-13 06:40:00,64.94080000000031,64.94080000000031,-1,HOLD
2025-01-13 06:45:00,64.96979999999985,64.96979999999985,-1,HOLD
2025-01-13 06:50:00,64.90940000000046,64.90940000000046,-1,HOLD
2025-01-13 06:55:00,64.90940000000046,64.90940000000046,-1,HOLD
2025-01-13 07:00:00,64.98639999999978,64.98639999999978,-1,HOLD
2025-01-13 07:05:00,64.8738000000003,64.8738000000003,-1,HOLD
2025-01-13 07:10:00,64.8738000000003,64.8738000000003,-1,HOLD
2025-01-13 07:15:00,64.8739999999998,64.8739999999998,-1,HOLD
2025-01-13 07:20:00,64.91499999999996,64.91499999999996,-1,HOLD
2025-01-13 07:25:00,65.02019999999993,65.02019999999993,-1,HOLD
2025-01-13 07:30:00,65.17780000000039,65.17780000000039,-1,HOLD
2025-01-13 07:35:00,65.2503999999999,65.2503999999999,-1,HOLD
2025-01-13 07:40:00,65.29860000000008,65.29860000000008,-1,HOLD
2025-01-13 07:45:00,65.29860000000008,65.29860000000008,-1,HOLD
2025-01-13 07:50:00,65.3130000000001,65.3130000000001,-1,HOLD
2025-01-13 07:55:00,65.35599999999977,65.35599999999977,-1,HOLD
2025-01-13 08:00:00,65.52800000000025,65.52800000000025,-1,HOLD
2025-01-13 08:05:00,65.44760000000042,65.44760000000042,-1,HOLD
2025-01-13 08:10:00,65.6214,65.6214,-1,HOLD
2025-01-13 08:15:00,65.57300000000032,65.57300000000032,-1,HOLD
2025-01-13 08:20:00,65.5018,65.5018,-1,HOLD
2025-01-13 08:25:00,66.1810000000005,66.1810000000005,-1,HOLD
2025-01-13 08:30:00,66.54320000000007,66.54320000000007,-1,HOLD
2025-01-13 08:35:00,66.51100000000042,66.51100000000042,-1,HOLD
2025-01-13 08:40:00,66.35919999999987,66.35919999999987,-1,HOLD
2025-01-13 08:45:00,66.35320000000047,66.35320000000047,-1,HOLD
2025-01-13 08:50:00,66.33380000000034,66.33380000000034,-1,HOLD
2025-01-13 08:55:00,66.22320000000036,66.22320000000036,-1,HOLD
2025-01-13 09:00:00,65.90620000000035,65.90620000000035,-1,HOLD
2025-01-13 09:05:00,65.92680000000018,65.92680000000018,-1,HOLD
2025-01-13 09:10:00,66.02360000000044,66.02360000000044,-1,HOLD
2025-01-13 09:15:00,65.6844000000001,65.6844000000001,-1,HOLD
2025-01-13 09:20:00,66.03539999999975,66.03539999999975,-1,HOLD
2025-01-13 09:25:00,66.21320000000014,66.21320000000014,-1,HOLD
2025-01-13 09:30:00,66.04060000000027,66.04060000000027,-1,HOLD
2025-01-13 09:35:00,65.83100000000013,65.83100000000013,-1,HOLD
2025-01-13 09:40:00,65.46600000000035,65.46600000000035,-1,HOLD
2025-01-13 09:45:00,65.10599999999977,65.10599999999977,-1,HOLD
2025-01-13 09:50:00,65.16619999999966,65.16619999999966,-1,HOLD
2025-01-13 09:55:00,65.16619999999966,65.16619999999966,-1,HOLD
2025-01-13 10:00:00,65.1931999999997,65.1931999999997,-1,HOLD
2025-01-13 10:05:00,65.1282000000001,65.1282000000001,-1,HOLD
2025-01-13 10:10:00,65.21180000000004,65.21180000000004,-1,HOLD
2025-01-13 10:15:00,65.41300000000047,65.41300000000047,-1,HOLD
2025-01-13 10:20:00,65.19539999999961,65.19539999999961,-1,HOLD
2025-01-13 10:25:00,65.19539999999961,65.19539999999961,-1,HOLD
2025-01-13 10:30:00,65.1894000000002,65.1894000000002,-1,HOLD
2025-01-13 10:35:00,64.94940000000042,64.94940000000042,-1,HOLD
2025-01-13 10:40:00,64.98739999999998,64.98739999999998,-1,HOLD
2025-01-13 10:45:00,64.90319999999974,64.90319999999974,-1,HOLD
2025-01-13 10:50:00,64.95259999999962,64.95259999999962,-1,HOLD
2025-01-13 10:55:00,65.18019999999979,65.18019999999979,-1,HOLD
2025-01-13 11:00:00,65.33899999999994,65.33899999999994,-1,HOLD
2025-01-13 11:05:00,65.30000000000018,65.30000000000018,-1,HOLD
2025-01-13 11:10:00,65.1931999999997,65.1931999999997,-1,HOLD
2025-01-13 11:15:00,65.13479999999981,65.13479999999981,-1,HOLD
2025-01-13 11:20:00,64.96879999999965,64.96879999999965,-1,HOLD
2025-01-13 11:25:00,64.96879999999965,64.96879999999965,-1,HOLD
2025-01-13 11:30:00,64.96879999999965,64.96879999999965,-1,HOLD
2025-01-13 11:35:00,65.21820000000025,65.21820000000025,-1,HOLD
2025-01-13 11:40:00,65.04579999999987,65.04579999999987,-1,HOLD
2025-01-13 11:45:00,64.79899999999998,64.79899999999998,-1,HOLD
2025-01-13 11:50:00,64.83680000000004,64.83680000000004,-1,HOLD
2025-01-13 11:55:00,64.86620000000039,64.86620000000039,-1,HOLD
2025-01-13 12:00:00,64.91439999999966,64.91439999999966,-1,HOLD
2025-01-13 12:05:00,65.0,65.0,-1,HOLD
2025-01-13 12:10:00,64.96540000000005,64.96540000000005,-1,HOLD
2025-01-13 12:15:00,65.02019999999993,65.02019999999993,-1,HOLD
2025-01-13 12:20:00,64.92699999999968,64.92699999999968,-1,HOLD
2025-01-13 12:25:00,65.17799999999988,65.17799999999988,-1,HOLD
2025-01-13 12:30:00,65.08860000000004,65.08860000000004,-1,HOLD
2025-01-13 12:35:00,64.89239999999972,64.89239999999972,-1,HOLD
2025-01-13 12:40:00,64.85779999999977,64.85779999999977,-1,HOLD
2025-01-13 12:45:00,64.83659999999963,64.83659999999963,-1,HOLD
2025-01-13 12:50:00,64.85120000000006,64.85120000000006,-1,HOLD
2025-01-13 12:55:00,64.83600000000024,64.83600000000024,-1,HOLD
2025-01-13 13:00:00,64.5622000000003,64.5622000000003,-1,HOLD
2025-01-13 13:05:00,64.57060000000001,64.57060000000001,-1,HOLD
2025-01-13 13:10:00,64.5572000000002,64.5572000000002,-1,HOLD
2025-01-13 13:15:00,64.6217999999999,64.6217999999999,-1,HOLD
2025-01-13 13:20:00,64.6261999999997,64.6261999999997,-1,HOLD
2025-01-13 13:25:00,64.38060000000041,64.38060000000041,-1,HOLD
2025-01-13 13:30:00,64.45960000000014,64.45960000000014,-1,HOLD
2025-01-13 13:35:00,64.45780000000013,64.45780000000013,-1,HOLD
2025-01-13 13:40:00,64.5560000000005,64.5560000000005,-1,HOLD
2025-01-13 13:45:00,64.29979999999978,64.29979999999978,-1,HOLD
2025-01-13 13:50:00,64.57480000000032,64.57480000000032,-1,HOLD
2025-01-13 13:55:00,64.52999999999975,64.52999999999975,-1,HOLD
2025-01-13 14:00:00,64.38780000000042,64.38780000000042,-1,HOLD
2025-01-13 14:05:00,64.60620000000017,64.60620000000017,-1,HOLD
2025-01-13 14:10:00,64.63699999999972,64.63699999999972,-1,HOLD
2025-01-13 14:15:00,64.63699999999972,64.63699999999972,-1,HOLD
2025-01-13 14:20:00,64.63699999999972,64.63699999999972,-1,HOLD
2025-01-13 14:25:00,64.4340000000002,64.4340000000002,-1,HOLD
2025-01-13 14:30:00,64.3768,64.3768,-1,HOLD
2025-01-13 14:35:00,64.1846000000005,64.1846000000005,-1,HOLD
2025-01-13 14:40:00,64.1846000000005,64.1846000000005,-1,HOLD
2025-01-13 14:45:00,63.79060000000027,63.79060000000027,-1,HOLD
2025-01-13 14:50:00,63.6864000000005,63.6864000000005,-1,HOLD
2025-01-13 14:55:00,63.6864000000005,63.6864000000005,-1,HOLD
2025-01-13 15:00:00,63.85599999999977,63.85599999999977,-1,HOLD
2025-01-13 15:05:00,63.92399999999998,63.92399999999998,-1,HOLD
2025-01-13 15:10:00,64.04899999999998,64.04899999999998,-1,HOLD
2025-01-13 15:15:00,63.982600000000275,63.982600000000275,-1,HOLD
2025-01-13 15:20:00,63.99120000000039,63.99120000000039,-1,HOLD
2025-01-13 15:25:00,64.09000000000015,64.09000000000015,-1,HOLD
2025-01-13 15:30:00,63.95960000000014,63.95960000000014,-1,HOLD
2025-01-13 15:35:00,64.13640000000032,64.13640000000032,-1,HOLD
2025-01-13 15:40:00,64.13640000000032,64.13640000000032,-1,HOLD
2025-01-13 15:45:00,63.98999999999978,63.98999999999978,-1,HOLD
2025-01-13 15:50:00,63.98999999999978,63.98999999999978,-1,HOLD
2025-01-13 15:55:00,63.98999999999978,63.98999999999978,-1,HOLD
2025-01-13 16:00:00,63.98999999999978,63.98999999999978,-1,HOLD
2025-01-13 16:05:00,63.89099999999962,63.89099999999962,-1,HOLD
2025-01-13 16:10:00,63.861399999999776,63.861399999999776,-1,HOLD
2025-01-13 16:15:00,63.819800000000214,63.819800000000214,-1,HOLD
2025-01-13 16:20:00,63.27779999999984,63.27779999999984,-1,HOLD
2025-01-13 16:25:00,63.53620000000046,63.53620000000046,-1,HOLD
2025-01-13 16:30:00,63.48139999999967,63.48139999999967,-1,HOLD
2025-01-13 16:35:00,63.613000000000284,63.613000000000284,-1,HOLD
2025-01-13 16:40:00,63.44160000000011,63.44160000000011,-1,HOLD
2025-01-13 16:45:00,63.47980000000007,63.47980000000007,-1,HOLD
2025-01-13 16:50:00,63.47980000000007,63.47980000000007,-1,HOLD
2025-01-13 16:55:00,63.383200000000215,63.383200000000215,-1,HOLD
2025-01-13 17:00:00,63.32260000000042,63.32260000000042,-1,HOLD
2025-01-13 17:05:00,63.216599999999744,63.216599999999744,-1,HOLD
2025-01-13 17:10:00,63.45439999999962,63.45439999999962,-1,HOLD
2025-01-13 17:15:00,63.39080000000013,63.39080000000013,-1,HOLD
2025-01-13 17:20:00,63.39080000000013,63.39080000000013,-1,HOLD
2025-01-13 17:25:00,63.09760000000006,63.09760000000006,-1,HOLD
2025-01-13 17:30:00,62.89900000000034,62.89900000000034,-1,HOLD
2025-01-13 17:35:00,63.259399999999914,63.259399999999914,-1,HOLD
2025-01-13 17:40:00,63.23940000000039,63.23940000000039,-1,HOLD
2025-01-13 17:45:00,63.21219999999994,63.21219999999994,-1,HOLD
2025-01-13 17:50:00,63.142399999999725,63.142399999999725,-1,HOLD
2025-01-13 17:55:00,63.142399999999725,63.142399999999725,-1,HOLD
2025-01-13 18:00:00,62.94980000000032,62.94980000000032,-1,HOLD
2025-01-13 18:05:00,63.00420000000031,63.00420000000031,-1,HOLD
2025-01-13 18:10:00,63.00420000000031,63.00420000000031,-1,HOLD
2025-01-13 18:15:00,62.84479999999985,62.84479999999985,-1,HOLD
2025-01-13 18:20:00,62.586599999999635,62.586599999999635,-1,HOLD
2025-01-13 18:25:00,62.32999999999993,62.32999999999993,-1,HOLD
2025-01-13 18:30:00,62.34360000000015,62.34360000000015,-1,HOLD
2025-01-13 18:35:00,62.633200000000215,62.633200000000215,-1,HOLD
2025-01-13 18:40:00,62.32980000000043,62.32980000000043,-1,HOLD
2025-01-13 18:45:00,62.266599999999926,62.266599999999926,-1,HOLD
2025-01-13 18:50:00,62.15139999999974,62.15139999999974,-1,HOLD
2025-01-13 18:55:00,62.4373999999998,62.4373999999998,-1,HOLD
2025-01-13 19:00:00,62.38100000000031,62.38100000000031,-1,HOLD
2025-01-13 19:05:00,62.42320000000018,62.42320000000018,-1,HOLD
2025-01-13 19:10:00,62.26839999999993,62.26839999999993,-1,HOLD
2025-01-13 19:15:00,62.2511999999997,62.2511999999997,-1,HOLD
2025-01-13 19:20:00,62.24459999999999,62.24459999999999,-1,HOLD
2025-01-13 19:25:00,62.124399999999696,62.124399999999696,-1,HOLD
2025-01-13 19:30:00,61.75960000000032,61.75960000000032,-1,HOLD
2025-01-13 19:35:00,61.80720000000019,61.80720000000019,-1,HOLD
2025-01-13 19:40:00,61.40899999999965,61.40899999999965,-1,HOLD
2025-01-13 19:45:00,61.660799999999654,61.660799999999654,-1,HOLD
2025-01-13 19:50:00,61.551000000000386,61.551000000000386,-1,HOLD
2025-01-13 19:55:00,61.28740000000016,61.28740000000016,-1,HOLD
2025-01-13 20:00:00,61.25759999999991,61.25759999999991,-1,HOLD
2025-01-13 20:05:00,61.48540000000048,61.48540000000048,-1,HOLD
2025-01-13 20:10:00,61.538800000000265,61.538800000000265,-1,HOLD
2025-01-13 20:15:00,61.34240000000045,61.34240000000045,-1,HOLD
2025-01-13 20:20:00,61.374399999999696,61.374399999999696,-1,HOLD
2025-01-13 20:25:00,61.374399999999696,61.374399999999696,-1,HOLD
2025-01-13 20:30:00,61.12920000000031,61.12920000000031,-1,HOLD
2025-01-13 20:35:00,61.059799999999996,61.059799999999996,-1,HOLD
2025-01-13 20:40:00,61.16120000000046,61.16120000000046,-1,HOLD
2025-01-13 20:45:00,61.16120000000046,61.16120000000046,-1,HOLD
2025-01-13 20:50:00,61.326200000000426,61.326200000000426,-1,HOLD
2025-01-13 20:55:00,61.23999999999978,61.23999999999978,-1,HOLD
2025-01-13 21:00:00,61.17780000000039,61.17780000000039,-1,HOLD
2025-01-13 21:05:00,61.413800000000265,61.413800000000265,-1,HOLD
2025-01-13 21:10:00,61.49319999999989,61.49319999999989,-1,HOLD
2025-01-13 21:15:00,61.73019999999997,61.73019999999997,-1,HOLD
2025-01-13 21:20:00,61.70020000000022,61.70020000000022,-1,HOLD
2025-01-13 21:25:00,61.70020000000022,61.70020000000022,-1,HOLD
2025-01-13 21:30:00,61.499800000000505,61.499800000000505,-1,HOLD
2025-01-13 21:35:00,61.525800000000345,61.525800000000345,-1,HOLD
2025-01-13 21:40:00,61.39599999999973,61.39599999999973,-1,HOLD
2025-01-13 21:45:00,61.36340000000018,61.36340000000018,-1,HOLD
2025-01-13 21:50:00,61.31999999999971,61.31999999999971,-1,HOLD
2025-01-13 21:55:00,61.31999999999971,61.31999999999971,-1,HOLD
2025-01-13 22:00:00,61.02220000000034,61.02220000000034,-1,HOLD
2025-01-13 22:05:00,61.14140000000043,61.14140000000043,-1,HOLD
2025-01-13 22:10:00,61.07999999999993,61.07999999999993,-1,HOLD
2025-01-13 22:15:00,60.985999999999876,60.985999999999876,-1,HOLD
2025-01-13 22:20:00,61.03679999999986,61.03679999999986,-1,HOLD
2025-01-13 22:25:00,60.97519999999986,60.97519999999986,-1,HOLD
2025-01-13 22:30:00,59.44200000000001,59.44200000000001,-1,NO_ACTION_PROFITABLE
2025-01-13 22:35:00,59.87079999999969,59.87079999999969,-1,NO_ACTION_PROFITABLE
2025-01-13 22:40:00,60.171400000000176,60.171400000000176,-1,NO_ACTION_PROFITABLE
2025-01-13 22:45:00,60.60120000000006,60.60120000000006,-1,HOLD
2025-01-13 22:50:00,60.693599999999606,60.693599999999606,-1,HOLD
2025-01-13 22:55:00,60.71360000000004,60.71360000000004,-1,HOLD
2025-01-13 23:00:00,60.783800000000156,60.783800000000156,-1,HOLD
2025-01-13 23:05:00,61.1235999999999,61.1235999999999,-1,HOLD
2025-01-13 23:10:00,61.10540000000037,61.10540000000037,-1,HOLD
2025-01-13 23:15:00,61.29460000000017,61.29460000000017,-1,HOLD
2025-01-13 23:20:00,61.51580000000013,61.51580000000013,-1,HOLD
2025-01-13 23:25:00,61.34360000000015,61.34360000000015,-1,HOLD
2025-01-13 23:30:00,61.41740000000027,61.41740000000027,-1,HOLD
2025-01-13 23:35:00,61.23980000000029,61.23980000000029,-1,HOLD
2025-01-13 23:40:00,61.3732,61.3732,-1,HOLD
2025-01-13 23:45:00,61.3732,61.3732,-1,HOLD
2025-01-13 23:50:00,61.11660000000029,61.11660000000029,-1,HOLD
2025-01-13 23:55:00,61.11660000000029,61.11660000000029,-1,HOLD
2025-01-14 00:00:00,61.34900000000016,61.34900000000016,-1,HOLD
2025-01-14 00:05:00,61.34900000000016,61.34900000000016,-1,HOLD
2025-01-14 00:10:00,60.85580000000027,60.85580000000027,-1,HOLD
2025-01-14 00:15:00,60.78560000000016,60.78560000000016,-1,HOLD
2025-01-14 00:20:00,61.00560000000041,61.00560000000041,-1,HOLD
2025-01-14 00:25:00,61.00560000000041,61.00560000000041,-1,HOLD
2025-01-14 00:30:00,60.7482,60.7482,-1,HOLD
2025-01-14 00:35:00,60.568599999999606,60.568599999999606,-1,HOLD
2025-01-14 00:40:00,60.568599999999606,60.568599999999606,-1,HOLD
2025-01-14 00:45:00,60.84019999999964,60.84019999999964,-1,HOLD
2025-01-14 00:50:00,60.380199999999604,60.380199999999604,-1,NO_ACTION_PROFITABLE
2025-01-14 00:55:00,60.36440000000039,60.36440000000039,-1,HOLD
2025-01-14 01:00:00,60.36440000000039,60.36440000000039,-1,HOLD
2025-01-14 01:05:00,60.42000000000007,60.42000000000007,-1,HOLD
2025-01-14 01:10:00,60.57920000000013,60.57920000000013,-1,HOLD
2025-01-14 01:15:00,60.54460000000017,60.54460000000017,-1,HOLD
2025-01-14 01:20:00,60.54460000000017,60.54460000000017,-1,HOLD
2025-01-14 01:25:00,60.56880000000001,60.56880000000001,-1,HOLD
2025-01-14 01:30:00,60.55619999999999,60.55619999999999,-1,HOLD
2025-01-14 01:35:00,60.42699999999968,60.42699999999968,-1,NO_ACTION_PROFITABLE
2025-01-14 01:40:00,60.306800000000294,60.306800000000294,-1,NO_ACTION_PROFITABLE
2025-01-14 01:45:00,60.417599999999766,60.417599999999766,-1,NO_ACTION_PROFITABLE
2025-01-14 01:50:00,60.15819999999985,60.15819999999985,-1,NO_ACTION_PROFITABLE
2025-01-14 01:55:00,60.35360000000037,60.35360000000037,-1,HOLD
2025-01-14 02:00:00,60.50600000000031,60.50600000000031,-1,HOLD
2025-01-14 02:05:00,60.5600000000004,60.5600000000004,-1,HOLD
2025-01-14 02:10:00,60.375600000000304,60.375600000000304,-1,NO_ACTION_PROFITABLE
2025-01-14 02:15:00,60.206600000000435,60.206600000000435,-1,NO_ACTION_PROFITABLE
2025-01-14 02:20:00,60.000200000000405,60.000200000000405,-1,NO_ACTION_PROFITABLE
2025-01-14 02:25:00,60.0,60.0,-1,NO_ACTION_PROFITABLE
2025-01-14 02:30:00,60.000200000000405,60.000200000000405,-1,NO_ACTION_PROFITABLE
2025-01-14 02:35:00,60.294200000000274,60.294200000000274,-1,HOLD
2025-01-14 02:40:00,60.375,60.375,-1,HOLD
2025-01-14 02:45:00,60.375,60.375,-1,HOLD
2025-01-14 02:50:00,60.26000000000022,60.26000000000022,-1,HOLD
2025-01-14 02:55:00,60.19920000000002,60.19920000000002,-1,HOLD
2025-01-14 03:00:00,60.23739999999998,60.23739999999998,-1,HOLD
2025-01-14 03:05:00,60.39500000000044,60.39500000000044,-1,HOLD
2025-01-14 03:10:00,60.47640000000047,60.47640000000047,-1,HOLD
2025-01-14 03:15:00,60.11480000000029,60.11480000000029,-1,HOLD
2025-01-14 03:20:00,60.38100000000031,60.38100000000031,-1,HOLD
2025-01-14 03:25:00,60.294200000000274,60.294200000000274,-1,HOLD
2025-01-14 03:30:00,60.45820000000003,60.45820000000003,-1,HOLD
2025-01-14 03:35:00,60.29740000000038,60.29740000000038,-1,HOLD
2025-01-14 03:40:00,60.65899999999965,60.65899999999965,-1,HOLD
2025-01-14 03:45:00,60.74719999999979,60.74719999999979,-1,HOLD
2025-01-14 03:50:00,60.402000000000044,60.402000000000044,-1,HOLD
2025-01-14 03:55:00,60.513600000000224,60.513600000000224,-1,HOLD
2025-01-14 04:00:00,60.552999999999884,60.552999999999884,-1,HOLD
2025-01-14 04:05:00,60.552999999999884,60.552999999999884,-1,HOLD
2025-01-14 04:10:00,60.845000000000255,60.845000000000255,-1,HOLD
2025-01-14 04:15:00,60.69200000000001,60.69200000000001,-1,HOLD
2025-01-14 04:20:00,60.69200000000001,60.69200000000001,-1,HOLD
2025-01-14 04:25:00,60.8108000000002,60.8108000000002,-1,HOLD
2025-01-14 04:30:00,60.92200000000048,60.92200000000048,-1,HOLD
2025-01-14 04:35:00,61.03679999999986,61.03679999999986,-1,HOLD
2025-01-14 04:40:00,61.198199999999815,61.198199999999815,-1,HOLD
2025-01-14 04:45:00,61.48840000000018,61.48840000000018,-1,HOLD
2025-01-14 04:50:00,62.09280000000035,62.09280000000035,-1,HOLD
2025-01-14 04:55:00,61.97980000000007,61.97980000000007,-1,HOLD
2025-01-14 05:00:00,61.77400000000034,61.77400000000034,-1,HOLD
2025-01-14 05:05:00,62.293400000000474,62.293400000000474,-1,HOLD
2025-01-14 05:10:00,62.11400000000049,62.11400000000049,-1,HOLD
2025-01-14 05:15:00,62.11359999999968,62.11359999999968,-1,HOLD
2025-01-14 05:20:00,62.266599999999926,62.266599999999926,-1,HOLD
2025-01-14 05:25:00,62.2484000000004,62.2484000000004,-1,HOLD
2025-01-14 05:30:00,61.97320000000036,61.97320000000036,-1,HOLD
2025-01-14 05:35:00,62.02300000000014,62.02300000000014,-1,HOLD
2025-01-14 05:40:00,62.19300000000021,62.19300000000021,-1,HOLD
2025-01-14 05:45:00,62.27319999999963,62.27319999999963,-1,HOLD
2025-01-14 05:50:00,62.26000000000022,62.26000000000022,-1,HOLD
2025-01-14 05:55:00,62.26000000000022,62.26000000000022,-1,HOLD
2025-01-14 06:00:00,62.32980000000043,62.32980000000043,-1,HOLD
2025-01-14 06:05:00,62.3732,62.3732,-1,HOLD
2025-01-14 06:10:00,62.57139999999981,62.57139999999981,-1,HOLD
2025-01-14 06:15:00,62.51959999999963,62.51959999999963,-1,HOLD
2025-01-14 06:20:00,62.77300000000014,62.77300000000014,-1,HOLD
2025-01-14 06:25:00,62.79320000000007,62.79320000000007,-1,HOLD
2025-01-14 06:30:00,62.578599999999824,62.578599999999824,-1,HOLD
2025-01-14 06:35:00,62.539999999999964,62.539999999999964,-1,HOLD
2025-01-14 06:40:00,62.538800000000265,62.538800000000265,-1,HOLD
2025-01-14 06:45:00,62.5630000000001,62.5630000000001,-1,HOLD
2025-01-14 06:50:00,62.5630000000001,62.5630000000001,-1,HOLD
2025-01-14 06:55:00,62.58320000000003,62.58320000000003,-1,HOLD
2025-01-14 07:00:00,62.591199999999844,62.591199999999844,-1,HOLD
2025-01-14 07:05:00,62.591199999999844,62.591199999999844,-1,HOLD
2025-01-14 07:10:00,62.62960000000021,62.62960000000021,-1,HOLD
2025-01-14 07:15:00,62.69220000000041,62.69220000000041,-1,HOLD
2025-01-14 07:20:00,62.831199999999626,62.831199999999626,-1,HOLD
2025-01-14 07:25:00,62.6866,62.6866,-1,HOLD
2025-01-14 07:30:00,62.6866,62.6866,-1,HOLD
2025-01-14 07:35:00,62.66319999999996,62.66319999999996,-1,HOLD
2025-01-14 07:40:00,62.66319999999996,62.66319999999996,-1,HOLD
2025-01-14 07:45:00,62.65179999999964,62.65179999999964,-1,HOLD
2025-01-14 07:50:00,62.62880000000041,62.62880000000041,-1,HOLD
2025-01-14 07:55:00,62.62880000000041,62.62880000000041,-1,HOLD
2025-01-14 08:00:00,62.70480000000043,62.70480000000043,-1,HOLD
2025-01-14 08:05:00,62.70480000000043,62.70480000000043,-1,HOLD
2025-01-14 08:10:00,62.70480000000043,62.70480000000043,-1,HOLD
2025-01-14 08:15:00,62.623999999999796,62.623999999999796,-1,HOLD
2025-01-14 08:20:00,62.84299999999985,62.84299999999985,-1,HOLD
2025-01-14 08:25:00,62.759399999999914,62.759399999999914,-1,HOLD
2025-01-14 08:30:00,62.57719999999972,62.57719999999972,-1,HOLD
2025-01-14 08:35:00,62.6224000000002,62.6224000000002,-1,HOLD
2025-01-14 08:40:00,62.667599999999766,62.667599999999766,-1,HOLD
2025-01-14 08:45:00,62.60980000000018,62.60980000000018,-1,HOLD
2025-01-14 08:50:00,62.71600000000035,62.71600000000035,-1,HOLD
2025-01-14 08:55:00,62.6850000000004,62.6850000000004,-1,HOLD
2025-01-14 09:00:00,62.83820000000014,62.83820000000014,-1,HOLD
2025-01-14 09:05:00,63.11539999999968,63.11539999999968,-1,HOLD
2025-01-14 09:10:00,63.15319999999974,63.15319999999974,-1,HOLD
2025-01-14 09:15:00,63.15319999999974,63.15319999999974,-1,HOLD
2025-01-14 09:20:00,63.15319999999974,63.15319999999974,-1,HOLD
2025-01-14 09:25:00,63.07179999999971,63.07179999999971,-1,HOLD
2025-01-14 09:30:00,63.02059999999983,63.02059999999983,-1,HOLD
2025-01-14 09:35:00,62.81999999999971,62.81999999999971,-1,HOLD
2025-01-14 09:40:00,62.80699999999979,62.80699999999979,-1,HOLD
2025-01-14 09:45:00,62.78279999999995,62.78279999999995,-1,HOLD
2025-01-14 09:50:00,62.79200000000037,62.79200000000037,-1,HOLD
2025-01-14 09:55:00,62.76640000000043,62.76640000000043,-1,HOLD
2025-01-14 10:00:00,62.884399999999914,62.884399999999914,-1,HOLD
2025-01-14 10:05:00,62.710399999999936,62.710399999999936,-1,HOLD
2025-01-14 10:10:00,62.9409999999998,62.9409999999998,-1,HOLD
2025-01-14 10:15:00,63.134399999999914,63.134399999999914,-1,HOLD
2025-01-14 10:20:00,63.30000000000018,63.30000000000018,-1,HOLD
2025-01-14 10:25:00,63.26180000000022,63.26180000000022,-1,HOLD
2025-01-14 10:30:00,63.19560000000001,63.19560000000001,-1,HOLD
2025-01-14 10:35:00,63.27059999999983,63.27059999999983,-1,HOLD
2025-01-14 10:40:00,63.1876000000002,63.1876000000002,-1,HOLD
2025-01-14 10:45:00,63.094600000000355,63.094600000000355,-1,HOLD
2025-01-14 10:50:00,63.07639999999992,63.07639999999992,-1,HOLD
2025-01-14 10:55:00,63.15779999999995,63.15779999999995,-1,HOLD
2025-01-14 11:00:00,63.1230000000005,63.1230000000005,-1,HOLD
2025-01-14 11:05:00,63.125600000000304,63.125600000000304,-1,HOLD
2025-01-14 11:10:00,63.35999999999967,63.35999999999967,-1,HOLD
2025-01-14 11:15:00,63.30199999999968,63.30199999999968,-1,HOLD
2025-01-14 11:20:00,63.448199999999815,63.448199999999815,-1,HOLD
2025-01-14 11:25:00,63.41219999999976,63.41219999999976,-1,HOLD
2025-01-14 11:30:00,63.35540000000037,63.35540000000037,-1,HOLD
2025-01-14 11:35:00,63.35540000000037,63.35540000000037,-1,HOLD
2025-01-14 11:40:00,63.35540000000037,63.35540000000037,-1,HOLD
2025-01-14 11:45:00,63.35540000000037,63.35540000000037,-1,HOLD
2025-01-14 11:50:00,63.285799999999654,63.285799999999654,-1,HOLD
2025-01-14 11:55:00,63.285799999999654,63.285799999999654,-1,HOLD
2025-01-14 12:00:00,63.24240000000009,63.24240000000009,-1,HOLD
2025-01-14 12:05:00,63.276200000000244,63.276200000000244,-1,HOLD
2025-01-14 12:10:00,63.302599999999984,63.302599999999984,-1,HOLD
2025-01-14 12:15:00,63.44499999999971,63.44499999999971,-1,HOLD
2025-01-14 12:20:00,63.28679999999986,63.28679999999986,-1,HOLD
2025-01-14 12:25:00,63.28679999999986,63.28679999999986,-1,HOLD
2025-01-14 12:30:00,63.220000000000255,63.220000000000255,-1,HOLD
2025-01-14 12:35:00,63.39959999999974,63.39959999999974,-1,HOLD
2025-01-14 12:40:00,63.42119999999977,63.42119999999977,-1,HOLD
2025-01-14 12:45:00,63.42119999999977,63.42119999999977,-1,HOLD
2025-01-14 12:50:00,63.34760000000006,63.34760000000006,-1,HOLD
2025-01-14 12:55:00,63.5,63.5,-1,HOLD
2025-01-14 13:00:00,63.44200000000001,63.44200000000001,-1,HOLD
2025-01-14 13:05:00,63.57759999999962,63.57759999999962,-1,HOLD
2025-01-14 13:10:00,63.61880000000019,63.61880000000019,-1,HOLD
2025-01-14 13:15:00,63.52139999999963,63.52139999999963,-1,HOLD
2025-01-14 13:20:00,63.421400000000176,63.421400000000176,-1,HOLD
2025-01-14 13:25:00,63.414999999999964,63.414999999999964,-1,HOLD
2025-01-14 13:30:00,63.3775999999998,63.3775999999998,-1,HOLD
2025-01-14 13:35:00,63.32120000000032,63.32120000000032,-1,HOLD
2025-01-14 13:40:00,63.32120000000032,63.32120000000032,-1,HOLD
2025-01-14 13:45:00,63.32120000000032,63.32120000000032,-1,HOLD
2025-01-14 13:50:00,63.27779999999984,63.27779999999984,-1,HOLD
2025-01-14 13:55:00,63.2470000000003,63.2470000000003,-1,HOLD
2025-01-14 14:00:00,63.19999999999982,63.19999999999982,-1,HOLD
2025-01-14 14:05:00,63.40819999999985,63.40819999999985,-1,HOLD
2025-01-14 14:10:00,63.4328000000005,63.4328000000005,-1,HOLD
2025-01-14 14:15:00,63.44539999999961,63.44539999999961,-1,HOLD
2025-01-14 14:20:00,63.44040000000041,63.44040000000041,-1,HOLD
2025-01-14 14:25:00,63.573599999999715,63.573599999999715,-1,HOLD
2025-01-14 14:30:00,63.49039999999968,63.49039999999968,-1,HOLD
2025-01-14 14:35:00,63.61340000000018,63.61340000000018,-1,HOLD
2025-01-14 14:40:00,63.690200000000004,63.690200000000004,-1,HOLD
2025-01-14 14:45:00,63.690200000000004,63.690200000000004,-1,HOLD
2025-01-14 14:50:00,63.569000000000415,63.569000000000415,-1,HOLD
2025-01-14 14:55:00,63.569000000000415,63.569000000000415,-1,HOLD
2025-01-14 15:00:00,63.7478000000001,63.7478000000001,-1,HOLD
2025-01-14 15:05:00,63.68000000000029,63.68000000000029,-1,HOLD
2025-01-14 15:10:00,63.68000000000029,63.68000000000029,-1,HOLD
2025-01-14 15:15:00,63.68000000000029,63.68000000000029,-1,HOLD
2025-01-14 15:20:00,63.68000000000029,63.68000000000029,-1,HOLD
2025-01-14 15:25:00,63.68000000000029,63.68000000000029,-1,HOLD
2025-01-14 15:30:00,63.66619999999966,63.66619999999966,-1,HOLD
2025-01-14 15:35:00,63.542999999999665,63.542999999999665,-1,HOLD
2025-01-14 15:40:00,63.542999999999665,63.542999999999665,-1,HOLD
2025-01-14 15:45:00,63.542999999999665,63.542999999999665,-1,HOLD
2025-01-14 15:50:00,63.542999999999665,63.542999999999665,-1,HOLD
2025-01-14 15:55:00,63.46600000000035,63.46600000000035,-1,HOLD
2025-01-14 16:00:00,63.46600000000035,63.46600000000035,-1,HOLD
2025-01-14 16:05:00,63.629399999999805,63.629399999999805,-1,HOLD
2025-01-14 16:10:00,63.720800000000054,63.720800000000054,-1,HOLD
2025-01-14 16:15:00,63.79460000000017,63.79460000000017,-1,HOLD
2025-01-14 16:20:00,63.79460000000017,63.79460000000017,-1,HOLD
2025-01-14 16:25:00,63.53620000000046,63.53620000000046,-1,HOLD
2025-01-14 16:30:00,63.560999999999694,63.560999999999694,-1,HOLD
2025-01-14 16:35:00,63.54600000000028,63.54600000000028,-1,HOLD
2025-01-14 16:40:00,63.54600000000028,63.54600000000028,-1,HOLD
2025-01-14 16:45:00,63.70399999999972,63.70399999999972,-1,HOLD
2025-01-14 16:50:00,63.73120000000017,63.73120000000017,-1,HOLD
2025-01-14 16:55:00,63.73120000000017,63.73120000000017,-1,HOLD
2025-01-14 17:00:00,63.73120000000017,63.73120000000017,-1,HOLD
2025-01-14 17:05:00,63.65139999999974,63.65139999999974,-1,HOLD
2025-01-14 17:10:00,63.90139999999974,63.90139999999974,-1,HOLD
2025-01-14 17:15:00,64.0663999999997,64.0663999999997,-1,HOLD
2025-01-14 17:20:00,64.44520000000011,64.44520000000011,-1,HOLD
2025-01-14 17:25:00,64.70979999999963,64.70979999999963,-1,HOLD
2025-01-14 17:30:00,64.85500000000047,64.85500000000047,-1,HOLD
2025-01-14 17:35:00,64.97239999999965,64.97239999999965,-1,HOLD
2025-01-14 17:40:00,64.9926000000005,64.9926000000005,-1,HOLD
2025-01-14 17:45:00,64.9926000000005,64.9926000000005,-1,HOLD
2025-01-14 17:50:00,65.04719999999998,65.04719999999998,-1,HOLD
2025-01-14 17:55:00,65.04719999999998,65.04719999999998,-1,HOLD
2025-01-14 18:00:00,64.8119999999999,64.8119999999999,-1,HOLD
2025-01-14 18:05:00,64.79979999999978,64.79979999999978,-1,HOLD
2025-01-14 18:10:00,64.79740000000038,64.79740000000038,-1,HOLD
2025-01-14 18:15:00,64.51280000000042,64.51280000000042,-1,HOLD
2025-01-14 18:20:00,64.77480000000014,64.77480000000014,-1,HOLD
2025-01-14 18:25:00,64.77480000000014,64.77480000000014,-1,HOLD
2025-01-14 18:30:00,64.77480000000014,64.77480000000014,-1,HOLD
2025-01-14 18:35:00,64.77480000000014,64.77480000000014,-1,HOLD
2025-01-14 18:40:00,64.77480000000014,64.77480000000014,-1,HOLD
2025-01-14 18:45:00,64.77480000000014,64.77480000000014,-1,HOLD
2025-01-14 18:50:00,64.77480000000014,64.77480000000014,-1,HOLD
2025-01-14 18:55:00,64.70120000000043,64.70120000000043,-1,HOLD
2025-01-14 19:00:00,64.70120000000043,64.70120000000043,-1,HOLD
2025-01-14 19:05:00,64.73180000000048,64.73180000000048,-1,HOLD
2025-01-14 19:10:00,64.73180000000048,64.73180000000048,-1,HOLD
2025-01-14 19:15:00,64.73180000000048,64.73180000000048,-1,HOLD
2025-01-14 19:20:00,64.58640000000014,64.58640000000014,-1,HOLD
2025-01-14 19:25:00,64.58640000000014,64.58640000000014,-1,HOLD
2025-01-14 19:30:00,64.38079999999991,64.38079999999991,-1,HOLD
2025-01-14 19:35:00,64.46600000000035,64.46600000000035,-1,HOLD
2025-01-14 19:40:00,64.30659999999989,64.30659999999989,-1,HOLD
2025-01-14 19:45:00,64.32800000000043,64.32800000000043,-1,HOLD
2025-01-14 19:50:00,64.32899999999972,64.32899999999972,-1,HOLD
2025-01-14 19:55:00,64.32899999999972,64.32899999999972,-1,NO_ACTION_PROFITABLE
2025-01-14 20:00:00,64.28579999999965,64.28579999999965,-1,NO_ACTION_PROFITABLE
2025-01-14 20:05:00,64.19400000000041,64.19400000000041,-1,NO_ACTION_PROFITABLE
2025-01-14 20:10:00,64.125,64.125,-1,NO_ACTION_PROFITABLE
2025-01-14 20:15:00,64.04439999999977,64.04439999999977,-1,NO_ACTION_PROFITABLE
2025-01-14 20:20:00,63.660799999999654,63.660799999999654,-1,NO_ACTION_PROFITABLE
2025-01-14 20:25:00,63.73239999999987,63.73239999999987,-1,NO_ACTION_PROFITABLE
2025-01-14 20:30:00,63.77319999999963,63.77319999999963,-1,NO_ACTION_PROFITABLE
2025-01-14 20:35:00,63.841199999999844,63.841199999999844,-1,NO_ACTION_PROFITABLE
2025-01-14 20:40:00,63.841199999999844,63.841199999999844,-1,NO_ACTION_PROFITABLE
2025-01-14 20:45:00,63.841199999999844,63.841199999999844,-1,NO_ACTION_PROFITABLE
2025-01-14 20:50:00,63.841199999999844,63.841199999999844,-1,NO_ACTION_PROFITABLE
2025-01-14 20:55:00,63.754399999999805,63.754399999999805,-1,NO_ACTION_PROFITABLE
2025-01-14 21:00:00,63.646600000000035,63.646600000000035,-1,NO_ACTION_PROFITABLE
2025-01-14 21:05:00,63.70560000000023,63.70560000000023,-1,NO_ACTION_PROFITABLE
2025-01-14 21:10:00,63.70560000000023,63.70560000000023,-1,NO_ACTION_PROFITABLE
2025-01-14 21:15:00,63.70560000000023,63.70560000000023,-1,NO_ACTION_PROFITABLE
2025-01-14 21:20:00,63.70560000000023,63.70560000000023,-1,NO_ACTION_PROFITABLE
2025-01-14 21:25:00,63.63979999999992,63.63979999999992,-1,NO_ACTION_PROFITABLE
2025-01-14 21:30:00,64.17720000000008,64.17720000000008,-1,NO_ACTION_PROFITABLE
2025-01-14 21:35:00,64.14599999999973,64.14599999999973,-1,NO_ACTION_PROFITABLE
2025-01-14 21:40:00,64.14779999999973,64.14779999999973,-1,NO_ACTION_PROFITABLE
2025-01-14 21:45:00,64.35459999999966,64.35459999999966,-1,HOLD
2025-01-14 21:50:00,64.32440000000042,64.32440000000042,-1,HOLD
2025-01-14 21:55:00,64.17720000000008,64.17720000000008,-1,NO_ACTION_PROFITABLE
2025-01-14 22:00:00,63.95840000000044,63.95840000000044,-1,NO_ACTION_PROFITABLE
2025-01-14 22:05:00,64.15740000000005,64.15740000000005,-1,NO_ACTION_PROFITABLE
2025-01-14 22:10:00,64.15740000000005,64.15740000000005,-1,NO_ACTION_PROFITABLE
2025-01-14 22:15:00,64.18019999999979,64.18019999999979,-1,HOLD
2025-01-14 22:20:00,64.27300000000014,64.27300000000014,-1,HOLD
2025-01-14 22:25:00,64.3144000000002,64.3144000000002,-1,HOLD
2025-01-14 22:30:00,64.3768,64.3768,-1,HOLD
2025-01-14 22:35:00,64.54619999999977,64.54619999999977,-1,HOLD
2025-01-14 22:40:00,64.3112000000001,64.3112000000001,-1,HOLD
2025-01-14 22:45:00,64.01680000000033,64.01680000000033,-1,NO_ACTION_PROFITABLE
2025-01-14 22:50:00,63.887800000000425,63.887800000000425,-1,NO_ACTION_PROFITABLE
2025-01-14 22:55:00,63.82639999999992,63.82639999999992,-1,NO_ACTION_PROFITABLE
2025-01-14 23:00:00,63.82560000000012,63.82560000000012,-1,NO_ACTION_PROFITABLE
2025-01-14 23:05:00,64.17439999999988,64.17439999999988,-1,HOLD
2025-01-14 23:10:00,64.17439999999988,64.17439999999988,-1,HOLD
2025-01-14 23:15:00,64.26220000000012,64.26220000000012,-1,HOLD
2025-01-14 23:20:00,64.05379999999968,64.05379999999968,-1,HOLD
2025-01-14 23:25:00,63.956199999999626,63.956199999999626,-1,NO_ACTION_PROFITABLE
2025-01-14 23:30:00,64.09699999999975,64.09699999999975,-1,NO_ACTION_PROFITABLE
2025-01-14 23:35:00,64.03260000000046,64.03260000000046,-1,NO_ACTION_PROFITABLE
2025-01-14 23:40:00,64.11920000000009,64.11920000000009,-1,NO_ACTION_PROFITABLE
2025-01-14 23:45:00,64.11920000000009,64.11920000000009,-1,NO_ACTION_PROFITABLE
2025-01-14 23:50:00,64.18419999999969,64.18419999999969,-1,NO_ACTION_PROFITABLE
2025-01-14 23:55:00,64.09320000000025,64.09320000000025,-1,NO_ACTION_PROFITABLE
2025-01-15 00:00:00,63.530800000000454,63.530800000000454,-1,NO_ACTION_PROFITABLE
2025-01-15 00:05:00,63.8137999999999,63.8137999999999,-1,NO_ACTION_PROFITABLE
2025-01-15 00:10:00,63.65340000000015,63.65340000000015,-1,NO_ACTION_PROFITABLE
2025-01-15 00:15:00,63.6832000000004,63.6832000000004,-1,NO_ACTION_PROFITABLE
2025-01-15 00:20:00,63.93040000000019,63.93040000000019,-1,NO_ACTION_PROFITABLE
2025-01-15 00:25:00,64.01339999999982,64.01339999999982,-1,NO_ACTION_PROFITABLE
2025-01-15 00:30:00,63.766999999999825,63.766999999999825,-1,NO_ACTION_PROFITABLE
2025-01-15 00:35:00,63.85320000000047,63.85320000000047,-1,HOLD
2025-01-15 00:40:00,63.64720000000034,63.64720000000034,-1,HOLD
2025-01-15 00:45:00,63.777000000000044,63.777000000000044,-1,HOLD
2025-01-15 00:50:00,63.87780000000021,63.87780000000021,-1,HOLD
2025-01-15 00:55:00,63.87780000000021,63.87780000000021,-1,HOLD
2025-01-15 01:00:00,63.72860000000037,63.72860000000037,-1,HOLD
2025-01-15 01:05:00,63.882800000000316,63.882800000000316,-1,HOLD
2025-01-15 01:10:00,64.0634,64.0634,-1,HOLD
2025-01-15 01:15:00,64.0014000000001,64.0014000000001,-1,HOLD
2025-01-15 01:20:00,63.9364000000005,63.9364000000005,-1,HOLD
2025-01-15 01:25:00,64.02239999999983,64.02239999999983,-1,HOLD
2025-01-15 01:30:00,63.89400000000023,63.89400000000023,-1,HOLD
2025-01-15 01:35:00,63.9962000000005,63.9962000000005,-1,HOLD
2025-01-15 01:40:00,64.1858000000002,64.1858000000002,-1,HOLD
2025-01-15 01:45:00,64.19999999999982,64.19999999999982,-1,HOLD
2025-01-15 01:50:00,64.13320000000022,64.13320000000022,-1,HOLD
2025-01-15 01:55:00,64.13320000000022,64.13320000000022,-1,HOLD
2025-01-15 02:00:00,64.29340000000047,64.29340000000047,-1,HOLD
2025-01-15 02:05:00,64.42039999999997,64.42039999999997,-1,HOLD
2025-01-15 02:10:00,64.16899999999987,64.16899999999987,-1,HOLD
2025-01-15 02:15:00,64.16280000000006,64.16280000000006,-1,HOLD
2025-01-15 02:20:00,64.09400000000005,64.09400000000005,-1,HOLD
2025-01-15 02:25:00,64.40279999999984,64.40279999999984,-1,HOLD
2025-01-15 02:30:00,64.39320000000043,64.39320000000043,-1,HOLD
2025-01-15 02:35:00,64.45340000000033,64.45340000000033,-1,HOLD
2025-01-15 02:40:00,64.44440000000031,64.44440000000031,-1,HOLD
2025-01-15 02:45:00,64.50380000000041,64.50380000000041,-1,HOLD
2025-01-15 02:50:00,64.51419999999962,64.51419999999962,-1,HOLD
2025-01-15 02:55:00,64.64000000000033,64.64000000000033,-1,HOLD
2025-01-15 03:00:00,64.34519999999975,64.34519999999975,-1,HOLD
2025-01-15 03:05:00,64.39999999999964,64.39999999999964,-1,HOLD
2025-01-15 03:10:00,64.39019999999982,64.39019999999982,-1,HOLD
2025-01-15 03:15:00,64.42960000000039,64.42960000000039,-1,HOLD
2025-01-15 03:20:00,64.35999999999967,64.35999999999967,-1,HOLD
2025-01-15 03:25:00,64.52319999999963,64.52319999999963,-1,HOLD
2025-01-15 03:30:00,64.0,64.0,-1,HOLD
2025-01-15 03:35:00,64.59640000000036,64.59640000000036,-1,HOLD
2025-01-15 03:40:00,64.58160000000044,64.58160000000044,-1,HOLD
2025-01-15 03:45:00,64.58160000000044,64.58160000000044,-1,HOLD
2025-01-15 03:50:00,64.5637999999999,64.5637999999999,-1,HOLD
2025-01-15 03:55:00,64.47500000000036,64.47500000000036,-1,HOLD
2025-01-15 04:00:00,63.98580000000038,63.98580000000038,-1,HOLD
2025-01-15 04:05:00,64.05240000000049,64.05240000000049,-1,HOLD
2025-01-15 04:10:00,64.15700000000015,64.15700000000015,-1,HOLD
2025-01-15 04:15:00,64.32579999999962,64.32579999999962,-1,HOLD
2025-01-15 04:20:00,64.38079999999991,64.38079999999991,-1,HOLD
2025-01-15 04:25:00,64.47500000000036,64.47500000000036,-1,HOLD
2025-01-15 04:30:00,64.34040000000005,64.34040000000005,-1,HOLD
2025-01-15 04:35:00,64.33860000000004,64.33860000000004,-1,HOLD
2025-01-15 04:40:00,64.33860000000004,64.33860000000004,-1,HOLD
2025-01-15 04:45:00,64.33860000000004,64.33860000000004,-1,HOLD
2025-01-15 04:50:00,64.33860000000004,64.33860000000004,-1,HOLD
2025-01-15 04:55:00,64.48040000000037,64.48040000000037,-1,HOLD
2025-01-15 05:00:00,64.53859999999986,64.53859999999986,-1,HOLD
2025-01-15 05:05:00,64.60779999999977,64.60779999999977,-1,HOLD
2025-01-15 05:10:00,64.60779999999977,64.60779999999977,-1,HOLD
2025-01-15 05:15:00,64.54259999999977,64.54259999999977,-1,HOLD
2025-01-15 05:20:00,64.54280000000017,64.54280000000017,-1,HOLD
2025-01-15 05:25:00,64.6214,64.6214,-1,HOLD
2025-01-15 05:30:00,64.52720000000045,64.52720000000045,-1,HOLD
2025-01-15 05:35:00,64.44300000000021,64.44300000000021,-1,HOLD
2025-01-15 05:40:00,64.41700000000037,64.41700000000037,-1,HOLD
2025-01-15 05:45:00,64.28499999999985,64.28499999999985,-1,HOLD
2025-01-15 05:50:00,64.27819999999974,64.27819999999974,-1,HOLD
2025-01-15 05:55:00,64.27819999999974,64.27819999999974,-1,HOLD
2025-01-15 06:00:00,64.26059999999961,64.26059999999961,-1,HOLD
2025-01-15 06:05:00,64.3714,64.3714,-1,HOLD
2025-01-15 06:10:00,64.44120000000021,64.44120000000021,-1,HOLD
2025-01-15 06:15:00,64.48800000000028,64.48800000000028,-1,HOLD
2025-01-15 06:20:00,64.57440000000042,64.57440000000042,-1,HOLD
2025-01-15 06:25:00,64.57440000000042,64.57440000000042,-1,HOLD
2025-01-15 06:30:00,64.62880000000041,64.62880000000041,-1,HOLD
2025-01-15 06:35:00,64.57679999999982,64.57679999999982,-1,HOLD
2025-01-15 06:40:00,64.57399999999961,64.57399999999961,-1,HOLD
2025-01-15 06:45:00,64.61620000000039,64.61620000000039,-1,HOLD
2025-01-15 06:50:00,64.67299999999977,64.67299999999977,-1,HOLD
2025-01-15 06:55:00,64.73300000000017,64.73300000000017,-1,HOLD
2025-01-15 07:00:00,64.62079999999969,64.62079999999969,-1,HOLD
2025-01-15 07:05:00,64.6862000000001,64.6862000000001,-1,HOLD
2025-01-15 07:10:00,64.63780000000042,64.63780000000042,-1,HOLD
2025-01-15 07:15:00,64.63780000000042,64.63780000000042,-1,HOLD
2025-01-15 07:20:00,64.63780000000042,64.63780000000042,-1,HOLD
2025-01-15 07:25:00,64.5645999999997,64.5645999999997,-1,HOLD
2025-01-15 07:30:00,64.64779999999973,64.64779999999973,-1,HOLD
2025-01-15 07:35:00,64.53759999999966,64.53759999999966,-1,HOLD
2025-01-15 07:40:00,64.58380000000034,64.58380000000034,-1,HOLD
2025-01-15 07:45:00,64.59220000000005,64.59220000000005,-1,HOLD
2025-01-15 07:50:00,64.59220000000005,64.59220000000005,-1,HOLD
2025-01-15 07:55:00,64.46219999999994,64.46219999999994,-1,HOLD
2025-01-15 08:00:00,64.4340000000002,64.4340000000002,-1,HOLD
2025-01-15 08:05:00,64.60260000000017,64.60260000000017,-1,HOLD
2025-01-15 08:10:00,64.57759999999962,64.57759999999962,-1,HOLD
2025-01-15 08:15:00,64.51820000000043,64.51820000000043,-1,HOLD
2025-01-15 08:20:00,64.75380000000041,64.75380000000041,-1,HOLD
2025-01-15 08:25:00,64.64980000000014,64.64980000000014,-1,HOLD
2025-01-15 08:30:00,64.6256000000003,64.6256000000003,-1,HOLD
2025-01-15 08:35:00,64.47659999999996,64.47659999999996,-1,HOLD
2025-01-15 08:40:00,64.47299999999996,64.47299999999996,-1,HOLD
2025-01-15 08:45:00,64.61679999999978,64.61679999999978,-1,HOLD
2025-01-15 08:50:00,64.54839999999967,64.54839999999967,-1,HOLD
2025-01-15 08:55:00,64.51059999999961,64.51059999999961,-1,HOLD
2025-01-15 09:00:00,64.59100000000035,64.59100000000035,-1,HOLD
2025-01-15 09:05:00,64.61419999999998,64.61419999999998,-1,HOLD
2025-01-15 09:10:00,64.57440000000042,64.57440000000042,-1,HOLD
2025-01-15 09:15:00,64.42320000000018,64.42320000000018,-1,HOLD
2025-01-15 09:20:00,64.42320000000018,64.42320000000018,-1,HOLD
2025-01-15 09:25:00,64.67439999999988,64.67439999999988,-1,HOLD
2025-01-15 09:30:00,64.7475999999997,64.7475999999997,-1,HOLD
2025-01-15 09:35:00,64.76440000000002,64.76440000000002,-1,HOLD
2025-01-15 09:40:00,64.66840000000047,64.66840000000047,-1,HOLD
2025-01-15 09:45:00,64.7532000000001,64.7532000000001,-1,HOLD
2025-01-15 09:50:00,64.55119999999988,64.55119999999988,-1,HOLD
2025-01-15 09:55:00,64.55119999999988,64.55119999999988,-1,HOLD
2025-01-15 10:00:00,64.62880000000041,64.62880000000041,-1,HOLD
2025-01-15 10:05:00,64.65899999999965,64.65899999999965,-1,HOLD
2025-01-15 10:10:00,64.5002000000004,64.5002000000004,-1,HOLD
2025-01-15 10:15:00,64.48220000000038,64.48220000000038,-1,HOLD
2025-01-15 10:20:00,64.28420000000006,64.28420000000006,-1,HOLD
2025-01-15 10:25:00,64.28420000000006,64.28420000000006,-1,HOLD
2025-01-15 10:30:00,64.30699999999979,64.30699999999979,-1,HOLD
2025-01-15 10:35:00,64.25780000000032,64.25780000000032,-1,HOLD
2025-01-15 10:40:00,64.25780000000032,64.25780000000032,-1,HOLD
2025-01-15 10:45:00,64.25759999999991,64.25759999999991,-1,HOLD
2025-01-15 10:50:00,64.24179999999978,64.24179999999978,-1,HOLD
2025-01-15 10:55:00,64.24179999999978,64.24179999999978,-1,HOLD
2025-01-15 11:00:00,64.24179999999978,64.24179999999978,-1,HOLD
2025-01-15 11:05:00,64.24179999999978,64.24179999999978,-1,HOLD
2025-01-15 11:10:00,64.24179999999978,64.24179999999978,-1,HOLD
2025-01-15 11:15:00,64.24179999999978,64.24179999999978,-1,HOLD
2025-01-15 11:20:00,64.24179999999978,64.24179999999978,-1,HOLD
2025-01-15 11:25:00,64.33860000000004,64.33860000000004,-1,HOLD
2025-01-15 11:30:00,64.33860000000004,64.33860000000004,-1,HOLD
2025-01-15 11:35:00,64.33860000000004,64.33860000000004,-1,HOLD
2025-01-15 11:40:00,64.50380000000041,64.50380000000041,-1,HOLD
2025-01-15 11:45:00,64.35360000000037,64.35360000000037,-1,HOLD
2025-01-15 11:50:00,64.51620000000003,64.51620000000003,-1,HOLD
2025-01-15 11:55:00,64.60000000000036,64.60000000000036,-1,HOLD
2025-01-15 12:00:00,64.74579999999969,64.74579999999969,-1,HOLD
2025-01-15 12:05:00,64.625,64.625,-1,HOLD
2025-01-15 12:10:00,64.48679999999968,64.48679999999968,-1,HOLD
2025-01-15 12:15:00,64.55420000000049,64.55420000000049,-1,HOLD
2025-01-15 12:20:00,64.53579999999965,64.53579999999965,-1,HOLD
2025-01-15 12:25:00,64.53579999999965,64.53579999999965,-1,HOLD
2025-01-15 12:30:00,64.53579999999965,64.53579999999965,-1,HOLD
2025-01-15 12:35:00,64.53579999999965,64.53579999999965,-1,HOLD
2025-01-15 12:40:00,64.53579999999965,64.53579999999965,-1,HOLD
2025-01-15 12:45:00,64.4989999999998,64.4989999999998,-1,HOLD
2025-01-15 12:50:00,64.4362000000001,64.4362000000001,-1,HOLD
2025-01-15 12:55:00,64.47699999999986,64.47699999999986,-1,HOLD
2025-01-15 13:00:00,64.50939999999991,64.50939999999991,-1,HOLD
2025-01-15 13:05:00,64.38020000000051,64.38020000000051,-1,HOLD
2025-01-15 13:10:00,64.35999999999967,64.35999999999967,-1,HOLD
2025-01-15 13:15:00,64.42280000000028,64.42280000000028,-1,HOLD
2025-01-15 13:20:00,64.51379999999972,64.51379999999972,-1,HOLD
2025-01-15 13:25:00,64.52580000000034,64.52580000000034,-1,HOLD
2025-01-15 13:30:00,64.59699999999975,64.59699999999975,-1,HOLD
2025-01-15 13:35:00,64.59600000000046,64.59600000000046,-1,HOLD
2025-01-15 13:40:00,64.58219999999983,64.58219999999983,-1,HOLD
2025-01-15 13:45:00,64.69000000000051,64.69000000000051,-1,HOLD
2025-01-15 13:50:00,64.47500000000036,64.47500000000036,-1,HOLD
2025-01-15 13:55:00,64.49020000000019,64.49020000000019,-1,HOLD
2025-01-15 14:00:00,64.49020000000019,64.49020000000019,-1,HOLD
2025-01-15 14:05:00,64.49020000000019,64.49020000000019,-1,HOLD
2025-01-15 14:10:00,64.4340000000002,64.4340000000002,-1,HOLD
2025-01-15 14:15:00,64.41899999999987,64.41899999999987,-1,HOLD
2025-01-15 14:20:00,64.40560000000005,64.40560000000005,-1,HOLD
2025-01-15 14:25:00,64.29740000000038,64.29740000000038,-1,HOLD
2025-01-15 14:30:00,64.36599999999999,64.36599999999999,-1,HOLD
2025-01-15 14:35:00,64.29299999999967,64.29299999999967,-1,HOLD
2025-01-15 14:40:00,64.3680000000004,64.3680000000004,-1,HOLD
2025-01-15 14:45:00,64.51419999999962,64.51419999999962,-1,HOLD
2025-01-15 14:50:00,64.59780000000046,64.59780000000046,-1,HOLD
2025-01-15 14:55:00,64.59780000000046,64.59780000000046,-1,HOLD
2025-01-15 15:00:00,64.59780000000046,64.59780000000046,-1,HOLD
2025-01-15 15:05:00,64.59780000000046,64.59780000000046,-1,HOLD
2025-01-15 15:10:00,64.62880000000041,64.62880000000041,-1,HOLD
2025-01-15 15:15:00,64.77779999999984,64.77779999999984,-1,HOLD
2025-01-15 15:20:00,64.95020000000022,64.95020000000022,-1,HOLD
2025-01-15 15:25:00,64.95020000000022,64.95020000000022,-1,HOLD
2025-01-15 15:30:00,64.73379999999997,64.73379999999997,-1,HOLD
2025-01-15 15:35:00,64.63100000000031,64.63100000000031,-1,HOLD
2025-01-15 15:40:00,64.73779999999988,64.73779999999988,-1,HOLD
2025-01-15 15:45:00,64.73779999999988,64.73779999999988,-1,HOLD
2025-01-15 15:50:00,64.62880000000041,64.62880000000041,-1,HOLD
2025-01-15 15:55:00,64.65340000000015,64.65340000000015,-1,HOLD
2025-01-15 16:00:00,64.65340000000015,64.65340000000015,-1,HOLD
2025-01-15 16:05:00,64.65340000000015,64.65340000000015,-1,HOLD
2025-01-15 16:10:00,64.65340000000015,64.65340000000015,-1,HOLD
2025-01-15 16:15:00,64.50380000000041,64.50380000000041,-1,HOLD
2025-01-15 16:20:00,64.50380000000041,64.50380000000041,-1,HOLD
2025-01-15 16:25:00,64.84360000000015,64.84360000000015,-1,HOLD
2025-01-15 16:30:00,64.84360000000015,64.84360000000015,-1,HOLD
2025-01-15 16:35:00,64.84960000000046,64.84960000000046,-1,HOLD
2025-01-15 16:40:00,64.84960000000046,64.84960000000046,-1,HOLD
2025-01-15 16:45:00,64.74579999999969,64.74579999999969,-1,HOLD
2025-01-15 16:50:00,64.60840000000007,64.60840000000007,-1,HOLD
2025-01-15 16:55:00,64.60840000000007,64.60840000000007,-1,HOLD
2025-01-15 17:00:00,64.60840000000007,64.60840000000007,-1,HOLD
2025-01-15 17:05:00,64.60840000000007,64.60840000000007,-1,HOLD
2025-01-15 17:10:00,64.63439999999991,64.63439999999991,-1,HOLD
2025-01-15 17:15:00,64.73080000000027,64.73080000000027,-1,HOLD
2025-01-15 17:20:00,64.73080000000027,64.73080000000027,-1,HOLD
2025-01-15 17:25:00,64.48559999999998,64.48559999999998,-1,HOLD
2025-01-15 17:30:00,64.44639999999981,64.44639999999981,-1,HOLD
2025-01-15 17:35:00,64.34659999999985,64.34659999999985,-1,HOLD
2025-01-15 17:40:00,64.34780000000046,64.34780000000046,-1,HOLD
2025-01-15 17:45:00,64.1869999999999,64.1869999999999,-1,HOLD
2025-01-15 17:50:00,63.98199999999997,63.98199999999997,-1,HOLD
2025-01-15 17:55:00,63.98700000000008,63.98700000000008,-1,HOLD
2025-01-15 18:00:00,63.98700000000008,63.98700000000008,-1,HOLD
2025-01-15 18:05:00,63.98700000000008,63.98700000000008,-1,HOLD
2025-01-15 18:10:00,64.22140000000036,64.22140000000036,-1,HOLD
2025-01-15 18:15:00,64.22140000000036,64.22140000000036,-1,HOLD
2025-01-15 18:20:00,64.23980000000029,64.23980000000029,-1,HOLD
2025-01-15 18:25:00,64.27360000000044,64.27360000000044,-1,HOLD
2025-01-15 18:30:00,64.29979999999978,64.29979999999978,-1,HOLD
2025-01-15 18:35:00,64.29259999999977,64.29259999999977,-1,HOLD
2025-01-15 18:40:00,64.20740000000023,64.20740000000023,-1,HOLD
2025-01-15 18:45:00,64.20740000000023,64.20740000000023,-1,HOLD
2025-01-15 18:50:00,64.23379999999997,64.23379999999997,-1,HOLD
2025-01-15 18:55:00,64.23379999999997,64.23379999999997,-1,HOLD
2025-01-15 19:00:00,64.10620000000017,64.10620000000017,-1,HOLD
2025-01-15 19:05:00,63.98700000000008,63.98700000000008,-1,HOLD
2025-01-15 19:10:00,63.98900000000049,63.98900000000049,-1,HOLD
2025-01-15 19:15:00,63.98700000000008,63.98700000000008,-1,HOLD
2025-01-15 19:20:00,63.98700000000008,63.98700000000008,-1,HOLD
2025-01-15 19:25:00,63.98700000000008,63.98700000000008,-1,HOLD
2025-01-15 19:30:00,63.98700000000008,63.98700000000008,-1,HOLD
2025-01-15 19:35:00,64.39199999999983,64.39199999999983,-1,HOLD
2025-01-15 19:40:00,64.39199999999983,64.39199999999983,-1,HOLD
2025-01-15 19:45:00,64.39199999999983,64.39199999999983,-1,HOLD
2025-01-15 19:50:00,64.15120000000024,64.15120000000024,-1,HOLD
2025-01-15 19:55:00,64.02520000000004,64.02520000000004,-1,HOLD
2025-01-15 20:00:00,64.02520000000004,64.02520000000004,-1,HOLD
2025-01-15 20:05:00,64.04619999999977,64.04619999999977,-1,HOLD
2025-01-15 20:10:00,63.98700000000008,63.98700000000008,-1,HOLD
2025-01-15 20:15:00,63.98700000000008,63.98700000000008,-1,HOLD
2025-01-15 20:20:00,63.98700000000008,63.98700000000008,-1,HOLD
2025-01-15 20:25:00,63.98700000000008,63.98700000000008,-1,HOLD
2025-01-15 20:30:00,63.98700000000008,63.98700000000008,-1,HOLD
2025-01-15 20:35:00,63.98700000000008,63.98700000000008,-1,HOLD
2025-01-15 20:40:00,63.98700000000008,63.98700000000008,-1,HOLD
2025-01-15 20:45:00,64.02940000000035,64.02940000000035,-1,HOLD
2025-01-15 20:50:00,64.02940000000035,64.02940000000035,-1,HOLD
2025-01-15 20:55:00,64.23900000000049,64.23900000000049,-1,HOLD
2025-01-15 21:00:00,64.05619999999999,64.05619999999999,-1,HOLD
2025-01-15 21:05:00,64.23819999999978,64.23819999999978,-1,HOLD
2025-01-15 21:10:00,64.23819999999978,64.23819999999978,-1,HOLD
2025-01-15 21:15:00,64.23959999999988,64.23959999999988,-1,HOLD
2025-01-15 21:20:00,64.23959999999988,64.23959999999988,-1,HOLD
2025-01-15 21:25:00,64.35320000000047,64.35320000000047,-1,HOLD
2025-01-15 21:30:00,65.17399999999998,65.17399999999998,-1,HOLD
2025-01-15 21:35:00,65.3136000000004,65.3136000000004,-1,HOLD
2025-01-15 21:40:00,65.19580000000042,65.19580000000042,-1,HOLD
2025-01-15 21:45:00,65.51400000000012,65.51400000000012,-1,HOLD
2025-01-15 21:50:00,65.59320000000025,65.59320000000025,-1,HOLD
2025-01-15 21:55:00,65.81540000000041,65.81540000000041,-1,HOLD
2025-01-15 22:00:00,66.0677999999998,66.0677999999998,-1,HOLD
2025-01-15 22:05:00,66.04320000000007,66.04320000000007,-1,HOLD
2025-01-15 22:10:00,65.68080000000009,65.68080000000009,-1,HOLD
2025-01-15 22:15:00,65.74459999999999,65.74459999999999,-1,HOLD
2025-01-15 22:20:00,65.8100000000004,65.8100000000004,-1,HOLD
2025-01-15 22:25:00,65.76199999999972,65.76199999999972,-1,HOLD
2025-01-15 22:30:00,65.89980000000014,65.89980000000014,-1,HOLD
2025-01-15 22:35:00,65.84500000000025,65.84500000000025,-1,HOLD
2025-01-15 22:40:00,65.85639999999967,65.85639999999967,-1,HOLD
2025-01-15 22:45:00,66.04740000000038,66.04740000000038,-1,HOLD
2025-01-15 22:50:00,66.10840000000007,66.10840000000007,-1,HOLD
2025-01-15 22:55:00,66.53359999999975,66.53359999999975,-1,HOLD
2025-01-15 23:00:00,66.6271999999999,66.6271999999999,-1,HOLD
2025-01-15 23:05:00,66.71759999999995,66.71759999999995,-1,HOLD
2025-01-15 23:10:00,66.75799999999981,66.75799999999981,-1,HOLD
2025-01-15 23:15:00,66.83860000000004,66.83860000000004,-1,HOLD
2025-01-15 23:20:00,66.71560000000045,66.71560000000045,-1,HOLD
2025-01-15 23:25:00,67.01280000000042,67.01280000000042,-1,HOLD
2025-01-15 23:30:00,66.90440000000035,66.90440000000035,-1,HOLD
2025-01-15 23:35:00,66.96140000000014,66.96140000000014,-1,HOLD
2025-01-15 23:40:00,66.8735999999999,66.8735999999999,-1,HOLD
2025-01-15 23:45:00,66.8735999999999,66.8735999999999,-1,HOLD
2025-01-15 23:50:00,66.73260000000028,66.73260000000028,-1,HOLD
2025-01-15 23:55:00,66.67079999999987,66.67079999999987,-1,HOLD
2025-01-16 00:00:00,66.8735999999999,66.8735999999999,-1,HOLD
2025-01-16 00:05:00,66.8706000000002,66.8706000000002,-1,HOLD
2025-01-16 00:10:00,67.08539999999994,67.08539999999994,-1,HOLD
2025-01-16 00:15:00,67.02739999999994,67.02739999999994,-1,HOLD
2025-01-16 00:20:00,67.14779999999973,67.14779999999973,-1,HOLD
2025-01-16 00:25:00,67.24020000000019,67.24020000000019,-1,HOLD
2025-01-16 00:30:00,66.89900000000034,66.89900000000034,-1,HOLD
2025-01-16 00:35:00,66.94740000000002,66.94740000000002,-1,HOLD
2025-01-16 00:40:00,66.98459999999977,66.98459999999977,-1,HOLD
2025-01-16 00:45:00,66.88000000000011,66.88000000000011,-1,HOLD
2025-01-16 00:50:00,66.86099999999988,66.86099999999988,-1,HOLD
2025-01-16 00:55:00,66.76080000000002,66.76080000000002,-1,HOLD
2025-01-16 01:00:00,66.86700000000019,66.86700000000019,-1,HOLD
2025-01-16 01:05:00,66.77120000000014,66.77120000000014,-1,HOLD
2025-01-16 01:10:00,66.92339999999967,66.92339999999967,-1,HOLD
2025-01-16 01:15:00,66.84659999999985,66.84659999999985,-1,HOLD
2025-01-16 01:20:00,66.90120000000024,66.90120000000024,-1,HOLD
2025-01-16 01:25:00,67.02720000000045,67.02720000000045,-1,HOLD
2025-01-16 01:30:00,67.08820000000014,67.08820000000014,-1,HOLD
2025-01-16 01:35:00,67.06959999999981,67.06959999999981,-1,HOLD
2025-01-16 01:40:00,67.02739999999994,67.02739999999994,-1,HOLD
2025-01-16 01:45:00,66.96579999999994,66.96579999999994,-1,HOLD
2025-01-16 01:50:00,66.57859999999982,66.57859999999982,-1,HOLD
2025-01-16 01:55:00,66.56500000000051,66.56500000000051,-1,HOLD
2025-01-16 02:00:00,66.67140000000018,66.67140000000018,-1,HOLD
2025-01-16 02:05:00,66.67259999999987,66.67259999999987,-1,HOLD
2025-01-16 02:10:00,66.76379999999972,66.76379999999972,-1,HOLD
2025-01-16 02:15:00,66.90040000000045,66.90040000000045,-1,HOLD
2025-01-16 02:20:00,66.92280000000028,66.92280000000028,-1,HOLD
2025-01-16 02:25:00,66.95840000000044,66.95840000000044,-1,HOLD
2025-01-16 02:30:00,67.01620000000003,67.01620000000003,-1,HOLD
2025-01-16 02:35:00,67.01919999999973,67.01919999999973,-1,HOLD
2025-01-16 02:40:00,67.13439999999991,67.13439999999991,-1,HOLD
2025-01-16 02:45:00,67.23220000000038,67.23220000000038,-1,HOLD
2025-01-16 02:50:00,67.38580000000002,67.38580000000002,-1,HOLD
2025-01-16 02:55:00,67.4350000000004,67.4350000000004,-1,HOLD
2025-01-16 03:00:00,67.45979999999963,67.45979999999963,-1,HOLD
2025-01-16 03:05:00,67.51059999999961,67.51059999999961,-1,HOLD
2025-01-16 03:10:00,67.5644000000002,67.5644000000002,-1,HOLD
2025-01-16 03:15:00,67.58560000000034,67.58560000000034,-1,HOLD
2025-01-16 03:20:00,67.59979999999996,67.59979999999996,-1,HOLD
2025-01-16 03:25:00,67.85059999999976,67.85059999999976,-1,HOLD
2025-01-16 03:30:00,68.07980000000043,68.07980000000043,-1,HOLD
2025-01-16 03:35:00,68.27999999999975,68.27999999999975,-1,HOLD
2025-01-16 03:40:00,68.22080000000005,68.22080000000005,-1,HOLD
2025-01-16 03:45:00,68.67479999999978,68.67479999999978,-1,HOLD
2025-01-16 03:50:00,68.85739999999987,68.85739999999987,-1,HOLD
2025-01-16 03:55:00,68.81999999999971,68.81999999999971,-1,HOLD
2025-01-16 04:00:00,68.84019999999964,68.84019999999964,-1,HOLD
2025-01-16 04:05:00,69.02279999999973,69.02279999999973,-1,HOLD
2025-01-16 04:10:00,69.13739999999962,69.13739999999962,-1,HOLD
2025-01-16 04:15:00,69.36319999999978,69.36319999999978,-1,HOLD
2025-01-16 04:20:00,69.30379999999968,69.30379999999968,-1,HOLD
2025-01-16 04:25:00,69.01640000000043,69.01640000000043,-1,HOLD
2025-01-16 04:30:00,69.17060000000038,69.17060000000038,-1,HOLD
2025-01-16 04:35:00,68.9382000000005,68.9382000000005,-1,HOLD
2025-01-16 04:40:00,68.80439999999999,68.80439999999999,-1,HOLD
2025-01-16 04:45:00,68.78840000000037,68.78840000000037,-1,HOLD
2025-01-16 04:50:00,68.79820000000018,68.79820000000018,-1,HOLD
2025-01-16 04:55:00,68.79820000000018,68.79820000000018,-1,HOLD
2025-01-16 05:00:00,68.70499999999993,68.70499999999993,-1,HOLD
2025-01-16 05:05:00,68.63379999999961,68.63379999999961,-1,HOLD
2025-01-16 05:10:00,68.73220000000038,68.73220000000038,-1,HOLD
2025-01-16 05:15:00,68.8136000000004,68.8136000000004,-1,HOLD
2025-01-16 05:20:00,68.75820000000022,68.75820000000022,-1,HOLD
2025-01-16 05:25:00,68.8119999999999,68.8119999999999,-1,HOLD
2025-01-16 05:30:00,68.8060000000005,68.8060000000005,-1,HOLD
2025-01-16 05:35:00,68.76059999999961,68.76059999999961,-1,HOLD
2025-01-16 05:40:00,68.67280000000028,68.67280000000028,-1,HOLD
2025-01-16 05:45:00,68.57179999999971,68.57179999999971,-1,HOLD
2025-01-16 05:50:00,68.70060000000012,68.70060000000012,-1,HOLD
2025-01-16 05:55:00,68.64019999999982,68.64019999999982,-1,HOLD
2025-01-16 06:00:00,68.6873999999998,68.6873999999998,-1,HOLD
2025-01-16 06:05:00,68.71759999999995,68.71759999999995,-1,HOLD
2025-01-16 06:10:00,68.51659999999993,68.51659999999993,-1,HOLD
2025-01-16 06:15:00,68.53279999999995,68.53279999999995,-1,HOLD
2025-01-16 06:20:00,68.4369999999999,68.4369999999999,-1,HOLD
2025-01-16 06:25:00,68.45100000000002,68.45100000000002,-1,HOLD
2025-01-16 06:30:00,68.54960000000028,68.54960000000028,-1,HOLD
2025-01-16 06:35:00,68.53260000000046,68.53260000000046,-1,HOLD
2025-01-16 06:40:00,68.58920000000035,68.58920000000035,-1,HOLD
2025-01-16 06:45:00,68.58920000000035,68.58920000000035,-1,HOLD
2025-01-16 06:50:00,68.59100000000035,68.59100000000035,-1,HOLD
2025-01-16 06:55:00,68.56720000000041,68.56720000000041,-1,HOLD
2025-01-16 07:00:00,68.5648000000001,68.5648000000001,-1,HOLD
2025-01-16 07:05:00,68.50780000000032,68.50780000000032,-1,HOLD
2025-01-16 07:10:00,68.51100000000042,68.51100000000042,-1,HOLD
2025-01-16 07:15:00,68.50460000000021,68.50460000000021,-1,HOLD
2025-01-16 07:20:00,68.52180000000044,68.52180000000044,-1,HOLD
2025-01-16 07:25:00,68.73580000000038,68.73580000000038,-1,HOLD
2025-01-16 07:30:00,68.63400000000001,68.63400000000001,-1,HOLD
2025-01-16 07:35:00,68.85999999999967,68.85999999999967,-1,HOLD
2025-01-16 07:40:00,68.8782000000001,68.8782000000001,-1,HOLD
2025-01-16 07:45:00,68.77559999999994,68.77559999999994,-1,HOLD
2025-01-16 07:50:00,68.92860000000019,68.92860000000019,-1,HOLD
2025-01-16 07:55:00,69.03960000000006,69.03960000000006,-1,HOLD
2025-01-16 08:00:00,68.84680000000026,68.84680000000026,-1,HOLD
2025-01-16 08:05:00,68.84000000000015,68.84000000000015,-1,HOLD
2025-01-16 08:10:00,68.76260000000002,68.76260000000002,-1,HOLD
2025-01-16 08:15:00,68.59220000000005,68.59220000000005,-1,HOLD
2025-01-16 08:20:00,68.63559999999961,68.63559999999961,-1,HOLD
2025-01-16 08:25:00,68.48279999999977,68.48279999999977,-1,HOLD
2025-01-16 08:30:00,68.29680000000008,68.29680000000008,-1,HOLD
2025-01-16 08:35:00,67.84580000000005,67.84580000000005,-1,HOLD
2025-01-16 08:40:00,67.79920000000038,67.79920000000038,-1,HOLD
2025-01-16 08:45:00,68.09060000000045,68.09060000000045,-1,HOLD
2025-01-16 08:50:00,68.09780000000046,68.09780000000046,-1,HOLD
2025-01-16 08:55:00,68.01879999999983,68.01879999999983,-1,HOLD
2025-01-16 09:00:00,68.15220000000045,68.15220000000045,-1,HOLD
2025-01-16 09:05:00,68.21960000000036,68.21960000000036,-1,HOLD
2025-01-16 09:10:00,68.22479999999996,68.22479999999996,-1,HOLD
2025-01-16 09:15:00,68.0572000000002,68.0572000000002,-1,HOLD
2025-01-16 09:20:00,67.96320000000014,67.96320000000014,-1,HOLD
2025-01-16 09:25:00,68.06840000000011,68.06840000000011,-1,HOLD
2025-01-16 09:30:00,68.03120000000035,68.03120000000035,-1,HOLD
2025-01-16 09:35:00,68.13000000000011,68.13000000000011,-1,HOLD
2025-01-16 09:40:00,68.0032000000001,68.0032000000001,-1,HOLD
2025-01-16 09:45:00,68.14320000000043,68.14320000000043,-1,HOLD
2025-01-16 09:50:00,68.1212000000005,68.1212000000005,-1,HOLD
2025-01-16 09:55:00,68.05240000000049,68.05240000000049,-1,HOLD
2025-01-16 10:00:00,67.98520000000008,67.98520000000008,-1,HOLD
2025-01-16 10:05:00,67.98720000000048,67.98720000000048,-1,HOLD
2025-01-16 10:10:00,67.98720000000048,67.98720000000048,-1,HOLD
2025-01-16 10:15:00,67.91899999999987,67.91899999999987,-1,HOLD
2025-01-16 10:20:00,67.91539999999986,67.91539999999986,-1,HOLD
2025-01-16 10:25:00,67.84439999999995,67.84439999999995,-1,HOLD
2025-01-16 10:30:00,67.95480000000043,67.95480000000043,-1,HOLD
2025-01-16 10:35:00,67.80000000000018,67.80000000000018,-1,HOLD
2025-01-16 10:40:00,67.89800000000014,67.89800000000014,-1,HOLD
2025-01-16 10:45:00,67.76080000000002,67.76080000000002,-1,HOLD
2025-01-16 10:50:00,67.74499999999989,67.74499999999989,-1,HOLD
2025-01-16 10:55:00,67.67519999999968,67.67519999999968,-1,HOLD
2025-01-16 11:00:00,67.65139999999974,67.65139999999974,-1,HOLD
2025-01-16 11:05:00,67.60000000000036,67.60000000000036,-1,HOLD
2025-01-16 11:10:00,67.66600000000017,67.66600000000017,-1,HOLD
2025-01-16 11:15:00,67.3775999999998,67.3775999999998,-1,HOLD
2025-01-16 11:20:00,67.32399999999961,67.32399999999961,-1,HOLD
2025-01-16 11:25:00,67.23000000000047,67.23000000000047,-1,HOLD
2025-01-16 11:30:00,67.04240000000027,67.04240000000027,-1,HOLD
2025-01-16 11:35:00,67.16079999999965,67.16079999999965,-1,HOLD
2025-01-16 11:40:00,67.32219999999961,67.32219999999961,-1,HOLD
2025-01-16 11:45:00,67.30799999999999,67.30799999999999,-1,HOLD
2025-01-16 11:50:00,67.19999999999982,67.19999999999982,-1,HOLD
2025-01-16 11:55:00,67.29600000000028,67.29600000000028,-1,HOLD
2025-01-16 12:00:00,67.35159999999996,67.35159999999996,-1,HOLD
2025-01-16 12:05:00,67.3132000000005,67.3132000000005,-1,HOLD
2025-01-16 12:10:00,67.4980000000005,67.4980000000005,-1,HOLD
2025-01-16 12:15:00,67.3793999999998,67.3793999999998,-1,HOLD
2025-01-16 12:20:00,67.35999999999967,67.35999999999967,-1,HOLD
2025-01-16 12:25:00,67.35879999999997,67.35879999999997,-1,HOLD
2025-01-16 12:30:00,67.3132000000005,67.3132000000005,-1,HOLD
2025-01-16 12:35:00,67.4431999999997,67.4431999999997,-1,HOLD
2025-01-16 12:40:00,67.50820000000022,67.50820000000022,-1,HOLD
2025-01-16 12:45:00,67.3742000000002,67.3742000000002,-1,HOLD
2025-01-16 12:50:00,67.41979999999967,67.41979999999967,-1,HOLD
2025-01-16 12:55:00,67.43159999999989,67.43159999999989,-1,HOLD
2025-01-16 13:00:00,67.41039999999975,67.41039999999975,-1,HOLD
2025-01-16 13:05:00,67.42299999999977,67.42299999999977,-1,HOLD
2025-01-16 13:10:00,67.42299999999977,67.42299999999977,-1,HOLD
2025-01-16 13:15:00,67.41039999999975,67.41039999999975,-1,HOLD
2025-01-16 13:20:00,67.48059999999987,67.48059999999987,-1,HOLD
2025-01-16 13:25:00,67.48059999999987,67.48059999999987,-1,HOLD
2025-01-16 13:30:00,67.48239999999987,67.48239999999987,-1,HOLD
2025-01-16 13:35:00,67.35320000000047,67.35320000000047,-1,HOLD
2025-01-16 13:40:00,67.38919999999962,67.38919999999962,-1,HOLD
2025-01-16 13:45:00,67.38919999999962,67.38919999999962,-1,HOLD
2025-01-16 13:50:00,67.42000000000007,67.42000000000007,-1,HOLD
2025-01-16 13:55:00,67.3725999999997,67.3725999999997,-1,HOLD
2025-01-16 14:00:00,67.35000000000036,67.35000000000036,-1,HOLD
2025-01-16 14:05:00,67.42519999999968,67.42519999999968,-1,HOLD
2025-01-16 14:10:00,67.38820000000032,67.38820000000032,-1,HOLD
2025-01-16 14:15:00,67.40059999999994,67.40059999999994,-1,HOLD
2025-01-16 14:20:00,67.40880000000016,67.40880000000016,-1,HOLD
2025-01-16 14:25:00,67.57459999999992,67.57459999999992,-1,HOLD
2025-01-16 14:30:00,67.56680000000051,67.56680000000051,-1,HOLD
2025-01-16 14:35:00,67.61359999999968,67.61359999999968,-1,HOLD
2025-01-16 14:40:00,67.63420000000042,67.63420000000042,-1,HOLD
2025-01-16 14:45:00,67.53899999999976,67.53899999999976,-1,HOLD
2025-01-16 14:50:00,67.6176000000005,67.6176000000005,-1,HOLD
2025-01-16 14:55:00,67.57700000000023,67.57700000000023,-1,HOLD
2025-01-16 15:00:00,67.65679999999975,67.65679999999975,-1,HOLD
2025-01-16 15:05:00,67.61899999999969,67.61899999999969,-1,HOLD
2025-01-16 15:10:00,67.72580000000016,67.72580000000016,-1,HOLD
2025-01-16 15:15:00,67.65419999999995,67.65419999999995,-1,HOLD
2025-01-16 15:20:00,67.65380000000005,67.65380000000005,-1,HOLD
2025-01-16 15:25:00,67.65380000000005,67.65380000000005,-1,HOLD
2025-01-16 15:30:00,67.64739999999983,67.64739999999983,-1,HOLD
2025-01-16 15:35:00,67.66200000000026,67.66200000000026,-1,HOLD
2025-01-16 15:40:00,67.61899999999969,67.61899999999969,-1,HOLD
2025-01-16 15:45:00,67.61899999999969,67.61899999999969,-1,HOLD
2025-01-16 15:50:00,67.61899999999969,67.61899999999969,-1,HOLD
2025-01-16 15:55:00,67.61899999999969,67.61899999999969,-1,HOLD
2025-01-16 16:00:00,67.61899999999969,67.61899999999969,-1,HOLD
2025-01-16 16:05:00,67.6256000000003,67.6256000000003,-1,HOLD
2025-01-16 16:10:00,67.57139999999981,67.57139999999981,-1,HOLD
2025-01-16 16:15:00,67.36419999999998,67.36419999999998,-1,HOLD
2025-01-16 16:20:00,67.1228000000001,67.1228000000001,-1,HOLD
2025-01-16 16:25:00,67.22379999999976,67.22379999999976,-1,HOLD
2025-01-16 16:30:00,67.14540000000034,67.14540000000034,-1,HOLD
2025-01-16 16:35:00,67.03800000000047,67.03800000000047,-1,HOLD
2025-01-16 16:40:00,66.67740000000049,66.67740000000049,-1,HOLD
2025-01-16 16:45:00,66.27480000000014,66.27480000000014,-1,HOLD
2025-01-16 16:50:00,66.32520000000022,66.32520000000022,-1,HOLD
2025-01-16 16:55:00,66.42380000000048,66.42380000000048,-1,HOLD
2025-01-16 17:00:00,66.34760000000006,66.34760000000006,-1,HOLD
2025-01-16 17:05:00,66.21360000000004,66.21360000000004,-1,HOLD
2025-01-16 17:10:00,66.21360000000004,66.21360000000004,-1,HOLD
2025-01-16 17:15:00,66.23760000000038,66.23760000000038,-1,HOLD
2025-01-16 17:20:00,66.1248000000005,66.1248000000005,-1,HOLD
2025-01-16 17:25:00,66.12920000000031,66.12920000000031,-1,HOLD
2025-01-16 17:30:00,66.05199999999968,66.05199999999968,-1,HOLD
2025-01-16 17:35:00,66.3100000000004,66.3100000000004,-1,HOLD
2025-01-16 17:40:00,66.35519999999997,66.35519999999997,-1,HOLD
2025-01-16 17:45:00,66.61480000000029,66.61480000000029,-1,HOLD
2025-01-16 17:50:00,66.71399999999994,66.71399999999994,-1,HOLD
2025-01-16 17:55:00,66.71399999999994,66.71399999999994,-1,HOLD
2025-01-16 18:00:00,66.71399999999994,66.71399999999994,-1,HOLD
2025-01-16 18:05:00,66.65679999999975,66.65679999999975,-1,HOLD
2025-01-16 18:10:00,66.75460000000021,66.75460000000021,-1,HOLD
2025-01-16 18:15:00,66.75460000000021,66.75460000000021,-1,HOLD
2025-01-16 18:20:00,66.75460000000021,66.75460000000021,-1,HOLD
2025-01-16 18:25:00,66.73980000000029,66.73980000000029,-1,HOLD
2025-01-16 18:30:00,66.73980000000029,66.73980000000029,-1,HOLD
2025-01-16 18:35:00,66.84320000000025,66.84320000000025,-1,HOLD
2025-01-16 18:40:00,66.73999999999978,66.73999999999978,-1,HOLD
2025-01-16 18:45:00,66.65700000000015,66.65700000000015,-1,HOLD
2025-01-16 18:50:00,66.67680000000018,66.67680000000018,-1,HOLD
2025-01-16 18:55:00,66.67579999999998,66.67579999999998,-1,HOLD
2025-01-16 19:00:00,66.63100000000031,66.63100000000031,-1,HOLD
2025-01-16 19:05:00,66.61679999999978,66.61679999999978,-1,HOLD
2025-01-16 19:10:00,66.8761999999997,66.8761999999997,-1,HOLD
2025-01-16 19:15:00,66.54600000000028,66.54600000000028,-1,HOLD
2025-01-16 19:20:00,66.7511999999997,66.7511999999997,-1,HOLD
2025-01-16 19:25:00,66.74219999999968,66.74219999999968,-1,HOLD
2025-01-16 19:30:00,66.89080000000013,66.89080000000013,-1,HOLD
2025-01-16 19:35:00,66.69880000000012,66.69880000000012,-1,HOLD
2025-01-16 19:40:00,66.90700000000015,66.90700000000015,-1,HOLD
2025-01-16 19:45:00,66.79780000000028,66.79780000000028,-1,HOLD
2025-01-16 19:50:00,67.01379999999972,67.01379999999972,-1,HOLD
2025-01-16 19:55:00,67.01900000000023,67.01900000000023,-1,HOLD
2025-01-16 20:00:00,66.96839999999975,66.96839999999975,-1,HOLD
2025-01-16 20:05:00,66.96280000000024,66.96280000000024,-1,HOLD
2025-01-16 20:10:00,67.08780000000024,67.08780000000024,-1,HOLD
2025-01-16 20:15:00,67.14819999999963,67.14819999999963,-1,HOLD
2025-01-16 20:20:00,67.2444000000005,67.2444000000005,-1,HOLD
2025-01-16 20:25:00,67.2444000000005,67.2444000000005,-1,HOLD
2025-01-16 20:30:00,67.0645999999997,67.0645999999997,-1,HOLD
2025-01-16 20:35:00,67.0645999999997,67.0645999999997,-1,HOLD
2025-01-16 20:40:00,67.03080000000045,67.03080000000045,-1,HOLD
2025-01-16 20:45:00,67.15580000000045,67.15580000000045,-1,HOLD
2025-01-16 20:50:00,67.20840000000044,67.20840000000044,-1,HOLD
2025-01-16 20:55:00,67.20840000000044,67.20840000000044,-1,HOLD
2025-01-16 21:00:00,67.0,67.0,-1,HOLD
2025-01-16 21:05:00,66.76040000000012,66.76040000000012,-1,HOLD
2025-01-16 21:10:00,66.7460000000001,66.7460000000001,-1,HOLD
2025-01-16 21:15:00,66.72479999999996,66.72479999999996,-1,HOLD
2025-01-16 21:20:00,66.69440000000031,66.69440000000031,-1,HOLD
2025-01-16 21:25:00,66.27220000000034,66.27220000000034,-1,HOLD
2025-01-16 21:30:00,66.69999999999982,66.69999999999982,-1,HOLD
2025-01-16 21:35:00,66.57999999999993,66.57999999999993,-1,HOLD
2025-01-16 21:40:00,66.75420000000031,66.75420000000031,-1,HOLD
2025-01-16 21:45:00,66.74359999999979,66.74359999999979,-1,HOLD
2025-01-16 21:50:00,66.69959999999992,66.69959999999992,-1,HOLD
2025-01-16 21:55:00,66.71060000000034,66.71060000000034,-1,HOLD
2025-01-16 22:00:00,66.50420000000031,66.50420000000031,-1,HOLD
2025-01-16 22:05:00,66.36020000000008,66.36020000000008,-1,HOLD
2025-01-16 22:10:00,66.59580000000005,66.59580000000005,-1,HOLD
2025-01-16 22:15:00,66.67799999999988,66.67799999999988,-1,HOLD
2025-01-16 22:20:00,66.60940000000028,66.60940000000028,-1,HOLD
2025-01-16 22:25:00,66.84320000000025,66.84320000000025,-1,HOLD
2025-01-16 22:30:00,66.52260000000024,66.52260000000024,-1,HOLD
2025-01-16 22:35:00,66.45560000000023,66.45560000000023,-1,HOLD
2025-01-16 22:40:00,65.73620000000028,65.73620000000028,-1,HOLD
2025-01-16 22:45:00,65.82600000000002,65.82600000000002,-1,HOLD
2025-01-16 22:50:00,65.89419999999973,65.89419999999973,-1,HOLD
2025-01-16 22:55:00,65.5598,65.5598,-1,HOLD
2025-01-16 23:00:00,65.40920000000006,65.40920000000006,-1,HOLD
2025-01-16 23:05:00,65.90719999999965,65.90719999999965,-1,HOLD
2025-01-16 23:10:00,65.55040000000008,65.55040000000008,-1,HOLD
2025-01-16 23:15:00,65.91319999999996,65.91319999999996,-1,HOLD
2025-01-16 23:20:00,66.16420000000016,66.16420000000016,-1,HOLD
2025-01-16 23:25:00,66.11440000000039,66.11440000000039,-1,HOLD
2025-01-16 23:30:00,66.16179999999986,66.16179999999986,-1,HOLD
2025-01-16 23:35:00,66.28340000000026,66.28340000000026,-1,HOLD
2025-01-16 23:40:00,66.13159999999971,66.13159999999971,-1,HOLD
2025-01-16 23:45:00,66.15580000000045,66.15580000000045,-1,HOLD
2025-01-16 23:50:00,66.39059999999972,66.39059999999972,-1,HOLD
2025-01-16 23:55:00,66.39519999999993,66.39519999999993,-1,HOLD
2025-01-17 00:00:00,66.61400000000049,66.61400000000049,-1,HOLD
2025-01-17 00:05:00,67.19999999999982,67.19999999999982,-1,HOLD
2025-01-17 00:10:00,66.84320000000025,66.84320000000025,-1,HOLD
2025-01-17 00:15:00,66.72839999999997,66.72839999999997,-1,HOLD
2025-01-17 00:20:00,66.72839999999997,66.72839999999997,-1,HOLD
2025-01-17 00:25:00,67.0655999999999,67.0655999999999,-1,HOLD
2025-01-17 00:30:00,67.05119999999988,67.05119999999988,-1,HOLD
2025-01-17 00:35:00,67.02679999999964,67.02679999999964,-1,HOLD
2025-01-17 00:40:00,67.10339999999997,67.10339999999997,-1,HOLD
2025-01-17 00:45:00,66.76040000000012,66.76040000000012,-1,HOLD
2025-01-17 00:50:00,67.08100000000013,67.08100000000013,-1,HOLD
2025-01-17 00:55:00,66.77400000000034,66.77400000000034,-1,HOLD
2025-01-17 01:00:00,66.89639999999963,66.89639999999963,-1,HOLD
2025-01-17 01:05:00,66.75979999999981,66.75979999999981,-1,HOLD
2025-01-17 01:10:00,66.72699999999986,66.72699999999986,-1,HOLD
2025-01-17 01:15:00,66.76900000000023,66.76900000000023,-1,HOLD
2025-01-17 01:20:00,66.76900000000023,66.76900000000023,-1,HOLD
2025-01-17 01:25:00,66.76900000000023,66.76900000000023,-1,HOLD
2025-01-17 01:30:00,66.86179999999968,66.86179999999968,-1,HOLD
2025-01-17 01:35:00,67.11200000000008,67.11200000000008,-1,HOLD
2025-01-17 01:40:00,67.08479999999963,67.08479999999963,-1,HOLD
2025-01-17 01:45:00,66.86059999999998,66.86059999999998,-1,HOLD
2025-01-17 01:50:00,66.84320000000025,66.84320000000025,-1,HOLD
2025-01-17 01:55:00,66.88640000000032,66.88640000000032,-1,HOLD
2025-01-17 02:00:00,66.88640000000032,66.88640000000032,-1,HOLD
2025-01-17 02:05:00,66.87880000000041,66.87880000000041,-1,HOLD
2025-01-17 02:10:00,66.76040000000012,66.76040000000012,-1,HOLD
2025-01-17 02:15:00,66.5652,66.5652,-1,HOLD
2025-01-17 02:20:00,66.65760000000046,66.65760000000046,-1,HOLD
2025-01-17 02:25:00,66.40859999999975,66.40859999999975,-1,HOLD
2025-01-17 02:30:00,66.3072000000002,66.3072000000002,-1,HOLD
2025-01-17 02:35:00,66.20820000000003,66.20820000000003,-1,HOLD
2025-01-17 02:40:00,66.20820000000003,66.20820000000003,-1,HOLD
2025-01-17 02:45:00,66.24179999999978,66.24179999999978,-1,HOLD
2025-01-17 02:50:00,66.54979999999978,66.54979999999978,-1,HOLD
2025-01-17 02:55:00,66.54979999999978,66.54979999999978,-1,HOLD
2025-01-17 03:00:00,66.43000000000029,66.43000000000029,-1,HOLD
2025-01-17 03:05:00,66.50799999999981,66.50799999999981,-1,HOLD
2025-01-17 03:10:00,66.67360000000008,66.67360000000008,-1,HOLD
2025-01-17 03:15:00,66.61319999999978,66.61319999999978,-1,HOLD
2025-01-17 03:20:00,66.55659999999989,66.55659999999989,-1,HOLD
2025-01-17 03:25:00,66.55659999999989,66.55659999999989,-1,HOLD
2025-01-17 03:30:00,66.57480000000032,66.57480000000032,-1,HOLD
2025-01-17 03:35:00,66.61319999999978,66.61319999999978,-1,HOLD
2025-01-17 03:40:00,66.61440000000039,66.61440000000039,-1,HOLD
2025-01-17 03:45:00,66.61880000000019,66.61880000000019,-1,HOLD
2025-01-17 03:50:00,66.7539999999999,66.7539999999999,-1,HOLD
2025-01-17 03:55:00,66.86099999999988,66.86099999999988,-1,HOLD
2025-01-17 04:00:00,66.91499999999996,66.91499999999996,-1,HOLD
2025-01-17 04:05:00,66.82200000000012,66.82200000000012,-1,HOLD
2025-01-17 04:10:00,66.85339999999997,66.85339999999997,-1,HOLD
2025-01-17 04:15:00,66.6905999999999,66.6905999999999,-1,HOLD
2025-01-17 04:20:00,66.57800000000043,66.57800000000043,-1,HOLD
2025-01-17 04:25:00,66.53380000000016,66.53380000000016,-1,HOLD
2025-01-17 04:30:00,66.79640000000018,66.79640000000018,-1,HOLD
2025-01-17 04:35:00,66.67360000000008,66.67360000000008,-1,HOLD
2025-01-17 04:40:00,66.7474000000002,66.7474000000002,-1,HOLD
2025-01-17 04:45:00,66.66600000000017,66.66600000000017,-1,HOLD
2025-01-17 04:50:00,66.72000000000025,66.72000000000025,-1,HOLD
2025-01-17 04:55:00,66.72000000000025,66.72000000000025,-1,HOLD
2025-01-17 05:00:00,66.44459999999981,66.44459999999981,-1,HOLD
2025-01-17 05:05:00,66.60860000000048,66.60860000000048,-1,HOLD
2025-01-17 05:10:00,66.6855999999998,66.6855999999998,-1,HOLD
2025-01-17 05:15:00,66.51360000000022,66.51360000000022,-1,HOLD
2025-01-17 05:20:00,66.27999999999975,66.27999999999975,-1,HOLD
2025-01-17 05:25:00,66.27999999999975,66.27999999999975,-1,HOLD
2025-01-17 05:30:00,66.42900000000009,66.42900000000009,-1,HOLD
2025-01-17 05:35:00,66.42900000000009,66.42900000000009,-1,HOLD
2025-01-17 05:40:00,66.50500000000011,66.50500000000011,-1,HOLD
2025-01-17 05:45:00,66.44819999999982,66.44819999999982,-1,HOLD
2025-01-17 05:50:00,66.38860000000022,66.38860000000022,-1,HOLD
2025-01-17 05:55:00,66.38860000000022,66.38860000000022,-1,HOLD
2025-01-17 06:00:00,66.30479999999989,66.30479999999989,-1,HOLD
2025-01-17 06:05:00,66.28880000000026,66.28880000000026,-1,HOLD
2025-01-17 06:10:00,66.16420000000016,66.16420000000016,-1,HOLD
2025-01-17 06:15:00,66.04700000000048,66.04700000000048,-1,HOLD
2025-01-17 06:20:00,65.92519999999968,65.92519999999968,-1,HOLD
2025-01-17 06:25:00,65.8100000000004,65.8100000000004,-1,HOLD
2025-01-17 06:30:00,65.48580000000038,65.48580000000038,-1,HOLD
2025-01-17 06:35:00,65.65779999999995,65.65779999999995,-1,HOLD
2025-01-17 06:40:00,65.61160000000018,65.61160000000018,-1,HOLD
2025-01-17 06:45:00,65.8112000000001,65.8112000000001,-1,HOLD
2025-01-17 06:50:00,65.73980000000029,65.73980000000029,-1,HOLD
2025-01-17 06:55:00,65.89320000000043,65.89320000000043,-1,HOLD
2025-01-17 07:00:00,66.03359999999975,66.03359999999975,-1,HOLD
2025-01-17 07:05:00,66.05379999999968,66.05379999999968,-1,HOLD
2025-01-17 07:10:00,66.07759999999962,66.07759999999962,-1,HOLD
2025-01-17 07:15:00,66.09100000000035,66.09100000000035,-1,HOLD
2025-01-17 07:20:00,65.92820000000029,65.92820000000029,-1,HOLD
2025-01-17 07:25:00,65.92820000000029,65.92820000000029,-1,HOLD
2025-01-17 07:30:00,66.02580000000034,66.02580000000034,-1,HOLD
2025-01-17 07:35:00,66.02580000000034,66.02580000000034,-1,HOLD
2025-01-17 07:40:00,66.0018,66.0018,-1,HOLD
2025-01-17 07:45:00,66.13079999999991,66.13079999999991,-1,HOLD
2025-01-17 07:50:00,66.17500000000018,66.17500000000018,-1,HOLD
2025-01-17 07:55:00,66.22180000000026,66.22180000000026,-1,HOLD
2025-01-17 08:00:00,66.22460000000046,66.22460000000046,-1,HOLD
2025-01-17 08:05:00,66.2493999999997,66.2493999999997,-1,HOLD
2025-01-17 08:10:00,66.19740000000002,66.19740000000002,-1,HOLD
2025-01-17 08:15:00,66.2539999999999,66.2539999999999,-1,HOLD
2025-01-17 08:20:00,66.32440000000042,66.32440000000042,-1,HOLD
2025-01-17 08:25:00,66.28539999999975,66.28539999999975,-1,HOLD
2025-01-17 08:30:00,66.27720000000045,66.27720000000045,-1,HOLD
2025-01-17 08:35:00,66.27580000000034,66.27580000000034,-1,HOLD
2025-01-17 08:40:00,66.31680000000051,66.31680000000051,-1,HOLD
2025-01-17 08:45:00,66.20600000000013,66.20600000000013,-1,HOLD
2025-01-17 08:50:00,66.28819999999996,66.28819999999996,-1,HOLD
2025-01-17 08:55:00,66.30339999999978,66.30339999999978,-1,HOLD
2025-01-17 09:00:00,66.33780000000024,66.33780000000024,-1,HOLD
2025-01-17 09:05:00,66.375,66.375,-1,HOLD
2025-01-17 09:10:00,66.4431999999997,66.4431999999997,-1,HOLD
2025-01-17 09:15:00,66.47559999999976,66.47559999999976,-1,HOLD
2025-01-17 09:20:00,66.58619999999974,66.58619999999974,-1,HOLD
2025-01-17 09:25:00,66.77379999999994,66.77379999999994,-1,HOLD
2025-01-17 09:30:00,67.08500000000004,67.08500000000004,-1,HOLD
2025-01-17 09:35:00,67.38020000000051,67.38020000000051,-1,HOLD
2025-01-17 09:40:00,67.53459999999995,67.53459999999995,-1,HOLD
2025-01-17 09:45:00,67.35419999999976,67.35419999999976,-1,HOLD
2025-01-17 09:50:00,67.40899999999965,67.40899999999965,-1,HOLD
2025-01-17 09:55:00,67.71140000000014,67.71140000000014,-1,HOLD
2025-01-17 10:00:00,67.64339999999993,67.64339999999993,-1,HOLD
2025-01-17 10:05:00,67.7474000000002,67.7474000000002,-1,HOLD
2025-01-17 10:10:00,67.61620000000039,67.61620000000039,-1,HOLD
2025-01-17 10:15:00,67.86380000000008,67.86380000000008,-1,HOLD
2025-01-17 10:20:00,67.76519999999982,67.76519999999982,-1,HOLD
2025-01-17 10:25:00,67.76640000000043,67.76640000000043,-1,HOLD
2025-01-17 10:30:00,67.70520000000033,67.70520000000033,-1,HOLD
2025-01-17 10:35:00,67.48319999999967,67.48319999999967,-1,HOLD
2025-01-17 10:40:00,67.42100000000028,67.42100000000028,-1,HOLD
2025-01-17 10:45:00,67.22540000000026,67.22540000000026,-1,HOLD
2025-01-17 10:50:00,67.14639999999963,67.14639999999963,-1,HOLD
2025-01-17 10:55:00,67.28780000000006,67.28780000000006,-1,HOLD
2025-01-17 11:00:00,67.48220000000038,67.48220000000038,-1,HOLD
2025-01-17 11:05:00,67.39419999999973,67.39419999999973,-1,HOLD
2025-01-17 11:10:00,67.40200000000004,67.40200000000004,-1,HOLD
2025-01-17 11:15:00,67.44160000000011,67.44160000000011,-1,HOLD
2025-01-17 11:20:00,67.31800000000021,67.31800000000021,-1,HOLD
2025-01-17 11:25:00,67.27980000000025,67.27980000000025,-1,HOLD
2025-01-17 11:30:00,67.3743999999997,67.3743999999997,-1,HOLD
2025-01-17 11:35:00,67.51299999999992,67.51299999999992,-1,HOLD
2025-01-17 11:40:00,67.40139999999974,67.40139999999974,-1,HOLD
2025-01-17 11:45:00,67.33219999999983,67.33219999999983,-1,HOLD
2025-01-17 11:50:00,67.25759999999991,67.25759999999991,-1,HOLD
2025-01-17 11:55:00,67.21320000000014,67.21320000000014,-1,HOLD
2025-01-17 12:00:00,67.27660000000014,67.27660000000014,-1,HOLD
2025-01-17 12:05:00,67.1264000000001,67.1264000000001,-1,HOLD
2025-01-17 12:10:00,66.98620000000028,66.98620000000028,-1,HOLD
2025-01-17 12:15:00,67.05280000000039,67.05280000000039,-1,HOLD
2025-01-17 12:20:00,67.08899999999994,67.08899999999994,-1,HOLD
2025-01-17 12:25:00,67.03780000000006,67.03780000000006,-1,HOLD
2025-01-17 12:30:00,67.04039999999986,67.04039999999986,-1,HOLD
2025-01-17 12:35:00,67.13919999999962,67.13919999999962,-1,HOLD
2025-01-17 12:40:00,67.21519999999964,67.21519999999964,-1,HOLD
2025-01-17 12:45:00,67.19700000000012,67.19700000000012,-1,HOLD
2025-01-17 12:50:00,67.42100000000028,67.42100000000028,-1,HOLD
2025-01-17 12:55:00,67.33160000000044,67.33160000000044,-1,HOLD
2025-01-17 13:00:00,67.3155999999999,67.3155999999999,-1,HOLD
2025-01-17 13:05:00,67.33380000000034,67.33380000000034,-1,HOLD
2025-01-17 13:10:00,67.36539999999968,67.36539999999968,-1,HOLD
2025-01-17 13:15:00,67.40899999999965,67.40899999999965,-1,HOLD
2025-01-17 13:20:00,67.36859999999979,67.36859999999979,-1,HOLD
2025-01-17 13:25:00,67.33219999999983,67.33219999999983,-1,HOLD
2025-01-17 13:30:00,67.33219999999983,67.33219999999983,-1,HOLD
2025-01-17 13:35:00,67.26540000000023,67.26540000000023,-1,HOLD
2025-01-17 13:40:00,67.15620000000035,67.15620000000035,-1,HOLD
2025-01-17 13:45:00,67.15620000000035,67.15620000000035,-1,HOLD
2025-01-17 13:50:00,67.34720000000016,67.34720000000016,-1,HOLD
2025-01-17 13:55:00,67.36859999999979,67.36859999999979,-1,HOLD
2025-01-17 14:00:00,67.26479999999992,67.26479999999992,-1,HOLD
2025-01-17 14:05:00,67.40779999999995,67.40779999999995,-1,HOLD
2025-01-17 14:10:00,67.45200000000023,67.45200000000023,-1,HOLD
2025-01-17 14:15:00,67.45200000000023,67.45200000000023,-1,HOLD
2025-01-17 14:20:00,67.48099999999977,67.48099999999977,-1,HOLD
2025-01-17 14:25:00,67.4431999999997,67.4431999999997,-1,HOLD
2025-01-17 14:30:00,67.45139999999992,67.45139999999992,-1,HOLD
2025-01-17 14:35:00,67.45139999999992,67.45139999999992,-1,HOLD
2025-01-17 14:40:00,67.45139999999992,67.45139999999992,-1,HOLD
2025-01-17 14:45:00,67.40560000000005,67.40560000000005,-1,HOLD
2025-01-17 14:50:00,67.35239999999976,67.35239999999976,-1,HOLD
2025-01-17 14:55:00,67.34979999999996,67.34979999999996,-1,HOLD
2025-01-17 15:00:00,67.29700000000048,67.29700000000048,-1,HOLD
2025-01-17 15:05:00,67.35999999999967,67.35999999999967,-1,HOLD
2025-01-17 15:10:00,67.4369999999999,67.4369999999999,-1,HOLD
2025-01-17 15:15:00,67.43419999999969,67.43419999999969,-1,HOLD
2025-01-17 15:20:00,67.41460000000006,67.41460000000006,-1,HOLD
2025-01-17 15:25:00,67.36040000000048,67.36040000000048,-1,HOLD
2025-01-17 15:30:00,67.3738000000003,67.3738000000003,-1,HOLD
2025-01-17 15:35:00,67.29259999999977,67.29259999999977,-1,HOLD
2025-01-17 15:40:00,67.63460000000032,67.63460000000032,-1,HOLD
2025-01-17 15:45:00,67.67299999999977,67.67299999999977,-1,HOLD
2025-01-17 15:50:00,67.55299999999988,67.55299999999988,-1,HOLD
2025-01-17 15:55:00,67.41840000000047,67.41840000000047,-1,HOLD
2025-01-17 16:00:00,67.48999999999978,67.48999999999978,-1,HOLD
2025-01-17 16:05:00,67.53139999999985,67.53139999999985,-1,HOLD
2025-01-17 16:10:00,67.53139999999985,67.53139999999985,-1,HOLD
2025-01-17 16:15:00,67.64080000000013,67.64080000000013,-1,HOLD
2025-01-17 16:20:00,67.65539999999964,67.65539999999964,-1,HOLD
2025-01-17 16:25:00,67.57420000000002,67.57420000000002,-1,HOLD
2025-01-17 16:30:00,67.8739999999998,67.8739999999998,-1,HOLD
2025-01-17 16:35:00,67.96420000000035,67.96420000000035,-1,HOLD
2025-01-17 16:40:00,67.88919999999962,67.88919999999962,-1,HOLD
2025-01-17 16:45:00,67.8134,67.8134,-1,HOLD
2025-01-17 16:50:00,68.07440000000042,68.07440000000042,-1,HOLD
2025-01-17 16:55:00,68.13400000000001,68.13400000000001,-1,HOLD
2025-01-17 17:00:00,68.03319999999985,68.03319999999985,-1,HOLD
2025-01-17 17:05:00,68.15459999999985,68.15459999999985,-1,HOLD
2025-01-17 17:10:00,68.21460000000025,68.21460000000025,-1,HOLD
2025-01-17 17:15:00,68.15899999999965,68.15899999999965,-1,HOLD
2025-01-17 17:20:00,68.00640000000021,68.00640000000021,-1,HOLD
2025-01-17 17:25:00,68.11059999999998,68.11059999999998,-1,HOLD
2025-01-17 17:30:00,68.15440000000035,68.15440000000035,-1,HOLD
2025-01-17 17:35:00,68.15440000000035,68.15440000000035,-1,HOLD
2025-01-17 17:40:00,68.15440000000035,68.15440000000035,-1,HOLD
2025-01-17 17:45:00,68.10720000000038,68.10720000000038,-1,HOLD
2025-01-17 17:50:00,68.10720000000038,68.10720000000038,-1,HOLD
2025-01-17 17:55:00,68.10720000000038,68.10720000000038,-1,HOLD
2025-01-17 18:00:00,68.10720000000038,68.10720000000038,-1,HOLD
2025-01-17 18:05:00,68.10720000000038,68.10720000000038,-1,HOLD
2025-01-17 18:10:00,68.73139999999967,68.73139999999967,-1,HOLD
2025-01-17 18:15:00,68.5586000000003,68.5586000000003,-1,HOLD
2025-01-17 18:20:00,68.4980000000005,68.4980000000005,-1,HOLD
2025-01-17 18:25:00,68.47180000000026,68.47180000000026,-1,HOLD
2025-01-17 18:30:00,68.47980000000007,68.47980000000007,-1,HOLD
2025-01-17 18:35:00,68.51980000000003,68.51980000000003,-1,HOLD
2025-01-17 18:40:00,68.3743999999997,68.3743999999997,-1,HOLD
2025-01-17 18:45:00,68.50460000000021,68.50460000000021,-1,HOLD
2025-01-17 18:50:00,68.50460000000021,68.50460000000021,-1,HOLD
2025-01-17 18:55:00,68.50460000000021,68.50460000000021,-1,HOLD
2025-01-17 19:00:00,68.54700000000048,68.54700000000048,-1,HOLD
2025-01-17 19:05:00,68.54700000000048,68.54700000000048,-1,HOLD
2025-01-17 19:10:00,68.35639999999967,68.35639999999967,-1,HOLD
2025-01-17 19:15:00,68.4364000000005,68.4364000000005,-1,HOLD
2025-01-17 19:20:00,68.44840000000022,68.44840000000022,-1,HOLD
2025-01-17 19:25:00,68.61319999999978,68.61319999999978,-1,HOLD
2025-01-17 19:30:00,68.5685999999996,68.5685999999996,-1,HOLD
2025-01-17 19:35:00,68.57039999999961,68.57039999999961,-1,HOLD
2025-01-17 19:40:00,68.57039999999961,68.57039999999961,-1,HOLD
2025-01-17 19:45:00,68.57039999999961,68.57039999999961,-1,HOLD
2025-01-17 19:50:00,68.51180000000022,68.51180000000022,-1,HOLD
2025-01-17 19:55:00,68.51180000000022,68.51180000000022,-1,HOLD
2025-01-17 20:00:00,68.45160000000033,68.45160000000033,-1,HOLD
2025-01-17 20:05:00,68.44940000000042,68.44940000000042,-1,HOLD
2025-01-17 20:10:00,68.44940000000042,68.44940000000042,-1,HOLD
2025-01-17 20:15:00,68.39860000000044,68.39860000000044,-1,HOLD
2025-01-17 20:20:00,68.39860000000044,68.39860000000044,-1,HOLD
2025-01-17 20:25:00,68.23739999999998,68.23739999999998,-1,HOLD
2025-01-17 20:30:00,68.09379999999965,68.09379999999965,-1,HOLD
2025-01-17 20:35:00,68.0572000000002,68.0572000000002,-1,HOLD
2025-01-17 20:40:00,68.19840000000022,68.19840000000022,-1,HOLD
2025-01-17 20:45:00,68.28359999999975,68.28359999999975,-1,HOLD
2025-01-17 20:50:00,68.23139999999967,68.23139999999967,-1,HOLD
2025-01-17 20:55:00,68.23139999999967,68.23139999999967,-1,HOLD
2025-01-17 21:00:00,68.32660000000033,68.32660000000033,-1,HOLD
2025-01-17 21:05:00,68.26800000000003,68.26800000000003,-1,HOLD
2025-01-17 21:10:00,68.28880000000026,68.28880000000026,-1,HOLD
2025-01-17 21:15:00,68.28880000000026,68.28880000000026,-1,HOLD
2025-01-17 21:20:00,68.28880000000026,68.28880000000026,-1,HOLD
2025-01-17 21:25:00,68.39419999999973,68.39419999999973,-1,HOLD
2025-01-17 21:30:00,68.32600000000002,68.32600000000002,-1,HOLD
2025-01-17 21:35:00,67.9423999999999,67.9423999999999,-1,HOLD
2025-01-17 21:40:00,68.23739999999998,68.23739999999998,-1,HOLD
2025-01-17 21:45:00,68.20480000000043,68.20480000000043,-1,HOLD
2025-01-17 21:50:00,68.1242000000002,68.1242000000002,-1,HOLD
2025-01-17 21:55:00,68.1242000000002,68.1242000000002,-1,HOLD
2025-01-17 22:00:00,68.1242000000002,68.1242000000002,-1,HOLD
2025-01-17 22:05:00,68.18339999999989,68.18339999999989,-1,HOLD
2025-01-17 22:10:00,68.23880000000008,68.23880000000008,-1,HOLD
2025-01-17 22:15:00,68.3145999999997,68.3145999999997,-1,HOLD
2025-01-17 22:20:00,68.39419999999973,68.39419999999973,-1,HOLD
2025-01-17 22:25:00,68.53920000000016,68.53920000000016,-1,HOLD
2025-01-17 22:30:00,68.4362000000001,68.4362000000001,-1,HOLD
2025-01-17 22:35:00,68.38640000000032,68.38640000000032,-1,HOLD
2025-01-17 22:40:00,68.05159999999978,68.05159999999978,-1,HOLD
2025-01-17 22:45:00,68.23319999999967,68.23319999999967,-1,HOLD
2025-01-17 22:50:00,68.4355999999998,68.4355999999998,-1,HOLD
2025-01-17 22:55:00,68.46799999999985,68.46799999999985,-1,HOLD
2025-01-17 23:00:00,68.60000000000036,68.60000000000036,-1,HOLD
2025-01-17 23:05:00,68.91520000000037,68.91520000000037,-1,HOLD
2025-01-17 23:10:00,68.97720000000027,68.97720000000027,-1,HOLD
2025-01-17 23:15:00,68.8096000000005,68.8096000000005,-1,HOLD
2025-01-17 23:20:00,68.41560000000027,68.41560000000027,-1,HOLD
2025-01-17 23:25:00,68.38540000000012,68.38540000000012,-1,HOLD
2025-01-17 23:30:00,68.20539999999983,68.20539999999983,-1,HOLD
2025-01-17 23:35:00,68.46420000000035,68.46420000000035,-1,HOLD
2025-01-17 23:40:00,68.54340000000047,68.54340000000047,-1,HOLD
2025-01-17 23:45:00,68.31900000000041,68.31900000000041,-1,HOLD
2025-01-17 23:50:00,68.3738000000003,68.3738000000003,-1,HOLD
2025-01-17 23:55:00,68.39779999999973,68.39779999999973,-1,HOLD
2025-01-18 00:00:00,68.39800000000014,68.39800000000014,-1,HOLD
2025-01-18 00:05:00,68.3706000000002,68.3706000000002,-1,HOLD
2025-01-18 00:10:00,68.6242000000002,68.6242000000002,-1,HOLD
2025-01-18 00:15:00,68.85440000000017,68.85440000000017,-1,HOLD
2025-01-18 00:20:00,68.89080000000013,68.89080000000013,-1,HOLD
2025-01-18 00:25:00,68.78240000000005,68.78240000000005,-1,HOLD
2025-01-18 00:30:00,68.86139999999978,68.86139999999978,-1,HOLD
2025-01-18 00:35:00,68.8127999999997,68.8127999999997,-1,HOLD
2025-01-18 00:40:00,68.8127999999997,68.8127999999997,-1,HOLD
2025-01-18 00:45:00,68.65099999999984,68.65099999999984,-1,HOLD
2025-01-18 00:50:00,68.85720000000038,68.85720000000038,-1,HOLD
2025-01-18 00:55:00,68.69000000000051,68.69000000000051,-1,HOLD
2025-01-18 01:00:00,68.72720000000027,68.72720000000027,-1,HOLD
2025-01-18 01:05:00,68.54820000000018,68.54820000000018,-1,HOLD
2025-01-18 01:10:00,68.6869999999999,68.6869999999999,-1,HOLD
2025-01-18 01:15:00,68.64840000000004,68.64840000000004,-1,HOLD
2025-01-18 01:20:00,68.6260000000002,68.6260000000002,-1,HOLD
2025-01-18 01:25:00,68.6869999999999,68.6869999999999,-1,HOLD
2025-01-18 01:30:00,68.4998000000005,68.4998000000005,-1,HOLD
2025-01-18 01:35:00,68.44539999999961,68.44539999999961,-1,HOLD
2025-01-18 01:40:00,68.38540000000012,68.38540000000012,-1,HOLD
2025-01-18 01:45:00,68.46119999999974,68.46119999999974,-1,HOLD
2025-01-18 01:50:00,68.26640000000043,68.26640000000043,-1,HOLD
2025-01-18 01:55:00,68.26640000000043,68.26640000000043,-1,HOLD
2025-01-18 02:00:00,68.32620000000043,68.32620000000043,-1,HOLD
2025-01-18 02:05:00,68.3761999999997,68.3761999999997,-1,HOLD
2025-01-18 02:10:00,68.34860000000026,68.34860000000026,-1,HOLD
2025-01-18 02:15:00,68.49579999999969,68.49579999999969,-1,HOLD
2025-01-18 02:20:00,68.5,68.5,-1,HOLD
2025-01-18 02:25:00,68.51080000000002,68.51080000000002,-1,HOLD
2025-01-18 02:30:00,68.4377999999997,68.4377999999997,-1,HOLD
2025-01-18 02:35:00,68.36560000000009,68.36560000000009,-1,HOLD
2025-01-18 02:40:00,68.42839999999978,68.42839999999978,-1,HOLD
2025-01-18 02:45:00,68.46060000000034,68.46060000000034,-1,HOLD
2025-01-18 02:50:00,68.41100000000006,68.41100000000006,-1,HOLD
2025-01-18 02:55:00,68.36719999999968,68.36719999999968,-1,HOLD
2025-01-18 03:00:00,68.39099999999962,68.39099999999962,-1,HOLD
2025-01-18 03:05:00,68.30420000000049,68.30420000000049,-1,HOLD
2025-01-18 03:10:00,68.48440000000028,68.48440000000028,-1,HOLD
2025-01-18 03:15:00,68.70120000000043,68.70120000000043,-1,HOLD
2025-01-18 03:20:00,68.71079999999984,68.71079999999984,-1,HOLD
2025-01-18 03:25:00,68.60099999999966,68.60099999999966,-1,HOLD
2025-01-18 03:30:00,68.36620000000039,68.36620000000039,-1,HOLD
2025-01-18 03:35:00,68.40899999999965,68.40899999999965,-1,HOLD
2025-01-18 03:40:00,68.56959999999981,68.56959999999981,-1,HOLD
2025-01-18 03:45:00,68.5640000000003,68.5640000000003,-1,HOLD
2025-01-18 03:50:00,68.54439999999977,68.54439999999977,-1,HOLD
2025-01-18 03:55:00,68.69340000000011,68.69340000000011,-1,HOLD
2025-01-18 04:00:00,68.6927999999998,68.6927999999998,-1,HOLD
2025-01-18 04:05:00,68.69340000000011,68.69340000000011,-1,HOLD
2025-01-18 04:10:00,68.85860000000048,68.85860000000048,-1,HOLD
2025-01-18 04:15:00,69.28600000000006,69.28600000000006,-1,HOLD
2025-01-18 04:20:00,69.1884,69.1884,-1,HOLD
2025-01-18 04:25:00,69.77279999999973,69.77279999999973,-1,HOLD
2025-01-18 04:30:00,70.03899999999976,70.03899999999976,-1,HOLD
2025-01-18 04:35:00,70.14320000000043,70.14320000000043,-1,HOLD
2025-01-18 04:40:00,70.14680000000044,70.14680000000044,-1,HOLD
2025-01-18 04:45:00,70.40239999999994,70.40239999999994,-1,HOLD
2025-01-18 04:50:00,70.50740000000042,70.50740000000042,-1,HOLD
2025-01-18 04:55:00,70.3119999999999,70.3119999999999,-1,HOLD
2025-01-18 05:00:00,70.29659999999967,70.29659999999967,-1,HOLD
2025-01-18 05:05:00,70.14339999999993,70.14339999999993,-1,HOLD
2025-01-18 05:10:00,70.1253999999999,70.1253999999999,-1,HOLD
2025-01-18 05:15:00,70.15599999999995,70.15599999999995,-1,HOLD
2025-01-18 05:20:00,70.1221999999998,70.1221999999998,-1,HOLD
2025-01-18 05:25:00,70.00759999999991,70.00759999999991,-1,HOLD
2025-01-18 05:30:00,69.94380000000001,69.94380000000001,-1,HOLD
2025-01-18 05:35:00,69.58479999999963,69.58479999999963,-1,HOLD
2025-01-18 05:40:00,69.5626000000002,69.5626000000002,-1,HOLD
2025-01-18 05:45:00,69.57899999999972,69.57899999999972,-1,HOLD
2025-01-18 05:50:00,69.47460000000046,69.47460000000046,-1,HOLD
2025-01-18 05:55:00,69.48880000000008,69.48880000000008,-1,HOLD
2025-01-18 06:00:00,69.64140000000043,69.64140000000043,-1,HOLD
2025-01-18 06:05:00,69.65560000000005,69.65560000000005,-1,HOLD
2025-01-18 06:10:00,69.68199999999979,69.68199999999979,-1,HOLD
2025-01-18 06:15:00,69.59960000000046,69.59960000000046,-1,HOLD
2025-01-18 06:20:00,69.64159999999993,69.64159999999993,-1,HOLD
2025-01-18 06:25:00,69.59400000000005,69.59400000000005,-1,HOLD
2025-01-18 06:30:00,69.63680000000022,69.63680000000022,-1,HOLD
2025-01-18 06:35:00,69.63000000000011,69.63000000000011,-1,HOLD
2025-01-18 06:40:00,69.63000000000011,69.63000000000011,-1,HOLD
2025-01-18 06:45:00,69.42020000000048,69.42020000000048,-1,HOLD
2025-01-18 06:50:00,69.4989999999998,69.4989999999998,-1,HOLD
2025-01-18 06:55:00,69.46740000000045,69.46740000000045,-1,HOLD
2025-01-18 07:00:00,69.28600000000006,69.28600000000006,-1,HOLD
2025-01-18 07:05:00,69.44999999999982,69.44999999999982,-1,HOLD
2025-01-18 07:10:00,69.44999999999982,69.44999999999982,-1,HOLD
2025-01-18 07:15:00,69.41280000000006,69.41280000000006,-1,HOLD
2025-01-18 07:20:00,69.59540000000015,69.59540000000015,-1,HOLD
2025-01-18 07:25:00,69.67500000000018,69.67500000000018,-1,HOLD
2025-01-18 07:30:00,69.4985999999999,69.4985999999999,-1,HOLD
2025-01-18 07:35:00,69.54539999999997,69.54539999999997,-1,HOLD
2025-01-18 07:40:00,69.55879999999979,69.55879999999979,-1,HOLD
2025-01-18 07:45:00,69.5648000000001,69.5648000000001,-1,HOLD
2025-01-18 07:50:00,69.54259999999977,69.54259999999977,-1,HOLD
2025-01-18 07:55:00,69.48459999999977,69.48459999999977,-1,HOLD
2025-01-18 08:00:00,69.6282000000001,69.6282000000001,-1,HOLD
2025-01-18 08:05:00,69.62660000000051,69.62660000000051,-1,HOLD
2025-01-18 08:10:00,69.50979999999981,69.50979999999981,-1,HOLD
2025-01-18 08:15:00,69.5612000000001,69.5612000000001,-1,HOLD
2025-01-18 08:20:00,69.54520000000048,69.54520000000048,-1,HOLD
2025-01-18 08:25:00,69.47940000000017,69.47940000000017,-1,HOLD
2025-01-18 08:30:00,69.6905999999999,69.6905999999999,-1,NO_ACTION_PROFITABLE
2025-01-18 08:35:00,69.76280000000042,69.76280000000042,-1,HOLD
2025-01-18 08:40:00,69.77239999999983,69.77239999999983,-1,HOLD
2025-01-18 08:45:00,69.77000000000044,69.77000000000044,-1,NO_ACTION_PROFITABLE
2025-01-18 08:50:00,69.75540000000001,69.75540000000001,-1,NO_ACTION_PROFITABLE
2025-01-18 08:55:00,69.89260000000013,69.89260000000013,-1,NO_ACTION_PROFITABLE
2025-01-18 09:00:00,69.53240000000005,69.53240000000005,-1,NO_ACTION_PROFITABLE
2025-01-18 09:05:00,69.4431999999997,69.4431999999997,-1,NO_ACTION_PROFITABLE
2025-01-18 09:10:00,69.81880000000001,69.81880000000001,-1,NO_ACTION_PROFITABLE
2025-01-18 09:15:00,69.7529999999997,69.7529999999997,-1,NO_ACTION_PROFITABLE
2025-01-18 09:20:00,69.33899999999994,69.33899999999994,-1,NO_ACTION_PROFITABLE
2025-01-18 09:25:00,69.6252000000004,69.6252000000004,-1,NO_ACTION_PROFITABLE
2025-01-18 09:30:00,69.27040000000034,69.27040000000034,-1,NO_ACTION_PROFITABLE
2025-01-18 09:35:00,69.14519999999993,69.14519999999993,-1,NO_ACTION_PROFITABLE
2025-01-18 09:40:00,69.47739999999976,69.47739999999976,-1,NO_ACTION_PROFITABLE
2025-01-18 09:45:00,69.42579999999998,69.42579999999998,-1,NO_ACTION_PROFITABLE
2025-01-18 09:50:00,69.30879999999979,69.30879999999979,-1,NO_ACTION_PROFITABLE
2025-01-18 09:55:00,69.36099999999988,69.36099999999988,-1,HOLD
2025-01-18 10:00:00,69.42519999999968,69.42519999999968,-1,HOLD
2025-01-18 10:05:00,69.28899999999976,69.28899999999976,-1,NO_ACTION_PROFITABLE
2025-01-18 10:10:00,69.3797999999997,69.3797999999997,-1,NO_ACTION_PROFITABLE
2025-01-18 10:15:00,69.46780000000035,69.46780000000035,-1,NO_ACTION_PROFITABLE
2025-01-18 10:20:00,69.46560000000045,69.46560000000045,-1,NO_ACTION_PROFITABLE
2025-01-18 10:25:00,69.40639999999985,69.40639999999985,-1,NO_ACTION_PROFITABLE
2025-01-18 10:30:00,69.28279999999995,69.28279999999995,-1,NO_ACTION_PROFITABLE
2025-01-18 10:35:00,69.32780000000002,69.32780000000002,-1,NO_ACTION_PROFITABLE
2025-01-18 10:40:00,69.35819999999967,69.35819999999967,-1,NO_ACTION_PROFITABLE
2025-01-18 10:45:00,69.32579999999962,69.32579999999962,-1,NO_ACTION_PROFITABLE
2025-01-18 10:50:00,69.11819999999989,69.11819999999989,-1,NO_ACTION_PROFITABLE
2025-01-18 10:55:00,69.2460000000001,69.2460000000001,-1,NO_ACTION_PROFITABLE
2025-01-18 11:00:00,69.20219999999972,69.20219999999972,-1,NO_ACTION_PROFITABLE
2025-01-18 11:05:00,69.15539999999964,69.15539999999964,-1,NO_ACTION_PROFITABLE
2025-01-18 11:10:00,68.91359999999986,68.91359999999986,-1,NO_ACTION_PROFITABLE
2025-01-18 11:15:00,68.80000000000018,68.80000000000018,-1,NO_ACTION_PROFITABLE
2025-01-18 11:20:00,68.77059999999983,68.77059999999983,-1,NO_ACTION_PROFITABLE
2025-01-18 11:25:00,68.72559999999976,68.72559999999976,-1,NO_ACTION_PROFITABLE
2025-01-18 11:30:00,68.64959999999974,68.64959999999974,-1,NO_ACTION_PROFITABLE
2025-01-18 11:35:00,68.58460000000014,68.58460000000014,-1,NO_ACTION_PROFITABLE
2025-01-18 11:40:00,67.89660000000003,67.89660000000003,-1,NO_ACTION_PROFITABLE
2025-01-18 11:45:00,67.84220000000005,67.84220000000005,-1,HOLD
2025-01-18 11:50:00,67.57219999999961,67.57219999999961,-1,HOLD
2025-01-18 11:55:00,67.70859999999993,67.70859999999993,-1,NO_ACTION_PROFITABLE
2025-01-18 12:00:00,67.82679999999982,67.82679999999982,-1,NO_ACTION_PROFITABLE
2025-01-18 12:05:00,67.91780000000017,67.91780000000017,-1,HOLD
2025-01-18 12:10:00,67.89540000000034,67.89540000000034,-1,HOLD
2025-01-18 12:15:00,67.5614000000005,67.5614000000005,-1,HOLD
2025-01-18 12:20:00,67.39699999999993,67.39699999999993,-1,HOLD
2025-01-18 12:25:00,67.15139999999974,67.15139999999974,-1,HOLD
2025-01-18 12:30:00,67.41840000000047,67.41840000000047,-1,HOLD
2025-01-18 12:35:00,67.34659999999985,67.34659999999985,-1,HOLD
2025-01-18 12:40:00,67.4344000000001,67.4344000000001,-1,HOLD
2025-01-18 12:45:00,67.15139999999974,67.15139999999974,-1,HOLD
2025-01-18 12:50:00,67.38439999999991,67.38439999999991,-1,HOLD
2025-01-18 12:55:00,67.38439999999991,67.38439999999991,-1,HOLD
2025-01-18 13:00:00,67.39519999999993,67.39519999999993,-1,HOLD
2025-01-18 13:05:00,67.32560000000012,67.32560000000012,-1,HOLD
2025-01-18 13:10:00,66.86599999999999,66.86599999999999,-1,HOLD
2025-01-18 13:15:00,66.9998000000005,66.9998000000005,-1,HOLD
2025-01-18 13:20:00,67.09079999999994,67.09079999999994,-1,HOLD
2025-01-18 13:25:00,66.6927999999998,66.6927999999998,-1,HOLD
2025-01-18 13:30:00,66.89379999999983,66.89379999999983,-1,HOLD
2025-01-18 13:35:00,66.70600000000013,66.70600000000013,-1,HOLD
2025-01-18 13:40:00,66.54539999999997,66.54539999999997,-1,HOLD
2025-01-18 13:45:00,66.48260000000028,66.48260000000028,-1,HOLD
2025-01-18 13:50:00,66.1864000000005,66.1864000000005,-1,HOLD
2025-01-18 13:55:00,65.94639999999981,65.94639999999981,-1,HOLD
2025-01-18 14:00:00,66.33259999999973,66.33259999999973,-1,HOLD
2025-01-18 14:05:00,66.35480000000007,66.35480000000007,-1,HOLD
2025-01-18 14:10:00,66.33839999999964,66.33839999999964,-1,HOLD
2025-01-18 14:15:00,66.38659999999982,66.38659999999982,-1,HOLD
2025-01-18 14:20:00,66.33839999999964,66.33839999999964,-1,HOLD
2025-01-18 14:25:00,66.39779999999973,66.39779999999973,-1,HOLD
2025-01-18 14:30:00,66.41679999999997,66.41679999999997,-1,HOLD
2025-01-18 14:35:00,66.72019999999975,66.72019999999975,-1,HOLD
2025-01-18 14:40:00,66.5641999999998,66.5641999999998,-1,HOLD
2025-01-18 14:45:00,66.42920000000049,66.42920000000049,-1,HOLD
2025-01-18 14:50:00,66.4359999999997,66.4359999999997,-1,HOLD
2025-01-18 14:55:00,66.34240000000045,66.34240000000045,-1,HOLD
2025-01-18 15:00:00,66.1210000000001,66.1210000000001,-1,HOLD
2025-01-18 15:05:00,66.00920000000042,66.00920000000042,-1,HOLD
2025-01-18 15:10:00,65.77459999999974,65.77459999999974,-1,HOLD
2025-01-18 15:15:00,65.98080000000027,65.98080000000027,-1,HOLD
2025-01-18 15:20:00,66.00900000000001,66.00900000000001,-1,HOLD
2025-01-18 15:25:00,65.85000000000036,65.85000000000036,-1,HOLD
2025-01-18 15:30:00,65.77620000000024,65.77620000000024,-1,HOLD
2025-01-18 15:35:00,66.00579999999991,66.00579999999991,-1,HOLD
2025-01-18 15:40:00,66.00579999999991,66.00579999999991,-1,HOLD
2025-01-18 15:45:00,65.70240000000013,65.70240000000013,-1,HOLD
2025-01-18 15:50:00,65.72620000000006,65.72620000000006,-1,HOLD
2025-01-18 15:55:00,65.86580000000049,65.86580000000049,-1,HOLD
2025-01-18 16:00:00,65.60639999999967,65.60639999999967,-1,HOLD
2025-01-18 16:05:00,65.11920000000009,65.11920000000009,-1,HOLD
2025-01-18 16:10:00,65.61160000000018,65.61160000000018,-1,HOLD
2025-01-18 16:15:00,65.34360000000015,65.34360000000015,-1,HOLD
2025-01-18 16:20:00,65.21680000000015,65.21680000000015,-1,HOLD
2025-01-18 16:25:00,65.40779999999995,65.40779999999995,-1,HOLD
2025-01-18 16:30:00,65.65440000000035,65.65440000000035,-1,HOLD
2025-01-18 16:35:00,65.74179999999978,65.74179999999978,-1,HOLD
2025-01-18 16:40:00,65.61319999999978,65.61319999999978,-1,HOLD
2025-01-18 16:45:00,65.71360000000004,65.71360000000004,-1,HOLD
2025-01-18 16:50:00,65.8137999999999,65.8137999999999,-1,HOLD
2025-01-18 16:55:00,65.91700000000037,65.91700000000037,-1,HOLD
2025-01-18 17:00:00,66.0,66.0,-1,HOLD
2025-01-18 17:05:00,65.85959999999977,65.85959999999977,-1,HOLD
2025-01-18 17:10:00,65.60840000000007,65.60840000000007,-1,HOLD
2025-01-18 17:15:00,65.7464,65.7464,-1,HOLD
2025-01-18 17:20:00,65.72620000000006,65.72620000000006,-1,HOLD
2025-01-18 17:25:00,65.71259999999984,65.71259999999984,-1,HOLD
2025-01-18 17:30:00,65.64879999999994,65.64879999999994,-1,HOLD
2025-01-18 17:35:00,65.26280000000042,65.26280000000042,-1,HOLD
2025-01-18 17:40:00,65.41259999999966,65.41259999999966,-1,HOLD
2025-01-18 17:45:00,65.5002000000004,65.5002000000004,-1,HOLD
2025-01-18 17:50:00,65.60059999999976,65.60059999999976,-1,HOLD
2025-01-18 17:55:00,65.60059999999976,65.60059999999976,-1,HOLD
2025-01-18 18:00:00,65.6282000000001,65.6282000000001,-1,HOLD
2025-01-18 18:05:00,65.44000000000051,65.44000000000051,-1,HOLD
2025-01-18 18:10:00,65.0,65.0,-1,HOLD
2025-01-18 18:15:00,65.43000000000029,65.43000000000029,-1,HOLD
2025-01-18 18:20:00,65.41259999999966,65.41259999999966,-1,HOLD
2025-01-18 18:25:00,65.39819999999963,65.39819999999963,-1,HOLD
2025-01-18 18:30:00,65.39819999999963,65.39819999999963,-1,HOLD
2025-01-18 18:35:00,64.90639999999985,64.90639999999985,-1,HOLD
2025-01-18 18:40:00,65.19999999999982,65.19999999999982,-1,HOLD
2025-01-18 18:45:00,65.20340000000033,65.20340000000033,-1,HOLD
2025-01-18 18:50:00,65.35379999999986,65.35379999999986,-1,HOLD
2025-01-18 18:55:00,65.5612000000001,65.5612000000001,-1,HOLD
2025-01-18 19:00:00,65.2525999999998,65.2525999999998,-1,HOLD
2025-01-18 19:05:00,64.99539999999979,64.99539999999979,-1,HOLD
2025-01-18 19:10:00,65.35800000000017,65.35800000000017,-1,HOLD
2025-01-18 19:15:00,65.35800000000017,65.35800000000017,-1,HOLD
2025-01-18 19:20:00,65.34000000000015,65.34000000000015,-1,HOLD
2025-01-18 19:25:00,65.54799999999977,65.54799999999977,-1,HOLD
2025-01-18 19:30:00,65.39779999999973,65.39779999999973,-1,HOLD
2025-01-18 19:35:00,65.7543999999998,65.7543999999998,-1,HOLD
2025-01-18 19:40:00,66.35519999999997,66.35519999999997,-1,HOLD
2025-01-18 19:45:00,66.23260000000028,66.23260000000028,-1,HOLD
2025-01-18 19:50:00,66.14900000000034,66.14900000000034,-1,HOLD
2025-01-18 19:55:00,66.39999999999964,66.39999999999964,-1,HOLD
2025-01-18 20:00:00,66.39999999999964,66.39999999999964,-1,HOLD
2025-01-18 20:05:00,66.39999999999964,66.39999999999964,-1,HOLD
2025-01-18 20:10:00,66.39999999999964,66.39999999999964,-1,HOLD
2025-01-18 20:15:00,66.60059999999976,66.60059999999976,-1,HOLD
2025-01-18 20:20:00,66.23959999999988,66.23959999999988,-1,HOLD
2025-01-18 20:25:00,66.0,66.0,-1,HOLD
2025-01-18 20:30:00,66.0,66.0,-1,HOLD
2025-01-18 20:35:00,65.77199999999993,65.77199999999993,-1,HOLD
2025-01-18 20:40:00,66.00659999999971,66.00659999999971,-1,HOLD
2025-01-18 20:45:00,66.00820000000022,66.00820000000022,-1,HOLD
2025-01-18 20:50:00,66.00820000000022,66.00820000000022,-1,HOLD
2025-01-18 20:55:00,66.00820000000022,66.00820000000022,-1,HOLD
2025-01-18 21:00:00,65.83020000000033,65.83020000000033,-1,HOLD
2025-01-18 21:05:00,65.73099999999977,65.73099999999977,-1,HOLD
2025-01-18 21:10:00,65.73099999999977,65.73099999999977,-1,HOLD
2025-01-18 21:15:00,66.0039999999999,66.0039999999999,-1,HOLD
2025-01-18 21:20:00,65.92000000000007,65.92000000000007,-1,HOLD
2025-01-18 21:25:00,65.92000000000007,65.92000000000007,-1,HOLD
2025-01-18 21:30:00,66.31999999999971,66.31999999999971,-1,HOLD
2025-01-18 21:35:00,66.23080000000027,66.23080000000027,-1,HOLD
2025-01-18 21:40:00,66.33259999999973,66.33259999999973,-1,HOLD
2025-01-18 21:45:00,66.25879999999961,66.25879999999961,-1,HOLD
2025-01-18 21:50:00,66.25879999999961,66.25879999999961,-1,HOLD
2025-01-18 21:55:00,66.5608000000002,66.5608000000002,-1,HOLD
2025-01-18 22:00:00,66.31500000000051,66.31500000000051,-1,HOLD
2025-01-18 22:05:00,66.5637999999999,66.5637999999999,-1,HOLD
2025-01-18 22:10:00,66.31500000000051,66.31500000000051,-1,HOLD
2025-01-18 22:15:00,66.20840000000044,66.20840000000044,-1,HOLD
2025-01-18 22:20:00,66.5036,66.5036,-1,HOLD
2025-01-18 22:25:00,66.5036,66.5036,-1,HOLD
2025-01-18 22:30:00,66.1252000000004,66.1252000000004,-1,HOLD
2025-01-18 22:35:00,65.8100000000004,65.8100000000004,-1,HOLD
2025-01-18 22:40:00,66.00879999999961,66.00879999999961,-1,HOLD
2025-01-18 22:45:00,66.00900000000001,66.00900000000001,-1,HOLD
2025-01-18 22:50:00,66.00900000000001,66.00900000000001,-1,HOLD
2025-01-18 22:55:00,65.92900000000009,65.92900000000009,-1,HOLD
2025-01-18 23:00:00,65.73099999999977,65.73099999999977,-1,HOLD
2025-01-18 23:05:00,65.94580000000042,65.94580000000042,-1,HOLD
2025-01-18 23:10:00,66.0600000000004,66.0600000000004,-1,HOLD
2025-01-18 23:15:00,66.44459999999981,66.44459999999981,-1,HOLD
2025-01-18 23:20:00,66.40859999999975,66.40859999999975,-1,HOLD
2025-01-18 23:25:00,66.51400000000012,66.51400000000012,-1,HOLD
2025-01-18 23:30:00,66.72000000000025,66.72000000000025,-1,HOLD
2025-01-18 23:35:00,66.68119999999999,66.68119999999999,-1,HOLD
2025-01-18 23:40:00,66.60940000000028,66.60940000000028,-1,HOLD
2025-01-18 23:45:00,66.6866,66.6866,-1,HOLD
2025-01-18 23:50:00,66.3086000000003,66.3086000000003,-1,HOLD
2025-01-18 23:55:00,66.13159999999971,66.13159999999971,-1,HOLD
2025-01-19 00:00:00,66.28319999999985,66.28319999999985,-1,HOLD
2025-01-19 00:05:00,66.0,66.0,-1,HOLD
2025-01-19 00:10:00,66.0,66.0,-1,HOLD
2025-01-19 00:15:00,65.78679999999986,65.78679999999986,-1,HOLD
2025-01-19 00:20:00,66.02000000000044,66.02000000000044,-1,HOLD
2025-01-19 00:25:00,66.16480000000047,66.16480000000047,-1,HOLD
2025-01-19 00:30:00,65.93159999999989,65.93159999999989,-1,HOLD
2025-01-19 00:35:00,65.5600000000004,65.5600000000004,-1,HOLD
2025-01-19 00:40:00,65.8100000000004,65.8100000000004,-1,HOLD
2025-01-19 00:45:00,65.90300000000025,65.90300000000025,-1,HOLD
2025-01-19 00:50:00,65.3119999999999,65.3119999999999,-1,HOLD
2025-01-19 00:55:00,65.1253999999999,65.1253999999999,-1,HOLD
2025-01-19 01:00:00,65.61160000000018,65.61160000000018,-1,HOLD
2025-01-19 01:05:00,65.71159999999963,65.71159999999963,-1,HOLD
2025-01-19 01:10:00,65.65300000000025,65.65300000000025,-1,HOLD
2025-01-19 01:15:00,65.52480000000014,65.52480000000014,-1,HOLD
2025-01-19 01:20:00,65.5,65.5,-1,HOLD
2025-01-19 01:25:00,65.53279999999995,65.53279999999995,-1,HOLD
2025-01-19 01:30:00,65.61999999999989,65.61999999999989,-1,HOLD
2025-01-19 01:35:00,65.61999999999989,65.61999999999989,-1,HOLD
2025-01-19 01:40:00,65.44980000000032,65.44980000000032,-1,HOLD
2025-01-19 01:45:00,65.61999999999989,65.61999999999989,-1,HOLD
2025-01-19 01:50:00,65.53899999999976,65.53899999999976,-1,HOLD
2025-01-19 01:55:00,65.21680000000015,65.21680000000015,-1,HOLD
2025-01-19 02:00:00,65.41979999999967,65.41979999999967,-1,HOLD
2025-01-19 02:05:00,65.15599999999995,65.15599999999995,-1,HOLD
2025-01-19 02:10:00,65.24240000000009,65.24240000000009,-1,HOLD
2025-01-19 02:15:00,65.26599999999962,65.26599999999962,-1,HOLD
2025-01-19 02:20:00,65.3126000000002,65.3126000000002,-1,HOLD
2025-01-19 02:25:00,65.4328000000005,65.4328000000005,-1,HOLD
2025-01-19 02:30:00,65.4948000000004,65.4948000000004,-1,HOLD
2025-01-19 02:35:00,65.53999999999996,65.53999999999996,-1,HOLD
2025-01-19 02:40:00,65.65999999999985,65.65999999999985,-1,HOLD
2025-01-19 02:45:00,65.57999999999993,65.57999999999993,-1,HOLD
2025-01-19 02:50:00,65.17720000000008,65.17720000000008,-1,HOLD
2025-01-19 02:55:00,65.30379999999968,65.30379999999968,-1,HOLD
2025-01-19 03:00:00,65.36220000000048,65.36220000000048,-1,HOLD
2025-01-19 03:05:00,65.48000000000047,65.48000000000047,-1,HOLD
2025-01-19 03:10:00,65.4971999999998,65.4971999999998,-1,HOLD
2025-01-19 03:15:00,65.58320000000003,65.58320000000003,-1,HOLD
2025-01-19 03:20:00,65.63420000000042,65.63420000000042,-1,HOLD
2025-01-19 03:25:00,65.65080000000034,65.65080000000034,-1,HOLD
2025-01-19 03:30:00,65.75340000000051,65.75340000000051,-1,HOLD
2025-01-19 03:35:00,65.6866,65.6866,-1,HOLD
2025-01-19 03:40:00,65.78359999999975,65.78359999999975,-1,HOLD
2025-01-19 03:45:00,65.8152,65.8152,-1,HOLD
2025-01-19 03:50:00,65.85400000000027,65.85400000000027,-1,HOLD
2025-01-19 03:55:00,65.72440000000006,65.72440000000006,-1,HOLD
2025-01-19 04:00:00,65.83160000000044,65.83160000000044,-1,HOLD
2025-01-19 04:05:00,65.65779999999995,65.65779999999995,-1,HOLD
2025-01-19 04:10:00,65.60180000000037,65.60180000000037,-1,HOLD
2025-01-19 04:15:00,65.53800000000047,65.53800000000047,-1,HOLD
2025-01-19 04:20:00,65.49039999999968,65.49039999999968,-1,HOLD
2025-01-19 04:25:00,65.19999999999982,65.19999999999982,-1,HOLD
2025-01-19 04:30:00,65.46759999999995,65.46759999999995,-1,HOLD
2025-01-19 04:35:00,65.41340000000037,65.41340000000037,-1,HOLD
2025-01-19 04:40:00,65.46140000000014,65.46140000000014,-1,HOLD
2025-01-19 04:45:00,65.26559999999972,65.26559999999972,-1,HOLD
2025-01-19 04:50:00,65.2462000000005,65.2462000000005,-1,HOLD
2025-01-19 04:55:00,65.35339999999997,65.35339999999997,-1,HOLD
2025-01-19 05:00:00,65.33880000000045,65.33880000000045,-1,HOLD
2025-01-19 05:05:00,65.45920000000024,65.45920000000024,-1,HOLD
2025-01-19 05:10:00,65.58600000000024,65.58600000000024,-1,HOLD
2025-01-19 05:15:00,65.5601999999999,65.5601999999999,-1,HOLD
2025-01-19 05:20:00,65.61959999999999,65.61959999999999,-1,HOLD
2025-01-19 05:25:00,65.57639999999992,65.57639999999992,-1,HOLD
2025-01-19 05:30:00,65.5601999999999,65.5601999999999,-1,HOLD
2025-01-19 05:35:00,65.60279999999966,65.60279999999966,-1,HOLD
2025-01-19 05:40:00,65.57679999999982,65.57679999999982,-1,HOLD
2025-01-19 05:45:00,65.59019999999964,65.59019999999964,-1,HOLD
2025-01-19 05:50:00,65.59019999999964,65.59019999999964,-1,HOLD
2025-01-19 05:55:00,65.46799999999985,65.46799999999985,-1,HOLD
2025-01-19 06:00:00,65.54100000000017,65.54100000000017,-1,HOLD
2025-01-19 06:05:00,65.64639999999963,65.64639999999963,-1,HOLD
2025-01-19 06:10:00,65.59420000000046,65.59420000000046,-1,HOLD
2025-01-19 06:15:00,65.67219999999998,65.67219999999998,-1,HOLD
2025-01-19 06:20:00,65.65160000000014,65.65160000000014,-1,HOLD
2025-01-19 06:25:00,65.6869999999999,65.6869999999999,-1,HOLD
2025-01-19 06:30:00,65.73400000000038,65.73400000000038,-1,HOLD
2025-01-19 06:35:00,65.75420000000031,65.75420000000031,-1,HOLD
2025-01-19 06:40:00,65.72379999999976,65.72379999999976,-1,HOLD
2025-01-19 06:45:00,65.6855999999998,65.6855999999998,-1,HOLD
2025-01-19 06:50:00,65.70799999999963,65.70799999999963,-1,HOLD
2025-01-19 06:55:00,65.69459999999981,65.69459999999981,-1,HOLD
2025-01-19 07:00:00,65.75380000000041,65.75380000000041,-1,HOLD
2025-01-19 07:05:00,65.6880000000001,65.6880000000001,-1,HOLD
2025-01-19 07:10:00,65.74319999999989,65.74319999999989,-1,HOLD
2025-01-19 07:15:00,65.77499999999964,65.77499999999964,-1,HOLD
2025-01-19 07:20:00,65.8739999999998,65.8739999999998,-1,HOLD
2025-01-19 07:25:00,65.95359999999982,65.95359999999982,-1,HOLD
2025-01-19 07:30:00,66.22800000000007,66.22800000000007,-1,HOLD
2025-01-19 07:35:00,66.28359999999975,66.28359999999975,-1,HOLD
2025-01-19 07:40:00,66.40639999999985,66.40639999999985,-1,HOLD
2025-01-19 07:45:00,66.21699999999964,66.21699999999964,-1,HOLD
2025-01-19 07:50:00,66.29539999999997,66.29539999999997,-1,HOLD
2025-01-19 07:55:00,66.15520000000015,66.15520000000015,-1,HOLD
2025-01-19 08:00:00,66.10040000000026,66.10040000000026,-1,HOLD
2025-01-19 08:05:00,66.04719999999998,66.04719999999998,-1,HOLD
2025-01-19 08:10:00,65.98400000000038,65.98400000000038,-1,HOLD
2025-01-19 08:15:00,66.29320000000007,66.29320000000007,-1,HOLD
2025-01-19 08:20:00,66.3155999999999,66.3155999999999,-1,HOLD
2025-01-19 08:25:00,66.34180000000015,66.34180000000015,-1,HOLD
2025-01-19 08:30:00,66.3774000000003,66.3774000000003,-1,HOLD
2025-01-19 08:35:00,66.33020000000033,66.33020000000033,-1,HOLD
2025-01-19 08:40:00,66.35199999999986,66.35199999999986,-1,HOLD
2025-01-19 08:45:00,66.44980000000032,66.44980000000032,-1,HOLD
2025-01-19 08:50:00,66.3730000000005,66.3730000000005,-1,HOLD
2025-01-19 08:55:00,66.28620000000046,66.28620000000046,-1,HOLD
2025-01-19 09:00:00,66.40920000000006,66.40920000000006,-1,HOLD
2025-01-19 09:05:00,66.8144000000002,66.8144000000002,-1,HOLD
2025-01-19 09:10:00,67.19539999999961,67.19539999999961,-1,HOLD
2025-01-19 09:15:00,67.01860000000033,67.01860000000033,-1,HOLD
2025-01-19 09:20:00,67.15480000000025,67.15480000000025,-1,HOLD
2025-01-19 09:25:00,66.94660000000022,66.94660000000022,-1,HOLD
2025-01-19 09:30:00,66.84500000000025,66.84500000000025,-1,HOLD
2025-01-19 09:35:00,66.8163999999997,66.8163999999997,-1,HOLD
2025-01-19 09:40:00,66.95700000000033,66.95700000000033,-1,HOLD
2025-01-19 09:45:00,66.98639999999978,66.98639999999978,-1,HOLD
2025-01-19 09:50:00,67.15139999999974,67.15139999999974,-1,HOLD
2025-01-19 09:55:00,67.01540000000023,67.01540000000023,-1,HOLD
2025-01-19 10:00:00,67.00340000000051,67.00340000000051,-1,HOLD
2025-01-19 10:05:00,67.05240000000049,67.05240000000049,-1,HOLD
2025-01-19 10:10:00,67.05240000000049,67.05240000000049,-1,HOLD
2025-01-19 10:15:00,67.05240000000049,67.05240000000049,-1,HOLD
2025-01-19 10:20:00,67.04700000000048,67.04700000000048,-1,HOLD
2025-01-19 10:25:00,67.15580000000045,67.15580000000045,-1,HOLD
2025-01-19 10:30:00,67.10339999999997,67.10339999999997,-1,HOLD
2025-01-19 10:35:00,67.3735999999999,67.3735999999999,-1,HOLD
2025-01-19 10:40:00,67.48859999999968,67.48859999999968,-1,HOLD
2025-01-19 10:45:00,67.16139999999996,67.16139999999996,-1,HOLD
2025-01-19 10:50:00,67.16139999999996,67.16139999999996,-1,HOLD
2025-01-19 10:55:00,67.1256000000003,67.1256000000003,-1,HOLD
2025-01-19 11:00:00,67.10860000000048,67.10860000000048,-1,HOLD
2025-01-19 11:05:00,67.19000000000051,67.19000000000051,-1,HOLD
2025-01-19 11:10:00,66.89959999999974,66.89959999999974,-1,HOLD
2025-01-19 11:15:00,66.98620000000028,66.98620000000028,-1,HOLD
2025-01-19 11:20:00,66.88299999999981,66.88299999999981,-1,HOLD
2025-01-19 11:25:00,66.69779999999992,66.69779999999992,-1,HOLD
2025-01-19 11:30:00,66.88659999999982,66.88659999999982,-1,HOLD
2025-01-19 11:35:00,66.72620000000006,66.72620000000006,-1,HOLD
2025-01-19 11:40:00,66.64620000000014,66.64620000000014,-1,HOLD
2025-01-19 11:45:00,66.96799999999985,66.96799999999985,-1,HOLD
2025-01-19 11:50:00,66.95799999999963,66.95799999999963,-1,HOLD
2025-01-19 11:55:00,66.71560000000045,66.71560000000045,-1,HOLD
2025-01-19 12:00:00,66.6832000000004,66.6832000000004,-1,HOLD
2025-01-19 12:05:00,66.63559999999961,66.63559999999961,-1,HOLD
2025-01-19 12:10:00,66.58659999999963,66.58659999999963,-1,HOLD
2025-01-19 12:15:00,66.01440000000002,66.01440000000002,-1,HOLD
2025-01-19 12:20:00,66.09799999999996,66.09799999999996,-1,HOLD
2025-01-19 12:25:00,65.98819999999978,65.98819999999978,-1,HOLD
2025-01-19 12:30:00,65.66240000000016,65.66240000000016,-1,HOLD
2025-01-19 12:35:00,65.95480000000043,65.95480000000043,-1,HOLD
2025-01-19 12:40:00,66.0032000000001,66.0032000000001,-1,HOLD
2025-01-19 12:45:00,66.0,66.0,-1,HOLD
2025-01-19 12:50:00,65.8100000000004,65.8100000000004,-1,HOLD
2025-01-19 12:55:00,65.65440000000035,65.65440000000035,-1,HOLD
2025-01-19 13:00:00,65.5600000000004,65.5600000000004,-1,HOLD
2025-01-19 13:05:00,65.90539999999964,65.90539999999964,-1,HOLD
2025-01-19 13:10:00,65.3119999999999,65.3119999999999,-1,HOLD
2025-01-19 13:15:00,65.31680000000051,65.31680000000051,-1,HOLD
2025-01-19 13:20:00,65.48720000000048,65.48720000000048,-1,HOLD
2025-01-19 13:25:00,65.60739999999987,65.60739999999987,-1,HOLD
2025-01-19 13:30:00,65.4975999999997,65.4975999999997,-1,HOLD
2025-01-19 13:35:00,65.64300000000003,65.64300000000003,-1,HOLD
2025-01-19 13:40:00,65.63580000000002,65.63580000000002,-1,HOLD
2025-01-19 13:45:00,65.68199999999979,65.68199999999979,-1,HOLD
2025-01-19 13:50:00,65.84060000000045,65.84060000000045,-1,HOLD
2025-01-19 13:55:00,65.91380000000026,65.91380000000026,-1,HOLD
2025-01-19 14:00:00,65.82399999999961,65.82399999999961,-1,HOLD
2025-01-19 14:05:00,65.98440000000028,65.98440000000028,-1,HOLD
2025-01-19 14:10:00,65.90639999999985,65.90639999999985,-1,HOLD
2025-01-19 14:15:00,65.82999999999993,65.82999999999993,-1,HOLD
2025-01-19 14:20:00,65.82999999999993,65.82999999999993,-1,HOLD
2025-01-19 14:25:00,65.92699999999968,65.92699999999968,-1,HOLD
2025-01-19 14:30:00,65.95460000000003,65.95460000000003,-1,HOLD
2025-01-19 14:35:00,65.9362000000001,65.9362000000001,-1,HOLD
2025-01-19 14:40:00,65.9362000000001,65.9362000000001,-1,HOLD
2025-01-19 14:45:00,66.0002000000004,66.0002000000004,-1,HOLD
2025-01-19 14:50:00,65.75380000000041,65.75380000000041,-1,HOLD
2025-01-19 14:55:00,65.75619999999981,65.75619999999981,-1,HOLD
2025-01-19 15:00:00,65.75619999999981,65.75619999999981,-1,HOLD
2025-01-19 15:05:00,65.75380000000041,65.75380000000041,-1,HOLD
2025-01-19 15:10:00,65.60999999999967,65.60999999999967,-1,HOLD
2025-01-19 15:15:00,65.60999999999967,65.60999999999967,-1,HOLD
2025-01-19 15:20:00,65.35260000000017,65.35260000000017,-1,HOLD
2025-01-19 15:25:00,65.35279999999966,65.35279999999966,-1,HOLD
2025-01-19 15:30:00,65.49459999999999,65.49459999999999,-1,HOLD
2025-01-19 15:35:00,65.38439999999991,65.38439999999991,-1,HOLD
2025-01-19 15:40:00,65.4967999999999,65.4967999999999,-1,HOLD
2025-01-19 15:45:00,65.61400000000049,65.61400000000049,-1,HOLD
2025-01-19 15:50:00,65.63820000000032,65.63820000000032,-1,HOLD
2025-01-19 15:55:00,65.60980000000018,65.60980000000018,-1,HOLD
2025-01-19 16:00:00,65.57660000000033,65.57660000000033,-1,HOLD
2025-01-19 16:05:00,65.44819999999982,65.44819999999982,-1,HOLD
2025-01-19 16:10:00,65.31680000000051,65.31680000000051,-1,HOLD
2025-01-19 16:15:00,65.48639999999978,65.48639999999978,-1,HOLD
2025-01-19 16:20:00,65.0,65.0,-1,HOLD
2025-01-19 16:25:00,64.80000000000018,64.80000000000018,-1,HOLD
2025-01-19 16:30:00,65.19920000000002,65.19920000000002,-1,HOLD
2025-01-19 16:35:00,65.18159999999989,65.18159999999989,-1,HOLD
2025-01-19 16:40:00,64.71420000000035,64.71420000000035,-1,HOLD
2025-01-19 16:45:00,64.6264000000001,64.6264000000001,-1,HOLD
2025-01-19 16:50:00,64.74319999999989,64.74319999999989,-1,HOLD
2025-01-19 16:55:00,64.63799999999992,64.63799999999992,-1,HOLD
2025-01-19 17:00:00,64.27999999999975,64.27999999999975,-1,HOLD
2025-01-19 17:05:00,63.6271999999999,63.6271999999999,-1,HOLD
2025-01-19 17:10:00,63.26640000000043,63.26640000000043,-1,HOLD
2025-01-19 17:15:00,63.35639999999967,63.35639999999967,-1,HOLD
2025-01-19 17:20:00,63.06620000000021,63.06620000000021,-1,HOLD
2025-01-19 17:25:00,63.453199999999924,63.453199999999924,-1,HOLD
2025-01-19 17:30:00,63.491399999999885,63.491399999999885,-1,HOLD
2025-01-19 17:35:00,63.81999999999971,63.81999999999971,-1,HOLD
2025-01-19 17:40:00,63.91700000000037,63.91700000000037,-1,HOLD
2025-01-19 17:45:00,64.33820000000014,64.33820000000014,-1,HOLD
2025-01-19 17:50:00,64.63220000000001,64.63220000000001,-1,HOLD
2025-01-19 17:55:00,64.63220000000001,64.63220000000001,-1,HOLD
2025-01-19 18:00:00,64.16380000000026,64.16380000000026,-1,HOLD
2025-01-19 18:05:00,63.935999999999694,63.935999999999694,-1,HOLD
2025-01-19 18:10:00,64.03099999999995,64.03099999999995,-1,HOLD
2025-01-19 18:15:00,63.972999999999956,63.972999999999956,-1,HOLD
2025-01-19 18:20:00,63.746799999999894,63.746799999999894,-1,HOLD
2025-01-19 18:25:00,63.746799999999894,63.746799999999894,-1,HOLD
2025-01-19 18:30:00,63.746799999999894,63.746799999999894,-1,HOLD
2025-01-19 18:35:00,64.09640000000036,64.09640000000036,-1,HOLD
2025-01-19 18:40:00,64.04219999999987,64.04219999999987,-1,HOLD
2025-01-19 18:45:00,64.04619999999977,64.04619999999977,-1,HOLD
2025-01-19 18:50:00,63.5614000000005,63.5614000000005,-1,HOLD
2025-01-19 18:55:00,63.530800000000454,63.530800000000454,-1,HOLD
2025-01-19 19:00:00,63.914600000000064,63.914600000000064,-1,HOLD
2025-01-19 19:05:00,63.57960000000003,63.57960000000003,-1,HOLD
2025-01-19 19:10:00,63.707000000000335,63.707000000000335,-1,HOLD
2025-01-19 19:15:00,63.34720000000016,63.34720000000016,-1,HOLD
2025-01-19 19:20:00,63.60400000000027,63.60400000000027,-1,HOLD
2025-01-19 19:25:00,63.21640000000025,63.21640000000025,-1,HOLD
2025-01-19 19:30:00,63.19180000000051,63.19180000000051,-1,HOLD
2025-01-19 19:35:00,62.80699999999979,62.80699999999979,-1,HOLD
2025-01-19 19:40:00,63.1264000000001,63.1264000000001,-1,HOLD
2025-01-19 19:45:00,63.08100000000013,63.08100000000013,-1,HOLD
2025-01-19 19:50:00,62.77419999999984,62.77419999999984,-1,HOLD
2025-01-19 19:55:00,62.951600000000326,62.951600000000326,-1,HOLD
2025-01-19 20:00:00,63.26059999999961,63.26059999999961,-1,HOLD
2025-01-19 20:05:00,63.21479999999974,63.21479999999974,-1,HOLD
2025-01-19 20:10:00,63.45520000000033,63.45520000000033,-1,HOLD
2025-01-19 20:15:00,63.284599999999955,63.284599999999955,-1,HOLD
2025-01-19 20:20:00,63.41899999999987,63.41899999999987,-1,HOLD
2025-01-19 20:25:00,63.44620000000032,63.44620000000032,-1,HOLD
2025-01-19 20:30:00,63.63159999999971,63.63159999999971,-1,HOLD
2025-01-19 20:35:00,63.887800000000425,63.887800000000425,-1,HOLD
2025-01-19 20:40:00,63.69880000000012,63.69880000000012,-1,HOLD
2025-01-19 20:45:00,63.75,63.75,-1,HOLD
2025-01-19 20:50:00,63.9364000000005,63.9364000000005,-1,HOLD
2025-01-19 20:55:00,64.1858000000002,64.1858000000002,-1,HOLD
2025-01-19 21:00:00,64.22559999999976,64.22559999999976,-1,HOLD
2025-01-19 21:05:00,64.3132000000005,64.3132000000005,-1,HOLD
2025-01-19 21:10:00,64.13439999999991,64.13439999999991,-1,HOLD
2025-01-19 21:15:00,64.03279999999995,64.03279999999995,-1,HOLD
2025-01-19 21:20:00,64.33320000000003,64.33320000000003,-1,HOLD
2025-01-19 21:25:00,64.33820000000014,64.33820000000014,-1,HOLD
2025-01-19 21:30:00,64.30299999999988,64.30299999999988,-1,HOLD
2025-01-19 21:35:00,64.21939999999995,64.21939999999995,-1,HOLD
2025-01-19 21:40:00,64.34140000000025,64.34140000000025,-1,HOLD
2025-01-19 21:45:00,64.0021999999999,64.0021999999999,-1,HOLD
2025-01-19 21:50:00,63.8746000000001,63.8746000000001,-1,HOLD
2025-01-19 21:55:00,65.05559999999969,65.05559999999969,-1,HOLD
2025-01-19 22:00:00,66.4336000000003,66.4336000000003,-1,HOLD
2025-01-19 22:05:00,66.33259999999973,66.33259999999973,-1,HOLD
2025-01-19 22:10:00,67.27440000000024,67.27440000000024,-1,HOLD
2025-01-19 22:15:00,67.09240000000045,67.09240000000045,-1,HOLD
2025-01-19 22:20:00,67.0616,67.0616,-1,HOLD
2025-01-19 22:25:00,67.1248000000005,67.1248000000005,-1,HOLD
2025-01-19 22:30:00,66.52199999999993,66.52199999999993,-1,HOLD
2025-01-19 22:35:00,67.17740000000049,67.17740000000049,-1,HOLD
2025-01-19 22:40:00,67.27239999999983,67.27239999999983,-1,HOLD
2025-01-19 22:45:00,67.38280000000032,67.38280000000032,-1,HOLD
2025-01-19 22:50:00,67.5564000000004,67.5564000000004,-1,HOLD
2025-01-19 22:55:00,67.82679999999982,67.82679999999982,-1,HOLD
2025-01-19 23:00:00,68.39999999999964,68.39999999999964,-1,HOLD
2025-01-19 23:05:00,67.82399999999961,67.82399999999961,-1,HOLD
2025-01-19 23:10:00,68.10699999999997,68.10699999999997,-1,HOLD
2025-01-19 23:15:00,67.66920000000027,67.66920000000027,-1,HOLD
2025-01-19 23:20:00,67.28480000000036,67.28480000000036,-1,HOLD
2025-01-19 23:25:00,67.48819999999978,67.48819999999978,-1,HOLD
2025-01-19 23:30:00,67.64779999999973,67.64779999999973,-1,HOLD
2025-01-19 23:35:00,67.65980000000036,67.65980000000036,-1,HOLD
2025-01-19 23:40:00,67.6221999999998,67.6221999999998,-1,HOLD
2025-01-19 23:45:00,67.4402,67.4402,-1,HOLD
2025-01-19 23:50:00,67.52499999999964,67.52499999999964,-1,HOLD
2025-01-19 23:55:00,67.73300000000017,67.73300000000017,-1,HOLD
2025-01-20 00:00:00,67.6221999999998,67.6221999999998,-1,HOLD
2025-01-20 00:05:00,68.02340000000004,68.02340000000004,-1,HOLD
2025-01-20 00:10:00,67.84060000000045,67.84060000000045,-1,HOLD
2025-01-20 00:15:00,68.1854000000003,68.1854000000003,-1,HOLD
2025-01-20 00:20:00,68.33219999999983,68.33219999999983,-1,HOLD
2025-01-20 00:25:00,68.21219999999994,68.21219999999994,-1,HOLD
2025-01-20 00:30:00,68.03840000000037,68.03840000000037,-1,HOLD
2025-01-20 00:35:00,68.16359999999986,68.16359999999986,-1,HOLD
2025-01-20 00:40:00,68.12960000000021,68.12960000000021,-1,HOLD
2025-01-20 00:45:00,68.21339999999964,68.21339999999964,-1,HOLD
2025-01-20 00:50:00,68.38839999999982,68.38839999999982,-1,HOLD
2025-01-20 00:55:00,68.3680000000004,68.3680000000004,-1,HOLD
2025-01-20 01:00:00,68.33799999999974,68.33799999999974,-1,HOLD
2025-01-20 01:05:00,68.23739999999998,68.23739999999998,-1,HOLD
2025-01-20 01:10:00,68.31999999999971,68.31999999999971,-1,HOLD
2025-01-20 01:15:00,67.75659999999971,67.75659999999971,-1,HOLD
2025-01-20 01:20:00,68.10639999999967,68.10639999999967,-1,HOLD
2025-01-20 01:25:00,68.60500000000047,68.60500000000047,-1,HOLD
2025-01-20 01:30:00,68.42680000000018,68.42680000000018,-1,HOLD
2025-01-20 01:35:00,68.45200000000023,68.45200000000023,-1,HOLD
2025-01-20 01:40:00,68.44380000000001,68.44380000000001,-1,HOLD
2025-01-20 01:45:00,68.47779999999966,68.47779999999966,-1,HOLD
2025-01-20 01:50:00,68.80559999999969,68.80559999999969,-1,HOLD
2025-01-20 01:55:00,68.92380000000048,68.92380000000048,-1,HOLD
2025-01-20 02:00:00,68.6868000000004,68.6868000000004,-1,HOLD
2025-01-20 02:05:00,68.63299999999981,68.63299999999981,-1,HOLD
2025-01-20 02:10:00,68.80159999999978,68.80159999999978,-1,HOLD
2025-01-20 02:15:00,68.56800000000021,68.56800000000021,-1,HOLD
2025-01-20 02:20:00,68.30000000000018,68.30000000000018,-1,HOLD
2025-01-20 02:25:00,68.33979999999974,68.33979999999974,-1,HOLD
2025-01-20 02:30:00,68.15740000000005,68.15740000000005,-1,HOLD
2025-01-20 02:35:00,68.30919999999969,68.30919999999969,-1,HOLD
2025-01-20 02:40:00,68.36539999999968,68.36539999999968,-1,HOLD
2025-01-20 02:45:00,68.17560000000049,68.17560000000049,-1,HOLD
2025-01-20 02:50:00,68.44300000000021,68.44300000000021,-1,HOLD
2025-01-20 02:55:00,68.65020000000004,68.65020000000004,-1,HOLD
2025-01-20 03:00:00,68.44740000000002,68.44740000000002,-1,HOLD
2025-01-20 03:05:00,68.44380000000001,68.44380000000001,-1,HOLD
2025-01-20 03:10:00,68.44779999999992,68.44779999999992,-1,HOLD
2025-01-20 03:15:00,68.44779999999992,68.44779999999992,-1,HOLD
2025-01-20 03:20:00,68.5,68.5,-1,HOLD
2025-01-20 03:25:00,68.5,68.5,-1,HOLD
2025-01-20 03:30:00,68.61380000000008,68.61380000000008,-1,HOLD
2025-01-20 03:35:00,68.59299999999985,68.59299999999985,-1,HOLD
2025-01-20 03:40:00,68.2466000000004,68.2466000000004,-1,HOLD
2025-01-20 03:45:00,68.2539999999999,68.2539999999999,-1,HOLD
2025-01-20 03:50:00,68.51220000000012,68.51220000000012,-1,HOLD
2025-01-20 03:55:00,68.4967999999999,68.4967999999999,-1,HOLD
2025-01-20 04:00:00,68.64819999999963,68.64819999999963,-1,HOLD
2025-01-20 04:05:00,68.62960000000021,68.62960000000021,-1,HOLD
2025-01-20 04:10:00,68.2521999999999,68.2521999999999,-1,HOLD
2025-01-20 04:15:00,68.61560000000009,68.61560000000009,-1,HOLD
2025-01-20 04:20:00,68.23739999999998,68.23739999999998,-1,HOLD
2025-01-20 04:25:00,68.49340000000029,68.49340000000029,-1,HOLD
2025-01-20 04:30:00,68.48580000000038,68.48580000000038,-1,HOLD
2025-01-20 04:35:00,68.15899999999965,68.15899999999965,-1,HOLD
2025-01-20 04:40:00,68.46579999999994,68.46579999999994,-1,HOLD
2025-01-20 04:45:00,67.9980000000005,67.9980000000005,-1,HOLD
2025-01-20 04:50:00,67.55060000000049,67.55060000000049,-1,HOLD
2025-01-20 04:55:00,67.5616,67.5616,-1,HOLD
2025-01-20 05:00:00,67.3775999999998,67.3775999999998,-1,HOLD
2025-01-20 05:05:00,67.10860000000048,67.10860000000048,-1,HOLD
2025-01-20 05:10:00,67.39559999999983,67.39559999999983,-1,HOLD
2025-01-20 05:15:00,67.3757999999998,67.3757999999998,-1,HOLD
2025-01-20 05:20:00,67.19419999999991,67.19419999999991,-1,HOLD
2025-01-20 05:25:00,64.89360000000033,64.89360000000033,-1,HOLD
2025-01-20 05:30:00,65.80420000000049,65.80420000000049,-1,HOLD
2025-01-20 05:35:00,65.36679999999978,65.36679999999978,-1,HOLD
2025-01-20 05:40:00,65.1238000000003,65.1238000000003,-1,HOLD
2025-01-20 05:45:00,64.82819999999992,64.82819999999992,-1,HOLD
2025-01-20 05:50:00,64.32780000000002,64.32780000000002,-1,HOLD
2025-01-20 05:55:00,64.67720000000008,64.67720000000008,-1,HOLD
2025-01-20 06:00:00,64.5677999999998,64.5677999999998,-1,HOLD
2025-01-20 06:05:00,64.67119999999977,64.67119999999977,-1,HOLD
2025-01-20 06:10:00,65.11920000000009,65.11920000000009,-1,HOLD
2025-01-20 06:15:00,66.00680000000011,66.00680000000011,-1,HOLD
2025-01-20 06:20:00,65.46439999999984,65.46439999999984,-1,HOLD
2025-01-20 06:25:00,65.77139999999963,65.77139999999963,-1,HOLD
2025-01-20 06:30:00,65.7507999999998,65.7507999999998,-1,HOLD
2025-01-20 06:35:00,64.60320000000047,64.60320000000047,-1,HOLD
2025-01-20 06:40:00,65.02019999999993,65.02019999999993,-1,HOLD
2025-01-20 06:45:00,64.1858000000002,64.1858000000002,-1,HOLD
2025-01-20 06:50:00,64.89360000000033,64.89360000000033,-1,HOLD
2025-01-20 06:55:00,65.15660000000025,65.15660000000025,-1,HOLD
2025-01-20 07:00:00,64.46479999999974,64.46479999999974,-1,HOLD
2025-01-20 07:05:00,64.82420000000002,64.82420000000002,-1,HOLD
2025-01-20 07:10:00,64.53499999999985,64.53499999999985,-1,HOLD
2025-01-20 07:15:00,64.18339999999989,64.18339999999989,-1,HOLD
2025-01-20 07:20:00,64.1828000000005,64.1828000000005,-1,HOLD
2025-01-20 07:25:00,63.7488000000003,63.7488000000003,-1,HOLD
2025-01-20 07:30:00,64.44520000000011,64.44520000000011,-1,HOLD
2025-01-20 07:35:00,63.530800000000454,63.530800000000454,-1,HOLD
2025-01-20 07:40:00,64.48679999999968,64.48679999999968,-1,HOLD
2025-01-20 07:45:00,64.5614000000005,64.5614000000005,-1,HOLD
2025-01-20 07:50:00,64.16380000000026,64.16380000000026,-1,HOLD
2025-01-20 07:55:00,64.41640000000007,64.41640000000007,-1,HOLD
2025-01-20 08:00:00,64.0,64.0,-1,HOLD
2025-01-20 08:05:00,64.46519999999964,64.46519999999964,-1,HOLD
2025-01-20 08:10:00,64.31880000000001,64.31880000000001,-1,HOLD
2025-01-20 08:15:00,63.887800000000425,63.887800000000425,-1,HOLD
2025-01-20 08:20:00,64.16899999999987,64.16899999999987,-1,HOLD
2025-01-20 08:25:00,64.05000000000018,64.05000000000018,-1,HOLD
2025-01-20 08:30:00,64.03179999999975,64.03179999999975,-1,HOLD
2025-01-20 08:35:00,63.658400000000256,63.658400000000256,-1,HOLD
2025-01-20 08:40:00,63.93419999999969,63.93419999999969,-1,HOLD
2025-01-20 08:45:00,63.32520000000022,63.32520000000022,-1,HOLD
2025-01-20 08:50:00,63.59600000000046,63.59600000000046,-1,HOLD
2025-01-20 08:55:00,63.77559999999994,63.77559999999994,-1,HOLD
2025-01-20 09:00:00,63.69660000000022,63.69660000000022,-1,HOLD
2025-01-20 09:05:00,63.953199999999924,63.953199999999924,-1,HOLD
2025-01-20 09:10:00,64.01140000000032,64.01140000000032,-1,HOLD
2025-01-20 09:15:00,63.871399999999994,63.871399999999994,-1,HOLD
2025-01-20 09:20:00,63.865999999999985,63.865999999999985,-1,HOLD
2025-01-20 09:25:00,63.85320000000047,63.85320000000047,-1,HOLD
2025-01-20 09:30:00,64.11719999999968,64.11719999999968,-1,HOLD
2025-01-20 09:35:00,64.28120000000035,64.28120000000035,-1,HOLD
2025-01-20 09:40:00,63.85440000000017,63.85440000000017,-1,HOLD
2025-01-20 09:45:00,63.78179999999975,63.78179999999975,-1,HOLD
2025-01-20 09:50:00,63.908400000000256,63.908400000000256,-1,HOLD
2025-01-20 09:55:00,63.8771999999999,63.8771999999999,-1,HOLD
2025-01-20 10:00:00,64.39360000000033,64.39360000000033,-1,HOLD
2025-01-20 10:05:00,64.53520000000026,64.53520000000026,-1,HOLD
2025-01-20 10:10:00,64.63220000000001,64.63220000000001,-1,HOLD
2025-01-20 10:15:00,64.8797999999997,64.8797999999997,-1,HOLD
2025-01-20 10:20:00,65.11920000000009,65.11920000000009,-1,HOLD
2025-01-20 10:25:00,65.27819999999974,65.27819999999974,-1,HOLD
2025-01-20 10:30:00,65.44080000000031,65.44080000000031,-1,HOLD
2025-01-20 10:35:00,65.28399999999965,65.28399999999965,-1,HOLD
2025-01-20 10:40:00,64.75939999999991,64.75939999999991,-1,HOLD
2025-01-20 10:45:00,65.04320000000007,65.04320000000007,-1,HOLD
2025-01-20 10:50:00,64.96000000000004,64.96000000000004,-1,HOLD
2025-01-20 10:55:00,64.97239999999965,64.97239999999965,-1,HOLD
2025-01-20 11:00:00,64.96619999999984,64.96619999999984,-1,HOLD
2025-01-20 11:05:00,64.96500000000015,64.96500000000015,-1,HOLD
2025-01-20 11:10:00,65.02019999999993,65.02019999999993,-1,HOLD
2025-01-20 11:15:00,65.29460000000017,65.29460000000017,-1,HOLD
2025-01-20 11:20:00,65.35500000000047,65.35500000000047,-1,HOLD
2025-01-20 11:25:00,64.95520000000033,64.95520000000033,-1,HOLD
2025-01-20 11:30:00,65.11359999999968,65.11359999999968,-1,HOLD
2025-01-20 11:35:00,65.49359999999979,65.49359999999979,-1,HOLD
2025-01-20 11:40:00,65.35440000000017,65.35440000000017,-1,HOLD
2025-01-20 11:45:00,65.24200000000019,65.24200000000019,-1,HOLD
2025-01-20 11:50:00,65.3738000000003,65.3738000000003,-1,HOLD
2025-01-20 11:55:00,65.3738000000003,65.3738000000003,-1,HOLD
2025-01-20 12:00:00,65.21680000000015,65.21680000000015,-1,HOLD
2025-01-20 12:05:00,65.21479999999974,65.21479999999974,-1,HOLD
2025-01-20 12:10:00,65.30000000000018,65.30000000000018,-1,HOLD
2025-01-20 12:15:00,65.40400000000045,65.40400000000045,-1,HOLD
2025-01-20 12:20:00,65.30000000000018,65.30000000000018,-1,HOLD
2025-01-20 12:25:00,65.11880000000019,65.11880000000019,-1,HOLD
2025-01-20 12:30:00,65.35819999999967,65.35819999999967,-1,HOLD
2025-01-20 12:35:00,65.56680000000051,65.56680000000051,-1,HOLD
2025-01-20 12:40:00,65.4948000000004,65.4948000000004,-1,HOLD
2025-01-20 12:45:00,65.85559999999987,65.85559999999987,-1,HOLD
2025-01-20 12:50:00,65.44920000000002,65.44920000000002,-1,HOLD
2025-01-20 12:55:00,65.64379999999983,65.64379999999983,-1,HOLD
2025-01-20 13:00:00,65.64159999999993,65.64159999999993,-1,HOLD
2025-01-20 13:05:00,66.1895999999997,66.1895999999997,-1,HOLD
2025-01-20 13:10:00,66.0645999999997,66.0645999999997,-1,HOLD
2025-01-20 13:15:00,65.86920000000009,65.86920000000009,-1,HOLD
2025-01-20 13:20:00,66.00900000000001,66.00900000000001,-1,HOLD
2025-01-20 13:25:00,65.69679999999971,65.69679999999971,-1,HOLD
2025-01-20 13:30:00,65.44920000000002,65.44920000000002,-1,HOLD
2025-01-20 13:35:00,65.6868000000004,65.6868000000004,-1,HOLD
2025-01-20 13:40:00,65.77000000000044,65.77000000000044,-1,HOLD
2025-01-20 13:45:00,65.8100000000004,65.8100000000004,-1,HOLD
2025-01-20 13:50:00,65.98239999999987,65.98239999999987,-1,HOLD
2025-01-20 13:55:00,65.75839999999971,65.75839999999971,-1,HOLD
2025-01-20 14:00:00,66.11700000000019,66.11700000000019,-1,HOLD
2025-01-20 14:05:00,66.04460000000017,66.04460000000017,-1,HOLD
2025-01-20 14:10:00,66.1239999999998,66.1239999999998,-1,HOLD
2025-01-20 14:15:00,66.23120000000017,66.23120000000017,-1,HOLD
2025-01-20 14:20:00,66.19480000000021,66.19480000000021,-1,HOLD
2025-01-20 14:25:00,66.00900000000001,66.00900000000001,-1,HOLD
2025-01-20 14:30:00,66.17500000000018,66.17500000000018,-1,HOLD
2025-01-20 14:35:00,66.44459999999981,66.44459999999981,-1,HOLD
2025-01-20 14:40:00,66.97559999999976,66.97559999999976,-1,HOLD
2025-01-20 14:45:00,67.92000000000007,67.92000000000007,-1,HOLD
2025-01-20 14:50:00,68.24579999999969,68.24579999999969,-1,HOLD
2025-01-20 14:55:00,68.39999999999964,68.39999999999964,-1,HOLD
2025-01-20 15:00:00,68.83539999999994,68.83539999999994,-1,HOLD
2025-01-20 15:05:00,68.79960000000028,68.79960000000028,-1,HOLD
2025-01-20 15:10:00,68.7444000000005,68.7444000000005,-1,HOLD
2025-01-20 15:15:00,68.30000000000018,68.30000000000018,-1,HOLD
2025-01-20 15:20:00,67.76000000000022,67.76000000000022,-1,HOLD
2025-01-20 15:25:00,68.08160000000044,68.08160000000044,-1,HOLD
2025-01-20 15:30:00,67.3786,67.3786,-1,HOLD
2025-01-20 15:35:00,67.40679999999975,67.40679999999975,-1,HOLD
2025-01-20 15:40:00,67.41840000000047,67.41840000000047,-1,HOLD
2025-01-20 15:45:00,67.6862000000001,67.6862000000001,-1,HOLD
2025-01-20 15:50:00,67.7507999999998,67.7507999999998,-1,HOLD
2025-01-20 15:55:00,67.80000000000018,67.80000000000018,-1,HOLD
2025-01-20 16:00:00,67.85599999999977,67.85599999999977,-1,HOLD
2025-01-20 16:05:00,67.86300000000028,67.86300000000028,-1,HOLD
2025-01-20 16:10:00,67.9948000000004,67.9948000000004,-1,HOLD
2025-01-20 16:15:00,68.08399999999983,68.08399999999983,-1,HOLD
2025-01-20 16:20:00,68.05299999999988,68.05299999999988,-1,HOLD
2025-01-20 16:25:00,68.15160000000014,68.15160000000014,-1,HOLD
2025-01-20 16:30:00,68.20420000000013,68.20420000000013,-1,HOLD
2025-01-20 16:35:00,68.20420000000013,68.20420000000013,-1,HOLD
2025-01-20 16:40:00,67.9967999999999,67.9967999999999,-1,HOLD
2025-01-20 16:45:00,67.67720000000008,67.67720000000008,-1,HOLD
2025-01-20 16:50:00,67.90779999999995,67.90779999999995,-1,HOLD
2025-01-20 16:55:00,67.72820000000047,67.72820000000047,-1,HOLD
2025-01-20 17:00:00,67.75420000000031,67.75420000000031,-1,HOLD
2025-01-20 17:05:00,68.20719999999983,68.20719999999983,-1,HOLD
2025-01-20 17:10:00,68.03980000000047,68.03980000000047,-1,HOLD
2025-01-20 17:15:00,67.97659999999996,67.97659999999996,-1,HOLD
2025-01-20 17:20:00,67.82880000000023,67.82880000000023,-1,HOLD
2025-01-20 17:25:00,67.64620000000014,67.64620000000014,-1,HOLD
2025-01-20 17:30:00,67.4372000000003,67.4372000000003,-1,HOLD
2025-01-20 17:35:00,67.10760000000028,67.10760000000028,-1,HOLD
2025-01-20 17:40:00,67.34540000000015,67.34540000000015,-1,HOLD
2025-01-20 17:45:00,67.46460000000025,67.46460000000025,-1,HOLD
2025-01-20 17:50:00,67.32620000000043,67.32620000000043,-1,HOLD
2025-01-20 17:55:00,67.34839999999986,67.34839999999986,-1,HOLD
2025-01-20 18:00:00,67.35239999999976,67.35239999999976,-1,HOLD
2025-01-20 18:05:00,67.45759999999973,67.45759999999973,-1,HOLD
2025-01-20 18:10:00,67.51540000000023,67.51540000000023,-1,HOLD
2025-01-20 18:15:00,67.57520000000022,67.57520000000022,-1,HOLD
2025-01-20 18:20:00,67.63379999999961,67.63379999999961,-1,HOLD
2025-01-20 18:25:00,67.78960000000006,67.78960000000006,-1,HOLD
2025-01-20 18:30:00,67.75799999999981,67.75799999999981,-1,HOLD
2025-01-20 18:35:00,67.54539999999997,67.54539999999997,-1,HOLD
2025-01-20 18:40:00,67.4989999999998,67.4989999999998,-1,HOLD
2025-01-20 18:45:00,67.46540000000005,67.46540000000005,-1,HOLD
2025-01-20 18:50:00,67.32899999999972,67.32899999999972,-1,HOLD
2025-01-20 18:55:00,67.07719999999972,67.07719999999972,-1,HOLD
2025-01-20 19:00:00,67.08500000000004,67.08500000000004,-1,HOLD
2025-01-20 19:05:00,67.07719999999972,67.07719999999972,-1,HOLD
2025-01-20 19:10:00,66.85559999999987,66.85559999999987,-1,HOLD
2025-01-20 19:15:00,67.11700000000019,67.11700000000019,-1,HOLD
2025-01-20 19:20:00,67.4390000000003,67.4390000000003,-1,HOLD
2025-01-20 19:25:00,67.19999999999982,67.19999999999982,-1,HOLD
2025-01-20 19:30:00,67.2444000000005,67.2444000000005,-1,HOLD
2025-01-20 19:35:00,67.45399999999972,67.45399999999972,-1,HOLD
2025-01-20 19:40:00,67.4366,67.4366,-1,HOLD
2025-01-20 19:45:00,67.41679999999997,67.41679999999997,-1,HOLD
2025-01-20 19:50:00,67.41820000000007,67.41820000000007,-1,HOLD
2025-01-20 19:55:00,67.61999999999989,67.61999999999989,-1,HOLD
2025-01-20 20:00:00,67.41939999999977,67.41939999999977,-1,HOLD
2025-01-20 20:05:00,67.16579999999976,67.16579999999976,-1,HOLD
2025-01-20 20:10:00,66.61380000000008,66.61380000000008,-1,HOLD
2025-01-20 20:15:00,66.22599999999966,66.22599999999966,-1,HOLD
2025-01-20 20:20:00,65.96979999999985,65.96979999999985,-1,HOLD
2025-01-20 20:25:00,66.23499999999967,66.23499999999967,-1,HOLD
2025-01-20 20:30:00,66.33259999999973,66.33259999999973,-1,HOLD
2025-01-20 20:35:00,65.69340000000011,65.69340000000011,-1,HOLD
2025-01-20 20:40:00,65.8096000000005,65.8096000000005,-1,HOLD
2025-01-20 20:45:00,66.20399999999972,66.20399999999972,-1,HOLD
2025-01-20 20:50:00,66.20399999999972,66.20399999999972,-1,HOLD
2025-01-20 20:55:00,66.19080000000031,66.19080000000031,-1,HOLD
2025-01-20 21:00:00,66.38360000000011,66.38360000000011,-1,HOLD
2025-01-20 21:05:00,66.17479999999978,66.17479999999978,-1,HOLD
2025-01-20 21:10:00,66.17479999999978,66.17479999999978,-1,HOLD
2025-01-20 21:15:00,66.25420000000031,66.25420000000031,-1,HOLD
2025-01-20 21:20:00,66.3748000000005,66.3748000000005,-1,HOLD
2025-01-20 21:25:00,66.51440000000002,66.51440000000002,-1,HOLD
2025-01-20 21:30:00,66.84259999999995,66.84259999999995,-1,HOLD
2025-01-20 21:35:00,66.57539999999972,66.57539999999972,-1,HOLD
2025-01-20 21:40:00,66.51440000000002,66.51440000000002,-1,HOLD
2025-01-20 21:45:00,66.45480000000043,66.45480000000043,-1,HOLD
2025-01-20 21:50:00,66.57300000000032,66.57300000000032,-1,HOLD
2025-01-20 21:55:00,66.89480000000003,66.89480000000003,-1,HOLD
2025-01-20 22:00:00,66.72220000000016,66.72220000000016,-1,HOLD
2025-01-20 22:05:00,66.97739999999976,66.97739999999976,-1,HOLD
2025-01-20 22:10:00,67.1228000000001,67.1228000000001,-1,HOLD
2025-01-20 22:15:00,66.90020000000004,66.90020000000004,-1,HOLD
2025-01-20 22:20:00,67.03420000000006,67.03420000000006,-1,HOLD
2025-01-20 22:25:00,67.03420000000006,67.03420000000006,-1,HOLD
2025-01-20 22:30:00,66.80519999999979,66.80519999999979,-1,HOLD
2025-01-20 22:35:00,66.9964,66.9964,-1,HOLD
2025-01-20 22:40:00,66.89840000000004,66.89840000000004,-1,HOLD
2025-01-20 22:45:00,67.01100000000042,67.01100000000042,-1,HOLD
2025-01-20 22:50:00,67.10699999999997,67.10699999999997,-1,HOLD
2025-01-20 22:55:00,67.11440000000039,67.11440000000039,-1,HOLD
2025-01-20 23:00:00,66.88799999999992,66.88799999999992,-1,HOLD
2025-01-20 23:05:00,67.2444000000005,67.2444000000005,-1,HOLD
2025-01-20 23:10:00,67.38000000000011,67.38000000000011,-1,HOLD
2025-01-20 23:15:00,67.35199999999986,67.35199999999986,-1,HOLD
2025-01-20 23:20:00,67.03939999999966,67.03939999999966,-1,HOLD
2025-01-20 23:25:00,67.49459999999999,67.49459999999999,-1,HOLD
2025-01-20 23:30:00,67.10660000000007,67.10660000000007,-1,HOLD
2025-01-20 23:35:00,67.25160000000051,67.25160000000051,-1,HOLD
2025-01-20 23:40:00,67.38900000000012,67.38900000000012,-1,HOLD
2025-01-20 23:45:00,66.88180000000011,66.88180000000011,-1,HOLD
2025-01-20 23:50:00,66.82600000000002,66.82600000000002,-1,HOLD
2025-01-20 23:55:00,66.60180000000037,66.60180000000037,-1,HOLD
2025-01-21 00:00:00,66.9980000000005,66.9980000000005,-1,HOLD
2025-01-21 00:05:00,66.74539999999979,66.74539999999979,-1,HOLD
2025-01-21 00:10:00,66.22760000000017,66.22760000000017,-1,HOLD
2025-01-21 00:15:00,66.60000000000036,66.60000000000036,-1,HOLD
2025-01-21 00:20:00,66.7464,66.7464,-1,HOLD
2025-01-21 00:25:00,67.01479999999992,67.01479999999992,-1,HOLD
2025-01-21 00:30:00,66.84519999999975,66.84519999999975,-1,HOLD
2025-01-21 00:35:00,67.34680000000026,67.34680000000026,-1,HOLD
2025-01-21 00:40:00,67.34019999999964,67.34019999999964,-1,HOLD
2025-01-21 00:45:00,67.57660000000033,67.57660000000033,-1,HOLD
2025-01-21 00:50:00,67.5685999999996,67.5685999999996,-1,HOLD
2025-01-21 00:55:00,67.57480000000032,67.57480000000032,-1,HOLD
2025-01-21 01:00:00,66.40859999999975,66.40859999999975,-1,HOLD
2025-01-21 01:05:00,66.92720000000008,66.92720000000008,-1,HOLD
2025-01-21 01:10:00,66.44459999999981,66.44459999999981,-1,HOLD
2025-01-21 01:15:00,66.28300000000036,66.28300000000036,-1,HOLD
2025-01-21 01:20:00,67.0,67.0,-1,HOLD
2025-01-21 01:25:00,66.46960000000036,66.46960000000036,-1,HOLD
2025-01-21 01:30:00,66.40599999999995,66.40599999999995,-1,HOLD
2025-01-21 01:35:00,64.9423999999999,64.9423999999999,-1,HOLD
2025-01-21 01:40:00,65.0025999999998,65.0025999999998,-1,HOLD
2025-01-21 01:45:00,65.52599999999984,65.52599999999984,-1,HOLD
2025-01-21 01:50:00,65.89379999999983,65.89379999999983,-1,HOLD
2025-01-21 01:55:00,65.51680000000033,65.51680000000033,-1,HOLD
2025-01-21 02:00:00,66.29299999999967,66.29299999999967,-1,HOLD
2025-01-21 02:05:00,66.12960000000021,66.12960000000021,-1,HOLD
2025-01-21 02:10:00,66.04839999999967,66.04839999999967,-1,HOLD
2025-01-21 02:15:00,65.7543999999998,65.7543999999998,-1,HOLD
2025-01-21 02:20:00,66.42200000000048,66.42200000000048,-1,HOLD
2025-01-21 02:25:00,66.14900000000034,66.14900000000034,-1,HOLD
2025-01-21 02:30:00,66.16380000000026,66.16380000000026,-1,HOLD
2025-01-21 02:35:00,66.46200000000044,66.46200000000044,-1,HOLD
2025-01-21 02:40:00,66.08280000000013,66.08280000000013,-1,HOLD
2025-01-21 02:45:00,66.34640000000036,66.34640000000036,-1,HOLD
2025-01-21 02:50:00,66.6217999999999,66.6217999999999,-1,HOLD
2025-01-21 02:55:00,66.51419999999962,66.51419999999962,-1,HOLD
2025-01-21 03:00:00,66.34360000000015,66.34360000000015,-1,HOLD
2025-01-21 03:05:00,66.34360000000015,66.34360000000015,-1,HOLD
2025-01-21 03:10:00,66.34360000000015,66.34360000000015,-1,HOLD
2025-01-21 03:15:00,66.47239999999965,66.47239999999965,-1,HOLD
2025-01-21 03:20:00,66.58899999999994,66.58899999999994,-1,HOLD
2025-01-21 03:25:00,66.97379999999976,66.97379999999976,-1,HOLD
2025-01-21 03:30:00,66.88580000000002,66.88580000000002,-1,HOLD
2025-01-21 03:35:00,67.21640000000025,67.21640000000025,-1,HOLD
2025-01-21 03:40:00,66.9318000000003,66.9318000000003,-1,HOLD
2025-01-21 03:45:00,66.8778000000002,66.8778000000002,-1,HOLD
2025-01-21 03:50:00,67.16539999999986,67.16539999999986,-1,HOLD
2025-01-21 03:55:00,67.16539999999986,67.16539999999986,-1,HOLD
2025-01-21 04:00:00,66.7471999999998,66.7471999999998,-1,HOLD
2025-01-21 04:05:00,66.64720000000034,66.64720000000034,-1,HOLD
2025-01-21 04:10:00,66.60239999999976,66.60239999999976,-1,HOLD
2025-01-21 04:15:00,66.34360000000015,66.34360000000015,-1,HOLD
2025-01-21 04:20:00,66.34360000000015,66.34360000000015,-1,HOLD
2025-01-21 04:25:00,66.67960000000039,66.67960000000039,-1,HOLD
2025-01-21 04:30:00,66.67540000000008,66.67540000000008,-1,HOLD
2025-01-21 04:35:00,66.69999999999982,66.69999999999982,-1,HOLD
2025-01-21 04:40:00,66.69999999999982,66.69999999999982,-1,HOLD
2025-01-21 04:45:00,66.80320000000029,66.80320000000029,-1,HOLD
2025-01-21 04:50:00,66.78060000000005,66.78060000000005,-1,HOLD
2025-01-21 04:55:00,66.49499999999989,66.49499999999989,-1,HOLD
2025-01-21 05:00:00,66.59979999999996,66.59979999999996,-1,HOLD
2025-01-21 05:05:00,66.58640000000014,66.58640000000014,-1,HOLD
2025-01-21 05:10:00,66.54399999999987,66.54399999999987,-1,HOLD
2025-01-21 05:15:00,66.52599999999984,66.52599999999984,-1,HOLD
2025-01-21 05:20:00,66.75920000000042,66.75920000000042,-1,HOLD
2025-01-21 05:25:00,66.61999999999989,66.61999999999989,-1,HOLD
2025-01-21 05:30:00,66.54119999999966,66.54119999999966,-1,HOLD
2025-01-21 05:35:00,66.40639999999985,66.40639999999985,-1,HOLD
2025-01-21 05:40:00,66.3775999999998,66.3775999999998,-1,HOLD
2025-01-21 05:45:00,66.26599999999962,66.26599999999962,-1,HOLD
2025-01-21 05:50:00,66.14580000000024,66.14580000000024,-1,HOLD
2025-01-21 05:55:00,65.73099999999977,65.73099999999977,-1,HOLD
2025-01-21 06:00:00,65.21600000000035,65.21600000000035,-1,HOLD
2025-01-21 06:05:00,65.83460000000014,65.83460000000014,-1,HOLD
2025-01-21 06:10:00,65.42219999999998,65.42219999999998,-1,HOLD
2025-01-21 06:15:00,65.60040000000026,65.60040000000026,-1,HOLD
2025-01-21 06:20:00,65.76339999999982,65.76339999999982,-1,HOLD
2025-01-21 06:25:00,66.05140000000029,66.05140000000029,-1,HOLD
2025-01-21 06:30:00,66.23499999999967,66.23499999999967,-1,HOLD
2025-01-21 06:35:00,66.21860000000015,66.21860000000015,-1,HOLD
2025-01-21 06:40:00,66.21860000000015,66.21860000000015,-1,HOLD
2025-01-21 06:45:00,66.36660000000029,66.36660000000029,-1,HOLD
2025-01-21 06:50:00,66.40859999999975,66.40859999999975,-1,HOLD
2025-01-21 06:55:00,66.4336000000003,66.4336000000003,-1,HOLD
2025-01-21 07:00:00,66.33799999999974,66.33799999999974,-1,HOLD
2025-01-21 07:05:00,66.17380000000048,66.17380000000048,-1,HOLD
2025-01-21 07:10:00,65.98660000000018,65.98660000000018,-1,HOLD
2025-01-21 07:15:00,65.73700000000008,65.73700000000008,-1,HOLD
2025-01-21 07:20:00,66.00900000000001,66.00900000000001,-1,HOLD
2025-01-21 07:25:00,66.10739999999987,66.10739999999987,-1,HOLD
2025-01-21 07:30:00,66.0601999999999,66.0601999999999,-1,HOLD
2025-01-21 07:35:00,66.0601999999999,66.0601999999999,-1,HOLD
2025-01-21 07:40:00,66.03120000000035,66.03120000000035,-1,HOLD
2025-01-21 07:45:00,65.33179999999993,65.33179999999993,-1,HOLD
2025-01-21 07:50:00,65.60599999999977,65.60599999999977,-1,HOLD
2025-01-21 07:55:00,65.54259999999977,65.54259999999977,-1,HOLD
2025-01-21 08:00:00,65.7471999999998,65.7471999999998,-1,HOLD
2025-01-21 08:05:00,65.19599999999991,65.19599999999991,-1,HOLD
2025-01-21 08:10:00,65.50879999999961,65.50879999999961,-1,HOLD
2025-01-21 08:15:00,65.53319999999985,65.53319999999985,-1,HOLD
2025-01-21 08:20:00,65.15760000000046,65.15760000000046,-1,HOLD
2025-01-21 08:25:00,65.28179999999975,65.28179999999975,-1,HOLD
2025-01-21 08:30:00,65.22860000000037,65.22860000000037,-1,HOLD
2025-01-21 08:35:00,65.30659999999989,65.30659999999989,-1,HOLD
2025-01-21 08:40:00,65.33579999999984,65.33579999999984,-1,HOLD
2025-01-21 08:45:00,65.41380000000026,65.41380000000026,-1,HOLD
2025-01-21 08:50:00,64.60320000000047,64.60320000000047,-1,HOLD
2025-01-21 08:55:00,64.48679999999968,64.48679999999968,-1,HOLD
2025-01-21 09:00:00,64.95820000000003,64.95820000000003,-1,HOLD
2025-01-21 09:05:00,65.17680000000018,65.17680000000018,-1,HOLD
2025-01-21 09:10:00,65.04799999999977,65.04799999999977,-1,HOLD
2025-01-21 09:15:00,64.85320000000047,64.85320000000047,-1,HOLD
2025-01-21 09:20:00,64.74340000000029,64.74340000000029,-1,HOLD
2025-01-21 09:25:00,64.28039999999964,64.28039999999964,-1,HOLD
2025-01-21 09:30:00,64.60919999999987,64.60919999999987,-1,HOLD
2025-01-21 09:35:00,64.78480000000036,64.78480000000036,-1,HOLD
2025-01-21 09:40:00,64.88979999999992,64.88979999999992,-1,HOLD
2025-01-21 09:45:00,64.67740000000049,64.67740000000049,-1,HOLD
2025-01-21 09:50:00,64.89459999999963,64.89459999999963,-1,HOLD
2025-01-21 09:55:00,64.9975999999997,64.9975999999997,-1,HOLD
2025-01-21 10:00:00,64.86139999999978,64.86139999999978,-1,HOLD
2025-01-21 10:05:00,64.95840000000044,64.95840000000044,-1,HOLD
2025-01-21 10:10:00,65.27880000000005,65.27880000000005,-1,HOLD
2025-01-21 10:15:00,65.27059999999983,65.27059999999983,-1,HOLD
2025-01-21 10:20:00,65.21680000000015,65.21680000000015,-1,HOLD
2025-01-21 10:25:00,65.30519999999979,65.30519999999979,-1,HOLD
2025-01-21 10:30:00,64.8797999999997,64.8797999999997,-1,HOLD
2025-01-21 10:35:00,64.93040000000019,64.93040000000019,-1,HOLD
2025-01-21 10:40:00,64.98660000000018,64.98660000000018,-1,HOLD
2025-01-21 10:45:00,64.95579999999973,64.95579999999973,-1,HOLD
2025-01-21 10:50:00,65.07060000000001,65.07060000000001,-1,HOLD
2025-01-21 10:55:00,64.86020000000008,64.86020000000008,-1,HOLD
2025-01-21 11:00:00,65.02019999999993,65.02019999999993,-1,HOLD
2025-01-21 11:05:00,65.1866,65.1866,-1,HOLD
2025-01-21 11:10:00,65.2503999999999,65.2503999999999,-1,HOLD
2025-01-21 11:15:00,65.2503999999999,65.2503999999999,-1,HOLD
2025-01-21 11:20:00,65.33479999999963,65.33479999999963,-1,HOLD
2025-01-21 11:25:00,65.33479999999963,65.33479999999963,-1,HOLD
2025-01-21 11:30:00,65.09739999999965,65.09739999999965,-1,HOLD
2025-01-21 11:35:00,65.02639999999974,65.02639999999974,-1,HOLD
2025-01-21 11:40:00,65.02639999999974,65.02639999999974,-1,HOLD
2025-01-21 11:45:00,65.09979999999996,65.09979999999996,-1,HOLD
2025-01-21 11:50:00,65.09979999999996,65.09979999999996,-1,HOLD
2025-01-21 11:55:00,65.28740000000016,65.28740000000016,-1,HOLD
2025-01-21 12:00:00,65.28740000000016,65.28740000000016,-1,HOLD
2025-01-21 12:05:00,64.71519999999964,64.71519999999964,-1,HOLD
2025-01-21 12:10:00,64.84640000000036,64.84640000000036,-1,HOLD
2025-01-21 12:15:00,64.84640000000036,64.84640000000036,-1,HOLD
2025-01-21 12:20:00,65.18239999999969,65.18239999999969,-1,HOLD
2025-01-21 12:25:00,64.90020000000004,64.90020000000004,-1,HOLD
2025-01-21 12:30:00,64.5622000000003,64.5622000000003,-1,HOLD
2025-01-21 12:35:00,64.8068000000003,64.8068000000003,-1,HOLD
2025-01-21 12:40:00,64.62880000000041,64.62880000000041,-1,HOLD
2025-01-21 12:45:00,64.63379999999961,64.63379999999961,-1,HOLD
2025-01-21 12:50:00,64.79680000000008,64.79680000000008,-1,HOLD
2025-01-21 12:55:00,64.90660000000025,64.90660000000025,-1,HOLD
2025-01-21 13:00:00,64.93339999999989,64.93339999999989,-1,HOLD
2025-01-21 13:05:00,64.94220000000041,64.94220000000041,-1,HOLD
2025-01-21 13:10:00,64.88799999999992,64.88799999999992,-1,HOLD
2025-01-21 13:15:00,64.89639999999963,64.89639999999963,-1,HOLD
2025-01-21 13:20:00,64.82420000000002,64.82420000000002,-1,HOLD
2025-01-21 13:25:00,64.82420000000002,64.82420000000002,-1,HOLD
2025-01-21 13:30:00,64.5047999999997,64.5047999999997,-1,HOLD
2025-01-21 13:35:00,64.77859999999964,64.77859999999964,-1,HOLD
2025-01-21 13:40:00,64.77859999999964,64.77859999999964,-1,HOLD
2025-01-21 13:45:00,64.5568000000003,64.5568000000003,-1,HOLD
2025-01-21 13:50:00,64.49539999999979,64.49539999999979,-1,HOLD
2025-01-21 13:55:00,64.44880000000012,64.44880000000012,-1,HOLD
2025-01-21 14:00:00,64.53319999999985,64.53319999999985,-1,HOLD
2025-01-21 14:05:00,64.77379999999994,64.77379999999994,-1,HOLD
2025-01-21 14:10:00,64.85320000000047,64.85320000000047,-1,HOLD
2025-01-21 14:15:00,64.88079999999991,64.88079999999991,-1,HOLD
2025-01-21 14:20:00,64.82420000000002,64.82420000000002,-1,HOLD
2025-01-21 14:25:00,64.79340000000047,64.79340000000047,-1,HOLD
2025-01-21 14:30:00,64.71339999999964,64.71339999999964,-1,HOLD
2025-01-21 14:35:00,64.5622000000003,64.5622000000003,-1,HOLD
2025-01-21 14:40:00,64.33839999999964,64.33839999999964,-1,HOLD
2025-01-21 14:45:00,64.33839999999964,64.33839999999964,-1,HOLD
2025-01-21 14:50:00,64.84559999999965,64.84559999999965,-1,HOLD
2025-01-21 14:55:00,64.84559999999965,64.84559999999965,-1,HOLD
2025-01-21 15:00:00,64.94940000000042,64.94940000000042,-1,HOLD
2025-01-21 15:05:00,64.67299999999977,64.67299999999977,-1,HOLD
2025-01-21 15:10:00,64.97239999999965,64.97239999999965,-1,HOLD
2025-01-21 15:15:00,64.7529999999997,64.7529999999997,-1,HOLD
2025-01-21 15:20:00,65.11920000000009,65.11920000000009,-1,HOLD
2025-01-21 15:25:00,64.85300000000007,64.85300000000007,-1,HOLD
2025-01-21 15:30:00,64.89339999999993,64.89339999999993,-1,HOLD
2025-01-21 15:35:00,64.93299999999999,64.93299999999999,-1,HOLD
2025-01-21 15:40:00,65.07399999999961,65.07399999999961,-1,HOLD
2025-01-21 15:45:00,65.15499999999975,65.15499999999975,-1,HOLD
2025-01-21 15:50:00,65.15499999999975,65.15499999999975,-1,HOLD
2025-01-21 15:55:00,65.03600000000006,65.03600000000006,-1,HOLD
2025-01-21 16:00:00,64.99099999999999,64.99099999999999,-1,HOLD
2025-01-21 16:05:00,65.00160000000051,65.00160000000051,-1,HOLD
2025-01-21 16:10:00,65.21680000000015,65.21680000000015,-1,HOLD
2025-01-21 16:15:00,65.2493999999997,65.2493999999997,-1,HOLD
2025-01-21 16:20:00,65.14940000000024,65.14940000000024,-1,HOLD
2025-01-21 16:25:00,65.14940000000024,65.14940000000024,-1,HOLD
2025-01-21 16:30:00,65.14940000000024,65.14940000000024,-1,HOLD
2025-01-21 16:35:00,65.14940000000024,65.14940000000024,-1,HOLD
2025-01-21 16:40:00,65.04619999999977,65.04619999999977,-1,HOLD
2025-01-21 16:45:00,64.83759999999984,64.83759999999984,-1,HOLD
2025-01-21 16:50:00,64.98739999999998,64.98739999999998,-1,HOLD
2025-01-21 16:55:00,64.98739999999998,64.98739999999998,-1,HOLD
2025-01-21 17:00:00,65.02580000000034,65.02580000000034,-1,HOLD
2025-01-21 17:05:00,65.38280000000032,65.38280000000032,-1,HOLD
2025-01-21 17:10:00,65.38280000000032,65.38280000000032,-1,HOLD
2025-01-21 17:15:00,65.38280000000032,65.38280000000032,-1,HOLD
2025-01-21 17:20:00,65.23779999999988,65.23779999999988,-1,HOLD
2025-01-21 17:25:00,65.21680000000015,65.21680000000015,-1,HOLD
2025-01-21 17:30:00,65.21680000000015,65.21680000000015,-1,HOLD
2025-01-21 17:35:00,65.35580000000027,65.35580000000027,-1,HOLD
2025-01-21 17:40:00,65.35580000000027,65.35580000000027,-1,HOLD
2025-01-21 17:45:00,65.35580000000027,65.35580000000027,-1,HOLD
2025-01-21 17:50:00,65.41380000000026,65.41380000000026,-1,HOLD
2025-01-21 17:55:00,65.41399999999976,65.41399999999976,-1,HOLD
2025-01-21 18:00:00,65.59580000000005,65.59580000000005,-1,HOLD
2025-01-21 18:05:00,65.65359999999964,65.65359999999964,-1,HOLD
2025-01-21 18:10:00,65.73700000000008,65.73700000000008,-1,HOLD
2025-01-21 18:15:00,65.58920000000035,65.58920000000035,-1,HOLD
2025-01-21 18:20:00,65.59040000000005,65.59040000000005,-1,HOLD
2025-01-21 18:25:00,65.75340000000051,65.75340000000051,-1,HOLD
2025-01-21 18:30:00,65.75340000000051,65.75340000000051,-1,HOLD
2025-01-21 18:35:00,65.84500000000025,65.84500000000025,-1,HOLD
2025-01-21 18:40:00,65.84500000000025,65.84500000000025,-1,HOLD
2025-01-21 18:45:00,65.84500000000025,65.84500000000025,-1,HOLD
2025-01-21 18:50:00,66.14900000000034,66.14900000000034,-1,HOLD
2025-01-21 18:55:00,66.02999999999975,66.02999999999975,-1,HOLD
2025-01-21 19:00:00,66.0608000000002,66.0608000000002,-1,HOLD
2025-01-21 19:05:00,65.95060000000012,65.95060000000012,-1,HOLD
2025-01-21 19:10:00,66.15440000000035,66.15440000000035,-1,HOLD
2025-01-21 19:15:00,66.02499999999964,66.02499999999964,-1,HOLD
2025-01-21 19:20:00,66.10879999999997,66.10879999999997,-1,HOLD
2025-01-21 19:25:00,66.10879999999997,66.10879999999997,-1,HOLD
2025-01-21 19:30:00,66.00900000000001,66.00900000000001,-1,HOLD
2025-01-21 19:35:00,65.9952000000003,65.9952000000003,-1,HOLD
2025-01-21 19:40:00,66.11520000000019,66.11520000000019,-1,HOLD
2025-01-21 19:45:00,65.94459999999981,65.94459999999981,-1,HOLD
2025-01-21 19:50:00,66.1261999999997,66.1261999999997,-1,HOLD
2025-01-21 19:55:00,66.17699999999968,66.17699999999968,-1,HOLD
2025-01-21 20:00:00,66.1275999999998,66.1275999999998,-1,HOLD
2025-01-21 20:05:00,65.86419999999998,65.86419999999998,-1,HOLD
2025-01-21 20:10:00,66.04579999999987,66.04579999999987,-1,HOLD
2025-01-21 20:15:00,66.47640000000047,66.47640000000047,-1,HOLD
2025-01-21 20:20:00,66.3137999999999,66.3137999999999,-1,HOLD
2025-01-21 20:25:00,66.3137999999999,66.3137999999999,-1,HOLD
2025-01-21 20:30:00,66.05240000000049,66.05240000000049,-1,HOLD
2025-01-21 20:35:00,66.08500000000004,66.08500000000004,-1,HOLD
2025-01-21 20:40:00,66.08500000000004,66.08500000000004,-1,HOLD
2025-01-21 20:45:00,66.10660000000007,66.10660000000007,-1,HOLD
2025-01-21 20:50:00,66.11999999999989,66.11999999999989,-1,HOLD
2025-01-21 20:55:00,66.15580000000045,66.15580000000045,-1,HOLD
2025-01-21 21:00:00,66.21799999999985,66.21799999999985,-1,HOLD
2025-01-21 21:05:00,65.92579999999998,65.92579999999998,-1,HOLD
2025-01-21 21:10:00,66.04460000000017,66.04460000000017,-1,HOLD
2025-01-21 21:15:00,66.19419999999991,66.19419999999991,-1,HOLD
2025-01-21 21:20:00,66.15480000000025,66.15480000000025,-1,HOLD
2025-01-21 21:25:00,66.00900000000001,66.00900000000001,-1,HOLD
2025-01-21 21:30:00,65.90120000000024,65.90120000000024,-1,HOLD
2025-01-21 21:35:00,65.94620000000032,65.94620000000032,-1,HOLD
2025-01-21 21:40:00,65.94620000000032,65.94620000000032,-1,HOLD
2025-01-21 21:45:00,66.14000000000033,66.14000000000033,-1,HOLD
2025-01-21 21:50:00,66.03139999999985,66.03139999999985,-1,HOLD
2025-01-21 21:55:00,66.03139999999985,66.03139999999985,-1,HOLD
2025-01-21 22:00:00,66.16060000000016,66.16060000000016,-1,HOLD
2025-01-21 22:05:00,66.22360000000026,66.22360000000026,-1,HOLD
2025-01-21 22:10:00,66.22360000000026,66.22360000000026,-1,HOLD
2025-01-21 22:15:00,66.25380000000041,66.25380000000041,-1,HOLD
2025-01-21 22:20:00,66.57499999999982,66.57499999999982,-1,HOLD
2025-01-21 22:25:00,66.76000000000022,66.76000000000022,-1,HOLD
2025-01-21 22:30:00,66.23019999999997,66.23019999999997,-1,HOLD
2025-01-21 22:35:00,66.1913999999997,66.1913999999997,-1,HOLD
2025-01-21 22:40:00,66.12880000000041,66.12880000000041,-1,HOLD
2025-01-21 22:45:00,66.23499999999967,66.23499999999967,-1,HOLD
2025-01-21 22:50:00,66.20380000000023,66.20380000000023,-1,HOLD
2025-01-21 22:55:00,66.10660000000007,66.10660000000007,-1,HOLD
2025-01-21 23:00:00,65.78120000000035,65.78120000000035,-1,HOLD
2025-01-21 23:05:00,65.74380000000019,65.74380000000019,-1,HOLD
2025-01-21 23:10:00,65.58560000000034,65.58560000000034,-1,HOLD
2025-01-21 23:15:00,65.6261999999997,65.6261999999997,-1,HOLD
2025-01-21 23:20:00,65.8100000000004,65.8100000000004,-1,HOLD
2025-01-21 23:25:00,66.0,66.0,-1,HOLD
2025-01-21 23:30:00,65.89919999999984,65.89919999999984,-1,HOLD
2025-01-21 23:35:00,65.84400000000005,65.84400000000005,-1,HOLD
2025-01-21 23:40:00,65.92519999999968,65.92519999999968,-1,HOLD
2025-01-21 23:45:00,65.8100000000004,65.8100000000004,-1,HOLD
2025-01-21 23:50:00,65.76860000000033,65.76860000000033,-1,HOLD
2025-01-21 23:55:00,65.76900000000023,65.76900000000023,-1,HOLD
2025-01-22 00:00:00,65.89440000000013,65.89440000000013,-1,HOLD
2025-01-22 00:05:00,66.05439999999999,66.05439999999999,-1,HOLD
2025-01-22 00:10:00,66.3746000000001,66.3746000000001,-1,HOLD
2025-01-22 00:15:00,66.81999999999971,66.81999999999971,-1,HOLD
2025-01-22 00:20:00,66.69679999999971,66.69679999999971,-1,HOLD
2025-01-22 00:25:00,66.7452000000003,66.7452000000003,-1,HOLD
2025-01-22 00:30:00,66.31720000000041,66.31720000000041,-1,HOLD
2025-01-22 00:35:00,66.40620000000035,66.40620000000035,-1,HOLD
2025-01-22 00:40:00,66.16820000000007,66.16820000000007,-1,HOLD
2025-01-22 00:45:00,66.35339999999997,66.35339999999997,-1,HOLD
2025-01-22 00:50:00,66.39999999999964,66.39999999999964,-1,HOLD
2025-01-22 00:55:00,66.22379999999976,66.22379999999976,-1,HOLD
2025-01-22 01:00:00,66.22379999999976,66.22379999999976,-1,HOLD
2025-01-22 01:05:00,66.47040000000015,66.47040000000015,-1,HOLD
2025-01-22 01:10:00,66.46320000000014,66.46320000000014,-1,HOLD
2025-01-22 01:15:00,66.51320000000032,66.51320000000032,-1,HOLD
2025-01-22 01:20:00,66.50839999999971,66.50839999999971,-1,HOLD
2025-01-22 01:25:00,66.43159999999989,66.43159999999989,-1,HOLD
2025-01-22 01:30:00,66.23679999999968,66.23679999999968,-1,HOLD
2025-01-22 01:35:00,66.3132000000005,66.3132000000005,-1,HOLD
2025-01-22 01:40:00,66.3132000000005,66.3132000000005,-1,HOLD
2025-01-22 01:45:00,66.69740000000002,66.69740000000002,-1,HOLD
2025-01-22 01:50:00,66.84320000000025,66.84320000000025,-1,HOLD
2025-01-22 01:55:00,67.11539999999968,67.11539999999968,-1,HOLD
2025-01-22 02:00:00,66.82499999999982,66.82499999999982,-1,HOLD
2025-01-22 02:05:00,66.90700000000015,66.90700000000015,-1,HOLD
2025-01-22 02:10:00,66.73440000000028,66.73440000000028,-1,HOLD
2025-01-22 02:15:00,66.86260000000038,66.86260000000038,-1,HOLD
2025-01-22 02:20:00,66.91880000000037,66.91880000000037,-1,HOLD
2025-01-22 02:25:00,66.66660000000047,66.66660000000047,-1,HOLD
2025-01-22 02:30:00,67.1228000000001,67.1228000000001,-1,HOLD
2025-01-22 02:35:00,67.15419999999995,67.15419999999995,-1,HOLD
2025-01-22 02:40:00,67.04839999999967,67.04839999999967,-1,HOLD
2025-01-22 02:45:00,67.01280000000042,67.01280000000042,-1,HOLD
2025-01-22 02:50:00,67.01800000000003,67.01800000000003,-1,HOLD
2025-01-22 02:55:00,66.98639999999978,66.98639999999978,-1,HOLD
2025-01-22 03:00:00,66.84320000000025,66.84320000000025,-1,HOLD
2025-01-22 03:05:00,66.66660000000047,66.66660000000047,-1,HOLD
2025-01-22 03:10:00,66.59199999999964,66.59199999999964,-1,HOLD
2025-01-22 03:15:00,66.70139999999992,66.70139999999992,-1,HOLD
2025-01-22 03:20:00,66.58160000000044,66.58160000000044,-1,HOLD
2025-01-22 03:25:00,66.64540000000034,66.64540000000034,-1,HOLD
2025-01-22 03:30:00,66.46339999999964,66.46339999999964,-1,HOLD
2025-01-22 03:35:00,66.42200000000048,66.42200000000048,-1,HOLD
2025-01-22 03:40:00,66.45759999999973,66.45759999999973,-1,HOLD
2025-01-22 03:45:00,66.64260000000013,66.64260000000013,-1,HOLD
2025-01-22 03:50:00,66.65959999999995,66.65959999999995,-1,HOLD
2025-01-22 03:55:00,66.65959999999995,66.65959999999995,-1,HOLD
2025-01-22 04:00:00,66.72180000000026,66.72180000000026,-1,HOLD
2025-01-22 04:05:00,66.65779999999995,66.65779999999995,-1,HOLD
2025-01-22 04:10:00,66.65779999999995,66.65779999999995,-1,HOLD
2025-01-22 04:15:00,66.4996000000001,66.4996000000001,-1,HOLD
2025-01-22 04:20:00,66.4996000000001,66.4996000000001,-1,HOLD
2025-01-22 04:25:00,66.44819999999982,66.44819999999982,-1,HOLD
2025-01-22 04:30:00,66.26659999999993,66.26659999999993,-1,HOLD
2025-01-22 04:35:00,66.26820000000043,66.26820000000043,-1,HOLD
2025-01-22 04:40:00,66.13159999999971,66.13159999999971,-1,HOLD
2025-01-22 04:45:00,66.10159999999996,66.10159999999996,-1,HOLD
2025-01-22 04:50:00,66.33500000000004,66.33500000000004,-1,HOLD
2025-01-22 04:55:00,66.28539999999975,66.28539999999975,-1,HOLD
2025-01-22 05:00:00,66.3096000000005,66.3096000000005,-1,HOLD
2025-01-22 05:05:00,66.23760000000038,66.23760000000038,-1,HOLD
2025-01-22 05:10:00,66.15200000000004,66.15200000000004,-1,HOLD
2025-01-22 05:15:00,66.23760000000038,66.23760000000038,-1,HOLD
2025-01-22 05:20:00,66.23599999999988,66.23599999999988,-1,HOLD
2025-01-22 05:25:00,66.3155999999999,66.3155999999999,-1,HOLD
2025-01-22 05:30:00,66.30839999999989,66.30839999999989,-1,HOLD
2025-01-22 05:35:00,66.45719999999983,66.45719999999983,-1,HOLD
2025-01-22 05:40:00,66.51400000000012,66.51400000000012,-1,HOLD
2025-01-22 05:45:00,66.58280000000013,66.58280000000013,-1,HOLD
2025-01-22 05:50:00,66.67200000000048,66.67200000000048,-1,HOLD
2025-01-22 05:55:00,66.6206000000002,66.6206000000002,-1,HOLD
2025-01-22 06:00:00,66.65359999999964,66.65359999999964,-1,HOLD
2025-01-22 06:05:00,66.64760000000024,66.64760000000024,-1,HOLD
2025-01-22 06:10:00,66.57279999999992,66.57279999999992,-1,HOLD
2025-01-22 06:15:00,66.63839999999982,66.63839999999982,-1,HOLD
2025-01-22 06:20:00,66.65999999999985,66.65999999999985,-1,HOLD
2025-01-22 06:25:00,66.65999999999985,66.65999999999985,-1,HOLD
2025-01-22 06:30:00,66.64040000000023,66.64040000000023,-1,HOLD
2025-01-22 06:35:00,66.73379999999997,66.73379999999997,-1,HOLD
2025-01-22 06:40:00,66.6894000000002,66.6894000000002,-1,HOLD
2025-01-22 06:45:00,66.92740000000049,66.92740000000049,-1,HOLD
2025-01-22 06:50:00,66.82380000000012,66.82380000000012,-1,HOLD
2025-01-22 06:55:00,66.83100000000013,66.83100000000013,-1,HOLD
2025-01-22 07:00:00,66.50740000000042,66.50740000000042,-1,HOLD
2025-01-22 07:05:00,66.50799999999981,66.50799999999981,-1,HOLD
2025-01-22 07:10:00,66.55439999999999,66.55439999999999,-1,HOLD
2025-01-22 07:15:00,66.26440000000002,66.26440000000002,-1,HOLD
2025-01-22 07:20:00,66.42540000000008,66.42540000000008,-1,HOLD
2025-01-22 07:25:00,66.38339999999971,66.38339999999971,-1,HOLD
2025-01-22 07:30:00,66.44940000000042,66.44940000000042,-1,HOLD
2025-01-22 07:35:00,66.30199999999968,66.30199999999968,-1,HOLD
2025-01-22 07:40:00,66.32480000000032,66.32480000000032,-1,HOLD
2025-01-22 07:45:00,66.45600000000013,66.45600000000013,-1,HOLD
2025-01-22 07:50:00,66.45600000000013,66.45600000000013,-1,HOLD
2025-01-22 07:55:00,66.39300000000003,66.39300000000003,-1,HOLD
2025-01-22 08:00:00,66.66160000000036,66.66160000000036,-1,HOLD
2025-01-22 08:05:00,66.66160000000036,66.66160000000036,-1,HOLD
2025-01-22 08:10:00,66.66160000000036,66.66160000000036,-1,HOLD
2025-01-22 08:15:00,66.50200000000041,66.50200000000041,-1,HOLD
2025-01-22 08:20:00,66.59280000000035,66.59280000000035,-1,HOLD
2025-01-22 08:25:00,66.61040000000048,66.61040000000048,-1,HOLD
2025-01-22 08:30:00,66.45859999999993,66.45859999999993,-1,HOLD
2025-01-22 08:35:00,66.45859999999993,66.45859999999993,-1,HOLD
2025-01-22 08:40:00,66.45859999999993,66.45859999999993,-1,HOLD
2025-01-22 08:45:00,66.48620000000028,66.48620000000028,-1,HOLD
2025-01-22 08:50:00,66.79359999999997,66.79359999999997,-1,HOLD
2025-01-22 08:55:00,66.76080000000002,66.76080000000002,-1,HOLD
2025-01-22 09:00:00,66.97140000000036,66.97140000000036,-1,HOLD
2025-01-22 09:05:00,66.93199999999979,66.93199999999979,-1,HOLD
2025-01-22 09:10:00,66.68059999999969,66.68059999999969,-1,HOLD
2025-01-22 09:15:00,66.94840000000022,66.94840000000022,-1,HOLD
2025-01-22 09:20:00,66.94840000000022,66.94840000000022,-1,HOLD
2025-01-22 09:25:00,66.75540000000001,66.75540000000001,-1,HOLD
2025-01-22 09:30:00,66.6854000000003,66.6854000000003,-1,HOLD
2025-01-22 09:35:00,66.77999999999975,66.77999999999975,-1,HOLD
2025-01-22 09:40:00,66.52180000000044,66.52180000000044,-1,HOLD
2025-01-22 09:45:00,66.66399999999976,66.66399999999976,-1,HOLD
2025-01-22 09:50:00,66.52559999999994,66.52559999999994,-1,HOLD
2025-01-22 09:55:00,66.52559999999994,66.52559999999994,-1,HOLD
2025-01-22 10:00:00,66.47180000000026,66.47180000000026,-1,HOLD
2025-01-22 10:05:00,66.50640000000021,66.50640000000021,-1,HOLD
2025-01-22 10:10:00,66.6214,66.6214,-1,HOLD
2025-01-22 10:15:00,66.69660000000022,66.69660000000022,-1,HOLD
2025-01-22 10:20:00,66.58160000000044,66.58160000000044,-1,HOLD
2025-01-22 10:25:00,66.71020000000044,66.71020000000044,-1,HOLD
2025-01-22 10:30:00,66.7485999999999,66.7485999999999,-1,HOLD
2025-01-22 10:35:00,66.6862000000001,66.6862000000001,-1,HOLD
2025-01-22 10:40:00,66.71939999999995,66.71939999999995,-1,HOLD
2025-01-22 10:45:00,66.74039999999968,66.74039999999968,-1,HOLD
2025-01-22 10:50:00,66.8756000000003,66.8756000000003,-1,HOLD
2025-01-22 10:55:00,66.83960000000025,66.83960000000025,-1,HOLD
2025-01-22 11:00:00,66.85360000000037,66.85360000000037,-1,HOLD
2025-01-22 11:05:00,66.77300000000014,66.77300000000014,-1,HOLD
2025-01-22 11:10:00,66.79619999999977,66.79619999999977,-1,HOLD
2025-01-22 11:15:00,66.77099999999973,66.77099999999973,-1,HOLD
2025-01-22 11:20:00,66.88519999999971,66.88519999999971,-1,HOLD
2025-01-22 11:25:00,66.88519999999971,66.88519999999971,-1,HOLD
2025-01-22 11:30:00,66.8739999999998,66.8739999999998,-1,HOLD
2025-01-22 11:35:00,66.8739999999998,66.8739999999998,-1,HOLD
2025-01-22 11:40:00,66.8739999999998,66.8739999999998,-1,HOLD
2025-01-22 11:45:00,66.8739999999998,66.8739999999998,-1,HOLD
2025-01-22 11:50:00,66.60940000000028,66.60940000000028,-1,HOLD
2025-01-22 11:55:00,66.66719999999987,66.66719999999987,-1,HOLD
2025-01-22 12:00:00,66.56580000000031,66.56580000000031,-1,HOLD
2025-01-22 12:05:00,66.63860000000022,66.63860000000022,-1,HOLD
2025-01-22 12:10:00,66.57319999999982,66.57319999999982,-1,HOLD
2025-01-22 12:15:00,66.59860000000026,66.59860000000026,-1,HOLD
2025-01-22 12:20:00,66.60559999999987,66.60559999999987,-1,HOLD
2025-01-22 12:25:00,66.56660000000011,66.56660000000011,-1,HOLD
2025-01-22 12:30:00,66.52180000000044,66.52180000000044,-1,HOLD
2025-01-22 12:35:00,66.40539999999964,66.40539999999964,-1,HOLD
2025-01-22 12:40:00,66.46879999999965,66.46879999999965,-1,HOLD
2025-01-22 12:45:00,66.46879999999965,66.46879999999965,-1,HOLD
2025-01-22 12:50:00,66.51959999999963,66.51959999999963,-1,HOLD
2025-01-22 12:55:00,66.59400000000005,66.59400000000005,-1,HOLD
2025-01-22 13:00:00,66.69580000000042,66.69580000000042,-1,HOLD
2025-01-22 13:05:00,66.75759999999991,66.75759999999991,-1,HOLD
2025-01-22 13:10:00,66.70719999999983,66.70719999999983,-1,HOLD
2025-01-22 13:15:00,66.71100000000024,66.71100000000024,-1,HOLD
2025-01-22 13:20:00,66.61999999999989,66.61999999999989,-1,HOLD
2025-01-22 13:25:00,66.5659999999998,66.5659999999998,-1,HOLD
2025-01-22 13:30:00,66.48499999999967,66.48499999999967,-1,HOLD
2025-01-22 13:35:00,66.49399999999969,66.49399999999969,-1,HOLD
2025-01-22 13:40:00,66.50200000000041,66.50200000000041,-1,HOLD
2025-01-22 13:45:00,66.42579999999998,66.42579999999998,-1,HOLD
2025-01-22 13:50:00,66.46659999999974,66.46659999999974,-1,HOLD
2025-01-22 13:55:00,66.34659999999985,66.34659999999985,-1,HOLD
2025-01-22 14:00:00,66.30220000000008,66.30220000000008,-1,HOLD
2025-01-22 14:05:00,66.47339999999986,66.47339999999986,-1,HOLD
2025-01-22 14:10:00,66.36359999999968,66.36359999999968,-1,HOLD
2025-01-22 14:15:00,66.30079999999998,66.30079999999998,-1,HOLD
2025-01-22 14:20:00,66.34299999999985,66.34299999999985,-1,HOLD
2025-01-22 14:25:00,66.14879999999994,66.14879999999994,-1,HOLD
2025-01-22 14:30:00,66.14059999999972,66.14059999999972,-1,HOLD
2025-01-22 14:35:00,66.16859999999997,66.16859999999997,-1,HOLD
2025-01-22 14:40:00,66.16859999999997,66.16859999999997,-1,HOLD
2025-01-22 14:45:00,66.17600000000039,66.17600000000039,-1,HOLD
2025-01-22 14:50:00,66.17600000000039,66.17600000000039,-1,HOLD
2025-01-22 14:55:00,66.21720000000005,66.21720000000005,-1,HOLD
2025-01-22 15:00:00,66.21720000000005,66.21720000000005,-1,HOLD
2025-01-22 15:05:00,66.23379999999997,66.23379999999997,-1,HOLD
2025-01-22 15:10:00,66.19999999999982,66.19999999999982,-1,HOLD
2025-01-22 15:15:00,66.20740000000023,66.20740000000023,-1,HOLD
2025-01-22 15:20:00,66.14620000000014,66.14620000000014,-1,HOLD
2025-01-22 15:25:00,66.02620000000024,66.02620000000024,-1,HOLD
2025-01-22 15:30:00,66.00659999999971,66.00659999999971,-1,HOLD
2025-01-22 15:35:00,65.98620000000028,65.98620000000028,-1,HOLD
2025-01-22 15:40:00,65.83899999999994,65.83899999999994,-1,HOLD
2025-01-22 15:45:00,65.86580000000049,65.86580000000049,-1,HOLD
2025-01-22 15:50:00,66.41899999999987,66.41899999999987,-1,HOLD
2025-01-22 15:55:00,65.84580000000005,65.84580000000005,-1,HOLD
2025-01-22 16:00:00,65.82560000000012,65.82560000000012,-1,HOLD
2025-01-22 16:05:00,65.83160000000044,65.83160000000044,-1,HOLD
2025-01-22 16:10:00,65.82499999999982,65.82499999999982,-1,HOLD
2025-01-22 16:15:00,65.82560000000012,65.82560000000012,-1,HOLD
2025-01-22 16:20:00,65.74020000000019,65.74020000000019,-1,HOLD
2025-01-22 16:25:00,65.57080000000042,65.57080000000042,-1,HOLD
2025-01-22 16:30:00,65.70280000000002,65.70280000000002,-1,HOLD
2025-01-22 16:35:00,65.6260000000002,65.6260000000002,-1,HOLD
2025-01-22 16:40:00,65.6260000000002,65.6260000000002,-1,HOLD
2025-01-22 16:45:00,65.8100000000004,65.8100000000004,-1,HOLD
2025-01-22 16:50:00,65.98940000000039,65.98940000000039,-1,HOLD
2025-01-22 16:55:00,65.98940000000039,65.98940000000039,-1,HOLD
2025-01-22 17:00:00,65.84960000000046,65.84960000000046,-1,HOLD
2025-01-22 17:05:00,65.84960000000046,65.84960000000046,-1,HOLD
2025-01-22 17:10:00,65.84960000000046,65.84960000000046,-1,HOLD
2025-01-22 17:15:00,65.84960000000046,65.84960000000046,-1,HOLD
2025-01-22 17:20:00,65.8096000000005,65.8096000000005,-1,HOLD
2025-01-22 17:25:00,65.8096000000005,65.8096000000005,-1,HOLD
2025-01-22 17:30:00,65.86179999999968,65.86179999999968,-1,HOLD
2025-01-22 17:35:00,65.89339999999993,65.89339999999993,-1,HOLD
2025-01-22 17:40:00,66.04839999999967,66.04839999999967,-1,HOLD
2025-01-22 17:45:00,65.94260000000031,65.94260000000031,-1,HOLD
2025-01-22 17:50:00,66.01720000000023,66.01720000000023,-1,HOLD
2025-01-22 17:55:00,66.01720000000023,66.01720000000023,-1,HOLD
2025-01-22 18:00:00,66.01720000000023,66.01720000000023,-1,HOLD
2025-01-22 18:05:00,65.82200000000012,65.82200000000012,-1,HOLD
2025-01-22 18:10:00,65.82200000000012,65.82200000000012,-1,HOLD
2025-01-22 18:15:00,65.8717999999999,65.8717999999999,-1,HOLD
2025-01-22 18:20:00,65.8717999999999,65.8717999999999,-1,HOLD
2025-01-22 18:25:00,66.02819999999974,66.02819999999974,-1,HOLD
2025-01-22 18:30:00,66.0025999999998,66.0025999999998,-1,HOLD
2025-01-22 18:35:00,65.94859999999971,65.94859999999971,-1,HOLD
2025-01-22 18:40:00,65.94859999999971,65.94859999999971,-1,HOLD
2025-01-22 18:45:00,65.94859999999971,65.94859999999971,-1,HOLD
2025-01-22 18:50:00,66.01360000000022,66.01360000000022,-1,HOLD
2025-01-22 18:55:00,66.03340000000026,66.03340000000026,-1,HOLD
2025-01-22 19:00:00,66.03340000000026,66.03340000000026,-1,HOLD
2025-01-22 19:05:00,66.30240000000049,66.30240000000049,-1,HOLD
2025-01-22 19:10:00,66.11359999999968,66.11359999999968,-1,HOLD
2025-01-22 19:15:00,66.13360000000011,66.13360000000011,-1,HOLD
2025-01-22 19:20:00,66.26000000000022,66.26000000000022,-1,HOLD
2025-01-22 19:25:00,66.21720000000005,66.21720000000005,-1,HOLD
2025-01-22 19:30:00,66.19300000000021,66.19300000000021,-1,HOLD
2025-01-22 19:35:00,66.17380000000048,66.17380000000048,-1,HOLD
2025-01-22 19:40:00,66.1935999999996,66.1935999999996,-1,HOLD
2025-01-22 19:45:00,66.24319999999989,66.24319999999989,-1,HOLD
2025-01-22 19:50:00,66.55919999999969,66.55919999999969,-1,HOLD
2025-01-22 19:55:00,66.5594000000001,66.5594000000001,-1,HOLD
2025-01-22 20:00:00,66.58420000000024,66.58420000000024,-1,HOLD
2025-01-22 20:05:00,66.54680000000008,66.54680000000008,-1,HOLD
2025-01-22 20:10:00,66.49420000000009,66.49420000000009,-1,HOLD
2025-01-22 20:15:00,66.4344000000001,66.4344000000001,-1,HOLD
2025-01-22 20:20:00,66.3735999999999,66.3735999999999,-1,HOLD
2025-01-22 20:25:00,66.25839999999971,66.25839999999971,-1,HOLD
2025-01-22 20:30:00,66.27900000000045,66.27900000000045,-1,HOLD
2025-01-22 20:35:00,66.31700000000001,66.31700000000001,-1,HOLD
2025-01-22 20:40:00,66.39459999999963,66.39459999999963,-1,HOLD
2025-01-22 20:45:00,66.34839999999986,66.34839999999986,-1,HOLD
2025-01-22 20:50:00,66.29439999999977,66.29439999999977,-1,HOLD
2025-01-22 20:55:00,66.29439999999977,66.29439999999977,-1,HOLD
2025-01-22 21:00:00,66.37920000000031,66.37920000000031,-1,HOLD
2025-01-22 21:05:00,66.20160000000033,66.20160000000033,-1,HOLD
2025-01-22 21:10:00,66.20160000000033,66.20160000000033,-1,HOLD
2025-01-22 21:15:00,66.17020000000048,66.17020000000048,-1,HOLD
2025-01-22 21:20:00,66.16560000000027,66.16560000000027,-1,HOLD
2025-01-22 21:25:00,66.08399999999983,66.08399999999983,-1,HOLD
2025-01-22 21:30:00,66.04839999999967,66.04839999999967,-1,HOLD
2025-01-22 21:35:00,65.94639999999981,65.94639999999981,-1,HOLD
2025-01-22 21:40:00,66.10620000000017,66.10620000000017,-1,HOLD
2025-01-22 21:45:00,65.95359999999982,65.95359999999982,-1,HOLD
2025-01-22 21:50:00,65.78539999999975,65.78539999999975,-1,HOLD
2025-01-22 21:55:00,65.6855999999998,65.6855999999998,-1,HOLD
2025-01-22 22:00:00,65.60739999999987,65.60739999999987,-1,HOLD
2025-01-22 22:05:00,65.64840000000004,65.64840000000004,-1,HOLD
2025-01-22 22:10:00,65.8100000000004,65.8100000000004,-1,HOLD
2025-01-22 22:15:00,65.78679999999986,65.78679999999986,-1,HOLD
2025-01-22 22:20:00,65.71979999999985,65.71979999999985,-1,HOLD
2025-01-22 22:25:00,65.89459999999963,65.89459999999963,-1,HOLD
2025-01-22 22:30:00,66.03420000000006,66.03420000000006,-1,HOLD
2025-01-22 22:35:00,65.92140000000018,65.92140000000018,-1,HOLD
2025-01-22 22:40:00,65.67280000000028,65.67280000000028,-1,HOLD
2025-01-22 22:45:00,65.64739999999983,65.64739999999983,-1,HOLD
2025-01-22 22:50:00,65.68080000000009,65.68080000000009,-1,HOLD
2025-01-22 22:55:00,65.97000000000025,65.97000000000025,-1,HOLD
2025-01-22 23:00:00,65.8100000000004,65.8100000000004,-1,HOLD
2025-01-22 23:05:00,66.04839999999967,66.04839999999967,-1,HOLD
2025-01-22 23:10:00,66.04839999999967,66.04839999999967,-1,HOLD
2025-01-22 23:15:00,65.80159999999978,65.80159999999978,-1,HOLD
2025-01-22 23:20:00,65.61580000000049,65.61580000000049,-1,HOLD
2025-01-22 23:25:00,65.61160000000018,65.61160000000018,-1,HOLD
2025-01-22 23:30:00,65.67299999999977,65.67299999999977,-1,HOLD
2025-01-22 23:35:00,65.65040000000045,65.65040000000045,-1,HOLD
2025-01-22 23:40:00,65.6260000000002,65.6260000000002,-1,HOLD
2025-01-22 23:45:00,65.63960000000043,65.63960000000043,-1,HOLD
2025-01-22 23:50:00,65.73160000000007,65.73160000000007,-1,HOLD
2025-01-22 23:55:00,65.59720000000016,65.59720000000016,-1,HOLD
2025-01-23 00:00:00,65.41920000000027,65.41920000000027,-1,HOLD
2025-01-23 00:05:00,65.46680000000015,65.46680000000015,-1,HOLD
2025-01-23 00:10:00,65.36480000000029,65.36480000000029,-1,HOLD
2025-01-23 00:15:00,65.32560000000012,65.32560000000012,-1,HOLD
2025-01-23 00:20:00,65.53600000000006,65.53600000000006,-1,HOLD
2025-01-23 00:25:00,65.5604000000003,65.5604000000003,-1,HOLD
2025-01-23 00:30:00,65.67720000000008,65.67720000000008,-1,HOLD
2025-01-23 00:35:00,65.66700000000037,65.66700000000037,-1,HOLD
2025-01-23 00:40:00,65.51540000000023,65.51540000000023,-1,HOLD
2025-01-23 00:45:00,65.49219999999968,65.49219999999968,-1,HOLD
2025-01-23 00:50:00,65.52319999999963,65.52319999999963,-1,HOLD
2025-01-23 00:55:00,65.52800000000025,65.52800000000025,-1,HOLD
2025-01-23 01:00:00,65.61160000000018,65.61160000000018,-1,HOLD
2025-01-23 01:05:00,65.67619999999988,65.67619999999988,-1,HOLD
2025-01-23 01:10:00,65.53520000000026,65.53520000000026,-1,HOLD
2025-01-23 01:15:00,65.53520000000026,65.53520000000026,-1,HOLD
2025-01-23 01:20:00,65.53520000000026,65.53520000000026,-1,HOLD
2025-01-23 01:25:00,65.61679999999978,65.61679999999978,-1,HOLD
2025-01-23 01:30:00,65.57759999999962,65.57759999999962,-1,HOLD
2025-01-23 01:35:00,65.57759999999962,65.57759999999962,-1,HOLD
2025-01-23 01:40:00,65.57759999999962,65.57759999999962,-1,HOLD
2025-01-23 01:45:00,65.57759999999962,65.57759999999962,-1,HOLD
2025-01-23 01:50:00,65.67820000000029,65.67820000000029,-1,HOLD
2025-01-23 01:55:00,65.64940000000024,65.64940000000024,-1,HOLD
2025-01-23 02:00:00,65.80339999999978,65.80339999999978,-1,HOLD
2025-01-23 02:05:00,65.69999999999982,65.69999999999982,-1,HOLD
2025-01-23 02:10:00,65.6256000000003,65.6256000000003,-1,HOLD
2025-01-23 02:15:00,65.4348,65.4348,-1,HOLD
2025-01-23 02:20:00,65.70439999999962,65.70439999999962,-1,HOLD
2025-01-23 02:25:00,65.46659999999974,65.46659999999974,-1,HOLD
2025-01-23 02:30:00,65.38420000000042,65.38420000000042,-1,HOLD
2025-01-23 02:35:00,65.58960000000025,65.58960000000025,-1,HOLD
2025-01-23 02:40:00,65.5644000000002,65.5644000000002,-1,HOLD
2025-01-23 02:45:00,65.5644000000002,65.5644000000002,-1,HOLD
2025-01-23 02:50:00,65.5560000000005,65.5560000000005,-1,HOLD
2025-01-23 02:55:00,64.8735999999999,64.8735999999999,-1,HOLD
2025-01-23 03:00:00,65.40819999999985,65.40819999999985,-1,HOLD
2025-01-23 03:05:00,65.04899999999998,65.04899999999998,-1,HOLD
2025-01-23 03:10:00,65.04899999999998,65.04899999999998,-1,HOLD
2025-01-23 03:15:00,65.32819999999992,65.32819999999992,-1,HOLD
2025-01-23 03:20:00,65.41380000000026,65.41380000000026,-1,HOLD
2025-01-23 03:25:00,65.49160000000029,65.49160000000029,-1,HOLD
2025-01-23 03:30:00,65.34619999999995,65.34619999999995,-1,HOLD
2025-01-23 03:35:00,65.34619999999995,65.34619999999995,-1,HOLD
2025-01-23 03:40:00,65.60339999999997,65.60339999999997,-1,HOLD
2025-01-23 03:45:00,65.59060000000045,65.59060000000045,-1,HOLD
2025-01-23 03:50:00,65.36419999999998,65.36419999999998,-1,HOLD
2025-01-23 03:55:00,65.51820000000043,65.51820000000043,-1,HOLD
2025-01-23 04:00:00,65.51820000000043,65.51820000000043,-1,HOLD
2025-01-23 04:05:00,65.42720000000008,65.42720000000008,-1,HOLD
2025-01-23 04:10:00,65.30739999999969,65.30739999999969,-1,HOLD
2025-01-23 04:15:00,65.35980000000018,65.35980000000018,-1,HOLD
2025-01-23 04:20:00,65.35080000000016,65.35080000000016,-1,HOLD
2025-01-23 04:25:00,65.46579999999994,65.46579999999994,-1,HOLD
2025-01-23 04:30:00,65.53840000000037,65.53840000000037,-1,HOLD
2025-01-23 04:35:00,65.52580000000034,65.52580000000034,-1,HOLD
2025-01-23 04:40:00,65.3714,65.3714,-1,HOLD
2025-01-23 04:45:00,65.32679999999982,65.32679999999982,-1,HOLD
2025-01-23 04:50:00,65.1864000000005,65.1864000000005,-1,HOLD
2025-01-23 04:55:00,65.26900000000023,65.26900000000023,-1,HOLD
2025-01-23 05:00:00,64.97760000000017,64.97760000000017,-1,HOLD
2025-01-23 05:05:00,64.96659999999974,64.96659999999974,-1,HOLD
2025-01-23 05:10:00,64.96659999999974,64.96659999999974,-1,HOLD
2025-01-23 05:15:00,64.90099999999984,64.90099999999984,-1,HOLD
2025-01-23 05:20:00,64.95939999999973,64.95939999999973,-1,HOLD
2025-01-23 05:25:00,65.07819999999992,65.07819999999992,-1,HOLD
2025-01-23 05:30:00,65.19260000000031,65.19260000000031,-1,HOLD
2025-01-23 05:35:00,65.13680000000022,65.13680000000022,-1,HOLD
2025-01-23 05:40:00,65.13680000000022,65.13680000000022,-1,HOLD
2025-01-23 05:45:00,65.1202000000003,65.1202000000003,-1,HOLD
2025-01-23 05:50:00,65.3076000000001,65.3076000000001,-1,HOLD
2025-01-23 05:55:00,65.14440000000013,65.14440000000013,-1,HOLD
2025-01-23 06:00:00,65.1319999999996,65.1319999999996,-1,HOLD
2025-01-23 06:05:00,65.17519999999968,65.17519999999968,-1,HOLD
2025-01-23 06:10:00,65.17519999999968,65.17519999999968,-1,HOLD
2025-01-23 06:15:00,64.8735999999999,64.8735999999999,-1,HOLD
2025-01-23 06:20:00,64.84519999999975,64.84519999999975,-1,HOLD
2025-01-23 06:25:00,64.84519999999975,64.84519999999975,-1,HOLD
2025-01-23 06:30:00,65.08200000000033,65.08200000000033,-1,HOLD
2025-01-23 06:35:00,65.2521999999999,65.2521999999999,-1,HOLD
2025-01-23 06:40:00,65.2521999999999,65.2521999999999,-1,HOLD
2025-01-23 06:45:00,65.27999999999975,65.27999999999975,-1,HOLD
2025-01-23 06:50:00,65.0594000000001,65.0594000000001,-1,HOLD
2025-01-23 06:55:00,65.09339999999975,65.09339999999975,-1,HOLD
2025-01-23 07:00:00,64.89199999999983,64.89199999999983,-1,HOLD
2025-01-23 07:05:00,64.58500000000004,64.58500000000004,-1,HOLD
2025-01-23 07:10:00,64.66359999999986,64.66359999999986,-1,HOLD
2025-01-23 07:15:00,64.83200000000033,64.83200000000033,-1,HOLD
2025-01-23 07:20:00,64.82200000000012,64.82200000000012,-1,HOLD
2025-01-23 07:25:00,64.82399999999961,64.82399999999961,-1,HOLD
2025-01-23 07:30:00,64.80040000000008,64.80040000000008,-1,HOLD
2025-01-23 07:35:00,64.80040000000008,64.80040000000008,-1,HOLD
2025-01-23 07:40:00,64.90760000000046,64.90760000000046,-1,HOLD
2025-01-23 07:45:00,64.90760000000046,64.90760000000046,-1,HOLD
2025-01-23 07:50:00,64.82380000000012,64.82380000000012,-1,HOLD
2025-01-23 07:55:00,64.80000000000018,64.80000000000018,-1,HOLD
2025-01-23 08:00:00,64.80000000000018,64.80000000000018,-1,HOLD
2025-01-23 08:05:00,65.10419999999976,65.10419999999976,-1,HOLD
2025-01-23 08:10:00,65.10419999999976,65.10419999999976,-1,HOLD
2025-01-23 08:15:00,64.88519999999971,64.88519999999971,-1,HOLD
2025-01-23 08:20:00,64.92259999999987,64.92259999999987,-1,HOLD
2025-01-23 08:25:00,64.9391999999998,64.9391999999998,-1,HOLD
2025-01-23 08:30:00,64.97779999999966,64.97779999999966,-1,HOLD
2025-01-23 08:35:00,65.00659999999971,65.00659999999971,-1,HOLD
2025-01-23 08:40:00,64.97440000000006,64.97440000000006,-1,HOLD
2025-01-23 08:45:00,64.90580000000045,64.90580000000045,-1,HOLD
2025-01-23 08:50:00,65.05420000000049,65.05420000000049,-1,HOLD
2025-01-23 08:55:00,65.13900000000012,65.13900000000012,-1,HOLD
2025-01-23 09:00:00,65.04439999999977,65.04439999999977,-1,HOLD
2025-01-23 09:05:00,65.15099999999984,65.15099999999984,-1,HOLD
2025-01-23 09:10:00,65.15099999999984,65.15099999999984,-1,HOLD
2025-01-23 09:15:00,64.90959999999995,64.90959999999995,-1,HOLD
2025-01-23 09:20:00,65.01059999999961,65.01059999999961,-1,HOLD
2025-01-23 09:25:00,65.14639999999963,65.14639999999963,-1,HOLD
2025-01-23 09:30:00,65.13839999999982,65.13839999999982,-1,HOLD
2025-01-23 09:35:00,64.95480000000043,64.95480000000043,-1,HOLD
2025-01-23 09:40:00,64.90700000000015,64.90700000000015,-1,HOLD
2025-01-23 09:45:00,64.63379999999961,64.63379999999961,-1,HOLD
2025-01-23 09:50:00,64.64699999999993,64.64699999999993,-1,HOLD
2025-01-23 09:55:00,64.58560000000034,64.58560000000034,-1,HOLD
2025-01-23 10:00:00,64.67280000000028,64.67280000000028,-1,HOLD
2025-01-23 10:05:00,64.40760000000046,64.40760000000046,-1,HOLD
2025-01-23 10:10:00,64.38020000000051,64.38020000000051,-1,HOLD
2025-01-23 10:15:00,64.24579999999969,64.24579999999969,-1,HOLD
2025-01-23 10:20:00,64.33259999999973,64.33259999999973,-1,HOLD
2025-01-23 10:25:00,64.47820000000047,64.47820000000047,-1,HOLD
2025-01-23 10:30:00,64.47820000000047,64.47820000000047,-1,HOLD
2025-01-23 10:35:00,64.29320000000007,64.29320000000007,-1,HOLD
2025-01-23 10:40:00,64.36419999999998,64.36419999999998,-1,HOLD
2025-01-23 10:45:00,64.36419999999998,64.36419999999998,-1,HOLD
2025-01-23 10:50:00,64.35999999999967,64.35999999999967,-1,HOLD
2025-01-23 10:55:00,64.27620000000024,64.27620000000024,-1,HOLD
2025-01-23 11:00:00,64.55360000000019,64.55360000000019,-1,HOLD
2025-01-23 11:05:00,64.6840000000002,64.6840000000002,-1,HOLD
2025-01-23 11:10:00,64.36859999999979,64.36859999999979,-1,HOLD
2025-01-23 11:15:00,64.38040000000001,64.38040000000001,-1,HOLD
2025-01-23 11:20:00,64.78219999999965,64.78219999999965,-1,HOLD
2025-01-23 11:25:00,64.7480000000005,64.7480000000005,-1,HOLD
2025-01-23 11:30:00,64.73859999999968,64.73859999999968,-1,HOLD
2025-01-23 11:35:00,64.82399999999961,64.82399999999961,-1,HOLD
2025-01-23 11:40:00,64.80919999999969,64.80919999999969,-1,HOLD
2025-01-23 11:45:00,64.64660000000003,64.64660000000003,-1,HOLD
2025-01-23 11:50:00,64.34159999999974,64.34159999999974,-1,HOLD
2025-01-23 11:55:00,64.48779999999988,64.48779999999988,-1,HOLD
2025-01-23 12:00:00,64.52239999999983,64.52239999999983,-1,HOLD
2025-01-23 12:05:00,64.60620000000017,64.60620000000017,-1,HOLD
2025-01-23 12:10:00,64.60620000000017,64.60620000000017,-1,HOLD
2025-01-23 12:15:00,64.42560000000049,64.42560000000049,-1,HOLD
2025-01-23 12:20:00,64.28639999999996,64.28639999999996,-1,HOLD
2025-01-23 12:25:00,64.22620000000006,64.22620000000006,-1,HOLD
2025-01-23 12:30:00,64.17759999999998,64.17759999999998,-1,HOLD
2025-01-23 12:35:00,63.779999999999745,63.779999999999745,-1,HOLD
2025-01-23 12:40:00,63.98000000000047,63.98000000000047,-1,HOLD
2025-01-23 12:45:00,63.994400000000496,63.994400000000496,-1,HOLD
2025-01-23 12:50:00,63.966599999999744,63.966599999999744,-1,HOLD
2025-01-23 12:55:00,63.899999999999636,63.899999999999636,-1,HOLD
2025-01-23 13:00:00,64.10739999999987,64.10739999999987,-1,HOLD
2025-01-23 13:05:00,64.13400000000001,64.13400000000001,-1,HOLD
2025-01-23 13:10:00,64.15340000000015,64.15340000000015,-1,HOLD
2025-01-23 13:15:00,64.13400000000001,64.13400000000001,-1,HOLD
2025-01-23 13:20:00,64.22879999999986,64.22879999999986,-1,HOLD
2025-01-23 13:25:00,64.15480000000025,64.15480000000025,-1,HOLD
2025-01-23 13:30:00,64.19580000000042,64.19580000000042,-1,HOLD
2025-01-23 13:35:00,64.3132000000005,64.3132000000005,-1,HOLD
2025-01-23 13:40:00,64.35320000000047,64.35320000000047,-1,HOLD
2025-01-23 13:45:00,64.3746000000001,64.3746000000001,-1,HOLD
2025-01-23 13:50:00,64.32179999999971,64.32179999999971,-1,HOLD
2025-01-23 13:55:00,64.3096000000005,64.3096000000005,-1,HOLD
2025-01-23 14:00:00,64.3756000000003,64.3756000000003,-1,HOLD
2025-01-23 14:05:00,64.29219999999987,64.29219999999987,-1,HOLD
2025-01-23 14:10:00,64.39300000000003,64.39300000000003,-1,HOLD
2025-01-23 14:15:00,64.39919999999984,64.39919999999984,-1,HOLD
2025-01-23 14:20:00,64.39919999999984,64.39919999999984,-1,HOLD
2025-01-23 14:25:00,64.52980000000025,64.52980000000025,-1,HOLD
2025-01-23 14:30:00,64.38119999999981,64.38119999999981,-1,HOLD
2025-01-23 14:35:00,64.38600000000042,64.38600000000042,-1,HOLD
2025-01-23 14:40:00,64.26119999999992,64.26119999999992,-1,HOLD
2025-01-23 14:45:00,64.19899999999961,64.19899999999961,-1,HOLD
2025-01-23 14:50:00,64.10220000000027,64.10220000000027,-1,HOLD
2025-01-23 14:55:00,64.22620000000006,64.22620000000006,-1,HOLD
2025-01-23 15:00:00,64.09019999999964,64.09019999999964,-1,HOLD
2025-01-23 15:05:00,64.10699999999997,64.10699999999997,-1,HOLD
2025-01-23 15:10:00,64.25,64.25,-1,HOLD
2025-01-23 15:15:00,64.27139999999963,64.27139999999963,-1,HOLD
2025-01-23 15:20:00,64.28420000000006,64.28420000000006,-1,HOLD
2025-01-23 15:25:00,64.21579999999994,64.21579999999994,-1,HOLD
2025-01-23 15:30:00,64.34420000000046,64.34420000000046,-1,HOLD
2025-01-23 15:35:00,64.47440000000006,64.47440000000006,-1,HOLD
2025-01-23 15:40:00,64.47440000000006,64.47440000000006,-1,HOLD
2025-01-23 15:45:00,64.59400000000005,64.59400000000005,-1,HOLD
2025-01-23 15:50:00,64.61400000000049,64.61400000000049,-1,HOLD
2025-01-23 15:55:00,64.60140000000047,64.60140000000047,-1,HOLD
2025-01-23 16:00:00,64.60140000000047,64.60140000000047,-1,HOLD
2025-01-23 16:05:00,64.60140000000047,64.60140000000047,-1,HOLD
2025-01-23 16:10:00,64.60140000000047,64.60140000000047,-1,HOLD
2025-01-23 16:15:00,64.60140000000047,64.60140000000047,-1,HOLD
2025-01-23 16:20:00,64.4340000000002,64.4340000000002,-1,HOLD
2025-01-23 16:25:00,64.4340000000002,64.4340000000002,-1,HOLD
2025-01-23 16:30:00,64.35120000000006,64.35120000000006,-1,HOLD
2025-01-23 16:35:00,64.44660000000022,64.44660000000022,-1,HOLD
2025-01-23 16:40:00,64.38439999999991,64.38439999999991,-1,HOLD
2025-01-23 16:45:00,64.32639999999992,64.32639999999992,-1,HOLD
2025-01-23 16:50:00,64.2462000000005,64.2462000000005,-1,HOLD
2025-01-23 16:55:00,64.2462000000005,64.2462000000005,-1,HOLD
2025-01-23 17:00:00,64.33880000000045,64.33880000000045,-1,HOLD
2025-01-23 17:05:00,64.3104000000003,64.3104000000003,-1,HOLD
2025-01-23 17:10:00,64.4310000000005,64.4310000000005,-1,HOLD
2025-01-23 17:15:00,64.4310000000005,64.4310000000005,-1,HOLD
2025-01-23 17:20:00,64.35660000000007,64.35660000000007,-1,HOLD
2025-01-23 17:25:00,64.29640000000018,64.29640000000018,-1,HOLD
2025-01-23 17:30:00,64.1862000000001,64.1862000000001,-1,HOLD
2025-01-23 17:35:00,64.22540000000026,64.22540000000026,-1,HOLD
2025-01-23 17:40:00,64.14680000000044,64.14680000000044,-1,HOLD
2025-01-23 17:45:00,64.1253999999999,64.1253999999999,-1,HOLD
2025-01-23 17:50:00,63.96680000000015,63.96680000000015,-1,HOLD
2025-01-23 17:55:00,63.905399999999645,63.905399999999645,-1,HOLD
2025-01-23 18:00:00,63.899999999999636,63.899999999999636,-1,HOLD
2025-01-23 18:05:00,63.990600000000086,63.990600000000086,-1,HOLD
2025-01-23 18:10:00,63.944000000000415,63.944000000000415,-1,HOLD
2025-01-23 18:15:00,64.02400000000034,64.02400000000034,-1,HOLD
2025-01-23 18:20:00,64.23980000000029,64.23980000000029,-1,HOLD
2025-01-23 18:25:00,64.13320000000022,64.13320000000022,-1,HOLD
2025-01-23 18:30:00,64.13320000000022,64.13320000000022,-1,HOLD
2025-01-23 18:35:00,63.970000000000255,63.970000000000255,-1,HOLD
2025-01-23 18:40:00,63.85779999999977,63.85779999999977,-1,HOLD
2025-01-23 18:45:00,63.96240000000034,63.96240000000034,-1,HOLD
2025-01-23 18:50:00,63.89419999999973,63.89419999999973,-1,HOLD
2025-01-23 18:55:00,63.89419999999973,63.89419999999973,-1,HOLD
2025-01-23 19:00:00,64.09199999999964,64.09199999999964,-1,HOLD
2025-01-23 19:05:00,63.92879999999968,63.92879999999968,-1,HOLD
2025-01-23 19:10:00,64.1275999999998,64.1275999999998,-1,HOLD
2025-01-23 19:15:00,64.02139999999963,64.02139999999963,-1,HOLD
2025-01-23 19:20:00,64.17839999999978,64.17839999999978,-1,HOLD
2025-01-23 19:25:00,64.13339999999971,64.13339999999971,-1,HOLD
2025-01-23 19:30:00,64.17360000000008,64.17360000000008,-1,HOLD
2025-01-23 19:35:00,64.20319999999992,64.20319999999992,-1,HOLD
2025-01-23 19:40:00,64.32660000000033,64.32660000000033,-1,HOLD
2025-01-23 19:45:00,64.21900000000005,64.21900000000005,-1,HOLD
2025-01-23 19:50:00,64.1850000000004,64.1850000000004,-1,HOLD
2025-01-23 19:55:00,64.1850000000004,64.1850000000004,-1,HOLD
2025-01-23 20:00:00,64.30439999999999,64.30439999999999,-1,HOLD
2025-01-23 20:05:00,64.27080000000024,64.27080000000024,-1,HOLD
2025-01-23 20:10:00,64.04619999999977,64.04619999999977,-1,HOLD
2025-01-23 20:15:00,63.88000000000011,63.88000000000011,-1,HOLD
2025-01-23 20:20:00,63.88000000000011,63.88000000000011,-1,HOLD
2025-01-23 20:25:00,63.88000000000011,63.88000000000011,-1,HOLD
2025-01-23 20:30:00,64.13339999999971,64.13339999999971,-1,HOLD
2025-01-23 20:35:00,64.14000000000033,64.14000000000033,-1,HOLD
2025-01-23 20:40:00,64.06900000000041,64.06900000000041,-1,HOLD
2025-01-23 20:45:00,64.04920000000038,64.04920000000038,-1,HOLD
2025-01-23 20:50:00,64.04920000000038,64.04920000000038,-1,HOLD
2025-01-23 20:55:00,64.27400000000034,64.27400000000034,-1,HOLD
2025-01-23 21:00:00,64.23980000000029,64.23980000000029,-1,HOLD
2025-01-23 21:05:00,64.3122000000003,64.3122000000003,-1,HOLD
2025-01-23 21:10:00,64.20439999999962,64.20439999999962,-1,HOLD
2025-01-23 21:15:00,64.09659999999985,64.09659999999985,-1,HOLD
2025-01-23 21:20:00,64.10000000000036,64.10000000000036,-1,HOLD
2025-01-23 21:25:00,64.19380000000001,64.19380000000001,-1,HOLD
2025-01-23 21:30:00,64.47519999999986,64.47519999999986,-1,HOLD
2025-01-23 21:35:00,64.58500000000004,64.58500000000004,-1,HOLD
2025-01-23 21:40:00,64.45319999999992,64.45319999999992,-1,HOLD
2025-01-23 21:45:00,64.53300000000036,64.53300000000036,-1,HOLD
2025-01-23 21:50:00,64.59339999999975,64.59339999999975,-1,HOLD
2025-01-23 21:55:00,64.82160000000022,64.82160000000022,-1,HOLD
2025-01-23 22:00:00,64.5572000000002,64.5572000000002,-1,HOLD
2025-01-23 22:05:00,64.76720000000023,64.76720000000023,-1,HOLD
2025-01-23 22:10:00,64.60000000000036,64.60000000000036,-1,HOLD
2025-01-23 22:15:00,64.60000000000036,64.60000000000036,-1,HOLD
2025-01-23 22:20:00,64.59199999999964,64.59199999999964,-1,HOLD
2025-01-23 22:25:00,64.75839999999971,64.75839999999971,-1,HOLD
2025-01-23 22:30:00,65.21680000000015,65.21680000000015,-1,HOLD
2025-01-23 22:35:00,65.05339999999978,65.05339999999978,-1,HOLD
2025-01-23 22:40:00,65.21680000000015,65.21680000000015,-1,HOLD
2025-01-23 22:45:00,65.52379999999994,65.52379999999994,-1,HOLD
2025-01-23 22:50:00,65.48160000000007,65.48160000000007,-1,HOLD
2025-01-23 22:55:00,65.30180000000018,65.30180000000018,-1,HOLD
2025-01-23 23:00:00,65.46360000000004,65.46360000000004,-1,HOLD
2025-01-23 23:05:00,64.98520000000008,64.98520000000008,-1,HOLD
2025-01-23 23:10:00,64.78639999999996,64.78639999999996,-1,HOLD
2025-01-23 23:15:00,64.64639999999963,64.64639999999963,-1,HOLD
2025-01-23 23:20:00,64.83439999999973,64.83439999999973,-1,HOLD
2025-01-23 23:25:00,64.63919999999962,64.63919999999962,-1,HOLD
2025-01-23 23:30:00,64.7506000000003,64.7506000000003,-1,HOLD
2025-01-23 23:35:00,65.01059999999961,65.01059999999961,-1,HOLD
2025-01-23 23:40:00,65.11920000000009,65.11920000000009,-1,HOLD
2025-01-23 23:45:00,65.26280000000042,65.26280000000042,-1,HOLD
2025-01-23 23:50:00,65.2478000000001,65.2478000000001,-1,HOLD
2025-01-23 23:55:00,65.2478000000001,65.2478000000001,-1,HOLD
2025-01-24 00:00:00,65.38280000000032,65.38280000000032,-1,HOLD
2025-01-24 00:05:00,65.50600000000031,65.50600000000031,-1,HOLD
2025-01-24 00:10:00,65.75600000000031,65.75600000000031,-1,HOLD
2025-01-24 00:15:00,65.47140000000036,65.47140000000036,-1,HOLD
2025-01-24 00:20:00,65.54839999999967,65.54839999999967,-1,HOLD
2025-01-24 00:25:00,65.39999999999964,65.39999999999964,-1,HOLD
2025-01-24 00:30:00,65.58899999999994,65.58899999999994,-1,HOLD
2025-01-24 00:35:00,65.50740000000042,65.50740000000042,-1,HOLD
2025-01-24 00:40:00,65.52999999999975,65.52999999999975,-1,HOLD
2025-01-24 00:45:00,65.45300000000043,65.45300000000043,-1,HOLD
2025-01-24 00:50:00,65.1253999999999,65.1253999999999,-1,HOLD
2025-01-24 00:55:00,65.3060000000005,65.3060000000005,-1,HOLD
2025-01-24 01:00:00,64.98679999999968,64.98679999999968,-1,HOLD
2025-01-24 01:05:00,64.84680000000026,64.84680000000026,-1,HOLD
2025-01-24 01:10:00,64.8130000000001,64.8130000000001,-1,HOLD
2025-01-24 01:15:00,64.7528000000002,64.7528000000002,-1,HOLD
2025-01-24 01:20:00,64.7528000000002,64.7528000000002,-1,HOLD
2025-01-24 01:25:00,64.82719999999972,64.82719999999972,-1,HOLD
2025-01-24 01:30:00,65.04140000000007,65.04140000000007,-1,HOLD
2025-01-24 01:35:00,65.0598,65.0598,-1,HOLD
2025-01-24 01:40:00,65.08820000000014,65.08820000000014,-1,HOLD
2025-01-24 01:45:00,65.21680000000015,65.21680000000015,-1,HOLD
2025-01-24 01:50:00,65.41200000000026,65.41200000000026,-1,HOLD
2025-01-24 01:55:00,65.41200000000026,65.41200000000026,-1,HOLD
2025-01-24 02:00:00,65.36679999999978,65.36679999999978,-1,HOLD
2025-01-24 02:05:00,65.06500000000051,65.06500000000051,-1,HOLD
2025-01-24 02:10:00,65.01100000000042,65.01100000000042,-1,HOLD
2025-01-24 02:15:00,64.97360000000026,64.97360000000026,-1,HOLD
2025-01-24 02:20:00,64.92720000000008,64.92720000000008,-1,HOLD
2025-01-24 02:25:00,65.20039999999972,65.20039999999972,-1,HOLD
2025-01-24 02:30:00,65.1854000000003,65.1854000000003,-1,HOLD
2025-01-24 02:35:00,65.17320000000018,65.17320000000018,-1,HOLD
2025-01-24 02:40:00,64.8735999999999,64.8735999999999,-1,HOLD
2025-01-24 02:45:00,64.82420000000002,64.82420000000002,-1,HOLD
2025-01-24 02:50:00,64.82420000000002,64.82420000000002,-1,HOLD
2025-01-24 02:55:00,64.82420000000002,64.82420000000002,-1,HOLD
2025-01-24 03:00:00,64.9435999999996,64.9435999999996,-1,HOLD
2025-01-24 03:05:00,64.81540000000041,64.81540000000041,-1,HOLD
2025-01-24 03:10:00,64.80400000000009,64.80400000000009,-1,HOLD
2025-01-24 03:15:00,64.23980000000029,64.23980000000029,-1,HOLD
2025-01-24 03:20:00,64.58680000000004,64.58680000000004,-1,HOLD
2025-01-24 03:25:00,64.42420000000038,64.42420000000038,-1,HOLD
2025-01-24 03:30:00,64.38739999999962,64.38739999999962,-1,HOLD
2025-01-24 03:35:00,64.4340000000002,64.4340000000002,-1,HOLD
2025-01-24 03:40:00,64.51379999999972,64.51379999999972,-1,HOLD
2025-01-24 03:45:00,64.17420000000038,64.17420000000038,-1,HOLD
2025-01-24 03:50:00,63.95920000000024,63.95920000000024,-1,HOLD
2025-01-24 03:55:00,64.22680000000037,64.22680000000037,-1,HOLD
2025-01-24 04:00:00,64.16179999999986,64.16179999999986,-1,HOLD
2025-01-24 04:05:00,64.23980000000029,64.23980000000029,-1,HOLD
2025-01-24 04:10:00,64.78440000000046,64.78440000000046,-1,HOLD
2025-01-24 04:15:00,64.60639999999967,64.60639999999967,-1,HOLD
2025-01-24 04:20:00,64.96100000000024,64.96100000000024,-1,HOLD
2025-01-24 04:25:00,65.55739999999969,65.55739999999969,-1,HOLD
2025-01-24 04:30:00,65.42619999999988,65.42619999999988,-1,HOLD
2025-01-24 04:35:00,65.70799999999963,65.70799999999963,-1,HOLD
2025-01-24 04:40:00,65.59839999999986,65.59839999999986,-1,HOLD
2025-01-24 04:45:00,65.46420000000035,65.46420000000035,-1,HOLD
2025-01-24 04:50:00,65.0010000000002,65.0010000000002,-1,HOLD
2025-01-24 04:55:00,65.1261999999997,65.1261999999997,-1,HOLD
2025-01-24 05:00:00,64.77160000000003,64.77160000000003,-1,HOLD
2025-01-24 05:05:00,64.77779999999984,64.77779999999984,-1,HOLD
2025-01-24 05:10:00,64.82620000000043,64.82620000000043,-1,HOLD
2025-01-24 05:15:00,64.44520000000011,64.44520000000011,-1,HOLD
2025-01-24 05:20:00,64.64540000000034,64.64540000000034,-1,HOLD
2025-01-24 05:25:00,64.77400000000034,64.77400000000034,-1,HOLD
2025-01-24 05:30:00,64.63020000000051,64.63020000000051,-1,HOLD
2025-01-24 05:35:00,64.78960000000006,64.78960000000006,-1,HOLD
2025-01-24 05:40:00,64.90920000000006,64.90920000000006,-1,HOLD
2025-01-24 05:45:00,64.83960000000025,64.83960000000025,-1,HOLD
2025-01-24 05:50:00,64.72059999999965,64.72059999999965,-1,HOLD
2025-01-24 05:55:00,64.97239999999965,64.97239999999965,-1,HOLD
2025-01-24 06:00:00,65.05379999999968,65.05379999999968,-1,HOLD
2025-01-24 06:05:00,65.17339999999967,65.17339999999967,-1,HOLD
2025-01-24 06:10:00,65.27379999999994,65.27379999999994,-1,HOLD
2025-01-24 06:15:00,65.3735999999999,65.3735999999999,-1,HOLD
2025-01-24 06:20:00,65.82880000000023,65.82880000000023,-1,HOLD
2025-01-24 06:25:00,65.84600000000046,65.84600000000046,-1,HOLD
2025-01-24 06:30:00,66.01479999999992,66.01479999999992,-1,HOLD
2025-01-24 06:35:00,66.17339999999967,66.17339999999967,-1,HOLD
2025-01-24 06:40:00,66.08719999999994,66.08719999999994,-1,HOLD
2025-01-24 06:45:00,66.09900000000016,66.09900000000016,-1,HOLD
2025-01-24 06:50:00,66.11260000000038,66.11260000000038,-1,HOLD
2025-01-24 06:55:00,66.39999999999964,66.39999999999964,-1,HOLD
2025-01-24 07:00:00,66.27000000000044,66.27000000000044,-1,HOLD
2025-01-24 07:05:00,66.51360000000022,66.51360000000022,-1,HOLD
2025-01-24 07:10:00,66.3742000000002,66.3742000000002,-1,HOLD
2025-01-24 07:15:00,66.53380000000016,66.53380000000016,-1,HOLD
2025-01-24 07:20:00,66.6864000000005,66.6864000000005,-1,HOLD
2025-01-24 07:25:00,66.64400000000023,66.64400000000023,-1,HOLD
2025-01-24 07:30:00,66.71820000000025,66.71820000000025,-1,HOLD
2025-01-24 07:35:00,66.86419999999998,66.86419999999998,-1,HOLD
2025-01-24 07:40:00,66.88479999999981,66.88479999999981,-1,HOLD
2025-01-24 07:45:00,66.67320000000018,66.67320000000018,-1,HOLD
2025-01-24 07:50:00,66.64019999999982,66.64019999999982,-1,HOLD
2025-01-24 07:55:00,66.64019999999982,66.64019999999982,-1,HOLD
2025-01-24 08:00:00,66.72800000000007,66.72800000000007,-1,HOLD
2025-01-24 08:05:00,66.64019999999982,66.64019999999982,-1,HOLD
2025-01-24 08:10:00,66.64919999999984,66.64919999999984,-1,HOLD
2025-01-24 08:15:00,66.44459999999981,66.44459999999981,-1,HOLD
2025-01-24 08:20:00,66.3710000000001,66.3710000000001,-1,HOLD
2025-01-24 08:25:00,66.32340000000022,66.32340000000022,-1,HOLD
2025-01-24 08:30:00,66.16259999999966,66.16259999999966,-1,HOLD
2025-01-24 08:35:00,66.11880000000019,66.11880000000019,-1,HOLD
2025-01-24 08:40:00,66.02639999999974,66.02639999999974,-1,HOLD
2025-01-24 08:45:00,65.91319999999996,65.91319999999996,-1,HOLD
2025-01-24 08:50:00,65.92640000000029,65.92640000000029,-1,HOLD
2025-01-24 08:55:00,65.78620000000046,65.78620000000046,-1,HOLD
2025-01-24 09:00:00,65.88900000000012,65.88900000000012,-1,HOLD
2025-01-24 09:05:00,66.10840000000007,66.10840000000007,-1,HOLD
2025-01-24 09:10:00,66.08299999999963,66.08299999999963,-1,HOLD
2025-01-24 09:15:00,65.92799999999988,65.92799999999988,-1,HOLD
2025-01-24 09:20:00,66.13360000000011,66.13360000000011,-1,HOLD
2025-01-24 09:25:00,66.33259999999973,66.33259999999973,-1,HOLD
2025-01-24 09:30:00,66.38040000000001,66.38040000000001,-1,HOLD
2025-01-24 09:35:00,66.39400000000023,66.39400000000023,-1,HOLD
2025-01-24 09:40:00,66.20840000000044,66.20840000000044,-1,HOLD
2025-01-24 09:45:00,66.04380000000037,66.04380000000037,-1,HOLD
2025-01-24 09:50:00,65.81620000000021,65.81620000000021,-1,HOLD
2025-01-24 09:55:00,65.85959999999977,65.85959999999977,-1,HOLD
2025-01-24 10:00:00,65.92619999999988,65.92619999999988,-1,HOLD
2025-01-24 10:05:00,66.14159999999993,66.14159999999993,-1,HOLD
2025-01-24 10:10:00,66.07840000000033,66.07840000000033,-1,HOLD
2025-01-24 10:15:00,66.19440000000031,66.19440000000031,-1,HOLD
2025-01-24 10:20:00,66.1274000000003,66.1274000000003,-1,HOLD
2025-01-24 10:25:00,66.15279999999984,66.15279999999984,-1,HOLD
2025-01-24 10:30:00,66.15279999999984,66.15279999999984,-1,HOLD
2025-01-24 10:35:00,66.1895999999997,66.1895999999997,-1,HOLD
2025-01-24 10:40:00,66.0582000000004,66.0582000000004,-1,HOLD
2025-01-24 10:45:00,66.00640000000021,66.00640000000021,-1,HOLD
2025-01-24 10:50:00,65.84600000000046,65.84600000000046,-1,HOLD
2025-01-24 10:55:00,65.69300000000021,65.69300000000021,-1,HOLD
2025-01-24 11:00:00,66.13519999999971,66.13519999999971,-1,HOLD
2025-01-24 11:05:00,65.89339999999993,65.89339999999993,-1,HOLD
2025-01-24 11:10:00,65.8173999999999,65.8173999999999,-1,HOLD
2025-01-24 11:15:00,65.83560000000034,65.83560000000034,-1,HOLD
2025-01-24 11:20:00,65.59000000000015,65.59000000000015,-1,HOLD
2025-01-24 11:25:00,66.14779999999973,66.14779999999973,-1,HOLD
2025-01-24 11:30:00,66.04860000000008,66.04860000000008,-1,HOLD
2025-01-24 11:35:00,66.04299999999967,66.04299999999967,-1,HOLD
2025-01-24 11:40:00,66.14260000000013,66.14260000000013,-1,HOLD
2025-01-24 11:45:00,66.05519999999979,66.05519999999979,-1,HOLD
2025-01-24 11:50:00,66.05519999999979,66.05519999999979,-1,HOLD
2025-01-24 11:55:00,65.9966000000004,65.9966000000004,-1,HOLD
2025-01-24 12:00:00,65.84720000000016,65.84720000000016,-1,HOLD
2025-01-24 12:05:00,65.99279999999999,65.99279999999999,-1,HOLD
2025-01-24 12:10:00,66.15480000000025,66.15480000000025,-1,HOLD
2025-01-24 12:15:00,66.14480000000003,66.14480000000003,-1,HOLD
2025-01-24 12:20:00,66.03340000000026,66.03340000000026,-1,HOLD
2025-01-24 12:25:00,65.93199999999979,65.93199999999979,-1,HOLD
2025-01-24 12:30:00,65.94480000000021,65.94480000000021,-1,HOLD
2025-01-24 12:35:00,66.29399999999987,66.29399999999987,-1,HOLD
2025-01-24 12:40:00,66.3734000000004,66.3734000000004,-1,HOLD
2025-01-24 12:45:00,66.55199999999968,66.55199999999968,-1,HOLD
2025-01-24 12:50:00,66.60159999999996,66.60159999999996,-1,HOLD
2025-01-24 12:55:00,66.73859999999968,66.73859999999968,-1,HOLD
2025-01-24 13:00:00,66.73859999999968,66.73859999999968,-1,HOLD
2025-01-24 13:05:00,66.8134,66.8134,-1,HOLD
2025-01-24 13:10:00,67.01440000000002,67.01440000000002,-1,HOLD
2025-01-24 13:15:00,67.19419999999991,67.19419999999991,-1,HOLD
2025-01-24 13:20:00,67.34799999999996,67.34799999999996,-1,HOLD
2025-01-24 13:25:00,67.39379999999983,67.39379999999983,-1,HOLD
2025-01-24 13:30:00,67.38839999999982,67.38839999999982,-1,HOLD
2025-01-24 13:35:00,67.4998000000005,67.4998000000005,-1,HOLD
2025-01-24 13:40:00,67.33320000000003,67.33320000000003,-1,HOLD
2025-01-24 13:45:00,67.58560000000034,67.58560000000034,-1,HOLD
2025-01-24 13:50:00,67.78939999999966,67.78939999999966,-1,HOLD
2025-01-24 13:55:00,67.91420000000016,67.91420000000016,-1,HOLD
2025-01-24 14:00:00,68.01959999999963,68.01959999999963,-1,HOLD
2025-01-24 14:05:00,67.92060000000038,67.92060000000038,-1,HOLD
2025-01-24 14:10:00,68.10400000000027,68.10400000000027,-1,HOLD
2025-01-24 14:15:00,67.86999999999989,67.86999999999989,-1,HOLD
2025-01-24 14:20:00,67.75640000000021,67.75640000000021,-1,HOLD
2025-01-24 14:25:00,67.98700000000008,67.98700000000008,-1,HOLD
2025-01-24 14:30:00,68.00640000000021,68.00640000000021,-1,HOLD
2025-01-24 14:35:00,67.66920000000027,67.66920000000027,-1,HOLD
2025-01-24 14:40:00,67.625,67.625,-1,HOLD
2025-01-24 14:45:00,67.70399999999972,67.70399999999972,-1,HOLD
2025-01-24 14:50:00,67.70399999999972,67.70399999999972,-1,HOLD
2025-01-24 14:55:00,67.78499999999985,67.78499999999985,-1,HOLD
2025-01-24 15:00:00,67.91020000000026,67.91020000000026,-1,HOLD
2025-01-24 15:05:00,67.91020000000026,67.91020000000026,-1,HOLD
2025-01-24 15:10:00,67.94560000000001,67.94560000000001,-1,HOLD
2025-01-24 15:15:00,67.83299999999963,67.83299999999963,-1,HOLD
2025-01-24 15:20:00,67.83299999999963,67.83299999999963,-1,HOLD
2025-01-24 15:25:00,67.73099999999977,67.73099999999977,-1,HOLD
2025-01-24 15:30:00,67.64519999999993,67.64519999999993,-1,HOLD
2025-01-24 15:35:00,67.69899999999961,67.69899999999961,-1,HOLD
2025-01-24 15:40:00,67.50500000000011,67.50500000000011,-1,HOLD
2025-01-24 15:45:00,67.57459999999992,67.57459999999992,-1,HOLD
2025-01-24 15:50:00,67.57459999999992,67.57459999999992,-1,HOLD
2025-01-24 15:55:00,67.70399999999972,67.70399999999972,-1,HOLD
2025-01-24 16:00:00,67.66340000000037,67.66340000000037,-1,HOLD
2025-01-24 16:05:00,67.57459999999992,67.57459999999992,-1,HOLD
2025-01-24 16:10:00,67.71420000000035,67.71420000000035,-1,HOLD
2025-01-24 16:15:00,67.85440000000017,67.85440000000017,-1,HOLD
2025-01-24 16:20:00,67.92619999999988,67.92619999999988,-1,HOLD
2025-01-24 16:25:00,68.01419999999962,68.01419999999962,-1,HOLD
2025-01-24 16:30:00,68.07420000000002,68.07420000000002,-1,HOLD
2025-01-24 16:35:00,68.1246000000001,68.1246000000001,-1,HOLD
2025-01-24 16:40:00,68.11840000000029,68.11840000000029,-1,HOLD
2025-01-24 16:45:00,67.92699999999968,67.92699999999968,-1,HOLD
2025-01-24 16:50:00,67.92560000000049,67.92560000000049,-1,HOLD
2025-01-24 16:55:00,68.0007999999998,68.0007999999998,-1,HOLD
2025-01-24 17:00:00,68.03020000000015,68.03020000000015,-1,HOLD
2025-01-24 17:05:00,68.11840000000029,68.11840000000029,-1,HOLD
2025-01-24 17:10:00,68.11840000000029,68.11840000000029,-1,HOLD
2025-01-24 17:15:00,68.11840000000029,68.11840000000029,-1,HOLD
2025-01-24 17:20:00,68.15440000000035,68.15440000000035,-1,HOLD
2025-01-24 17:25:00,68.14540000000034,68.14540000000034,-1,HOLD
2025-01-24 17:30:00,67.94679999999971,67.94679999999971,-1,HOLD
2025-01-24 17:35:00,68.02180000000044,68.02180000000044,-1,HOLD
2025-01-24 17:40:00,68.02180000000044,68.02180000000044,-1,HOLD
2025-01-24 17:45:00,68.02180000000044,68.02180000000044,-1,HOLD
2025-01-24 17:50:00,67.92460000000028,67.92460000000028,-1,HOLD
2025-01-24 17:55:00,67.94980000000032,67.94980000000032,-1,HOLD
2025-01-24 18:00:00,68.07819999999992,68.07819999999992,-1,HOLD
2025-01-24 18:05:00,67.9336000000003,67.9336000000003,-1,HOLD
2025-01-24 18:10:00,68.07099999999991,68.07099999999991,-1,HOLD
2025-01-24 18:15:00,68.07099999999991,68.07099999999991,-1,HOLD
2025-01-24 18:20:00,67.90499999999975,67.90499999999975,-1,HOLD
2025-01-24 18:25:00,67.81999999999971,67.81999999999971,-1,HOLD
2025-01-24 18:30:00,67.94620000000032,67.94620000000032,-1,HOLD
2025-01-24 18:35:00,68.01419999999962,68.01419999999962,-1,HOLD
2025-01-24 18:40:00,68.09799999999996,68.09799999999996,-1,HOLD
2025-01-24 18:45:00,68.09799999999996,68.09799999999996,-1,HOLD
2025-01-24 18:50:00,68.23180000000048,68.23180000000048,-1,HOLD
2025-01-24 18:55:00,68.17380000000048,68.17380000000048,-1,HOLD
2025-01-24 19:00:00,68.17060000000038,68.17060000000038,-1,HOLD
2025-01-24 19:05:00,68.16820000000007,68.16820000000007,-1,HOLD
2025-01-24 19:10:00,68.05379999999968,68.05379999999968,-1,HOLD
2025-01-24 19:15:00,68.14940000000024,68.14940000000024,-1,HOLD
2025-01-24 19:20:00,68.14800000000014,68.14800000000014,-1,HOLD
2025-01-24 19:25:00,68.14800000000014,68.14800000000014,-1,HOLD
2025-01-24 19:30:00,68.05580000000009,68.05580000000009,-1,HOLD
2025-01-24 19:35:00,68.03179999999975,68.03179999999975,-1,HOLD
2025-01-24 19:40:00,68.03179999999975,68.03179999999975,-1,HOLD
2025-01-24 19:45:00,67.98559999999998,67.98559999999998,-1,HOLD
2025-01-24 19:50:00,67.98419999999987,67.98419999999987,-1,HOLD
2025-01-24 19:55:00,67.95840000000044,67.95840000000044,-1,HOLD
2025-01-24 20:00:00,68.04740000000038,68.04740000000038,-1,HOLD
2025-01-24 20:05:00,67.91439999999966,67.91439999999966,-1,HOLD
2025-01-24 20:10:00,68.04799999999977,68.04799999999977,-1,HOLD
2025-01-24 20:15:00,67.92579999999998,67.92579999999998,-1,HOLD
2025-01-24 20:20:00,67.90599999999995,67.90599999999995,-1,HOLD
2025-01-24 20:25:00,67.80519999999979,67.80519999999979,-1,HOLD
2025-01-24 20:30:00,67.78939999999966,67.78939999999966,-1,HOLD
2025-01-24 20:35:00,67.78639999999996,67.78639999999996,-1,HOLD
2025-01-24 20:40:00,67.78639999999996,67.78639999999996,-1,HOLD
2025-01-24 20:45:00,67.9402,67.9402,-1,HOLD
2025-01-24 20:50:00,67.90279999999984,67.90279999999984,-1,HOLD
2025-01-24 20:55:00,68.01040000000012,68.01040000000012,-1,HOLD
2025-01-24 21:00:00,68.13460000000032,68.13460000000032,-1,HOLD
2025-01-24 21:05:00,68.21479999999974,68.21479999999974,-1,HOLD
2025-01-24 21:10:00,67.92079999999987,67.92079999999987,-1,HOLD
2025-01-24 21:15:00,68.05360000000019,68.05360000000019,-1,HOLD
2025-01-24 21:20:00,68.01599999999962,68.01599999999962,-1,HOLD
2025-01-24 21:25:00,68.03840000000037,68.03840000000037,-1,HOLD
2025-01-24 21:30:00,67.96619999999984,67.96619999999984,-1,HOLD
2025-01-24 21:35:00,68.04119999999966,68.04119999999966,-1,HOLD
2025-01-24 21:40:00,68.0003999999999,68.0003999999999,-1,HOLD
2025-01-24 21:45:00,67.96799999999985,67.96799999999985,-1,HOLD
2025-01-24 21:50:00,67.98480000000018,67.98480000000018,-1,HOLD
2025-01-24 21:55:00,67.83420000000024,67.83420000000024,-1,HOLD
2025-01-24 22:00:00,67.86179999999968,67.86179999999968,-1,HOLD
2025-01-24 22:05:00,67.82600000000002,67.82600000000002,-1,HOLD
2025-01-24 22:10:00,67.80519999999979,67.80519999999979,-1,HOLD
2025-01-24 22:15:00,67.77000000000044,67.77000000000044,-1,HOLD
2025-01-24 22:20:00,67.89999999999964,67.89999999999964,-1,HOLD
2025-01-24 22:25:00,67.89999999999964,67.89999999999964,-1,HOLD
2025-01-24 22:30:00,67.60000000000036,67.60000000000036,-1,HOLD
2025-01-24 22:35:00,68.08119999999963,68.08119999999963,-1,HOLD
2025-01-24 22:40:00,68.27440000000024,68.27440000000024,-1,HOLD
2025-01-24 22:45:00,68.21579999999994,68.21579999999994,-1,HOLD
2025-01-24 22:50:00,68.03160000000025,68.03160000000025,-1,HOLD
2025-01-24 22:55:00,67.95679999999993,67.95679999999993,-1,HOLD
2025-01-24 23:00:00,67.89400000000023,67.89400000000023,-1,HOLD
2025-01-24 23:05:00,68.09360000000015,68.09360000000015,-1,HOLD
2025-01-24 23:10:00,67.92740000000049,67.92740000000049,-1,HOLD
2025-01-24 23:15:00,67.66920000000027,67.66920000000027,-1,HOLD
2025-01-24 23:20:00,67.86040000000048,67.86040000000048,-1,HOLD
2025-01-24 23:25:00,67.96600000000035,67.96600000000035,-1,HOLD
2025-01-24 23:30:00,67.82620000000043,67.82620000000043,-1,HOLD
2025-01-24 23:35:00,67.63640000000032,67.63640000000032,-1,HOLD
2025-01-24 23:40:00,67.38600000000042,67.38600000000042,-1,HOLD
2025-01-24 23:45:00,67.48120000000017,67.48120000000017,-1,HOLD
2025-01-24 23:50:00,67.57859999999982,67.57859999999982,-1,HOLD
2025-01-24 23:55:00,67.63540000000012,67.63540000000012,-1,HOLD
2025-01-25 00:00:00,67.61279999999988,67.61279999999988,-1,HOLD
2025-01-25 00:05:00,67.71460000000025,67.71460000000025,-1,HOLD
2025-01-25 00:10:00,67.82679999999982,67.82679999999982,-1,HOLD
2025-01-25 00:15:00,67.70280000000002,67.70280000000002,-1,HOLD
2025-01-25 00:20:00,67.68299999999999,67.68299999999999,-1,HOLD
2025-01-25 00:25:00,67.77999999999975,67.77999999999975,-1,HOLD
2025-01-25 00:30:00,67.77999999999975,67.77999999999975,-1,HOLD
2025-01-25 00:35:00,67.74359999999979,67.74359999999979,-1,HOLD
2025-01-25 00:40:00,67.8779999999997,67.8779999999997,-1,HOLD
2025-01-25 00:45:00,67.8779999999997,67.8779999999997,-1,HOLD
2025-01-25 00:50:00,67.90340000000015,67.90340000000015,-1,HOLD
2025-01-25 00:55:00,67.60199999999986,67.60199999999986,-1,HOLD
2025-01-25 01:00:00,67.64860000000044,67.64860000000044,-1,HOLD
2025-01-25 01:05:00,67.63780000000042,67.63780000000042,-1,HOLD
2025-01-25 01:10:00,67.73520000000008,67.73520000000008,-1,HOLD
2025-01-25 01:15:00,67.85360000000037,67.85360000000037,-1,HOLD
2025-01-25 01:20:00,67.85360000000037,67.85360000000037,-1,HOLD
2025-01-25 01:25:00,67.78260000000046,67.78260000000046,-1,HOLD
2025-01-25 01:30:00,67.77620000000024,67.77620000000024,-1,HOLD
2025-01-25 01:35:00,67.8072000000002,67.8072000000002,-1,HOLD
2025-01-25 01:40:00,67.8072000000002,67.8072000000002,-1,HOLD
2025-01-25 01:45:00,68.0,68.0,-1,HOLD
2025-01-25 01:50:00,68.08219999999983,68.08219999999983,-1,HOLD
2025-01-25 01:55:00,67.98959999999988,67.98959999999988,-1,HOLD
2025-01-25 02:00:00,68.03780000000006,68.03780000000006,-1,HOLD
2025-01-25 02:05:00,68.08340000000044,68.08340000000044,-1,HOLD
2025-01-25 02:10:00,67.80500000000029,67.80500000000029,-1,HOLD
2025-01-25 02:15:00,67.80500000000029,67.80500000000029,-1,HOLD
2025-01-25 02:20:00,67.88460000000032,67.88460000000032,-1,HOLD
2025-01-25 02:25:00,67.88460000000032,67.88460000000032,-1,HOLD
2025-01-25 02:30:00,67.88040000000001,67.88040000000001,-1,HOLD
2025-01-25 02:35:00,67.88780000000042,67.88780000000042,-1,HOLD
2025-01-25 02:40:00,67.80580000000009,67.80580000000009,-1,HOLD
2025-01-25 02:45:00,67.6858000000002,67.6858000000002,-1,HOLD
2025-01-25 02:50:00,67.64239999999972,67.64239999999972,-1,HOLD
2025-01-25 02:55:00,67.5600000000004,67.5600000000004,-1,HOLD
2025-01-25 03:00:00,67.61639999999989,67.61639999999989,-1,HOLD
2025-01-25 03:05:00,67.51059999999961,67.51059999999961,-1,HOLD
2025-01-25 03:10:00,67.66300000000047,67.66300000000047,-1,HOLD
2025-01-25 03:15:00,67.66300000000047,67.66300000000047,-1,HOLD
2025-01-25 03:20:00,67.76620000000003,67.76620000000003,-1,HOLD
2025-01-25 03:25:00,67.82679999999982,67.82679999999982,-1,HOLD
2025-01-25 03:30:00,67.73880000000008,67.73880000000008,-1,HOLD
2025-01-25 03:35:00,67.7492000000002,67.7492000000002,-1,HOLD
2025-01-25 03:40:00,67.46659999999974,67.46659999999974,-1,HOLD
2025-01-25 03:45:00,67.40539999999964,67.40539999999964,-1,HOLD
2025-01-25 03:50:00,67.32020000000011,67.32020000000011,-1,HOLD
2025-01-25 03:55:00,67.41319999999996,67.41319999999996,-1,HOLD
2025-01-25 04:00:00,67.41740000000027,67.41740000000027,-1,HOLD
2025-01-25 04:05:00,67.42699999999968,67.42699999999968,-1,HOLD
2025-01-25 04:10:00,67.41600000000017,67.41600000000017,-1,HOLD
2025-01-25 04:15:00,67.25799999999981,67.25799999999981,-1,HOLD
2025-01-25 04:20:00,67.0,67.0,-1,HOLD
2025-01-25 04:25:00,67.10559999999987,67.10559999999987,-1,HOLD
2025-01-25 04:30:00,66.84600000000046,66.84600000000046,-1,HOLD
2025-01-25 04:35:00,66.88020000000051,66.88020000000051,-1,HOLD
2025-01-25 04:40:00,66.92200000000048,66.92200000000048,-1,HOLD
2025-01-25 04:45:00,66.6217999999999,66.6217999999999,-1,HOLD
2025-01-25 04:50:00,66.82939999999962,66.82939999999962,-1,HOLD
2025-01-25 04:55:00,66.58780000000024,66.58780000000024,-1,HOLD
2025-01-25 05:00:00,66.63140000000021,66.63140000000021,-1,HOLD
2025-01-25 05:05:00,66.71960000000036,66.71960000000036,-1,HOLD
2025-01-25 05:10:00,66.61599999999999,66.61599999999999,-1,HOLD
2025-01-25 05:15:00,66.8108000000002,66.8108000000002,-1,HOLD
2025-01-25 05:20:00,66.7460000000001,66.7460000000001,-1,HOLD
2025-01-25 05:25:00,66.92299999999977,66.92299999999977,-1,HOLD
2025-01-25 05:30:00,66.77120000000014,66.77120000000014,-1,HOLD
2025-01-25 05:35:00,66.79979999999978,66.79979999999978,-1,HOLD
2025-01-25 05:40:00,66.75520000000051,66.75520000000051,-1,HOLD
2025-01-25 05:45:00,66.63159999999971,66.63159999999971,-1,HOLD
2025-01-25 05:50:00,66.52999999999975,66.52999999999975,-1,HOLD
2025-01-25 05:55:00,66.60180000000037,66.60180000000037,-1,HOLD
2025-01-25 06:00:00,66.60879999999997,66.60879999999997,-1,HOLD
2025-01-25 06:05:00,66.4996000000001,66.4996000000001,-1,HOLD
2025-01-25 06:10:00,66.50619999999981,66.50619999999981,-1,HOLD
2025-01-25 06:15:00,66.48300000000017,66.48300000000017,-1,HOLD
2025-01-25 06:20:00,66.70300000000043,66.70300000000043,-1,HOLD
2025-01-25 06:25:00,66.60379999999986,66.60379999999986,-1,HOLD
2025-01-25 06:30:00,66.57920000000013,66.57920000000013,-1,HOLD
2025-01-25 06:35:00,66.68080000000009,66.68080000000009,-1,HOLD
2025-01-25 06:40:00,66.68080000000009,66.68080000000009,-1,HOLD
2025-01-25 06:45:00,66.76540000000023,66.76540000000023,-1,HOLD
2025-01-25 06:50:00,66.57499999999982,66.57499999999982,-1,HOLD
2025-01-25 06:55:00,66.53980000000047,66.53980000000047,-1,HOLD
2025-01-25 07:00:00,66.34659999999985,66.34659999999985,-1,HOLD
2025-01-25 07:05:00,66.2532000000001,66.2532000000001,-1,HOLD
2025-01-25 07:10:00,66.23000000000047,66.23000000000047,-1,HOLD
2025-01-25 07:15:00,66.22159999999985,66.22159999999985,-1,HOLD
2025-01-25 07:20:00,66.27999999999975,66.27999999999975,-1,HOLD
2025-01-25 07:25:00,66.19000000000051,66.19000000000051,-1,HOLD
2025-01-25 07:30:00,66.22440000000006,66.22440000000006,-1,HOLD
2025-01-25 07:35:00,66.22379999999976,66.22379999999976,-1,HOLD
2025-01-25 07:40:00,66.2510000000002,66.2510000000002,-1,HOLD
2025-01-25 07:45:00,66.19999999999982,66.19999999999982,-1,HOLD
2025-01-25 07:50:00,66.1850000000004,66.1850000000004,-1,HOLD
2025-01-25 07:55:00,66.25,66.25,-1,HOLD
2025-01-25 08:00:00,66.27040000000034,66.27040000000034,-1,HOLD
2025-01-25 08:05:00,66.27300000000014,66.27300000000014,-1,HOLD
2025-01-25 08:10:00,66.08579999999984,66.08579999999984,-1,HOLD
2025-01-25 08:15:00,65.97659999999996,65.97659999999996,-1,HOLD
2025-01-25 08:20:00,66.0598,66.0598,-1,HOLD
2025-01-25 08:25:00,66.01620000000003,66.01620000000003,-1,HOLD
2025-01-25 08:30:00,65.78260000000046,65.78260000000046,-1,HOLD
2025-01-25 08:35:00,65.73120000000017,65.73120000000017,-1,HOLD
2025-01-25 08:40:00,65.63299999999981,65.63299999999981,-1,HOLD
2025-01-25 08:45:00,65.74060000000009,65.74060000000009,-1,HOLD
2025-01-25 08:50:00,65.53840000000037,65.53840000000037,-1,HOLD
2025-01-25 08:55:00,65.58939999999984,65.58939999999984,-1,HOLD
2025-01-25 09:00:00,65.59259999999995,65.59259999999995,-1,HOLD
2025-01-25 09:05:00,65.77520000000004,65.77520000000004,-1,HOLD
2025-01-25 09:10:00,65.77360000000044,65.77360000000044,-1,HOLD
2025-01-25 09:15:00,65.86099999999988,65.86099999999988,-1,HOLD
2025-01-25 09:20:00,65.89379999999983,65.89379999999983,-1,HOLD
2025-01-25 09:25:00,65.95420000000013,65.95420000000013,-1,HOLD
2025-01-25 09:30:00,66.08240000000023,66.08240000000023,-1,HOLD
2025-01-25 09:35:00,66.07260000000042,66.07260000000042,-1,HOLD
2025-01-25 09:40:00,66.07260000000042,66.07260000000042,-1,HOLD
2025-01-25 09:45:00,65.96939999999995,65.96939999999995,-1,HOLD
2025-01-25 09:50:00,65.96979999999985,65.96979999999985,-1,HOLD
2025-01-25 09:55:00,65.96979999999985,65.96979999999985,-1,HOLD
2025-01-25 10:00:00,65.8746000000001,65.8746000000001,-1,HOLD
2025-01-25 10:05:00,65.8761999999997,65.8761999999997,-1,HOLD
2025-01-25 10:10:00,65.90059999999994,65.90059999999994,-1,HOLD
2025-01-25 10:15:00,65.94380000000001,65.94380000000001,-1,HOLD
2025-01-25 10:20:00,66.00900000000001,66.00900000000001,-1,HOLD
2025-01-25 10:25:00,66.00900000000001,66.00900000000001,-1,HOLD
2025-01-25 10:30:00,66.03660000000036,66.03660000000036,-1,HOLD
2025-01-25 10:35:00,66.03660000000036,66.03660000000036,-1,HOLD
2025-01-25 10:40:00,66.03660000000036,66.03660000000036,-1,HOLD
2025-01-25 10:45:00,65.92000000000007,65.92000000000007,-1,HOLD
2025-01-25 10:50:00,66.0,66.0,-1,HOLD
2025-01-25 10:55:00,65.91640000000007,65.91640000000007,-1,HOLD
2025-01-25 11:00:00,65.83960000000025,65.83960000000025,-1,HOLD
2025-01-25 11:05:00,65.83960000000025,65.83960000000025,-1,HOLD
2025-01-25 11:10:00,65.83960000000025,65.83960000000025,-1,HOLD
2025-01-25 11:15:00,65.92020000000048,65.92020000000048,-1,HOLD
2025-01-25 11:20:00,66.09600000000046,66.09600000000046,-1,HOLD
2025-01-25 11:25:00,66.14900000000034,66.14900000000034,-1,HOLD
2025-01-25 11:30:00,66.25340000000051,66.25340000000051,-1,HOLD
2025-01-25 11:35:00,66.27239999999983,66.27239999999983,-1,HOLD
2025-01-25 11:40:00,66.27239999999983,66.27239999999983,-1,HOLD
2025-01-25 11:45:00,66.46159999999963,66.46159999999963,-1,HOLD
2025-01-25 11:50:00,66.40819999999985,66.40819999999985,-1,HOLD
2025-01-25 11:55:00,66.35360000000037,66.35360000000037,-1,HOLD
2025-01-25 12:00:00,66.39800000000014,66.39800000000014,-1,HOLD
2025-01-25 12:05:00,66.39800000000014,66.39800000000014,-1,HOLD
2025-01-25 12:10:00,66.39800000000014,66.39800000000014,-1,HOLD
2025-01-25 12:15:00,66.2493999999997,66.2493999999997,-1,HOLD
2025-01-25 12:20:00,66.20840000000044,66.20840000000044,-1,HOLD
2025-01-25 12:25:00,66.10419999999976,66.10419999999976,-1,HOLD
2025-01-25 12:30:00,66.08560000000034,66.08560000000034,-1,HOLD
2025-01-25 12:35:00,66.10800000000017,66.10800000000017,-1,HOLD
2025-01-25 12:40:00,66.10800000000017,66.10800000000017,-1,HOLD
2025-01-25 12:45:00,66.20840000000044,66.20840000000044,-1,HOLD
2025-01-25 12:50:00,66.1810000000005,66.1810000000005,-1,HOLD
2025-01-25 12:55:00,66.04839999999967,66.04839999999967,-1,HOLD
2025-01-25 13:00:00,65.98679999999968,65.98679999999968,-1,HOLD
2025-01-25 13:05:00,65.81980000000021,65.81980000000021,-1,HOLD
2025-01-25 13:10:00,65.78139999999985,65.78139999999985,-1,HOLD
2025-01-25 13:15:00,65.8786,65.8786,-1,HOLD
2025-01-25 13:20:00,65.8786,65.8786,-1,HOLD
2025-01-25 13:25:00,65.98300000000017,65.98300000000017,-1,HOLD
2025-01-25 13:30:00,65.89459999999963,65.89459999999963,-1,HOLD
2025-01-25 13:35:00,66.03440000000046,66.03440000000046,-1,HOLD
2025-01-25 13:40:00,66.02580000000034,66.02580000000034,-1,HOLD
2025-01-25 13:45:00,65.98440000000028,65.98440000000028,-1,HOLD
2025-01-25 13:50:00,65.94959999999992,65.94959999999992,-1,HOLD
2025-01-25 13:55:00,65.94959999999992,65.94959999999992,-1,HOLD
2025-01-25 14:00:00,66.00200000000041,66.00200000000041,-1,HOLD
2025-01-25 14:05:00,66.01540000000023,66.01540000000023,-1,HOLD
2025-01-25 14:10:00,65.96000000000004,65.96000000000004,-1,HOLD
2025-01-25 14:15:00,65.73720000000048,65.73720000000048,-1,HOLD
2025-01-25 14:20:00,65.77019999999993,65.77019999999993,-1,HOLD
2025-01-25 14:25:00,65.81999999999971,65.81999999999971,-1,HOLD
2025-01-25 14:30:00,65.79659999999967,65.79659999999967,-1,HOLD
2025-01-25 14:35:00,65.79740000000038,65.79740000000038,-1,HOLD
2025-01-25 14:40:00,65.79740000000038,65.79740000000038,-1,HOLD
2025-01-25 14:45:00,65.77739999999994,65.77739999999994,-1,HOLD
2025-01-25 14:50:00,65.77739999999994,65.77739999999994,-1,HOLD
2025-01-25 14:55:00,65.77739999999994,65.77739999999994,-1,HOLD
2025-01-25 15:00:00,65.77739999999994,65.77739999999994,-1,HOLD
2025-01-25 15:05:00,65.77739999999994,65.77739999999994,-1,HOLD
2025-01-25 15:10:00,65.80320000000029,65.80320000000029,-1,HOLD
2025-01-25 15:15:00,65.78899999999976,65.78899999999976,-1,HOLD
2025-01-25 15:20:00,65.72019999999975,65.72019999999975,-1,HOLD
2025-01-25 15:25:00,65.72019999999975,65.72019999999975,-1,HOLD
2025-01-25 15:30:00,65.84699999999975,65.84699999999975,-1,HOLD
2025-01-25 15:35:00,65.86819999999989,65.86819999999989,-1,HOLD
2025-01-25 15:40:00,65.78499999999985,65.78499999999985,-1,HOLD
2025-01-25 15:45:00,65.84839999999986,65.84839999999986,-1,HOLD
2025-01-25 15:50:00,65.84839999999986,65.84839999999986,-1,HOLD
2025-01-25 15:55:00,65.79320000000007,65.79320000000007,-1,HOLD
2025-01-25 16:00:00,65.79320000000007,65.79320000000007,-1,HOLD
2025-01-25 16:05:00,65.89819999999963,65.89819999999963,-1,HOLD
2025-01-25 16:10:00,65.90760000000046,65.90760000000046,-1,HOLD
2025-01-25 16:15:00,66.00900000000001,66.00900000000001,-1,HOLD
2025-01-25 16:20:00,65.8714,65.8714,-1,HOLD
2025-01-25 16:25:00,65.8100000000004,65.8100000000004,-1,HOLD
2025-01-25 16:30:00,65.8105999999998,65.8105999999998,-1,HOLD
2025-01-25 16:35:00,65.6868000000004,65.6868000000004,-1,HOLD
2025-01-25 16:40:00,65.6868000000004,65.6868000000004,-1,HOLD
2025-01-25 16:45:00,65.79520000000048,65.79520000000048,-1,HOLD
2025-01-25 16:50:00,65.79520000000048,65.79520000000048,-1,HOLD
2025-01-25 16:55:00,65.79520000000048,65.79520000000048,-1,HOLD
2025-01-25 17:00:00,65.84619999999995,65.84619999999995,-1,HOLD
2025-01-25 17:05:00,65.84619999999995,65.84619999999995,-1,HOLD
2025-01-25 17:10:00,65.84619999999995,65.84619999999995,-1,HOLD
2025-01-25 17:15:00,65.84619999999995,65.84619999999995,-1,HOLD
2025-01-25 17:20:00,65.84820000000036,65.84820000000036,-1,HOLD
2025-01-25 17:25:00,65.84820000000036,65.84820000000036,-1,HOLD
2025-01-25 17:30:00,65.79799999999977,65.79799999999977,-1,HOLD
2025-01-25 17:35:00,65.80439999999999,65.80439999999999,-1,HOLD
2025-01-25 17:40:00,65.76180000000022,65.76180000000022,-1,HOLD
2025-01-25 17:45:00,65.76180000000022,65.76180000000022,-1,HOLD
2025-01-25 17:50:00,65.65440000000035,65.65440000000035,-1,HOLD
2025-01-25 17:55:00,65.7543999999998,65.7543999999998,-1,HOLD
2025-01-25 18:00:00,65.53440000000046,65.53440000000046,-1,HOLD
2025-01-25 18:05:00,65.46839999999975,65.46839999999975,-1,HOLD
2025-01-25 18:10:00,65.63799999999992,65.63799999999992,-1,HOLD
2025-01-25 18:15:00,65.63799999999992,65.63799999999992,-1,HOLD
2025-01-25 18:20:00,65.6279999999997,65.6279999999997,-1,HOLD
2025-01-25 18:25:00,65.57399999999961,65.57399999999961,-1,HOLD
2025-01-25 18:30:00,65.54880000000048,65.54880000000048,-1,HOLD
2025-01-25 18:35:00,65.76959999999963,65.76959999999963,-1,HOLD
2025-01-25 18:40:00,65.76959999999963,65.76959999999963,-1,HOLD
2025-01-25 18:45:00,65.8743999999997,65.8743999999997,-1,HOLD
2025-01-25 18:50:00,65.84100000000035,65.84100000000035,-1,HOLD
2025-01-25 18:55:00,65.89500000000044,65.89500000000044,-1,HOLD
2025-01-25 19:00:00,65.93000000000029,65.93000000000029,-1,HOLD
2025-01-25 19:05:00,66.0,66.0,-1,HOLD
2025-01-25 19:10:00,65.96699999999964,65.96699999999964,-1,HOLD
2025-01-25 19:15:00,65.85300000000007,65.85300000000007,-1,HOLD
2025-01-25 19:20:00,65.85300000000007,65.85300000000007,-1,HOLD
2025-01-25 19:25:00,65.85300000000007,65.85300000000007,-1,HOLD
2025-01-25 19:30:00,65.85300000000007,65.85300000000007,-1,HOLD
2025-01-25 19:35:00,66.00600000000031,66.00600000000031,-1,HOLD
2025-01-25 19:40:00,66.00600000000031,66.00600000000031,-1,HOLD
2025-01-25 19:45:00,66.07279999999992,66.07279999999992,-1,HOLD
2025-01-25 19:50:00,66.20840000000044,66.20840000000044,-1,HOLD
2025-01-25 19:55:00,66.20840000000044,66.20840000000044,-1,HOLD
2025-01-25 20:00:00,66.08780000000024,66.08780000000024,-1,HOLD
2025-01-25 20:05:00,66.00600000000031,66.00600000000031,-1,HOLD
2025-01-25 20:10:00,66.01460000000043,66.01460000000043,-1,HOLD
2025-01-25 20:15:00,66.01460000000043,66.01460000000043,-1,HOLD
2025-01-25 20:20:00,65.95660000000044,65.95660000000044,-1,HOLD
2025-01-25 20:25:00,65.95660000000044,65.95660000000044,-1,HOLD
2025-01-25 20:30:00,65.9369999999999,65.9369999999999,-1,HOLD
2025-01-25 20:35:00,65.94000000000051,65.94000000000051,-1,HOLD
2025-01-25 20:40:00,65.94000000000051,65.94000000000051,-1,HOLD
2025-01-25 20:45:00,66.1256000000003,66.1256000000003,-1,HOLD
2025-01-25 20:50:00,66.11340000000018,66.11340000000018,-1,HOLD
2025-01-25 20:55:00,66.11319999999978,66.11319999999978,-1,HOLD
2025-01-25 21:00:00,66.11319999999978,66.11319999999978,-1,HOLD
2025-01-25 21:05:00,66.09360000000015,66.09360000000015,-1,HOLD
2025-01-25 21:10:00,66.09360000000015,66.09360000000015,-1,HOLD
2025-01-25 21:15:00,66.08179999999993,66.08179999999993,-1,HOLD
2025-01-25 21:20:00,66.08179999999993,66.08179999999993,-1,HOLD
2025-01-25 21:25:00,66.08179999999993,66.08179999999993,-1,HOLD
2025-01-25 21:30:00,66.08179999999993,66.08179999999993,-1,HOLD
2025-01-25 21:35:00,66.07920000000013,66.07920000000013,-1,HOLD
2025-01-25 21:40:00,66.07920000000013,66.07920000000013,-1,HOLD
2025-01-25 21:45:00,66.1818000000003,66.1818000000003,-1,HOLD
2025-01-25 21:50:00,66.1818000000003,66.1818000000003,-1,HOLD
2025-01-25 21:55:00,66.10620000000017,66.10620000000017,-1,HOLD
2025-01-25 22:00:00,66.14419999999973,66.14419999999973,-1,HOLD
2025-01-25 22:05:00,66.11099999999988,66.11099999999988,-1,HOLD
2025-01-25 22:10:00,66.03620000000046,66.03620000000046,-1,HOLD
2025-01-25 22:15:00,65.97839999999997,65.97839999999997,-1,HOLD
2025-01-25 22:20:00,66.07859999999982,66.07859999999982,-1,HOLD
2025-01-25 22:25:00,66.07859999999982,66.07859999999982,-1,HOLD
2025-01-25 22:30:00,66.1220000000003,66.1220000000003,-1,HOLD
2025-01-25 22:35:00,66.07859999999982,66.07859999999982,-1,HOLD
2025-01-25 22:40:00,66.04880000000048,66.04880000000048,-1,HOLD
2025-01-25 22:45:00,66.1846000000005,66.1846000000005,-1,HOLD
2025-01-25 22:50:00,66.20179999999982,66.20179999999982,-1,HOLD
2025-01-25 22:55:00,66.36620000000039,66.36620000000039,-1,HOLD
2025-01-25 23:00:00,66.33520000000044,66.33520000000044,-1,HOLD
2025-01-25 23:05:00,66.20840000000044,66.20840000000044,-1,HOLD
2025-01-25 23:10:00,66.47519999999986,66.47519999999986,-1,HOLD
2025-01-25 23:15:00,66.60000000000036,66.60000000000036,-1,HOLD
2025-01-25 23:20:00,66.8141999999998,66.8141999999998,-1,HOLD
2025-01-25 23:25:00,66.70179999999982,66.70179999999982,-1,HOLD
2025-01-25 23:30:00,66.8136000000004,66.8136000000004,-1,HOLD
2025-01-25 23:35:00,66.79479999999967,66.79479999999967,-1,HOLD
2025-01-25 23:40:00,66.69880000000012,66.69880000000012,-1,HOLD
2025-01-25 23:45:00,66.69000000000051,66.69000000000051,-1,HOLD
2025-01-25 23:50:00,66.79820000000018,66.79820000000018,-1,HOLD
2025-01-25 23:55:00,66.76720000000023,66.76720000000023,-1,HOLD
2025-01-26 00:00:00,66.72000000000025,66.72000000000025,-1,HOLD
2025-01-26 00:05:00,66.7532000000001,66.7532000000001,-1,HOLD
2025-01-26 00:10:00,66.8108000000002,66.8108000000002,-1,HOLD
2025-01-26 00:15:00,66.88960000000043,66.88960000000043,-1,HOLD
2025-01-26 00:20:00,66.71740000000045,66.71740000000045,-1,HOLD
2025-01-26 00:25:00,66.83860000000004,66.83860000000004,-1,HOLD
2025-01-26 00:30:00,66.76299999999992,66.76299999999992,-1,HOLD
2025-01-26 00:35:00,66.84240000000045,66.84240000000045,-1,HOLD
2025-01-26 00:40:00,66.79200000000037,66.79200000000037,-1,HOLD
2025-01-26 00:45:00,66.76059999999961,66.76059999999961,-1,HOLD
2025-01-26 00:50:00,66.7502000000004,66.7502000000004,-1,HOLD
2025-01-26 00:55:00,66.78859999999986,66.78859999999986,-1,HOLD
2025-01-26 01:00:00,66.80799999999999,66.80799999999999,-1,HOLD
2025-01-26 01:05:00,66.82819999999992,66.82819999999992,-1,HOLD
2025-01-26 01:10:00,66.73239999999987,66.73239999999987,-1,HOLD
2025-01-26 01:15:00,66.71219999999994,66.71219999999994,-1,HOLD
2025-01-26 01:20:00,66.71540000000005,66.71540000000005,-1,HOLD
2025-01-26 01:25:00,66.83240000000023,66.83240000000023,-1,HOLD
2025-01-26 01:30:00,66.79460000000017,66.79460000000017,-1,HOLD
2025-01-26 01:35:00,66.69560000000001,66.69560000000001,-1,HOLD
2025-01-26 01:40:00,66.69560000000001,66.69560000000001,-1,HOLD
2025-01-26 01:45:00,66.69560000000001,66.69560000000001,-1,HOLD
2025-01-26 01:50:00,66.82020000000011,66.82020000000011,-1,HOLD
2025-01-26 01:55:00,66.88259999999991,66.88259999999991,-1,HOLD
2025-01-26 02:00:00,66.88259999999991,66.88259999999991,-1,HOLD
2025-01-26 02:05:00,66.90099999999984,66.90099999999984,-1,HOLD
2025-01-26 02:10:00,66.84280000000035,66.84280000000035,-1,HOLD
2025-01-26 02:15:00,66.82420000000002,66.82420000000002,-1,HOLD
2025-01-26 02:20:00,66.88339999999971,66.88339999999971,-1,HOLD
2025-01-26 02:25:00,66.83579999999984,66.83579999999984,-1,HOLD
2025-01-26 02:30:00,66.88860000000022,66.88860000000022,-1,HOLD
2025-01-26 02:35:00,66.88860000000022,66.88860000000022,-1,HOLD
2025-01-26 02:40:00,66.88860000000022,66.88860000000022,-1,HOLD
2025-01-26 02:45:00,66.82660000000033,66.82660000000033,-1,HOLD
2025-01-26 02:50:00,66.82359999999971,66.82359999999971,-1,HOLD
2025-01-26 02:55:00,66.84180000000015,66.84180000000015,-1,HOLD
2025-01-26 03:00:00,66.89099999999962,66.89099999999962,-1,HOLD
2025-01-26 03:05:00,66.82260000000042,66.82260000000042,-1,HOLD
2025-01-26 03:10:00,66.8779999999997,66.8779999999997,-1,HOLD
2025-01-26 03:15:00,66.87660000000051,66.87660000000051,-1,HOLD
2025-01-26 03:20:00,66.87880000000041,66.87880000000041,-1,HOLD
2025-01-26 03:25:00,66.87880000000041,66.87880000000041,-1,HOLD
2025-01-26 03:30:00,66.8134,66.8134,-1,HOLD
2025-01-26 03:35:00,66.79100000000017,66.79100000000017,-1,HOLD
2025-01-26 03:40:00,66.79100000000017,66.79100000000017,-1,HOLD
2025-01-26 03:45:00,66.76779999999962,66.76779999999962,-1,HOLD
2025-01-26 03:50:00,66.71900000000005,66.71900000000005,-1,HOLD
2025-01-26 03:55:00,66.77419999999984,66.77419999999984,-1,HOLD
2025-01-26 04:00:00,66.77739999999994,66.77739999999994,-1,HOLD
2025-01-26 04:05:00,66.77739999999994,66.77739999999994,-1,HOLD
2025-01-26 04:10:00,66.88280000000032,66.88280000000032,-1,HOLD
2025-01-26 04:15:00,66.96000000000004,66.96000000000004,-1,HOLD
2025-01-26 04:20:00,66.98700000000008,66.98700000000008,-1,HOLD
2025-01-26 04:25:00,66.98700000000008,66.98700000000008,-1,HOLD
2025-01-26 04:30:00,66.9962000000005,66.9962000000005,-1,HOLD
2025-01-26 04:35:00,66.89239999999972,66.89239999999972,-1,HOLD
2025-01-26 04:40:00,66.86999999999989,66.86999999999989,-1,HOLD
2025-01-26 04:45:00,66.8738000000003,66.8738000000003,-1,HOLD
2025-01-26 04:50:00,66.92060000000038,66.92060000000038,-1,HOLD
2025-01-26 04:55:00,66.77599999999984,66.77599999999984,-1,HOLD
2025-01-26 05:00:00,66.77379999999994,66.77379999999994,-1,HOLD
2025-01-26 05:05:00,66.70640000000003,66.70640000000003,-1,HOLD
2025-01-26 05:10:00,66.69000000000051,66.69000000000051,-1,HOLD
2025-01-26 05:15:00,66.69000000000051,66.69000000000051,-1,HOLD
2025-01-26 05:20:00,66.71619999999984,66.71619999999984,-1,HOLD
2025-01-26 05:25:00,66.71619999999984,66.71619999999984,-1,HOLD
2025-01-26 05:30:00,66.70579999999973,66.70579999999973,-1,HOLD
2025-01-26 05:35:00,66.76080000000002,66.76080000000002,-1,HOLD
2025-01-26 05:40:00,66.77080000000024,66.77080000000024,-1,HOLD
2025-01-26 05:45:00,66.77080000000024,66.77080000000024,-1,HOLD
2025-01-26 05:50:00,66.78539999999975,66.78539999999975,-1,HOLD
2025-01-26 05:55:00,66.79619999999977,66.79619999999977,-1,HOLD
2025-01-26 06:00:00,66.88180000000011,66.88180000000011,-1,HOLD
2025-01-26 06:05:00,66.8734000000004,66.8734000000004,-1,HOLD
2025-01-26 06:10:00,66.85940000000028,66.85940000000028,-1,HOLD
2025-01-26 06:15:00,66.8114000000005,66.8114000000005,-1,HOLD
2025-01-26 06:20:00,66.8114000000005,66.8114000000005,-1,NO_ACTION_PROFITABLE
2025-01-26 06:25:00,66.8145999999997,66.8145999999997,-1,HOLD
2025-01-26 06:30:00,66.78099999999995,66.78099999999995,-1,HOLD
2025-01-26 06:35:00,66.77120000000014,66.77120000000014,-1,HOLD
2025-01-26 06:40:00,66.72820000000047,66.72820000000047,-1,HOLD
2025-01-26 06:45:00,66.69520000000011,66.69520000000011,-1,NO_ACTION_PROFITABLE
2025-01-26 06:50:00,66.69520000000011,66.69520000000011,-1,NO_ACTION_PROFITABLE
2025-01-26 06:55:00,66.7467999999999,66.7467999999999,-1,NO_ACTION_PROFITABLE
2025-01-26 07:00:00,66.56580000000031,66.56580000000031,-1,NO_ACTION_PROFITABLE
2025-01-26 07:05:00,66.63060000000041,66.63060000000041,-1,NO_ACTION_PROFITABLE
2025-01-26 07:10:00,66.64959999999974,66.64959999999974,-1,NO_ACTION_PROFITABLE
2025-01-26 07:15:00,66.6898000000001,66.6898000000001,-1,NO_ACTION_PROFITABLE
2025-01-26 07:20:00,66.64339999999993,66.64339999999993,-1,NO_ACTION_PROFITABLE
2025-01-26 07:25:00,66.55259999999998,66.55259999999998,-1,NO_ACTION_PROFITABLE
2025-01-26 07:30:00,66.5564000000004,66.5564000000004,-1,NO_ACTION_PROFITABLE
2025-01-26 07:35:00,66.43019999999979,66.43019999999979,-1,NO_ACTION_PROFITABLE
2025-01-26 07:40:00,66.43019999999979,66.43019999999979,-1,NO_ACTION_PROFITABLE
2025-01-26 07:45:00,66.43019999999979,66.43019999999979,-1,NO_ACTION_PROFITABLE
2025-01-26 07:50:00,66.39999999999964,66.39999999999964,-1,NO_ACTION_PROFITABLE
2025-01-26 07:55:00,66.34140000000025,66.34140000000025,-1,NO_ACTION_PROFITABLE
2025-01-26 08:00:00,66.36560000000009,66.36560000000009,-1,NO_ACTION_PROFITABLE
2025-01-26 08:05:00,66.33700000000044,66.33700000000044,-1,NO_ACTION_PROFITABLE
2025-01-26 08:10:00,66.33680000000004,66.33680000000004,-1,NO_ACTION_PROFITABLE
2025-01-26 08:15:00,66.33839999999964,66.33839999999964,-1,NO_ACTION_PROFITABLE
2025-01-26 08:20:00,66.31919999999991,66.31919999999991,-1,NO_ACTION_PROFITABLE
2025-01-26 08:25:00,66.35199999999986,66.35199999999986,-1,NO_ACTION_PROFITABLE
2025-01-26 08:30:00,66.34299999999985,66.34299999999985,-1,NO_ACTION_PROFITABLE
2025-01-26 08:35:00,66.46640000000025,66.46640000000025,-1,NO_ACTION_PROFITABLE
2025-01-26 08:40:00,66.42960000000039,66.42960000000039,-1,NO_ACTION_PROFITABLE
2025-01-26 08:45:00,66.53899999999976,66.53899999999976,-1,NO_ACTION_PROFITABLE
2025-01-26 08:50:00,66.52720000000045,66.52720000000045,-1,NO_ACTION_PROFITABLE
2025-01-26 08:55:00,66.45439999999962,66.45439999999962,-1,NO_ACTION_PROFITABLE
2025-01-26 09:00:00,66.48440000000028,66.48440000000028,-1,NO_ACTION_PROFITABLE
2025-01-26 09:05:00,66.53340000000026,66.53340000000026,-1,NO_ACTION_PROFITABLE
2025-01-26 09:10:00,66.54719999999998,66.54719999999998,-1,NO_ACTION_PROFITABLE
2025-01-26 09:15:00,66.5586000000003,66.5586000000003,-1,NO_ACTION_PROFITABLE
2025-01-26 09:20:00,66.61120000000028,66.61120000000028,-1,NO_ACTION_PROFITABLE
2025-01-26 09:25:00,66.61120000000028,66.61120000000028,-1,NO_ACTION_PROFITABLE
2025-01-26 09:30:00,66.70160000000033,66.70160000000033,-1,NO_ACTION_PROFITABLE
2025-01-26 09:35:00,66.71619999999984,66.71619999999984,-1,NO_ACTION_PROFITABLE
2025-01-26 09:40:00,66.66120000000046,66.66120000000046,-1,NO_ACTION_PROFITABLE
2025-01-26 09:45:00,66.53060000000005,66.53060000000005,-1,NO_ACTION_PROFITABLE
2025-01-26 09:50:00,66.6261999999997,66.6261999999997,-1,NO_ACTION_PROFITABLE
2025-01-26 09:55:00,66.59000000000015,66.59000000000015,-1,NO_ACTION_PROFITABLE
2025-01-26 10:00:00,66.59820000000036,66.59820000000036,-1,NO_ACTION_PROFITABLE
2025-01-26 10:05:00,66.4409999999998,66.4409999999998,-1,NO_ACTION_PROFITABLE
2025-01-26 10:10:00,66.45420000000013,66.45420000000013,-1,NO_ACTION_PROFITABLE
2025-01-26 10:15:00,66.54179999999997,66.54179999999997,-1,NO_ACTION_PROFITABLE
2025-01-26 10:20:00,66.48880000000008,66.48880000000008,-1,NO_ACTION_PROFITABLE
2025-01-26 10:25:00,66.53340000000026,66.53340000000026,-1,NO_ACTION_PROFITABLE
2025-01-26 10:30:00,66.52160000000003,66.52160000000003,-1,NO_ACTION_PROFITABLE
2025-01-26 10:35:00,66.35019999999986,66.35019999999986,-1,NO_ACTION_PROFITABLE
2025-01-26 10:40:00,66.42259999999987,66.42259999999987,-1,NO_ACTION_PROFITABLE
2025-01-26 10:45:00,66.47100000000046,66.47100000000046,-1,NO_ACTION_PROFITABLE
2025-01-26 10:50:00,66.4435999999996,66.4435999999996,-1,NO_ACTION_PROFITABLE
2025-01-26 10:55:00,66.50939999999991,66.50939999999991,-1,NO_ACTION_PROFITABLE
2025-01-26 11:00:00,66.65880000000016,66.65880000000016,-1,NO_ACTION_PROFITABLE
2025-01-26 11:05:00,66.58200000000033,66.58200000000033,-1,NO_ACTION_PROFITABLE
2025-01-26 11:10:00,66.52819999999974,66.52819999999974,-1,NO_ACTION_PROFITABLE
2025-01-26 11:15:00,66.53859999999986,66.53859999999986,-1,NO_ACTION_PROFITABLE
2025-01-26 11:20:00,66.59839999999986,66.59839999999986,-1,NO_ACTION_PROFITABLE
2025-01-26 11:25:00,66.59119999999984,66.59119999999984,-1,NO_ACTION_PROFITABLE
2025-01-26 11:30:00,66.63960000000043,66.63960000000043,-1,NO_ACTION_PROFITABLE
2025-01-26 11:35:00,66.73620000000028,66.73620000000028,-1,NO_ACTION_PROFITABLE
2025-01-26 11:40:00,66.92740000000049,66.92740000000049,-1,NO_ACTION_PROFITABLE
2025-01-26 11:45:00,66.92360000000008,66.92360000000008,-1,NO_ACTION_PROFITABLE
2025-01-26 11:50:00,66.82939999999962,66.82939999999962,-1,NO_ACTION_PROFITABLE
2025-01-26 11:55:00,66.82939999999962,66.82939999999962,-1,NO_ACTION_PROFITABLE
2025-01-26 12:00:00,66.82939999999962,66.82939999999962,-1,NO_ACTION_PROFITABLE
2025-01-26 12:05:00,66.81800000000021,66.81800000000021,-1,NO_ACTION_PROFITABLE
2025-01-26 12:10:00,66.89239999999972,66.89239999999972,-1,NO_ACTION_PROFITABLE
2025-01-26 12:15:00,66.84079999999994,66.84079999999994,-1,NO_ACTION_PROFITABLE
2025-01-26 12:20:00,66.9427999999998,66.9427999999998,-1,NO_ACTION_PROFITABLE
2025-01-26 12:25:00,67.20719999999983,67.20719999999983,-1,NO_ACTION_PROFITABLE
2025-01-26 12:30:00,67.15099999999984,67.15099999999984,-1,NO_ACTION_PROFITABLE
2025-01-26 12:35:00,67.10260000000017,67.10260000000017,-1,NO_ACTION_PROFITABLE
2025-01-26 12:40:00,67.13400000000001,67.13400000000001,-1,NO_ACTION_PROFITABLE
2025-01-26 12:45:00,67.13400000000001,67.13400000000001,-1,NO_ACTION_PROFITABLE
2025-01-26 12:50:00,67.02300000000014,67.02300000000014,-1,NO_ACTION_PROFITABLE
2025-01-26 12:55:00,67.06620000000021,67.06620000000021,-1,NO_ACTION_PROFITABLE
2025-01-26 13:00:00,67.02040000000034,67.02040000000034,-1,NO_ACTION_PROFITABLE
2025-01-26 13:05:00,66.92939999999999,66.92939999999999,-1,NO_ACTION_PROFITABLE
2025-01-26 13:10:00,66.92939999999999,66.92939999999999,-1,HOLD
2025-01-26 13:15:00,66.86719999999968,66.86719999999968,-1,HOLD
2025-01-26 13:20:00,66.86679999999978,66.86679999999978,-1,HOLD
2025-01-26 13:25:00,66.86679999999978,66.86679999999978,-1,HOLD
2025-01-26 13:30:00,66.78179999999975,66.78179999999975,-1,HOLD
2025-01-26 13:35:00,66.78179999999975,66.78179999999975,-1,HOLD
2025-01-26 13:40:00,66.79979999999978,66.79979999999978,-1,HOLD
2025-01-26 13:45:00,66.9364000000005,66.9364000000005,-1,NO_ACTION_PROFITABLE
2025-01-26 13:50:00,66.92979999999989,66.92979999999989,-1,NO_ACTION_PROFITABLE
2025-01-26 13:55:00,66.86380000000008,66.86380000000008,-1,NO_ACTION_PROFITABLE
2025-01-26 14:00:00,66.7547999999997,66.7547999999997,-1,NO_ACTION_PROFITABLE
2025-01-26 14:05:00,66.86779999999999,66.86779999999999,-1,NO_ACTION_PROFITABLE
2025-01-26 14:10:00,66.90200000000004,66.90200000000004,-1,NO_ACTION_PROFITABLE
2025-01-26 14:15:00,66.89519999999993,66.89519999999993,-1,NO_ACTION_PROFITABLE
2025-01-26 14:20:00,66.90139999999974,66.90139999999974,-1,NO_ACTION_PROFITABLE
2025-01-26 14:25:00,66.85540000000037,66.85540000000037,-1,NO_ACTION_PROFITABLE
2025-01-26 14:30:00,66.85540000000037,66.85540000000037,-1,NO_ACTION_PROFITABLE
2025-01-26 14:35:00,66.82219999999961,66.82219999999961,-1,HOLD
2025-01-26 14:40:00,66.92860000000019,66.92860000000019,-1,HOLD
2025-01-26 14:45:00,66.90359999999964,66.90359999999964,-1,HOLD
2025-01-26 14:50:00,66.90359999999964,66.90359999999964,-1,HOLD
2025-01-26 14:55:00,66.86999999999989,66.86999999999989,-1,HOLD
2025-01-26 15:00:00,66.86999999999989,66.86999999999989,-1,HOLD
2025-01-26 15:05:00,66.83640000000014,66.83640000000014,-1,HOLD
2025-01-26 15:10:00,66.83479999999963,66.83479999999963,-1,HOLD
2025-01-26 15:15:00,66.83479999999963,66.83479999999963,-1,HOLD
2025-01-26 15:20:00,66.78160000000025,66.78160000000025,-1,HOLD
2025-01-26 15:25:00,66.72500000000036,66.72500000000036,-1,HOLD
2025-01-26 15:30:00,66.65099999999984,66.65099999999984,-1,HOLD
2025-01-26 15:35:00,66.71119999999974,66.71119999999974,-1,HOLD
2025-01-26 15:40:00,66.71119999999974,66.71119999999974,-1,HOLD
2025-01-26 15:45:00,66.73199999999997,66.73199999999997,-1,HOLD
2025-01-26 15:50:00,66.73199999999997,66.73199999999997,-1,HOLD
2025-01-26 15:55:00,66.78960000000006,66.78960000000006,-1,HOLD
2025-01-26 16:00:00,66.77419999999984,66.77419999999984,-1,HOLD
2025-01-26 16:05:00,66.8706000000002,66.8706000000002,-1,HOLD
2025-01-26 16:10:00,66.75879999999961,66.75879999999961,-1,HOLD
2025-01-26 16:15:00,66.76959999999963,66.76959999999963,-1,HOLD
2025-01-26 16:20:00,66.68019999999979,66.68019999999979,-1,HOLD
2025-01-26 16:25:00,66.6246000000001,66.6246000000001,-1,HOLD
2025-01-26 16:30:00,66.4952000000003,66.4952000000003,-1,HOLD
2025-01-26 16:35:00,66.54579999999987,66.54579999999987,-1,HOLD
2025-01-26 16:40:00,66.54579999999987,66.54579999999987,-1,NO_ACTION_PROFITABLE
2025-01-26 16:45:00,66.51699999999983,66.51699999999983,-1,NO_ACTION_PROFITABLE
2025-01-26 16:50:00,66.61040000000048,66.61040000000048,-1,HOLD
2025-01-26 16:55:00,66.65040000000045,66.65040000000045,-1,NO_ACTION_PROFITABLE
2025-01-26 17:00:00,66.60059999999976,66.60059999999976,-1,NO_ACTION_PROFITABLE
2025-01-26 17:05:00,66.60059999999976,66.60059999999976,-1,NO_ACTION_PROFITABLE
2025-01-26 17:10:00,66.60059999999976,66.60059999999976,-1,NO_ACTION_PROFITABLE
2025-01-26 17:15:00,66.5632000000005,66.5632000000005,-1,NO_ACTION_PROFITABLE
2025-01-26 17:20:00,66.40419999999995,66.40419999999995,-1,NO_ACTION_PROFITABLE
2025-01-26 17:25:00,66.15959999999995,66.15959999999995,-1,HOLD
2025-01-26 17:30:00,66.11020000000008,66.11020000000008,-1,HOLD
2025-01-26 17:35:00,66.1221999999998,66.1221999999998,-1,HOLD
2025-01-26 17:40:00,65.97800000000007,65.97800000000007,-1,HOLD
2025-01-26 17:45:00,66.04640000000018,66.04640000000018,-1,HOLD
2025-01-26 17:50:00,65.9966000000004,65.9966000000004,-1,HOLD
2025-01-26 17:55:00,65.9966000000004,65.9966000000004,-1,HOLD
2025-01-26 18:00:00,65.98900000000049,65.98900000000049,-1,HOLD
2025-01-26 18:05:00,65.98900000000049,65.98900000000049,-1,HOLD
2025-01-26 18:10:00,65.98900000000049,65.98900000000049,-1,HOLD
2025-01-26 18:15:00,65.98900000000049,65.98900000000049,-1,HOLD
2025-01-26 18:20:00,66.0586000000003,66.0586000000003,-1,HOLD
2025-01-26 18:25:00,66.10419999999976,66.10419999999976,-1,HOLD
2025-01-26 18:30:00,66.10419999999976,66.10419999999976,-1,HOLD
2025-01-26 18:35:00,66.10419999999976,66.10419999999976,-1,HOLD
2025-01-26 18:40:00,65.98220000000038,65.98220000000038,-1,NO_ACTION_PROFITABLE
2025-01-26 18:45:00,65.98220000000038,65.98220000000038,-1,NO_ACTION_PROFITABLE
2025-01-26 18:50:00,65.9980000000005,65.9980000000005,-1,NO_ACTION_PROFITABLE
2025-01-26 18:55:00,65.9980000000005,65.9980000000005,-1,NO_ACTION_PROFITABLE
2025-01-26 19:00:00,66.14900000000034,66.14900000000034,-1,NO_ACTION_PROFITABLE
2025-01-26 19:05:00,66.1176000000005,66.1176000000005,-1,NO_ACTION_PROFITABLE
2025-01-26 19:10:00,66.1176000000005,66.1176000000005,-1,NO_ACTION_PROFITABLE
2025-01-26 19:15:00,66.17579999999998,66.17579999999998,-1,NO_ACTION_PROFITABLE
2025-01-26 19:20:00,66.33200000000033,66.33200000000033,-1,NO_ACTION_PROFITABLE
2025-01-26 19:25:00,66.33200000000033,66.33200000000033,-1,NO_ACTION_PROFITABLE
2025-01-26 19:30:00,66.24139999999989,66.24139999999989,-1,NO_ACTION_PROFITABLE
2025-01-26 19:35:00,66.24139999999989,66.24139999999989,-1,NO_ACTION_PROFITABLE
2025-01-26 19:40:00,66.20340000000033,66.20340000000033,-1,HOLD
2025-01-26 19:45:00,66.15459999999985,66.15459999999985,-1,HOLD
2025-01-26 19:50:00,66.15459999999985,66.15459999999985,-1,NO_ACTION_PROFITABLE
2025-01-26 19:55:00,66.26900000000023,66.26900000000023,-1,NO_ACTION_PROFITABLE
2025-01-26 20:00:00,66.17399999999998,66.17399999999998,-1,NO_ACTION_PROFITABLE
2025-01-26 20:05:00,66.05919999999969,66.05919999999969,-1,HOLD
2025-01-26 20:10:00,66.05919999999969,66.05919999999969,-1,HOLD
2025-01-26 20:15:00,66.1225999999997,66.1225999999997,-1,HOLD
2025-01-26 20:20:00,66.1225999999997,66.1225999999997,-1,HOLD
2025-01-26 20:25:00,66.09839999999986,66.09839999999986,-1,HOLD
2025-01-26 20:30:00,66.00900000000001,66.00900000000001,-1,HOLD
2025-01-26 20:35:00,66.07759999999962,66.07759999999962,-1,HOLD
2025-01-26 20:40:00,66.05580000000009,66.05580000000009,-1,HOLD
2025-01-26 20:45:00,66.05580000000009,66.05580000000009,-1,HOLD
2025-01-26 20:50:00,66.11459999999988,66.11459999999988,-1,HOLD
2025-01-26 20:55:00,66.16660000000047,66.16660000000047,-1,HOLD
2025-01-26 21:00:00,66.16660000000047,66.16660000000047,-1,HOLD
2025-01-26 21:05:00,66.15760000000046,66.15760000000046,-1,HOLD
2025-01-26 21:10:00,66.02379999999994,66.02379999999994,-1,HOLD
2025-01-26 21:15:00,66.08280000000013,66.08280000000013,-1,HOLD
2025-01-26 21:20:00,66.10180000000037,66.10180000000037,-1,HOLD
2025-01-26 21:25:00,66.01119999999992,66.01119999999992,-1,HOLD
2025-01-26 21:30:00,66.07579999999962,66.07579999999962,-1,HOLD
2025-01-26 21:35:00,66.10639999999967,66.10639999999967,-1,HOLD
2025-01-26 21:40:00,66.13360000000011,66.13360000000011,-1,HOLD
2025-01-26 21:45:00,66.13360000000011,66.13360000000011,-1,HOLD
2025-01-26 21:50:00,66.1242000000002,66.1242000000002,-1,HOLD
2025-01-26 21:55:00,66.15520000000015,66.15520000000015,-1,HOLD
2025-01-26 22:00:00,66.09439999999995,66.09439999999995,-1,HOLD
2025-01-26 22:05:00,66.05699999999979,66.05699999999979,-1,HOLD
2025-01-26 22:10:00,66.05699999999979,66.05699999999979,-1,HOLD
2025-01-26 22:15:00,66.05699999999979,66.05699999999979,-1,HOLD
2025-01-26 22:20:00,66.02959999999985,66.02959999999985,-1,HOLD
2025-01-26 22:25:00,66.02959999999985,66.02959999999985,-1,HOLD
2025-01-26 22:30:00,66.02959999999985,66.02959999999985,-1,HOLD
2025-01-26 22:35:00,66.0681999999997,66.0681999999997,-1,HOLD
2025-01-26 22:40:00,66.10120000000006,66.10120000000006,-1,HOLD
2025-01-26 22:45:00,66.1286,66.1286,-1,HOLD
2025-01-26 22:50:00,66.22400000000016,66.22400000000016,-1,HOLD
2025-01-26 22:55:00,66.23999999999978,66.23999999999978,-1,HOLD
2025-01-26 23:00:00,66.20420000000013,66.20420000000013,-1,HOLD
2025-01-26 23:05:00,66.26360000000022,66.26360000000022,-1,HOLD
2025-01-26 23:10:00,66.26360000000022,66.26360000000022,-1,HOLD
2025-01-26 23:15:00,66.42460000000028,66.42460000000028,-1,HOLD
2025-01-26 23:20:00,66.35480000000007,66.35480000000007,-1,HOLD
2025-01-26 23:25:00,66.33799999999974,66.33799999999974,-1,HOLD
2025-01-26 23:30:00,66.34479999999985,66.34479999999985,-1,HOLD
2025-01-26 23:35:00,66.33420000000024,66.33420000000024,-1,HOLD
2025-01-26 23:40:00,66.2448000000004,66.2448000000004,-1,HOLD
2025-01-26 23:45:00,66.26580000000013,66.26580000000013,-1,HOLD
2025-01-26 23:50:00,66.3137999999999,66.3137999999999,-1,HOLD
2025-01-26 23:55:00,66.3185999999996,66.3185999999996,-1,HOLD
2025-01-27 00:00:00,66.27620000000024,66.27620000000024,-1,HOLD
2025-01-27 00:05:00,66.27620000000024,66.27620000000024,-1,HOLD
2025-01-27 00:10:00,66.20840000000044,66.20840000000044,-1,HOLD
2025-01-27 00:15:00,66.20240000000013,66.20240000000013,-1,HOLD
2025-01-27 00:20:00,66.1869999999999,66.1869999999999,-1,HOLD
2025-01-27 00:25:00,66.22500000000036,66.22500000000036,-1,HOLD
2025-01-27 00:30:00,66.35860000000048,66.35860000000048,-1,HOLD
2025-01-27 00:35:00,66.3132000000005,66.3132000000005,-1,HOLD
2025-01-27 00:40:00,66.3132000000005,66.3132000000005,-1,HOLD
2025-01-27 00:45:00,66.35379999999986,66.35379999999986,-1,HOLD
2025-01-27 00:50:00,66.35379999999986,66.35379999999986,-1,HOLD
2025-01-27 00:55:00,66.34240000000045,66.34240000000045,-1,HOLD
2025-01-27 01:00:00,66.35080000000016,66.35080000000016,-1,HOLD
2025-01-27 01:05:00,66.35459999999966,66.35459999999966,-1,HOLD
2025-01-27 01:10:00,66.40859999999975,66.40859999999975,-1,HOLD
2025-01-27 01:15:00,66.42060000000038,66.42060000000038,-1,HOLD
2025-01-27 01:20:00,66.40319999999974,66.40319999999974,-1,HOLD
2025-01-27 01:25:00,66.40539999999964,66.40539999999964,-1,HOLD
2025-01-27 01:30:00,66.52819999999974,66.52819999999974,-1,HOLD
2025-01-27 01:35:00,66.55479999999989,66.55479999999989,-1,HOLD
2025-01-27 01:40:00,66.60940000000028,66.60940000000028,-1,HOLD
2025-01-27 01:45:00,66.79100000000017,66.79100000000017,-1,HOLD
2025-01-27 01:50:00,66.85800000000017,66.85800000000017,-1,HOLD
2025-01-27 01:55:00,66.85800000000017,66.85800000000017,-1,HOLD
2025-01-27 02:00:00,66.73199999999997,66.73199999999997,-1,HOLD
2025-01-27 02:05:00,66.80000000000018,66.80000000000018,-1,HOLD
2025-01-27 02:10:00,66.72839999999997,66.72839999999997,-1,HOLD
2025-01-27 02:15:00,66.74499999999989,66.74499999999989,-1,HOLD
2025-01-27 02:20:00,66.70660000000044,66.70660000000044,-1,HOLD
2025-01-27 02:25:00,66.78780000000006,66.78780000000006,-1,HOLD
2025-01-27 02:30:00,66.78780000000006,66.78780000000006,-1,HOLD
2025-01-27 02:35:00,66.78480000000036,66.78480000000036,-1,HOLD
2025-01-27 02:40:00,66.86300000000028,66.86300000000028,-1,HOLD
2025-01-27 02:45:00,66.78279999999995,66.78279999999995,-1,HOLD
2025-01-27 02:50:00,66.77059999999983,66.77059999999983,-1,HOLD
2025-01-27 02:55:00,66.77160000000003,66.77160000000003,-1,HOLD
2025-01-27 03:00:00,66.77160000000003,66.77160000000003,-1,HOLD
2025-01-27 03:05:00,66.77499999999964,66.77499999999964,-1,HOLD
2025-01-27 03:10:00,66.73019999999997,66.73019999999997,-1,HOLD
2025-01-27 03:15:00,66.74139999999989,66.74139999999989,-1,HOLD
2025-01-27 03:20:00,66.60940000000028,66.60940000000028,-1,HOLD
2025-01-27 03:25:00,66.61359999999968,66.61359999999968,-1,HOLD
2025-01-27 03:30:00,66.63559999999961,66.63559999999961,-1,HOLD
2025-01-27 03:35:00,66.6851999999999,66.6851999999999,-1,HOLD
2025-01-27 03:40:00,66.66240000000016,66.66240000000016,-1,HOLD
2025-01-27 03:45:00,66.71320000000014,66.71320000000014,-1,HOLD
2025-01-27 03:50:00,66.8108000000002,66.8108000000002,-1,HOLD
2025-01-27 03:55:00,66.76540000000023,66.76540000000023,-1,HOLD
2025-01-27 04:00:00,66.72980000000007,66.72980000000007,-1,HOLD
2025-01-27 04:05:00,66.76620000000003,66.76620000000003,-1,HOLD
2025-01-27 04:10:00,66.76620000000003,66.76620000000003,-1,HOLD
2025-01-27 04:15:00,66.76620000000003,66.76620000000003,-1,HOLD
2025-01-27 04:20:00,66.76620000000003,66.76620000000003,-1,HOLD
2025-01-27 04:25:00,66.76620000000003,66.76620000000003,-1,HOLD
2025-01-27 04:30:00,66.72400000000016,66.72400000000016,-1,HOLD
2025-01-27 04:35:00,66.68339999999989,66.68339999999989,-1,HOLD
2025-01-27 04:40:00,66.73520000000008,66.73520000000008,-1,HOLD
2025-01-27 04:45:00,66.6902,66.6902,-1,HOLD
2025-01-27 04:50:00,66.60940000000028,66.60940000000028,-1,HOLD
2025-01-27 04:55:00,66.57960000000003,66.57960000000003,-1,HOLD
2025-01-27 05:00:00,66.4382000000005,66.4382000000005,-1,HOLD
2025-01-27 05:05:00,66.38159999999971,66.38159999999971,-1,HOLD
2025-01-27 05:10:00,66.28579999999965,66.28579999999965,-1,HOLD
2025-01-27 05:15:00,66.23800000000028,66.23800000000028,-1,HOLD
2025-01-27 05:20:00,66.35120000000006,66.35120000000006,-1,HOLD
2025-01-27 05:25:00,66.35120000000006,66.35120000000006,-1,HOLD
2025-01-27 05:30:00,66.2480000000005,66.2480000000005,-1,HOLD
2025-01-27 05:35:00,66.23999999999978,66.23999999999978,-1,HOLD
2025-01-27 05:40:00,66.10159999999996,66.10159999999996,-1,HOLD
2025-01-27 05:45:00,65.95399999999972,65.95399999999972,-1,HOLD
2025-01-27 05:50:00,66.0011999999997,66.0011999999997,-1,HOLD
2025-01-27 05:55:00,66.0,66.0,-1,HOLD
2025-01-27 06:00:00,65.89999999999964,65.89999999999964,-1,HOLD
2025-01-27 06:05:00,65.65440000000035,65.65440000000035,-1,HOLD
2025-01-27 06:10:00,65.82340000000022,65.82340000000022,-1,HOLD
2025-01-27 06:15:00,65.95380000000023,65.95380000000023,-1,HOLD
2025-01-27 06:20:00,65.9409999999998,65.9409999999998,-1,HOLD
2025-01-27 06:25:00,65.9960000000001,65.9960000000001,-1,HOLD
2025-01-27 06:30:00,66.07579999999962,66.07579999999962,-1,HOLD
2025-01-27 06:35:00,66.03120000000035,66.03120000000035,-1,HOLD
2025-01-27 06:40:00,66.13400000000001,66.13400000000001,-1,HOLD
2025-01-27 06:45:00,66.17399999999998,66.17399999999998,-1,HOLD
2025-01-27 06:50:00,66.0564000000004,66.0564000000004,-1,HOLD
2025-01-27 06:55:00,65.8100000000004,65.8100000000004,-1,HOLD
2025-01-27 07:00:00,65.70060000000012,65.70060000000012,-1,HOLD
2025-01-27 07:05:00,65.38780000000042,65.38780000000042,-1,HOLD
2025-01-27 07:10:00,65.34240000000045,65.34240000000045,-1,HOLD
2025-01-27 07:15:00,65.13299999999981,65.13299999999981,-1,HOLD
2025-01-27 07:20:00,64.92060000000038,64.92060000000038,-1,HOLD
2025-01-27 07:25:00,65.02019999999993,65.02019999999993,-1,HOLD
2025-01-27 07:30:00,64.88240000000042,64.88240000000042,-1,HOLD
2025-01-27 07:35:00,64.80519999999979,64.80519999999979,-1,HOLD
2025-01-27 07:40:00,64.70840000000044,64.70840000000044,-1,HOLD
2025-01-27 07:45:00,64.83479999999963,64.83479999999963,-1,HOLD
2025-01-27 07:50:00,64.7514000000001,64.7514000000001,-1,HOLD
2025-01-27 07:55:00,64.62880000000041,64.62880000000041,-1,HOLD
2025-01-27 08:00:00,64.67860000000019,64.67860000000019,-1,HOLD
2025-01-27 08:05:00,64.98459999999977,64.98459999999977,-1,HOLD
2025-01-27 08:10:00,64.83619999999974,64.83619999999974,-1,HOLD
2025-01-27 08:15:00,64.61319999999978,64.61319999999978,-1,HOLD
2025-01-27 08:20:00,64.48400000000038,64.48400000000038,-1,HOLD
2025-01-27 08:25:00,64.57939999999962,64.57939999999962,-1,HOLD
2025-01-27 08:30:00,64.54219999999987,64.54219999999987,-1,HOLD
2025-01-27 08:35:00,64.57539999999972,64.57539999999972,-1,HOLD
2025-01-27 08:40:00,64.52379999999994,64.52379999999994,-1,HOLD
2025-01-27 08:45:00,64.41840000000047,64.41840000000047,-1,HOLD
2025-01-27 08:50:00,64.41460000000006,64.41460000000006,-1,HOLD
2025-01-27 08:55:00,64.41460000000006,64.41460000000006,-1,HOLD
2025-01-27 09:00:00,64.34979999999996,64.34979999999996,-1,HOLD
2025-01-27 09:05:00,64.25740000000042,64.25740000000042,-1,HOLD
2025-01-27 09:10:00,63.87079999999969,63.87079999999969,-1,HOLD
2025-01-27 09:15:00,64.0586000000003,64.0586000000003,-1,HOLD
2025-01-27 09:20:00,64.25619999999981,64.25619999999981,-1,HOLD
2025-01-27 09:25:00,64.25520000000051,64.25520000000051,-1,HOLD
2025-01-27 09:30:00,64.29020000000037,64.29020000000037,-1,HOLD
2025-01-27 09:35:00,64.34659999999985,64.34659999999985,-1,HOLD
2025-01-27 09:40:00,64.1814000000004,64.1814000000004,-1,HOLD
2025-01-27 09:45:00,64.11560000000009,64.11560000000009,-1,HOLD
2025-01-27 09:50:00,64.11560000000009,64.11560000000009,-1,HOLD
2025-01-27 09:55:00,64.10580000000027,64.10580000000027,-1,HOLD
2025-01-27 10:00:00,63.796800000000076,63.796800000000076,-1,HOLD
2025-01-27 10:05:00,63.89440000000013,63.89440000000013,-1,HOLD
2025-01-27 10:10:00,63.85320000000047,63.85320000000047,-1,HOLD
2025-01-27 10:15:00,63.8082000000004,63.8082000000004,-1,HOLD
2025-01-27 10:20:00,63.70759999999973,63.70759999999973,-1,HOLD
2025-01-27 10:25:00,63.909599999999955,63.909599999999955,-1,HOLD
2025-01-27 10:30:00,63.5614000000005,63.5614000000005,-1,HOLD
2025-01-27 10:35:00,63.57679999999982,63.57679999999982,-1,HOLD
2025-01-27 10:40:00,63.87079999999969,63.87079999999969,-1,HOLD
2025-01-27 10:45:00,63.757800000000316,63.757800000000316,-1,HOLD
2025-01-27 10:50:00,63.56500000000051,63.56500000000051,-1,HOLD
2025-01-27 10:55:00,63.63879999999972,63.63879999999972,-1,HOLD
2025-01-27 11:00:00,63.53219999999965,63.53219999999965,-1,HOLD
2025-01-27 11:05:00,63.6864000000005,63.6864000000005,-1,HOLD
2025-01-27 11:10:00,63.865999999999985,63.865999999999985,-1,HOLD
2025-01-27 11:15:00,63.86400000000049,63.86400000000049,-1,HOLD
2025-01-27 11:20:00,63.97360000000026,63.97360000000026,-1,HOLD
2025-01-27 11:25:00,63.82039999999961,63.82039999999961,-1,HOLD
2025-01-27 11:30:00,63.71259999999984,63.71259999999984,-1,HOLD
2025-01-27 11:35:00,63.71320000000014,63.71320000000014,-1,HOLD
2025-01-27 11:40:00,63.71320000000014,63.71320000000014,-1,HOLD
2025-01-27 11:45:00,63.660799999999654,63.660799999999654,-1,HOLD
2025-01-27 11:50:00,63.660799999999654,63.660799999999654,-1,HOLD
2025-01-27 11:55:00,63.660799999999654,63.660799999999654,-1,HOLD
2025-01-27 12:00:00,63.527000000000044,63.527000000000044,-1,HOLD
2025-01-27 12:05:00,63.41939999999977,63.41939999999977,-1,HOLD
2025-01-27 12:10:00,63.37700000000041,63.37700000000041,-1,HOLD
2025-01-27 12:15:00,63.250200000000405,63.250200000000405,-1,HOLD
2025-01-27 12:20:00,63.2521999999999,63.2521999999999,-1,HOLD
2025-01-27 12:25:00,63.30379999999968,63.30379999999968,-1,HOLD
2025-01-27 12:30:00,63.30379999999968,63.30379999999968,-1,HOLD
2025-01-27 12:35:00,63.30000000000018,63.30000000000018,-1,HOLD
2025-01-27 12:40:00,63.29520000000048,63.29520000000048,-1,HOLD
2025-01-27 12:45:00,63.27319999999963,63.27319999999963,-1,HOLD
2025-01-27 12:50:00,63.159599999999955,63.159599999999955,-1,HOLD
2025-01-27 12:55:00,63.159599999999955,63.159599999999955,-1,HOLD
2025-01-27 13:00:00,63.13659999999982,63.13659999999982,-1,HOLD
2025-01-27 13:05:00,63.11859999999979,63.11859999999979,-1,HOLD
2025-01-27 13:10:00,63.04200000000037,63.04200000000037,-1,HOLD
2025-01-27 13:15:00,63.1271999999999,63.1271999999999,-1,HOLD
2025-01-27 13:20:00,63.126000000000204,63.126000000000204,-1,HOLD
2025-01-27 13:25:00,63.11319999999978,63.11319999999978,-1,HOLD
2025-01-27 13:30:00,63.0,63.0,-1,HOLD
2025-01-27 13:35:00,62.797199999999975,62.797199999999975,-1,HOLD
2025-01-27 13:40:00,62.806000000000495,62.806000000000495,-1,HOLD
2025-01-27 13:45:00,62.4978000000001,62.4978000000001,-1,HOLD
2025-01-27 13:50:00,62.40260000000035,62.40260000000035,-1,HOLD
2025-01-27 13:55:00,62.82840000000033,62.82840000000033,-1,HOLD
2025-01-27 14:00:00,62.828199999999924,62.828199999999924,-1,HOLD
2025-01-27 14:05:00,62.95340000000033,62.95340000000033,-1,HOLD
2025-01-27 14:10:00,62.560199999999895,62.560199999999895,-1,HOLD
2025-01-27 14:15:00,62.11359999999968,62.11359999999968,-1,HOLD
2025-01-27 14:20:00,62.28740000000016,62.28740000000016,-1,HOLD
2025-01-27 14:25:00,62.38000000000011,62.38000000000011,-1,HOLD
2025-01-27 14:30:00,62.33420000000024,62.33420000000024,-1,HOLD
2025-01-27 14:35:00,62.100000000000364,62.100000000000364,-1,HOLD
2025-01-27 14:40:00,61.858799999999974,61.858799999999974,-1,HOLD
2025-01-27 14:45:00,61.72559999999976,61.72559999999976,-1,HOLD
2025-01-27 14:50:00,61.89800000000014,61.89800000000014,-1,HOLD
2025-01-27 14:55:00,61.64879999999994,61.64879999999994,-1,HOLD
2025-01-27 15:00:00,61.69539999999961,61.69539999999961,-1,HOLD
2025-01-27 15:05:00,61.69539999999961,61.69539999999961,-1,HOLD
2025-01-27 15:10:00,61.655800000000454,61.655800000000454,-1,HOLD
2025-01-27 15:15:00,61.119800000000396,61.119800000000396,-1,HOLD
2025-01-27 15:20:00,61.245200000000295,61.245200000000295,-1,HOLD
2025-01-27 15:25:00,60.612600000000384,60.612600000000384,-1,HOLD
2025-01-27 15:30:00,61.093799999999646,61.093799999999646,-1,HOLD
2025-01-27 15:35:00,61.163400000000365,61.163400000000365,-1,HOLD
2025-01-27 15:40:00,61.61740000000009,61.61740000000009,-1,HOLD
2025-01-27 15:45:00,61.43080000000009,61.43080000000009,-1,HOLD
2025-01-27 15:50:00,61.64019999999982,61.64019999999982,-1,HOLD
2025-01-27 15:55:00,61.45560000000023,61.45560000000023,-1,HOLD
2025-01-27 16:00:00,61.1836000000003,61.1836000000003,-1,HOLD
2025-01-27 16:05:00,61.2485999999999,61.2485999999999,-1,HOLD
2025-01-27 16:10:00,61.340799999999945,61.340799999999945,-1,HOLD
2025-01-27 16:15:00,61.132400000000416,61.132400000000416,-1,HOLD
2025-01-27 16:20:00,61.33939999999984,61.33939999999984,-1,HOLD
2025-01-27 16:25:00,61.430599999999686,61.430599999999686,-1,HOLD
2025-01-27 16:30:00,61.02520000000004,61.02520000000004,-1,HOLD
2025-01-27 16:35:00,60.947400000000016,60.947400000000016,-1,HOLD
2025-01-27 16:40:00,60.818599999999606,60.818599999999606,-1,HOLD
2025-01-27 16:45:00,61.026600000000144,61.026600000000144,-1,HOLD
2025-01-27 16:50:00,61.206199999999626,61.206199999999626,-1,HOLD
2025-01-27 16:55:00,61.29860000000008,61.29860000000008,-1,HOLD
2025-01-27 17:00:00,61.49359999999979,61.49359999999979,-1,HOLD
2025-01-27 17:05:00,61.792599999999766,61.792599999999766,-1,HOLD
2025-01-27 17:10:00,61.61620000000039,61.61620000000039,-1,HOLD
2025-01-27 17:15:00,61.58359999999993,61.58359999999993,-1,HOLD
2025-01-27 17:20:00,61.525800000000345,61.525800000000345,-1,HOLD
2025-01-27 17:25:00,61.439800000000105,61.439800000000105,-1,HOLD
2025-01-27 17:30:00,61.439800000000105,61.439800000000105,-1,HOLD
2025-01-27 17:35:00,61.47540000000026,61.47540000000026,-1,HOLD
2025-01-27 17:40:00,61.47140000000036,61.47140000000036,-1,HOLD
2025-01-27 17:45:00,61.44260000000031,61.44260000000031,-1,HOLD
2025-01-27 17:50:00,61.63760000000002,61.63760000000002,-1,HOLD
2025-01-27 17:55:00,61.595400000000154,61.595400000000154,-1,HOLD
2025-01-27 18:00:00,61.435199999999895,61.435199999999895,-1,HOLD
2025-01-27 18:05:00,61.534200000000055,61.534200000000055,-1,HOLD
2025-01-27 18:10:00,61.46939999999995,61.46939999999995,-1,HOLD
2025-01-27 18:15:00,61.21100000000024,61.21100000000024,-1,HOLD
2025-01-27 18:20:00,61.380199999999604,61.380199999999604,-1,HOLD
2025-01-27 18:25:00,61.380199999999604,61.380199999999604,-1,HOLD
2025-01-27 18:30:00,61.08399999999983,61.08399999999983,-1,HOLD
2025-01-27 18:35:00,61.06760000000031,61.06760000000031,-1,HOLD
2025-01-27 18:40:00,60.97580000000016,60.97580000000016,-1,HOLD
2025-01-27 18:45:00,61.0612000000001,61.0612000000001,-1,HOLD
2025-01-27 18:50:00,60.819400000000314,60.819400000000314,-1,HOLD
2025-01-27 18:55:00,60.819400000000314,60.819400000000314,-1,HOLD
2025-01-27 19:00:00,61.086199999999735,61.086199999999735,-1,HOLD
2025-01-27 19:05:00,61.1268,61.1268,-1,HOLD
2025-01-27 19:10:00,61.0015999999996,61.0015999999996,-1,HOLD
2025-01-27 19:15:00,61.29320000000007,61.29320000000007,-1,HOLD
2025-01-27 19:20:00,61.3728000000001,61.3728000000001,-1,HOLD
2025-01-27 19:25:00,61.3728000000001,61.3728000000001,-1,HOLD
2025-01-27 19:30:00,61.487200000000485,61.487200000000485,-1,HOLD
2025-01-27 19:35:00,61.42039999999997,61.42039999999997,-1,HOLD
2025-01-27 19:40:00,61.42039999999997,61.42039999999997,-1,HOLD
2025-01-27 19:45:00,61.302200000000084,61.302200000000084,-1,HOLD
2025-01-27 19:50:00,61.36419999999998,61.36419999999998,-1,HOLD
2025-01-27 19:55:00,61.189400000000205,61.189400000000205,-1,HOLD
2025-01-27 20:00:00,61.17979999999989,61.17979999999989,-1,HOLD
2025-01-27 20:05:00,61.42060000000038,61.42060000000038,-1,HOLD
2025-01-27 20:10:00,61.42060000000038,61.42060000000038,-1,HOLD
2025-01-27 20:15:00,61.42060000000038,61.42060000000038,-1,HOLD
2025-01-27 20:20:00,61.14900000000034,61.14900000000034,-1,HOLD
2025-01-27 20:25:00,61.106800000000476,61.106800000000476,-1,HOLD
2025-01-27 20:30:00,61.23999999999978,61.23999999999978,-1,HOLD
2025-01-27 20:35:00,61.40760000000046,61.40760000000046,-1,HOLD
2025-01-27 20:40:00,61.65819999999985,61.65819999999985,-1,HOLD
2025-01-27 20:45:00,61.73700000000008,61.73700000000008,-1,HOLD
2025-01-27 20:50:00,62.14180000000033,62.14180000000033,-1,HOLD
2025-01-27 20:55:00,62.09519999999975,62.09519999999975,-1,HOLD
2025-01-27 21:00:00,62.06779999999981,62.06779999999981,-1,HOLD
2025-01-27 21:05:00,62.45380000000023,62.45380000000023,-1,HOLD
2025-01-27 21:10:00,62.620200000000295,62.620200000000295,-1,HOLD
2025-01-27 21:15:00,62.370600000000195,62.370600000000195,-1,HOLD
2025-01-27 21:20:00,62.41219999999976,62.41219999999976,-1,HOLD
2025-01-27 21:25:00,62.39419999999973,62.39419999999973,-1,HOLD
2025-01-27 21:30:00,62.40520000000015,62.40520000000015,-1,HOLD
2025-01-27 21:35:00,62.4372000000003,62.4372000000003,-1,HOLD
2025-01-27 21:40:00,62.21339999999964,62.21339999999964,-1,HOLD
2025-01-27 21:45:00,62.13619999999992,62.13619999999992,-1,HOLD
2025-01-27 21:50:00,61.91480000000047,61.91480000000047,-1,HOLD
2025-01-27 21:55:00,62.03399999999965,62.03399999999965,-1,HOLD
2025-01-27 22:00:00,62.02139999999963,62.02139999999963,-1,HOLD
2025-01-27 22:05:00,62.007800000000316,62.007800000000316,-1,HOLD
2025-01-27 22:10:00,61.70300000000043,61.70300000000043,-1,HOLD
2025-01-27 22:15:00,61.892799999999625,61.892799999999625,-1,HOLD
2025-01-27 22:20:00,62.11059999999998,62.11059999999998,-1,HOLD
2025-01-27 22:25:00,62.11059999999998,62.11059999999998,-1,HOLD
2025-01-27 22:30:00,62.32260000000042,62.32260000000042,-1,HOLD
2025-01-27 22:35:00,62.41780000000017,62.41780000000017,-1,HOLD
2025-01-27 22:40:00,62.46380000000045,62.46380000000045,-1,HOLD
2025-01-27 22:45:00,62.702800000000025,62.702800000000025,-1,HOLD
2025-01-27 22:50:00,62.639000000000124,62.639000000000124,-1,HOLD
2025-01-27 22:55:00,62.83359999999993,62.83359999999993,-1,HOLD
2025-01-27 23:00:00,62.64099999999962,62.64099999999962,-1,HOLD
2025-01-27 23:05:00,62.54460000000017,62.54460000000017,-1,HOLD
2025-01-27 23:10:00,62.73580000000038,62.73580000000038,-1,HOLD
2025-01-27 23:15:00,62.296400000000176,62.296400000000176,-1,HOLD
2025-01-27 23:20:00,62.518200000000434,62.518200000000434,-1,HOLD
2025-01-27 23:25:00,62.74719999999979,62.74719999999979,-1,HOLD
2025-01-27 23:30:00,62.67699999999968,62.67699999999968,-1,HOLD
2025-01-27 23:35:00,62.93299999999999,62.93299999999999,-1,HOLD
2025-01-27 23:40:00,62.96560000000045,62.96560000000045,-1,HOLD
2025-01-27 23:45:00,62.86440000000039,62.86440000000039,-1,HOLD
2025-01-27 23:50:00,62.77000000000044,62.77000000000044,-1,HOLD
2025-01-27 23:55:00,62.64720000000034,62.64720000000034,-1,HOLD
2025-01-28 00:00:00,62.590000000000146,62.590000000000146,-1,HOLD
2025-01-28 00:05:00,62.42619999999988,62.42619999999988,-1,HOLD
2025-01-28 00:10:00,62.30760000000009,62.30760000000009,-1,HOLD
2025-01-28 00:15:00,62.534599999999955,62.534599999999955,-1,HOLD
2025-01-28 00:20:00,62.53399999999965,62.53399999999965,-1,HOLD
2025-01-28 00:25:00,62.3724000000002,62.3724000000002,-1,HOLD
2025-01-28 00:30:00,62.08719999999994,62.08719999999994,-1,HOLD
2025-01-28 00:35:00,61.74719999999979,61.74719999999979,-1,HOLD
2025-01-28 00:40:00,61.75759999999991,61.75759999999991,-1,HOLD
2025-01-28 00:45:00,62.014000000000124,62.014000000000124,-1,HOLD
2025-01-28 00:50:00,61.52520000000004,61.52520000000004,-1,HOLD
2025-01-28 00:55:00,61.608400000000074,61.608400000000074,-1,HOLD
2025-01-28 01:00:00,61.90440000000035,61.90440000000035,-1,HOLD
2025-01-28 01:05:00,61.60480000000007,61.60480000000007,-1,HOLD
2025-01-28 01:10:00,61.89840000000004,61.89840000000004,-1,HOLD
2025-01-28 01:15:00,61.663400000000365,61.663400000000365,-1,HOLD
2025-01-28 01:20:00,61.59699999999975,61.59699999999975,-1,HOLD
2025-01-28 01:25:00,61.767399999999725,61.767399999999725,-1,HOLD
2025-01-28 01:30:00,61.85480000000007,61.85480000000007,-1,HOLD
2025-01-28 01:35:00,61.86440000000039,61.86440000000039,-1,HOLD
2025-01-28 01:40:00,61.73019999999997,61.73019999999997,-1,HOLD
2025-01-28 01:45:00,61.73019999999997,61.73019999999997,-1,HOLD
2025-01-28 01:50:00,61.68419999999969,61.68419999999969,-1,HOLD
2025-01-28 01:55:00,61.465400000000045,61.465400000000045,-1,HOLD
2025-01-28 02:00:00,61.581600000000435,61.581600000000435,-1,HOLD
2025-01-28 02:05:00,61.651200000000244,61.651200000000244,-1,HOLD
2025-01-28 02:10:00,61.6220000000003,61.6220000000003,-1,HOLD
2025-01-28 02:15:00,61.61899999999969,61.61899999999969,-1,HOLD
2025-01-28 02:20:00,61.61120000000028,61.61120000000028,-1,HOLD
2025-01-28 02:25:00,61.521600000000035,61.521600000000035,-1,HOLD
2025-01-28 02:30:00,61.521600000000035,61.521600000000035,-1,HOLD
2025-01-28 02:35:00,61.36340000000018,61.36340000000018,-1,HOLD
2025-01-28 02:40:00,61.23959999999988,61.23959999999988,-1,HOLD
2025-01-28 02:45:00,61.20480000000043,61.20480000000043,-1,HOLD
2025-01-28 02:50:00,61.085799999999836,61.085799999999836,-1,HOLD
2025-01-28 02:55:00,61.04320000000007,61.04320000000007,-1,HOLD
2025-01-28 03:00:00,61.3771999999999,61.3771999999999,-1,HOLD
2025-01-28 03:05:00,61.310599999999795,61.310599999999795,-1,HOLD
2025-01-28 03:10:00,61.30000000000018,61.30000000000018,-1,HOLD
2025-01-28 03:15:00,61.28099999999995,61.28099999999995,-1,HOLD
2025-01-28 03:20:00,61.45179999999982,61.45179999999982,-1,HOLD
2025-01-28 03:25:00,61.49300000000039,61.49300000000039,-1,HOLD
2025-01-28 03:30:00,61.46560000000045,61.46560000000045,-1,HOLD
2025-01-28 03:35:00,61.59820000000036,61.59820000000036,-1,HOLD
2025-01-28 03:40:00,61.56700000000001,61.56700000000001,-1,HOLD
2025-01-28 03:45:00,61.474600000000464,61.474600000000464,-1,HOLD
2025-01-28 03:50:00,61.46399999999994,61.46399999999994,-1,HOLD
2025-01-28 03:55:00,61.35040000000026,61.35040000000026,-1,HOLD
2025-01-28 04:00:00,61.720000000000255,61.720000000000255,-1,HOLD
2025-01-28 04:05:00,61.49459999999999,61.49459999999999,-1,HOLD
2025-01-28 04:10:00,61.71600000000035,61.71600000000035,-1,HOLD
2025-01-28 04:15:00,61.728399999999965,61.728399999999965,-1,HOLD
2025-01-28 04:20:00,62.09299999999985,62.09299999999985,-1,HOLD
2025-01-28 04:25:00,61.9368000000004,61.9368000000004,-1,HOLD
2025-01-28 04:30:00,62.24380000000019,62.24380000000019,-1,HOLD
2025-01-28 04:35:00,62.44959999999992,62.44959999999992,-1,HOLD
2025-01-28 04:40:00,62.40400000000045,62.40400000000045,-1,HOLD
2025-01-28 04:45:00,62.613000000000284,62.613000000000284,-1,HOLD
2025-01-28 04:50:00,62.69999999999982,62.69999999999982,-1,HOLD
2025-01-28 04:55:00,62.93339999999989,62.93339999999989,-1,HOLD
2025-01-28 05:00:00,63.02099999999973,63.02099999999973,-1,HOLD
2025-01-28 05:05:00,63.38720000000012,63.38720000000012,-1,HOLD
2025-01-28 05:10:00,63.71979999999985,63.71979999999985,-1,HOLD
2025-01-28 05:15:00,64.66619999999966,64.66619999999966,-1,HOLD
2025-01-28 05:20:00,63.85580000000027,63.85580000000027,-1,HOLD
2025-01-28 05:25:00,63.64440000000013,63.64440000000013,-1,HOLD
2025-01-28 05:30:00,63.353000000000065,63.353000000000065,-1,HOLD
2025-01-28 05:35:00,63.15859999999975,63.15859999999975,-1,HOLD
2025-01-28 05:40:00,63.00340000000051,63.00340000000051,-1,HOLD
2025-01-28 05:45:00,63.232200000000375,63.232200000000375,-1,HOLD
2025-01-28 05:50:00,63.04020000000037,63.04020000000037,-1,HOLD
2025-01-28 05:55:00,63.25960000000032,63.25960000000032,-1,HOLD
2025-01-28 06:00:00,63.41480000000047,63.41480000000047,-1,HOLD
2025-01-28 06:05:00,63.41640000000007,63.41640000000007,-1,HOLD
2025-01-28 06:10:00,63.14480000000003,63.14480000000003,-1,HOLD
2025-01-28 06:15:00,63.33740000000034,63.33740000000034,-1,HOLD
2025-01-28 06:20:00,62.927599999999984,62.927599999999984,-1,HOLD
2025-01-28 06:25:00,63.193199999999706,63.193199999999706,-1,HOLD
2025-01-28 06:30:00,63.31779999999981,63.31779999999981,-1,HOLD
2025-01-28 06:35:00,63.33299999999963,63.33299999999963,-1,HOLD
2025-01-28 06:40:00,63.41939999999977,63.41939999999977,-1,HOLD
2025-01-28 06:45:00,63.53359999999975,63.53359999999975,-1,HOLD
2025-01-28 06:50:00,63.47860000000037,63.47860000000037,-1,HOLD
2025-01-28 06:55:00,63.52300000000014,63.52300000000014,-1,HOLD
2025-01-28 07:00:00,63.45880000000034,63.45880000000034,-1,HOLD
2025-01-28 07:05:00,63.45880000000034,63.45880000000034,-1,HOLD
2025-01-28 07:10:00,63.46900000000005,63.46900000000005,-1,HOLD
2025-01-28 07:15:00,63.375,63.375,-1,HOLD
2025-01-28 07:20:00,63.43339999999989,63.43339999999989,-1,HOLD
2025-01-28 07:25:00,63.46699999999964,63.46699999999964,-1,HOLD
2025-01-28 07:30:00,63.23999999999978,63.23999999999978,-1,HOLD
2025-01-28 07:35:00,63.34659999999985,63.34659999999985,-1,HOLD
2025-01-28 07:40:00,63.34659999999985,63.34659999999985,-1,HOLD
2025-01-28 07:45:00,63.431000000000495,63.431000000000495,-1,HOLD
2025-01-28 07:50:00,63.45340000000033,63.45340000000033,-1,HOLD
2025-01-28 07:55:00,63.594200000000455,63.594200000000455,-1,HOLD
2025-01-28 08:00:00,63.98940000000039,63.98940000000039,-1,HOLD
2025-01-28 08:05:00,64.0673999999999,64.0673999999999,-1,HOLD
2025-01-28 08:10:00,63.80000000000018,63.80000000000018,-1,HOLD
2025-01-28 08:15:00,63.63960000000043,63.63960000000043,-1,HOLD
2025-01-28 08:20:00,63.58880000000045,63.58880000000045,-1,HOLD
2025-01-28 08:25:00,63.54060000000027,63.54060000000027,-1,HOLD
2025-01-28 08:30:00,63.52639999999974,63.52639999999974,-1,HOLD
2025-01-28 08:35:00,63.464600000000246,63.464600000000246,-1,HOLD
2025-01-28 08:40:00,63.56720000000041,63.56720000000041,-1,HOLD
2025-01-28 08:45:00,63.48700000000008,63.48700000000008,-1,HOLD
2025-01-28 08:50:00,63.386999999999716,63.386999999999716,-1,HOLD
2025-01-28 08:55:00,63.36660000000029,63.36660000000029,-1,HOLD
2025-01-28 09:00:00,63.36660000000029,63.36660000000029,-1,HOLD
2025-01-28 09:05:00,63.28620000000046,63.28620000000046,-1,HOLD
2025-01-28 09:10:00,63.335799999999836,63.335799999999836,-1,HOLD
2025-01-28 09:15:00,63.41979999999967,63.41979999999967,-1,HOLD
2025-01-28 09:20:00,63.2470000000003,63.2470000000003,-1,HOLD
2025-01-28 09:25:00,63.08719999999994,63.08719999999994,-1,HOLD
2025-01-28 09:30:00,63.176800000000185,63.176800000000185,-1,HOLD
2025-01-28 09:35:00,63.2511999999997,63.2511999999997,-1,HOLD
2025-01-28 09:40:00,63.2511999999997,63.2511999999997,-1,HOLD
2025-01-28 09:45:00,63.27760000000035,63.27760000000035,-1,HOLD
2025-01-28 09:50:00,63.468799999999646,63.468799999999646,-1,HOLD
2025-01-28 09:55:00,63.49380000000019,63.49380000000019,-1,HOLD
2025-01-28 10:00:00,63.423399999999674,63.423399999999674,-1,HOLD
2025-01-28 10:05:00,63.54320000000007,63.54320000000007,-1,HOLD
2025-01-28 10:10:00,63.57719999999972,63.57719999999972,-1,HOLD
2025-01-28 10:15:00,63.65340000000015,63.65340000000015,-1,HOLD
2025-01-28 10:20:00,63.788000000000466,63.788000000000466,-1,HOLD
2025-01-28 10:25:00,63.74080000000049,63.74080000000049,-1,HOLD
2025-01-28 10:30:00,63.74080000000049,63.74080000000049,-1,HOLD
2025-01-28 10:35:00,63.71680000000015,63.71680000000015,-1,HOLD
2025-01-28 10:40:00,63.8775999999998,63.8775999999998,-1,HOLD
2025-01-28 10:45:00,63.893200000000434,63.893200000000434,-1,HOLD
2025-01-28 10:50:00,63.76760000000013,63.76760000000013,-1,HOLD
2025-01-28 10:55:00,63.76760000000013,63.76760000000013,-1,HOLD
2025-01-28 11:00:00,63.625200000000405,63.625200000000405,-1,HOLD
2025-01-28 11:05:00,63.54359999999997,63.54359999999997,-1,HOLD
2025-01-28 11:10:00,63.64339999999993,63.64339999999993,-1,HOLD
2025-01-28 11:15:00,63.649999999999636,63.649999999999636,-1,HOLD
2025-01-28 11:20:00,63.95399999999972,63.95399999999972,-1,HOLD
2025-01-28 11:25:00,64.01980000000003,64.01980000000003,-1,HOLD
2025-01-28 11:30:00,64.07480000000032,64.07480000000032,-1,HOLD
2025-01-28 11:35:00,64.09439999999995,64.09439999999995,-1,HOLD
2025-01-28 11:40:00,64.33579999999984,64.33579999999984,-1,HOLD
2025-01-28 11:45:00,64.26620000000003,64.26620000000003,-1,HOLD
2025-01-28 11:50:00,64.25640000000021,64.25640000000021,-1,HOLD
2025-01-28 11:55:00,64.09159999999974,64.09159999999974,-1,HOLD
2025-01-28 12:00:00,64.07600000000002,64.07600000000002,-1,HOLD
2025-01-28 12:05:00,64.04460000000017,64.04460000000017,-1,HOLD
2025-01-28 12:10:00,64.00600000000031,64.00600000000031,-1,HOLD
2025-01-28 12:15:00,64.0043999999998,64.0043999999998,-1,HOLD
2025-01-28 12:20:00,64.16499999999996,64.16499999999996,-1,HOLD
2025-01-28 12:25:00,64.0612000000001,64.0612000000001,-1,HOLD
2025-01-28 12:30:00,64.0612000000001,64.0612000000001,-1,HOLD
2025-01-28 12:35:00,64.40020000000004,64.40020000000004,-1,HOLD
2025-01-28 12:40:00,64.29820000000018,64.29820000000018,-1,HOLD
2025-01-28 12:45:00,64.23980000000029,64.23980000000029,-1,HOLD
2025-01-28 12:50:00,64.26119999999992,64.26119999999992,-1,HOLD
2025-01-28 12:55:00,64.26119999999992,64.26119999999992,-1,HOLD
2025-01-28 13:00:00,64.26119999999992,64.26119999999992,-1,HOLD
2025-01-28 13:05:00,64.3753999999999,64.3753999999999,-1,HOLD
2025-01-28 13:10:00,64.3098,64.3098,-1,HOLD
2025-01-28 13:15:00,64.22199999999975,64.22199999999975,-1,HOLD
2025-01-28 13:20:00,64.24120000000039,64.24120000000039,-1,HOLD
2025-01-28 13:25:00,64.27260000000024,64.27260000000024,-1,HOLD
2025-01-28 13:30:00,64.28920000000016,64.28920000000016,-1,HOLD
2025-01-28 13:35:00,64.32340000000022,64.32340000000022,-1,HOLD
2025-01-28 13:40:00,64.32800000000043,64.32800000000043,-1,HOLD
2025-01-28 13:45:00,64.32800000000043,64.32800000000043,-1,HOLD
2025-01-28 13:50:00,64.32800000000043,64.32800000000043,-1,HOLD
2025-01-28 13:55:00,64.23999999999978,64.23999999999978,-1,HOLD
2025-01-28 14:00:00,64.13100000000031,64.13100000000031,-1,HOLD
2025-01-28 14:05:00,64.27459999999974,64.27459999999974,-1,HOLD
2025-01-28 14:10:00,64.19679999999971,64.19679999999971,-1,HOLD
2025-01-28 14:15:00,64.1212000000005,64.1212000000005,-1,HOLD
2025-01-28 14:20:00,64.17020000000048,64.17020000000048,-1,HOLD
2025-01-28 14:25:00,64.11539999999968,64.11539999999968,-1,HOLD
2025-01-28 14:30:00,64.11539999999968,64.11539999999968,-1,HOLD
2025-01-28 14:35:00,64.00420000000031,64.00420000000031,-1,HOLD
2025-01-28 14:40:00,63.84659999999985,63.84659999999985,-1,HOLD
2025-01-28 14:45:00,63.871799999999894,63.871799999999894,-1,HOLD
2025-01-28 14:50:00,63.94940000000042,63.94940000000042,-1,HOLD
2025-01-28 14:55:00,63.89459999999963,63.89459999999963,-1,HOLD
2025-01-28 15:00:00,63.89959999999974,63.89959999999974,-1,HOLD
2025-01-28 15:05:00,64.03060000000005,64.03060000000005,-1,HOLD
2025-01-28 15:10:00,64.04619999999977,64.04619999999977,-1,HOLD
2025-01-28 15:15:00,64.10239999999976,64.10239999999976,-1,HOLD
2025-01-28 15:20:00,64.23980000000029,64.23980000000029,-1,HOLD
2025-01-28 15:25:00,64.23980000000029,64.23980000000029,-1,HOLD
2025-01-28 15:30:00,64.22260000000006,64.22260000000006,-1,HOLD
2025-01-28 15:35:00,64.16439999999966,64.16439999999966,-1,HOLD
2025-01-28 15:40:00,64.00420000000031,64.00420000000031,-1,HOLD
2025-01-28 15:45:00,63.901200000000244,63.901200000000244,-1,HOLD
2025-01-28 15:50:00,63.95480000000043,63.95480000000043,-1,HOLD
2025-01-28 15:55:00,63.95480000000043,63.95480000000043,-1,HOLD
2025-01-28 16:00:00,63.78600000000006,63.78600000000006,-1,HOLD
2025-01-28 16:05:00,63.68339999999989,63.68339999999989,-1,HOLD
2025-01-28 16:10:00,63.68339999999989,63.68339999999989,-1,HOLD
2025-01-28 16:15:00,63.9336000000003,63.9336000000003,-1,HOLD
2025-01-28 16:20:00,64.03359999999975,64.03359999999975,-1,HOLD
2025-01-28 16:25:00,63.921400000000176,63.921400000000176,-1,HOLD
2025-01-28 16:30:00,63.921400000000176,63.921400000000176,-1,HOLD
2025-01-28 16:35:00,63.826200000000426,63.826200000000426,-1,HOLD
2025-01-28 16:40:00,63.826200000000426,63.826200000000426,-1,HOLD
2025-01-28 16:45:00,63.85320000000047,63.85320000000047,-1,HOLD
2025-01-28 16:50:00,63.85320000000047,63.85320000000047,-1,HOLD
2025-01-28 16:55:00,63.9358000000002,63.9358000000002,-1,HOLD
2025-01-28 17:00:00,63.9358000000002,63.9358000000002,-1,HOLD
2025-01-28 17:05:00,63.84979999999996,63.84979999999996,-1,HOLD
2025-01-28 17:10:00,63.84979999999996,63.84979999999996,-1,HOLD
2025-01-28 17:15:00,63.84979999999996,63.84979999999996,-1,HOLD
2025-01-28 17:20:00,63.92320000000018,63.92320000000018,-1,HOLD
2025-01-28 17:25:00,63.92320000000018,63.92320000000018,-1,HOLD
2025-01-28 17:30:00,63.706600000000435,63.706600000000435,-1,HOLD
2025-01-28 17:35:00,63.82939999999962,63.82939999999962,-1,HOLD
2025-01-28 17:40:00,63.82939999999962,63.82939999999962,-1,HOLD
2025-01-28 17:45:00,63.781200000000354,63.781200000000354,-1,HOLD
2025-01-28 17:50:00,63.84940000000006,63.84940000000006,-1,HOLD
2025-01-28 17:55:00,63.94719999999961,63.94719999999961,-1,HOLD
2025-01-28 18:00:00,63.94719999999961,63.94719999999961,-1,HOLD
2025-01-28 18:05:00,63.94719999999961,63.94719999999961,-1,HOLD
2025-01-28 18:10:00,63.94719999999961,63.94719999999961,-1,HOLD
2025-01-28 18:15:00,64.0604000000003,64.0604000000003,-1,HOLD
2025-01-28 18:20:00,64.0604000000003,64.0604000000003,-1,HOLD
2025-01-28 18:25:00,64.10220000000027,64.10220000000027,-1,HOLD
2025-01-28 18:30:00,64.07579999999962,64.07579999999962,-1,HOLD
2025-01-28 18:35:00,64.07579999999962,64.07579999999962,-1,HOLD
2025-01-28 18:40:00,63.91139999999996,63.91139999999996,-1,HOLD
2025-01-28 18:45:00,63.85320000000047,63.85320000000047,-1,HOLD
2025-01-28 18:50:00,63.86080000000038,63.86080000000038,-1,HOLD
2025-01-28 18:55:00,63.86080000000038,63.86080000000038,-1,HOLD
2025-01-28 19:00:00,63.86080000000038,63.86080000000038,-1,HOLD
2025-01-28 19:05:00,63.990200000000186,63.990200000000186,-1,HOLD
2025-01-28 19:10:00,63.990200000000186,63.990200000000186,-1,HOLD
2025-01-28 19:15:00,63.990200000000186,63.990200000000186,-1,HOLD
2025-01-28 19:20:00,63.822400000000016,63.822400000000016,-1,HOLD
2025-01-28 19:25:00,63.822400000000016,63.822400000000016,-1,HOLD
2025-01-28 19:30:00,63.706600000000435,63.706600000000435,-1,HOLD
2025-01-28 19:35:00,63.654199999999946,63.654199999999946,-1,HOLD
2025-01-28 19:40:00,63.654199999999946,63.654199999999946,-1,HOLD
2025-01-28 19:45:00,63.67820000000029,63.67820000000029,-1,HOLD
2025-01-28 19:50:00,63.73360000000048,63.73360000000048,-1,HOLD
2025-01-28 19:55:00,63.73360000000048,63.73360000000048,-1,HOLD
2025-01-28 20:00:00,63.741799999999785,63.741799999999785,-1,HOLD
2025-01-28 20:05:00,63.85320000000047,63.85320000000047,-1,HOLD
2025-01-28 20:10:00,63.85320000000047,63.85320000000047,-1,HOLD
2025-01-28 20:15:00,63.705799999999726,63.705799999999726,-1,HOLD
2025-01-28 20:20:00,63.660799999999654,63.660799999999654,-1,HOLD
2025-01-28 20:25:00,63.654199999999946,63.654199999999946,-1,HOLD
2025-01-28 20:30:00,63.529199999999946,63.529199999999946,-1,HOLD
2025-01-28 20:35:00,63.5,63.5,-1,HOLD
2025-01-28 20:40:00,63.52559999999994,63.52559999999994,-1,HOLD
2025-01-28 20:45:00,63.42619999999988,63.42619999999988,-1,HOLD
2025-01-28 20:50:00,63.42039999999997,63.42039999999997,-1,HOLD
2025-01-28 20:55:00,63.498999999999796,63.498999999999796,-1,HOLD
2025-01-28 21:00:00,63.559799999999996,63.559799999999996,-1,HOLD
2025-01-28 21:05:00,63.521200000000135,63.521200000000135,-1,HOLD
2025-01-28 21:10:00,63.59280000000035,63.59280000000035,-1,HOLD
2025-01-28 21:15:00,63.603799999999865,63.603799999999865,-1,HOLD
2025-01-28 21:20:00,63.660799999999654,63.660799999999654,-1,HOLD
2025-01-28 21:25:00,63.733799999999974,63.733799999999974,-1,HOLD
2025-01-28 21:30:00,63.59280000000035,63.59280000000035,-1,HOLD
2025-01-28 21:35:00,63.5663999999997,63.5663999999997,-1,HOLD
2025-01-28 21:40:00,63.5663999999997,63.5663999999997,-1,HOLD
2025-01-28 21:45:00,63.55799999999999,63.55799999999999,-1,HOLD
2025-01-28 21:50:00,63.55799999999999,63.55799999999999,-1,HOLD
2025-01-28 21:55:00,63.43379999999979,63.43379999999979,-1,HOLD
2025-01-28 22:00:00,63.42020000000048,63.42020000000048,-1,HOLD
2025-01-28 22:05:00,63.35540000000037,63.35540000000037,-1,HOLD
2025-01-28 22:10:00,63.14019999999982,63.14019999999982,-1,HOLD
2025-01-28 22:15:00,63.1868000000004,63.1868000000004,-1,HOLD
2025-01-28 22:20:00,63.26080000000002,63.26080000000002,-1,HOLD
2025-01-28 22:25:00,63.507400000000416,63.507400000000416,-1,HOLD
2025-01-28 22:30:00,63.34979999999996,63.34979999999996,-1,HOLD
2025-01-28 22:35:00,63.49300000000039,63.49300000000039,-1,HOLD
2025-01-28 22:40:00,63.30580000000009,63.30580000000009,-1,HOLD
2025-01-28 22:45:00,63.33359999999993,63.33359999999993,-1,HOLD
2025-01-28 22:50:00,63.401200000000244,63.401200000000244,-1,HOLD
2025-01-28 22:55:00,63.45380000000023,63.45380000000023,-1,HOLD
2025-01-28 23:00:00,63.59320000000025,63.59320000000025,-1,HOLD
2025-01-28 23:05:00,63.826600000000326,63.826600000000326,-1,HOLD
2025-01-28 23:10:00,63.5,63.5,-1,HOLD
2025-01-28 23:15:00,63.51180000000022,63.51180000000022,-1,HOLD
2025-01-28 23:20:00,63.854199999999764,63.854199999999764,-1,HOLD
2025-01-28 23:25:00,63.77340000000004,63.77340000000004,-1,HOLD
2025-01-28 23:30:00,64.03639999999996,64.03639999999996,-1,HOLD
2025-01-28 23:35:00,64.04399999999987,64.04399999999987,-1,HOLD
2025-01-28 23:40:00,63.87700000000041,63.87700000000041,-1,HOLD
2025-01-28 23:45:00,63.8127999999997,63.8127999999997,-1,HOLD
2025-01-28 23:50:00,63.660799999999654,63.660799999999654,-1,HOLD
2025-01-28 23:55:00,63.62660000000051,63.62660000000051,-1,HOLD
2025-01-29 00:00:00,63.546800000000076,63.546800000000076,-1,HOLD
2025-01-29 00:05:00,63.344600000000355,63.344600000000355,-1,HOLD
2025-01-29 00:10:00,63.344600000000355,63.344600000000355,-1,HOLD
2025-01-29 00:15:00,63.1850000000004,63.1850000000004,-1,HOLD
2025-01-29 00:20:00,63.29020000000037,63.29020000000037,-1,HOLD
2025-01-29 00:25:00,63.22699999999986,63.22699999999986,-1,HOLD
2025-01-29 00:30:00,63.22699999999986,63.22699999999986,-1,HOLD
2025-01-29 00:35:00,63.22699999999986,63.22699999999986,-1,HOLD
2025-01-29 00:40:00,63.11880000000019,63.11880000000019,-1,HOLD
2025-01-29 00:45:00,63.32920000000013,63.32920000000013,-1,HOLD
2025-01-29 00:50:00,62.86959999999999,62.86959999999999,-1,HOLD
2025-01-29 00:55:00,63.08640000000014,63.08640000000014,-1,HOLD
2025-01-29 01:00:00,63.08680000000004,63.08680000000004,-1,HOLD
2025-01-29 01:05:00,63.28780000000006,63.28780000000006,-1,HOLD
2025-01-29 01:10:00,63.49380000000019,63.49380000000019,-1,HOLD
2025-01-29 01:15:00,63.600000000000364,63.600000000000364,-1,HOLD
2025-01-29 01:20:00,63.594200000000455,63.594200000000455,-1,HOLD
2025-01-29 01:25:00,63.533400000000256,63.533400000000256,-1,HOLD
2025-01-29 01:30:00,63.533400000000256,63.533400000000256,-1,HOLD
2025-01-29 01:35:00,63.533400000000256,63.533400000000256,-1,HOLD
2025-01-29 01:40:00,63.426000000000386,63.426000000000386,-1,HOLD
2025-01-29 01:45:00,63.22820000000047,63.22820000000047,-1,HOLD
2025-01-29 01:50:00,63.20759999999973,63.20759999999973,-1,HOLD
2025-01-29 01:55:00,63.20759999999973,63.20759999999973,-1,HOLD
2025-01-29 02:00:00,63.41399999999976,63.41399999999976,-1,HOLD
2025-01-29 02:05:00,63.30280000000039,63.30280000000039,-1,HOLD
2025-01-29 02:10:00,63.46640000000025,63.46640000000025,-1,HOLD
2025-01-29 02:15:00,63.52419999999984,63.52419999999984,-1,HOLD
2025-01-29 02:20:00,63.34619999999995,63.34619999999995,-1,HOLD
2025-01-29 02:25:00,63.36779999999999,63.36779999999999,-1,HOLD
2025-01-29 02:30:00,63.34439999999995,63.34439999999995,-1,HOLD
2025-01-29 02:35:00,63.16859999999997,63.16859999999997,-1,HOLD
2025-01-29 02:40:00,63.08640000000014,63.08640000000014,-1,HOLD
2025-01-29 02:45:00,62.98000000000047,62.98000000000047,-1,HOLD
2025-01-29 02:50:00,63.0,63.0,-1,HOLD
2025-01-29 02:55:00,62.922599999999875,62.922599999999875,-1,HOLD
2025-01-29 03:00:00,62.84699999999975,62.84699999999975,-1,HOLD
2025-01-29 03:05:00,62.707400000000234,62.707400000000234,-1,HOLD
2025-01-29 03:10:00,62.54740000000038,62.54740000000038,-1,HOLD
2025-01-29 03:15:00,62.746000000000095,62.746000000000095,-1,HOLD
2025-01-29 03:20:00,62.746799999999894,62.746799999999894,-1,HOLD
2025-01-29 03:25:00,62.83259999999973,62.83259999999973,-1,HOLD
2025-01-29 03:30:00,62.83259999999973,62.83259999999973,-1,HOLD
2025-01-29 03:35:00,62.8768,62.8768,-1,HOLD
2025-01-29 03:40:00,62.79939999999988,62.79939999999988,-1,HOLD
2025-01-29 03:45:00,62.9332000000004,62.9332000000004,-1,HOLD
2025-01-29 03:50:00,62.9332000000004,62.9332000000004,-1,HOLD
2025-01-29 03:55:00,62.896600000000035,62.896600000000035,-1,HOLD
2025-01-29 04:00:00,62.896600000000035,62.896600000000035,-1,HOLD
2025-01-29 04:05:00,62.896600000000035,62.896600000000035,-1,HOLD
2025-01-29 04:10:00,63.03480000000036,63.03480000000036,-1,HOLD
2025-01-29 04:15:00,63.060999999999694,63.060999999999694,-1,HOLD
2025-01-29 04:20:00,62.75380000000041,62.75380000000041,-1,HOLD
2025-01-29 04:25:00,62.75380000000041,62.75380000000041,-1,HOLD
2025-01-29 04:30:00,62.586599999999635,62.586599999999635,-1,HOLD
2025-01-29 04:35:00,62.65279999999984,62.65279999999984,-1,HOLD
2025-01-29 04:40:00,62.539999999999964,62.539999999999964,-1,HOLD
2025-01-29 04:45:00,62.5018,62.5018,-1,HOLD
2025-01-29 04:50:00,62.34699999999975,62.34699999999975,-1,HOLD
2025-01-29 04:55:00,62.14720000000034,62.14720000000034,-1,HOLD
2025-01-29 05:00:00,62.065599999999904,62.065599999999904,-1,HOLD
2025-01-29 05:05:00,62.14000000000033,62.14000000000033,-1,HOLD
2025-01-29 05:10:00,62.23459999999977,62.23459999999977,-1,HOLD
2025-01-29 05:15:00,62.232200000000375,62.232200000000375,-1,HOLD
2025-01-29 05:20:00,62.02000000000044,62.02000000000044,-1,HOLD
2025-01-29 05:25:00,61.90359999999964,61.90359999999964,-1,HOLD
2025-01-29 05:30:00,61.865999999999985,61.865999999999985,-1,HOLD
2025-01-29 05:35:00,61.5,61.5,-1,HOLD
2025-01-29 05:40:00,61.42740000000049,61.42740000000049,-1,HOLD
2025-01-29 05:45:00,61.49300000000039,61.49300000000039,-1,HOLD
2025-01-29 05:50:00,61.34699999999975,61.34699999999975,-1,HOLD
2025-01-29 05:55:00,61.10660000000007,61.10660000000007,-1,HOLD
2025-01-29 06:00:00,60.9381999999996,60.9381999999996,-1,HOLD
2025-01-29 06:05:00,61.0608000000002,61.0608000000002,-1,HOLD
2025-01-29 06:10:00,61.32099999999991,61.32099999999991,-1,HOLD
2025-01-29 06:15:00,61.23319999999967,61.23319999999967,-1,HOLD
2025-01-29 06:20:00,61.39180000000033,61.39180000000033,-1,HOLD
2025-01-29 06:25:00,61.39180000000033,61.39180000000033,-1,HOLD
2025-01-29 06:30:00,61.3131999999996,61.3131999999996,-1,HOLD
2025-01-29 06:35:00,61.39599999999973,61.39599999999973,-1,HOLD
2025-01-29 06:40:00,61.39599999999973,61.39599999999973,-1,HOLD
2025-01-29 06:45:00,61.642399999999725,61.642399999999725,-1,HOLD
2025-01-29 06:50:00,61.76860000000033,61.76860000000033,-1,HOLD
2025-01-29 06:55:00,61.4377999999997,61.4377999999997,-1,HOLD
2025-01-29 07:00:00,61.5612000000001,61.5612000000001,-1,HOLD
2025-01-29 07:05:00,61.84060000000045,61.84060000000045,-1,HOLD
2025-01-29 07:10:00,61.71839999999975,61.71839999999975,-1,HOLD
2025-01-29 07:15:00,61.517799999999625,61.517799999999625,-1,HOLD
2025-01-29 07:20:00,61.503999999999905,61.503999999999905,-1,HOLD
2025-01-29 07:25:00,61.466199999999844,61.466199999999844,-1,HOLD
2025-01-29 07:30:00,61.22640000000047,61.22640000000047,-1,HOLD
2025-01-29 07:35:00,61.326600000000326,61.326600000000326,-1,HOLD
2025-01-29 07:40:00,61.34720000000016,61.34720000000016,-1,HOLD
2025-01-29 07:45:00,61.440200000000004,61.440200000000004,-1,HOLD
2025-01-29 07:50:00,61.45460000000003,61.45460000000003,-1,HOLD
2025-01-29 07:55:00,61.49359999999979,61.49359999999979,-1,HOLD
2025-01-29 08:00:00,61.58680000000004,61.58680000000004,-1,HOLD
2025-01-29 08:05:00,61.53260000000046,61.53260000000046,-1,HOLD
2025-01-29 08:10:00,61.57039999999961,61.57039999999961,-1,HOLD
2025-01-29 08:15:00,61.60080000000016,61.60080000000016,-1,HOLD
2025-01-29 08:20:00,61.628600000000006,61.628600000000006,-1,HOLD
2025-01-29 08:25:00,61.659999999999854,61.659999999999854,-1,HOLD
2025-01-29 08:30:00,61.86819999999989,61.86819999999989,-1,HOLD
2025-01-29 08:35:00,62.01640000000043,62.01640000000043,-1,HOLD
2025-01-29 08:40:00,62.05540000000019,62.05540000000019,-1,HOLD
2025-01-29 08:45:00,62.189000000000306,62.189000000000306,-1,HOLD
2025-01-29 08:50:00,62.21339999999964,62.21339999999964,-1,HOLD
2025-01-29 08:55:00,62.20259999999962,62.20259999999962,-1,HOLD
2025-01-29 09:00:00,62.34739999999965,62.34739999999965,-1,HOLD
2025-01-29 09:05:00,62.34320000000025,62.34320000000025,-1,HOLD
2025-01-29 09:10:00,62.23819999999978,62.23819999999978,-1,HOLD
2025-01-29 09:15:00,62.23819999999978,62.23819999999978,-1,HOLD
2025-01-29 09:20:00,62.276600000000144,62.276600000000144,-1,HOLD
2025-01-29 09:25:00,62.094200000000455,62.094200000000455,-1,HOLD
2025-01-29 09:30:00,62.094200000000455,62.094200000000455,-1,HOLD
2025-01-29 09:35:00,62.00560000000041,62.00560000000041,-1,HOLD
2025-01-29 09:40:00,62.00560000000041,62.00560000000041,-1,HOLD
2025-01-29 09:45:00,62.20399999999972,62.20399999999972,-1,HOLD
2025-01-29 09:50:00,62.20520000000033,62.20520000000033,-1,HOLD
2025-01-29 09:55:00,62.22659999999996,62.22659999999996,-1,HOLD
2025-01-29 10:00:00,62.32759999999962,62.32759999999962,-1,HOLD
2025-01-29 10:05:00,62.55839999999989,62.55839999999989,-1,HOLD
2025-01-29 10:10:00,62.46140000000014,62.46140000000014,-1,HOLD
2025-01-29 10:15:00,62.38100000000031,62.38100000000031,-1,HOLD
2025-01-29 10:20:00,62.3761999999997,62.3761999999997,-1,HOLD
2025-01-29 10:25:00,62.22659999999996,62.22659999999996,-1,HOLD
2025-01-29 10:30:00,62.37660000000051,62.37660000000051,-1,HOLD
2025-01-29 10:35:00,62.3137999999999,62.3137999999999,-1,HOLD
2025-01-29 10:40:00,62.30879999999979,62.30879999999979,-1,HOLD
2025-01-29 10:45:00,62.30879999999979,62.30879999999979,-1,HOLD
2025-01-29 10:50:00,62.22519999999986,62.22519999999986,-1,HOLD
2025-01-29 10:55:00,62.20960000000014,62.20960000000014,-1,HOLD
2025-01-29 11:00:00,62.20960000000014,62.20960000000014,-1,HOLD
2025-01-29 11:05:00,62.350000000000364,62.350000000000364,-1,HOLD
2025-01-29 11:10:00,62.361799999999675,62.361799999999675,-1,HOLD
2025-01-29 11:15:00,62.264000000000124,62.264000000000124,-1,HOLD
2025-01-29 11:20:00,62.23739999999998,62.23739999999998,-1,HOLD
2025-01-29 11:25:00,62.30479999999989,62.30479999999989,-1,HOLD
2025-01-29 11:30:00,62.35059999999976,62.35059999999976,-1,HOLD
2025-01-29 11:35:00,62.40179999999964,62.40179999999964,-1,HOLD
2025-01-29 11:40:00,62.4332000000004,62.4332000000004,-1,HOLD
2025-01-29 11:45:00,62.594600000000355,62.594600000000355,-1,HOLD
2025-01-29 11:50:00,62.50680000000011,62.50680000000011,-1,HOLD
2025-01-29 11:55:00,62.63159999999971,62.63159999999971,-1,HOLD
2025-01-29 12:00:00,62.62840000000051,62.62840000000051,-1,HOLD
2025-01-29 12:05:00,62.654999999999745,62.654999999999745,-1,HOLD
2025-01-29 12:10:00,62.63040000000001,62.63040000000001,-1,HOLD
2025-01-29 12:15:00,62.65719999999965,62.65719999999965,-1,HOLD
2025-01-29 12:20:00,62.73120000000017,62.73120000000017,-1,HOLD
2025-01-29 12:25:00,62.73120000000017,62.73120000000017,-1,HOLD
2025-01-29 12:30:00,62.75280000000021,62.75280000000021,-1,HOLD
2025-01-29 12:35:00,62.65319999999974,62.65319999999974,-1,HOLD
2025-01-29 12:40:00,62.518200000000434,62.518200000000434,-1,HOLD
2025-01-29 12:45:00,62.564400000000205,62.564400000000205,-1,HOLD
2025-01-29 12:50:00,62.47739999999976,62.47739999999976,-1,HOLD
2025-01-29 12:55:00,62.47739999999976,62.47739999999976,-1,HOLD
2025-01-29 13:00:00,62.48099999999977,62.48099999999977,-1,HOLD
2025-01-29 13:05:00,62.50560000000041,62.50560000000041,-1,HOLD
2025-01-29 13:10:00,62.52800000000025,62.52800000000025,-1,HOLD
2025-01-29 13:15:00,62.52940000000035,62.52940000000035,-1,HOLD
2025-01-29 13:20:00,62.551000000000386,62.551000000000386,-1,HOLD
2025-01-29 13:25:00,62.48080000000027,62.48080000000027,-1,HOLD
2025-01-29 13:30:00,62.53099999999995,62.53099999999995,-1,HOLD
2025-01-29 13:35:00,62.419200000000274,62.419200000000274,-1,HOLD
2025-01-29 13:40:00,62.419200000000274,62.419200000000274,-1,HOLD
2025-01-29 13:45:00,62.38460000000032,62.38460000000032,-1,HOLD
2025-01-29 13:50:00,62.526200000000244,62.526200000000244,-1,HOLD
2025-01-29 13:55:00,62.53359999999975,62.53359999999975,-1,HOLD
2025-01-29 14:00:00,62.62740000000031,62.62740000000031,-1,HOLD
2025-01-29 14:05:00,62.62780000000021,62.62780000000021,-1,HOLD
2025-01-29 14:10:00,62.70300000000043,62.70300000000043,-1,HOLD
2025-01-29 14:15:00,62.70300000000043,62.70300000000043,-1,HOLD
2025-01-29 14:20:00,62.89400000000023,62.89400000000023,-1,HOLD
2025-01-29 14:25:00,62.873999999999796,62.873999999999796,-1,HOLD
2025-01-29 14:30:00,62.873999999999796,62.873999999999796,-1,HOLD
2025-01-29 14:35:00,62.953199999999924,62.953199999999924,-1,HOLD
2025-01-29 14:40:00,62.953199999999924,62.953199999999924,-1,HOLD
2025-01-29 14:45:00,62.81540000000041,62.81540000000041,-1,HOLD
2025-01-29 14:50:00,62.81540000000041,62.81540000000041,-1,HOLD
2025-01-29 14:55:00,62.81540000000041,62.81540000000041,-1,HOLD
2025-01-29 15:00:00,62.87920000000031,62.87920000000031,-1,HOLD
2025-01-29 15:05:00,62.801800000000185,62.801800000000185,-1,HOLD
2025-01-29 15:10:00,62.801800000000185,62.801800000000185,-1,HOLD
2025-01-29 15:15:00,62.801800000000185,62.801800000000185,-1,HOLD
2025-01-29 15:20:00,62.91679999999997,62.91679999999997,-1,HOLD
2025-01-29 15:25:00,62.91679999999997,62.91679999999997,-1,HOLD
2025-01-29 15:30:00,62.91120000000046,62.91120000000046,-1,HOLD
2025-01-29 15:35:00,63.055199999999786,63.055199999999786,-1,HOLD
2025-01-29 15:40:00,63.00699999999961,63.00699999999961,-1,HOLD
2025-01-29 15:45:00,63.00699999999961,63.00699999999961,-1,HOLD
2025-01-29 15:50:00,63.04560000000038,63.04560000000038,-1,HOLD
2025-01-29 15:55:00,63.15380000000005,63.15380000000005,-1,HOLD
2025-01-29 16:00:00,63.20759999999973,63.20759999999973,-1,HOLD
2025-01-29 16:05:00,63.21299999999974,63.21299999999974,-1,HOLD
2025-01-29 16:10:00,63.167599999999766,63.167599999999766,-1,HOLD
2025-01-29 16:15:00,63.05799999999999,63.05799999999999,-1,HOLD
2025-01-29 16:20:00,63.02459999999974,63.02459999999974,-1,HOLD
2025-01-29 16:25:00,63.06919999999991,63.06919999999991,-1,HOLD
2025-01-29 16:30:00,63.09400000000005,63.09400000000005,-1,HOLD
2025-01-29 16:35:00,63.09400000000005,63.09400000000005,-1,HOLD
2025-01-29 16:40:00,63.05079999999998,63.05079999999998,-1,HOLD
2025-01-29 16:45:00,62.98900000000049,62.98900000000049,-1,HOLD
2025-01-29 16:50:00,62.89680000000044,62.89680000000044,-1,HOLD
2025-01-29 16:55:00,62.906200000000354,62.906200000000354,-1,HOLD
2025-01-29 17:00:00,62.82539999999972,62.82539999999972,-1,HOLD
2025-01-29 17:05:00,62.76140000000032,62.76140000000032,-1,HOLD
2025-01-29 17:10:00,62.728399999999965,62.728399999999965,-1,HOLD
2025-01-29 17:15:00,62.681800000000294,62.681800000000294,-1,HOLD
2025-01-29 17:20:00,62.65940000000046,62.65940000000046,-1,HOLD
2025-01-29 17:25:00,62.48660000000018,62.48660000000018,-1,HOLD
2025-01-29 17:30:00,62.48660000000018,62.48660000000018,-1,HOLD
2025-01-29 17:35:00,62.63519999999971,62.63519999999971,-1,HOLD
2025-01-29 17:40:00,62.719200000000455,62.719200000000455,-1,HOLD
2025-01-29 17:45:00,62.671800000000076,62.671800000000076,-1,HOLD
2025-01-29 17:50:00,62.654199999999946,62.654199999999946,-1,HOLD
2025-01-29 17:55:00,62.654199999999946,62.654199999999946,-1,HOLD
2025-01-29 18:00:00,62.444000000000415,62.444000000000415,-1,HOLD
2025-01-29 18:05:00,62.52440000000024,62.52440000000024,-1,HOLD
2025-01-29 18:10:00,62.52440000000024,62.52440000000024,-1,HOLD
2025-01-29 18:15:00,62.67439999999988,62.67439999999988,-1,HOLD
2025-01-29 18:20:00,62.67920000000049,62.67920000000049,-1,HOLD
2025-01-29 18:25:00,62.67920000000049,62.67920000000049,-1,HOLD
2025-01-29 18:30:00,62.793800000000374,62.793800000000374,-1,HOLD
2025-01-29 18:35:00,62.83460000000014,62.83460000000014,-1,HOLD
2025-01-29 18:40:00,62.83460000000014,62.83460000000014,-1,HOLD
2025-01-29 18:45:00,62.83460000000014,62.83460000000014,-1,HOLD
2025-01-29 18:50:00,62.83460000000014,62.83460000000014,-1,HOLD
2025-01-29 18:55:00,62.83460000000014,62.83460000000014,-1,HOLD
2025-01-29 19:00:00,62.67659999999978,62.67659999999978,-1,HOLD
2025-01-29 19:05:00,62.67659999999978,62.67659999999978,-1,HOLD
2025-01-29 19:10:00,62.67659999999978,62.67659999999978,-1,HOLD
2025-01-29 19:15:00,62.67659999999978,62.67659999999978,-1,HOLD
2025-01-29 19:20:00,62.67659999999978,62.67659999999978,-1,HOLD
2025-01-29 19:25:00,62.67659999999978,62.67659999999978,-1,HOLD
2025-01-29 19:30:00,62.67659999999978,62.67659999999978,-1,HOLD
2025-01-29 19:35:00,62.67659999999978,62.67659999999978,-1,HOLD
2025-01-29 19:40:00,62.850000000000364,62.850000000000364,-1,HOLD
2025-01-29 19:45:00,62.850000000000364,62.850000000000364,-1,HOLD
2025-01-29 19:50:00,62.850000000000364,62.850000000000364,-1,HOLD
2025-01-29 19:55:00,62.850000000000364,62.850000000000364,-1,HOLD
2025-01-29 20:00:00,62.63159999999971,62.63159999999971,-1,HOLD
2025-01-29 20:05:00,62.676000000000386,62.676000000000386,-1,HOLD
2025-01-29 20:10:00,62.75960000000032,62.75960000000032,-1,HOLD
2025-01-29 20:15:00,62.80420000000049,62.80420000000049,-1,HOLD
2025-01-29 20:20:00,62.56999999999971,62.56999999999971,-1,HOLD
2025-01-29 20:25:00,62.50619999999981,62.50619999999981,-1,HOLD
2025-01-29 20:30:00,62.50619999999981,62.50619999999981,-1,HOLD
2025-01-29 20:35:00,62.3771999999999,62.3771999999999,-1,HOLD
2025-01-29 20:40:00,62.28300000000036,62.28300000000036,-1,HOLD
2025-01-29 20:45:00,62.326200000000426,62.326200000000426,-1,HOLD
2025-01-29 20:50:00,62.34360000000015,62.34360000000015,-1,HOLD
2025-01-29 20:55:00,62.34360000000015,62.34360000000015,-1,HOLD
2025-01-29 21:00:00,62.19959999999992,62.19959999999992,-1,HOLD
2025-01-29 21:05:00,62.01440000000002,62.01440000000002,-1,HOLD
2025-01-29 21:10:00,62.132800000000316,62.132800000000316,-1,HOLD
2025-01-29 21:15:00,61.95060000000012,61.95060000000012,-1,HOLD
2025-01-29 21:20:00,61.91480000000047,61.91480000000047,-1,HOLD
2025-01-29 21:25:00,61.81779999999981,61.81779999999981,-1,HOLD
2025-01-29 21:30:00,62.047199999999975,62.047199999999975,-1,HOLD
2025-01-29 21:35:00,62.047199999999975,62.047199999999975,-1,HOLD
2025-01-29 21:40:00,62.047199999999975,62.047199999999975,-1,HOLD
2025-01-29 21:45:00,61.985999999999876,61.985999999999876,-1,HOLD
2025-01-29 21:50:00,61.972999999999956,61.972999999999956,-1,HOLD
2025-01-29 21:55:00,62.05360000000019,62.05360000000019,-1,HOLD
2025-01-29 22:00:00,62.0600000000004,62.0600000000004,-1,HOLD
2025-01-29 22:05:00,62.02260000000024,62.02260000000024,-1,HOLD
2025-01-29 22:10:00,62.02260000000024,62.02260000000024,-1,HOLD
2025-01-29 22:15:00,62.13640000000032,62.13640000000032,-1,HOLD
2025-01-29 22:20:00,62.24120000000039,62.24120000000039,-1,HOLD
2025-01-29 22:25:00,62.26900000000023,62.26900000000023,-1,HOLD
2025-01-29 22:30:00,62.246799999999894,62.246799999999894,-1,HOLD
2025-01-29 22:35:00,61.818199999999706,61.818199999999706,-1,HOLD
2025-01-29 22:40:00,62.03219999999965,62.03219999999965,-1,HOLD
2025-01-29 22:45:00,61.69520000000011,61.69520000000011,-1,HOLD
2025-01-29 22:50:00,61.89919999999984,61.89919999999984,-1,HOLD
2025-01-29 22:55:00,62.064000000000306,62.064000000000306,-1,HOLD
2025-01-29 23:00:00,62.12960000000021,62.12960000000021,-1,HOLD
2025-01-29 23:05:00,62.21439999999984,62.21439999999984,-1,HOLD
2025-01-29 23:10:00,62.1862000000001,62.1862000000001,-1,HOLD
2025-01-29 23:15:00,62.1228000000001,62.1228000000001,-1,HOLD
2025-01-29 23:20:00,62.1228000000001,62.1228000000001,-1,HOLD
2025-01-29 23:25:00,61.96860000000015,61.96860000000015,-1,HOLD
2025-01-29 23:30:00,62.077800000000025,62.077800000000025,-1,HOLD
2025-01-29 23:35:00,62.13220000000001,62.13220000000001,-1,HOLD
2025-01-29 23:40:00,62.13220000000001,62.13220000000001,-1,HOLD
2025-01-29 23:45:00,62.025800000000345,62.025800000000345,-1,HOLD
2025-01-29 23:50:00,62.03899999999976,62.03899999999976,-1,HOLD
2025-01-29 23:55:00,62.005200000000514,62.005200000000514,-1,HOLD
2025-01-30 00:00:00,62.13100000000031,62.13100000000031,-1,HOLD
2025-01-30 00:05:00,61.8163999999997,61.8163999999997,-1,HOLD
2025-01-30 00:10:00,61.89500000000044,61.89500000000044,-1,HOLD
2025-01-30 00:15:00,61.66740000000027,61.66740000000027,-1,HOLD
2025-01-30 00:20:00,61.767799999999625,61.767799999999625,-1,HOLD
2025-01-30 00:25:00,61.814000000000306,61.814000000000306,-1,HOLD
2025-01-30 00:30:00,61.90819999999985,61.90819999999985,-1,HOLD
2025-01-30 00:35:00,61.970000000000255,61.970000000000255,-1,HOLD
2025-01-30 00:40:00,61.72599999999966,61.72599999999966,-1,HOLD
2025-01-30 00:45:00,61.784599999999955,61.784599999999955,-1,HOLD
2025-01-30 00:50:00,61.813200000000506,61.813200000000506,-1,HOLD
2025-01-30 00:55:00,61.6271999999999,61.6271999999999,-1,HOLD
2025-01-30 01:00:00,61.6271999999999,61.6271999999999,-1,HOLD
2025-01-30 01:05:00,61.897799999999734,61.897799999999734,-1,HOLD
2025-01-30 01:10:00,62.01080000000002,62.01080000000002,-1,HOLD
2025-01-30 01:15:00,62.28620000000046,62.28620000000046,-1,HOLD
2025-01-30 01:20:00,62.259799999999814,62.259799999999814,-1,HOLD
2025-01-30 01:25:00,62.44959999999992,62.44959999999992,-1,HOLD
2025-01-30 01:30:00,62.577400000000125,62.577400000000125,-1,HOLD
2025-01-30 01:35:00,62.54880000000048,62.54880000000048,-1,HOLD
2025-01-30 01:40:00,62.47620000000006,62.47620000000006,-1,HOLD
2025-01-30 01:45:00,62.38979999999992,62.38979999999992,-1,HOLD
2025-01-30 01:50:00,62.46560000000045,62.46560000000045,-1,HOLD
2025-01-30 01:55:00,62.23499999999967,62.23499999999967,-1,HOLD
2025-01-30 02:00:00,61.80000000000018,61.80000000000018,-1,HOLD
2025-01-30 02:05:00,62.012800000000425,62.012800000000425,-1,HOLD
2025-01-30 02:10:00,62.13339999999971,62.13339999999971,-1,HOLD
2025-01-30 02:15:00,62.13339999999971,62.13339999999971,-1,HOLD
2025-01-30 02:20:00,62.0011999999997,62.0011999999997,-1,HOLD
2025-01-30 02:25:00,62.193599999999606,62.193599999999606,-1,HOLD
2025-01-30 02:30:00,62.3732,62.3732,-1,HOLD
2025-01-30 02:35:00,62.263600000000224,62.263600000000224,-1,HOLD
2025-01-30 02:40:00,62.23840000000018,62.23840000000018,-1,HOLD
2025-01-30 02:45:00,62.399999999999636,62.399999999999636,-1,HOLD
2025-01-30 02:50:00,62.388600000000224,62.388600000000224,-1,HOLD
2025-01-30 02:55:00,62.638600000000224,62.638600000000224,-1,HOLD
2025-01-30 03:00:00,61.600000000000364,61.600000000000364,-1,HOLD
2025-01-30 03:05:00,61.986399999999776,61.986399999999776,-1,HOLD
2025-01-30 03:10:00,61.707400000000234,61.707400000000234,-1,HOLD
2025-01-30 03:15:00,61.427599999999984,61.427599999999984,-1,HOLD
2025-01-30 03:20:00,61.34940000000006,61.34940000000006,-1,HOLD
2025-01-30 03:25:00,61.19639999999981,61.19639999999981,-1,HOLD
2025-01-30 03:30:00,61.44959999999992,61.44959999999992,-1,HOLD
2025-01-30 03:35:00,62.100000000000364,62.100000000000364,-1,HOLD
2025-01-30 03:40:00,62.33060000000023,62.33060000000023,-1,HOLD
2025-01-30 03:45:00,62.995200000000295,62.995200000000295,-1,HOLD
2025-01-30 03:50:00,62.6876000000002,62.6876000000002,-1,HOLD
2025-01-30 03:55:00,62.443199999999706,62.443199999999706,-1,HOLD
2025-01-30 04:00:00,61.84220000000005,61.84220000000005,-1,HOLD
2025-01-30 04:05:00,62.32719999999972,62.32719999999972,-1,HOLD
2025-01-30 04:10:00,62.112200000000485,62.112200000000485,-1,HOLD
2025-01-30 04:15:00,62.26500000000033,62.26500000000033,-1,HOLD
2025-01-30 04:20:00,62.75500000000011,62.75500000000011,-1,HOLD
2025-01-30 04:25:00,63.279999999999745,63.279999999999745,-1,HOLD
2025-01-30 04:30:00,63.443199999999706,63.443199999999706,-1,HOLD
2025-01-30 04:35:00,62.90679999999975,62.90679999999975,-1,HOLD
2025-01-30 04:40:00,62.69660000000022,62.69660000000022,-1,HOLD
2025-01-30 04:45:00,62.693599999999606,62.693599999999606,-1,HOLD
2025-01-30 04:50:00,62.78819999999996,62.78819999999996,-1,HOLD
2025-01-30 04:55:00,62.78200000000015,62.78200000000015,-1,HOLD
2025-01-30 05:00:00,62.51299999999992,62.51299999999992,-1,HOLD
2025-01-30 05:05:00,62.29320000000007,62.29320000000007,-1,HOLD
2025-01-30 05:10:00,62.5608000000002,62.5608000000002,-1,HOLD
2025-01-30 05:15:00,62.632800000000316,62.632800000000316,-1,HOLD
2025-01-30 05:20:00,62.960399999999936,62.960399999999936,-1,HOLD
2025-01-30 05:25:00,62.94239999999991,62.94239999999991,-1,HOLD
2025-01-30 05:30:00,63.17939999999999,63.17939999999999,-1,HOLD
2025-01-30 05:35:00,63.21720000000005,63.21720000000005,-1,HOLD
2025-01-30 05:40:00,63.01839999999993,63.01839999999993,-1,HOLD
2025-01-30 05:45:00,62.91939999999977,62.91939999999977,-1,HOLD
2025-01-30 05:50:00,62.90440000000035,62.90440000000035,-1,HOLD
2025-01-30 05:55:00,62.90440000000035,62.90440000000035,-1,HOLD
2025-01-30 06:00:00,62.8141999999998,62.8141999999998,-1,HOLD
2025-01-30 06:05:00,62.60599999999977,62.60599999999977,-1,HOLD
2025-01-30 06:10:00,62.518200000000434,62.518200000000434,-1,HOLD
2025-01-30 06:15:00,62.585399999999936,62.585399999999936,-1,HOLD
2025-01-30 06:20:00,62.780800000000454,62.780800000000454,-1,HOLD
2025-01-30 06:25:00,62.71240000000034,62.71240000000034,-1,HOLD
2025-01-30 06:30:00,63.03139999999985,63.03139999999985,-1,HOLD
2025-01-30 06:35:00,63.10159999999996,63.10159999999996,-1,HOLD
2025-01-30 06:40:00,62.86779999999999,62.86779999999999,-1,HOLD
2025-01-30 06:45:00,62.85919999999987,62.85919999999987,-1,HOLD
2025-01-30 06:50:00,62.766599999999926,62.766599999999926,-1,HOLD
2025-01-30 06:55:00,62.69220000000041,62.69220000000041,-1,HOLD
2025-01-30 07:00:00,62.6913999999997,62.6913999999997,-1,HOLD
2025-01-30 07:05:00,62.72540000000026,62.72540000000026,-1,HOLD
2025-01-30 07:10:00,62.59259999999995,62.59259999999995,-1,HOLD
2025-01-30 07:15:00,62.900400000000445,62.900400000000445,-1,HOLD
2025-01-30 07:20:00,62.60500000000047,62.60500000000047,-1,HOLD
2025-01-30 07:25:00,62.58640000000014,62.58640000000014,-1,HOLD
2025-01-30 07:30:00,62.69180000000051,62.69180000000051,-1,HOLD
2025-01-30 07:35:00,62.61660000000029,62.61660000000029,-1,HOLD
2025-01-30 07:40:00,62.399999999999636,62.399999999999636,-1,HOLD
2025-01-30 07:45:00,62.375,62.375,-1,HOLD
2025-01-30 07:50:00,62.30420000000049,62.30420000000049,-1,HOLD
2025-01-30 07:55:00,62.22659999999996,62.22659999999996,-1,HOLD
2025-01-30 08:00:00,62.18220000000019,62.18220000000019,-1,HOLD
2025-01-30 08:05:00,62.09820000000036,62.09820000000036,-1,HOLD
2025-01-30 08:10:00,62.07920000000013,62.07920000000013,-1,HOLD
2025-01-30 08:15:00,62.16539999999986,62.16539999999986,-1,HOLD
2025-01-30 08:20:00,62.07980000000043,62.07980000000043,-1,HOLD
2025-01-30 08:25:00,62.02900000000045,62.02900000000045,-1,HOLD
2025-01-30 08:30:00,61.93299999999999,61.93299999999999,-1,HOLD
2025-01-30 08:35:00,62.18299999999999,62.18299999999999,-1,HOLD
2025-01-30 08:40:00,62.07560000000012,62.07560000000012,-1,HOLD
2025-01-30 08:45:00,62.35360000000037,62.35360000000037,-1,HOLD
2025-01-30 08:50:00,62.49759999999969,62.49759999999969,-1,HOLD
2025-01-30 08:55:00,62.49759999999969,62.49759999999969,-1,HOLD
2025-01-30 09:00:00,62.57340000000022,62.57340000000022,-1,HOLD
2025-01-30 09:05:00,62.61120000000028,62.61120000000028,-1,HOLD
2025-01-30 09:10:00,62.511999999999716,62.511999999999716,-1,HOLD
2025-01-30 09:15:00,62.783400000000256,62.783400000000256,-1,HOLD
2025-01-30 09:20:00,62.84780000000046,62.84780000000046,-1,HOLD
2025-01-30 09:25:00,62.9387999999999,62.9387999999999,-1,HOLD
2025-01-30 09:30:00,62.95939999999973,62.95939999999973,-1,HOLD
2025-01-30 09:35:00,62.73019999999997,62.73019999999997,-1,HOLD
2025-01-30 09:40:00,62.86539999999968,62.86539999999968,-1,HOLD
2025-01-30 09:45:00,62.783800000000156,62.783800000000156,-1,HOLD
2025-01-30 09:50:00,62.86359999999968,62.86359999999968,-1,HOLD
2025-01-30 09:55:00,62.86359999999968,62.86359999999968,-1,HOLD
2025-01-30 10:00:00,62.65819999999985,62.65819999999985,-1,HOLD
2025-01-30 10:05:00,62.63220000000001,62.63220000000001,-1,HOLD
2025-01-30 10:10:00,62.884399999999914,62.884399999999914,-1,HOLD
2025-01-30 10:15:00,62.84820000000036,62.84820000000036,-1,HOLD
2025-01-30 10:20:00,62.792999999999665,62.792999999999665,-1,HOLD
2025-01-30 10:25:00,62.962000000000444,62.962000000000444,-1,HOLD
2025-01-30 10:30:00,63.04119999999966,63.04119999999966,-1,HOLD
2025-01-30 10:35:00,62.97140000000036,62.97140000000036,-1,HOLD
2025-01-30 10:40:00,62.97140000000036,62.97140000000036,-1,HOLD
2025-01-30 10:45:00,62.856800000000476,62.856800000000476,-1,HOLD
2025-01-30 10:50:00,62.99420000000009,62.99420000000009,-1,HOLD
2025-01-30 10:55:00,63.05760000000009,63.05760000000009,-1,HOLD
2025-01-30 11:00:00,63.1261999999997,63.1261999999997,-1,HOLD
2025-01-30 11:05:00,63.20960000000014,63.20960000000014,-1,HOLD
2025-01-30 11:10:00,63.448199999999815,63.448199999999815,-1,HOLD
2025-01-30 11:15:00,63.30159999999978,63.30159999999978,-1,HOLD
2025-01-30 11:20:00,63.32520000000022,63.32520000000022,-1,HOLD
2025-01-30 11:25:00,63.32520000000022,63.32520000000022,-1,HOLD
2025-01-30 11:30:00,63.32520000000022,63.32520000000022,-1,HOLD
2025-01-30 11:35:00,63.29140000000007,63.29140000000007,-1,HOLD
2025-01-30 11:40:00,63.48540000000048,63.48540000000048,-1,HOLD
2025-01-30 11:45:00,63.526200000000244,63.526200000000244,-1,HOLD
2025-01-30 11:50:00,63.52019999999993,63.52019999999993,-1,HOLD
2025-01-30 11:55:00,63.9996000000001,63.9996000000001,-1,HOLD
2025-01-30 12:00:00,64.14019999999982,64.14019999999982,-1,HOLD
2025-01-30 12:05:00,63.88879999999972,63.88879999999972,-1,HOLD
2025-01-30 12:10:00,63.88879999999972,63.88879999999972,-1,HOLD
2025-01-30 12:15:00,63.91399999999976,63.91399999999976,-1,HOLD
2025-01-30 12:20:00,64.21020000000044,64.21020000000044,-1,HOLD
2025-01-30 12:25:00,64.08659999999963,64.08659999999963,-1,HOLD
2025-01-30 12:30:00,63.87840000000051,63.87840000000051,-1,HOLD
2025-01-30 12:35:00,63.77459999999974,63.77459999999974,-1,HOLD
2025-01-30 12:40:00,63.77459999999974,63.77459999999974,-1,HOLD
2025-01-30 12:45:00,63.835799999999836,63.835799999999836,-1,HOLD
2025-01-30 12:50:00,63.85320000000047,63.85320000000047,-1,HOLD
2025-01-30 12:55:00,63.899999999999636,63.899999999999636,-1,HOLD
2025-01-30 13:00:00,63.79600000000028,63.79600000000028,-1,HOLD
2025-01-30 13:05:00,63.79600000000028,63.79600000000028,-1,HOLD
2025-01-30 13:10:00,63.79600000000028,63.79600000000028,-1,HOLD
2025-01-30 13:15:00,63.83740000000034,63.83740000000034,-1,HOLD
2025-01-30 13:20:00,63.746000000000095,63.746000000000095,-1,HOLD
2025-01-30 13:25:00,63.7525999999998,63.7525999999998,-1,HOLD
2025-01-30 13:30:00,63.746799999999894,63.746799999999894,-1,HOLD
2025-01-30 13:35:00,63.68000000000029,63.68000000000029,-1,HOLD
2025-01-30 13:40:00,63.71140000000014,63.71140000000014,-1,HOLD
2025-01-30 13:45:00,63.7529999999997,63.7529999999997,-1,HOLD
2025-01-30 13:50:00,63.839600000000246,63.839600000000246,-1,HOLD
2025-01-30 13:55:00,63.85080000000016,63.85080000000016,-1,HOLD
2025-01-30 14:00:00,63.94340000000011,63.94340000000011,-1,HOLD
2025-01-30 14:05:00,64.03399999999965,64.03399999999965,-1,HOLD
2025-01-30 14:10:00,64.09460000000036,64.09460000000036,-1,HOLD
2025-01-30 14:15:00,64.09460000000036,64.09460000000036,-1,HOLD
2025-01-30 14:20:00,63.98559999999998,63.98559999999998,-1,HOLD
2025-01-30 14:25:00,63.98059999999987,63.98059999999987,-1,HOLD
2025-01-30 14:30:00,63.98059999999987,63.98059999999987,-1,HOLD
2025-01-30 14:35:00,63.87740000000031,63.87740000000031,-1,HOLD
2025-01-30 14:40:00,63.827000000000226,63.827000000000226,-1,HOLD
2025-01-30 14:45:00,63.797199999999975,63.797199999999975,-1,HOLD
2025-01-30 14:50:00,63.78319999999985,63.78319999999985,-1,HOLD
2025-01-30 14:55:00,63.72400000000016,63.72400000000016,-1,HOLD
2025-01-30 15:00:00,63.72400000000016,63.72400000000016,-1,HOLD
2025-01-30 15:05:00,63.89400000000023,63.89400000000023,-1,HOLD
2025-01-30 15:10:00,63.60500000000047,63.60500000000047,-1,HOLD
2025-01-30 15:15:00,63.759000000000015,63.759000000000015,-1,HOLD
2025-01-30 15:20:00,63.76519999999982,63.76519999999982,-1,HOLD
2025-01-30 15:25:00,63.66660000000047,63.66660000000047,-1,HOLD
2025-01-30 15:30:00,63.66660000000047,63.66660000000047,-1,HOLD
2025-01-30 15:35:00,63.58320000000003,63.58320000000003,-1,HOLD
2025-01-30 15:40:00,63.580799999999726,63.580799999999726,-1,HOLD
2025-01-30 15:45:00,63.590799999999945,63.590799999999945,-1,HOLD
2025-01-30 15:50:00,63.590799999999945,63.590799999999945,-1,HOLD
2025-01-30 15:55:00,63.651200000000244,63.651200000000244,-1,HOLD
2025-01-30 16:00:00,63.9354000000003,63.9354000000003,-1,HOLD
2025-01-30 16:05:00,63.78139999999985,63.78139999999985,-1,NO_ACTION_PROFITABLE
2025-01-30 16:10:00,63.70460000000003,63.70460000000003,-1,NO_ACTION_PROFITABLE
2025-01-30 16:15:00,63.70460000000003,63.70460000000003,-1,NO_ACTION_PROFITABLE
2025-01-30 16:20:00,63.78139999999985,63.78139999999985,-1,HOLD
2025-01-30 16:25:00,63.853399999999965,63.853399999999965,-1,HOLD
2025-01-30 16:30:00,63.853399999999965,63.853399999999965,-1,HOLD
2025-01-30 16:35:00,63.79240000000027,63.79240000000027,-1,HOLD
2025-01-30 16:40:00,63.79240000000027,63.79240000000027,-1,HOLD
2025-01-30 16:45:00,64.0007999999998,64.0007999999998,-1,HOLD
2025-01-30 16:50:00,64.17540000000008,64.17540000000008,-1,HOLD
2025-01-30 16:55:00,64.17540000000008,64.17540000000008,-1,HOLD
2025-01-30 17:00:00,64.08420000000024,64.08420000000024,-1,HOLD
2025-01-30 17:05:00,64.08420000000024,64.08420000000024,-1,HOLD
2025-01-30 17:10:00,64.16120000000046,64.16120000000046,-1,HOLD
2025-01-30 17:15:00,64.21020000000044,64.21020000000044,-1,HOLD
2025-01-30 17:20:00,64.19679999999971,64.19679999999971,-1,HOLD
2025-01-30 17:25:00,64.08619999999974,64.08619999999974,-1,HOLD
2025-01-30 17:30:00,64.17439999999988,64.17439999999988,-1,HOLD
2025-01-30 17:35:00,64.38320000000022,64.38320000000022,-1,HOLD
2025-01-30 17:40:00,64.36880000000019,64.36880000000019,-1,HOLD
2025-01-30 17:45:00,64.3712000000005,64.3712000000005,-1,HOLD
2025-01-30 17:50:00,64.51580000000013,64.51580000000013,-1,HOLD
2025-01-30 17:55:00,64.51620000000003,64.51620000000003,-1,HOLD
2025-01-30 18:00:00,64.39279999999962,64.39279999999962,-1,HOLD
2025-01-30 18:05:00,64.32099999999991,64.32099999999991,-1,HOLD
2025-01-30 18:10:00,64.32099999999991,64.32099999999991,-1,HOLD
2025-01-30 18:15:00,64.22699999999986,64.22699999999986,-1,HOLD
2025-01-30 18:20:00,64.21619999999984,64.21619999999984,-1,HOLD
2025-01-30 18:25:00,64.21619999999984,64.21619999999984,-1,HOLD
2025-01-30 18:30:00,64.21159999999963,64.21159999999963,-1,HOLD
2025-01-30 18:35:00,64.1884,64.1884,-1,HOLD
2025-01-30 18:40:00,64.1884,64.1884,-1,HOLD
2025-01-30 18:45:00,64.1884,64.1884,-1,HOLD
2025-01-30 18:50:00,64.1884,64.1884,-1,HOLD
2025-01-30 18:55:00,64.36679999999978,64.36679999999978,-1,HOLD
2025-01-30 19:00:00,64.39120000000003,64.39120000000003,-1,HOLD
2025-01-30 19:05:00,64.35800000000017,64.35800000000017,-1,HOLD
2025-01-30 19:10:00,64.35800000000017,64.35800000000017,-1,HOLD
2025-01-30 19:15:00,64.43379999999979,64.43379999999979,-1,HOLD
2025-01-30 19:20:00,64.4944000000005,64.4944000000005,-1,HOLD
2025-01-30 19:25:00,64.4944000000005,64.4944000000005,-1,HOLD
2025-01-30 19:30:00,64.4944000000005,64.4944000000005,-1,HOLD
2025-01-30 19:35:00,64.49139999999989,64.49139999999989,-1,HOLD
2025-01-30 19:40:00,64.49139999999989,64.49139999999989,-1,HOLD
2025-01-30 19:45:00,64.49139999999989,64.49139999999989,-1,HOLD
2025-01-30 19:50:00,64.49139999999989,64.49139999999989,-1,HOLD
2025-01-30 19:55:00,64.51320000000032,64.51320000000032,-1,HOLD
2025-01-30 20:00:00,64.45179999999982,64.45179999999982,-1,HOLD
2025-01-30 20:05:00,64.35339999999997,64.35339999999997,-1,HOLD
2025-01-30 20:10:00,64.28719999999976,64.28719999999976,-1,HOLD
2025-01-30 20:15:00,64.2462000000005,64.2462000000005,-1,HOLD
2025-01-30 20:20:00,64.2529999999997,64.2529999999997,-1,HOLD
2025-01-30 20:25:00,64.29920000000038,64.29920000000038,-1,HOLD
2025-01-30 20:30:00,64.26760000000013,64.26760000000013,-1,HOLD
2025-01-30 20:35:00,64.3698000000004,64.3698000000004,-1,HOLD
2025-01-30 20:40:00,64.32080000000042,64.32080000000042,-1,HOLD
2025-01-30 20:45:00,64.3774000000003,64.3774000000003,-1,HOLD
2025-01-30 20:50:00,64.42119999999977,64.42119999999977,-1,HOLD
2025-01-30 20:55:00,64.42119999999977,64.42119999999977,-1,HOLD
2025-01-30 21:00:00,64.41060000000016,64.41060000000016,-1,HOLD
2025-01-30 21:05:00,64.32139999999981,64.32139999999981,-1,HOLD
2025-01-30 21:10:00,64.69560000000001,64.69560000000001,-1,HOLD
2025-01-30 21:15:00,65.01379999999972,65.01379999999972,-1,HOLD
2025-01-30 21:20:00,64.95759999999973,64.95759999999973,-1,HOLD
2025-01-30 21:25:00,65.17280000000028,65.17280000000028,-1,HOLD
2025-01-30 21:30:00,65.07819999999992,65.07819999999992,-1,HOLD
2025-01-30 21:35:00,64.97239999999965,64.97239999999965,-1,HOLD
2025-01-30 21:40:00,64.89999999999964,64.89999999999964,-1,HOLD
2025-01-30 21:45:00,65.0,65.0,-1,HOLD
2025-01-30 21:50:00,65.14999999999964,65.14999999999964,-1,HOLD
2025-01-30 21:55:00,65.23019999999997,65.23019999999997,-1,HOLD
2025-01-30 22:00:00,65.11099999999988,65.11099999999988,-1,HOLD
2025-01-30 22:05:00,65.30000000000018,65.30000000000018,-1,HOLD
2025-01-30 22:10:00,65.34199999999964,65.34199999999964,-1,HOLD
2025-01-30 22:15:00,64.97239999999965,64.97239999999965,-1,HOLD
2025-01-30 22:20:00,65.01860000000033,65.01860000000033,-1,HOLD
2025-01-30 22:25:00,65.1228000000001,65.1228000000001,-1,HOLD
2025-01-30 22:30:00,64.97860000000037,64.97860000000037,-1,HOLD
2025-01-30 22:35:00,65.07639999999992,65.07639999999992,-1,HOLD
2025-01-30 22:40:00,65.07639999999992,65.07639999999992,-1,HOLD
2025-01-30 22:45:00,65.28420000000006,65.28420000000006,-1,HOLD
2025-01-30 22:50:00,65.48599999999988,65.48599999999988,-1,HOLD
2025-01-30 22:55:00,65.32499999999982,65.32499999999982,-1,HOLD
2025-01-30 23:00:00,65.26900000000023,65.26900000000023,-1,HOLD
2025-01-30 23:05:00,65.37880000000041,65.37880000000041,-1,HOLD
2025-01-30 23:10:00,65.34879999999976,65.34879999999976,-1,HOLD
2025-01-30 23:15:00,65.31760000000031,65.31760000000031,-1,HOLD
2025-01-30 23:20:00,65.29659999999967,65.29659999999967,-1,HOLD
2025-01-30 23:25:00,65.00340000000051,65.00340000000051,-1,HOLD
2025-01-30 23:30:00,65.23440000000028,65.23440000000028,-1,HOLD
2025-01-30 23:35:00,65.36220000000048,65.36220000000048,-1,HOLD
2025-01-30 23:40:00,65.40700000000015,65.40700000000015,-1,HOLD
2025-01-30 23:45:00,65.4926000000005,65.4926000000005,-1,HOLD
2025-01-30 23:50:00,65.19080000000031,65.19080000000031,-1,HOLD
2025-01-30 23:55:00,65.1261999999997,65.1261999999997,-1,HOLD
2025-01-31 00:00:00,65.1261999999997,65.1261999999997,-1,HOLD
2025-01-31 00:05:00,65.1895999999997,65.1895999999997,-1,HOLD
2025-01-31 00:10:00,65.08140000000003,65.08140000000003,-1,HOLD
2025-01-31 00:15:00,65.0648000000001,65.0648000000001,-1,HOLD
2025-01-31 00:20:00,65.33240000000023,65.33240000000023,-1,HOLD
2025-01-31 00:25:00,65.25780000000032,65.25780000000032,-1,HOLD
2025-01-31 00:30:00,65.23639999999978,65.23639999999978,-1,HOLD
2025-01-31 00:35:00,65.2478000000001,65.2478000000001,-1,HOLD
2025-01-31 00:40:00,65.1877999999997,65.1877999999997,-1,HOLD
2025-01-31 00:45:00,65.30699999999979,65.30699999999979,-1,HOLD
2025-01-31 00:50:00,65.38040000000001,65.38040000000001,-1,HOLD
2025-01-31 00:55:00,65.51440000000002,65.51440000000002,-1,HOLD
2025-01-31 01:00:00,65.49240000000009,65.49240000000009,-1,HOLD
2025-01-31 01:05:00,65.43339999999989,65.43339999999989,-1,HOLD
2025-01-31 01:10:00,65.34739999999965,65.34739999999965,-1,HOLD
2025-01-31 01:15:00,65.5600000000004,65.5600000000004,-1,HOLD
2025-01-31 01:20:00,65.61400000000049,65.61400000000049,-1,HOLD
2025-01-31 01:25:00,65.36059999999998,65.36059999999998,-1,HOLD
2025-01-31 01:30:00,65.32179999999971,65.32179999999971,-1,HOLD
2025-01-31 01:35:00,65.19940000000042,65.19940000000042,-1,HOLD
2025-01-31 01:40:00,65.26460000000043,65.26460000000043,-1,HOLD
2025-01-31 01:45:00,65.29420000000027,65.29420000000027,-1,HOLD
2025-01-31 01:50:00,65.26180000000022,65.26180000000022,-1,HOLD
2025-01-31 01:55:00,65.40059999999994,65.40059999999994,-1,HOLD
2025-01-31 02:00:00,65.34640000000036,65.34640000000036,-1,HOLD
2025-01-31 02:05:00,65.4948000000004,65.4948000000004,-1,HOLD
2025-01-31 02:10:00,65.43040000000019,65.43040000000019,-1,HOLD
2025-01-31 02:15:00,65.39999999999964,65.39999999999964,-1,HOLD
2025-01-31 02:20:00,65.47839999999997,65.47839999999997,-1,HOLD
2025-01-31 02:25:00,65.13739999999962,65.13739999999962,-1,HOLD
2025-01-31 02:30:00,65.3119999999999,65.3119999999999,-1,HOLD
2025-01-31 02:35:00,65.41280000000006,65.41280000000006,-1,HOLD
2025-01-31 02:40:00,65.48840000000018,65.48840000000018,-1,HOLD
2025-01-31 02:45:00,65.38900000000012,65.38900000000012,-1,HOLD
2025-01-31 02:50:00,65.34119999999984,65.34119999999984,-1,HOLD
2025-01-31 02:55:00,65.35680000000048,65.35680000000048,-1,HOLD
2025-01-31 03:00:00,65.4372000000003,65.4372000000003,-1,HOLD
2025-01-31 03:05:00,65.4382000000005,65.4382000000005,-1,HOLD
2025-01-31 03:10:00,65.50500000000011,65.50500000000011,-1,HOLD
2025-01-31 03:15:00,65.40319999999974,65.40319999999974,-1,HOLD
2025-01-31 03:20:00,65.32020000000011,65.32020000000011,-1,HOLD
2025-01-31 03:25:00,65.2478000000001,65.2478000000001,-1,HOLD
2025-01-31 03:30:00,65.33960000000025,65.33960000000025,-1,HOLD
2025-01-31 03:35:00,65.21360000000004,65.21360000000004,-1,HOLD
2025-01-31 03:40:00,65.21920000000046,65.21920000000046,-1,HOLD
2025-01-31 03:45:00,65.21920000000046,65.21920000000046,-1,HOLD
2025-01-31 03:50:00,65.35720000000038,65.35720000000038,-1,HOLD
2025-01-31 03:55:00,65.47959999999966,65.47959999999966,-1,HOLD
2025-01-31 04:00:00,65.33560000000034,65.33560000000034,-1,HOLD
2025-01-31 04:05:00,65.33560000000034,65.33560000000034,-1,HOLD
2025-01-31 04:10:00,65.33560000000034,65.33560000000034,-1,HOLD
2025-01-31 04:15:00,65.33560000000034,65.33560000000034,-1,HOLD
2025-01-31 04:20:00,65.21680000000015,65.21680000000015,-1,HOLD
2025-01-31 04:25:00,65.18419999999969,65.18419999999969,-1,HOLD
2025-01-31 04:30:00,65.10720000000038,65.10720000000038,-1,HOLD
2025-01-31 04:35:00,64.85180000000037,64.85180000000037,-1,HOLD
2025-01-31 04:40:00,64.6271999999999,64.6271999999999,-1,HOLD
2025-01-31 04:45:00,64.81760000000031,64.81760000000031,-1,HOLD
2025-01-31 04:50:00,64.91499999999996,64.91499999999996,-1,HOLD
2025-01-31 04:55:00,64.6238000000003,64.6238000000003,-1,HOLD
2025-01-31 05:00:00,64.73840000000018,64.73840000000018,-1,HOLD
2025-01-31 05:05:00,64.73840000000018,64.73840000000018,-1,HOLD
2025-01-31 05:10:00,64.73840000000018,64.73840000000018,-1,HOLD
2025-01-31 05:15:00,64.8130000000001,64.8130000000001,-1,HOLD
2025-01-31 05:20:00,64.82260000000042,64.82260000000042,-1,HOLD
2025-01-31 05:25:00,64.88780000000042,64.88780000000042,-1,HOLD
2025-01-31 05:30:00,64.82260000000042,64.82260000000042,-1,HOLD
2025-01-31 05:35:00,64.82260000000042,64.82260000000042,-1,HOLD
2025-01-31 05:40:00,64.82260000000042,64.82260000000042,-1,HOLD
2025-01-31 05:45:00,64.82260000000042,64.82260000000042,-1,HOLD
2025-01-31 05:50:00,64.77440000000024,64.77440000000024,-1,HOLD
2025-01-31 05:55:00,64.8676000000005,64.8676000000005,-1,HOLD
2025-01-31 06:00:00,64.8676000000005,64.8676000000005,-1,HOLD
2025-01-31 06:05:00,64.77040000000034,64.77040000000034,-1,HOLD
2025-01-31 06:10:00,64.77040000000034,64.77040000000034,-1,HOLD
2025-01-31 06:15:00,64.9373999999998,64.9373999999998,-1,HOLD
2025-01-31 06:20:00,64.94499999999971,64.94499999999971,-1,HOLD
2025-01-31 06:25:00,64.88280000000032,64.88280000000032,-1,HOLD
2025-01-31 06:30:00,65.04520000000048,65.04520000000048,-1,HOLD
2025-01-31 06:35:00,65.10400000000027,65.10400000000027,-1,HOLD
2025-01-31 06:40:00,65.3123999999998,65.3123999999998,-1,HOLD
2025-01-31 06:45:00,65.32899999999972,65.32899999999972,-1,HOLD
2025-01-31 06:50:00,65.21759999999995,65.21759999999995,-1,HOLD
2025-01-31 06:55:00,65.17939999999999,65.17939999999999,-1,HOLD
2025-01-31 07:00:00,65.22900000000027,65.22900000000027,-1,HOLD
2025-01-31 07:05:00,65.3819999999996,65.3819999999996,-1,HOLD
2025-01-31 07:10:00,65.3819999999996,65.3819999999996,-1,HOLD
2025-01-31 07:15:00,65.28999999999996,65.28999999999996,-1,HOLD
2025-01-31 07:20:00,65.3116,65.3116,-1,HOLD
2025-01-31 07:25:00,65.3116,65.3116,-1,HOLD
2025-01-31 07:30:00,65.13220000000001,65.13220000000001,-1,HOLD
2025-01-31 07:35:00,65.1230000000005,65.1230000000005,-1,HOLD
2025-01-31 07:40:00,65.13720000000012,65.13720000000012,-1,HOLD
2025-01-31 07:45:00,65.03480000000036,65.03480000000036,-1,HOLD
2025-01-31 07:50:00,64.98279999999977,64.98279999999977,-1,HOLD
2025-01-31 07:55:00,64.90419999999995,64.90419999999995,-1,HOLD
2025-01-31 08:00:00,65.1253999999999,65.1253999999999,-1,HOLD
2025-01-31 08:05:00,64.90620000000035,64.90620000000035,-1,HOLD
2025-01-31 08:10:00,64.7460000000001,64.7460000000001,-1,HOLD
2025-01-31 08:15:00,64.86080000000038,64.86080000000038,-1,HOLD
2025-01-31 08:20:00,64.9368000000004,64.9368000000004,-1,HOLD
2025-01-31 08:25:00,65.13020000000051,65.13020000000051,-1,HOLD
2025-01-31 08:30:00,65.15800000000036,65.15800000000036,-1,HOLD
2025-01-31 08:35:00,65.04960000000028,65.04960000000028,-1,HOLD
2025-01-31 08:40:00,65.23400000000038,65.23400000000038,-1,HOLD
2025-01-31 08:45:00,65.28459999999995,65.28459999999995,-1,HOLD
2025-01-31 08:50:00,65.31580000000031,65.31580000000031,-1,HOLD
2025-01-31 08:55:00,65.33579999999984,65.33579999999984,-1,HOLD
2025-01-31 09:00:00,65.39419999999973,65.39419999999973,-1,HOLD
2025-01-31 09:05:00,65.35500000000047,65.35500000000047,-1,HOLD
2025-01-31 09:10:00,65.24240000000009,65.24240000000009,-1,HOLD
2025-01-31 09:15:00,65.15120000000024,65.15120000000024,-1,HOLD
2025-01-31 09:20:00,65.11859999999979,65.11859999999979,-1,HOLD
2025-01-31 09:25:00,65.13600000000042,65.13600000000042,-1,HOLD
2025-01-31 09:30:00,65.29759999999987,65.29759999999987,-1,HOLD
2025-01-31 09:35:00,65.32340000000022,65.32340000000022,-1,HOLD
2025-01-31 09:40:00,65.33420000000024,65.33420000000024,-1,HOLD
2025-01-31 09:45:00,65.34619999999995,65.34619999999995,-1,HOLD
2025-01-31 09:50:00,65.34619999999995,65.34619999999995,-1,HOLD
2025-01-31 09:55:00,65.38299999999981,65.38299999999981,-1,HOLD
2025-01-31 10:00:00,65.40520000000015,65.40520000000015,-1,HOLD
2025-01-31 10:05:00,65.48019999999997,65.48019999999997,-1,HOLD
2025-01-31 10:10:00,65.40980000000036,65.40980000000036,-1,HOLD
2025-01-31 10:15:00,65.40800000000036,65.40800000000036,-1,HOLD
2025-01-31 10:20:00,65.19539999999961,65.19539999999961,-1,HOLD
2025-01-31 10:25:00,65.17979999999989,65.17979999999989,-1,HOLD
2025-01-31 10:30:00,65.01119999999992,65.01119999999992,-1,HOLD
2025-01-31 10:35:00,65.05019999999968,65.05019999999968,-1,HOLD
2025-01-31 10:40:00,65.01339999999982,65.01339999999982,-1,HOLD
2025-01-31 10:45:00,65.10660000000007,65.10660000000007,-1,HOLD
2025-01-31 10:50:00,65.10660000000007,65.10660000000007,-1,HOLD
2025-01-31 10:55:00,64.98440000000028,64.98440000000028,-1,HOLD
2025-01-31 11:00:00,64.84619999999995,64.84619999999995,-1,HOLD
2025-01-31 11:05:00,64.6858000000002,64.6858000000002,-1,HOLD
2025-01-31 11:10:00,64.80280000000039,64.80280000000039,-1,HOLD
2025-01-31 11:15:00,64.63159999999971,64.63159999999971,-1,HOLD
2025-01-31 11:20:00,64.57999999999993,64.57999999999993,-1,HOLD
2025-01-31 11:25:00,64.57999999999993,64.57999999999993,-1,HOLD
2025-01-31 11:30:00,64.48639999999978,64.48639999999978,-1,HOLD
2025-01-31 11:35:00,64.4409999999998,64.4409999999998,-1,HOLD
2025-01-31 11:40:00,64.4409999999998,64.4409999999998,-1,HOLD
2025-01-31 11:45:00,64.67799999999988,64.67799999999988,-1,HOLD
2025-01-31 11:50:00,64.62880000000041,64.62880000000041,-1,HOLD
2025-01-31 11:55:00,64.63060000000041,64.63060000000041,-1,HOLD
2025-01-31 12:00:00,64.50600000000031,64.50600000000031,-1,HOLD
2025-01-31 12:05:00,64.52540000000045,64.52540000000045,-1,HOLD
2025-01-31 12:10:00,64.57819999999992,64.57819999999992,-1,HOLD
2025-01-31 12:15:00,64.42140000000018,64.42140000000018,-1,HOLD
2025-01-31 12:20:00,64.54200000000037,64.54200000000037,-1,HOLD
2025-01-31 12:25:00,64.59839999999986,64.59839999999986,-1,HOLD
2025-01-31 12:30:00,64.61120000000028,64.61120000000028,-1,HOLD
2025-01-31 12:35:00,64.61120000000028,64.61120000000028,-1,HOLD
2025-01-31 12:40:00,64.49139999999989,64.49139999999989,-1,HOLD
2025-01-31 12:45:00,64.47800000000007,64.47800000000007,-1,HOLD
2025-01-31 12:50:00,64.37920000000031,64.37920000000031,-1,HOLD
2025-01-31 12:55:00,64.36520000000019,64.36520000000019,-1,HOLD
2025-01-31 13:00:00,64.3789999999999,64.3789999999999,-1,HOLD
2025-01-31 13:05:00,64.59960000000046,64.59960000000046,-1,HOLD
2025-01-31 13:10:00,64.72299999999996,64.72299999999996,-1,HOLD
2025-01-31 13:15:00,64.8134,64.8134,-1,HOLD
2025-01-31 13:20:00,64.79880000000048,64.79880000000048,-1,HOLD
2025-01-31 13:25:00,64.79899999999998,64.79899999999998,-1,HOLD
2025-01-31 13:30:00,64.79899999999998,64.79899999999998,-1,HOLD
2025-01-31 13:35:00,64.79140000000007,64.79140000000007,-1,HOLD
2025-01-31 13:40:00,64.79140000000007,64.79140000000007,-1,HOLD
2025-01-31 13:45:00,64.79439999999977,64.79439999999977,-1,HOLD
2025-01-31 13:50:00,64.9340000000002,64.9340000000002,-1,HOLD
2025-01-31 13:55:00,64.8730000000005,64.8730000000005,-1,HOLD
2025-01-31 14:00:00,64.8730000000005,64.8730000000005,-1,HOLD
2025-01-31 14:05:00,64.95520000000033,64.95520000000033,-1,HOLD
2025-01-31 14:10:00,64.95520000000033,64.95520000000033,-1,HOLD
2025-01-31 14:15:00,64.95520000000033,64.95520000000033,-1,HOLD
2025-01-31 14:20:00,64.95520000000033,64.95520000000033,-1,HOLD
2025-01-31 14:25:00,64.85279999999966,64.85279999999966,-1,HOLD
2025-01-31 14:30:00,65.01800000000003,65.01800000000003,-1,HOLD
2025-01-31 14:35:00,65.0596000000005,65.0596000000005,-1,HOLD
2025-01-31 14:40:00,65.23319999999967,65.23319999999967,-1,HOLD
2025-01-31 14:45:00,65.28520000000026,65.28520000000026,-1,HOLD
2025-01-31 14:50:00,65.30540000000019,65.30540000000019,-1,HOLD
2025-01-31 14:55:00,65.22419999999966,65.22419999999966,-1,HOLD
2025-01-31 15:00:00,65.1862000000001,65.1862000000001,-1,HOLD
2025-01-31 15:05:00,65.32480000000032,65.32480000000032,-1,HOLD
2025-01-31 15:10:00,65.32480000000032,65.32480000000032,-1,HOLD
2025-01-31 15:15:00,65.32039999999961,65.32039999999961,-1,HOLD
2025-01-31 15:20:00,65.44300000000021,65.44300000000021,-1,HOLD
2025-01-31 15:25:00,65.39180000000033,65.39180000000033,-1,HOLD
2025-01-31 15:30:00,65.39180000000033,65.39180000000033,-1,HOLD
2025-01-31 15:35:00,65.08380000000034,65.08380000000034,-1,HOLD
2025-01-31 15:40:00,65.01820000000043,65.01820000000043,-1,HOLD
2025-01-31 15:45:00,64.89800000000014,64.89800000000014,-1,HOLD
2025-01-31 15:50:00,64.80699999999979,64.80699999999979,-1,HOLD
2025-01-31 15:55:00,64.80699999999979,64.80699999999979,-1,HOLD
2025-01-31 16:00:00,64.78579999999965,64.78579999999965,-1,HOLD
2025-01-31 16:05:00,64.78579999999965,64.78579999999965,-1,HOLD
2025-01-31 16:10:00,64.92159999999967,64.92159999999967,-1,HOLD
2025-01-31 16:15:00,64.83780000000024,64.83780000000024,-1,HOLD
2025-01-31 16:20:00,64.97080000000005,64.97080000000005,-1,HOLD
2025-01-31 16:25:00,64.71820000000025,64.71820000000025,-1,HOLD
2025-01-31 16:30:00,64.81959999999981,64.81959999999981,-1,HOLD
2025-01-31 16:35:00,64.79340000000047,64.79340000000047,-1,HOLD
2025-01-31 16:40:00,64.79340000000047,64.79340000000047,-1,HOLD
2025-01-31 16:45:00,64.78160000000025,64.78160000000025,-1,HOLD
2025-01-31 16:50:00,64.70700000000033,64.70700000000033,-1,HOLD
2025-01-31 16:55:00,64.70700000000033,64.70700000000033,-1,HOLD
2025-01-31 17:00:00,64.70700000000033,64.70700000000033,-1,HOLD
2025-01-31 17:05:00,64.70700000000033,64.70700000000033,-1,HOLD
2025-01-31 17:10:00,64.70700000000033,64.70700000000033,-1,HOLD
2025-01-31 17:15:00,64.69459999999981,64.69459999999981,-1,HOLD
2025-01-31 17:20:00,64.71960000000036,64.71960000000036,-1,HOLD
2025-01-31 17:25:00,64.93299999999999,64.93299999999999,-1,HOLD
2025-01-31 17:30:00,65.28920000000016,65.28920000000016,-1,HOLD
2025-01-31 17:35:00,65.30460000000039,65.30460000000039,-1,HOLD
2025-01-31 17:40:00,65.23480000000018,65.23480000000018,-1,HOLD
2025-01-31 17:45:00,65.21920000000046,65.21920000000046,-1,HOLD
2025-01-31 17:50:00,65.21920000000046,65.21920000000046,-1,HOLD
2025-01-31 17:55:00,65.21920000000046,65.21920000000046,-1,HOLD
2025-01-31 18:00:00,65.21920000000046,65.21920000000046,-1,HOLD
2025-01-31 18:05:00,65.21920000000046,65.21920000000046,-1,HOLD
2025-01-31 18:10:00,65.21920000000046,65.21920000000046,-1,HOLD
2025-01-31 18:15:00,65.33860000000004,65.33860000000004,-1,HOLD
2025-01-31 18:20:00,65.15819999999985,65.15819999999985,-1,HOLD
2025-01-31 18:25:00,65.15819999999985,65.15819999999985,-1,HOLD
2025-01-31 18:30:00,65.16200000000026,65.16200000000026,-1,HOLD
2025-01-31 18:35:00,65.21320000000014,65.21320000000014,-1,HOLD
2025-01-31 18:40:00,65.21320000000014,65.21320000000014,-1,HOLD
2025-01-31 18:45:00,65.35860000000048,65.35860000000048,-1,HOLD
2025-01-31 18:50:00,65.36560000000009,65.36560000000009,-1,HOLD
2025-01-31 18:55:00,65.36560000000009,65.36560000000009,-1,HOLD
2025-01-31 19:00:00,65.45380000000023,65.45380000000023,-1,HOLD
2025-01-31 19:05:00,65.89900000000034,65.89900000000034,-1,HOLD
2025-01-31 19:10:00,65.91200000000026,65.91200000000026,-1,HOLD
2025-01-31 19:15:00,66.14660000000003,66.14660000000003,-1,HOLD
2025-01-31 19:20:00,66.32359999999971,66.32359999999971,-1,HOLD
2025-01-31 19:25:00,66.5641999999998,66.5641999999998,-1,HOLD
2025-01-31 19:30:00,66.46759999999995,66.46759999999995,-1,HOLD
2025-01-31 19:35:00,66.44000000000051,66.44000000000051,-1,HOLD
2025-01-31 19:40:00,66.58640000000014,66.58640000000014,-1,HOLD
2025-01-31 19:45:00,66.49120000000039,66.49120000000039,-1,HOLD
2025-01-31 19:50:00,66.57560000000012,66.57560000000012,-1,HOLD
2025-01-31 19:55:00,66.68019999999979,66.68019999999979,-1,HOLD
2025-01-31 20:00:00,66.48880000000008,66.48880000000008,-1,HOLD
2025-01-31 20:05:00,66.61520000000019,66.61520000000019,-1,HOLD
2025-01-31 20:10:00,66.60000000000036,66.60000000000036,-1,HOLD
2025-01-31 20:15:00,66.79979999999978,66.79979999999978,-1,HOLD
2025-01-31 20:20:00,66.92079999999987,66.92079999999987,-1,HOLD
2025-01-31 20:25:00,67.04060000000027,67.04060000000027,-1,HOLD
2025-01-31 20:30:00,67.07480000000032,67.07480000000032,-1,HOLD
2025-01-31 20:35:00,67.04380000000037,67.04380000000037,-1,HOLD
2025-01-31 20:40:00,66.92720000000008,66.92720000000008,-1,HOLD
2025-01-31 20:45:00,66.90760000000046,66.90760000000046,-1,HOLD
2025-01-31 20:50:00,67.04860000000008,67.04860000000008,-1,HOLD
2025-01-31 20:55:00,67.04960000000028,67.04960000000028,-1,HOLD
2025-01-31 21:00:00,67.03999999999996,67.03999999999996,-1,HOLD
2025-01-31 21:05:00,67.0608000000002,67.0608000000002,-1,HOLD
2025-01-31 21:10:00,67.1935999999996,67.1935999999996,-1,HOLD
2025-01-31 21:15:00,67.07160000000022,67.07160000000022,-1,HOLD
2025-01-31 21:20:00,67.07160000000022,67.07160000000022,-1,HOLD
2025-01-31 21:25:00,67.15419999999995,67.15419999999995,-1,HOLD
2025-01-31 21:30:00,66.92000000000007,66.92000000000007,-1,HOLD
2025-01-31 21:35:00,67.16579999999976,67.16579999999976,-1,HOLD
2025-01-31 21:40:00,67.02099999999973,67.02099999999973,-1,HOLD
2025-01-31 21:45:00,67.03740000000016,67.03740000000016,-1,HOLD
2025-01-31 21:50:00,67.07579999999962,67.07579999999962,-1,HOLD
2025-01-31 21:55:00,67.07579999999962,67.07579999999962,-1,HOLD
2025-01-31 22:00:00,67.07579999999962,67.07579999999962,-1,HOLD
2025-01-31 22:05:00,67.07399999999961,67.07399999999961,-1,HOLD
2025-01-31 22:10:00,67.07999999999993,67.07999999999993,-1,HOLD
2025-01-31 22:15:00,67.22540000000026,67.22540000000026,-1,HOLD
2025-01-31 22:20:00,67.23779999999988,67.23779999999988,-1,HOLD
2025-01-31 22:25:00,67.21079999999984,67.21079999999984,-1,HOLD
2025-01-31 22:30:00,67.0677999999998,67.0677999999998,-1,HOLD
2025-01-31 22:35:00,67.02000000000044,67.02000000000044,-1,HOLD
2025-01-31 22:40:00,67.23679999999968,67.23679999999968,-1,HOLD
2025-01-31 22:45:00,66.92079999999987,66.92079999999987,-1,HOLD
2025-01-31 22:50:00,66.80079999999998,66.80079999999998,-1,HOLD
2025-01-31 22:55:00,66.93119999999999,66.93119999999999,-1,HOLD
2025-01-31 23:00:00,67.02660000000014,67.02660000000014,-1,HOLD
2025-01-31 23:05:00,67.07359999999971,67.07359999999971,-1,HOLD
2025-01-31 23:10:00,67.03819999999996,67.03819999999996,-1,HOLD
2025-01-31 23:15:00,67.21219999999994,67.21219999999994,-1,NO_ACTION_PROFITABLE
2025-01-31 23:20:00,67.70579999999973,67.70579999999973,-1,NO_ACTION_PROFITABLE
2025-01-31 23:25:00,67.69580000000042,67.69580000000042,-1,NO_ACTION_PROFITABLE
2025-01-31 23:30:00,67.98000000000047,67.98000000000047,-1,NO_ACTION_PROFITABLE
2025-01-31 23:35:00,67.98980000000029,67.98980000000029,-1,NO_ACTION_PROFITABLE
2025-01-31 23:40:00,67.9970000000003,67.9970000000003,-1,NO_ACTION_PROFITABLE
2025-01-31 23:45:00,67.88979999999992,67.88979999999992,-1,NO_ACTION_PROFITABLE
2025-01-31 23:50:00,68.0,68.0,-1,NO_ACTION_PROFITABLE
2025-01-31 23:55:00,68.28020000000015,68.28020000000015,-1,NO_ACTION_PROFITABLE
2025-02-01 00:00:00,68.46159999999963,68.46159999999963,-1,NO_ACTION_PROFITABLE
2025-02-01 00:05:00,68.3072000000002,68.3072000000002,-1,NO_ACTION_PROFITABLE
2025-02-01 00:10:00,68.26299999999992,68.26299999999992,-1,NO_ACTION_PROFITABLE
2025-02-01 00:15:00,68.1891999999998,68.1891999999998,-1,NO_ACTION_PROFITABLE
2025-02-01 00:20:00,68.04759999999987,68.04759999999987,-1,NO_ACTION_PROFITABLE
2025-02-01 00:25:00,67.94160000000011,67.94160000000011,-1,NO_ACTION_PROFITABLE
2025-02-01 00:30:00,68.02819999999974,68.02819999999974,-1,NO_ACTION_PROFITABLE
2025-02-01 00:35:00,67.85320000000047,67.85320000000047,-1,NO_ACTION_PROFITABLE
2025-02-01 00:40:00,67.94000000000051,67.94000000000051,-1,NO_ACTION_PROFITABLE
2025-02-01 00:45:00,68.09600000000046,68.09600000000046,-1,NO_ACTION_PROFITABLE
2025-02-01 00:50:00,68.10260000000017,68.10260000000017,-1,NO_ACTION_PROFITABLE
2025-02-01 00:55:00,68.03459999999995,68.03459999999995,-1,NO_ACTION_PROFITABLE
2025-02-01 01:00:00,67.9413999999997,67.9413999999997,-1,NO_ACTION_PROFITABLE
2025-02-01 01:05:00,67.80360000000019,67.80360000000019,-1,NO_ACTION_PROFITABLE
2025-02-01 01:10:00,67.91340000000037,67.91340000000037,-1,NO_ACTION_PROFITABLE
2025-02-01 01:15:00,67.8173999999999,67.8173999999999,-1,NO_ACTION_PROFITABLE
2025-02-01 01:20:00,67.83799999999974,67.83799999999974,-1,HOLD
2025-02-01 01:25:00,67.94180000000051,67.94180000000051,-1,HOLD
2025-02-01 01:30:00,67.86040000000048,67.86040000000048,-1,HOLD
2025-02-01 01:35:00,67.69859999999971,67.69859999999971,-1,HOLD
2025-02-01 01:40:00,67.65760000000046,67.65760000000046,-1,HOLD
2025-02-01 01:45:00,67.65539999999964,67.65539999999964,-1,HOLD
2025-02-01 01:50:00,67.57240000000002,67.57240000000002,-1,HOLD
2025-02-01 01:55:00,67.5632000000005,67.5632000000005,-1,HOLD
2025-02-01 02:00:00,67.35159999999996,67.35159999999996,-1,HOLD
2025-02-01 02:05:00,67.41319999999996,67.41319999999996,-1,HOLD
2025-02-01 02:10:00,67.59320000000025,67.59320000000025,-1,NO_ACTION_PROFITABLE
2025-02-01 02:15:00,67.41759999999977,67.41759999999977,-1,HOLD
2025-02-01 02:20:00,67.20319999999992,67.20319999999992,-1,HOLD
2025-02-01 02:25:00,66.97739999999976,66.97739999999976,-1,HOLD
2025-02-01 02:30:00,66.54579999999987,66.54579999999987,-1,HOLD
2025-02-01 02:35:00,66.39959999999974,66.39959999999974,-1,HOLD
2025-02-01 02:40:00,66.13760000000002,66.13760000000002,-1,HOLD
2025-02-01 02:45:00,66.40560000000005,66.40560000000005,-1,HOLD
2025-02-01 02:50:00,66.17979999999989,66.17979999999989,-1,HOLD
2025-02-01 02:55:00,66.19999999999982,66.19999999999982,-1,HOLD
2025-02-01 03:00:00,66.45600000000013,66.45600000000013,-1,HOLD
2025-02-01 03:05:00,66.20380000000023,66.20380000000023,-1,HOLD
2025-02-01 03:10:00,66.52419999999984,66.52419999999984,-1,HOLD
2025-02-01 03:15:00,66.47460000000046,66.47460000000046,-1,HOLD
2025-02-01 03:20:00,66.38780000000042,66.38780000000042,-1,HOLD
2025-02-01 03:25:00,66.41939999999977,66.41939999999977,-1,NO_ACTION_PROFITABLE
2025-02-01 03:30:00,66.6818000000003,66.6818000000003,-1,NO_ACTION_PROFITABLE
2025-02-01 03:35:00,66.44260000000031,66.44260000000031,-1,NO_ACTION_PROFITABLE
2025-02-01 03:40:00,66.41920000000027,66.41920000000027,-1,HOLD
2025-02-01 03:45:00,66.47000000000025,66.47000000000025,-1,NO_ACTION_PROFITABLE
2025-02-01 03:50:00,66.67280000000028,66.67280000000028,-1,NO_ACTION_PROFITABLE
2025-02-01 03:55:00,66.76900000000023,66.76900000000023,-1,NO_ACTION_PROFITABLE
2025-02-01 04:00:00,66.6278000000002,66.6278000000002,-1,NO_ACTION_PROFITABLE
2025-02-01 04:05:00,66.53099999999995,66.53099999999995,-1,NO_ACTION_PROFITABLE
2025-02-01 04:10:00,66.38600000000042,66.38600000000042,-1,HOLD
2025-02-01 04:15:00,66.36400000000049,66.36400000000049,-1,HOLD
2025-02-01 04:20:00,65.73099999999977,65.73099999999977,-1,HOLD
2025-02-01 04:25:00,66.25380000000041,66.25380000000041,-1,HOLD
2025-02-01 04:30:00,66.41719999999987,66.41719999999987,-1,HOLD
2025-02-01 04:35:00,66.33719999999994,66.33719999999994,-1,HOLD
2025-02-01 04:40:00,66.33200000000033,66.33200000000033,-1,HOLD
2025-02-01 04:45:00,66.52199999999993,66.52199999999993,-1,HOLD
2025-02-01 04:50:00,66.52180000000044,66.52180000000044,-1,HOLD
2025-02-01 04:55:00,66.30000000000018,66.30000000000018,-1,HOLD
2025-02-01 05:00:00,66.28139999999985,66.28139999999985,-1,HOLD
2025-02-01 05:05:00,66.0636000000004,66.0636000000004,-1,HOLD
2025-02-01 05:10:00,65.91600000000017,65.91600000000017,-1,HOLD
2025-02-01 05:15:00,65.96879999999965,65.96879999999965,-1,HOLD
2025-02-01 05:20:00,65.67740000000049,65.67740000000049,-1,HOLD
2025-02-01 05:25:00,65.83420000000024,65.83420000000024,-1,HOLD
2025-02-01 05:30:00,65.78600000000006,65.78600000000006,-1,HOLD
2025-02-01 05:35:00,66.23499999999967,66.23499999999967,-1,HOLD
2025-02-01 05:40:00,66.23760000000038,66.23760000000038,-1,HOLD
2025-02-01 05:45:00,66.35040000000026,66.35040000000026,-1,HOLD
2025-02-01 05:50:00,66.27700000000004,66.27700000000004,-1,HOLD
2025-02-01 05:55:00,66.29939999999988,66.29939999999988,-1,HOLD
2025-02-01 06:00:00,66.34019999999964,66.34019999999964,-1,HOLD
2025-02-01 06:05:00,66.14599999999973,66.14599999999973,-1,HOLD
2025-02-01 06:10:00,66.00579999999991,66.00579999999991,-1,HOLD
2025-02-01 06:15:00,65.93239999999969,65.93239999999969,-1,HOLD
2025-02-01 06:20:00,65.91939999999977,65.91939999999977,-1,HOLD
2025-02-01 06:25:00,66.1935999999996,66.1935999999996,-1,HOLD
2025-02-01 06:30:00,66.22140000000036,66.22140000000036,-1,HOLD
2025-02-01 06:35:00,66.29700000000048,66.29700000000048,-1,HOLD
2025-02-01 06:40:00,66.29700000000048,66.29700000000048,-1,HOLD
2025-02-01 06:45:00,66.01339999999982,66.01339999999982,-1,HOLD
2025-02-01 06:50:00,65.72620000000006,65.72620000000006,-1,HOLD
2025-02-01 06:55:00,65.89720000000034,65.89720000000034,-1,HOLD
2025-02-01 07:00:00,65.89720000000034,65.89720000000034,-1,HOLD
2025-02-01 07:05:00,65.72559999999976,65.72559999999976,-1,HOLD
2025-02-01 07:10:00,65.90539999999964,65.90539999999964,-1,HOLD
2025-02-01 07:15:00,65.98300000000017,65.98300000000017,-1,HOLD
2025-02-01 07:20:00,65.9978000000001,65.9978000000001,-1,HOLD
2025-02-01 07:25:00,65.96280000000024,65.96280000000024,-1,HOLD
2025-02-01 07:30:00,65.72680000000037,65.72680000000037,-1,HOLD
2025-02-01 07:35:00,65.62660000000051,65.62660000000051,-1,HOLD
2025-02-01 07:40:00,65.62660000000051,65.62660000000051,-1,HOLD
2025-02-01 07:45:00,65.75820000000022,65.75820000000022,-1,HOLD
2025-02-01 07:50:00,65.89339999999993,65.89339999999993,-1,HOLD
2025-02-01 07:55:00,65.95399999999972,65.95399999999972,-1,HOLD
2025-02-01 08:00:00,65.8100000000004,65.8100000000004,-1,HOLD
2025-02-01 08:05:00,66.02580000000034,66.02580000000034,-1,HOLD
2025-02-01 08:10:00,66.04460000000017,66.04460000000017,-1,HOLD
2025-02-01 08:15:00,66.07219999999961,66.07219999999961,-1,HOLD
2025-02-01 08:20:00,66.02940000000035,66.02940000000035,-1,HOLD
2025-02-01 08:25:00,65.8732,65.8732,-1,HOLD
2025-02-01 08:30:00,66.03679999999986,66.03679999999986,-1,HOLD
2025-02-01 08:35:00,66.20539999999983,66.20539999999983,-1,HOLD
2025-02-01 08:40:00,66.20340000000033,66.20340000000033,-1,HOLD
2025-02-01 08:45:00,66.26019999999971,66.26019999999971,-1,HOLD
2025-02-01 08:50:00,66.22800000000007,66.22800000000007,-1,HOLD
2025-02-01 08:55:00,66.34180000000015,66.34180000000015,-1,HOLD
2025-02-01 09:00:00,66.42339999999967,66.42339999999967,-1,HOLD
2025-02-01 09:05:00,66.49279999999999,66.49279999999999,-1,HOLD
2025-02-01 09:10:00,66.4962000000005,66.4962000000005,-1,HOLD
2025-02-01 09:15:00,66.40959999999995,66.40959999999995,-1,HOLD
2025-02-01 09:20:00,66.47599999999966,66.47599999999966,-1,HOLD
2025-02-01 09:25:00,66.47599999999966,66.47599999999966,-1,HOLD
2025-02-01 09:30:00,66.4384,66.4384,-1,HOLD
2025-02-01 09:35:00,66.57060000000001,66.57060000000001,-1,HOLD
2025-02-01 09:40:00,66.5,66.5,-1,HOLD
2025-02-01 09:45:00,66.47140000000036,66.47140000000036,-1,HOLD
2025-02-01 09:50:00,66.36239999999998,66.36239999999998,-1,HOLD
2025-02-01 09:55:00,66.28560000000016,66.28560000000016,-1,HOLD
2025-02-01 10:00:00,66.32359999999971,66.32359999999971,-1,HOLD
2025-02-01 10:05:00,66.32359999999971,66.32359999999971,-1,HOLD
2025-02-01 10:10:00,66.32359999999971,66.32359999999971,-1,HOLD
2025-02-01 10:15:00,66.44160000000011,66.44160000000011,-1,HOLD
2025-02-01 10:20:00,66.40480000000025,66.40480000000025,-1,HOLD
2025-02-01 10:25:00,66.40480000000025,66.40480000000025,-1,HOLD
2025-02-01 10:30:00,66.27980000000025,66.27980000000025,-1,HOLD
2025-02-01 10:35:00,66.3112000000001,66.3112000000001,-1,HOLD
2025-02-01 10:40:00,66.32300000000032,66.32300000000032,-1,HOLD
2025-02-01 10:45:00,66.40200000000004,66.40200000000004,-1,HOLD
2025-02-01 10:50:00,66.3155999999999,66.3155999999999,-1,HOLD
2025-02-01 10:55:00,66.1319999999996,66.1319999999996,-1,HOLD
2025-02-01 11:00:00,66.0564000000004,66.0564000000004,-1,HOLD
2025-02-01 11:05:00,65.97220000000016,65.97220000000016,-1,HOLD
2025-02-01 11:10:00,66.04240000000027,66.04240000000027,-1,HOLD
2025-02-01 11:15:00,65.88519999999971,65.88519999999971,-1,HOLD
2025-02-01 11:20:00,65.91380000000026,65.91380000000026,-1,HOLD
2025-02-01 11:25:00,65.88839999999982,65.88839999999982,-1,HOLD
2025-02-01 11:30:00,65.7543999999998,65.7543999999998,-1,HOLD
2025-02-01 11:35:00,65.72659999999996,65.72659999999996,-1,HOLD
2025-02-01 11:40:00,65.76460000000043,65.76460000000043,-1,HOLD
2025-02-01 11:45:00,65.78300000000036,65.78300000000036,-1,HOLD
2025-02-01 11:50:00,65.7466000000004,65.7466000000004,-1,HOLD
2025-02-01 11:55:00,65.81840000000011,65.81840000000011,-1,HOLD
2025-02-01 12:00:00,65.89860000000044,65.89860000000044,-1,HOLD
2025-02-01 12:05:00,65.81840000000011,65.81840000000011,-1,HOLD
2025-02-01 12:10:00,65.80079999999998,65.80079999999998,-1,HOLD
2025-02-01 12:15:00,65.72640000000047,65.72640000000047,-1,HOLD
2025-02-01 12:20:00,65.90279999999984,65.90279999999984,-1,HOLD
2025-02-01 12:25:00,65.91539999999986,65.91539999999986,-1,HOLD
2025-02-01 12:30:00,66.0622000000003,66.0622000000003,-1,HOLD
2025-02-01 12:35:00,66.03319999999985,66.03319999999985,-1,NO_ACTION_PROFITABLE
2025-02-01 12:40:00,66.09640000000036,66.09640000000036,-1,NO_ACTION_PROFITABLE
2025-02-01 12:45:00,66.01540000000023,66.01540000000023,-1,NO_ACTION_PROFITABLE
2025-02-01 12:50:00,65.92259999999987,65.92259999999987,-1,NO_ACTION_PROFITABLE
2025-02-01 12:55:00,65.89959999999974,65.89959999999974,-1,NO_ACTION_PROFITABLE
2025-02-01 13:00:00,65.89959999999974,65.89959999999974,-1,NO_ACTION_PROFITABLE
2025-02-01 13:05:00,65.91780000000017,65.91780000000017,-1,HOLD
2025-02-01 13:10:00,65.91780000000017,65.91780000000017,-1,HOLD
2025-02-01 13:15:00,65.95719999999983,65.95719999999983,-1,HOLD
2025-02-01 13:20:00,65.94260000000031,65.94260000000031,-1,HOLD
2025-02-01 13:25:00,65.96100000000024,65.96100000000024,-1,HOLD
2025-02-01 13:30:00,65.90419999999995,65.90419999999995,-1,HOLD
2025-02-01 13:35:00,65.94300000000021,65.94300000000021,-1,HOLD
2025-02-01 13:40:00,65.95499999999993,65.95499999999993,-1,HOLD
2025-02-01 13:45:00,66.00759999999991,66.00759999999991,-1,HOLD
2025-02-01 13:50:00,66.01379999999972,66.01379999999972,-1,HOLD
2025-02-01 13:55:00,66.01379999999972,66.01379999999972,-1,HOLD
2025-02-01 14:00:00,66.01379999999972,66.01379999999972,-1,HOLD
2025-02-01 14:05:00,66.10080000000016,66.10080000000016,-1,HOLD
2025-02-01 14:10:00,66.05699999999979,66.05699999999979,-1,HOLD
2025-02-01 14:15:00,66.05699999999979,66.05699999999979,-1,HOLD
2025-02-01 14:20:00,65.83659999999963,65.83659999999963,-1,HOLD
2025-02-01 14:25:00,65.82260000000042,65.82260000000042,-1,HOLD
2025-02-01 14:30:00,65.82260000000042,65.82260000000042,-1,HOLD
2025-02-01 14:35:00,65.78840000000037,65.78840000000037,-1,HOLD
2025-02-01 14:40:00,65.65679999999975,65.65679999999975,-1,HOLD
2025-02-01 14:45:00,65.61139999999978,65.61139999999978,-1,HOLD
2025-02-01 14:50:00,65.88559999999961,65.88559999999961,-1,HOLD
2025-02-01 14:55:00,65.89339999999993,65.89339999999993,-1,HOLD
2025-02-01 15:00:00,65.98959999999988,65.98959999999988,-1,HOLD
2025-02-01 15:05:00,65.97699999999986,65.97699999999986,-1,HOLD
2025-02-01 15:10:00,65.92920000000049,65.92920000000049,-1,HOLD
2025-02-01 15:15:00,65.80079999999998,65.80079999999998,-1,HOLD
2025-02-01 15:20:00,65.77400000000034,65.77400000000034,-1,HOLD
2025-02-01 15:25:00,65.78420000000006,65.78420000000006,-1,HOLD
2025-02-01 15:30:00,65.8739999999998,65.8739999999998,-1,HOLD
2025-02-01 15:35:00,65.71339999999964,65.71339999999964,-1,HOLD
2025-02-01 15:40:00,65.63500000000022,65.63500000000022,-1,HOLD
2025-02-01 15:45:00,65.61160000000018,65.61160000000018,-1,HOLD
2025-02-01 15:50:00,65.58140000000003,65.58140000000003,-1,HOLD
2025-02-01 15:55:00,65.58520000000044,65.58520000000044,-1,HOLD
2025-02-01 16:00:00,65.58520000000044,65.58520000000044,-1,HOLD
2025-02-01 16:05:00,65.58520000000044,65.58520000000044,-1,HOLD
2025-02-01 16:10:00,65.66219999999976,65.66219999999976,-1,HOLD
2025-02-01 16:15:00,65.51540000000023,65.51540000000023,-1,HOLD
2025-02-01 16:20:00,65.55360000000019,65.55360000000019,-1,HOLD
2025-02-01 16:25:00,65.26800000000003,65.26800000000003,-1,HOLD
2025-02-01 16:30:00,65.0641999999998,65.0641999999998,-1,HOLD
2025-02-01 16:35:00,65.21939999999995,65.21939999999995,-1,HOLD
2025-02-01 16:40:00,65.21680000000015,65.21680000000015,-1,HOLD
2025-02-01 16:45:00,65.21680000000015,65.21680000000015,-1,HOLD
2025-02-01 16:50:00,65.2482,65.2482,-1,NO_ACTION_PROFITABLE
2025-02-01 16:55:00,65.35279999999966,65.35279999999966,-1,NO_ACTION_PROFITABLE
2025-02-01 17:00:00,65.21860000000015,65.21860000000015,-1,NO_ACTION_PROFITABLE
2025-02-01 17:05:00,65.23840000000018,65.23840000000018,-1,NO_ACTION_PROFITABLE
2025-02-01 17:10:00,65.23840000000018,65.23840000000018,-1,NO_ACTION_PROFITABLE
2025-02-01 17:15:00,65.14959999999974,65.14959999999974,-1,NO_ACTION_PROFITABLE
2025-02-01 17:20:00,65.14959999999974,65.14959999999974,-1,HOLD
2025-02-01 17:25:00,65.04619999999977,65.04619999999977,-1,NO_ACTION_PROFITABLE
2025-02-01 17:30:00,64.94520000000011,64.94520000000011,-1,NO_ACTION_PROFITABLE
2025-02-01 17:35:00,64.78700000000026,64.78700000000026,-1,NO_ACTION_PROFITABLE
2025-02-01 17:40:00,64.76479999999992,64.76479999999992,-1,NO_ACTION_PROFITABLE
2025-02-01 17:45:00,64.5598,64.5598,-1,NO_ACTION_PROFITABLE
2025-02-01 17:50:00,64.57679999999982,64.57679999999982,-1,NO_ACTION_PROFITABLE
2025-02-01 17:55:00,64.71979999999985,64.71979999999985,-1,NO_ACTION_PROFITABLE
2025-02-01 18:00:00,64.82480000000032,64.82480000000032,-1,NO_ACTION_PROFITABLE
2025-02-01 18:05:00,64.94200000000001,64.94200000000001,-1,NO_ACTION_PROFITABLE
2025-02-01 18:10:00,64.78420000000006,64.78420000000006,-1,NO_ACTION_PROFITABLE
2025-02-01 18:15:00,64.73139999999967,64.73139999999967,-1,NO_ACTION_PROFITABLE
2025-02-01 18:20:00,64.96799999999985,64.96799999999985,-1,NO_ACTION_PROFITABLE
2025-02-01 18:25:00,64.96799999999985,64.96799999999985,-1,NO_ACTION_PROFITABLE
2025-02-01 18:30:00,64.9967999999999,64.9967999999999,-1,NO_ACTION_PROFITABLE
2025-02-01 18:35:00,65.01760000000013,65.01760000000013,-1,NO_ACTION_PROFITABLE
2025-02-01 18:40:00,64.78679999999986,64.78679999999986,-1,NO_ACTION_PROFITABLE
2025-02-01 18:45:00,64.70079999999962,64.70079999999962,-1,NO_ACTION_PROFITABLE
2025-02-01 18:50:00,64.60400000000027,64.60400000000027,-1,NO_ACTION_PROFITABLE
2025-02-01 18:55:00,64.60400000000027,64.60400000000027,-1,NO_ACTION_PROFITABLE
2025-02-01 19:00:00,64.70660000000044,64.70660000000044,-1,NO_ACTION_PROFITABLE
2025-02-01 19:05:00,64.70660000000044,64.70660000000044,-1,NO_ACTION_PROFITABLE
2025-02-01 19:10:00,64.83179999999993,64.83179999999993,-1,NO_ACTION_PROFITABLE
2025-02-01 19:15:00,64.9348,64.9348,-1,NO_ACTION_PROFITABLE
2025-02-01 19:20:00,64.9348,64.9348,-1,NO_ACTION_PROFITABLE
2025-02-01 19:25:00,64.9348,64.9348,-1,NO_ACTION_PROFITABLE
2025-02-01 19:30:00,64.94160000000011,64.94160000000011,-1,NO_ACTION_PROFITABLE
2025-02-01 19:35:00,65.0047999999997,65.0047999999997,-1,NO_ACTION_PROFITABLE
2025-02-01 19:40:00,65.0047999999997,65.0047999999997,-1,NO_ACTION_PROFITABLE
2025-02-01 19:45:00,64.97059999999965,64.97059999999965,-1,NO_ACTION_PROFITABLE
2025-02-01 19:50:00,64.97059999999965,64.97059999999965,-1,NO_ACTION_PROFITABLE
2025-02-01 19:55:00,64.97059999999965,64.97059999999965,-1,NO_ACTION_PROFITABLE
2025-02-01 20:00:00,65.0652,65.0652,-1,NO_ACTION_PROFITABLE
2025-02-01 20:05:00,65.07480000000032,65.07480000000032,-1,NO_ACTION_PROFITABLE
2025-02-01 20:10:00,65.0655999999999,65.0655999999999,-1,NO_ACTION_PROFITABLE
2025-02-01 20:15:00,65.02419999999984,65.02419999999984,-1,NO_ACTION_PROFITABLE
2025-02-01 20:20:00,65.16380000000026,65.16380000000026,-1,NO_ACTION_PROFITABLE
2025-02-01 20:25:00,65.20780000000013,65.20780000000013,-1,NO_ACTION_PROFITABLE
2025-02-01 20:30:00,65.28420000000006,65.28420000000006,-1,NO_ACTION_PROFITABLE
2025-02-01 20:35:00,65.35540000000037,65.35540000000037,-1,NO_ACTION_PROFITABLE
2025-02-01 20:40:00,65.31880000000001,65.31880000000001,-1,NO_ACTION_PROFITABLE
2025-02-01 20:45:00,65.28420000000006,65.28420000000006,-1,NO_ACTION_PROFITABLE
2025-02-01 20:50:00,65.41880000000037,65.41880000000037,-1,NO_ACTION_PROFITABLE
2025-02-01 20:55:00,65.41880000000037,65.41880000000037,-1,NO_ACTION_PROFITABLE
2025-02-01 21:00:00,65.2456000000002,65.2456000000002,-1,NO_ACTION_PROFITABLE
2025-02-01 21:05:00,65.3114000000005,65.3114000000005,-1,NO_ACTION_PROFITABLE
2025-02-01 21:10:00,65.3114000000005,65.3114000000005,-1,NO_ACTION_PROFITABLE
2025-02-01 21:15:00,65.3114000000005,65.3114000000005,-1,NO_ACTION_PROFITABLE
2025-02-01 21:20:00,65.33100000000013,65.33100000000013,-1,NO_ACTION_PROFITABLE
2025-02-01 21:25:00,65.43080000000009,65.43080000000009,-1,NO_ACTION_PROFITABLE
2025-02-01 21:30:00,65.28179999999975,65.28179999999975,-1,NO_ACTION_PROFITABLE
2025-02-01 21:35:00,65.28179999999975,65.28179999999975,-1,NO_ACTION_PROFITABLE
2025-02-01 21:40:00,65.1848,65.1848,-1,NO_ACTION_PROFITABLE
2025-02-01 21:45:00,65.02599999999984,65.02599999999984,-1,NO_ACTION_PROFITABLE
2025-02-01 21:50:00,64.8735999999999,64.8735999999999,-1,NO_ACTION_PROFITABLE
2025-02-01 21:55:00,64.8735999999999,64.8735999999999,-1,NO_ACTION_PROFITABLE
2025-02-01 22:00:00,64.99579999999969,64.99579999999969,-1,NO_ACTION_PROFITABLE
2025-02-01 22:05:00,65.11700000000019,65.11700000000019,-1,NO_ACTION_PROFITABLE
2025-02-01 22:10:00,64.84500000000025,64.84500000000025,-1,NO_ACTION_PROFITABLE
2025-02-01 22:15:00,64.9355999999998,64.9355999999998,-1,NO_ACTION_PROFITABLE
2025-02-01 22:20:00,64.9355999999998,64.9355999999998,-1,NO_ACTION_PROFITABLE
2025-02-01 22:25:00,65.07600000000002,65.07600000000002,-1,NO_ACTION_PROFITABLE
2025-02-01 22:30:00,65.11580000000049,65.11580000000049,-1,NO_ACTION_PROFITABLE
2025-02-01 22:35:00,65.08600000000024,65.08600000000024,-1,NO_ACTION_PROFITABLE
2025-02-01 22:40:00,65.08600000000024,65.08600000000024,-1,NO_ACTION_PROFITABLE
2025-02-01 22:45:00,64.89760000000024,64.89760000000024,-1,NO_ACTION_PROFITABLE
2025-02-01 22:50:00,64.7460000000001,64.7460000000001,-1,NO_ACTION_PROFITABLE
2025-02-01 22:55:00,64.72739999999976,64.72739999999976,-1,NO_ACTION_PROFITABLE
2025-02-01 23:00:00,64.65819999999985,64.65819999999985,-1,NO_ACTION_PROFITABLE
2025-02-01 23:05:00,64.81760000000031,64.81760000000031,-1,NO_ACTION_PROFITABLE
2025-02-01 23:10:00,64.81760000000031,64.81760000000031,-1,NO_ACTION_PROFITABLE
2025-02-01 23:15:00,64.6210000000001,64.6210000000001,-1,NO_ACTION_PROFITABLE
2025-02-01 23:20:00,64.69800000000032,64.69800000000032,-1,NO_ACTION_PROFITABLE
2025-02-01 23:25:00,64.86139999999978,64.86139999999978,-1,NO_ACTION_PROFITABLE
2025-02-01 23:30:00,65.09799999999996,65.09799999999996,-1,NO_ACTION_PROFITABLE
2025-02-01 23:35:00,65.07399999999961,65.07399999999961,-1,NO_ACTION_PROFITABLE
2025-02-01 23:40:00,65.09760000000006,65.09760000000006,-1,NO_ACTION_PROFITABLE
2025-02-01 23:45:00,65.13379999999961,65.13379999999961,-1,NO_ACTION_PROFITABLE
2025-02-01 23:50:00,65.03819999999996,65.03819999999996,-1,NO_ACTION_PROFITABLE
2025-02-01 23:55:00,65.03819999999996,65.03819999999996,-1,NO_ACTION_PROFITABLE
2025-02-02 00:00:00,65.04299999999967,65.04299999999967,-1,NO_ACTION_PROFITABLE
2025-02-02 00:05:00,65.21579999999994,65.21579999999994,-1,NO_ACTION_PROFITABLE
2025-02-02 00:10:00,65.17259999999987,65.17259999999987,-1,NO_ACTION_PROFITABLE
2025-02-02 00:15:00,65.04359999999997,65.04359999999997,-1,NO_ACTION_PROFITABLE
2025-02-02 00:20:00,65.10199999999986,65.10199999999986,-1,NO_ACTION_PROFITABLE
2025-02-02 00:25:00,65.27540000000045,65.27540000000045,-1,NO_ACTION_PROFITABLE
2025-02-02 00:30:00,65.27540000000045,65.27540000000045,-1,NO_ACTION_PROFITABLE
2025-02-02 00:35:00,65.21519999999964,65.21519999999964,-1,NO_ACTION_PROFITABLE
2025-02-02 00:40:00,65.21519999999964,65.21519999999964,-1,NO_ACTION_PROFITABLE
2025-02-02 00:45:00,65.21519999999964,65.21519999999964,-1,NO_ACTION_PROFITABLE
2025-02-02 00:50:00,65.21519999999964,65.21519999999964,-1,NO_ACTION_PROFITABLE
2025-02-02 00:55:00,64.83619999999974,64.83619999999974,-1,NO_ACTION_PROFITABLE
2025-02-02 01:00:00,64.88540000000012,64.88540000000012,-1,NO_ACTION_PROFITABLE
2025-02-02 01:05:00,65.0627999999997,65.0627999999997,-1,NO_ACTION_PROFITABLE
2025-02-02 01:10:00,65.08960000000025,65.08960000000025,-1,NO_ACTION_PROFITABLE
2025-02-02 01:15:00,65.28800000000047,65.28800000000047,-1,NO_ACTION_PROFITABLE
2025-02-02 01:20:00,65.29219999999987,65.29219999999987,-1,NO_ACTION_PROFITABLE
2025-02-02 01:25:00,65.29219999999987,65.29219999999987,-1,NO_ACTION_PROFITABLE
2025-02-02 01:30:00,65.15139999999974,65.15139999999974,-1,NO_ACTION_PROFITABLE
2025-02-02 01:35:00,65.15220000000045,65.15220000000045,-1,NO_ACTION_PROFITABLE
2025-02-02 01:40:00,65.15220000000045,65.15220000000045,-1,NO_ACTION_PROFITABLE
2025-02-02 01:45:00,65.21360000000004,65.21360000000004,-1,NO_ACTION_PROFITABLE
2025-02-02 01:50:00,65.26580000000013,65.26580000000013,-1,NO_ACTION_PROFITABLE
2025-02-02 01:55:00,65.26580000000013,65.26580000000013,-1,NO_ACTION_PROFITABLE
2025-02-02 02:00:00,65.14379999999983,65.14379999999983,-1,NO_ACTION_PROFITABLE
2025-02-02 02:05:00,65.26760000000013,65.26760000000013,-1,NO_ACTION_PROFITABLE
2025-02-02 02:10:00,65.32459999999992,65.32459999999992,-1,NO_ACTION_PROFITABLE
2025-02-02 02:15:00,65.33399999999983,65.33399999999983,-1,NO_ACTION_PROFITABLE
2025-02-02 02:20:00,65.17740000000049,65.17740000000049,-1,NO_ACTION_PROFITABLE
2025-02-02 02:25:00,65.20060000000012,65.20060000000012,-1,NO_ACTION_PROFITABLE
2025-02-02 02:30:00,65.32499999999982,65.32499999999982,-1,NO_ACTION_PROFITABLE
2025-02-02 02:35:00,65.04600000000028,65.04600000000028,-1,NO_ACTION_PROFITABLE
2025-02-02 02:40:00,65.07939999999962,65.07939999999962,-1,NO_ACTION_PROFITABLE
2025-02-02 02:45:00,64.96339999999964,64.96339999999964,-1,NO_ACTION_PROFITABLE
2025-02-02 02:50:00,64.86059999999998,64.86059999999998,-1,NO_ACTION_PROFITABLE
2025-02-02 02:55:00,64.85840000000007,64.85840000000007,-1,NO_ACTION_PROFITABLE
2025-02-02 03:00:00,64.72900000000027,64.72900000000027,-1,NO_ACTION_PROFITABLE
2025-02-02 03:05:00,64.67759999999998,64.67759999999998,-1,NO_ACTION_PROFITABLE
2025-02-02 03:10:00,64.54700000000048,64.54700000000048,-1,NO_ACTION_PROFITABLE
2025-02-02 03:15:00,64.40120000000024,64.40120000000024,-1,NO_ACTION_PROFITABLE
2025-02-02 03:20:00,64.3122000000003,64.3122000000003,-1,NO_ACTION_PROFITABLE
2025-02-02 03:25:00,64.13860000000022,64.13860000000022,-1,NO_ACTION_PROFITABLE
2025-02-02 03:30:00,64.24459999999999,64.24459999999999,-1,NO_ACTION_PROFITABLE
2025-02-02 03:35:00,63.92360000000008,63.92360000000008,-1,NO_ACTION_PROFITABLE
2025-02-02 03:40:00,63.85199999999986,63.85199999999986,-1,NO_ACTION_PROFITABLE
2025-02-02 03:45:00,63.73120000000017,63.73120000000017,-1,NO_ACTION_PROFITABLE
2025-02-02 03:50:00,63.94000000000051,63.94000000000051,-1,NO_ACTION_PROFITABLE
2025-02-02 03:55:00,63.94000000000051,63.94000000000051,-1,NO_ACTION_PROFITABLE
2025-02-02 04:00:00,63.779999999999745,63.779999999999745,-1,NO_ACTION_PROFITABLE
2025-02-02 04:05:00,63.7474000000002,63.7474000000002,-1,NO_ACTION_PROFITABLE
2025-02-02 04:10:00,63.500600000000304,63.500600000000304,-1,NO_ACTION_PROFITABLE
2025-02-02 04:15:00,63.604599999999664,63.604599999999664,-1,NO_ACTION_PROFITABLE
2025-02-02 04:20:00,63.40340000000015,63.40340000000015,-1,NO_ACTION_PROFITABLE
2025-02-02 04:25:00,63.302200000000084,63.302200000000084,-1,NO_ACTION_PROFITABLE
2025-02-02 04:30:00,63.128600000000006,63.128600000000006,-1,NO_ACTION_PROFITABLE
2025-02-02 04:35:00,63.193199999999706,63.193199999999706,-1,NO_ACTION_PROFITABLE
2025-02-02 04:40:00,63.36580000000049,63.36580000000049,-1,NO_ACTION_PROFITABLE
2025-02-02 04:45:00,63.15679999999975,63.15679999999975,-1,NO_ACTION_PROFITABLE
2025-02-02 04:50:00,63.26940000000013,63.26940000000013,-1,NO_ACTION_PROFITABLE
2025-02-02 04:55:00,63.44980000000032,63.44980000000032,-1,NO_ACTION_PROFITABLE
2025-02-02 05:00:00,63.460799999999836,63.460799999999836,-1,NO_ACTION_PROFITABLE
2025-02-02 05:05:00,63.573999999999614,63.573999999999614,-1,NO_ACTION_PROFITABLE
2025-02-02 05:10:00,63.55280000000039,63.55280000000039,-1,NO_ACTION_PROFITABLE
2025-02-02 05:15:00,63.36400000000049,63.36400000000049,-1,NO_ACTION_PROFITABLE
2025-02-02 05:20:00,63.46339999999964,63.46339999999964,-1,NO_ACTION_PROFITABLE
2025-02-02 05:25:00,63.46339999999964,63.46339999999964,-1,NO_ACTION_PROFITABLE
2025-02-02 05:30:00,63.202800000000025,63.202800000000025,-1,NO_ACTION_PROFITABLE
2025-02-02 05:35:00,63.22519999999986,63.22519999999986,-1,NO_ACTION_PROFITABLE
2025-02-02 05:40:00,63.38420000000042,63.38420000000042,-1,NO_ACTION_PROFITABLE
2025-02-02 05:45:00,63.15719999999965,63.15719999999965,-1,NO_ACTION_PROFITABLE
2025-02-02 05:50:00,62.999399999999696,62.999399999999696,-1,NO_ACTION_PROFITABLE
2025-02-02 05:55:00,62.92020000000048,62.92020000000048,-1,NO_ACTION_PROFITABLE
2025-02-02 06:00:00,63.20960000000014,63.20960000000014,-1,NO_ACTION_PROFITABLE
2025-02-02 06:05:00,63.19419999999991,63.19419999999991,-1,NO_ACTION_PROFITABLE
2025-02-02 06:10:00,62.75579999999991,62.75579999999991,-1,NO_ACTION_PROFITABLE
2025-02-02 06:15:00,62.8163999999997,62.8163999999997,-1,NO_ACTION_PROFITABLE
2025-02-02 06:20:00,62.73279999999977,62.73279999999977,-1,NO_ACTION_PROFITABLE
2025-02-02 06:25:00,62.69040000000041,62.69040000000041,-1,NO_ACTION_PROFITABLE
2025-02-02 06:30:00,62.76479999999992,62.76479999999992,-1,NO_ACTION_PROFITABLE
2025-02-02 06:35:00,62.76640000000043,62.76640000000043,-1,NO_ACTION_PROFITABLE
2025-02-02 06:40:00,62.893200000000434,62.893200000000434,-1,NO_ACTION_PROFITABLE
2025-02-02 06:45:00,62.85559999999987,62.85559999999987,-1,NO_ACTION_PROFITABLE
2025-02-02 06:50:00,62.83759999999984,62.83759999999984,-1,NO_ACTION_PROFITABLE
2025-02-02 06:55:00,62.83759999999984,62.83759999999984,-1,NO_ACTION_PROFITABLE
2025-02-02 07:00:00,62.56779999999981,62.56779999999981,-1,NO_ACTION_PROFITABLE
2025-02-02 07:05:00,62.5025999999998,62.5025999999998,-1,NO_ACTION_PROFITABLE
2025-02-02 07:10:00,62.30500000000029,62.30500000000029,-1,NO_ACTION_PROFITABLE
2025-02-02 07:15:00,62.30360000000019,62.30360000000019,-1,NO_ACTION_PROFITABLE
2025-02-02 07:20:00,62.11999999999989,62.11999999999989,-1,NO_ACTION_PROFITABLE
2025-02-02 07:25:00,62.277000000000044,62.277000000000044,-1,NO_ACTION_PROFITABLE
2025-02-02 07:30:00,62.431400000000394,62.431400000000394,-1,NO_ACTION_PROFITABLE
2025-02-02 07:35:00,62.61459999999988,62.61459999999988,-1,NO_ACTION_PROFITABLE
2025-02-02 07:40:00,62.659999999999854,62.659999999999854,-1,NO_ACTION_PROFITABLE
2025-02-02 07:45:00,62.659999999999854,62.659999999999854,-1,NO_ACTION_PROFITABLE
2025-02-02 07:50:00,62.32980000000043,62.32980000000043,-1,NO_ACTION_PROFITABLE
2025-02-02 07:55:00,62.335000000000036,62.335000000000036,-1,NO_ACTION_PROFITABLE
2025-02-02 08:00:00,62.41160000000036,62.41160000000036,-1,NO_ACTION_PROFITABLE
2025-02-02 08:05:00,62.63420000000042,62.63420000000042,-1,NO_ACTION_PROFITABLE
2025-02-02 08:10:00,62.69580000000042,62.69580000000042,-1,NO_ACTION_PROFITABLE
2025-02-02 08:15:00,62.8122000000003,62.8122000000003,-1,NO_ACTION_PROFITABLE
2025-02-02 08:20:00,62.81620000000021,62.81620000000021,-1,NO_ACTION_PROFITABLE
2025-02-02 08:25:00,62.88600000000042,62.88600000000042,-1,NO_ACTION_PROFITABLE
2025-02-02 08:30:00,62.96439999999984,62.96439999999984,-1,NO_ACTION_PROFITABLE
2025-02-02 08:35:00,63.009000000000015,63.009000000000015,-1,NO_ACTION_PROFITABLE
2025-02-02 08:40:00,63.038800000000265,63.038800000000265,-1,NO_ACTION_PROFITABLE
2025-02-02 08:45:00,63.12880000000041,63.12880000000041,-1,NO_ACTION_PROFITABLE
2025-02-02 08:50:00,62.98959999999988,62.98959999999988,-1,NO_ACTION_PROFITABLE
2025-02-02 08:55:00,62.90239999999994,62.90239999999994,-1,NO_ACTION_PROFITABLE
2025-02-02 09:00:00,62.910399999999754,62.910399999999754,-1,NO_ACTION_PROFITABLE
2025-02-02 09:05:00,62.910399999999754,62.910399999999754,-1,NO_ACTION_PROFITABLE
2025-02-02 09:10:00,62.910399999999754,62.910399999999754,-1,NO_ACTION_PROFITABLE
2025-02-02 09:15:00,63.13839999999982,63.13839999999982,-1,NO_ACTION_PROFITABLE
2025-02-02 09:20:00,63.19999999999982,63.19999999999982,-1,NO_ACTION_PROFITABLE
2025-02-02 09:25:00,63.15359999999964,63.15359999999964,-1,NO_ACTION_PROFITABLE
2025-02-02 09:30:00,63.15359999999964,63.15359999999964,-1,NO_ACTION_PROFITABLE
2025-02-02 09:35:00,63.15359999999964,63.15359999999964,-1,NO_ACTION_PROFITABLE
2025-02-02 09:40:00,63.0614000000005,63.0614000000005,-1,NO_ACTION_PROFITABLE
2025-02-02 09:45:00,63.03200000000015,63.03200000000015,-1,NO_ACTION_PROFITABLE
2025-02-02 09:50:00,63.02639999999974,63.02639999999974,-1,NO_ACTION_PROFITABLE
2025-02-02 09:55:00,62.98080000000027,62.98080000000027,-1,NO_ACTION_PROFITABLE
2025-02-02 10:00:00,62.98080000000027,62.98080000000027,-1,NO_ACTION_PROFITABLE
2025-02-02 10:05:00,62.84640000000036,62.84640000000036,-1,NO_ACTION_PROFITABLE
2025-02-02 10:10:00,62.80580000000009,62.80580000000009,-1,NO_ACTION_PROFITABLE
2025-02-02 10:15:00,62.63339999999971,62.63339999999971,-1,NO_ACTION_PROFITABLE
2025-02-02 10:20:00,62.797999999999774,62.797999999999774,-1,NO_ACTION_PROFITABLE
2025-02-02 10:25:00,62.86340000000018,62.86340000000018,-1,NO_ACTION_PROFITABLE
2025-02-02 10:30:00,62.86340000000018,62.86340000000018,-1,NO_ACTION_PROFITABLE
2025-02-02 10:35:00,62.478799999999865,62.478799999999865,-1,NO_ACTION_PROFITABLE
2025-02-02 10:40:00,62.478799999999865,62.478799999999865,-1,NO_ACTION_PROFITABLE
2025-02-02 10:45:00,62.41359999999986,62.41359999999986,-1,NO_ACTION_PROFITABLE
2025-02-02 10:50:00,62.327000000000226,62.327000000000226,-1,NO_ACTION_PROFITABLE
2025-02-02 10:55:00,62.297999999999774,62.297999999999774,-1,NO_ACTION_PROFITABLE
2025-02-02 11:00:00,62.53139999999985,62.53139999999985,-1,NO_ACTION_PROFITABLE
2025-02-02 11:05:00,62.373999999999796,62.373999999999796,-1,NO_ACTION_PROFITABLE
2025-02-02 11:10:00,61.953199999999924,61.953199999999924,-1,NO_ACTION_PROFITABLE
2025-02-02 11:15:00,61.89260000000013,61.89260000000013,-1,NO_ACTION_PROFITABLE
2025-02-02 11:20:00,61.65940000000046,61.65940000000046,-1,NO_ACTION_PROFITABLE
2025-02-02 11:25:00,61.60360000000037,61.60360000000037,-1,NO_ACTION_PROFITABLE
2025-02-02 11:30:00,61.75680000000011,61.75680000000011,-1,NO_ACTION_PROFITABLE
2025-02-02 11:35:00,61.80500000000029,61.80500000000029,-1,NO_ACTION_PROFITABLE
2025-02-02 11:40:00,61.741399999999885,61.741399999999885,-1,NO_ACTION_PROFITABLE
2025-02-02 11:45:00,61.78099999999995,61.78099999999995,-1,NO_ACTION_PROFITABLE
2025-02-02 11:50:00,61.73779999999988,61.73779999999988,-1,NO_ACTION_PROFITABLE
2025-02-02 11:55:00,61.46360000000004,61.46360000000004,-1,NO_ACTION_PROFITABLE
2025-02-02 12:00:00,61.745600000000195,61.745600000000195,-1,NO_ACTION_PROFITABLE
2025-02-02 12:05:00,61.772799999999734,61.772799999999734,-1,NO_ACTION_PROFITABLE
2025-02-02 12:10:00,61.863000000000284,61.863000000000284,-1,NO_ACTION_PROFITABLE
2025-02-02 12:15:00,61.82880000000023,61.82880000000023,-1,NO_ACTION_PROFITABLE
2025-02-02 12:20:00,62.11700000000019,62.11700000000019,-1,NO_ACTION_PROFITABLE
2025-02-02 12:25:00,62.11700000000019,62.11700000000019,-1,NO_ACTION_PROFITABLE
2025-02-02 12:30:00,62.02480000000014,62.02480000000014,-1,NO_ACTION_PROFITABLE
2025-02-02 12:35:00,61.84060000000045,61.84060000000045,-1,NO_ACTION_PROFITABLE
2025-02-02 12:40:00,61.98999999999978,61.98999999999978,-1,NO_ACTION_PROFITABLE
2025-02-02 12:45:00,62.143200000000434,62.143200000000434,-1,NO_ACTION_PROFITABLE
2025-02-02 12:50:00,62.02379999999994,62.02379999999994,-1,NO_ACTION_PROFITABLE
2025-02-02 12:55:00,62.08799999999974,62.08799999999974,-1,NO_ACTION_PROFITABLE
2025-02-02 13:00:00,62.02800000000025,62.02800000000025,-1,NO_ACTION_PROFITABLE
2025-02-02 13:05:00,62.1832000000004,62.1832000000004,-1,NO_ACTION_PROFITABLE
2025-02-02 13:10:00,62.05159999999978,62.05159999999978,-1,NO_ACTION_PROFITABLE
2025-02-02 13:15:00,62.10140000000047,62.10140000000047,-1,NO_ACTION_PROFITABLE
2025-02-02 13:20:00,62.168400000000474,62.168400000000474,-1,NO_ACTION_PROFITABLE
2025-02-02 13:25:00,62.168400000000474,62.168400000000474,-1,NO_ACTION_PROFITABLE
2025-02-02 13:30:00,62.24579999999969,62.24579999999969,-1,NO_ACTION_PROFITABLE
2025-02-02 13:35:00,62.353000000000065,62.353000000000065,-1,NO_ACTION_PROFITABLE
2025-02-02 13:40:00,62.39900000000034,62.39900000000034,-1,NO_ACTION_PROFITABLE
2025-02-02 13:45:00,62.39900000000034,62.39900000000034,-1,NO_ACTION_PROFITABLE
2025-02-02 13:50:00,62.408800000000156,62.408800000000156,-1,NO_ACTION_PROFITABLE
2025-02-02 13:55:00,62.45139999999992,62.45139999999992,-1,NO_ACTION_PROFITABLE
2025-02-02 14:00:00,62.38220000000001,62.38220000000001,-1,NO_ACTION_PROFITABLE
2025-02-02 14:05:00,62.49200000000019,62.49200000000019,-1,NO_ACTION_PROFITABLE
2025-02-02 14:10:00,62.53359999999975,62.53359999999975,-1,NO_ACTION_PROFITABLE
2025-02-02 14:15:00,62.5637999999999,62.5637999999999,-1,NO_ACTION_PROFITABLE
2025-02-02 14:20:00,62.74719999999979,62.74719999999979,-1,NO_ACTION_PROFITABLE
2025-02-02 14:25:00,62.74719999999979,62.74719999999979,-1,NO_ACTION_PROFITABLE
2025-02-02 14:30:00,62.51100000000042,62.51100000000042,-1,NO_ACTION_PROFITABLE
2025-02-02 14:35:00,62.44580000000042,62.44580000000042,-1,NO_ACTION_PROFITABLE
2025-02-02 14:40:00,62.32800000000043,62.32800000000043,-1,NO_ACTION_PROFITABLE
2025-02-02 14:45:00,62.34720000000016,62.34720000000016,-1,NO_ACTION_PROFITABLE
2025-02-02 14:50:00,62.2503999999999,62.2503999999999,-1,NO_ACTION_PROFITABLE
2025-02-02 14:55:00,62.2503999999999,62.2503999999999,-1,NO_ACTION_PROFITABLE
2025-02-02 15:00:00,62.236799999999675,62.236799999999675,-1,NO_ACTION_PROFITABLE
2025-02-02 15:05:00,62.14360000000033,62.14360000000033,-1,NO_ACTION_PROFITABLE
2025-02-02 15:10:00,62.14360000000033,62.14360000000033,-1,NO_ACTION_PROFITABLE
2025-02-02 15:15:00,62.08320000000003,62.08320000000003,-1,NO_ACTION_PROFITABLE
2025-02-02 15:20:00,62.08939999999984,62.08939999999984,-1,NO_ACTION_PROFITABLE
2025-02-02 15:25:00,61.83680000000004,61.83680000000004,-1,NO_ACTION_PROFITABLE
2025-02-02 15:30:00,61.83680000000004,61.83680000000004,-1,NO_ACTION_PROFITABLE
2025-02-02 15:35:00,61.75560000000041,61.75560000000041,-1,NO_ACTION_PROFITABLE
2025-02-02 15:40:00,61.823199999999815,61.823199999999815,-1,NO_ACTION_PROFITABLE
2025-02-02 15:45:00,61.823199999999815,61.823199999999815,-1,NO_ACTION_PROFITABLE
2025-02-02 15:50:00,61.97519999999986,61.97519999999986,-1,NO_ACTION_PROFITABLE
2025-02-02 15:55:00,62.03660000000036,62.03660000000036,-1,NO_ACTION_PROFITABLE
2025-02-02 16:00:00,62.05699999999979,62.05699999999979,-1,NO_ACTION_PROFITABLE
2025-02-02 16:05:00,62.04479999999967,62.04479999999967,-1,NO_ACTION_PROFITABLE
2025-02-02 16:10:00,61.86740000000009,61.86740000000009,-1,NO_ACTION_PROFITABLE
2025-02-02 16:15:00,61.86740000000009,61.86740000000009,-1,NO_ACTION_PROFITABLE
2025-02-02 16:20:00,62.11920000000009,62.11920000000009,-1,NO_ACTION_PROFITABLE
2025-02-02 16:25:00,62.11920000000009,62.11920000000009,-1,NO_ACTION_PROFITABLE
2025-02-02 16:30:00,62.26260000000002,62.26260000000002,-1,NO_ACTION_PROFITABLE
2025-02-02 16:35:00,62.29659999999967,62.29659999999967,-1,NO_ACTION_PROFITABLE
2025-02-02 16:40:00,62.39980000000014,62.39980000000014,-1,NO_ACTION_PROFITABLE
2025-02-02 16:45:00,62.39980000000014,62.39980000000014,-1,NO_ACTION_PROFITABLE
2025-02-02 16:50:00,62.22199999999975,62.22199999999975,-1,NO_ACTION_PROFITABLE
2025-02-02 16:55:00,62.218799999999646,62.218799999999646,-1,NO_ACTION_PROFITABLE
2025-02-02 17:00:00,62.09519999999975,62.09519999999975,-1,NO_ACTION_PROFITABLE
2025-02-02 17:05:00,62.08420000000024,62.08420000000024,-1,NO_ACTION_PROFITABLE
2025-02-02 17:10:00,62.08420000000024,62.08420000000024,-1,NO_ACTION_PROFITABLE
2025-02-02 17:15:00,61.96820000000025,61.96820000000025,-1,NO_ACTION_PROFITABLE
2025-02-02 17:20:00,61.98940000000039,61.98940000000039,-1,NO_ACTION_PROFITABLE
2025-02-02 17:25:00,62.043400000000474,62.043400000000474,-1,NO_ACTION_PROFITABLE
2025-02-02 17:30:00,62.043400000000474,62.043400000000474,-1,NO_ACTION_PROFITABLE
2025-02-02 17:35:00,62.18080000000009,62.18080000000009,-1,NO_ACTION_PROFITABLE
2025-02-02 17:40:00,62.164200000000164,62.164200000000164,-1,NO_ACTION_PROFITABLE
2025-02-02 17:45:00,62.20960000000014,62.20960000000014,-1,NO_ACTION_PROFITABLE
2025-02-02 17:50:00,62.11359999999968,62.11359999999968,-1,NO_ACTION_PROFITABLE
2025-02-02 17:55:00,62.1887999999999,62.1887999999999,-1,NO_ACTION_PROFITABLE
2025-02-02 18:00:00,62.1887999999999,62.1887999999999,-1,NO_ACTION_PROFITABLE
2025-02-02 18:05:00,62.1268,62.1268,-1,NO_ACTION_PROFITABLE
2025-02-02 18:10:00,62.1268,62.1268,-1,NO_ACTION_PROFITABLE
2025-02-02 18:15:00,61.98660000000018,61.98660000000018,-1,NO_ACTION_PROFITABLE
2025-02-02 18:20:00,61.866399999999885,61.866399999999885,-1,NO_ACTION_PROFITABLE
2025-02-02 18:25:00,61.866399999999885,61.866399999999885,-1,NO_ACTION_PROFITABLE
2025-02-02 18:30:00,61.84299999999985,61.84299999999985,-1,NO_ACTION_PROFITABLE
2025-02-02 18:35:00,61.89800000000014,61.89800000000014,-1,NO_ACTION_PROFITABLE
2025-02-02 18:40:00,62.1220000000003,62.1220000000003,-1,NO_ACTION_PROFITABLE
2025-02-02 18:45:00,62.1220000000003,62.1220000000003,-1,NO_ACTION_PROFITABLE
2025-02-02 18:50:00,61.99719999999979,61.99719999999979,-1,NO_ACTION_PROFITABLE
2025-02-02 18:55:00,61.99719999999979,61.99719999999979,-1,NO_ACTION_PROFITABLE
2025-02-02 19:00:00,62.197000000000116,62.197000000000116,-1,NO_ACTION_PROFITABLE
2025-02-02 19:05:00,62.20399999999972,62.20399999999972,-1,NO_ACTION_PROFITABLE
2025-02-02 19:10:00,62.20399999999972,62.20399999999972,-1,NO_ACTION_PROFITABLE
2025-02-02 19:15:00,62.08420000000024,62.08420000000024,-1,NO_ACTION_PROFITABLE
2025-02-02 19:20:00,62.0,62.0,-1,NO_ACTION_PROFITABLE
2025-02-02 19:25:00,61.70439999999962,61.70439999999962,-1,NO_ACTION_PROFITABLE
2025-02-02 19:30:00,61.59680000000026,61.59680000000026,-1,NO_ACTION_PROFITABLE
2025-02-02 19:35:00,61.31999999999971,61.31999999999971,-1,NO_ACTION_PROFITABLE
2025-02-02 19:40:00,61.248999999999796,61.248999999999796,-1,NO_ACTION_PROFITABLE
2025-02-02 19:45:00,61.150400000000445,61.150400000000445,-1,NO_ACTION_PROFITABLE
2025-02-02 19:50:00,61.399999999999636,61.399999999999636,-1,NO_ACTION_PROFITABLE
2025-02-02 19:55:00,61.29560000000038,61.29560000000038,-1,NO_ACTION_PROFITABLE
2025-02-02 20:00:00,61.35980000000018,61.35980000000018,-1,NO_ACTION_PROFITABLE
2025-02-02 20:05:00,61.3724000000002,61.3724000000002,-1,NO_ACTION_PROFITABLE
2025-02-02 20:10:00,61.49300000000039,61.49300000000039,-1,NO_ACTION_PROFITABLE
2025-02-02 20:15:00,61.513600000000224,61.513600000000224,-1,NO_ACTION_PROFITABLE
2025-02-02 20:20:00,61.37700000000041,61.37700000000041,-1,NO_ACTION_PROFITABLE
2025-02-02 20:25:00,61.44679999999971,61.44679999999971,-1,NO_ACTION_PROFITABLE
2025-02-02 20:30:00,61.215400000000045,61.215400000000045,-1,NO_ACTION_PROFITABLE
2025-02-02 20:35:00,61.301800000000185,61.301800000000185,-1,NO_ACTION_PROFITABLE
2025-02-02 20:40:00,61.279999999999745,61.279999999999745,-1,NO_ACTION_PROFITABLE
2025-02-02 20:45:00,61.19999999999982,61.19999999999982,-1,NO_ACTION_PROFITABLE
2025-02-02 20:50:00,61.19999999999982,61.19999999999982,-1,NO_ACTION_PROFITABLE
2025-02-02 20:55:00,61.1268,61.1268,-1,NO_ACTION_PROFITABLE
2025-02-02 21:00:00,61.309400000000096,61.309400000000096,-1,NO_ACTION_PROFITABLE
2025-02-02 21:05:00,61.33439999999973,61.33439999999973,-1,NO_ACTION_PROFITABLE
2025-02-02 21:10:00,61.47059999999965,61.47059999999965,-1,NO_ACTION_PROFITABLE
2025-02-02 21:15:00,61.440200000000004,61.440200000000004,-1,NO_ACTION_PROFITABLE
2025-02-02 21:20:00,61.39800000000014,61.39800000000014,-1,NO_ACTION_PROFITABLE
2025-02-02 21:25:00,61.5011999999997,61.5011999999997,-1,NO_ACTION_PROFITABLE
2025-02-02 21:30:00,61.40139999999974,61.40139999999974,-1,NO_ACTION_PROFITABLE
2025-02-02 21:35:00,61.44200000000001,61.44200000000001,-1,NO_ACTION_PROFITABLE
2025-02-02 21:40:00,61.550600000000486,61.550600000000486,-1,NO_ACTION_PROFITABLE
2025-02-02 21:45:00,61.603000000000065,61.603000000000065,-1,NO_ACTION_PROFITABLE
2025-02-02 21:50:00,61.705799999999726,61.705799999999726,-1,NO_ACTION_PROFITABLE
2025-02-02 21:55:00,61.73319999999967,61.73319999999967,-1,NO_ACTION_PROFITABLE
2025-02-02 22:00:00,61.753600000000006,61.753600000000006,-1,NO_ACTION_PROFITABLE
2025-02-02 22:05:00,61.793800000000374,61.793800000000374,-1,NO_ACTION_PROFITABLE
2025-02-02 22:10:00,61.89300000000003,61.89300000000003,-1,NO_ACTION_PROFITABLE
2025-02-02 22:15:00,61.972999999999956,61.972999999999956,-1,NO_ACTION_PROFITABLE
2025-02-02 22:20:00,61.83140000000003,61.83140000000003,-1,NO_ACTION_PROFITABLE
2025-02-02 22:25:00,61.914200000000164,61.914200000000164,-1,HOLD
2025-02-02 22:30:00,61.914200000000164,61.914200000000164,-1,HOLD
2025-02-02 22:35:00,62.03600000000006,62.03600000000006,-1,HOLD
2025-02-02 22:40:00,62.03600000000006,62.03600000000006,-1,HOLD
2025-02-02 22:45:00,61.960000000000036,61.960000000000036,-1,HOLD
2025-02-02 22:50:00,61.83140000000003,61.83140000000003,-1,NO_ACTION_PROFITABLE
2025-02-02 22:55:00,61.83140000000003,61.83140000000003,-1,NO_ACTION_PROFITABLE
2025-02-02 23:00:00,61.550600000000486,61.550600000000486,-1,HOLD
2025-02-02 23:05:00,61.56680000000051,61.56680000000051,-1,HOLD
2025-02-02 23:10:00,61.66020000000026,61.66020000000026,-1,HOLD
2025-02-02 23:15:00,61.65760000000046,61.65760000000046,-1,HOLD
2025-02-02 23:20:00,61.65639999999985,61.65639999999985,-1,HOLD
2025-02-02 23:25:00,61.39459999999963,61.39459999999963,-1,HOLD
2025-02-02 23:30:00,61.40400000000045,61.40400000000045,-1,HOLD
2025-02-02 23:35:00,61.634399999999914,61.634399999999914,-1,HOLD
2025-02-02 23:40:00,61.634399999999914,61.634399999999914,-1,NO_ACTION_PROFITABLE
2025-02-02 23:45:00,61.663400000000365,61.663400000000365,-1,HOLD
2025-02-02 23:50:00,61.6876000000002,61.6876000000002,-1,HOLD
2025-02-02 23:55:00,61.72199999999975,61.72199999999975,-1,HOLD
2025-02-03 00:00:00,61.53600000000006,61.53600000000006,-1,HOLD
2025-02-03 00:05:00,61.5011999999997,61.5011999999997,-1,HOLD
2025-02-03 00:10:00,61.30400000000009,61.30400000000009,-1,HOLD
2025-02-03 00:15:00,61.24759999999969,61.24759999999969,-1,HOLD
2025-02-03 00:20:00,61.448599999999715,61.448599999999715,-1,HOLD
2025-02-03 00:25:00,61.19959999999992,61.19959999999992,-1,HOLD
2025-02-03 00:30:00,61.15440000000035,61.15440000000035,-1,HOLD
2025-02-03 00:35:00,60.9399999999996,60.9399999999996,-1,HOLD
2025-02-03 00:40:00,61.038400000000365,61.038400000000365,-1,HOLD
2025-02-03 00:45:00,60.5,60.5,-1,HOLD
2025-02-03 00:50:00,60.58640000000014,60.58640000000014,-1,HOLD
2025-02-03 00:55:00,60.29979999999978,60.29979999999978,-1,HOLD
2025-02-03 01:00:00,60.42659999999978,60.42659999999978,-1,HOLD
2025-02-03 01:05:00,60.51040000000012,60.51040000000012,-1,HOLD
2025-02-03 01:10:00,60.538000000000466,60.538000000000466,-1,HOLD
2025-02-03 01:15:00,60.59019999999964,60.59019999999964,-1,HOLD
2025-02-03 01:20:00,60.0,60.0,-1,HOLD
2025-02-03 01:25:00,60.301000000000386,60.301000000000386,-1,HOLD
2025-02-03 01:30:00,60.11859999999979,60.11859999999979,-1,HOLD
2025-02-03 01:35:00,60.0637999999999,60.0637999999999,-1,HOLD
2025-02-03 01:40:00,59.90340000000015,59.90340000000015,-1,HOLD
2025-02-03 01:45:00,59.599600000000464,59.599600000000464,-1,HOLD
2025-02-03 01:50:00,59.5,59.5,-1,HOLD
2025-02-03 01:55:00,59.44220000000041,59.44220000000041,-1,HOLD
2025-02-03 02:00:00,59.672199999999975,59.672199999999975,-1,HOLD
2025-02-03 02:05:00,59.63199999999961,59.63199999999961,-1,HOLD
2025-02-03 02:10:00,59.63199999999961,59.63199999999961,-1,HOLD
2025-02-03 02:15:00,59.46219999999994,59.46219999999994,-1,HOLD
2025-02-03 02:20:00,59.58740000000034,59.58740000000034,-1,HOLD
2025-02-03 02:25:00,59.62740000000031,59.62740000000031,-1,HOLD
2025-02-03 02:30:00,59.32579999999962,59.32579999999962,-1,HOLD
2025-02-03 02:35:00,58.96339999999964,58.96339999999964,-1,HOLD
2025-02-03 02:40:00,58.61999999999989,58.61999999999989,-1,HOLD
2025-02-03 02:45:00,58.73660000000018,58.73660000000018,-1,HOLD
2025-02-03 02:50:00,58.590000000000146,58.590000000000146,-1,HOLD
2025-02-03 02:55:00,58.590000000000146,58.590000000000146,-1,HOLD
2025-02-03 03:00:00,58.59280000000035,58.59280000000035,-1,HOLD
2025-02-03 03:05:00,58.59280000000035,58.59280000000035,-1,HOLD
2025-02-03 03:10:00,58.59280000000035,58.59280000000035,-1,HOLD
2025-02-03 03:15:00,58.3742000000002,58.3742000000002,-1,HOLD
2025-02-03 03:20:00,58.30079999999998,58.30079999999998,-1,HOLD
2025-02-03 03:25:00,58.59240000000045,58.59240000000045,-1,HOLD
2025-02-03 03:30:00,59.026200000000244,59.026200000000244,-1,HOLD
2025-02-03 03:35:00,59.10599999999977,59.10599999999977,-1,HOLD
2025-02-03 03:40:00,59.543400000000474,59.543400000000474,-1,HOLD
2025-02-03 03:45:00,59.443599999999606,59.443599999999606,-1,HOLD
2025-02-03 03:50:00,59.27139999999963,59.27139999999963,-1,HOLD
2025-02-03 03:55:00,59.37219999999979,59.37219999999979,-1,HOLD
2025-02-03 04:00:00,59.51260000000002,59.51260000000002,-1,HOLD
2025-02-03 04:05:00,59.600000000000364,59.600000000000364,-1,HOLD
2025-02-03 04:10:00,59.612600000000384,59.612600000000384,-1,HOLD
2025-02-03 04:15:00,59.69999999999982,59.69999999999982,-1,HOLD
2025-02-03 04:20:00,59.61319999999978,59.61319999999978,-1,HOLD
2025-02-03 04:25:00,59.615600000000086,59.615600000000086,-1,HOLD
2025-02-03 04:30:00,59.51159999999982,59.51159999999982,-1,HOLD
2025-02-03 04:35:00,59.26919999999973,59.26919999999973,-1,HOLD
2025-02-03 04:40:00,59.142399999999725,59.142399999999725,-1,HOLD
2025-02-03 04:45:00,59.18419999999969,59.18419999999969,-1,HOLD
2025-02-03 04:50:00,59.18379999999979,59.18379999999979,-1,HOLD
2025-02-03 04:55:00,59.13940000000002,59.13940000000002,-1,HOLD
2025-02-03 05:00:00,59.09820000000036,59.09820000000036,-1,HOLD
2025-02-03 05:05:00,59.08100000000013,59.08100000000013,-1,HOLD
2025-02-03 05:10:00,59.0,59.0,-1,HOLD
2025-02-03 05:15:00,59.0,59.0,-1,NO_ACTION_PROFITABLE
2025-02-03 05:20:00,58.802200000000084,58.802200000000084,-1,NO_ACTION_PROFITABLE
2025-02-03 05:25:00,58.521600000000035,58.521600000000035,-1,NO_ACTION_PROFITABLE
2025-02-03 05:30:00,58.67879999999968,58.67879999999968,-1,NO_ACTION_PROFITABLE
2025-02-03 05:35:00,58.57020000000011,58.57020000000011,-1,NO_ACTION_PROFITABLE
2025-02-03 05:40:00,58.20020000000022,58.20020000000022,-1,NO_ACTION_PROFITABLE
2025-02-03 05:45:00,58.23779999999988,58.23779999999988,-1,NO_ACTION_PROFITABLE
2025-02-03 05:50:00,58.25600000000031,58.25600000000031,-1,HOLD
2025-02-03 05:55:00,58.10860000000048,58.10860000000048,-1,HOLD
2025-02-03 06:00:00,58.4395999999997,58.4395999999997,-1,NO_ACTION_PROFITABLE
2025-02-03 06:05:00,58.44200000000001,58.44200000000001,-1,NO_ACTION_PROFITABLE
2025-02-03 06:10:00,58.63040000000001,58.63040000000001,-1,NO_ACTION_PROFITABLE
2025-02-03 06:15:00,58.41439999999966,58.41439999999966,-1,HOLD
2025-02-03 06:20:00,58.13140000000021,58.13140000000021,-1,HOLD
2025-02-03 06:25:00,58.20480000000043,58.20480000000043,-1,NO_ACTION_PROFITABLE
2025-02-03 06:30:00,57.32099999999991,57.32099999999991,-1,HOLD
2025-02-03 06:35:00,57.1216000000004,57.1216000000004,-1,HOLD
2025-02-03 06:40:00,56.41520000000037,56.41520000000037,-1,HOLD
2025-02-03 06:45:00,57.151600000000144,57.151600000000144,-1,HOLD
2025-02-03 06:50:00,56.96600000000035,56.96600000000035,-1,HOLD
2025-02-03 06:55:00,57.46640000000025,57.46640000000025,-1,HOLD
2025-02-03 07:00:00,56.6268,56.6268,-1,HOLD
2025-02-03 07:05:00,56.44340000000011,56.44340000000011,-1,HOLD
2025-02-03 07:10:00,56.715000000000146,56.715000000000146,-1,HOLD
2025-02-03 07:15:00,56.785799999999654,56.785799999999654,-1,HOLD
2025-02-03 07:20:00,56.40679999999975,56.40679999999975,-1,HOLD
2025-02-03 07:25:00,56.21699999999964,56.21699999999964,-1,HOLD
2025-02-03 07:30:00,56.5604000000003,56.5604000000003,-1,HOLD
2025-02-03 07:35:00,56.85140000000047,56.85140000000047,-1,HOLD
2025-02-03 07:40:00,56.92579999999998,56.92579999999998,-1,HOLD
2025-02-03 07:45:00,57.164999999999964,57.164999999999964,-1,HOLD
2025-02-03 07:50:00,57.29320000000007,57.29320000000007,-1,HOLD
2025-02-03 07:55:00,57.27400000000034,57.27400000000034,-1,HOLD
2025-02-03 08:00:00,57.15340000000015,57.15340000000015,-1,HOLD
2025-02-03 08:05:00,57.154199999999946,57.154199999999946,-1,HOLD
2025-02-03 08:10:00,57.124399999999696,57.124399999999696,-1,HOLD
2025-02-03 08:15:00,56.641599999999926,56.641599999999926,-1,HOLD
2025-02-03 08:20:00,56.268200000000434,56.268200000000434,-1,HOLD
2025-02-03 08:25:00,56.8167999999996,56.8167999999996,-1,HOLD
2025-02-03 08:30:00,56.72320000000036,56.72320000000036,-1,HOLD
2025-02-03 08:35:00,56.54439999999977,56.54439999999977,-1,HOLD
2025-02-03 08:40:00,55.74340000000029,55.74340000000029,-1,HOLD
2025-02-03 08:45:00,56.516599999999926,56.516599999999926,-1,HOLD
2025-02-03 08:50:00,56.452800000000025,56.452800000000025,-1,HOLD
2025-02-03 08:55:00,56.57999999999993,56.57999999999993,-1,HOLD
2025-02-03 09:00:00,56.60159999999996,56.60159999999996,-1,HOLD
2025-02-03 09:05:00,56.494800000000396,56.494800000000396,-1,HOLD
2025-02-03 09:10:00,56.757400000000416,56.757400000000416,-1,HOLD
2025-02-03 09:15:00,55.9984000000004,55.9984000000004,-1,HOLD
2025-02-03 09:20:00,55.80000000000018,55.80000000000018,-1,HOLD
2025-02-03 09:25:00,55.688600000000406,55.688600000000406,-1,HOLD
2025-02-03 09:30:00,55.76519999999982,55.76519999999982,-1,HOLD
2025-02-03 09:35:00,55.667599999999766,55.667599999999766,-1,HOLD
2025-02-03 09:40:00,55.38600000000042,55.38600000000042,-1,HOLD
2025-02-03 09:45:00,52.88180000000011,52.88180000000011,-1,HOLD
2025-02-03 09:50:00,51.931400000000394,51.931400000000394,-1,HOLD
2025-02-03 09:55:00,50.905399999999645,50.905399999999645,-1,HOLD
2025-02-03 10:00:00,50.0007999999998,50.0007999999998,-1,NO_ACTION_PROFITABLE
2025-02-03 10:05:00,45.98559999999998,45.98559999999998,-1,NO_ACTION_PROFITABLE
2025-02-03 10:10:00,49.496000000000095,49.496000000000095,-1,NO_ACTION_PROFITABLE
2025-02-03 10:15:00,50.3145999999997,50.3145999999997,-1,NO_ACTION_PROFITABLE
2025-02-03 10:20:00,49.698999999999614,49.698999999999614,-1,NO_ACTION_PROFITABLE
2025-02-03 10:25:00,50.0,50.0,-1,NO_ACTION_PROFITABLE
2025-02-03 10:30:00,49.779999999999745,49.779999999999745,-1,NO_ACTION_PROFITABLE
2025-02-03 10:35:00,49.780399999999645,49.780399999999645,-1,NO_ACTION_PROFITABLE
2025-02-03 10:40:00,50.0,50.0,-1,NO_ACTION_PROFITABLE
2025-02-03 10:45:00,49.80019999999968,49.80019999999968,-1,NO_ACTION_PROFITABLE
2025-02-03 10:50:00,49.94639999999981,49.94639999999981,-1,NO_ACTION_PROFITABLE
2025-02-03 10:55:00,49.78020000000015,49.78020000000015,-1,NO_ACTION_PROFITABLE
2025-02-03 11:00:00,50.50960000000032,50.50960000000032,-1,NO_ACTION_PROFITABLE
2025-02-03 11:05:00,50.2518,50.2518,-1,NO_ACTION_PROFITABLE
2025-02-03 11:10:00,50.25280000000021,50.25280000000021,-1,NO_ACTION_PROFITABLE
2025-02-03 11:15:00,50.29039999999986,50.29039999999986,-1,NO_ACTION_PROFITABLE
2025-02-03 11:20:00,50.977600000000166,50.977600000000166,-1,NO_ACTION_PROFITABLE
2025-02-03 11:25:00,50.610999999999876,50.610999999999876,-1,NO_ACTION_PROFITABLE
2025-02-03 11:30:00,50.315200000000004,50.315200000000004,-1,NO_ACTION_PROFITABLE
2025-02-03 11:35:00,50.3122000000003,50.3122000000003,-1,NO_ACTION_PROFITABLE
2025-02-03 11:40:00,50.634399999999914,50.634399999999914,-1,NO_ACTION_PROFITABLE
2025-02-03 11:45:00,50.651200000000244,50.651200000000244,-1,NO_ACTION_PROFITABLE
2025-02-03 11:50:00,50.68119999999999,50.68119999999999,-1,NO_ACTION_PROFITABLE
2025-02-03 11:55:00,50.47320000000036,50.47320000000036,-1,NO_ACTION_PROFITABLE
2025-02-03 12:00:00,51.19499999999971,51.19499999999971,-1,NO_ACTION_PROFITABLE
2025-02-03 12:05:00,50.88640000000032,50.88640000000032,-1,NO_ACTION_PROFITABLE
2025-02-03 12:10:00,50.38940000000002,50.38940000000002,-1,NO_ACTION_PROFITABLE
2025-02-03 12:15:00,50.401200000000244,50.401200000000244,-1,NO_ACTION_PROFITABLE
2025-02-03 12:20:00,50.2478000000001,50.2478000000001,-1,NO_ACTION_PROFITABLE
2025-02-03 12:25:00,50.0,50.0,-1,NO_ACTION_PROFITABLE
2025-02-03 12:30:00,49.59339999999975,49.59339999999975,-1,NO_ACTION_PROFITABLE
2025-02-03 12:35:00,49.81999999999971,49.81999999999971,-1,NO_ACTION_PROFITABLE
2025-02-03 12:40:00,49.57679999999982,49.57679999999982,-1,NO_ACTION_PROFITABLE
2025-02-03 12:45:00,49.55959999999959,49.55959999999959,-1,NO_ACTION_PROFITABLE
2025-02-03 12:50:00,49.55959999999959,49.55959999999959,-1,NO_ACTION_PROFITABLE
2025-02-03 12:55:00,49.047599999999875,49.047599999999875,-1,NO_ACTION_PROFITABLE
2025-02-03 13:00:00,49.55799999999999,49.55799999999999,-1,NO_ACTION_PROFITABLE
2025-02-03 13:05:00,49.51980000000003,49.51980000000003,-1,NO_ACTION_PROFITABLE
2025-02-03 13:10:00,49.36660000000029,49.36660000000029,-1,NO_ACTION_PROFITABLE
2025-02-03 13:15:00,49.88220000000001,49.88220000000001,-1,NO_ACTION_PROFITABLE
2025-02-03 13:20:00,49.42439999999988,49.42439999999988,-1,NO_ACTION_PROFITABLE
2025-02-03 13:25:00,49.57539999999972,49.57539999999972,-1,NO_ACTION_PROFITABLE
2025-02-03 13:30:00,50.003200000000106,50.003200000000106,-1,NO_ACTION_PROFITABLE
2025-02-03 13:35:00,49.939000000000306,49.939000000000306,-1,NO_ACTION_PROFITABLE
2025-02-03 13:40:00,49.81999999999971,49.81999999999971,-1,NO_ACTION_PROFITABLE
2025-02-03 13:45:00,49.81999999999971,49.81999999999971,-1,NO_ACTION_PROFITABLE
2025-02-03 13:50:00,49.82179999999971,49.82179999999971,-1,NO_ACTION_PROFITABLE
2025-02-03 13:55:00,50.28060000000005,50.28060000000005,-1,NO_ACTION_PROFITABLE
2025-02-03 14:00:00,50.17460000000028,50.17460000000028,-1,NO_ACTION_PROFITABLE
2025-02-03 14:05:00,50.284599999999955,50.284599999999955,-1,NO_ACTION_PROFITABLE
2025-02-03 14:10:00,50.284599999999955,50.284599999999955,-1,NO_ACTION_PROFITABLE
2025-02-03 14:15:00,50.284599999999955,50.284599999999955,-1,NO_ACTION_PROFITABLE
2025-02-03 14:20:00,50.51019999999971,50.51019999999971,-1,NO_ACTION_PROFITABLE
2025-02-03 14:25:00,50.56840000000011,50.56840000000011,-1,NO_ACTION_PROFITABLE
2025-02-03 14:30:00,50.39080000000013,50.39080000000013,-1,NO_ACTION_PROFITABLE
2025-02-03 14:35:00,50.39639999999963,50.39639999999963,-1,NO_ACTION_PROFITABLE
2025-02-03 14:40:00,50.39639999999963,50.39639999999963,-1,NO_ACTION_PROFITABLE
2025-02-03 14:45:00,50.65740000000005,50.65740000000005,-1,NO_ACTION_PROFITABLE
2025-02-03 14:50:00,50.600000000000364,50.600000000000364,-1,NO_ACTION_PROFITABLE
2025-02-03 14:55:00,50.396999999999935,50.396999999999935,-1,NO_ACTION_PROFITABLE
2025-02-03 15:00:00,50.76760000000013,50.76760000000013,-1,NO_ACTION_PROFITABLE
2025-02-03 15:05:00,50.80879999999979,50.80879999999979,-1,NO_ACTION_PROFITABLE
2025-02-03 15:10:00,50.9395999999997,50.9395999999997,-1,NO_ACTION_PROFITABLE
2025-02-03 15:15:00,51.15139999999974,51.15139999999974,-1,NO_ACTION_PROFITABLE
2025-02-03 15:20:00,51.30720000000019,51.30720000000019,-1,NO_ACTION_PROFITABLE
2025-02-03 15:25:00,51.59979999999996,51.59979999999996,-1,NO_ACTION_PROFITABLE
2025-02-03 15:30:00,51.4366,51.4366,-1,NO_ACTION_PROFITABLE
2025-02-03 15:35:00,51.60500000000047,51.60500000000047,-1,NO_ACTION_PROFITABLE
2025-02-03 15:40:00,51.77319999999963,51.77319999999963,-1,NO_ACTION_PROFITABLE
2025-02-03 15:45:00,51.91960000000017,51.91960000000017,-1,HOLD
2025-02-03 15:50:00,52.20499999999993,52.20499999999993,-1,NO_ACTION_PROFITABLE
2025-02-03 15:55:00,52.55799999999999,52.55799999999999,-1,HOLD
2025-02-03 16:00:00,52.18119999999999,52.18119999999999,-1,HOLD
2025-02-03 16:05:00,51.720400000000154,51.720400000000154,-1,NO_ACTION_PROFITABLE
2025-02-03 16:10:00,52.03819999999996,52.03819999999996,-1,HOLD
2025-02-03 16:15:00,51.84559999999965,51.84559999999965,-1,NO_ACTION_PROFITABLE
2025-02-03 16:20:00,51.79740000000038,51.79740000000038,-1,NO_ACTION_PROFITABLE
2025-02-03 16:25:00,51.669200000000274,51.669200000000274,-1,NO_ACTION_PROFITABLE
2025-02-03 16:30:00,50.895400000000336,50.895400000000336,-1,NO_ACTION_PROFITABLE
2025-02-03 16:35:00,50.99719999999979,50.99719999999979,-1,NO_ACTION_PROFITABLE
2025-02-03 16:40:00,51.21219999999994,51.21219999999994,-1,NO_ACTION_PROFITABLE
2025-02-03 16:45:00,51.1891999999998,51.1891999999998,-1,NO_ACTION_PROFITABLE
2025-02-03 16:50:00,51.1891999999998,51.1891999999998,-1,NO_ACTION_PROFITABLE
2025-02-03 16:55:00,51.392399999999725,51.392399999999725,-1,NO_ACTION_PROFITABLE
2025-02-03 17:00:00,51.8104000000003,51.8104000000003,-1,NO_ACTION_PROFITABLE
2025-02-03 17:05:00,52.07080000000042,52.07080000000042,-1,NO_ACTION_PROFITABLE
2025-02-03 17:10:00,52.0,52.0,-1,NO_ACTION_PROFITABLE
