timestamp,baseline_pnl,strategy_pnl,label,final_status
2025-10-20 15:15:00,-3.835800000000006,1.0187500000000114,1,EXIT_PROFIT_TARGET_MET
2025-10-20 15:20:00,-3.855799999999988,1.5037499999999753,1,EXIT_PROFIT_TARGET_MET
2025-10-20 15:25:00,-3.8512000000000057,1.3922000000000878,1,EXIT_PROFIT_TARGET_MET
2025-10-20 15:30:00,-3.8571999999999775,1.5377000000000898,1,EXIT_PROFIT_TARGET_MET
2025-10-20 15:35:00,-3.84820000000002,1.3194500000000389,1,EXIT_PROFIT_TARGET_MET
2025-10-20 15:40:00,-3.8512000000000057,1.3922000000000878,1,EXIT_PROFIT_TARGET_MET
2025-10-20 15:45:00,-3.852199999999982,1.4164499999999869,1,EXIT_PROFIT_TARGET_MET
2025-10-20 15:50:00,-3.8663999999999987,1.7608000000000246,1,EXIT_PROFIT_TARGET_MET
2025-10-20 15:55:00,-3.8588000000000306,1.5764999999999922,1,EXIT_PROFIT_TARGET_MET
2025-10-20 16:00:00,-3.8641999999999825,1.7074500000000548,1,EXIT_PROFIT_TARGET_MET
2025-10-20 16:05:00,-3.862799999999993,1.6734999999999403,1,EXIT_PROFIT_TARGET_MET
2025-10-20 16:10:00,-3.858600000000024,1.0336650000000311,1,EXIT_PROFIT_TARGET_MET
2025-10-20 16:15:00,-3.8670000000000186,2.6352362500000233,1,EXIT_PROFIT_TARGET_MET
2025-10-20 16:20:00,-3.8636000000000195,0.02082749999998157,1,EXIT_PROFIT_TARGET_MET
2025-10-20 16:25:00,-3.8675999999999817,1.7886512499998508,1,EXIT_PROFIT_TARGET_MET
2025-10-20 16:30:00,-3.880200000000002,0.8446250000000557,1,EXIT_PROFIT_TARGET_MET
2025-10-20 16:35:00,-3.8700000000000045,1.967913749999953,1,EXIT_PROFIT_TARGET_MET
2025-10-20 16:40:00,-3.8765999999999963,0.3438750000000965,1,EXIT_PROFIT_TARGET_MET
2025-10-20 16:45:00,-3.870400000000018,2.0917499999999745,1,EXIT_PROFIT_TARGET_MET
2025-10-20 16:50:00,-3.879000000000019,2.857514999999969,1,EXIT_PROFIT_TARGET_MET
2025-10-20 16:55:00,-3.878399999999999,0.3246724999999877,1,EXIT_PROFIT_TARGET_MET
2025-10-20 17:00:00,-3.8736000000000104,0.9501949999999759,1,EXIT_PROFIT_TARGET_MET
2025-10-20 17:05:00,-3.865799999999979,2.075837500000059,1,EXIT_PROFIT_TARGET_MET
2025-10-20 17:10:00,-3.8759999999999764,0.8587799999999426,1,EXIT_PROFIT_TARGET_MET
2025-10-20 17:15:00,-3.8810000000000286,0.2328181250000072,1,EXIT_PROFIT_TARGET_MET
2025-10-20 17:20:00,-3.877999999999986,0.008503515739441723,1,EXIT_PROFIT_TARGET_MET
2025-10-20 17:25:00,-3.8765999999999963,0.04508874999994816,1,EXIT_PROFIT_TARGET_MET
2025-10-20 17:30:00,-3.873199999999997,0.016138308105473342,1,EXIT_PROFIT_TARGET_MET
2025-10-20 17:35:00,-3.8654000000000224,0.014847539062497146,1,EXIT_PROFIT_TARGET_MET
2025-10-20 17:40:00,-3.869000000000028,0.07628397460937937,1,EXIT_PROFIT_TARGET_MET
2025-10-20 17:45:00,-3.858000000000004,0.056655058593746185,1,EXIT_PROFIT_TARGET_MET
2025-10-20 17:50:00,-3.8593999999999937,-3.6174975000000096,1,HOLD
2025-10-20 17:55:00,-3.8605999999999767,-3.604097499999991,1,HOLD
2025-10-20 18:00:00,-3.857399999999984,-3.308361249999745,1,HOLD
2025-10-20 18:05:00,-3.855000000000018,-3.2465612499998793,1,HOLD
2025-10-20 18:10:00,-3.857599999999991,-3.3831206250000214,1,HOLD
2025-10-20 18:15:00,-3.8543999999999983,0.43535484374999345,1,EXIT_PROFIT_TARGET_MET
2025-10-20 18:20:00,-3.849199999999996,0.4920540624999865,1,EXIT_PROFIT_TARGET_MET
2025-10-20 18:25:00,-3.86220000000003,0.34568375000002494,1,EXIT_PROFIT_TARGET_MET
2025-10-20 18:30:00,-3.8765999999999963,0.2826437500000196,1,EXIT_PROFIT_TARGET_MET
2025-10-20 18:35:00,-3.8700000000000045,0.2426312499999943,1,EXIT_PROFIT_TARGET_MET
2025-10-20 18:40:00,-3.8724000000000274,0.2571812499999897,1,EXIT_PROFIT_TARGET_MET
2025-10-20 18:45:00,-3.867400000000032,0.22686874999999596,1,EXIT_PROFIT_TARGET_MET
2025-10-20 18:50:00,-3.8600000000000136,0.18200624999998283,1,EXIT_PROFIT_TARGET_MET
2025-10-20 18:55:00,-3.859800000000007,0.18079375000001985,1,EXIT_PROFIT_TARGET_MET
2025-10-20 19:00:00,-3.86099999999999,0.18806875000001355,1,EXIT_PROFIT_TARGET_MET
2025-10-20 19:05:00,-3.863800000000026,0.20504374999998287,1,EXIT_PROFIT_TARGET_MET
2025-10-20 19:10:00,-3.869799999999998,0.24141874999997537,1,EXIT_PROFIT_TARGET_MET
2025-10-20 19:15:00,-3.856200000000001,0.15896874999999877,1,EXIT_PROFIT_TARGET_MET
2025-10-20 19:20:00,-3.8611999999999966,0.18928124999999252,1,EXIT_PROFIT_TARGET_MET
2025-10-20 19:25:00,-3.8596000000000004,0.1795812500000089,1,EXIT_PROFIT_TARGET_MET
2025-10-20 19:30:00,-3.8559999999999945,0.15775624999999582,1,EXIT_PROFIT_TARGET_MET
2025-10-20 19:35:00,-3.854600000000005,0.14926874999999118,1,EXIT_PROFIT_TARGET_MET
2025-10-20 19:40:00,-3.8589999999999804,0.17594375000000806,1,EXIT_PROFIT_TARGET_MET
2025-10-20 19:45:00,-3.8602000000000203,0.18321874999999377,1,EXIT_PROFIT_TARGET_MET
2025-10-20 19:50:00,-3.8607999999999834,0.1868562500000026,1,EXIT_PROFIT_TARGET_MET
2025-10-20 19:55:00,-3.863999999999976,0.2062562499999938,1,EXIT_PROFIT_TARGET_MET
2025-10-20 20:00:00,-3.8607999999999834,0.1868562500000026,1,EXIT_PROFIT_TARGET_MET
2025-10-20 20:05:00,-3.856400000000008,0.1601812500000177,1,EXIT_PROFIT_TARGET_MET
2025-10-20 20:10:00,-3.8605999999999767,0.18564375000001565,1,EXIT_PROFIT_TARGET_MET
2025-10-20 20:15:00,-3.8636000000000195,0.2038312499999959,1,EXIT_PROFIT_TARGET_MET
2025-10-20 20:20:00,-3.8652000000000157,0.2135312500000035,1,EXIT_PROFIT_TARGET_MET
2025-10-20 20:25:00,-3.867400000000032,0.22686874999999596,1,EXIT_PROFIT_TARGET_MET
2025-10-20 20:30:00,-3.8663999999999987,0.2208062499999972,1,EXIT_PROFIT_TARGET_MET
2025-10-20 20:35:00,-3.8596000000000004,0.1795812500000089,1,EXIT_PROFIT_TARGET_MET
2025-10-20 20:40:00,-3.852199999999982,0.13471875000001177,1,EXIT_PROFIT_TARGET_MET
2025-10-20 20:45:00,-3.8378000000000156,0.0474187499999994,1,EXIT_PROFIT_TARGET_MET
2025-10-20 20:50:00,-3.831799999999987,0.011043750000006902,1,EXIT_PROFIT_TARGET_MET
2025-10-20 20:55:00,-3.832400000000007,0.014681250000015744,1,EXIT_PROFIT_TARGET_MET
2025-10-20 21:00:00,-3.8274000000000115,0.6366746875000064,1,EXIT_PROFIT_TARGET_MET
2025-10-20 21:05:00,-3.827200000000005,0.6348309374999919,1,EXIT_PROFIT_TARGET_MET
2025-10-20 21:10:00,-3.8231999999999857,0.5979559375000081,1,EXIT_PROFIT_TARGET_MET
2025-10-20 21:15:00,-3.828399999999988,0.6458934375000314,1,EXIT_PROFIT_TARGET_MET
2025-10-20 21:20:00,-3.831200000000024,0.007406250000022041,1,EXIT_PROFIT_TARGET_MET
2025-10-20 21:25:00,-3.8371999999999957,0.04378125000001454,1,EXIT_PROFIT_TARGET_MET
2025-10-20 21:30:00,-3.832400000000007,0.014681250000015744,1,EXIT_PROFIT_TARGET_MET
2025-10-20 21:35:00,-3.8310000000000173,0.0061937500000111,1,EXIT_PROFIT_TARGET_MET
2025-10-20 21:40:00,-3.831799999999987,0.011043750000006902,1,EXIT_PROFIT_TARGET_MET
2025-10-20 21:45:00,-3.836599999999976,0.040143750000005696,1,EXIT_PROFIT_TARGET_MET
2025-10-20 21:50:00,-3.8430000000000177,0.07894375000000409,1,EXIT_PROFIT_TARGET_MET
2025-10-20 21:55:00,-3.843400000000031,0.08136875000000199,1,EXIT_PROFIT_TARGET_MET
2025-10-20 22:00:00,-3.8408000000000015,0.06560625000001163,1,EXIT_PROFIT_TARGET_MET
2025-10-20 22:05:00,-3.838200000000029,0.04984375000001329,1,EXIT_PROFIT_TARGET_MET
2025-10-20 22:10:00,-3.836999999999989,0.0425687500000036,1,EXIT_PROFIT_TARGET_MET
2025-10-20 22:15:00,-3.839400000000012,0.05711875000000699,1,EXIT_PROFIT_TARGET_MET
2025-10-20 22:20:00,-3.8432000000000244,0.08015624999998305,1,EXIT_PROFIT_TARGET_MET
2025-10-20 22:25:00,-3.8453999999999837,0.09349375000000748,1,EXIT_PROFIT_TARGET_MET
2025-10-20 22:30:00,-3.8442000000000007,0.0862187499999898,1,EXIT_PROFIT_TARGET_MET
2025-10-20 22:35:00,-3.841600000000028,0.07045624999999944,1,EXIT_PROFIT_TARGET_MET
2025-10-20 22:40:00,-3.838799999999992,0.05348125000000614,1,EXIT_PROFIT_TARGET_MET
2025-10-20 22:45:00,-3.841600000000028,0.07045624999999944,1,EXIT_PROFIT_TARGET_MET
2025-10-20 22:50:00,-3.8453999999999837,0.09349375000000748,1,EXIT_PROFIT_TARGET_MET
2025-10-20 22:55:00,-3.855200000000025,0.15290624999997604,1,EXIT_PROFIT_TARGET_MET
2025-10-20 23:00:00,-3.8523999999999887,0.13593125000000672,1,EXIT_PROFIT_TARGET_MET
2025-10-20 23:05:00,-3.8523999999999887,0.13593125000000672,1,EXIT_PROFIT_TARGET_MET
2025-10-20 23:10:00,-3.835800000000006,0.035293749999993906,1,EXIT_PROFIT_TARGET_MET
2025-10-20 23:15:00,-3.837600000000009,0.04620624999998846,1,EXIT_PROFIT_TARGET_MET
2025-10-20 23:20:00,-3.8337999999999965,0.023168750000012395,1,EXIT_PROFIT_TARGET_MET
2025-10-20 23:25:00,-3.842399999999998,0.07530625000001923,1,EXIT_PROFIT_TARGET_MET
2025-10-20 23:30:00,-3.8460000000000036,0.09713124999998435,1,EXIT_PROFIT_TARGET_MET
2025-10-20 23:35:00,-3.8543999999999983,0.14805624999998823,1,EXIT_PROFIT_TARGET_MET
2025-10-20 23:40:00,-3.8523999999999887,0.13593125000000672,1,EXIT_PROFIT_TARGET_MET
2025-10-20 23:45:00,-3.855200000000025,0.15290624999997604,1,EXIT_PROFIT_TARGET_MET
2025-10-20 23:50:00,-3.8530000000000086,0.1395687499999836,1,EXIT_PROFIT_TARGET_MET
2025-10-20 23:55:00,-3.848799999999983,0.11410624999998564,1,EXIT_PROFIT_TARGET_MET
2025-10-21 00:00:00,-3.8444000000000074,0.08743125000000074,1,EXIT_PROFIT_TARGET_MET
2025-10-21 00:05:00,-3.8426000000000045,0.07651875000000619,1,EXIT_PROFIT_TARGET_MET
2025-10-21 00:10:00,-3.838200000000029,0.04984375000001329,1,EXIT_PROFIT_TARGET_MET
2025-10-21 00:15:00,-3.8174000000000206,0.544487187499997,1,EXIT_PROFIT_TARGET_MET
2025-10-21 00:20:00,-3.8233999999999924,0.5953953125000235,1,EXIT_PROFIT_TARGET_MET
2025-10-21 00:25:00,-3.841000000000008,0.7276881249999718,1,EXIT_PROFIT_TARGET_MET
2025-10-21 00:30:00,-3.8267999999999915,1.1534324999999974,1,EXIT_PROFIT_TARGET_MET
2025-10-21 00:35:00,-3.8301999999999907,0.8295500000000828,1,EXIT_PROFIT_TARGET_MET
2025-10-21 00:40:00,-3.8278000000000247,1.5321274999999623,1,EXIT_PROFIT_TARGET_MET
2025-10-21 00:45:00,-3.826999999999998,1.7180574999998974,1,EXIT_PROFIT_TARGET_MET
2025-10-21 00:50:00,-3.8296000000000276,1.1965762499999908,1,EXIT_PROFIT_TARGET_MET
2025-10-21 00:55:00,-3.828399999999988,0.6075287499999398,1,EXIT_PROFIT_TARGET_MET
2025-10-21 01:00:00,-3.8297999999999774,0.48643624999995083,1,EXIT_PROFIT_TARGET_MET
2025-10-21 01:05:00,-3.8426000000000045,1.3284362499998714,1,EXIT_PROFIT_TARGET_MET
2025-10-21 01:10:00,-3.8204000000000065,0.5417387499999684,1,EXIT_PROFIT_TARGET_MET
2025-10-21 01:15:00,-3.8233999999999924,0.8275887499999826,1,EXIT_PROFIT_TARGET_MET
2025-10-21 01:20:00,-3.8285999999999945,2.082596249999936,1,EXIT_PROFIT_TARGET_MET
2025-10-21 01:25:00,-3.8319999999999936,4.269487500000038,1,EXIT_PROFIT_TARGET_MET
2025-10-21 01:30:00,-3.8322000000000003,1.5433550000000729,1,EXIT_PROFIT_TARGET_MET
2025-10-21 01:35:00,-3.835800000000006,1.3223799999998782,1,EXIT_PROFIT_TARGET_MET
2025-10-21 01:40:00,-3.8344000000000165,1.624591249999959,1,EXIT_PROFIT_TARGET_MET
2025-10-21 01:45:00,-3.8367999999999824,1.5868287500000964,1,EXIT_PROFIT_TARGET_MET
2025-10-21 01:50:00,-3.8319999999999936,0.7757949999999685,1,EXIT_PROFIT_TARGET_MET
2025-10-21 01:55:00,-3.810600000000022,0.8833012500000108,1,EXIT_PROFIT_TARGET_MET
2025-10-21 02:00:00,-3.780399999999986,0.03009101562500638,1,EXIT_PROFIT_TARGET_MET
2025-10-21 02:05:00,-3.789800000000014,0.5429437500000422,1,EXIT_PROFIT_TARGET_MET
2025-10-21 02:10:00,-3.7835999999999785,0.40988937500001965,1,EXIT_PROFIT_TARGET_MET
2025-10-21 02:15:00,-3.783799999999985,0.3349893749999566,1,EXIT_PROFIT_TARGET_MET
2025-10-21 02:20:00,-3.785000000000025,0.3685425000000633,1,EXIT_PROFIT_TARGET_MET
2025-10-21 02:25:00,-3.7742000000000075,5.796031406249968,1,EXIT_PROFIT_TARGET_MET
2025-10-21 02:30:00,-3.761799999999994,5.265800781250006,1,EXIT_PROFIT_TARGET_MET
2025-10-21 02:35:00,-3.747000000000014,3.8734687499999447,1,EXIT_PROFIT_TARGET_MET
2025-10-21 02:40:00,-3.746399999999994,3.9088562500000776,1,EXIT_PROFIT_TARGET_MET
2025-10-21 02:45:00,-3.7495999999999867,2.275777500000018,1,EXIT_PROFIT_TARGET_MET
2025-10-21 02:50:00,-3.747000000000014,1.0367700000000255,1,EXIT_PROFIT_TARGET_MET
2025-10-21 02:55:00,-3.7515999999999963,1.8746275000000239,1,EXIT_PROFIT_TARGET_MET
2025-10-21 03:00:00,-3.7635999999999967,2.3690987500000773,1,EXIT_PROFIT_TARGET_MET
2025-10-21 03:05:00,-3.7543999999999755,0.03531999999992763,1,EXIT_PROFIT_TARGET_MET
2025-10-21 03:10:00,-3.744000000000028,1.5970662499999566,1,EXIT_PROFIT_TARGET_MET
2025-10-21 03:15:00,-3.747799999999984,0.6082862499999457,1,EXIT_PROFIT_TARGET_MET
2025-10-21 03:20:00,-3.744199999999978,0.47553624999998334,1,EXIT_PROFIT_TARGET_MET
2025-10-21 03:25:00,-3.740000000000009,0.12156375000000352,1,EXIT_PROFIT_TARGET_MET
2025-10-21 03:30:00,-3.731200000000001,0.839960624999943,1,EXIT_PROFIT_TARGET_MET
2025-10-21 03:35:00,-3.718400000000031,0.2871606249999106,1,EXIT_PROFIT_TARGET_MET
2025-10-21 03:40:00,-3.723799999999983,0.5203731250000585,1,EXIT_PROFIT_TARGET_MET
2025-10-21 03:45:00,-3.7583999999999946,0.8000637499999161,1,EXIT_PROFIT_TARGET_MET
2025-10-21 03:50:00,-3.7531999999999925,0.6083137500000149,1,EXIT_PROFIT_TARGET_MET
2025-10-21 03:55:00,-3.753399999999999,0.6156887500000572,1,EXIT_PROFIT_TARGET_MET
2025-10-21 04:00:00,-3.754799999999989,0.6673137500000497,1,EXIT_PROFIT_TARGET_MET
2025-10-21 04:05:00,-3.762999999999977,1.144773750000068,1,EXIT_PROFIT_TARGET_MET
2025-10-21 04:10:00,-3.7577999999999747,1.37768687500001,1,EXIT_PROFIT_TARGET_MET
2025-10-21 04:15:00,-3.748800000000017,0.16207874999991922,1,EXIT_PROFIT_TARGET_MET
2025-10-21 04:20:00,-3.75,1.4897412500000389,1,EXIT_PROFIT_TARGET_MET
2025-10-21 04:25:00,-3.753399999999999,1.0691099999999416,1,EXIT_PROFIT_TARGET_MET
2025-10-21 04:30:00,-3.7513999999999896,0.3757712500000352,1,EXIT_PROFIT_TARGET_MET
2025-10-21 04:35:00,-3.753399999999999,0.0408812500000435,1,EXIT_PROFIT_TARGET_MET
2025-10-21 04:40:00,-3.758800000000008,1.1068253125000478,1,EXIT_PROFIT_TARGET_MET
2025-10-21 04:45:00,-3.765199999999993,0.08438437499994755,1,EXIT_PROFIT_TARGET_MET
2025-10-21 04:50:00,-3.760400000000004,1.2516924999999817,1,EXIT_PROFIT_TARGET_MET
2025-10-21 04:55:00,-3.7647999999999797,1.3359156250000286,1,EXIT_PROFIT_TARGET_MET
2025-10-21 05:00:00,-3.769200000000012,0.600314999999938,1,EXIT_PROFIT_TARGET_MET
2025-10-21 05:05:00,-3.760600000000011,0.45221124999996043,1,EXIT_PROFIT_TARGET_MET
2025-10-21 05:10:00,-3.759999999999991,0.9367562499999673,1,EXIT_PROFIT_TARGET_MET
2025-10-21 05:15:00,-3.757600000000025,0.6808999999999124,1,EXIT_PROFIT_TARGET_MET
2025-10-21 05:20:00,-3.756399999999985,1.5778006250000365,1,EXIT_PROFIT_TARGET_MET
2025-10-21 05:25:00,-3.765800000000013,1.1844100000000495,1,EXIT_PROFIT_TARGET_MET
2025-10-21 05:30:00,-3.7656000000000063,0.17401383929252168,1,EXIT_PROFIT_TARGET_MET
2025-10-21 05:35:00,-3.7735999999999876,0.2733723771953464,1,EXIT_PROFIT_TARGET_MET
2025-10-21 05:40:00,-3.778599999999983,0.3453827153873601,1,EXIT_PROFIT_TARGET_MET
2025-10-21 05:45:00,-3.782199999999989,0.8647201495647028,1,EXIT_PROFIT_TARGET_MET
2025-10-21 05:50:00,-3.7776000000000067,0.44072290166854833,1,EXIT_PROFIT_TARGET_MET
2025-10-21 05:55:00,-3.7766000000000304,0.5488204129409696,1,EXIT_PROFIT_TARGET_MET
2025-10-21 06:00:00,-3.7724000000000046,-22.57609990234357,-1,HOLD
2025-10-21 06:05:00,-3.7812000000000126,-14.325421328125461,-1,HOLD
2025-10-21 06:10:00,-3.785199999999975,-16.44841695312556,-1,HOLD
2025-10-21 06:15:00,-3.7848000000000184,-17.093077890625572,-1,HOLD
2025-10-21 06:20:00,-3.7882000000000176,-12.43556249999995,-1,NO_VALID_ACTION_DEFENSIVE_AVG
2025-10-21 06:25:00,-3.785599999999988,-21.683952109375085,-1,HOLD
2025-10-21 06:30:00,-3.789800000000014,-12.552700000000222,-1,HOLD
2025-10-21 06:35:00,-3.79140000000001,-12.619212500000145,-1,HOLD
2025-10-21 06:40:00,-3.796800000000019,-12.074825000000132,-1,HOLD
2025-10-21 06:45:00,-3.8000000000000114,-12.182537499999821,-1,HOLD
2025-10-21 06:50:00,-3.802599999999984,-8.667475625000055,-1,HOLD
2025-10-21 06:55:00,-3.810600000000022,-17.113212656250226,-1,HOLD
2025-10-21 07:00:00,-3.810600000000022,-16.4297751562502,-1,HOLD
2025-10-21 07:05:00,-3.822999999999979,-7.04383937499993,-1,HOLD
2025-10-21 07:10:00,-3.8075999999999794,-18.390465156250205,-1,HOLD
2025-10-21 07:15:00,-3.799199999999985,-12.60490625000022,-1,HOLD
2025-10-21 07:20:00,-3.7936000000000263,-12.308831249999951,-1,HOLD
2025-10-21 07:25:00,-3.7970000000000255,-12.345756250000065,-1,HOLD
2025-10-21 07:30:00,-3.797799999999995,-12.075262499999887,-1,HOLD
2025-10-21 07:35:00,-3.7959999999999923,-12.421256250000024,-1,HOLD
2025-10-21 07:40:00,-3.7912000000000035,-11.867343750000071,-1,HOLD
2025-10-21 07:45:00,-3.7846000000000117,-19.522459921875345,-1,HOLD
2025-10-21 07:50:00,-3.7841999999999985,-19.91083179687543,-1,HOLD
2025-10-21 07:55:00,-3.779800000000023,-15.530784687500368,-1,HOLD
2025-10-21 08:00:00,-3.781600000000026,-25.226357226562413,-1,HOLD
2025-10-21 08:05:00,-3.7936000000000263,-11.979768749999923,-1,HOLD
2025-10-21 08:10:00,-3.802000000000021,-9.158275625000176,-1,HOLD
2025-10-21 08:15:00,-3.804399999999987,-12.629253125000044,-1,HOLD
2025-10-21 08:20:00,-3.799199999999985,-13.22506250000023,-1,HOLD
2025-10-21 08:25:00,-3.800200000000018,-12.719250000000123,-1,HOLD
2025-10-21 08:30:00,-3.805999999999983,-12.13889062500008,-1,HOLD
2025-10-21 08:35:00,-3.811800000000005,-17.618722031250158,-1,HOLD
2025-10-21 08:40:00,-3.815400000000011,-18.584703281250135,-1,HOLD
2025-10-21 08:45:00,-3.8100000000000023,-12.161366562499929,-1,HOLD
2025-10-21 08:50:00,-3.8122000000000185,-18.787068906250198,-1,HOLD
2025-10-21 08:55:00,-3.8149999999999977,-18.669325156250146,-1,HOLD
2025-10-21 09:00:00,-3.817200000000014,-19.501567031249976,-1,HOLD
2025-10-21 09:05:00,-3.8068000000000097,-12.39995937500014,-1,HOLD
2025-10-21 09:10:00,-3.797399999999982,-12.343399999999857,-1,HOLD
2025-10-21 09:15:00,-3.7971999999999753,-12.667312500000026,-1,HOLD
2025-10-21 09:20:00,-3.8029999999999973,-9.715588124999968,-1,HOLD
2025-10-21 09:25:00,-3.8034000000000106,-12.831315624999991,-1,HOLD
2025-10-21 09:30:00,-3.809599999999989,-11.682785312499892,-1,HOLD
2025-10-21 09:35:00,-3.8034000000000106,-12.489596874999979,-1,HOLD
2025-10-21 09:40:00,-3.8048,-12.892678124999808,-1,HOLD
2025-10-21 09:45:00,-3.7993999999999915,-13.711150000000078,-1,HOLD
2025-10-21 09:50:00,-3.7916000000000167,-13.535612500000102,-1,HOLD
2025-10-21 09:55:00,-3.7948000000000093,-13.225668749999922,-1,HOLD
2025-10-21 10:00:00,-3.7830000000000155,-23.553408359375602,-1,HOLD
2025-10-21 10:05:00,-3.7787999999999897,-20.488433124999986,-1,NO_VALID_ACTION_DEFENSIVE_AVG
2025-10-21 10:10:00,-3.7760000000000105,-20.160044062499857,-1,NO_VALID_ACTION_DEFENSIVE_AVG
2025-10-21 10:15:00,-3.790999999999997,-11.583756249999965,-1,NO_VALID_ACTION_DEFENSIVE_AVG
2025-10-21 10:20:00,-3.7894000000000005,-10.79583749999994,-1,NO_VALID_ACTION_DEFENSIVE_AVG
2025-10-21 10:25:00,-3.7887999999999806,-11.349918750000187,-1,NO_VALID_ACTION_DEFENSIVE_AVG
2025-10-21 10:30:00,-3.7830000000000155,-19.936884921875578,-1,NO_VALID_ACTION_DEFENSIVE_AVG
2025-10-21 10:35:00,-3.792599999999993,-11.333862500000032,-1,NO_VALID_ACTION_DEFENSIVE_AVG
2025-10-21 10:40:00,-3.8016000000000076,-7.312819374999872,-1,NO_VALID_ACTION_DEFENSIVE_AVG
2025-10-21 10:45:00,-3.795000000000016,-11.3703500000001,-1,NO_VALID_ACTION_DEFENSIVE_AVG
2025-10-21 10:50:00,-3.7875999999999976,-18.603030234375137,-1,NO_VALID_ACTION_DEFENSIVE_AVG
2025-10-21 10:55:00,-3.781000000000006,-19.349231484375206,-1,NO_VALID_ACTION_DEFENSIVE_AVG
2025-10-21 11:00:00,-3.761799999999994,-12.00484226562477,-1,NO_VALID_ACTION_DEFENSIVE_AVG
2025-10-21 11:05:00,-3.7656000000000063,-13.298707890625483,-1,NO_VALID_ACTION_DEFENSIVE_AVG
2025-10-21 11:10:00,-3.7590000000000146,-7.303113437499963,-1,NO_VALID_ACTION_DEFENSIVE_AVG
2025-10-21 11:15:00,-3.762200000000007,-11.787329765625262,-1,NO_VALID_ACTION_DEFENSIVE_AVG
2025-10-21 11:20:00,-3.7649999999999864,-8.271382890625487,-1,NO_VALID_ACTION_DEFENSIVE_AVG
2025-10-21 11:25:00,-3.766999999999996,-11.497073437499779,-1,NO_VALID_ACTION_DEFENSIVE_AVG
2025-10-21 11:30:00,-3.755800000000022,-5.154123046874917,-1,NO_VALID_ACTION_DEFENSIVE_AVG
2025-10-21 11:35:00,-3.7526000000000295,0.0005328430175780673,1,EXIT_PROFIT_TARGET_MET
2025-10-21 11:40:00,-3.752400000000023,0.00047708618164076996,1,EXIT_PROFIT_TARGET_MET
2025-10-21 11:45:00,-3.747000000000014,0.0003055667114258021,1,EXIT_PROFIT_TARGET_MET
2025-10-21 11:50:00,-3.7461999999999875,0.008196916503905461,1,EXIT_PROFIT_TARGET_MET
2025-10-21 11:55:00,-3.7361999999999966,0.008297060546874138,1,EXIT_PROFIT_TARGET_MET
2025-10-21 12:00:00,-3.7194000000000074,0.003207878417967897,1,EXIT_PROFIT_TARGET_MET
2025-10-21 12:05:00,-3.714800000000025,0.00039567260742186423,1,EXIT_PROFIT_TARGET_MET
2025-10-21 12:10:00,-3.7252000000000294,0.04817051757812531,1,EXIT_PROFIT_TARGET_MET
2025-10-21 12:15:00,-3.7250000000000227,0.047900595703122634,1,EXIT_PROFIT_TARGET_MET
2025-10-21 12:20:00,-3.7216000000000236,0.1353193066406263,1,EXIT_PROFIT_TARGET_MET
2025-10-21 12:25:00,-3.7264000000000124,0.36833036132812275,1,EXIT_PROFIT_TARGET_MET
2025-10-21 12:30:00,-3.730200000000025,0.7677953710937415,1,EXIT_PROFIT_TARGET_MET
2025-10-21 12:35:00,-3.7320000000000277,0.043978749999962874,1,EXIT_PROFIT_TARGET_MET
2025-10-21 12:40:00,-3.725599999999986,2.5295693847656233,1,EXIT_PROFIT_TARGET_MET
2025-10-21 12:45:00,-3.7234000000000265,4.200658437499887,1,EXIT_PROFIT_TARGET_MET
2025-10-21 12:50:00,-3.729600000000005,3.8681405468750154,1,EXIT_PROFIT_TARGET_MET
2025-10-21 12:55:00,-3.7223999999999933,3.4581210937500315,1,EXIT_PROFIT_TARGET_MET
2025-10-21 13:00:00,-3.730000000000018,3.369469062499962,1,EXIT_PROFIT_TARGET_MET
2025-10-21 13:05:00,-3.7228000000000065,2.8116324999999494,1,EXIT_PROFIT_TARGET_MET
2025-10-21 13:10:00,-3.7252000000000294,1.43142249999992,1,EXIT_PROFIT_TARGET_MET
2025-10-21 13:15:00,-3.7234000000000265,0.8874250000000323,1,EXIT_PROFIT_TARGET_MET
2025-10-21 13:20:00,-3.730200000000025,0.11256302734375218,1,EXIT_PROFIT_TARGET_MET
2025-10-21 13:25:00,-3.727800000000002,0.04446804687500483,1,EXIT_PROFIT_TARGET_MET
2025-10-21 13:30:00,-3.7320000000000277,0.646576953125008,1,EXIT_PROFIT_TARGET_MET
2025-10-21 13:35:00,-3.731400000000008,0.40069593750001475,1,EXIT_PROFIT_TARGET_MET
2025-10-21 13:40:00,-3.7264000000000124,1.958486874999986,1,EXIT_PROFIT_TARGET_MET
2025-10-21 13:45:00,-3.7228000000000065,1.7034150000001382,1,EXIT_PROFIT_TARGET_MET
2025-10-21 13:50:00,-3.715599999999995,2.0999755004881693,1,EXIT_PROFIT_TARGET_MET
2025-10-21 13:55:00,-3.7124000000000024,1.3341162500000845,1,EXIT_PROFIT_TARGET_MET
2025-10-21 14:00:00,-3.689200000000028,1.5840115429687551,1,EXIT_PROFIT_TARGET_MET
2025-10-21 14:05:00,-3.680000000000007,0.14528750000003754,1,EXIT_PROFIT_TARGET_MET
2025-10-21 14:10:00,-3.6854000000000156,4.586420000000031,1,EXIT_PROFIT_TARGET_MET
2025-10-21 14:15:00,-3.680999999999983,2.9396324999999806,1,EXIT_PROFIT_TARGET_MET
2025-10-21 14:20:00,-3.6838000000000193,1.1346949999998976,1,EXIT_PROFIT_TARGET_MET
2025-10-21 14:25:00,-3.6890000000000214,5.954347499999972,1,EXIT_PROFIT_TARGET_MET
2025-10-21 14:30:00,-3.678600000000017,5.751299999999972,1,EXIT_PROFIT_TARGET_MET
2025-10-21 14:35:00,-3.6759999999999877,4.298085000000082,1,EXIT_PROFIT_TARGET_MET
2025-10-21 14:40:00,-3.6736000000000217,6.048867499999936,1,EXIT_PROFIT_TARGET_MET
2025-10-21 14:45:00,-3.6777999999999906,1.4673300000000005,1,EXIT_PROFIT_TARGET_MET
2025-10-21 14:50:00,-3.6743999999999915,5.020564999999923,1,EXIT_PROFIT_TARGET_MET
2025-10-21 14:55:00,-3.6756000000000313,2.8363649999999545,1,EXIT_PROFIT_TARGET_MET
2025-10-21 15:00:00,-3.6684000000000196,2.126615000000033,1,EXIT_PROFIT_TARGET_MET
2025-10-21 15:05:00,-3.668799999999976,3.1904050000000197,1,EXIT_PROFIT_TARGET_MET
2025-10-21 15:10:00,-3.678600000000017,6.79525249999994,1,EXIT_PROFIT_TARGET_MET
2025-10-21 15:15:00,-3.6836000000000126,5.584624999999885,1,EXIT_PROFIT_TARGET_MET
2025-10-21 15:20:00,-3.6806000000000267,1.1031449999999587,1,EXIT_PROFIT_TARGET_MET
2025-10-21 15:25:00,-3.685200000000009,4.096630000000111,1,EXIT_PROFIT_TARGET_MET
2025-10-21 15:30:00,-3.68119999999999,4.511862499999989,1,EXIT_PROFIT_TARGET_MET
2025-10-21 15:35:00,-3.6738000000000284,3.019469999999977,1,EXIT_PROFIT_TARGET_MET
2025-10-21 15:40:00,-3.6756000000000313,3.546562500000004,1,EXIT_PROFIT_TARGET_MET
2025-10-21 15:45:00,-3.680999999999983,5.253277500000092,1,EXIT_PROFIT_TARGET_MET
2025-10-21 15:50:00,-3.677000000000021,3.2606849999999525,1,EXIT_PROFIT_TARGET_MET
2025-10-21 15:55:00,-3.6773999999999774,3.103344999999969,1,EXIT_PROFIT_TARGET_MET
2025-10-21 16:00:00,-3.670599999999979,2.9201399999999538,1,EXIT_PROFIT_TARGET_MET
2025-10-21 16:05:00,-3.66719999999998,1.8924000000000873,1,EXIT_PROFIT_TARGET_MET
2025-10-21 16:10:00,-3.673400000000015,1.0975000000000676,1,EXIT_PROFIT_TARGET_MET
2025-10-21 16:15:00,-3.6877999999999815,1.3948599999999693,1,EXIT_PROFIT_TARGET_MET
2025-10-21 16:20:00,-3.6908000000000243,0.3409488397216693,1,EXIT_PROFIT_TARGET_MET
2025-10-21 16:25:00,-3.697400000000016,0.7039251391601616,1,EXIT_PROFIT_TARGET_MET
2025-10-21 16:30:00,-3.691000000000031,1.0776275054931375,1,EXIT_PROFIT_TARGET_MET
2025-10-21 16:35:00,-3.6936000000000035,0.06271807617194558,1,EXIT_PROFIT_TARGET_MET
2025-10-21 16:40:00,-3.6854000000000156,1.7545347525142387,1,EXIT_PROFIT_TARGET_MET
2025-10-21 16:45:00,-3.6911999999999807,-16.800964335936868,-1,HOLD
2025-10-21 16:50:00,-3.688199999999995,-11.861341406250052,-1,HOLD
2025-10-21 16:55:00,-3.689200000000028,13.418564833985009,1,EXIT_PROFIT_TARGET_MET
2025-10-21 17:00:00,-3.684000000000026,2.9631573046874937,1,EXIT_PROFIT_TARGET_MET
2025-10-21 17:05:00,-3.6779999999999973,1.5443550781247817,1,EXIT_PROFIT_TARGET_MET
2025-10-21 17:10:00,-3.675200000000018,0.9580082031249937,1,EXIT_PROFIT_TARGET_MET
2025-10-21 17:15:00,-3.689399999999978,13.423414833984623,1,EXIT_PROFIT_TARGET_MET
2025-10-21 17:20:00,-3.6911999999999807,13.467064833985518,1,EXIT_PROFIT_TARGET_MET
2025-10-21 17:25:00,-3.6960000000000264,13.583464833983626,1,EXIT_PROFIT_TARGET_MET
2025-10-21 17:30:00,-3.6978000000000293,13.627114833984521,1,EXIT_PROFIT_TARGET_MET
2025-10-21 17:35:00,-3.696199999999976,13.588314833984882,1,EXIT_PROFIT_TARGET_MET
2025-10-21 17:40:00,-3.6947999999999865,13.554364833984295,1,EXIT_PROFIT_TARGET_MET
2025-10-21 17:45:00,-3.7024000000000115,13.08111358398535,1,EXIT_PROFIT_TARGET_MET
2025-10-21 17:50:00,-3.699799999999982,0.4737177734362308,1,EXIT_PROFIT_TARGET_MET
2025-10-21 17:55:00,-3.699799999999982,0.4737177734362308,1,EXIT_PROFIT_TARGET_MET
2025-10-21 18:00:00,-3.689799999999991,13.433114833984675,1,EXIT_PROFIT_TARGET_MET
2025-10-21 18:05:00,-3.6838000000000193,2.9583073046875157,1,EXIT_PROFIT_TARGET_MET
2025-10-21 18:10:00,-3.6825999999999794,2.929207304687285,1,EXIT_PROFIT_TARGET_MET
2025-10-21 18:15:00,-3.6865999999999985,3.524618281249662,1,EXIT_PROFIT_TARGET_MET
2025-10-21 18:20:00,-3.688199999999995,13.394314833985305,1,EXIT_PROFIT_TARGET_MET
2025-10-21 18:25:00,-3.688600000000008,13.40401483398454,1,EXIT_PROFIT_TARGET_MET
2025-10-21 18:30:00,-3.6795999999999935,1.5831550781252517,1,EXIT_PROFIT_TARGET_MET
2025-10-21 18:35:00,-3.6825999999999794,2.929207304687285,1,EXIT_PROFIT_TARGET_MET
2025-10-21 18:40:00,-3.6802000000000135,2.8710073046874305,1,EXIT_PROFIT_TARGET_MET
2025-10-21 18:45:00,-3.682200000000023,2.9195073046872073,1,EXIT_PROFIT_TARGET_MET
2025-10-21 18:50:00,-3.6861999999999853,3.5149182812503135,1,EXIT_PROFIT_TARGET_MET
2025-10-21 18:55:00,-3.685200000000009,6.4603392187499935,1,EXIT_PROFIT_TARGET_MET
2025-10-21 19:00:00,-3.6779999999999973,1.5443550781247817,1,EXIT_PROFIT_TARGET_MET
2025-10-21 19:05:00,-3.682799999999986,2.934057304687749,1,EXIT_PROFIT_TARGET_MET
2025-10-21 19:10:00,-3.687599999999975,13.379764833984552,1,EXIT_PROFIT_TARGET_MET
2025-10-21 19:15:00,-3.680999999999983,2.8904073046878267,1,EXIT_PROFIT_TARGET_MET
2025-10-21 19:20:00,-3.6899999999999977,13.437964833984289,1,EXIT_PROFIT_TARGET_MET
2025-10-21 19:25:00,-3.685600000000022,3.500368281250015,1,EXIT_PROFIT_TARGET_MET
2025-10-21 19:30:00,-3.684000000000026,2.9631573046874937,1,EXIT_PROFIT_TARGET_MET
2025-10-21 19:35:00,-3.682799999999986,2.934057304687749,1,EXIT_PROFIT_TARGET_MET
2025-10-21 19:40:00,-3.684599999999989,2.977707304687428,1,EXIT_PROFIT_TARGET_MET
2025-10-21 19:45:00,-3.6854000000000156,6.465189218749792,1,EXIT_PROFIT_TARGET_MET
2025-10-21 19:50:00,-3.6859999999999786,3.510068281250213,1,EXIT_PROFIT_TARGET_MET
2025-10-21 19:55:00,-3.687599999999975,13.379764833984552,1,EXIT_PROFIT_TARGET_MET
2025-10-21 20:00:00,-3.6888000000000147,13.408864833984971,1,EXIT_PROFIT_TARGET_MET
2025-10-21 20:05:00,-3.691599999999994,13.476764833984745,1,EXIT_PROFIT_TARGET_MET
2025-10-21 20:10:00,-3.7012000000000285,0.5076677734368039,1,EXIT_PROFIT_TARGET_MET
2025-10-21 20:15:00,-3.6952,13.56406483398353,1,EXIT_PROFIT_TARGET_MET
2025-10-21 20:20:00,-3.6931999999999903,13.51556483398302,1,EXIT_PROFIT_TARGET_MET
2025-10-21 20:25:00,-3.6990000000000123,0.4543177734374122,1,EXIT_PROFIT_TARGET_MET
2025-10-21 20:30:00,-3.7139999999999986,1.6817256249996806,1,EXIT_PROFIT_TARGET_MET
2025-10-21 20:35:00,-3.7164000000000215,1.739925624999655,1,EXIT_PROFIT_TARGET_MET
2025-10-21 20:40:00,-3.7105999999999995,1.5992756249998141,1,EXIT_PROFIT_TARGET_MET
2025-10-21 20:45:00,-3.7275999999999954,-19.66475792968791,-1,NO_VALID_ACTION_DEFENSIVE_AVG
2025-10-21 20:50:00,-3.731800000000021,-15.134896484375346,-1,NO_VALID_ACTION_DEFENSIVE_AVG
2025-10-21 20:55:00,-3.718400000000031,0.294718125000049,1,EXIT_PROFIT_TARGET_MET
2025-10-21 21:00:00,-3.712600000000009,1.647775624999957,1,EXIT_PROFIT_TARGET_MET
2025-10-21 21:05:00,-3.701999999999998,0.2880766406252153,1,EXIT_PROFIT_TARGET_MET
2025-10-21 21:10:00,-3.7083999999999833,1.5459256250000575,1,EXIT_PROFIT_TARGET_MET
2025-10-21 21:15:00,-3.717199999999991,1.7593256249992013,1,EXIT_PROFIT_TARGET_MET
2025-10-21 21:20:00,-3.7139999999999986,1.6817256249996806,1,EXIT_PROFIT_TARGET_MET
2025-10-21 21:25:00,-3.711999999999989,1.6332256250001436,1,EXIT_PROFIT_TARGET_MET
2025-10-21 21:30:00,-3.7180000000000177,0.2850181249995263,1,EXIT_PROFIT_TARGET_MET
2025-10-21 21:35:00,-3.7187999999999874,0.3044181249996001,1,EXIT_PROFIT_TARGET_MET
2025-10-21 21:40:00,-3.7205999999999904,0.3480681249998039,1,EXIT_PROFIT_TARGET_MET
2025-10-21 21:45:00,-3.7264000000000124,-17.408613789062485,-1,HOLD
2025-10-21 21:50:00,-3.7287999999999784,-18.531684335938095,-1,HOLD
2025-10-21 21:55:00,-3.725599999999986,-39.36513240234365,-1,HOLD
2025-10-21 22:00:00,-3.72320000000002,-38.92472203124953,-1,HOLD
2025-10-21 22:05:00,-3.72199999999998,-35.73419068359456,-1,HOLD
2025-10-21 22:10:00,-3.7246000000000095,-36.45807624999995,-1,HOLD
2025-10-21 22:15:00,-3.7357999999999834,-8.299251249999998,-1,HOLD
2025-10-21 22:20:00,-3.7502000000000066,-8.95238843749998,-1,HOLD
2025-10-21 22:25:00,-3.737000000000023,-16.060161757811656,-1,HOLD
2025-10-21 22:30:00,-3.731800000000021,-13.49749414062535,-1,HOLD
2025-10-21 22:35:00,-3.744199999999978,2.4200004687498877,1,EXIT_PROFIT_TARGET_MET
2025-10-21 22:40:00,-3.752200000000016,2.9578889062499787,1,EXIT_PROFIT_TARGET_MET
2025-10-21 22:45:00,-3.737799999999993,-8.274089375000088,-1,HOLD
2025-10-21 22:50:00,-3.740000000000009,0.22474499999999153,1,EXIT_PROFIT_TARGET_MET
2025-10-21 22:55:00,-3.730000000000018,-32.04015326171876,-1,HOLD
2025-10-21 23:00:00,-3.7350000000000136,-11.007629062499916,-1,HOLD
2025-10-21 23:05:00,-3.7212000000000103,0.362618124999738,1,EXIT_PROFIT_TARGET_MET
2025-10-21 23:10:00,-3.7246000000000095,-33.71898689453121,-1,HOLD
2025-10-21 23:15:00,-3.723000000000013,0.6171966406249915,1,EXIT_PROFIT_TARGET_MET
2025-10-21 23:20:00,-3.7228000000000065,-30.42882876952953,-1,HOLD
2025-10-21 23:25:00,-3.7268000000000256,0.14331953124989893,1,EXIT_PROFIT_TARGET_MET
2025-10-21 23:30:00,-3.7142000000000053,0.9154967187500737,1,EXIT_PROFIT_TARGET_MET
2025-10-21 23:35:00,-3.728999999999985,0.8594181250000354,1,EXIT_PROFIT_TARGET_MET
2025-10-21 23:40:00,-3.717399999999998,1.03990031250004,1,EXIT_PROFIT_TARGET_MET
2025-10-21 23:45:00,-3.6861999999999853,3.2888860937501967,1,EXIT_PROFIT_TARGET_MET
2025-10-21 23:50:00,-3.7017999999999915,0.0640712499999676,1,EXIT_PROFIT_TARGET_MET
2025-10-21 23:55:00,-3.702200000000005,1.6148024999999624,1,EXIT_PROFIT_TARGET_MET
2025-10-22 00:00:00,-3.710199999999986,1.9935393749999948,1,EXIT_PROFIT_TARGET_MET
2025-10-22 00:05:00,-3.7346000000000004,0.9068937499999805,1,EXIT_PROFIT_TARGET_MET
2025-10-22 00:10:00,-3.7701999999999884,0.4101175000000019,1,EXIT_PROFIT_TARGET_MET
2025-10-22 00:15:00,-3.7771999999999935,1.8825249999999407,1,EXIT_PROFIT_TARGET_MET
2025-10-22 00:20:00,-3.776999999999987,0.18121125000007154,1,EXIT_PROFIT_TARGET_MET
2025-10-22 00:25:00,-3.7560000000000286,0.5210599999999204,1,EXIT_PROFIT_TARGET_MET
2025-10-22 00:30:00,-3.7735999999999876,4.514125000000011,1,EXIT_PROFIT_TARGET_MET
2025-10-22 00:35:00,-3.772199999999998,3.71472375000001,1,EXIT_PROFIT_TARGET_MET
2025-10-22 00:40:00,-3.779800000000023,1.2956424999999498,1,EXIT_PROFIT_TARGET_MET
2025-10-22 00:45:00,-3.8075999999999794,1.9697925000000858,1,EXIT_PROFIT_TARGET_MET
2025-10-22 00:50:00,-3.804399999999987,1.892192500000025,1,EXIT_PROFIT_TARGET_MET
2025-10-22 00:55:00,-3.853999999999985,3.094992500000007,1,EXIT_PROFIT_TARGET_MET
2025-10-22 01:00:00,-3.8502000000000294,3.002842499999975,1,EXIT_PROFIT_TARGET_MET
2025-10-22 01:05:00,-3.870200000000011,3.487842499999939,1,EXIT_PROFIT_TARGET_MET
2025-10-22 01:10:00,-3.872599999999977,3.5460425000000484,1,EXIT_PROFIT_TARGET_MET
2025-10-22 01:15:00,-3.8666000000000054,3.4005424999999505,1,EXIT_PROFIT_TARGET_MET
2025-10-22 01:20:00,-3.887800000000027,3.914642499999985,1,EXIT_PROFIT_TARGET_MET
2025-10-22 01:25:00,-3.8833999999999946,3.8079424999999496,1,EXIT_PROFIT_TARGET_MET
2025-10-22 01:30:00,-3.8847999999999843,3.841892499999968,1,EXIT_PROFIT_TARGET_MET
2025-10-22 01:35:00,-3.890800000000013,3.987392500000034,1,EXIT_PROFIT_TARGET_MET
2025-10-22 01:40:00,-3.9347999999999956,5.054392499999974,1,EXIT_PROFIT_TARGET_MET
2025-10-22 01:45:00,-3.922799999999995,4.76339249999997,1,EXIT_PROFIT_TARGET_MET
2025-10-22 01:50:00,-3.908999999999992,4.428742499999988,1,EXIT_PROFIT_TARGET_MET
2025-10-22 01:55:00,-3.924199999999985,4.7973425000000205,1,EXIT_PROFIT_TARGET_MET
2025-10-22 02:00:00,-3.936399999999992,5.093192500000036,1,EXIT_PROFIT_TARGET_MET
2025-10-22 02:05:00,-3.9238000000000284,4.787642500000029,1,EXIT_PROFIT_TARGET_MET
2025-10-22 02:10:00,-3.9390000000000214,5.156242499999998,1,EXIT_PROFIT_TARGET_MET
2025-10-22 02:15:00,-3.951000000000022,5.4472425000000335,1,EXIT_PROFIT_TARGET_MET
2025-10-22 02:20:00,-3.9413999999999874,5.214442500000011,1,EXIT_PROFIT_TARGET_MET
2025-10-22 02:25:00,-3.9413999999999874,5.214442500000011,1,EXIT_PROFIT_TARGET_MET
2025-10-22 02:30:00,-3.9406000000000176,5.195042500000028,1,EXIT_PROFIT_TARGET_MET
2025-10-22 02:35:00,-3.9318000000000097,4.981642499999957,1,EXIT_PROFIT_TARGET_MET
2025-10-22 02:40:00,-3.924599999999998,4.807042500000012,1,EXIT_PROFIT_TARGET_MET
2025-10-22 02:45:00,-3.930000000000007,4.937992499999979,1,EXIT_PROFIT_TARGET_MET
2025-10-22 02:50:00,-3.904200000000003,4.312342500000057,1,EXIT_PROFIT_TARGET_MET
2025-10-22 02:55:00,-3.8502000000000294,3.002842499999975,1,EXIT_PROFIT_TARGET_MET
2025-10-22 03:00:00,-3.8758000000000266,3.6236424999999493,1,EXIT_PROFIT_TARGET_MET
2025-10-22 03:05:00,-3.8845999999999776,3.8370425000000203,1,EXIT_PROFIT_TARGET_MET
2025-10-22 03:10:00,-3.876800000000003,3.64789250000004,1,EXIT_PROFIT_TARGET_MET
2025-10-22 03:15:00,-3.8629999999999995,3.31324250000009,1,EXIT_PROFIT_TARGET_MET
2025-10-22 03:20:00,-3.863800000000026,3.3326424999999773,1,EXIT_PROFIT_TARGET_MET
2025-10-22 03:25:00,-3.8788000000000125,3.696392499999966,1,EXIT_PROFIT_TARGET_MET
2025-10-22 03:30:00,-3.8811999999999784,3.7545925000000757,1,EXIT_PROFIT_TARGET_MET
2025-10-22 03:35:00,-3.885400000000004,3.8564425000000675,1,EXIT_PROFIT_TARGET_MET
2025-10-22 03:40:00,-3.9039999999999964,4.307492500000045,1,EXIT_PROFIT_TARGET_MET
2025-10-22 03:45:00,-3.901999999999987,4.258992500000023,1,EXIT_PROFIT_TARGET_MET
2025-10-22 03:50:00,-3.891999999999996,4.016492499999977,1,EXIT_PROFIT_TARGET_MET
2025-10-22 03:55:00,-3.8967999999999847,4.132892500000004,1,EXIT_PROFIT_TARGET_MET
2025-10-22 04:00:00,-3.901200000000017,4.23959250000004,1,EXIT_PROFIT_TARGET_MET
2025-10-22 04:05:00,-3.890199999999993,3.9728424999999987,1,EXIT_PROFIT_TARGET_MET
2025-10-22 04:10:00,-3.877999999999986,3.676992499999983,1,EXIT_PROFIT_TARGET_MET
2025-10-22 04:15:00,-3.8793999999999755,3.7109425000000016,1,EXIT_PROFIT_TARGET_MET
2025-10-22 04:20:00,-3.892600000000016,4.031042500000012,1,EXIT_PROFIT_TARGET_MET
2025-10-22 04:25:00,-3.886599999999987,3.8855425000000103,1,EXIT_PROFIT_TARGET_MET
2025-10-22 04:30:00,-3.8863999999999805,3.8806924999999985,1,EXIT_PROFIT_TARGET_MET
2025-10-22 04:35:00,-3.882000000000005,3.773992499999931,1,EXIT_PROFIT_TARGET_MET
2025-10-22 04:40:00,-3.876199999999983,3.633342500000037,1,EXIT_PROFIT_TARGET_MET
2025-10-22 04:45:00,-3.8894000000000233,3.9534425000000155,1,EXIT_PROFIT_TARGET_MET
2025-10-22 04:50:00,-3.8811999999999784,3.7545925000000757,1,EXIT_PROFIT_TARGET_MET
2025-10-22 04:55:00,-3.8836000000000013,3.8127924999999934,1,EXIT_PROFIT_TARGET_MET
2025-10-22 05:00:00,-3.8836000000000013,3.8127924999999934,1,EXIT_PROFIT_TARGET_MET
2025-10-22 05:05:00,-3.8858000000000175,3.866142499999963,1,EXIT_PROFIT_TARGET_MET
2025-10-22 05:10:00,-3.8876000000000204,3.9097924999999414,1,EXIT_PROFIT_TARGET_MET
2025-10-22 05:15:00,-3.882600000000025,3.7885425000000623,1,EXIT_PROFIT_TARGET_MET
2025-10-22 05:20:00,-3.863999999999976,3.337492500000021,1,EXIT_PROFIT_TARGET_MET
2025-10-22 05:25:00,-3.871399999999994,3.5169425000000736,1,EXIT_PROFIT_TARGET_MET
2025-10-22 05:30:00,-3.878600000000006,3.3428799999999974,1,EXIT_PROFIT_TARGET_MET
2025-10-22 05:35:00,-3.8817999999999984,1.6397032886743666e-08,1,EXIT_PROFIT_TARGET_MET
2025-10-22 05:40:00,-3.8833999999999946,2.0528971217572634e-08,1,EXIT_PROFIT_TARGET_MET
2025-10-22 05:45:00,-3.886599999999987,2.1196389570832253e-09,1,EXIT_PROFIT_TARGET_MET
2025-10-22 05:50:00,-3.8894000000000233,1.0219230316579313e-08,1,EXIT_PROFIT_TARGET_MET
2025-10-22 05:55:00,-3.879599999999982,9.776572696864631e-09,1,EXIT_PROFIT_TARGET_MET
2025-10-22 06:00:00,-3.8722000000000207,9.442321024835157e-09,1,EXIT_PROFIT_TARGET_MET
2025-10-22 06:05:00,-3.8596000000000004,8.873189799487684e-09,1,EXIT_PROFIT_TARGET_MET
2025-10-22 06:10:00,-3.8537999999999784,8.611208759248488e-09,1,EXIT_PROFIT_TARGET_MET
2025-10-22 06:15:00,-3.835800000000006,7.798164151609104e-09,1,EXIT_PROFIT_TARGET_MET
2025-10-22 06:20:00,-3.8401999999999816,7.996908389031935e-09,1,EXIT_PROFIT_TARGET_MET
2025-10-22 06:25:00,-3.8355999999999995,7.789130322635253e-09,1,EXIT_PROFIT_TARGET_MET
2025-10-22 06:30:00,-3.8245999999999754,7.2922697290779975e-09,1,EXIT_PROFIT_TARGET_MET
2025-10-22 06:35:00,-3.8315999999999804,7.608453743159887e-09,1,EXIT_PROFIT_TARGET_MET
2025-10-22 06:40:00,-3.831200000000024,7.590386085212184e-09,1,EXIT_PROFIT_TARGET_MET
2025-10-22 06:45:00,-3.8262000000000285,7.364540360867858e-09,1,EXIT_PROFIT_TARGET_MET
2025-10-22 06:50:00,-3.8371999999999957,7.86140095442547e-09,1,EXIT_PROFIT_TARGET_MET
2025-10-22 06:55:00,-3.8278000000000247,7.436810992658314e-09,1,EXIT_PROFIT_TARGET_MET
2025-10-22 07:00:00,-3.834600000000023,7.743961177766173e-09,1,EXIT_PROFIT_TARGET_MET
2025-10-22 07:05:00,-3.8278000000000247,7.436810992658314e-09,1,EXIT_PROFIT_TARGET_MET
2025-10-22 07:10:00,-3.826000000000022,7.3555065318943636e-09,1,EXIT_PROFIT_TARGET_MET
2025-10-22 07:15:00,-3.8152000000000044,6.8676797673106026e-09,1,EXIT_PROFIT_TARGET_MET
2025-10-22 07:20:00,-3.77800000000002,1.4765812084078523e-08,1,EXIT_PROFIT_TARGET_MET
2025-10-22 07:25:00,-3.793799999999976,1.61931570619341e-08,1,EXIT_PROFIT_TARGET_MET
2025-10-22 07:30:00,-3.8011999999999944,1.6861660405993287e-08,1,EXIT_PROFIT_TARGET_MET
2025-10-22 07:35:00,-3.814799999999991,1.8090261146425797e-08,1,EXIT_PROFIT_TARGET_MET
2025-10-22 07:40:00,-3.81940000000003,1.850581727921952e-08,1,EXIT_PROFIT_TARGET_MET
2025-10-22 07:45:00,-3.8245999999999754,1.897557638585516e-08,1,EXIT_PROFIT_TARGET_MET
2025-10-22 07:50:00,-3.8262000000000285,1.9120117649435476e-08,1,EXIT_PROFIT_TARGET_MET
2025-10-22 07:55:00,-3.8263999999999783,1.9138185307383656e-08,1,EXIT_PROFIT_TARGET_MET
2025-10-22 08:00:00,-3.8181999999999903,1.8397411331534133e-08,1,EXIT_PROFIT_TARGET_MET
2025-10-22 08:05:00,-3.8081999999999994,1.7494028434157305e-08,1,EXIT_PROFIT_TARGET_MET
2025-10-22 08:10:00,-3.812999999999988,1.7927652224898254e-08,1,EXIT_PROFIT_TARGET_MET
2025-10-22 08:15:00,-3.8081999999999994,1.7494028434157305e-08,1,EXIT_PROFIT_TARGET_MET
2025-10-22 08:20:00,-3.7936000000000263,1.617508940398628e-08,1,EXIT_PROFIT_TARGET_MET
2025-10-22 08:25:00,-3.781000000000006,1.5036826953291333e-08,1,EXIT_PROFIT_TARGET_MET
2025-10-22 08:30:00,-3.7742000000000075,1.4422526583075257e-08,1,EXIT_PROFIT_TARGET_MET
2025-10-22 08:35:00,-3.7583999999999946,0.19868134399417614,1,EXIT_PROFIT_TARGET_MET
2025-10-22 08:40:00,-3.773200000000031,1.4332188293337098e-08,1,EXIT_PROFIT_TARGET_MET
2025-10-22 08:45:00,-3.779800000000023,1.4928421005606304e-08,1,EXIT_PROFIT_TARGET_MET
2025-10-22 08:50:00,-3.7742000000000075,1.4422526583075257e-08,1,EXIT_PROFIT_TARGET_MET
2025-10-22 08:55:00,-3.771000000000015,0.039758614501959715,1,EXIT_PROFIT_TARGET_MET
2025-10-22 09:00:00,-3.773399999999981,1.4350255951284801e-08,1,EXIT_PROFIT_TARGET_MET
2025-10-22 09:05:00,-3.773399999999981,1.4350255951284801e-08,1,EXIT_PROFIT_TARGET_MET
2025-10-22 09:10:00,-3.7638000000000034,0.1305716027832057,1,EXIT_PROFIT_TARGET_MET
2025-10-22 09:15:00,-3.755800000000022,0.2314749230956959,1,EXIT_PROFIT_TARGET_MET
2025-10-22 09:20:00,-3.767400000000009,0.08516510864258271,1,EXIT_PROFIT_TARGET_MET
2025-10-22 09:25:00,-3.7509999999999764,0.02118476806641812,1,EXIT_PROFIT_TARGET_MET
2025-10-22 09:30:00,-3.7321999999999775,0.18234134765625185,1,EXIT_PROFIT_TARGET_MET
2025-10-22 09:35:00,-3.7142000000000053,0.4061108789062419,1,EXIT_PROFIT_TARGET_MET
2025-10-22 09:40:00,-3.7094000000000165,0.4657827539062549,1,EXIT_PROFIT_TARGET_MET
2025-10-22 09:45:00,-3.7128000000000156,0.4235151757812555,1,EXIT_PROFIT_TARGET_MET
2025-10-22 09:50:00,-3.7203999999999837,0.32903470703126253,1,EXIT_PROFIT_TARGET_MET
2025-10-22 09:55:00,-3.713799999999992,0.4110835351562627,1,EXIT_PROFIT_TARGET_MET
2025-10-22 10:00:00,-3.7264000000000124,0.2544448632812577,1,EXIT_PROFIT_TARGET_MET
2025-10-22 10:05:00,-3.723799999999983,0.2867671289062632,1,EXIT_PROFIT_TARGET_MET
2025-10-22 10:10:00,-3.727199999999982,0.24449955078123986,1,EXIT_PROFIT_TARGET_MET
2025-10-22 10:15:00,-3.704999999999984,0.6595270703124846,1,EXIT_PROFIT_TARGET_MET
2025-10-22 10:20:00,-3.702600000000018,0.688898945312467,1,EXIT_PROFIT_TARGET_MET
2025-10-22 10:25:00,-3.6958000000000197,0.7721192578124899,1,EXIT_PROFIT_TARGET_MET
2025-10-22 10:30:00,-3.6952,0.7794622265624853,1,EXIT_PROFIT_TARGET_MET
2025-10-22 10:35:00,-3.6942000000000235,0.7917005078124784,1,EXIT_PROFIT_TARGET_MET
2025-10-22 10:40:00,-3.7012000000000285,0.7060325390625048,1,EXIT_PROFIT_TARGET_MET
2025-10-22 10:45:00,-3.70920000000001,0.4682690820312297,1,EXIT_PROFIT_TARGET_MET
2025-10-22 10:50:00,-3.712600000000009,0.42600150390623037,1,EXIT_PROFIT_TARGET_MET
2025-10-22 10:55:00,-3.713799999999992,0.4110835351562627,1,EXIT_PROFIT_TARGET_MET
2025-10-22 11:00:00,-3.72199999999998,0.3091440820312501,1,EXIT_PROFIT_TARGET_MET
2025-10-22 11:05:00,-3.7339999999999804,0.07906082519531049,1,EXIT_PROFIT_TARGET_MET
2025-10-22 11:10:00,-3.738200000000006,0.18614970703124173,1,EXIT_PROFIT_TARGET_MET
2025-10-22 11:15:00,-3.7203999999999837,0.04215457031250505,1,EXIT_PROFIT_TARGET_MET
2025-10-22 11:20:00,-3.7321999999999775,0.1443489843750343,1,EXIT_PROFIT_TARGET_MET
2025-10-22 11:25:00,-3.725999999999999,0.2552963281250148,1,EXIT_PROFIT_TARGET_MET
2025-10-22 11:30:00,-3.7228000000000065,0.04582875000001696,1,EXIT_PROFIT_TARGET_MET
2025-10-22 11:35:00,-3.7275999999999954,0.16160937500000983,1,EXIT_PROFIT_TARGET_MET
2025-10-22 11:40:00,-3.729600000000005,6.690230369567327e-06,1,EXIT_PROFIT_TARGET_MET
2025-10-22 11:45:00,-3.731200000000001,6.469426155090541e-06,1,EXIT_PROFIT_TARGET_MET
2025-10-22 11:50:00,-3.7327999999999975,0.00023964294433593668,1,EXIT_PROFIT_TARGET_MET
2025-10-22 11:55:00,-3.7398000000000025,-9.472071289062587,-1,NO_VALID_ACTION_DEFENSIVE_AVG
2025-10-22 12:00:00,-3.7361999999999966,0.00015196266174316683,1,EXIT_PROFIT_TARGET_MET
2025-10-22 12:05:00,-3.745200000000011,0.00031990722656249785,1,EXIT_PROFIT_TARGET_MET
2025-10-22 12:10:00,-3.744799999999998,-5.66599632812482,-1,NO_VALID_ACTION_DEFENSIVE_AVG
2025-10-22 12:15:00,-3.740600000000029,0.001960742187499996,1,EXIT_PROFIT_TARGET_MET
2025-10-22 12:20:00,-3.7425999999999817,0.005818712158203157,1,EXIT_PROFIT_TARGET_MET
2025-10-22 12:25:00,-3.7402000000000157,0.011352858886718432,1,EXIT_PROFIT_TARGET_MET
2025-10-22 12:30:00,-3.7343999999999937,0.053906005859375404,1,EXIT_PROFIT_TARGET_MET
2025-10-22 12:35:00,-3.727199999999982,0.04582383789062559,1,EXIT_PROFIT_TARGET_MET
2025-10-22 12:40:00,-3.7252000000000294,0.1028752050781226,1,EXIT_PROFIT_TARGET_MET
2025-10-22 12:45:00,-3.7216000000000236,0.14458269531249837,1,EXIT_PROFIT_TARGET_MET
2025-10-22 12:50:00,-3.723799999999983,0.18301759765625192,1,EXIT_PROFIT_TARGET_MET
2025-10-22 12:55:00,-3.718400000000031,0.351911591796871,1,EXIT_PROFIT_TARGET_MET
2025-10-22 13:00:00,-3.7087999999999965,0.7742299414062407,1,EXIT_PROFIT_TARGET_MET
2025-10-22 13:05:00,-3.702200000000005,1.3594279687500186,1,EXIT_PROFIT_TARGET_MET
2025-10-22 13:10:00,-3.6976000000000226,1.9518374218750252,1,EXIT_PROFIT_TARGET_MET
2025-10-22 13:15:00,-3.6976000000000226,2.244022499999988,1,EXIT_PROFIT_TARGET_MET
2025-10-22 13:20:00,-3.7035999999999945,1.8403584375000508,1,EXIT_PROFIT_TARGET_MET
2025-10-22 13:25:00,-3.713799999999992,1.7838131249999543,1,EXIT_PROFIT_TARGET_MET
2025-10-22 13:30:00,-3.7081999999999766,1.41567937500003,1,EXIT_PROFIT_TARGET_MET
2025-10-22 13:35:00,-3.6920000000000073,0.46223374999997713,1,EXIT_PROFIT_TARGET_MET
2025-10-22 13:40:00,-3.6952,0.7733524999998735,1,EXIT_PROFIT_TARGET_MET
2025-10-22 13:45:00,-3.6983999999999924,3.2167774999999796,1,EXIT_PROFIT_TARGET_MET
2025-10-22 13:50:00,-3.7042000000000144,1.74624250000004,1,EXIT_PROFIT_TARGET_MET
2025-10-22 13:55:00,-3.704999999999984,0.15088750000013817,1,EXIT_PROFIT_TARGET_MET
2025-10-22 14:00:00,-3.7153999999999883,1.4236362499998716,1,EXIT_PROFIT_TARGET_MET
2025-10-22 14:05:00,-3.72320000000002,0.03965812499999777,1,EXIT_PROFIT_TARGET_MET
2025-10-22 14:10:00,-3.711400000000026,0.04718062499999809,1,EXIT_PROFIT_TARGET_MET
2025-10-22 14:15:00,-3.7128000000000156,0.5319986132812462,1,EXIT_PROFIT_TARGET_MET
2025-10-22 14:20:00,-3.7112000000000194,0.5272064257812498,1,EXIT_PROFIT_TARGET_MET
2025-10-22 14:25:00,-3.7112000000000194,0.5507422265625028,1,EXIT_PROFIT_TARGET_MET
2025-10-22 14:30:00,-3.716200000000015,0.500609062499999,1,EXIT_PROFIT_TARGET_MET
2025-10-22 14:35:00,-3.72320000000002,0.7832782421874918,1,EXIT_PROFIT_TARGET_MET
2025-10-22 14:40:00,-3.720199999999977,1.6132034179687709,1,EXIT_PROFIT_TARGET_MET
2025-10-22 14:45:00,-3.7187999999999874,1.3230378124999413,1,EXIT_PROFIT_TARGET_MET
2025-10-22 14:50:00,-3.717399999999998,0.777473749999988,1,EXIT_PROFIT_TARGET_MET
2025-10-22 14:55:00,-3.718599999999981,0.3870904687499528,1,EXIT_PROFIT_TARGET_MET
2025-10-22 15:00:00,-3.7194000000000074,4.780436249999952,1,EXIT_PROFIT_TARGET_MET
2025-10-22 15:05:00,-3.705600000000004,3.2819406250000096,1,EXIT_PROFIT_TARGET_MET
2025-10-22 15:10:00,-3.704999999999984,2.1251987499999743,1,EXIT_PROFIT_TARGET_MET
2025-10-22 15:15:00,-3.7017999999999915,2.787634999999975,1,EXIT_PROFIT_TARGET_MET
2025-10-22 15:20:00,-3.678600000000017,2.053109999999977,1,EXIT_PROFIT_TARGET_MET
2025-10-22 15:25:00,-3.681600000000003,1.8645987499999856,1,EXIT_PROFIT_TARGET_MET
2025-10-22 15:30:00,-3.6820000000000164,0.19437750000005138,1,EXIT_PROFIT_TARGET_MET
2025-10-22 15:35:00,-3.680999999999983,0.1888612500000697,1,EXIT_PROFIT_TARGET_MET
2025-10-22 15:40:00,-3.6877999999999815,1.4244849999998976,1,EXIT_PROFIT_TARGET_MET
2025-10-22 15:45:00,-3.6911999999999807,0.02134124999997944,1,EXIT_PROFIT_TARGET_MET
2025-10-22 15:50:00,-3.687999999999988,2.6187807812500727,1,EXIT_PROFIT_TARGET_MET
2025-10-22 15:55:00,-3.6924000000000206,0.0204562500000236,1,EXIT_PROFIT_TARGET_MET
2025-10-22 16:00:00,-3.6813999999999965,2.3024964062499707,1,EXIT_PROFIT_TARGET_MET
2025-10-22 16:05:00,-3.6831999999999994,2.3887557812499542,1,EXIT_PROFIT_TARGET_MET
2025-10-22 16:10:00,-3.6884000000000015,2.637949531249865,1,EXIT_PROFIT_TARGET_MET
2025-10-22 16:15:00,-3.6895999999999844,2.6954557812500175,1,EXIT_PROFIT_TARGET_MET
2025-10-22 16:20:00,-3.6913999999999874,2.781715156249905,1,EXIT_PROFIT_TARGET_MET
2025-10-22 16:25:00,-3.684000000000026,2.4270932812500225,1,EXIT_PROFIT_TARGET_MET
2025-10-22 16:30:00,-3.6906000000000176,2.7433776562500287,1,EXIT_PROFIT_TARGET_MET
2025-10-22 16:35:00,-3.6920000000000073,0.005706249999954949,1,EXIT_PROFIT_TARGET_MET
2025-10-22 16:40:00,-3.695600000000013,0.13845624999999728,1,EXIT_PROFIT_TARGET_MET
2025-10-22 16:45:00,-3.6958000000000197,0.1458312500000556,1,EXIT_PROFIT_TARGET_MET
2025-10-22 16:50:00,-3.6865999999999985,2.551690156249977,1,EXIT_PROFIT_TARGET_MET
2025-10-22 16:55:00,-3.6820000000000164,2.331249531250094,1,EXIT_PROFIT_TARGET_MET
2025-10-22 17:00:00,-3.679399999999987,2.206652656250042,1,EXIT_PROFIT_TARGET_MET
2025-10-22 17:05:00,-3.6732000000000085,1.90953703125002,1,EXIT_PROFIT_TARGET_MET
2025-10-22 17:10:00,-3.6686000000000263,1.689096406249943,1,EXIT_PROFIT_TARGET_MET
2025-10-22 17:15:00,-3.6847999999999956,2.465430781250091,1,EXIT_PROFIT_TARGET_MET
2025-10-22 17:20:00,-3.6847999999999956,2.465430781250091,1,EXIT_PROFIT_TARGET_MET
2025-10-22 17:25:00,-3.6836000000000126,2.4079245312499387,1,EXIT_PROFIT_TARGET_MET
2025-10-22 17:30:00,-3.6831999999999994,2.3887557812499542,1,EXIT_PROFIT_TARGET_MET
2025-10-22 17:35:00,-3.694000000000017,0.07945624999988254,1,EXIT_PROFIT_TARGET_MET
2025-10-22 17:40:00,-3.6936000000000035,0.06470625000006969,1,EXIT_PROFIT_TARGET_MET
2025-10-22 17:45:00,-3.694000000000017,0.07945624999988254,1,EXIT_PROFIT_TARGET_MET
2025-10-22 17:50:00,-3.693399999999997,0.05733125000005934,1,EXIT_PROFIT_TARGET_MET
2025-10-22 17:55:00,-3.7006000000000085,0.32283124999998414,1,EXIT_PROFIT_TARGET_MET
2025-10-22 18:00:00,-3.694000000000017,0.07945624999988254,1,EXIT_PROFIT_TARGET_MET
2025-10-22 18:05:00,-3.6913999999999874,2.781715156249905,1,EXIT_PROFIT_TARGET_MET
2025-10-22 18:10:00,-3.6865999999999985,2.551690156249977,1,EXIT_PROFIT_TARGET_MET
2025-10-22 18:15:00,-3.6890000000000214,2.666702656249892,1,EXIT_PROFIT_TARGET_MET
2025-10-22 18:20:00,-3.689799999999991,2.7050401562499604,1,EXIT_PROFIT_TARGET_MET
2025-10-22 18:25:00,-3.69440000000003,0.0942062499999512,1,EXIT_PROFIT_TARGET_MET
2025-10-22 18:30:00,-3.688199999999995,2.628365156249922,1,EXIT_PROFIT_TARGET_MET
2025-10-22 18:35:00,-3.694999999999993,0.11633124999998223,1,EXIT_PROFIT_TARGET_MET
2025-10-22 18:40:00,-3.699799999999982,0.2933312499999108,1,EXIT_PROFIT_TARGET_MET
2025-10-22 18:45:00,-3.6970000000000027,0.19008124999990983,1,EXIT_PROFIT_TARGET_MET
2025-10-22 18:50:00,-3.6954000000000065,0.13108124999998694,1,EXIT_PROFIT_TARGET_MET
2025-10-22 18:55:00,-3.6947999999999865,0.1089562499999559,1,EXIT_PROFIT_TARGET_MET
2025-10-22 19:00:00,-3.6942000000000235,0.08683124999990888,1,EXIT_PROFIT_TARGET_MET
2025-10-22 19:05:00,-3.6859999999999786,2.5229370312499517,1,EXIT_PROFIT_TARGET_MET
2025-10-22 19:10:00,-3.6806000000000267,2.2641589062499023,1,EXIT_PROFIT_TARGET_MET
2025-10-22 19:15:00,-3.6768000000000143,2.0820557812498937,1,EXIT_PROFIT_TARGET_MET
2025-10-22 19:20:00,-3.685200000000009,2.4845995312498834,1,EXIT_PROFIT_TARGET_MET
2025-10-22 19:25:00,-3.6890000000000214,2.666702656249892,1,EXIT_PROFIT_TARGET_MET
2025-10-22 19:30:00,-3.6884000000000015,2.637949531249865,1,EXIT_PROFIT_TARGET_MET
2025-10-22 19:35:00,-3.6791999999999803,2.1970682812500946,1,EXIT_PROFIT_TARGET_MET
2025-10-22 19:40:00,-3.672399999999982,1.8711995312499516,1,EXIT_PROFIT_TARGET_MET
2025-10-22 19:45:00,-3.6761999999999944,2.05330265625006,1,EXIT_PROFIT_TARGET_MET
2025-10-22 19:50:00,-3.678200000000004,2.149146406249989,1,EXIT_PROFIT_TARGET_MET
2025-10-22 19:55:00,-3.68119999999999,2.2929120312500255,1,EXIT_PROFIT_TARGET_MET
2025-10-22 20:00:00,-3.685200000000009,2.2173175000000587,1,EXIT_PROFIT_TARGET_MET
2025-10-22 20:05:00,-3.6899999999999977,1.5092743749999418,1,EXIT_PROFIT_TARGET_MET
2025-10-22 20:10:00,-3.6847999999999956,1.0566562499999215,1,EXIT_PROFIT_TARGET_MET
2025-10-22 20:15:00,-3.677599999999984,2.942076249999939,1,EXIT_PROFIT_TARGET_MET
2025-10-22 20:20:00,-3.677000000000021,0.9048874999999619,1,EXIT_PROFIT_TARGET_MET
2025-10-22 20:25:00,-3.6798,0.03898250000000658,1,EXIT_PROFIT_TARGET_MET
2025-10-22 20:30:00,-3.6824000000000296,2.156441250000002,1,EXIT_PROFIT_TARGET_MET
2025-10-22 20:35:00,-3.6766000000000076,4.81598999999998,1,EXIT_PROFIT_TARGET_MET
2025-10-22 20:40:00,-3.6691999999999894,1.7798449999999555,1,EXIT_PROFIT_TARGET_MET
2025-10-22 20:45:00,-3.668799999999976,2.2204825000000454,1,EXIT_PROFIT_TARGET_MET
2025-10-22 20:50:00,-3.6750000000000114,2.370832500000059,1,EXIT_PROFIT_TARGET_MET
2025-10-22 20:55:00,-3.671199999999999,2.278682499999963,1,EXIT_PROFIT_TARGET_MET
2025-10-22 21:00:00,-3.6603999999999814,2.016782500000062,1,EXIT_PROFIT_TARGET_MET
2025-10-22 21:05:00,-3.6621999999999844,1.5549887499999677,1,EXIT_PROFIT_TARGET_MET
2025-10-22 21:10:00,-3.6994000000000256,0.09004249999991742,1,EXIT_PROFIT_TARGET_MET
2025-10-22 21:15:00,-3.7112000000000194,1.0510112499999664,1,EXIT_PROFIT_TARGET_MET
2025-10-22 21:20:00,-3.702200000000005,0.8409800000000018,1,EXIT_PROFIT_TARGET_MET
2025-10-22 21:25:00,-3.6965999999999894,0.917587500000157,1,EXIT_PROFIT_TARGET_MET
2025-10-22 21:30:00,-3.7040000000000077,0.653087499999903,1,EXIT_PROFIT_TARGET_MET
2025-10-22 21:35:00,-3.714999999999975,0.5202500000000789,1,EXIT_PROFIT_TARGET_MET
2025-10-22 21:40:00,-3.704400000000021,1.5033749999998989,1,EXIT_PROFIT_TARGET_MET
2025-10-22 21:45:00,-3.706799999999987,3.331463749999953,1,EXIT_PROFIT_TARGET_MET
2025-10-22 21:50:00,-3.703199999999981,0.846650000000011,1,EXIT_PROFIT_TARGET_MET
2025-10-22 21:55:00,-3.7013999999999783,1.1623162500000501,1,EXIT_PROFIT_TARGET_MET
2025-10-22 22:00:00,-3.6929999999999836,2.807066249999938,1,EXIT_PROFIT_TARGET_MET
2025-10-22 22:05:00,-3.6978000000000293,1.8587074999998876,1,EXIT_PROFIT_TARGET_MET
2025-10-22 22:10:00,-3.7030000000000314,-13.55299000000008,-1,HOLD
2025-10-22 22:15:00,-3.7282000000000153,1.167288124999998,1,EXIT_PROFIT_TARGET_MET
2025-10-22 22:20:00,-3.7250000000000227,0.7010265625000036,1,EXIT_PROFIT_TARGET_MET
2025-10-22 22:25:00,-3.7228000000000065,0.743654374999986,1,EXIT_PROFIT_TARGET_MET
2025-10-22 22:30:00,-3.729600000000005,0.44232937499998837,1,EXIT_PROFIT_TARGET_MET
2025-10-22 22:35:00,-3.73599999999999,0.15872937499998496,1,EXIT_PROFIT_TARGET_MET
2025-10-22 22:40:00,-3.7262000000000057,0.5929918749999752,1,EXIT_PROFIT_TARGET_MET
2025-10-22 22:45:00,-3.713799999999992,1.1424668749999078,1,EXIT_PROFIT_TARGET_MET
2025-10-22 22:50:00,-3.717800000000011,0.9652168750000216,1,EXIT_PROFIT_TARGET_MET
2025-10-22 22:55:00,-3.716000000000008,1.0449793749998877,1,EXIT_PROFIT_TARGET_MET
2025-10-22 23:00:00,-3.7072000000000003,1.4349293750000163,1,EXIT_PROFIT_TARGET_MET
2025-10-22 23:05:00,-3.7069999999999936,1.4437918750000014,1,EXIT_PROFIT_TARGET_MET
2025-10-22 23:10:00,-3.7228000000000065,0.743654374999986,1,EXIT_PROFIT_TARGET_MET
2025-10-22 23:15:00,-3.72180000000003,0.7879668750000395,1,EXIT_PROFIT_TARGET_MET
2025-10-22 23:20:00,-3.7180000000000177,0.9563543749999326,1,EXIT_PROFIT_TARGET_MET
2025-10-22 23:25:00,-3.714800000000025,1.0981543749999343,1,EXIT_PROFIT_TARGET_MET
2025-10-22 23:30:00,-3.691599999999994,2.1262043749999426,1,EXIT_PROFIT_TARGET_MET
2025-10-22 23:35:00,-3.7212000000000103,0.8145543750000348,1,EXIT_PROFIT_TARGET_MET
2025-10-22 23:40:00,-3.7076000000000136,1.4172043749999181,1,EXIT_PROFIT_TARGET_MET
2025-10-22 23:45:00,-3.6958000000000197,1.9400918749998715,1,EXIT_PROFIT_TARGET_MET
2025-10-22 23:50:00,-3.711599999999976,1.239954374999952,1,EXIT_PROFIT_TARGET_MET
2025-10-22 23:55:00,-3.7304000000000315,0.40687937499999993,1,EXIT_PROFIT_TARGET_MET
2025-10-23 00:00:00,-3.7064000000000306,1.4703793749999807,1,EXIT_PROFIT_TARGET_MET
2025-10-23 00:05:00,-3.701000000000022,1.7096668750000186,1,EXIT_PROFIT_TARGET_MET
2025-10-23 00:10:00,-3.6999999999999886,1.7539793749999921,1,EXIT_PROFIT_TARGET_MET
2025-10-23 00:15:00,-3.6942000000000235,2.0109918749999203,1,EXIT_PROFIT_TARGET_MET
2025-10-23 00:20:00,-3.663000000000011,0.4129912499999353,1,EXIT_PROFIT_TARGET_MET
2025-10-23 00:25:00,-3.651999999999987,0.832366249999815,1,EXIT_PROFIT_TARGET_MET
2025-10-23 00:30:00,-3.6532000000000266,0.786616249999943,1,EXIT_PROFIT_TARGET_MET
2025-10-23 00:35:00,-3.6619999999999777,0.4511162500000072,1,EXIT_PROFIT_TARGET_MET
2025-10-23 00:40:00,-3.654800000000023,0.725616249999895,1,EXIT_PROFIT_TARGET_MET
2025-10-23 00:45:00,-3.66640000000001,0.28336624999992743,1,EXIT_PROFIT_TARGET_MET
2025-10-23 00:50:00,-3.665999999999997,0.2986162499999274,1,EXIT_PROFIT_TARGET_MET
2025-10-23 00:55:00,-3.710800000000006,1.2754043749999164,1,EXIT_PROFIT_TARGET_MET
2025-10-23 01:00:00,-3.7017999999999915,1.6742168750000541,1,EXIT_PROFIT_TARGET_MET
2025-10-23 01:05:00,-3.6942000000000235,2.0109918749999203,1,EXIT_PROFIT_TARGET_MET
2025-10-23 01:10:00,-3.6766000000000076,2.7908918749999856,1,EXIT_PROFIT_TARGET_MET
2025-10-23 01:15:00,-3.665999999999997,0.2986162499999274,1,EXIT_PROFIT_TARGET_MET
2025-10-23 01:20:00,-3.660599999999988,0.5044912499998713,1,EXIT_PROFIT_TARGET_MET
2025-10-23 01:25:00,-3.6580000000000155,0.6036162499999751,1,EXIT_PROFIT_TARGET_MET
2025-10-23 01:30:00,-3.66579999999999,0.3062412499999194,1,EXIT_PROFIT_TARGET_MET
2025-10-23 01:35:00,-3.682200000000023,2.5427418749999546,1,EXIT_PROFIT_TARGET_MET
2025-10-23 01:40:00,-3.687400000000025,2.312316874999918,1,EXIT_PROFIT_TARGET_MET
2025-10-23 01:45:00,-3.680000000000007,2.6402293749999908,1,EXIT_PROFIT_TARGET_MET
2025-10-23 01:50:00,-3.683400000000006,2.489566874999988,1,EXIT_PROFIT_TARGET_MET
2025-10-23 01:55:00,-3.6798,2.649091874999984,1,EXIT_PROFIT_TARGET_MET
2025-10-23 02:00:00,-3.6768000000000143,2.7820293749998966,1,EXIT_PROFIT_TARGET_MET
2025-10-23 02:05:00,-3.6865999999999985,2.3477668749999863,1,EXIT_PROFIT_TARGET_MET
2025-10-23 02:10:00,-3.6732000000000085,0.024116249999943662,1,EXIT_PROFIT_TARGET_MET
2025-10-23 02:15:00,-3.6721999999999753,0.06224124999993563,1,EXIT_PROFIT_TARGET_MET
2025-10-23 02:20:00,-3.6621999999999844,0.4434912499999193,1,EXIT_PROFIT_TARGET_MET
2025-10-23 02:25:00,-3.6807999999999765,2.6047793750000103,1,EXIT_PROFIT_TARGET_MET
2025-10-23 02:30:00,-3.6795999999999935,2.657954374999977,1,EXIT_PROFIT_TARGET_MET
2025-10-23 02:35:00,-3.6838000000000193,2.4718418750000017,1,EXIT_PROFIT_TARGET_MET
2025-10-23 02:40:00,-3.6865999999999985,2.3477668749999863,1,EXIT_PROFIT_TARGET_MET
2025-10-23 02:45:00,-3.682799999999986,2.516154375000071,1,EXIT_PROFIT_TARGET_MET
2025-10-23 02:50:00,-3.68119999999999,2.587054375000024,1,EXIT_PROFIT_TARGET_MET
2025-10-23 02:55:00,-3.673000000000002,0.03174124999993566,1,EXIT_PROFIT_TARGET_MET
2025-10-23 03:00:00,-3.673400000000015,0.016491249999935675,1,EXIT_PROFIT_TARGET_MET
2025-10-23 03:05:00,-3.6831999999999994,2.498429374999989,1,EXIT_PROFIT_TARGET_MET
2025-10-23 03:10:00,-3.6768000000000143,2.7820293749998966,1,EXIT_PROFIT_TARGET_MET
2025-10-23 03:15:00,-3.6668000000000234,0.2681162499998475,1,EXIT_PROFIT_TARGET_MET
2025-10-23 03:20:00,-3.6632000000000176,0.4053662499999433,1,EXIT_PROFIT_TARGET_MET
2025-10-23 03:25:00,-3.662399999999991,0.4358662499999113,1,EXIT_PROFIT_TARGET_MET
2025-10-23 03:30:00,-3.6714000000000055,0.09274124999998357,1,EXIT_PROFIT_TARGET_MET
2025-10-23 03:35:00,-3.6521999999999935,0.8247412499999189,1,EXIT_PROFIT_TARGET_MET
2025-10-23 03:40:00,-3.6451999999999884,1.0916162499998947,1,EXIT_PROFIT_TARGET_MET
2025-10-23 03:45:00,-3.6485999999999876,0.9619912499999987,1,EXIT_PROFIT_TARGET_MET
2025-10-23 03:50:00,-3.631399999999985,1.6177412499999821,1,EXIT_PROFIT_TARGET_MET
2025-10-23 03:55:00,-3.633199999999988,1.5491162499999422,1,EXIT_PROFIT_TARGET_MET
2025-10-23 04:00:00,-3.6417999999999893,1.2212412499999026,1,EXIT_PROFIT_TARGET_MET
2025-10-23 04:05:00,-3.636000000000024,1.4423662499999264,1,EXIT_PROFIT_TARGET_MET
2025-10-23 04:10:00,-3.6195999999999913,2.0676162500000057,1,EXIT_PROFIT_TARGET_MET
2025-10-23 04:15:00,-3.6111999999999966,2.3878662499998615,1,EXIT_PROFIT_TARGET_MET
2025-10-23 04:20:00,-3.62560000000002,1.83886624999991,1,EXIT_PROFIT_TARGET_MET
2025-10-23 04:25:00,-3.6222000000000207,1.9684912499999179,1,EXIT_PROFIT_TARGET_MET
2025-10-23 04:30:00,-3.617999999999995,2.1286162499999897,1,EXIT_PROFIT_TARGET_MET
2025-10-23 04:35:00,-3.626199999999983,1.815991249999838,1,EXIT_PROFIT_TARGET_MET
2025-10-23 04:40:00,-3.6107999999999834,2.4031162499999734,1,EXIT_PROFIT_TARGET_MET
2025-10-23 04:45:00,-3.6175999999999817,2.1438662499998777,1,EXIT_PROFIT_TARGET_MET
2025-10-23 04:50:00,-3.6177999999999884,2.1362412499998857,1,EXIT_PROFIT_TARGET_MET
2025-10-23 04:55:00,-3.6182000000000016,2.1209912499999657,1,EXIT_PROFIT_TARGET_MET
2025-10-23 05:00:00,-3.6362000000000307,1.4347412499998384,1,EXIT_PROFIT_TARGET_MET
2025-10-23 05:05:00,-3.6433999999999855,1.1602412499998547,1,EXIT_PROFIT_TARGET_MET
2025-10-23 05:10:00,-3.636000000000024,1.4423662499999264,1,EXIT_PROFIT_TARGET_MET
2025-10-23 05:15:00,-3.633199999999988,1.5491162499999422,1,EXIT_PROFIT_TARGET_MET
2025-10-23 05:20:00,-3.6292000000000257,1.7016162499999261,1,EXIT_PROFIT_TARGET_MET
2025-10-23 05:25:00,-3.627400000000023,1.770241249999966,1,EXIT_PROFIT_TARGET_MET
2025-10-23 05:30:00,-3.6234000000000037,1.9227412499999499,1,EXIT_PROFIT_TARGET_MET
2025-10-23 05:35:00,-3.6245999999999867,1.876991249999982,1,EXIT_PROFIT_TARGET_MET
2025-10-23 05:40:00,-3.612000000000023,2.3573662499999095,1,EXIT_PROFIT_TARGET_MET
2025-10-23 05:45:00,-3.6100000000000136,2.4336162499999254,1,EXIT_PROFIT_TARGET_MET
2025-10-23 05:50:00,-3.6082000000000107,2.5022412499998694,1,EXIT_PROFIT_TARGET_MET
2025-10-23 05:55:00,-3.6041999999999916,2.654741249999949,1,EXIT_PROFIT_TARGET_MET
2025-10-23 06:00:00,-3.5960000000000036,0.1033899999999619,1,EXIT_PROFIT_TARGET_MET
2025-10-23 06:05:00,-3.6055999999999813,2.601366249999989,1,EXIT_PROFIT_TARGET_MET
2025-10-23 06:10:00,-3.603400000000022,2.685241249999949,1,EXIT_PROFIT_TARGET_MET
2025-10-23 06:15:00,-3.5880000000000223,0.30939000000006445,1,EXIT_PROFIT_TARGET_MET
2025-10-23 06:20:00,-3.592199999999991,0.4810099999999977,1,EXIT_PROFIT_TARGET_MET
2025-10-23 06:25:00,-3.5901999999999816,1.943272499999992,1,EXIT_PROFIT_TARGET_MET
2025-10-23 06:30:00,-3.5985999999999763,0.6474949999999993,1,EXIT_PROFIT_TARGET_MET
2025-10-23 06:35:00,-3.613400000000013,0.6693850000000747,1,EXIT_PROFIT_TARGET_MET
2025-10-23 06:40:00,-3.612000000000023,0.8928175000000387,1,EXIT_PROFIT_TARGET_MET
2025-10-23 06:45:00,-3.6077999999999975,3.1996006250000137,1,EXIT_PROFIT_TARGET_MET
2025-10-23 06:50:00,-3.59699999999998,3.0734149999999847,1,EXIT_PROFIT_TARGET_MET
2025-10-23 06:55:00,-3.6030000000000086,0.08668000000004028,1,EXIT_PROFIT_TARGET_MET
2025-10-23 07:00:00,-3.591000000000008,2.2247900000000307,1,EXIT_PROFIT_TARGET_MET
2025-10-23 07:05:00,-3.577600000000018,3.5477787499999813,1,EXIT_PROFIT_TARGET_MET
2025-10-23 07:10:00,-3.5792000000000144,0.7300375000000834,1,EXIT_PROFIT_TARGET_MET
2025-10-23 07:15:00,-3.5808000000000106,1.2738974999999613,1,EXIT_PROFIT_TARGET_MET
2025-10-23 07:20:00,-3.5774000000000115,0.352932500000005,1,EXIT_PROFIT_TARGET_MET
2025-10-23 07:25:00,-3.5556000000000267,1.6111274999999203,1,EXIT_PROFIT_TARGET_MET
2025-10-23 07:30:00,-3.5470000000000255,2.5748024999999046,1,EXIT_PROFIT_TARGET_MET
2025-10-23 07:35:00,-3.5615999999999985,2.838732500000031,1,EXIT_PROFIT_TARGET_MET
2025-10-23 07:40:00,-3.5579999999999927,2.260062499999929,1,EXIT_PROFIT_TARGET_MET
2025-10-23 07:45:00,-3.5679999999999836,1.7735675000000413,1,EXIT_PROFIT_TARGET_MET
2025-10-23 07:50:00,-3.5728000000000293,1.1168124999999094,1,EXIT_PROFIT_TARGET_MET
2025-10-23 07:55:00,-3.567600000000027,0.7370874999999977,1,EXIT_PROFIT_TARGET_MET
2025-10-23 08:00:00,-3.5801999999999907,0.8526374999999753,1,EXIT_PROFIT_TARGET_MET
2025-10-23 08:05:00,-3.585800000000006,2.7884525000000213,1,EXIT_PROFIT_TARGET_MET
2025-10-23 08:10:00,-3.5790000000000077,0.43868250000005915,1,EXIT_PROFIT_TARGET_MET
2025-10-23 08:15:00,-3.574799999999982,0.9961450000000731,1,EXIT_PROFIT_TARGET_MET
2025-10-23 08:20:00,-3.5640000000000214,0.8130674999999918,1,EXIT_PROFIT_TARGET_MET
2025-10-23 08:25:00,-3.557799999999986,1.241525000000042,1,EXIT_PROFIT_TARGET_MET
2025-10-23 08:30:00,-3.5702,0.041057500000022173,1,EXIT_PROFIT_TARGET_MET
2025-10-23 08:35:00,-3.5652000000000044,0.812327499999963,1,EXIT_PROFIT_TARGET_MET
2025-10-23 08:40:00,-3.579400000000021,0.2525525000000428,1,EXIT_PROFIT_TARGET_MET
2025-10-23 08:45:00,-3.5720000000000027,1.076360000000001,1,EXIT_PROFIT_TARGET_MET
2025-10-23 08:50:00,-3.5790000000000077,1.8972949999998576,1,EXIT_PROFIT_TARGET_MET
2025-10-23 08:55:00,-3.5767999999999915,1.8563925000000623,1,EXIT_PROFIT_TARGET_MET
2025-10-23 09:00:00,-3.5901999999999816,1.6089925000000243,1,EXIT_PROFIT_TARGET_MET
2025-10-23 09:05:00,-3.591200000000015,0.2387481249999981,1,EXIT_PROFIT_TARGET_MET
2025-10-23 09:10:00,-3.593599999999981,0.1360418750000072,1,EXIT_PROFIT_TARGET_MET
2025-10-23 09:15:00,-3.605000000000018,0.16087875000001128,1,EXIT_PROFIT_TARGET_MET
2025-10-23 09:20:00,-3.5973999999999933,0.1552825000000051,1,EXIT_PROFIT_TARGET_MET
2025-10-23 09:25:00,-3.591000000000008,0.039821250000012576,1,EXIT_PROFIT_TARGET_MET
2025-10-23 09:30:00,-3.604600000000005,-9.643099999999968,-1,HOLD
2025-10-23 09:35:00,-3.6036000000000286,-10.513410000000036,-1,HOLD
2025-10-23 09:40:00,-3.5950000000000273,-8.66625000000002,-1,HOLD
2025-10-23 09:45:00,-3.598799999999983,-8.659099999999995,-1,HOLD
2025-10-23 09:50:00,-3.6041999999999916,-8.483149999999995,-1,HOLD
2025-10-23 09:55:00,-3.6018000000000256,-8.586350000000024,-1,HOLD
2025-10-23 10:00:00,-3.599400000000003,-8.604550000000003,-1,HOLD
2025-10-23 10:05:00,-3.6025999999999954,-8.536950000000004,-1,HOLD
2025-10-23 10:10:00,-3.6066000000000145,-8.43995000000001,-1,HOLD
2025-10-23 10:15:00,-3.61220000000003,-8.319150000000022,-1,HOLD
2025-10-23 10:20:00,-3.599400000000003,-8.494550000000004,-1,HOLD
2025-10-23 10:25:00,-3.598000000000013,-8.483500000000006,-1,HOLD
2025-10-23 10:30:00,-3.615799999999979,-8.151849999999982,-1,HOLD
2025-10-23 10:35:00,-3.6159999999999854,-7.97699999999999,-1,NO_VALID_ACTION_DEFENSIVE_AVG
2025-10-23 10:40:00,-3.6100000000000136,-8.092500000000015,-1,NO_VALID_ACTION_DEFENSIVE_AVG
2025-10-23 10:45:00,-3.6177999999999884,-8.06335,-1,NO_VALID_ACTION_DEFENSIVE_AVG
2025-10-23 10:50:00,-3.622000000000014,-7.901500000000013,-1,NO_VALID_ACTION_DEFENSIVE_AVG
2025-10-23 10:55:00,-3.6206000000000245,-8.165450000000021,-1,NO_VALID_ACTION_DEFENSIVE_AVG
2025-10-23 11:00:00,-3.6234000000000037,-8.202550000000002,-1,NO_VALID_ACTION_DEFENSIVE_AVG
2025-10-23 11:05:00,-3.616800000000012,-8.72760000000001,-1,NO_VALID_ACTION_DEFENSIVE_AVG
2025-10-23 11:10:00,-3.636000000000024,-8.212000000000018,-1,NO_VALID_ACTION_DEFENSIVE_AVG
2025-10-23 11:15:00,-3.6324000000000183,-8.349300000000014,-1,NO_VALID_ACTION_DEFENSIVE_AVG
2025-10-23 11:20:00,-3.6177999999999884,-8.533349999999999,-1,NO_VALID_ACTION_DEFENSIVE_AVG
2025-10-23 11:25:00,-3.619000000000028,-8.609250000000031,-1,NO_VALID_ACTION_DEFENSIVE_AVG
2025-10-23 11:30:00,-3.637200000000007,-8.287899999999993,-1,NO_VALID_ACTION_DEFENSIVE_AVG
2025-10-23 11:35:00,-3.6329999999999814,-9.149749999999983,-1,NO_VALID_ACTION_DEFENSIVE_AVG
2025-10-23 11:40:00,-3.63900000000001,-8.704250000000016,-1,NO_VALID_ACTION_DEFENSIVE_AVG
2025-10-23 11:45:00,-3.635600000000011,-8.851700000000008,-1,NO_VALID_ACTION_DEFENSIVE_AVG
2025-10-23 11:50:00,-3.636599999999987,-8.792449999999988,-1,NO_VALID_ACTION_DEFENSIVE_AVG
2025-10-23 11:55:00,-3.6362000000000307,-8.487150000000028,-1,NO_VALID_ACTION_DEFENSIVE_AVG
2025-10-23 12:00:00,-3.632000000000005,-8.754000000000005,-1,NO_VALID_ACTION_DEFENSIVE_AVG
2025-10-23 12:05:00,-3.633199999999988,-8.954899999999995,-1,NO_VALID_ACTION_DEFENSIVE_AVG
2025-10-23 12:10:00,-3.635600000000011,-8.826700000000002,-1,NO_VALID_ACTION_DEFENSIVE_AVG
2025-10-23 12:15:00,-3.643000000000029,0.30772000000000155,1,EXIT_PROFIT_TARGET_MET
2025-10-23 12:20:00,-3.641999999999996,0.2219725000000743,1,EXIT_PROFIT_TARGET_MET
2025-10-23 12:25:00,-3.6410000000000196,0.7696393750000063,1,EXIT_PROFIT_TARGET_MET
2025-10-23 12:30:00,-3.644999999999982,0.9604037500000473,1,EXIT_PROFIT_TARGET_MET
2025-10-23 12:35:00,-3.641999999999996,-9.66954000000002,-1,NO_VALID_ACTION_DEFENSIVE_AVG
2025-10-23 12:40:00,-3.641999999999996,0.3308075000000059,1,EXIT_PROFIT_TARGET_MET
2025-10-23 12:45:00,-3.641399999999976,-7.56104999999998,-1,NO_VALID_ACTION_DEFENSIVE_AVG
2025-10-23 12:50:00,-3.6394000000000233,4.924603750000134,1,EXIT_PROFIT_TARGET_MET
2025-10-23 12:55:00,-3.646599999999978,-8.631169999999983,-1,NO_VALID_ACTION_DEFENSIVE_AVG
2025-10-23 13:00:00,-3.6526000000000067,5.2405674999999725,1,EXIT_PROFIT_TARGET_MET
2025-10-23 13:05:00,-3.6499999999999773,-7.317499999999981,-1,NO_VALID_ACTION_DEFENSIVE_AVG
2025-10-23 13:10:00,-3.6510000000000105,0.12067500000007314,1,EXIT_PROFIT_TARGET_MET
2025-10-23 13:15:00,-3.6569999999999823,0.5566600000000257,1,EXIT_PROFIT_TARGET_MET
2025-10-23 13:20:00,-3.6550000000000296,0.022340000000042437,1,EXIT_PROFIT_TARGET_MET
2025-10-23 13:25:00,-3.664600000000007,0.06895117187499511,1,EXIT_PROFIT_TARGET_MET
2025-10-23 13:30:00,-3.6650000000000205,0.014727812499998438,1,EXIT_PROFIT_TARGET_MET
2025-10-23 13:35:00,-3.6573999999999955,0.24224507812500573,1,EXIT_PROFIT_TARGET_MET
2025-10-23 13:40:00,-3.6539999999999964,0.23515617187499982,1,EXIT_PROFIT_TARGET_MET
2025-10-23 13:45:00,-3.653599999999983,0.1341307812499961,1,EXIT_PROFIT_TARGET_MET
2025-10-23 13:50:00,-3.660199999999975,0.012040624999994698,1,EXIT_PROFIT_TARGET_MET
2025-10-23 13:55:00,-3.6573999999999955,0.16183531249998895,1,EXIT_PROFIT_TARGET_MET
2025-10-23 14:00:00,-3.658799999999985,-7.120685000000023,-1,NO_VALID_ACTION_DEFENSIVE_AVG
2025-10-23 14:05:00,-3.656600000000026,-7.220570000000052,-1,NO_VALID_ACTION_DEFENSIVE_AVG
2025-10-23 14:10:00,-3.6557999999999993,-6.416849999999997,-1,NO_VALID_ACTION_DEFENSIVE_AVG
2025-10-23 14:15:00,-3.66700000000003,-6.265250000000023,-1,NO_VALID_ACTION_DEFENSIVE_AVG
2025-10-23 14:20:00,-3.6754000000000246,-5.996550000000013,-1,NO_VALID_ACTION_DEFENSIVE_AVG
2025-10-23 14:25:00,-3.671800000000019,-6.033850000000015,-1,NO_VALID_ACTION_DEFENSIVE_AVG
2025-10-23 14:30:00,-3.6725999999999885,0.5126600000000252,1,EXIT_PROFIT_TARGET_MET
2025-10-23 14:35:00,-3.6768000000000143,2.0278950000001057,1,EXIT_PROFIT_TARGET_MET
2025-10-23 14:40:00,-3.6829999999999927,0.9364150000000535,1,EXIT_PROFIT_TARGET_MET
2025-10-23 14:45:00,-3.6807999999999765,1.274009999999933,1,EXIT_PROFIT_TARGET_MET
2025-10-23 14:50:00,-3.678800000000024,1.4741774999999784,1,EXIT_PROFIT_TARGET_MET
2025-10-23 14:55:00,-3.6802000000000135,3.738747500000006,1,EXIT_PROFIT_TARGET_MET
2025-10-23 15:00:00,-3.6841999999999757,3.586247500000038,1,EXIT_PROFIT_TARGET_MET
2025-10-23 15:05:00,-3.689200000000028,3.3956224999999822,1,EXIT_PROFIT_TARGET_MET
2025-10-23 15:10:00,-3.691599999999994,3.3041225000000463,1,EXIT_PROFIT_TARGET_MET
2025-10-23 15:15:00,-3.6877999999999815,1.2231150000000852,1,EXIT_PROFIT_TARGET_MET
2025-10-23 15:20:00,-3.6829999999999927,0.14214250000002693,1,EXIT_PROFIT_TARGET_MET
2025-10-23 15:25:00,-3.6818000000000097,1.656303749999994,1,EXIT_PROFIT_TARGET_MET
2025-10-23 15:30:00,-3.6861999999999853,0.03618875000007371,1,EXIT_PROFIT_TARGET_MET
2025-10-23 15:35:00,-3.681600000000003,3.6936624999999363,1,EXIT_PROFIT_TARGET_MET
2025-10-23 15:40:00,-3.6779999999999973,1.2424825000000332,1,EXIT_PROFIT_TARGET_MET
2025-10-23 15:45:00,-3.6890000000000214,2.259279999999997,1,EXIT_PROFIT_TARGET_MET
2025-10-23 15:50:00,-3.6947999999999865,0.7703000000000024,1,EXIT_PROFIT_TARGET_MET
2025-10-23 15:55:00,-3.696799999999996,1.5620424999999045,1,EXIT_PROFIT_TARGET_MET
2025-10-23 16:00:00,-3.69380000000001,1.5969624999999255,1,EXIT_PROFIT_TARGET_MET
2025-10-23 16:05:00,-3.696399999999983,2.8568375000000117,1,EXIT_PROFIT_TARGET_MET
2025-10-23 16:10:00,-3.707400000000007,2.9756125000000484,1,EXIT_PROFIT_TARGET_MET
2025-10-23 16:15:00,-3.726600000000019,2.243612499999937,1,EXIT_PROFIT_TARGET_MET
2025-10-23 16:20:00,-3.726600000000019,2.243612499999937,1,EXIT_PROFIT_TARGET_MET
2025-10-23 16:25:00,-3.7250000000000227,2.304612499999985,1,EXIT_PROFIT_TARGET_MET
2025-10-23 16:30:00,-3.7210000000000036,2.457112499999969,1,EXIT_PROFIT_TARGET_MET
2025-10-23 16:35:00,-3.72180000000003,2.426612499999985,1,EXIT_PROFIT_TARGET_MET
2025-10-23 16:40:00,-3.726600000000019,2.243612499999937,1,EXIT_PROFIT_TARGET_MET
2025-10-23 16:45:00,-3.7304000000000315,2.0987374999998654,1,EXIT_PROFIT_TARGET_MET
2025-10-23 16:50:00,-3.7339999999999804,1.9614875000000414,1,EXIT_PROFIT_TARGET_MET
2025-10-23 16:55:00,-3.7479999999999905,1.427737499999978,1,EXIT_PROFIT_TARGET_MET
2025-10-23 17:00:00,-3.7402000000000157,1.7251124999999536,1,EXIT_PROFIT_TARGET_MET
2025-10-23 17:05:00,-3.738800000000026,1.7784875000000095,1,EXIT_PROFIT_TARGET_MET
2025-10-23 17:10:00,-3.732599999999991,2.0148624999999054,1,EXIT_PROFIT_TARGET_MET
2025-10-23 17:15:00,-3.731400000000008,2.0606125000000652,1,EXIT_PROFIT_TARGET_MET
2025-10-23 17:20:00,-3.725399999999979,2.289362500000001,1,EXIT_PROFIT_TARGET_MET
2025-10-23 17:25:00,-3.7425999999999817,1.6336124999999058,1,EXIT_PROFIT_TARGET_MET
2025-10-23 17:30:00,-3.752400000000023,1.259987499999994,1,EXIT_PROFIT_TARGET_MET
2025-10-23 17:35:00,-3.738999999999976,1.7708625000000175,1,EXIT_PROFIT_TARGET_MET
2025-10-23 17:40:00,-3.744799999999998,1.5497374999999938,1,EXIT_PROFIT_TARGET_MET
2025-10-23 17:45:00,-3.747799999999984,1.4353625000000658,1,EXIT_PROFIT_TARGET_MET
2025-10-23 17:50:00,-3.744000000000028,1.5802375000000417,1,EXIT_PROFIT_TARGET_MET
2025-10-23 17:55:00,-3.7490000000000236,1.389612500000002,1,EXIT_PROFIT_TARGET_MET
2025-10-23 18:00:00,-3.758800000000008,1.0159875000000103,1,EXIT_PROFIT_TARGET_MET
2025-10-23 18:05:00,-3.7649999999999864,0.7796124999999865,1,EXIT_PROFIT_TARGET_MET
2025-10-23 18:10:00,-3.762800000000027,0.8634875000000264,1,EXIT_PROFIT_TARGET_MET
2025-10-23 18:15:00,-3.7649999999999864,0.7796124999999865,1,EXIT_PROFIT_TARGET_MET
2025-10-23 18:20:00,-3.759999999999991,0.9702374999999464,1,EXIT_PROFIT_TARGET_MET
2025-10-23 18:25:00,-3.7590000000000146,1.0083625000000023,1,EXIT_PROFIT_TARGET_MET
2025-10-23 18:30:00,-3.7608000000000175,0.9397374999999464,1,EXIT_PROFIT_TARGET_MET
2025-10-23 18:35:00,-3.7560000000000286,1.1227374999999302,1,EXIT_PROFIT_TARGET_MET
2025-10-23 18:40:00,-3.758199999999988,1.0388624999999703,1,EXIT_PROFIT_TARGET_MET
2025-10-23 18:45:00,-3.7601999999999975,0.9626124999999544,1,EXIT_PROFIT_TARGET_MET
2025-10-23 18:50:00,-3.757600000000025,1.0617374999999623,1,EXIT_PROFIT_TARGET_MET
2025-10-23 18:55:00,-3.7586000000000013,1.0236124999999063,1,EXIT_PROFIT_TARGET_MET
2025-10-23 19:00:00,-3.7508000000000266,1.320987499999946,1,EXIT_PROFIT_TARGET_MET
2025-10-23 19:05:00,-3.7567999999999984,1.0922374999999303,1,EXIT_PROFIT_TARGET_MET
2025-10-23 19:10:00,-3.7504000000000133,1.336237499999962,1,EXIT_PROFIT_TARGET_MET
2025-10-23 19:15:00,-3.7613999999999805,0.9168624999999864,1,EXIT_PROFIT_TARGET_MET
2025-10-23 19:20:00,-3.762800000000027,0.8634875000000264,1,EXIT_PROFIT_TARGET_MET
2025-10-23 19:25:00,-3.771599999999978,0.5279874999999947,1,EXIT_PROFIT_TARGET_MET
2025-10-23 19:30:00,-3.7667999999999893,0.7109874999999466,1,EXIT_PROFIT_TARGET_MET
2025-10-23 19:35:00,-3.7595999999999776,0.9854875000000103,1,EXIT_PROFIT_TARGET_MET
2025-10-23 19:40:00,-3.7631999999999834,0.8482375000000424,1,EXIT_PROFIT_TARGET_MET
2025-10-23 19:45:00,-3.7626000000000204,0.8711124999999225,1,EXIT_PROFIT_TARGET_MET
2025-10-23 19:50:00,-3.7672000000000025,0.6957375000000585,1,EXIT_PROFIT_TARGET_MET
2025-10-23 19:55:00,-3.7678000000000225,0.6728624999998587,1,EXIT_PROFIT_TARGET_MET
2025-10-23 20:00:00,-3.771599999999978,0.5279874999999947,1,EXIT_PROFIT_TARGET_MET
2025-10-23 20:05:00,-3.768199999999979,0.6576124999999866,1,EXIT_PROFIT_TARGET_MET
2025-10-23 20:10:00,-3.7683999999999855,0.6499874999999946,1,EXIT_PROFIT_TARGET_MET
2025-10-23 20:15:00,-3.7774,0.30686249999997095,1,EXIT_PROFIT_TARGET_MET
2025-10-23 20:20:00,-3.775199999999984,0.3907375000000908,1,EXIT_PROFIT_TARGET_MET
2025-10-23 20:25:00,-3.7805999999999926,0.184862500000051,1,EXIT_PROFIT_TARGET_MET
2025-10-23 20:30:00,-3.77800000000002,0.28398749999997897,1,EXIT_PROFIT_TARGET_MET
2025-10-23 20:35:00,-3.7774,0.30686249999997095,1,EXIT_PROFIT_TARGET_MET
2025-10-23 20:40:00,-3.7742000000000075,0.42886249999997084,1,EXIT_PROFIT_TARGET_MET
2025-10-23 20:45:00,-3.7708000000000084,0.5584874999999467,1,EXIT_PROFIT_TARGET_MET
2025-10-23 20:50:00,-3.7653999999999996,0.7643625000000025,1,EXIT_PROFIT_TARGET_MET
2025-10-23 20:55:00,-3.765199999999993,0.7719874999998826,1,EXIT_PROFIT_TARGET_MET
2025-10-23 21:00:00,-3.7672000000000025,0.6957375000000585,1,EXIT_PROFIT_TARGET_MET
2025-10-23 21:05:00,-3.7717999999999847,0.5203624999999068,1,EXIT_PROFIT_TARGET_MET
2025-10-23 21:10:00,-3.7742000000000075,0.42886249999997084,1,EXIT_PROFIT_TARGET_MET
2025-10-23 21:15:00,-3.778599999999983,0.26111250000000297,1,EXIT_PROFIT_TARGET_MET
2025-10-23 21:20:00,-3.7848000000000184,0.024737499999979207,1,EXIT_PROFIT_TARGET_MET
2025-10-23 21:25:00,-3.7801999999999794,0.20011250000005099,1,EXIT_PROFIT_TARGET_MET
2025-10-23 21:30:00,-3.7694000000000187,0.6118624999999067,1,EXIT_PROFIT_TARGET_MET
2025-10-23 21:35:00,-3.766399999999976,0.7262375000000265,1,EXIT_PROFIT_TARGET_MET
2025-10-23 21:40:00,-3.762800000000027,0.8634875000000264,1,EXIT_PROFIT_TARGET_MET
2025-10-23 21:45:00,-3.759400000000028,0.9931124999999064,1,EXIT_PROFIT_TARGET_MET
2025-10-23 21:50:00,-3.757600000000025,1.0617374999999623,1,EXIT_PROFIT_TARGET_MET
2025-10-23 21:55:00,-3.758800000000008,1.0159875000000103,1,EXIT_PROFIT_TARGET_MET
2025-10-23 22:00:00,-3.7343999999999937,1.9462374999999614,1,EXIT_PROFIT_TARGET_MET
2025-10-23 22:05:00,-3.7404000000000224,1.7174874999998657,1,EXIT_PROFIT_TARGET_MET
2025-10-23 22:10:00,-3.7486000000000104,1.4048625000000978,1,EXIT_PROFIT_TARGET_MET
2025-10-23 22:15:00,-3.7714000000000283,0.5356124999999867,1,EXIT_PROFIT_TARGET_MET
2025-10-23 22:20:00,-3.7794000000000096,0.23061250000001898,1,EXIT_PROFIT_TARGET_MET
2025-10-23 22:25:00,-3.7796000000000163,0.22298750000002698,1,EXIT_PROFIT_TARGET_MET
2025-10-23 22:30:00,-3.7667999999999893,0.7109874999999466,1,EXIT_PROFIT_TARGET_MET
2025-10-23 22:35:00,-3.7735999999999876,0.45173750000004276,1,EXIT_PROFIT_TARGET_MET
2025-10-23 22:40:00,-3.774000000000001,0.43648750000005876,1,EXIT_PROFIT_TARGET_MET
2025-10-23 22:45:00,-3.776200000000017,0.35261250000001887,1,EXIT_PROFIT_TARGET_MET
2025-10-23 22:50:00,-3.7853999999999814,0.0018625000000032088,1,EXIT_PROFIT_TARGET_MET
2025-10-23 22:55:00,-3.7864000000000146,0.8283024999999098,1,EXIT_PROFIT_TARGET_MET
2025-10-23 23:00:00,-3.7812000000000126,0.16198749999997908,1,EXIT_PROFIT_TARGET_MET
2025-10-23 23:05:00,-3.7730000000000246,0.4746124999999388,1,EXIT_PROFIT_TARGET_MET
2025-10-23 23:10:00,-3.7930000000000064,0.5358399999999133,1,EXIT_PROFIT_TARGET_MET
2025-10-23 23:15:00,-3.7866000000000213,0.8194399999999167,1,EXIT_PROFIT_TARGET_MET
2025-10-23 23:20:00,-3.7900000000000205,0.6687774999999219,1,EXIT_PROFIT_TARGET_MET
2025-10-23 23:25:00,-3.8075999999999794,0.34718035156256943,1,EXIT_PROFIT_TARGET_MET
2025-10-23 23:30:00,-3.8419999999999845,0.8869942094421472,1,EXIT_PROFIT_TARGET_MET
2025-10-23 23:35:00,-3.838799999999992,0.9273930009460545,1,EXIT_PROFIT_TARGET_MET
2025-10-23 23:40:00,-3.81880000000001,0.2259421874999938,1,EXIT_PROFIT_TARGET_MET
2025-10-23 23:45:00,-3.8208000000000197,0.1250388671874556,1,EXIT_PROFIT_TARGET_MET
2025-10-23 23:50:00,-3.8163999999999874,0.3470261718750204,1,EXIT_PROFIT_TARGET_MET
2025-10-23 23:55:00,-3.8074000000000296,0.3572610156249676,1,EXIT_PROFIT_TARGET_MET
2025-10-24 00:00:00,-3.7993999999999915,0.2522399999999978,1,EXIT_PROFIT_TARGET_MET
2025-10-24 00:05:00,-3.7819999999999823,0.13148750000009102,1,EXIT_PROFIT_TARGET_MET
2025-10-24 00:10:00,-3.7714000000000283,0.5356124999999867,1,EXIT_PROFIT_TARGET_MET
2025-10-24 00:15:00,-3.7649999999999864,0.7796124999999865,1,EXIT_PROFIT_TARGET_MET
2025-10-24 00:20:00,-3.790999999999997,0.6244650000000442,1,EXIT_PROFIT_TARGET_MET
2025-10-24 00:25:00,-3.786200000000008,0.06326093749994044,1,EXIT_PROFIT_TARGET_MET
2025-10-24 00:30:00,-3.809000000000026,0.07568791992192822,1,EXIT_PROFIT_TARGET_MET
2025-10-24 00:35:00,-3.812000000000012,0.33288066406246153,1,EXIT_PROFIT_TARGET_MET
2025-10-24 00:40:00,-3.8004000000000246,0.17534191406239769,1,EXIT_PROFIT_TARGET_MET
2025-10-24 00:45:00,-3.8052000000000135,0.21655390625011217,1,EXIT_PROFIT_TARGET_MET
2025-10-24 00:50:00,-3.7948000000000093,0.4832326562499323,1,EXIT_PROFIT_TARGET_MET
2025-10-24 00:55:00,-3.795400000000029,0.5448959375000202,1,EXIT_PROFIT_TARGET_MET
2025-10-24 01:00:00,-3.7941999999999894,0.46790687500002104,1,EXIT_PROFIT_TARGET_MET
2025-10-24 01:05:00,-3.8208000000000197,1.110045878906286,1,EXIT_PROFIT_TARGET_MET
2025-10-24 01:10:00,-3.8174000000000206,1.181139628906239,1,EXIT_PROFIT_TARGET_MET
2025-10-24 01:15:00,-3.8081999999999994,1.1734090234375234,1,EXIT_PROFIT_TARGET_MET
2025-10-24 01:20:00,-3.810200000000009,1.0557107812499993,1,EXIT_PROFIT_TARGET_MET
2025-10-24 01:25:00,-3.816000000000031,0.7936198437500224,1,EXIT_PROFIT_TARGET_MET
2025-10-24 01:30:00,-3.8308000000000106,0.5874621875000008,1,EXIT_PROFIT_TARGET_MET
2025-10-24 01:35:00,-3.8267999999999915,0.0830771875000158,1,EXIT_PROFIT_TARGET_MET
2025-10-24 01:40:00,-3.8233999999999924,0.29321781249998935,1,EXIT_PROFIT_TARGET_MET
2025-10-24 01:45:00,-3.8349999999999795,0.058292500000021175,1,EXIT_PROFIT_TARGET_MET
2025-10-24 01:50:00,-3.8280000000000314,0.00606500000000576,1,EXIT_PROFIT_TARGET_MET
2025-10-24 01:55:00,-3.8215999999999894,0.047264999999995894,1,EXIT_PROFIT_TARGET_MET
2025-10-24 02:00:00,-3.8249999999999886,0.025377499999991393,1,EXIT_PROFIT_TARGET_MET
2025-10-24 02:05:00,-3.812999999999988,0.6681278125000074,1,EXIT_PROFIT_TARGET_MET
2025-10-24 02:10:00,-3.8181999999999903,0.552915312500019,1,EXIT_PROFIT_TARGET_MET
2025-10-24 02:15:00,-3.8156000000000176,0.6105215624999782,1,EXIT_PROFIT_TARGET_MET
2025-10-24 02:20:00,-3.8220000000000027,0.4687215625000105,1,EXIT_PROFIT_TARGET_MET
2025-10-24 02:25:00,-3.8215999999999894,0.4775840625000056,1,EXIT_PROFIT_TARGET_MET
2025-10-24 02:30:00,-3.8220000000000027,0.4687215625000105,1,EXIT_PROFIT_TARGET_MET
2025-10-24 02:35:00,-3.822999999999979,0.44656531249999376,1,EXIT_PROFIT_TARGET_MET
2025-10-24 02:40:00,-3.826000000000022,0.38009656250000146,1,EXIT_PROFIT_TARGET_MET
2025-10-24 02:45:00,-3.828800000000001,0.6739515624999961,1,EXIT_PROFIT_TARGET_MET
2025-10-24 02:50:00,-3.845199999999977,0.18780874999997188,1,EXIT_PROFIT_TARGET_MET
2025-10-24 02:55:00,-3.838799999999992,0.044844024729729516,1,EXIT_PROFIT_TARGET_MET
2025-10-24 03:00:00,-3.824799999999982,0.09200031249989915,1,EXIT_PROFIT_TARGET_MET
2025-10-24 03:05:00,-3.8161999999999807,0.14629835937498137,1,EXIT_PROFIT_TARGET_MET
2025-10-24 03:10:00,-3.810600000000022,0.034478871840238,1,EXIT_PROFIT_TARGET_MET
2025-10-24 03:15:00,-3.817200000000014,0.029271098285912872,1,EXIT_PROFIT_TARGET_MET
2025-10-24 03:20:00,-3.8267999999999915,0.0216961549341671,1,EXIT_PROFIT_TARGET_MET
2025-10-24 03:25:00,-3.823599999999999,0.02422113605141719,1,EXIT_PROFIT_TARGET_MET
2025-10-24 03:30:00,-3.8383999999999787,0.012543098384143398,1,EXIT_PROFIT_TARGET_MET
2025-10-24 03:35:00,-3.8684000000000083,-4.54650144092736e-09,1,HOLD
2025-10-24 03:40:00,-3.8570000000000277,-4.462848301045581e-09,1,HOLD
2025-10-24 03:45:00,-3.86099999999999,-4.528491990640791e-09,1,HOLD
2025-10-24 03:50:00,-3.8512000000000057,0.0024431739151475384,1,EXIT_PROFIT_TARGET_MET
2025-10-24 03:55:00,-3.8502000000000294,0.0032322305142887535,1,EXIT_PROFIT_TARGET_MET
2025-10-24 04:00:00,-3.8496000000000095,0.003705664473771084,1,EXIT_PROFIT_TARGET_MET
2025-10-24 04:05:00,-3.839800000000025,0.011438419145346296,1,EXIT_PROFIT_TARGET_MET
2025-10-24 04:10:00,-3.8314000000000306,0.01806649457812441,1,EXIT_PROFIT_TARGET_MET
2025-10-24 04:15:00,-3.836599999999976,0.013963400262594886,1,EXIT_PROFIT_TARGET_MET
2025-10-24 04:20:00,-3.8360000000000127,0.014436834222077217,1,EXIT_PROFIT_TARGET_MET
2025-10-24 04:25:00,-3.8310000000000173,0.018382117217778795,1,EXIT_PROFIT_TARGET_MET
2025-10-24 04:30:00,-3.836400000000026,0.014121211582421331,1,EXIT_PROFIT_TARGET_MET
2025-10-24 04:35:00,-3.828800000000001,0.0335817092645175,1,EXIT_PROFIT_TARGET_MET
2025-10-24 04:40:00,-3.8296000000000276,0.03895690941572083,1,EXIT_PROFIT_TARGET_MET
2025-10-24 04:45:00,-3.8231999999999857,0.038249594993590603,1,EXIT_PROFIT_TARGET_MET
2025-10-24 04:50:00,-3.827200000000005,0.04412894025802641,1,EXIT_PROFIT_TARGET_MET
2025-10-24 04:55:00,-3.830600000000004,0.03160811843871933,1,EXIT_PROFIT_TARGET_MET
2025-10-24 05:00:00,-3.812599999999975,0.19972062499997323,1,EXIT_PROFIT_TARGET_MET
2025-10-24 05:05:00,-3.821199999999976,0.0432888366699229,1,EXIT_PROFIT_TARGET_MET
2025-10-24 05:10:00,-3.825800000000015,0.042455700073242716,1,EXIT_PROFIT_TARGET_MET
2025-10-24 05:15:00,-3.814799999999991,0.05445485473632932,1,EXIT_PROFIT_TARGET_MET
2025-10-24 05:20:00,-3.830600000000004,0.04242320922851557,1,EXIT_PROFIT_TARGET_MET
2025-10-24 05:25:00,-3.835199999999986,0.03600345214843833,1,EXIT_PROFIT_TARGET_MET
2025-10-24 05:30:00,-3.828800000000001,0.04513598388671852,1,EXIT_PROFIT_TARGET_MET
2025-10-24 05:35:00,-3.828199999999981,0.03804101562500032,1,EXIT_PROFIT_TARGET_MET
2025-10-24 05:40:00,-3.822999999999979,0.03930760742187399,1,EXIT_PROFIT_TARGET_MET
2025-10-24 05:45:00,-3.8337999999999965,0.023759882812501576,1,EXIT_PROFIT_TARGET_MET
2025-10-24 05:50:00,-3.828800000000001,0.017620312499999152,1,EXIT_PROFIT_TARGET_MET
2025-10-24 05:55:00,-3.8226000000000226,0.012217988281252035,1,EXIT_PROFIT_TARGET_MET
2025-10-24 06:00:00,-3.8111999999999853,0.028788232421875642,1,EXIT_PROFIT_TARGET_MET
2025-10-24 06:05:00,-3.8088000000000193,0.010026679687494822,1,EXIT_PROFIT_TARGET_MET
2025-10-24 06:10:00,-3.798000000000002,0.46340496093750355,1,EXIT_PROFIT_TARGET_MET
2025-10-24 06:15:00,-3.803600000000017,0.05827460937498574,1,EXIT_PROFIT_TARGET_MET
2025-10-24 06:20:00,-3.8063999999999965,0.3808807812500199,1,EXIT_PROFIT_TARGET_MET
2025-10-24 06:25:00,-3.8034000000000106,0.08565968750001574,1,EXIT_PROFIT_TARGET_MET
2025-10-24 06:30:00,-3.8081999999999994,0.34099953124998694,1,EXIT_PROFIT_TARGET_MET
2025-10-24 06:35:00,-3.801400000000001,0.10472218749998374,1,EXIT_PROFIT_TARGET_MET
2025-10-24 06:40:00,-3.799199999999985,0.3142694982911267,1,EXIT_PROFIT_TARGET_MET
2025-10-24 06:45:00,-3.7923999999999864,1.297661901855483,1,EXIT_PROFIT_TARGET_MET
2025-10-24 06:50:00,-3.7975999999999885,0.2350892248535875,1,EXIT_PROFIT_TARGET_MET
2025-10-24 06:55:00,-3.775800000000004,-11.590616250000012,-1,NO_VALID_ACTION_DEFENSIVE_AVG
2025-10-24 07:00:00,-3.7864000000000146,-14.498562656250122,-1,HOLD
2025-10-24 07:05:00,-3.7841999999999985,-8.70238375000018,-1,HOLD
2025-10-24 07:10:00,-3.784400000000005,-11.221561250000342,-1,HOLD
2025-10-24 07:15:00,-3.7794000000000096,-16.868683749999995,-1,HOLD
2025-10-24 07:20:00,-3.785000000000025,-12.032831562500462,-1,HOLD
2025-10-24 07:25:00,-3.785599999999988,-18.746732187500065,-1,NO_VALID_ACTION_DEFENSIVE_AVG
2025-10-24 07:30:00,-3.783200000000022,-10.587102500000213,-1,NO_VALID_ACTION_DEFENSIVE_AVG
2025-10-24 07:35:00,-3.7783999999999764,-18.202855624999987,-1,NO_VALID_ACTION_DEFENSIVE_AVG
2025-10-24 07:40:00,-3.7753999999999905,-12.549534999999896,-1,NO_VALID_ACTION_DEFENSIVE_AVG
2025-10-24 07:45:00,-3.7805999999999926,-17.466068124999932,-1,NO_VALID_ACTION_DEFENSIVE_AVG
2025-10-24 07:50:00,-3.7794000000000096,-17.988761875,-1,NO_VALID_ACTION_DEFENSIVE_AVG
2025-10-24 07:55:00,-3.775800000000004,-12.754991249999996,-1,NO_VALID_ACTION_DEFENSIVE_AVG
2025-10-24 08:00:00,-3.7800000000000296,-18.01218062500019,-1,NO_VALID_ACTION_DEFENSIVE_AVG
2025-10-24 08:05:00,-3.7871999999999844,-17.469201718749673,-1,NO_VALID_ACTION_DEFENSIVE_AVG
2025-10-24 08:10:00,-3.785599999999988,-17.636146249999996,-1,NO_VALID_ACTION_DEFENSIVE_AVG
2025-10-24 08:15:00,-3.7848000000000184,-12.123111250000441,-1,NO_VALID_ACTION_DEFENSIVE_AVG
2025-10-24 08:20:00,-3.7796000000000163,-17.072661874999877,-1,NO_VALID_ACTION_DEFENSIVE_AVG
2025-10-24 08:25:00,-3.7905999999999835,0.7984546679688144,1,EXIT_PROFIT_TARGET_MET
2025-10-24 08:30:00,-3.8009999999999877,0.4033473059082025,1,EXIT_PROFIT_TARGET_MET
2025-10-24 08:35:00,-3.803600000000017,0.08375343749999375,1,EXIT_PROFIT_TARGET_MET
2025-10-24 08:40:00,-3.8023999999999774,0.09519093749998575,1,EXIT_PROFIT_TARGET_MET
2025-10-24 08:45:00,-3.800200000000018,0.3637571691894808,1,EXIT_PROFIT_TARGET_MET
2025-10-24 08:50:00,-3.8063999999999965,0.3808807812500199,1,EXIT_PROFIT_TARGET_MET
2025-10-24 08:55:00,-3.8081999999999994,0.34099953124998694,1,EXIT_PROFIT_TARGET_MET
2025-10-24 09:00:00,-3.8100000000000023,0.30111828125001194,1,EXIT_PROFIT_TARGET_MET
2025-10-24 09:05:00,-3.8127999999999815,0.2390807812500202,1,EXIT_PROFIT_TARGET_MET
2025-10-24 09:10:00,-3.8149999999999977,0.1903370312500181,1,EXIT_PROFIT_TARGET_MET
2025-10-24 09:15:00,-3.813199999999995,0.2302182812499991,1,EXIT_PROFIT_TARGET_MET
2025-10-24 09:20:00,-3.8262000000000285,0.39726226562497124,1,EXIT_PROFIT_TARGET_MET
2025-10-24 09:25:00,-3.823599999999999,0.45889039062499903,1,EXIT_PROFIT_TARGET_MET
2025-10-24 09:30:00,-3.8202,0.07512453125000373,1,EXIT_PROFIT_TARGET_MET
2025-10-24 09:35:00,-3.8210000000000264,0.05739953124998154,1,EXIT_PROFIT_TARGET_MET
2025-10-24 09:40:00,-3.8215999999999894,0.044105781250023846,1,EXIT_PROFIT_TARGET_MET
2025-10-24 09:45:00,-3.823599999999999,0.45889039062499903,1,EXIT_PROFIT_TARGET_MET
2025-10-24 09:50:00,-3.828800000000001,0.3356341406249814,1,EXIT_PROFIT_TARGET_MET
2025-10-24 09:55:00,-3.826999999999998,0.3782997656249849,1,EXIT_PROFIT_TARGET_MET
2025-10-24 10:00:00,-3.827200000000005,0.37355914062498907,1,EXIT_PROFIT_TARGET_MET
2025-10-24 10:05:00,-3.8333999999999833,0.22659976562501227,1,EXIT_PROFIT_TARGET_MET
2025-10-24 10:10:00,-3.843599999999981,1.7190639453125107,1,EXIT_PROFIT_TARGET_MET
2025-10-24 10:15:00,-3.8444000000000074,1.6994826953124913,1,EXIT_PROFIT_TARGET_MET
2025-10-24 10:20:00,-3.838200000000029,0.11282476562498633,1,EXIT_PROFIT_TARGET_MET
2025-10-24 10:25:00,-3.83420000000001,0.20763726562499396,1,EXIT_PROFIT_TARGET_MET
2025-10-24 10:30:00,-3.8444000000000074,1.6994826953124913,1,EXIT_PROFIT_TARGET_MET
2025-10-24 10:35:00,-3.8473999999999933,1.6260530078125033,1,EXIT_PROFIT_TARGET_MET
2025-10-24 10:40:00,-3.848000000000013,1.6113670703124787,1,EXIT_PROFIT_TARGET_MET
2025-10-24 10:45:00,-3.858600000000024,1.351915507812473,1,EXIT_PROFIT_TARGET_MET
2025-10-24 10:50:00,-3.866800000000012,1.1512076953124946,1,EXIT_PROFIT_TARGET_MET
2025-10-24 10:55:00,-3.850999999999999,1.5379373828124907,1,EXIT_PROFIT_TARGET_MET
2025-10-24 11:00:00,-3.858000000000004,1.3666014453124957,1,EXIT_PROFIT_TARGET_MET
2025-10-24 11:05:00,-3.8582000000000107,1.3617061328124993,1,EXIT_PROFIT_TARGET_MET
2025-10-24 11:10:00,-3.8525999999999954,1.4987748828125145,1,EXIT_PROFIT_TARGET_MET
2025-10-24 11:15:00,-3.854600000000005,1.44982175781251,1,EXIT_PROFIT_TARGET_MET
2025-10-24 11:20:00,-3.8512000000000057,1.5330420703124943,1,EXIT_PROFIT_TARGET_MET
2025-10-24 11:25:00,-3.84699999999998,1.6358436328125296,1,EXIT_PROFIT_TARGET_MET
2025-10-24 11:30:00,-3.8485999999999763,1.5966811328125199,1,EXIT_PROFIT_TARGET_MET
2025-10-24 11:35:00,-3.856800000000021,2.4620885937499404,1,EXIT_PROFIT_TARGET_MET
2025-10-24 11:40:00,-3.8593999999999937,3.576609843750017,1,EXIT_PROFIT_TARGET_MET
2025-10-24 11:45:00,-3.86099999999999,2.61170874999986,1,EXIT_PROFIT_TARGET_MET
2025-10-24 11:50:00,-3.8629999999999995,1.9462118750000394,1,EXIT_PROFIT_TARGET_MET
2025-10-24 11:55:00,-3.8596000000000004,1.4202962500000336,1,EXIT_PROFIT_TARGET_MET
2025-10-24 12:00:00,-3.84699999999998,1.0119018750000377,1,EXIT_PROFIT_TARGET_MET
2025-10-24 12:05:00,-3.8476,0.34586000000008355,1,EXIT_PROFIT_TARGET_MET
2025-10-24 12:10:00,-3.8462000000000103,0.016510625000079937,1,EXIT_PROFIT_TARGET_MET
2025-10-24 12:15:00,-3.835800000000006,1.0702381250000776,1,EXIT_PROFIT_TARGET_MET
2025-10-24 12:20:00,-3.8319999999999936,0.0006335023498535231,1,EXIT_PROFIT_TARGET_MET
2025-10-24 12:25:00,-3.8322000000000003,0.0016969909667968728,1,EXIT_PROFIT_TARGET_MET
2025-10-24 12:30:00,-3.8385999999999854,0.0003301281738280742,1,EXIT_PROFIT_TARGET_MET
2025-10-24 12:35:00,-3.83420000000001,0.004080603027343607,1,EXIT_PROFIT_TARGET_MET
2025-10-24 12:40:00,-3.855799999999988,0.007359677734374945,1,EXIT_PROFIT_TARGET_MET
2025-10-24 12:45:00,-3.853999999999985,0.007562714843750248,1,EXIT_PROFIT_TARGET_MET
2025-10-24 12:50:00,-3.8543999999999983,0.06809697265625018,1,EXIT_PROFIT_TARGET_MET
2025-10-24 12:55:00,-3.843599999999981,0.054290585937504715,1,EXIT_PROFIT_TARGET_MET
2025-10-24 13:00:00,-3.8380000000000223,0.17579839843750125,1,EXIT_PROFIT_TARGET_MET
2025-10-24 13:05:00,-3.8374000000000024,0.3296941992187541,1,EXIT_PROFIT_TARGET_MET
2025-10-24 13:10:00,-3.837600000000009,0.6963759765625018,1,EXIT_PROFIT_TARGET_MET
2025-10-24 13:15:00,-3.835199999999986,1.083273105468799,1,EXIT_PROFIT_TARGET_MET
2025-10-24 13:20:00,-3.8378000000000156,0.7253557812500044,1,EXIT_PROFIT_TARGET_MET
2025-10-24 13:25:00,-3.8303999999999974,1.1163707031249877,1,EXIT_PROFIT_TARGET_MET
2025-10-24 13:30:00,-3.8238000000000056,0.8085701562499283,1,EXIT_PROFIT_TARGET_MET
2025-10-24 13:35:00,-3.819999999999993,0.6086346874999546,1,EXIT_PROFIT_TARGET_MET
2025-10-24 13:40:00,-3.8245999999999754,0.9705199999999552,1,EXIT_PROFIT_TARGET_MET
2025-10-24 13:45:00,-3.81880000000001,0.9818974999998709,1,EXIT_PROFIT_TARGET_MET
2025-10-24 13:50:00,-3.8240000000000123,0.20390125000002435,1,EXIT_PROFIT_TARGET_MET
2025-10-24 13:55:00,-3.825800000000015,0.07969171874989289,1,EXIT_PROFIT_TARGET_MET
2025-10-24 14:00:00,-3.821399999999983,0.5365228906251179,1,EXIT_PROFIT_TARGET_MET
2025-10-24 14:05:00,-3.8278000000000247,0.09790796875000524,1,EXIT_PROFIT_TARGET_MET
2025-10-24 14:10:00,-3.8333999999999833,0.26096968750000515,1,EXIT_PROFIT_TARGET_MET
2025-10-24 14:15:00,-3.8314000000000306,0.7924085546875875,1,EXIT_PROFIT_TARGET_MET
2025-10-24 14:20:00,-3.852199999999982,0.3828181249999467,1,EXIT_PROFIT_TARGET_MET
2025-10-24 14:25:00,-3.8554000000000315,0.004171250000062798,1,EXIT_PROFIT_TARGET_MET
2025-10-24 14:30:00,-3.886000000000024,0.5600237499999743,1,EXIT_PROFIT_TARGET_MET
2025-10-24 14:35:00,-3.876800000000003,0.2773006249999499,1,EXIT_PROFIT_TARGET_MET
2025-10-24 14:40:00,-3.877200000000016,0.554483749999882,1,EXIT_PROFIT_TARGET_MET
2025-10-24 14:45:00,-3.877200000000016,1.3272337499999685,1,EXIT_PROFIT_TARGET_MET
2025-10-24 14:50:00,-3.881399999999985,0.7763574999999712,1,EXIT_PROFIT_TARGET_MET
2025-10-24 14:55:00,-3.870200000000011,1.6475100000000218,1,EXIT_PROFIT_TARGET_MET
2025-10-24 15:00:00,-3.860400000000027,0.733553749999972,1,EXIT_PROFIT_TARGET_MET
2025-10-24 15:05:00,-3.87439999999998,0.9013637500000442,1,EXIT_PROFIT_TARGET_MET
2025-10-24 15:10:00,-3.8688000000000216,0.04868999999997925,1,EXIT_PROFIT_TARGET_MET
2025-10-24 15:15:00,-3.87560000000002,0.07198162109374368,1,EXIT_PROFIT_TARGET_MET
2025-10-24 15:20:00,-3.872000000000014,0.17760984375000205,1,EXIT_PROFIT_TARGET_MET
2025-10-24 15:25:00,-3.867999999999995,0.04802578124999557,1,EXIT_PROFIT_TARGET_MET
2025-10-24 15:30:00,-3.8695999999999913,0.35248499999998506,1,EXIT_PROFIT_TARGET_MET
2025-10-24 15:35:00,-3.8652000000000157,0.5966378124999447,1,EXIT_PROFIT_TARGET_MET
2025-10-24 15:40:00,-3.8648000000000025,0.44118124999991615,1,EXIT_PROFIT_TARGET_MET
2025-10-24 15:45:00,-3.8718000000000075,0.862061638793882,1,EXIT_PROFIT_TARGET_MET
2025-10-24 15:50:00,-3.8648000000000025,0.6416765112303001,1,EXIT_PROFIT_TARGET_MET
2025-10-24 15:55:00,-3.8666000000000054,0.5507873876952918,1,EXIT_PROFIT_TARGET_MET
2025-10-24 16:00:00,-3.866800000000012,0.5406885961912954,1,EXIT_PROFIT_TARGET_MET
2025-10-24 16:05:00,-3.856400000000008,1.0658257543944079,1,EXIT_PROFIT_TARGET_MET
2025-10-24 16:10:00,-3.858600000000024,0.9547390478515027,1,EXIT_PROFIT_TARGET_MET
2025-10-24 16:15:00,-3.86160000000001,0.8032571752928996,1,EXIT_PROFIT_TARGET_MET
2025-10-24 16:20:00,-3.8652000000000157,0.6214789282225951,1,EXIT_PROFIT_TARGET_MET
2025-10-24 16:25:00,-3.864399999999989,0.661874094238197,1,EXIT_PROFIT_TARGET_MET
2025-10-24 16:30:00,-3.864599999999996,0.6517753027342965,1,EXIT_PROFIT_TARGET_MET
2025-10-24 16:35:00,-3.865799999999979,0.5911825537108937,1,EXIT_PROFIT_TARGET_MET
2025-10-24 16:40:00,-3.863800000000026,0.6921704687498984,1,EXIT_PROFIT_TARGET_MET
2025-10-24 16:45:00,-3.86099999999999,0.8335535498046011,1,EXIT_PROFIT_TARGET_MET
2025-10-24 16:50:00,-3.8663999999999987,0.5608861791990963,1,EXIT_PROFIT_TARGET_MET
2025-10-24 16:55:00,-3.866199999999992,0.5709849707029968,1,EXIT_PROFIT_TARGET_MET
2025-10-24 17:00:00,-3.8672000000000253,0.5204910131834944,1,EXIT_PROFIT_TARGET_MET
2025-10-24 17:05:00,-3.8607999999999834,0.8436523413085975,1,EXIT_PROFIT_TARGET_MET
2025-10-24 17:10:00,-3.853400000000022,1.217307626953107,1,EXIT_PROFIT_TARGET_MET
2025-10-24 17:15:00,-3.855200000000025,1.1264185034179066,1,EXIT_PROFIT_TARGET_MET
2025-10-24 17:20:00,-3.8600000000000136,0.8840475073241993,1,EXIT_PROFIT_TARGET_MET
2025-10-24 17:25:00,-3.863400000000013,0.7123680517577953,1,EXIT_PROFIT_TARGET_MET
2025-10-24 17:30:00,-3.8596000000000004,0.9042450903319044,1,EXIT_PROFIT_TARGET_MET
2025-10-24 17:35:00,-3.854600000000005,1.1567148779296081,1,EXIT_PROFIT_TARGET_MET
2025-10-24 17:40:00,-3.846400000000017,1.5707653295897193,1,EXIT_PROFIT_TARGET_MET
2025-10-24 17:45:00,-3.8371999999999957,0.0633640624998909,1,EXIT_PROFIT_TARGET_MET
2025-10-24 17:50:00,-3.8389999999999986,0.06853367187491144,1,EXIT_PROFIT_TARGET_MET
2025-10-24 17:55:00,-3.843599999999981,0.08283394531242533,1,EXIT_PROFIT_TARGET_MET
2025-10-24 18:00:00,-3.837600000000009,0.043473437499902734,1,EXIT_PROFIT_TARGET_MET
2025-10-24 18:05:00,-3.8444000000000074,0.042511289062448374,1,EXIT_PROFIT_TARGET_MET
2025-10-24 18:10:00,-3.849400000000003,1.4192834570312123,1,EXIT_PROFIT_TARGET_MET
2025-10-24 18:15:00,-3.8500000000000227,1.3889870825195108,1,EXIT_PROFIT_TARGET_MET
2025-10-24 18:20:00,-3.8514000000000124,1.3182955419921116,1,EXIT_PROFIT_TARGET_MET
2025-10-24 18:25:00,-3.848799999999983,1.4495798315429136,1,EXIT_PROFIT_TARGET_MET
2025-10-24 18:30:00,-3.8496000000000095,1.4091846655272158,1,EXIT_PROFIT_TARGET_MET
2025-10-24 18:35:00,-3.8629999999999995,0.7325656347655004,1,EXIT_PROFIT_TARGET_MET
2025-10-24 18:40:00,-3.8677999999999884,0.490194638671793,1,EXIT_PROFIT_TARGET_MET
2025-10-24 18:45:00,-3.86099999999999,0.8335535498046011,1,EXIT_PROFIT_TARGET_MET
2025-10-24 18:50:00,-3.8605999999999767,0.853751132812402,1,EXIT_PROFIT_TARGET_MET
2025-10-24 18:55:00,-3.859199999999987,0.9244426733398012,1,EXIT_PROFIT_TARGET_MET
2025-10-24 19:00:00,-3.858000000000004,0.9850354223632041,1,EXIT_PROFIT_TARGET_MET
2025-10-24 19:05:00,-3.8607999999999834,0.8436523413085975,1,EXIT_PROFIT_TARGET_MET
2025-10-24 19:10:00,-3.8652000000000157,0.6214789282225951,1,EXIT_PROFIT_TARGET_MET
2025-10-24 19:15:00,-3.863800000000026,0.6921704687498984,1,EXIT_PROFIT_TARGET_MET
2025-10-24 19:20:00,-3.86099999999999,0.8335535498046011,1,EXIT_PROFIT_TARGET_MET
2025-10-24 19:25:00,-3.8589999999999804,0.9345414648436058,1,EXIT_PROFIT_TARGET_MET
2025-10-24 19:30:00,-3.8525999999999954,1.2577027929687088,1,EXIT_PROFIT_TARGET_MET
2025-10-24 19:35:00,-3.852800000000002,1.2476040014648082,1,EXIT_PROFIT_TARGET_MET
2025-10-24 19:40:00,-3.8537999999999784,1.19711004394521,1,EXIT_PROFIT_TARGET_MET
2025-10-24 19:45:00,-3.8541999999999916,1.176912460937409,1,EXIT_PROFIT_TARGET_MET
2025-10-24 19:50:00,-3.8466000000000236,1.5606665380859148,1,EXIT_PROFIT_TARGET_MET
2025-10-24 19:55:00,-3.842800000000011,0.12315660156249808,1,EXIT_PROFIT_TARGET_MET
2025-10-24 20:00:00,-3.83420000000001,0.019267499999979343,1,EXIT_PROFIT_TARGET_MET
2025-10-24 20:05:00,-3.837600000000009,0.043473437499902734,1,EXIT_PROFIT_TARGET_MET
2025-10-24 20:10:00,-3.839400000000012,0.04841101562501873,1,EXIT_PROFIT_TARGET_MET
2025-10-24 20:15:00,-3.8344000000000165,0.01040499999998623,1,EXIT_PROFIT_TARGET_MET
2025-10-24 20:20:00,-3.8308000000000106,0.1699300000000621,1,EXIT_PROFIT_TARGET_MET
2025-10-24 20:25:00,-3.8314000000000306,0.14334249999999482,1,EXIT_PROFIT_TARGET_MET
2025-10-24 20:30:00,-3.8396000000000186,0.03834968749992862,1,EXIT_PROFIT_TARGET_MET
2025-10-24 20:35:00,-3.8337999999999965,0.03699249999996557,1,EXIT_PROFIT_TARGET_MET
2025-10-24 20:40:00,-3.8371999999999957,0.0633640624998909,1,EXIT_PROFIT_TARGET_MET
2025-10-24 20:45:00,-3.835399999999993,0.1528718749999346,1,EXIT_PROFIT_TARGET_MET
2025-10-24 20:50:00,-3.8371999999999957,0.0633640624998909,1,EXIT_PROFIT_TARGET_MET
2025-10-24 20:55:00,-3.8355999999999995,0.1429265624998446,1,EXIT_PROFIT_TARGET_MET
2025-10-24 21:00:00,-3.8360000000000127,0.12303593749995234,1,EXIT_PROFIT_TARGET_MET
2025-10-24 21:05:00,-3.8360000000000127,0.12303593749995234,1,EXIT_PROFIT_TARGET_MET
2025-10-24 21:10:00,-3.836599999999976,0.09319999999997008,1,EXIT_PROFIT_TARGET_MET
2025-10-24 21:15:00,-3.831200000000024,0.15220499999998793,1,EXIT_PROFIT_TARGET_MET
2025-10-24 21:20:00,-3.829400000000021,0.23196750000002186,1,EXIT_PROFIT_TARGET_MET
2025-10-24 21:25:00,-3.8333999999999833,0.05471750000005571,1,EXIT_PROFIT_TARGET_MET
2025-10-24 21:30:00,-3.826599999999985,2.3377463221549035e-08,1,EXIT_PROFIT_TARGET_MET
2025-10-24 21:35:00,-3.825400000000002,2.6104375720024106e-08,1,EXIT_PROFIT_TARGET_MET
2025-10-24 21:40:00,-3.831799999999987,0.1256175000000086,1,EXIT_PROFIT_TARGET_MET
2025-10-24 21:45:00,-3.829400000000021,0.23196750000002186,1,EXIT_PROFIT_TARGET_MET
2025-10-24 21:50:00,-3.8385999999999854,0.08865632812499574,1,EXIT_PROFIT_TARGET_MET
2025-10-24 21:55:00,-3.842800000000011,0.12315660156249808,1,EXIT_PROFIT_TARGET_MET
2025-10-24 22:00:00,-3.857399999999984,1.0153317968750015,1,EXIT_PROFIT_TARGET_MET
2025-10-24 22:05:00,-3.8554000000000315,1.1163197119139103,1,EXIT_PROFIT_TARGET_MET
2025-10-24 22:10:00,-3.857399999999984,1.0153317968750015,1,EXIT_PROFIT_TARGET_MET
2025-10-24 22:15:00,-3.850599999999986,1.3586907080077135,1,EXIT_PROFIT_TARGET_MET
2025-10-24 22:20:00,-3.8548000000000116,1.1466160864256116,1,EXIT_PROFIT_TARGET_MET
2025-10-24 22:25:00,-3.8596000000000004,0.9042450903319044,1,EXIT_PROFIT_TARGET_MET
2025-10-24 22:30:00,-3.8899999999999864,1.6309392112732306,1,EXIT_PROFIT_TARGET_MET
2025-10-24 22:35:00,-3.877999999999986,2.236936945342996,1,EXIT_PROFIT_TARGET_MET
2025-10-24 22:40:00,-3.8806000000000154,2.105637436294609,1,EXIT_PROFIT_TARGET_MET
2025-10-24 22:45:00,-3.8792000000000257,2.1763371719360483,1,EXIT_PROFIT_TARGET_MET
2025-10-24 22:50:00,-3.8666000000000054,0.5507873876952918,1,EXIT_PROFIT_TARGET_MET
2025-10-24 22:55:00,-3.873199999999997,0.2175272680663843,1,EXIT_PROFIT_TARGET_MET
2025-10-24 23:00:00,-3.8824000000000183,2.014737776184092,1,EXIT_PROFIT_TARGET_MET
2025-10-24 23:05:00,-3.879599999999982,2.1561372474669698,1,EXIT_PROFIT_TARGET_MET
2025-10-24 23:10:00,-3.8740000000000236,0.1771321020507824,1,EXIT_PROFIT_TARGET_MET
2025-10-24 23:15:00,-3.8788000000000125,2.196537096404935,1,EXIT_PROFIT_TARGET_MET
2025-10-24 23:20:00,-3.8724000000000274,0.2579224340819862,1,EXIT_PROFIT_TARGET_MET
2025-10-24 23:25:00,-3.8666000000000054,0.5507873876952918,1,EXIT_PROFIT_TARGET_MET
2025-10-24 23:30:00,-3.8636000000000195,0.7022692602537989,1,EXIT_PROFIT_TARGET_MET
2025-10-24 23:35:00,-3.84699999999998,1.540468955078018,1,EXIT_PROFIT_TARGET_MET
2025-10-24 23:40:00,-3.834600000000023,0.0015424999999931188,1,EXIT_PROFIT_TARGET_MET
2025-10-24 23:45:00,-3.830600000000004,0.17879249999997526,1,EXIT_PROFIT_TARGET_MET
2025-10-24 23:50:00,-3.839400000000012,0.04841101562501873,1,EXIT_PROFIT_TARGET_MET
2025-10-24 23:55:00,-3.849800000000016,1.3990858740233154,1,EXIT_PROFIT_TARGET_MET
2025-10-25 00:00:00,-3.8331999999999766,0.0635799999999529,1,EXIT_PROFIT_TARGET_MET
2025-10-25 00:05:00,-3.834600000000023,0.0015424999999931188,1,EXIT_PROFIT_TARGET_MET
2025-10-25 00:10:00,-3.836599999999976,0.09319999999997008,1,EXIT_PROFIT_TARGET_MET
2025-10-25 00:15:00,-3.821399999999983,1.0145507752895132e-07,1,EXIT_PROFIT_TARGET_MET
2025-10-25 00:20:00,-3.812400000000025,-5.99921499999992,-1,NO_VALID_ACTION_DEFENSIVE_AVG
2025-10-25 00:25:00,-3.806600000000003,-5.142226249999968,-1,NO_VALID_ACTION_DEFENSIVE_AVG
2025-10-25 00:30:00,-3.8152000000000044,4.1101858019829086e-07,1,EXIT_PROFIT_TARGET_MET
2025-10-25 00:35:00,-3.811800000000005,-6.1065774999999665,-1,NO_VALID_ACTION_DEFENSIVE_AVG
2025-10-25 00:40:00,-3.8163999999999874,4.001109302044001e-07,1,EXIT_PROFIT_TARGET_MET
2025-10-25 00:45:00,-3.811800000000005,-6.0559524999999645,-1,HOLD
2025-10-25 00:50:00,-3.806600000000003,-5.19285124999997,-1,HOLD
2025-10-25 00:55:00,-3.803200000000004,-4.497399999999999,-1,HOLD
2025-10-25 01:00:00,-3.803200000000004,0.7316612499999766,1,EXIT_PROFIT_TARGET_MET
2025-10-25 01:05:00,-3.8027999999999906,0.3106818749998963,1,EXIT_PROFIT_TARGET_MET
2025-10-25 01:10:00,-3.8075999999999794,0.11801406250005408,1,EXIT_PROFIT_TARGET_MET
2025-10-25 01:15:00,-3.805000000000007,0.49394406250006684,1,EXIT_PROFIT_TARGET_MET
2025-10-25 01:20:00,-3.8029999999999973,0.2273318749999218,1,EXIT_PROFIT_TARGET_MET
2025-10-25 01:25:00,-3.7964000000000055,0.272079531250047,1,EXIT_PROFIT_TARGET_MET
2025-10-25 01:30:00,-3.785199999999975,0.1056075000000094,1,EXIT_PROFIT_TARGET_MET
2025-10-25 01:35:00,-3.789800000000014,0.07228374999993648,1,EXIT_PROFIT_TARGET_MET
2025-10-25 01:40:00,-3.7887999999999806,2.3290893750000308,1,EXIT_PROFIT_TARGET_MET
2025-10-25 01:45:00,-3.789800000000014,1.4629674999999889,1,EXIT_PROFIT_TARGET_MET
2025-10-25 01:50:00,-3.79079999999999,1.1631974999999475,1,EXIT_PROFIT_TARGET_MET
2025-10-25 01:55:00,-3.788600000000031,0.9146862500000186,1,EXIT_PROFIT_TARGET_MET
2025-10-25 02:00:00,-3.787399999999991,0.962091875000123,1,EXIT_PROFIT_TARGET_MET
2025-10-25 02:05:00,-3.7882000000000176,0.2816674999999318,1,EXIT_PROFIT_TARGET_MET
2025-10-25 02:10:00,-3.7964000000000055,2.3546512500000816,1,EXIT_PROFIT_TARGET_MET
2025-10-25 02:15:00,-3.8034000000000106,0.3902074999999634,1,EXIT_PROFIT_TARGET_MET
2025-10-25 02:20:00,-3.7952000000000226,0.6013575000000237,1,EXIT_PROFIT_TARGET_MET
2025-10-25 02:25:00,-3.8023999999999774,0.41595750000004017,1,EXIT_PROFIT_TARGET_MET
2025-10-25 02:30:00,-3.796800000000019,0.5601574999999777,1,EXIT_PROFIT_TARGET_MET
2025-10-25 02:35:00,-3.796600000000012,0.5653074999999674,1,EXIT_PROFIT_TARGET_MET
2025-10-25 02:40:00,-3.795599999999979,0.5910575000000442,1,EXIT_PROFIT_TARGET_MET
2025-10-25 02:45:00,-3.805000000000007,0.34900750000001324,1,EXIT_PROFIT_TARGET_MET
2025-10-25 02:50:00,-3.8048,0.354157500000035,1,EXIT_PROFIT_TARGET_MET
2025-10-25 02:55:00,-3.813199999999995,0.1378575000000808,1,EXIT_PROFIT_TARGET_MET
2025-10-25 03:00:00,-3.828399999999988,1.984455000000029,1,EXIT_PROFIT_TARGET_MET
2025-10-25 03:05:00,-3.814200000000028,1.5113337500000394,1,EXIT_PROFIT_TARGET_MET
2025-10-25 03:10:00,-3.815400000000011,1.4655837499999596,1,EXIT_PROFIT_TARGET_MET
2025-10-25 03:15:00,-3.8222000000000094,1.2063337500000557,1,EXIT_PROFIT_TARGET_MET
2025-10-25 03:20:00,-3.8319999999999936,0.8327087499998562,1,EXIT_PROFIT_TARGET_MET
2025-10-25 03:25:00,-3.8315999999999804,0.847958750000064,1,EXIT_PROFIT_TARGET_MET
2025-10-25 03:30:00,-3.829999999999984,0.908958750000016,1,EXIT_PROFIT_TARGET_MET
2025-10-25 03:35:00,-3.8290000000000077,0.947083750000056,1,EXIT_PROFIT_TARGET_MET
2025-10-25 03:40:00,-3.824799999999982,1.1072087500000638,1,EXIT_PROFIT_TARGET_MET
2025-10-25 03:45:00,-3.822400000000016,1.1987087500000637,1,EXIT_PROFIT_TARGET_MET
2025-10-25 03:50:00,-3.8240000000000123,1.13770874999984,1,EXIT_PROFIT_TARGET_MET
2025-10-25 03:55:00,-3.822999999999979,1.1758337499999119,1,EXIT_PROFIT_TARGET_MET
2025-10-25 04:00:00,-3.8301999999999907,0.901333750000024,1,EXIT_PROFIT_TARGET_MET
2025-10-25 04:05:00,-3.831799999999987,0.840333750000072,1,EXIT_PROFIT_TARGET_MET
2025-10-25 04:10:00,-3.8280000000000314,0.9852087499998401,1,EXIT_PROFIT_TARGET_MET
2025-10-25 04:15:00,-3.834600000000023,0.7335837499998323,1,EXIT_PROFIT_TARGET_MET
2025-10-25 04:20:00,-3.828800000000001,0.954708749999984,1,EXIT_PROFIT_TARGET_MET
2025-10-25 04:25:00,-3.826999999999998,1.023333749999928,1,EXIT_PROFIT_TARGET_MET
2025-10-25 04:30:00,-3.8290000000000077,0.947083750000056,1,EXIT_PROFIT_TARGET_MET
2025-10-25 04:35:00,-3.8297999999999774,0.916583750000008,1,EXIT_PROFIT_TARGET_MET
2025-10-25 04:40:00,-3.827600000000018,1.000458750000016,1,EXIT_PROFIT_TARGET_MET
2025-10-25 04:45:00,-3.8310000000000173,0.8708337499999441,1,EXIT_PROFIT_TARGET_MET
2025-10-25 04:50:00,-3.8333999999999833,0.7793337499998962,1,EXIT_PROFIT_TARGET_MET
2025-10-25 04:55:00,-3.836400000000026,0.6649587499998884,1,EXIT_PROFIT_TARGET_MET
2025-10-25 05:00:00,-3.8432000000000244,0.4057087499999845,1,EXIT_PROFIT_TARGET_MET
2025-10-25 05:05:00,-3.8543999999999983,0.057716875000103585,1,EXIT_PROFIT_TARGET_MET
2025-10-25 05:10:00,-3.8514000000000124,0.09308375000005675,1,EXIT_PROFIT_TARGET_MET
2025-10-25 05:15:00,-3.855200000000025,0.02226687500002722,1,EXIT_PROFIT_TARGET_MET
2025-10-25 05:20:00,-3.855000000000018,0.031129375000020332,1,EXIT_PROFIT_TARGET_MET
2025-10-25 05:25:00,-3.862799999999993,0.5122510937499112,1,EXIT_PROFIT_TARGET_MET
2025-10-25 05:30:00,-3.8654000000000224,0.38497296874988995,1,EXIT_PROFIT_TARGET_MET
2025-10-25 05:35:00,-3.865600000000029,0.37518234374999193,1,EXIT_PROFIT_TARGET_MET
2025-10-25 05:40:00,-3.8695999999999913,0.17936984374991516,1,EXIT_PROFIT_TARGET_MET
2025-10-25 05:45:00,-3.862799999999993,0.5122510937499112,1,EXIT_PROFIT_TARGET_MET
2025-10-25 05:50:00,-3.865600000000029,0.37518234374999193,1,EXIT_PROFIT_TARGET_MET
2025-10-25 05:55:00,-3.860400000000027,0.6297385937499365,1,EXIT_PROFIT_TARGET_MET
2025-10-25 06:00:00,-3.8684000000000083,0.23811359374997676,1,EXIT_PROFIT_TARGET_MET
2025-10-25 06:05:00,-3.869799999999998,0.16957921875001714,1,EXIT_PROFIT_TARGET_MET
2025-10-25 06:10:00,-3.870200000000011,0.14999796875002724,1,EXIT_PROFIT_TARGET_MET
2025-10-25 06:15:00,-3.8718000000000075,0.07167296874988183,1,EXIT_PROFIT_TARGET_MET
2025-10-25 06:20:00,-3.8776000000000295,0.05776304687496103,1,EXIT_PROFIT_TARGET_MET
2025-10-25 06:25:00,-3.8734000000000037,0.26661460937493575,1,EXIT_PROFIT_TARGET_MET
2025-10-25 06:30:00,-3.875,0.18705210937498207,1,EXIT_PROFIT_TARGET_MET
2025-10-25 06:35:00,-3.8722000000000207,0.05209171874998986,1,EXIT_PROFIT_TARGET_MET
2025-10-25 06:40:00,-3.871399999999994,0.09125421875006356,1,EXIT_PROFIT_TARGET_MET
2025-10-25 06:45:00,-3.875,0.18705210937498207,1,EXIT_PROFIT_TARGET_MET
2025-10-25 06:50:00,-3.868600000000015,0.2283229687499828,1,EXIT_PROFIT_TARGET_MET
2025-10-25 06:55:00,-3.872000000000014,0.06188234374988788,1,EXIT_PROFIT_TARGET_MET
2025-10-25 07:00:00,-3.8747999999999934,0.19699742187497615,1,EXIT_PROFIT_TARGET_MET
2025-10-25 07:05:00,-3.8740000000000236,0.23677867187504942,1,EXIT_PROFIT_TARGET_MET
2025-10-25 07:10:00,-3.8688000000000216,0.2185323437500828,1,EXIT_PROFIT_TARGET_MET
2025-10-25 07:15:00,-3.8752000000000066,0.17710679687498798,1,EXIT_PROFIT_TARGET_MET
2025-10-25 07:20:00,-3.873199999999997,0.0031385937499222027,1,EXIT_PROFIT_TARGET_MET
2025-10-25 07:25:00,-3.8688000000000216,0.2185323437500828,1,EXIT_PROFIT_TARGET_MET
2025-10-25 07:30:00,-3.8729999999999905,0.012929218750109994,1,EXIT_PROFIT_TARGET_MET
2025-10-25 07:35:00,-3.871399999999994,0.0001309547424316476,1,EXIT_PROFIT_TARGET_MET
2025-10-25 07:40:00,-3.869799999999998,0.001306128234863329,1,EXIT_PROFIT_TARGET_MET
2025-10-25 07:45:00,-3.872599999999977,0.0022651428222656613,1,EXIT_PROFIT_TARGET_MET
2025-10-25 07:50:00,-3.87560000000002,0.002714392089843462,1,EXIT_PROFIT_TARGET_MET
2025-10-25 07:55:00,-3.8758000000000266,0.0031918554687503722,1,EXIT_PROFIT_TARGET_MET
2025-10-25 08:00:00,-3.867999999999995,0.0009447851562500928,1,EXIT_PROFIT_TARGET_MET
2025-10-25 08:05:00,-3.865799999999979,0.0003109960937503903,1,EXIT_PROFIT_TARGET_MET
2025-10-25 08:10:00,-3.865799999999979,0.0003109960937503903,1,EXIT_PROFIT_TARGET_MET
2025-10-25 08:15:00,-3.869199999999978,0.0012904882812505777,1,EXIT_PROFIT_TARGET_MET
2025-10-25 08:20:00,-3.871399999999994,0.0019242773437504676,1,EXIT_PROFIT_TARGET_MET
2025-10-25 08:25:00,-3.877400000000023,0.026825390624999036,1,EXIT_PROFIT_TARGET_MET
2025-10-25 08:30:00,-3.8815999999999917,0.038679843749999165,1,EXIT_PROFIT_TARGET_MET
2025-10-25 08:35:00,-3.877999999999986,0.026571328124999932,1,EXIT_PROFIT_TARGET_MET
2025-10-25 08:40:00,-3.8724000000000274,0.018812343750000904,1,EXIT_PROFIT_TARGET_MET
2025-10-25 08:45:00,-3.87560000000002,0.17750582031249573,1,EXIT_PROFIT_TARGET_MET
2025-10-25 08:50:00,-3.871600000000001,0.40333851562500356,1,EXIT_PROFIT_TARGET_MET
2025-10-25 08:55:00,-3.87560000000002,0.9713828125000037,1,EXIT_PROFIT_TARGET_MET
2025-10-25 09:00:00,-3.8718000000000075,1.630172812500023,1,EXIT_PROFIT_TARGET_MET
2025-10-25 09:05:00,-3.8675999999999817,0.6970050000000678,1,EXIT_PROFIT_TARGET_MET
2025-10-25 09:10:00,-3.8648000000000025,0.3195362499999286,1,EXIT_PROFIT_TARGET_MET
2025-10-25 09:15:00,-3.863999999999976,0.048635000000048834,1,EXIT_PROFIT_TARGET_MET
2025-10-25 09:20:00,-3.8663999999999987,0.8427181249998901,1,EXIT_PROFIT_TARGET_MET
2025-10-25 09:25:00,-3.8682000000000016,0.05907875000001184,1,EXIT_PROFIT_TARGET_MET
2025-10-25 09:30:00,-3.8677999999999884,0.29440249999988133,1,EXIT_PROFIT_TARGET_MET
2025-10-25 09:35:00,-3.8663999999999987,0.5508962500000774,1,EXIT_PROFIT_TARGET_MET
2025-10-25 09:40:00,-3.8654000000000224,0.5201018749999213,1,EXIT_PROFIT_TARGET_MET
2025-10-25 09:45:00,-3.8675999999999817,0.0040176953125689585,1,EXIT_PROFIT_TARGET_MET
2025-10-25 09:50:00,-3.869199999999978,2.4438463151450664e-08,1,EXIT_PROFIT_TARGET_MET
2025-10-25 09:55:00,-3.870999999999981,9.1087743639961e-08,1,EXIT_PROFIT_TARGET_MET
2025-10-25 10:00:00,-3.8663999999999987,5.17842471599561e-07,1,EXIT_PROFIT_TARGET_MET
2025-10-25 10:05:00,-3.8605999999999767,1.0987970232963593e-06,1,EXIT_PROFIT_TARGET_MET
2025-10-25 10:10:00,-3.8584000000000174,1.7878907918929976e-06,1,EXIT_PROFIT_TARGET_MET
2025-10-25 10:15:00,-3.8518000000000256,2.6784789562225598e-06,1,EXIT_PROFIT_TARGET_MET
2025-10-25 10:20:00,-3.8530000000000086,4.949457645416422e-06,1,EXIT_PROFIT_TARGET_MET
2025-10-25 10:25:00,-3.8554000000000315,2.927265167236226e-06,1,EXIT_PROFIT_TARGET_MET
2025-10-25 10:30:00,-3.849400000000003,6.0069351196291636e-05,1,EXIT_PROFIT_TARGET_MET
2025-10-25 10:35:00,-3.853999999999985,7.315576553344378e-05,1,EXIT_PROFIT_TARGET_MET
2025-10-25 10:40:00,-3.856200000000001,0.00010664680480957321,1,EXIT_PROFIT_TARGET_MET
2025-10-25 10:45:00,-3.8670000000000186,0.00015653785705565875,1,EXIT_PROFIT_TARGET_MET
2025-10-25 10:50:00,-3.851600000000019,0.0004946968078612876,1,EXIT_PROFIT_TARGET_MET
2025-10-25 10:55:00,-3.859199999999987,0.0007849255371093831,1,EXIT_PROFIT_TARGET_MET
2025-10-25 11:00:00,-3.8629999999999995,0.0015296777343750331,1,EXIT_PROFIT_TARGET_MET
2025-10-25 11:05:00,-3.8607999999999834,0.004987843017578378,1,EXIT_PROFIT_TARGET_MET
2025-10-25 11:10:00,-3.8675999999999817,0.0028262109374999206,1,EXIT_PROFIT_TARGET_MET
2025-10-25 11:15:00,-3.8695999999999913,0.002540616455078067,1,EXIT_PROFIT_TARGET_MET
2025-10-25 11:20:00,-3.8758000000000266,0.0024902320098878113,1,EXIT_PROFIT_TARGET_MET
2025-10-25 11:25:00,-3.8770000000000095,-9.948832394003116e-10,1,NO_ACTION_FORCED_CUT_NO_TREND
2025-10-25 11:30:00,-3.8765999999999963,0.004898821258545478,1,EXIT_PROFIT_TARGET_MET
2025-10-25 11:35:00,-3.8745999999999867,0.008053560638428485,1,EXIT_PROFIT_TARGET_MET
2025-10-25 11:40:00,-3.8718000000000075,0.012470195770263894,1,EXIT_PROFIT_TARGET_MET
2025-10-25 11:45:00,-3.8740000000000236,0.008999982452394785,1,EXIT_PROFIT_TARGET_MET
2025-10-25 11:50:00,-3.8736000000000104,0.009630930328368988,1,EXIT_PROFIT_TARGET_MET
2025-10-25 11:55:00,-3.8742000000000303,0.008684508514402688,1,EXIT_PROFIT_TARGET_MET
2025-10-25 12:00:00,-3.87560000000002,0.006476190948485981,1,EXIT_PROFIT_TARGET_MET
2025-10-25 12:05:00,-3.871600000000001,0.012785669708251995,1,EXIT_PROFIT_TARGET_MET
2025-10-25 12:10:00,-3.8693999999999846,0.016255883026125097,1,EXIT_PROFIT_TARGET_MET
2025-10-25 12:15:00,-3.8706000000000245,0.014363039398194496,1,EXIT_PROFIT_TARGET_MET
2025-10-25 12:20:00,-3.873199999999997,0.010261878204347187,1,EXIT_PROFIT_TARGET_MET
2025-10-25 12:25:00,-3.8740000000000236,0.008999982452394785,1,EXIT_PROFIT_TARGET_MET
2025-10-25 12:30:00,-3.868600000000015,0.017517778778077503,1,EXIT_PROFIT_TARGET_MET
2025-10-25 12:35:00,-3.8695999999999913,0.015940409088136997,1,EXIT_PROFIT_TARGET_MET
2025-10-25 12:40:00,-3.869199999999978,0.0165713569641132,1,EXIT_PROFIT_TARGET_MET
2025-10-25 12:45:00,-3.873199999999997,0.010261878204347187,1,EXIT_PROFIT_TARGET_MET
2025-10-25 12:50:00,-3.8811999999999784,1.1635508599282614e-10,1,EXIT_PROFIT_TARGET_MET
2025-10-25 12:55:00,-3.876800000000003,0.03229671897888633,1,EXIT_PROFIT_TARGET_MET
2025-10-25 13:00:00,-3.870999999999981,0.003360454101565661,1,EXIT_PROFIT_TARGET_MET
2025-10-25 13:05:00,-3.8675999999999817,0.029837060546873708,1,EXIT_PROFIT_TARGET_MET
2025-10-25 13:10:00,-3.8700000000000045,0.10059749755859648,1,EXIT_PROFIT_TARGET_MET
2025-10-25 13:15:00,-3.8765999999999963,0.3055388078689686,1,EXIT_PROFIT_TARGET_MET
2025-10-25 13:20:00,-3.8745999999999867,0.25808159179687207,1,EXIT_PROFIT_TARGET_MET
2025-10-25 13:25:00,-3.873199999999997,0.6634794042967854,1,EXIT_PROFIT_TARGET_MET
2025-10-25 13:30:00,-3.8736000000000104,0.8452025122070851,1,EXIT_PROFIT_TARGET_MET
2025-10-25 13:35:00,-3.870400000000018,0.8073706494141851,1,EXIT_PROFIT_TARGET_MET
2025-10-25 13:40:00,-3.8745999999999867,0.13628331176770253,1,EXIT_PROFIT_TARGET_MET
2025-10-25 13:45:00,-3.873199999999997,0.19470387451177387,1,EXIT_PROFIT_TARGET_MET
2025-10-25 13:50:00,-3.8695999999999913,0.37641686279311176,1,EXIT_PROFIT_TARGET_MET
2025-10-25 13:55:00,-3.8684000000000083,0.43698785888663527,1,EXIT_PROFIT_TARGET_MET
2025-10-25 14:00:00,-3.8706000000000245,0.3259410327149197,1,EXIT_PROFIT_TARGET_MET
2025-10-25 14:05:00,-3.8724000000000274,0.23508453857425074,1,EXIT_PROFIT_TARGET_MET
2025-10-25 14:10:00,-3.8765999999999963,0.02308605224615113,1,EXIT_PROFIT_TARGET_MET
2025-10-25 14:15:00,-3.883199999999988,5.846193744220512e-11,1,EXIT_PROFIT_TARGET_MET
2025-10-25 14:20:00,-3.8815999999999917,6.8054559960838e-11,1,EXIT_PROFIT_TARGET_MET
2025-10-25 14:25:00,-3.877400000000023,9.323519407196227e-11,1,EXIT_PROFIT_TARGET_MET
2025-10-25 14:30:00,-3.8734000000000037,0.1846087084961546,1,EXIT_PROFIT_TARGET_MET
2025-10-25 14:35:00,-3.872799999999984,0.21489420654320415,1,EXIT_PROFIT_TARGET_MET
2025-10-25 14:40:00,-3.872599999999977,0.22498937255863152,1,EXIT_PROFIT_TARGET_MET
2025-10-25 14:45:00,-3.873800000000017,0.16441837646491617,1,EXIT_PROFIT_TARGET_MET
2025-10-25 14:50:00,-3.886799999999994,3.6878536775518544e-11,1,EXIT_PROFIT_TARGET_MET
2025-10-25 14:55:00,-3.8840000000000146,5.366562618285973e-11,1,EXIT_PROFIT_TARGET_MET
2025-10-25 15:00:00,-3.8828000000000316,6.086009307184928e-11,1,EXIT_PROFIT_TARGET_MET
2025-10-25 15:05:00,-3.879799999999989,7.884626029420899e-11,1,EXIT_PROFIT_TARGET_MET
2025-10-25 15:10:00,-3.876800000000003,0.012990886230435955,1,EXIT_PROFIT_TARGET_MET
2025-10-25 15:15:00,-3.877200000000016,9.443427188669956e-11,1,EXIT_PROFIT_TARGET_MET
2025-10-25 15:20:00,-3.879799999999989,7.884626029420899e-11,1,EXIT_PROFIT_TARGET_MET
2025-10-25 15:25:00,-3.8811999999999784,7.04527155904259e-11,1,EXIT_PROFIT_TARGET_MET
2025-10-25 15:30:00,-3.8815999999999917,6.8054559960838e-11,1,EXIT_PROFIT_TARGET_MET
2025-10-25 15:35:00,-3.885600000000011,4.4073003664451016e-11,1,EXIT_PROFIT_TARGET_MET
2025-10-25 15:40:00,-3.885400000000004,4.527208147930246e-11,1,EXIT_PROFIT_TARGET_MET
2025-10-25 15:45:00,-3.8888000000000034,2.4887758627297758e-11,1,EXIT_PROFIT_TARGET_MET
2025-10-25 15:50:00,-3.887999999999977,2.968406988669857e-11,1,EXIT_PROFIT_TARGET_MET
2025-10-25 15:55:00,-3.88960000000003,2.0091447368008616e-11,1,EXIT_PROFIT_TARGET_MET
2025-10-25 16:00:00,-3.8888000000000034,2.4887758627297758e-11,1,EXIT_PROFIT_TARGET_MET
2025-10-25 16:05:00,-3.8888000000000034,2.4887758627297758e-11,1,EXIT_PROFIT_TARGET_MET
2025-10-25 16:10:00,-3.887200000000007,3.448038114593146e-11,1,EXIT_PROFIT_TARGET_MET
2025-10-25 16:15:00,-3.887800000000027,3.088314770138044e-11,1,EXIT_PROFIT_TARGET_MET
2025-10-25 16:20:00,-3.8863999999999805,3.927669240510728e-11,1,EXIT_PROFIT_TARGET_MET
2025-10-25 16:25:00,-3.8910000000000196,1.1697902664169279e-11,1,EXIT_PROFIT_TARGET_MET
2025-10-25 16:30:00,-3.8874000000000137,3.328130333096752e-11,1,EXIT_PROFIT_TARGET_MET
2025-10-25 16:35:00,-3.882600000000025,6.205917088664282e-11,1,EXIT_PROFIT_TARGET_MET
2025-10-25 16:40:00,-3.8833999999999946,5.7262859627467e-11,1,EXIT_PROFIT_TARGET_MET
2025-10-25 16:45:00,-3.8874000000000137,3.328130333096752e-11,1,EXIT_PROFIT_TARGET_MET
2025-10-25 16:50:00,-3.8836000000000013,5.606378181250306e-11,1,EXIT_PROFIT_TARGET_MET
2025-10-25 16:55:00,-3.8810000000000286,7.16517934052757e-11,1,EXIT_PROFIT_TARGET_MET
2025-10-25 17:00:00,-3.882000000000005,6.565640433119384e-11,1,EXIT_PROFIT_TARGET_MET
2025-10-25 17:05:00,-3.882000000000005,6.565640433119384e-11,1,EXIT_PROFIT_TARGET_MET
2025-10-25 17:10:00,-3.8833999999999946,5.7262859627467e-11,1,EXIT_PROFIT_TARGET_MET
2025-10-25 17:15:00,-3.8881999999999834,2.8484992071735456e-11,1,EXIT_PROFIT_TARGET_MET
2025-10-25 17:20:00,-3.893199999999979,6.946807661735124e-10,1,EXIT_PROFIT_TARGET_MET
2025-10-25 17:25:00,-3.890800000000013,1.2896980479132392e-11,1,EXIT_PROFIT_TARGET_MET
2025-10-25 17:30:00,-3.8851999999999975,4.647115929403975e-11,1,EXIT_PROFIT_TARGET_MET
2025-10-25 17:35:00,-3.8829999999999814,5.966101525705491e-11,1,EXIT_PROFIT_TARGET_MET
2025-10-25 17:40:00,-3.8804000000000087,7.524902684960172e-11,1,EXIT_PROFIT_TARGET_MET
2025-10-25 17:45:00,-3.876199999999983,0.043276384277485494,1,EXIT_PROFIT_TARGET_MET
2025-10-25 17:50:00,-3.8792000000000257,8.24434937385342e-11,1,EXIT_PROFIT_TARGET_MET
2025-10-25 17:55:00,-3.8788000000000125,8.484164936817835e-11,1,EXIT_PROFIT_TARGET_MET
2025-10-25 18:00:00,-3.882600000000025,6.205917088664282e-11,1,EXIT_PROFIT_TARGET_MET
2025-10-25 18:05:00,-3.8851999999999975,4.647115929403975e-11,1,EXIT_PROFIT_TARGET_MET
2025-10-25 18:10:00,-3.8845999999999776,5.00683927385337e-11,1,EXIT_PROFIT_TARGET_MET
2025-10-25 18:15:00,-3.8910000000000196,1.1697902664169279e-11,1,EXIT_PROFIT_TARGET_MET
2025-10-25 18:20:00,-3.8985999999999876,1.807976514101371e-10,1,EXIT_PROFIT_TARGET_MET
2025-10-25 18:25:00,-3.9021999999999935,8.754897862679351e-11,1,EXIT_PROFIT_TARGET_MET
2025-10-25 18:30:00,-3.898399999999981,2.305865054949857e-09,1,EXIT_PROFIT_TARGET_MET
2025-10-25 18:35:00,-3.894200000000012,7.139199879020032e-09,1,EXIT_PROFIT_TARGET_MET
2025-10-25 18:40:00,-3.891200000000026,7.470627315329308e-10,1,EXIT_PROFIT_TARGET_MET
2025-10-25 18:45:00,-3.8964000000000283,1.0783281177280593e-08,1,EXIT_PROFIT_TARGET_MET
2025-10-25 18:50:00,-3.8976000000000113,6.060175597667888e-08,1,EXIT_PROFIT_TARGET_MET
2025-10-25 18:55:00,-3.8967999999999847,2.4188943207267252e-08,1,EXIT_PROFIT_TARGET_MET
2025-10-25 19:00:00,-3.8928000000000225,1.056385040283015e-07,1,EXIT_PROFIT_TARGET_MET
2025-10-25 19:05:00,-3.8933999999999855,2.8792709112169274e-07,1,EXIT_PROFIT_TARGET_MET
2025-10-25 19:10:00,-3.8915999999999826,2.210107445716656e-07,1,EXIT_PROFIT_TARGET_MET
2025-10-25 19:15:00,-3.886799999999994,1.2230393290519966e-06,1,EXIT_PROFIT_TARGET_MET
2025-10-25 19:20:00,-3.8799999999999955,1.5168905258178087e-06,1,EXIT_PROFIT_TARGET_MET
2025-10-25 19:25:00,-3.8752000000000066,3.1677025556559214e-06,1,EXIT_PROFIT_TARGET_MET
2025-10-25 19:30:00,-3.8672000000000253,4.594454467295921e-06,1,EXIT_PROFIT_TARGET_MET
2025-10-25 19:35:00,-3.873800000000017,1.184340119361988e-05,1,EXIT_PROFIT_TARGET_MET
2025-10-25 19:40:00,-3.872599999999977,1.929769903421384e-05,1,EXIT_PROFIT_TARGET_MET
2025-10-25 19:45:00,-3.8659999999999854,4.211626544595066e-05,1,EXIT_PROFIT_TARGET_MET
2025-10-25 19:50:00,-3.853400000000022,4.883352065574542e-05,1,EXIT_PROFIT_TARGET_MET
2025-10-25 19:55:00,-3.851600000000019,3.795709814062007e-05,1,EXIT_PROFIT_TARGET_MET
2025-10-25 20:00:00,-3.8448000000000206,3.257375295856716e-05,1,EXIT_PROFIT_TARGET_MET
2025-10-25 20:05:00,-3.836400000000026,1.9147963030263897e-10,1,EXIT_PROFIT_TARGET_MET
2025-10-25 20:10:00,-3.8337999999999965,1.9269034964965943e-10,1,EXIT_PROFIT_TARGET_MET
2025-10-25 20:15:00,-3.8385999999999854,1.9045517547055606e-10,1,EXIT_PROFIT_TARGET_MET
2025-10-25 20:20:00,-3.840000000000032,3.5699595848527395e-06,1,EXIT_PROFIT_TARGET_MET
2025-10-25 20:25:00,-3.8349999999999795,1.9213155610493115e-10,1,EXIT_PROFIT_TARGET_MET
2025-10-25 20:30:00,-3.841000000000008,9.612416537705358e-06,1,EXIT_PROFIT_TARGET_MET
2025-10-25 20:35:00,-3.840599999999995,7.1954337565768004e-06,1,EXIT_PROFIT_TARGET_MET
2025-10-25 20:40:00,-3.839400000000012,1.900826464407736e-10,1,EXIT_PROFIT_TARGET_MET
2025-10-25 20:45:00,-3.8383999999999787,1.9054830772802897e-10,1,EXIT_PROFIT_TARGET_MET
2025-10-25 20:50:00,-3.836400000000026,7.361962343566519e-10,1,EXIT_PROFIT_TARGET_MET
2025-10-25 20:55:00,-3.840599999999995,0.00011528921600781821,1,EXIT_PROFIT_TARGET_MET
2025-10-25 21:00:00,-3.8419999999999845,0.00014662243545052113,1,EXIT_PROFIT_TARGET_MET
2025-10-25 21:05:00,-3.8385999999999854,0.00036526970787675877,1,EXIT_PROFIT_TARGET_MET
2025-10-25 21:10:00,-3.840599999999995,0.00015011378720978534,1,EXIT_PROFIT_TARGET_MET
2025-10-25 21:15:00,-3.843599999999981,0.0012310509598620037,1,EXIT_PROFIT_TARGET_MET
2025-10-25 21:20:00,-3.8484000000000265,0.0038083803981530527,1,EXIT_PROFIT_TARGET_MET
2025-10-25 21:25:00,-3.8532000000000153,0.0031982938158511883,1,EXIT_PROFIT_TARGET_MET
2025-10-25 21:30:00,-3.8525999999999954,0.0005644496565688868,1,EXIT_PROFIT_TARGET_MET
2025-10-25 21:35:00,-3.8525999999999954,0.021443198356628303,1,EXIT_PROFIT_TARGET_MET
2025-10-25 21:40:00,-3.8512000000000057,0.003223451728818148,1,EXIT_PROFIT_TARGET_MET
2025-10-25 21:45:00,-3.8537999999999784,0.009090671234128595,1,EXIT_PROFIT_TARGET_MET
2025-10-25 21:50:00,-3.856400000000008,0.008993736991876526,1,EXIT_PROFIT_TARGET_MET
2025-10-25 21:55:00,-3.855000000000018,0.015000260543818483,1,EXIT_PROFIT_TARGET_MET
2025-10-25 22:00:00,-3.8600000000000136,0.03092119122622758,1,EXIT_PROFIT_TARGET_MET
2025-10-25 22:05:00,-3.8648000000000025,0.05142599586486902,1,EXIT_PROFIT_TARGET_MET
2025-10-25 22:10:00,-3.867400000000032,0.02070327505110906,1,EXIT_PROFIT_TARGET_MET
2025-10-25 22:15:00,-3.8675999999999817,0.08500920906067556,1,EXIT_PROFIT_TARGET_MET
2025-10-25 22:20:00,-3.8724000000000274,0.03603039566039545,1,EXIT_PROFIT_TARGET_MET
2025-10-25 22:25:00,-3.8682000000000016,0.04781751953123501,1,EXIT_PROFIT_TARGET_MET
2025-10-25 22:30:00,-3.8648000000000025,0.00042733100414484113,1,EXIT_PROFIT_TARGET_MET
2025-10-25 22:35:00,-3.865000000000009,0.06235992919920762,1,EXIT_PROFIT_TARGET_MET
2025-10-25 22:40:00,-3.878399999999999,0.05555202636717964,1,EXIT_PROFIT_TARGET_MET
2025-10-25 22:45:00,-3.8824000000000183,0.08020339355467387,1,EXIT_PROFIT_TARGET_MET
2025-10-25 22:50:00,-3.877999999999986,0.053086889648431404,1,EXIT_PROFIT_TARGET_MET
2025-10-25 22:55:00,-3.8792000000000257,0.06048229980467608,1,EXIT_PROFIT_TARGET_MET
2025-10-25 23:00:00,-3.8695999999999913,0.001319018554682607,1,EXIT_PROFIT_TARGET_MET
2025-10-25 23:05:00,-3.8684000000000083,0.08335551025389804,1,EXIT_PROFIT_TARGET_MET
2025-10-25 23:10:00,-3.865000000000009,0.06235992919920762,1,EXIT_PROFIT_TARGET_MET
2025-10-25 23:15:00,-3.8607999999999834,0.03642421142578272,1,EXIT_PROFIT_TARGET_MET
2025-10-25 23:20:00,-3.8648000000000025,0.061124895019526976,1,EXIT_PROFIT_TARGET_MET
2025-10-25 23:25:00,-3.8607999999999834,0.03642421142578272,1,EXIT_PROFIT_TARGET_MET
2025-10-25 23:30:00,-3.8618000000000166,0.04259938232422178,1,EXIT_PROFIT_TARGET_MET
2025-10-25 23:35:00,-3.8589999999999804,0.025308903808597183,1,EXIT_PROFIT_TARGET_MET
2025-10-25 23:40:00,-3.8548000000000116,0.017142162799835894,1,EXIT_PROFIT_TARGET_MET
2025-10-25 23:45:00,-3.8523999999999887,0.0022923939704888284,1,EXIT_PROFIT_TARGET_MET
2025-10-25 23:50:00,-3.8559999999999945,0.0067833911132799945,1,EXIT_PROFIT_TARGET_MET
2025-10-25 23:55:00,-3.858000000000004,0.019133732910158126,1,EXIT_PROFIT_TARGET_MET
2025-10-26 00:00:00,-3.8555999999999813,0.004313322753906763,1,EXIT_PROFIT_TARGET_MET
2025-10-26 00:05:00,-3.8512000000000057,0.10046153141023999,1,EXIT_PROFIT_TARGET_MET
2025-10-26 00:10:00,-3.845799999999997,0.2074054026794353,1,EXIT_PROFIT_TARGET_MET
2025-10-26 00:15:00,-3.8507999999999925,0.4998215603827962,1,EXIT_PROFIT_TARGET_MET
2025-10-26 00:20:00,-3.8536000000000286,0.11805639677287552,1,EXIT_PROFIT_TARGET_MET
2025-10-26 00:25:00,-3.852199999999982,0.4006854573060244,1,EXIT_PROFIT_TARGET_MET
2025-10-26 00:30:00,-3.8478000000000065,0.5209808364295438,1,EXIT_PROFIT_TARGET_MET
2025-10-26 00:35:00,-3.855000000000018,0.7526223690033345,1,EXIT_PROFIT_TARGET_MET
2025-10-26 00:40:00,-3.8548000000000116,0.41960315597543807,1,EXIT_PROFIT_TARGET_MET
2025-10-26 00:45:00,-3.852199999999982,0.1598874817658237,1,EXIT_PROFIT_TARGET_MET
2025-10-26 00:50:00,-3.8525999999999954,0.2681995227051243,1,EXIT_PROFIT_TARGET_MET
2025-10-26 00:55:00,-3.8523999999999887,0.06979166595458113,1,EXIT_PROFIT_TARGET_MET
2025-10-26 01:00:00,-3.843400000000031,0.25267843383796484,1,EXIT_PROFIT_TARGET_MET
2025-10-26 01:05:00,-3.838200000000029,3.428515046834943e-08,1,EXIT_PROFIT_TARGET_MET
2025-10-26 01:10:00,-3.839400000000012,0.15754860961921052,1,EXIT_PROFIT_TARGET_MET
2025-10-26 01:15:00,-3.8414000000000215,3.301294520497288e-08,1,EXIT_PROFIT_TARGET_MET
2025-10-26 01:20:00,-3.842399999999998,3.3147893846034794e-08,1,EXIT_PROFIT_TARGET_MET
2025-10-26 01:25:00,-3.8462000000000103,3.13501246273516e-08,1,EXIT_PROFIT_TARGET_MET
2025-10-26 01:30:00,-3.841200000000015,6.711292080581106e-08,1,EXIT_PROFIT_TARGET_MET
2025-10-26 01:35:00,-3.8476,1.2354660779237644e-07,1,EXIT_PROFIT_TARGET_MET
2025-10-26 01:40:00,-3.8462000000000103,2.821164205670348e-07,1,EXIT_PROFIT_TARGET_MET
2025-10-26 01:45:00,-3.8453999999999837,2.839343622326847e-07,1,EXIT_PROFIT_TARGET_MET
2025-10-26 01:50:00,-3.8392000000000053,2.980234101414681e-07,1,EXIT_PROFIT_TARGET_MET
2025-10-26 01:55:00,-3.838200000000029,3.0029583722352654e-07,1,EXIT_PROFIT_TARGET_MET
2025-10-26 02:00:00,-3.840000000000032,5.138217657804456e-07,1,EXIT_PROFIT_TARGET_MET
2025-10-26 02:05:00,-3.8344000000000165,3.0789222717283885e-05,1,EXIT_PROFIT_TARGET_MET
2025-10-26 02:10:00,-3.8349999999999795,0.00014156951904297616,1,EXIT_PROFIT_TARGET_MET
2025-10-26 02:15:00,-3.836999999999989,0.00027345764160156415,1,EXIT_PROFIT_TARGET_MET
2025-10-26 02:20:00,-3.8355999999999995,0.0006798373413085712,1,EXIT_PROFIT_TARGET_MET
2025-10-26 02:25:00,-3.8310000000000173,0.0017255615234374093,1,EXIT_PROFIT_TARGET_MET
2025-10-26 02:30:00,-3.8360000000000127,0.0028150427246092756,1,EXIT_PROFIT_TARGET_MET
2025-10-26 02:35:00,-3.8326000000000136,0.008788044433593697,1,EXIT_PROFIT_TARGET_MET
2025-10-26 02:40:00,-3.8344000000000165,0.019509956054687964,1,EXIT_PROFIT_TARGET_MET
2025-10-26 02:45:00,-3.8408000000000015,0.02889706054687445,1,EXIT_PROFIT_TARGET_MET
2025-10-26 02:50:00,-3.838799999999992,0.06564417968750147,1,EXIT_PROFIT_TARGET_MET
2025-10-26 02:55:00,-3.8389999999999986,0.14711621093750232,1,EXIT_PROFIT_TARGET_MET
2025-10-26 03:00:00,-3.8383999999999787,0.2526098437500103,1,EXIT_PROFIT_TARGET_MET
2025-10-26 03:05:00,-3.8466000000000236,0.42118999999997553,1,EXIT_PROFIT_TARGET_MET
2025-10-26 03:10:00,-3.848799999999983,0.8231709375000147,1,EXIT_PROFIT_TARGET_MET
2025-10-26 03:15:00,-3.8432000000000244,0.8908524999999479,1,EXIT_PROFIT_TARGET_MET
2025-10-26 03:20:00,-3.8450000000000273,-12.40291499999995,-1,HOLD
2025-10-26 03:25:00,-3.8432000000000244,-11.47440500000004,-1,HOLD
2025-10-26 03:30:00,-3.8444000000000074,-9.367450000000005,-1,HOLD
2025-10-26 03:35:00,-3.846400000000017,-8.725480000000033,-1,HOLD
2025-10-26 03:40:00,-3.848799999999983,-8.767879999999963,-1,HOLD
2025-10-26 03:45:00,-3.848000000000013,-8.932080000000028,-1,HOLD
2025-10-26 03:50:00,-3.8476,-8.911679999999976,-1,HOLD
2025-10-26 03:55:00,-3.84820000000002,-8.96728000000003,-1,HOLD
2025-10-26 04:00:00,-3.8478000000000065,-9.006880000000024,-1,HOLD
2025-10-26 04:05:00,-3.8514000000000124,-9.210479999999961,-1,HOLD
2025-10-26 04:10:00,-3.8670000000000186,0.36019250000002057,1,EXIT_PROFIT_TARGET_MET
2025-10-26 04:15:00,-3.8654000000000224,0.43109249999997346,1,EXIT_PROFIT_TARGET_MET
2025-10-26 04:20:00,-3.863200000000006,0.0024975000000093672,1,EXIT_PROFIT_TARGET_MET
2025-10-26 04:25:00,-3.8788000000000125,0.944160625000092,1,EXIT_PROFIT_TARGET_MET
2025-10-26 04:30:00,-3.877999999999986,0.9833231250000698,1,EXIT_PROFIT_TARGET_MET
2025-10-26 04:35:00,-3.8833999999999946,0.7189762500000334,1,EXIT_PROFIT_TARGET_MET
2025-10-26 04:40:00,-3.881399999999985,0.8168825000000728,1,EXIT_PROFIT_TARGET_MET
2025-10-26 04:45:00,-3.877999999999986,0.9833231250000698,1,EXIT_PROFIT_TARGET_MET
2025-10-26 04:50:00,-3.879799999999989,0.8952075000000264,1,EXIT_PROFIT_TARGET_MET
2025-10-26 04:55:00,-3.8851999999999975,0.63086062499999,1,EXIT_PROFIT_TARGET_MET
2025-10-26 05:00:00,-3.8817999999999984,0.797301249999989,1,EXIT_PROFIT_TARGET_MET
2025-10-26 05:05:00,-3.8804000000000087,0.8658356249999486,1,EXIT_PROFIT_TARGET_MET
2025-10-26 05:10:00,-3.882000000000005,0.787510624999993,1,EXIT_PROFIT_TARGET_MET
2025-10-26 05:15:00,-3.890199999999993,0.3860950000000394,1,EXIT_PROFIT_TARGET_MET
2025-10-26 05:20:00,-3.8888000000000034,0.4546293750000949,1,EXIT_PROFIT_TARGET_MET
2025-10-26 05:25:00,-3.8863999999999805,0.5721168750001202,1,EXIT_PROFIT_TARGET_MET
2025-10-26 05:30:00,-3.890199999999993,0.3860950000000394,1,EXIT_PROFIT_TARGET_MET
2025-10-26 05:35:00,-3.8874000000000137,0.5231637500000546,1,EXIT_PROFIT_TARGET_MET
2025-10-26 05:40:00,-3.88839999999999,0.4742106250000828,1,EXIT_PROFIT_TARGET_MET
2025-10-26 05:45:00,-3.8915999999999826,0.31756062500007975,1,EXIT_PROFIT_TARGET_MET
2025-10-26 05:50:00,-3.88900000000001,0.444838750000099,1,EXIT_PROFIT_TARGET_MET
2025-10-26 05:55:00,-3.8897999999999797,0.40567625000002727,1,EXIT_PROFIT_TARGET_MET
2025-10-26 06:00:00,-3.8892000000000166,0.4350481250000091,1,EXIT_PROFIT_TARGET_MET
2025-10-26 06:05:00,-3.8903999999999996,0.3763043749999495,1,EXIT_PROFIT_TARGET_MET
2025-10-26 06:10:00,-3.8870000000000005,0.5427450000000424,1,EXIT_PROFIT_TARGET_MET
2025-10-26 06:15:00,-3.8881999999999834,0.48400125000007677,1,EXIT_PROFIT_TARGET_MET
2025-10-26 06:20:00,-3.8885999999999967,0.46441999999999295,1,EXIT_PROFIT_TARGET_MET
2025-10-26 06:25:00,-3.8894000000000233,0.42525750000001517,1,EXIT_PROFIT_TARGET_MET
2025-10-26 06:30:00,-3.882600000000025,0.7581387500000112,1,EXIT_PROFIT_TARGET_MET
2025-10-26 06:35:00,-3.880200000000002,0.8756262500000365,1,EXIT_PROFIT_TARGET_MET
2025-10-26 06:40:00,-3.8829999999999814,0.7385575000001192,1,EXIT_PROFIT_TARGET_MET
2025-10-26 06:45:00,-3.896000000000015,0.10216687500001509,1,EXIT_PROFIT_TARGET_MET
2025-10-26 06:50:00,-3.8881999999999834,0.48400125000007677,1,EXIT_PROFIT_TARGET_MET
2025-10-26 06:55:00,-3.8824000000000183,0.7679293750000051,1,EXIT_PROFIT_TARGET_MET
2025-10-26 07:00:00,-3.884200000000021,0.6798137500000576,1,EXIT_PROFIT_TARGET_MET
2025-10-26 07:05:00,-3.8870000000000005,0.5427450000000424,1,EXIT_PROFIT_TARGET_MET
2025-10-26 07:10:00,-3.8915999999999826,0.31756062500007975,1,EXIT_PROFIT_TARGET_MET
2025-10-26 07:15:00,-3.8933999999999855,0.22944500000003432,1,EXIT_PROFIT_TARGET_MET
2025-10-26 07:20:00,-3.887999999999977,0.4937918750000707,1,EXIT_PROFIT_TARGET_MET
2025-10-26 07:25:00,-3.887999999999977,0.4937918750000707,1,EXIT_PROFIT_TARGET_MET
2025-10-26 07:30:00,-3.8829999999999814,0.7385575000001192,1,EXIT_PROFIT_TARGET_MET
2025-10-26 07:35:00,-3.884200000000021,0.6798137500000576,1,EXIT_PROFIT_TARGET_MET
2025-10-26 07:40:00,-3.8781999999999925,0.9735325000000759,1,EXIT_PROFIT_TARGET_MET
2025-10-26 07:45:00,-3.8788000000000125,0.944160625000092,1,EXIT_PROFIT_TARGET_MET
2025-10-26 07:50:00,-3.8847999999999843,0.6504418750000758,1,EXIT_PROFIT_TARGET_MET
2025-10-26 07:55:00,-3.8870000000000005,0.5427450000000424,1,EXIT_PROFIT_TARGET_MET
2025-10-26 08:00:00,-3.8840000000000146,0.6896043750000516,1,EXIT_PROFIT_TARGET_MET
2025-10-26 08:05:00,-3.8851999999999975,0.63086062499999,1,EXIT_PROFIT_TARGET_MET
2025-10-26 08:10:00,-3.880800000000022,0.8462543750000546,1,EXIT_PROFIT_TARGET_MET
2025-10-26 08:15:00,-3.886000000000024,0.5916981250000142,1,EXIT_PROFIT_TARGET_MET
2025-10-26 08:20:00,-3.880200000000002,0.8756262500000365,1,EXIT_PROFIT_TARGET_MET
2025-10-26 08:25:00,-3.8824000000000183,0.7679293750000051,1,EXIT_PROFIT_TARGET_MET
2025-10-26 08:30:00,-3.8870000000000005,0.5427450000000424,1,EXIT_PROFIT_TARGET_MET
2025-10-26 08:35:00,-3.8863999999999805,0.5721168750001202,1,EXIT_PROFIT_TARGET_MET
2025-10-26 08:40:00,-3.886799999999994,0.009255312500024537,1,EXIT_PROFIT_TARGET_MET
2025-10-26 08:45:00,-3.88900000000001,0.0008707595825195088,1,EXIT_PROFIT_TARGET_MET
2025-10-26 08:50:00,-3.891999999999996,0.0002880264282229725,1,EXIT_PROFIT_TARGET_MET
2025-10-26 08:55:00,-3.8897999999999797,0.0007153640747074759,1,EXIT_PROFIT_TARGET_MET
2025-10-26 09:00:00,-3.88960000000003,0.0007542129516605739,1,EXIT_PROFIT_TARGET_MET
2025-10-26 09:05:00,-3.893199999999979,0.0015557049560550387,1,EXIT_PROFIT_TARGET_MET
2025-10-26 09:10:00,-3.8928000000000225,0.001633402709960864,1,EXIT_PROFIT_TARGET_MET
2025-10-26 09:15:00,-3.885400000000004,0.003070811157226403,1,EXIT_PROFIT_TARGET_MET
2025-10-26 09:20:00,-3.8845999999999776,0.0019942529296878113,1,EXIT_PROFIT_TARGET_MET
2025-10-26 09:25:00,-3.884999999999991,0.0024894573974614097,1,EXIT_PROFIT_TARGET_MET
2025-10-26 09:30:00,-3.8840000000000146,0.00010941894531304314,1,EXIT_PROFIT_TARGET_MET
2025-10-26 09:35:00,-3.884200000000021,0.000479953613281181,1,EXIT_PROFIT_TARGET_MET
2025-10-26 09:40:00,-3.880200000000002,0.010945312499999887,1,EXIT_PROFIT_TARGET_MET
2025-10-26 09:45:00,-3.8810000000000286,0.008368295898437829,1,EXIT_PROFIT_TARGET_MET
2025-10-26 09:50:00,-3.878600000000006,0.0002913085937503862,1,EXIT_PROFIT_TARGET_MET
2025-10-26 09:55:00,-3.877200000000016,0.0030032031249996594,1,EXIT_PROFIT_TARGET_MET
2025-10-26 10:00:00,-3.866800000000012,0.005925019531250214,1,EXIT_PROFIT_TARGET_MET
2025-10-26 10:05:00,-3.8675999999999817,0.008903437500000125,1,EXIT_PROFIT_TARGET_MET
2025-10-26 10:10:00,-3.8684000000000083,0.010468754882812292,1,EXIT_PROFIT_TARGET_MET
2025-10-26 10:15:00,-3.8729999999999905,0.014852333984375882,1,EXIT_PROFIT_TARGET_MET
2025-10-26 10:20:00,-3.873199999999997,0.026393925781249106,1,EXIT_PROFIT_TARGET_MET
2025-10-26 10:25:00,-3.880800000000022,0.02586820312500282,1,EXIT_PROFIT_TARGET_MET
2025-10-26 10:30:00,-3.884200000000021,0.06777875000000089,1,EXIT_PROFIT_TARGET_MET
2025-10-26 10:35:00,-3.8863999999999805,0.04704812500000122,1,EXIT_PROFIT_TARGET_MET
2025-10-26 10:40:00,-3.883199999999988,0.46095820312500646,1,EXIT_PROFIT_TARGET_MET
2025-10-26 10:45:00,-3.8763999999999896,0.5283232812499956,1,EXIT_PROFIT_TARGET_MET
2025-10-26 10:50:00,-3.8672000000000253,1.2813743750000195,1,EXIT_PROFIT_TARGET_MET
2025-10-26 10:55:00,-3.8663999999999987,1.4110212500000028,1,EXIT_PROFIT_TARGET_MET
2025-10-26 11:00:00,-3.869799999999998,-8.533959999999915,-1,HOLD
2025-10-26 11:05:00,-3.867999999999995,2.712376249999929,1,EXIT_PROFIT_TARGET_MET
2025-10-26 11:10:00,-3.871399999999994,-6.521200000000007,-1,HOLD
2025-10-26 11:15:00,-3.8695999999999913,2.720707500000051,1,EXIT_PROFIT_TARGET_MET
2025-10-26 11:20:00,-3.869199999999978,2.0352537499998906,1,EXIT_PROFIT_TARGET_MET
2025-10-26 11:25:00,-3.8682000000000016,2.6548325000000013,1,EXIT_PROFIT_TARGET_MET
2025-10-26 11:30:00,-3.8718000000000075,0.44659999999980826,1,EXIT_PROFIT_TARGET_MET
2025-10-26 11:35:00,-3.8718000000000075,1.1131962499998842,1,EXIT_PROFIT_TARGET_MET
2025-10-26 11:40:00,-3.8706000000000245,0.19892374999999873,1,EXIT_PROFIT_TARGET_MET
2025-10-26 11:45:00,-3.870999999999981,0.2404237500001427,1,EXIT_PROFIT_TARGET_MET
2025-10-26 11:50:00,-3.869000000000028,1.2723871874999304,1,EXIT_PROFIT_TARGET_MET
2025-10-26 11:55:00,-3.8566000000000145,2.0052417187500193,1,EXIT_PROFIT_TARGET_MET
2025-10-26 12:00:00,-3.8523999999999887,2.4006887500000564,1,EXIT_PROFIT_TARGET_MET
2025-10-26 12:05:00,-3.8541999999999916,1.8391900000000305,1,EXIT_PROFIT_TARGET_MET
2025-10-26 12:10:00,-3.8555999999999813,1.1150125000001214,1,EXIT_PROFIT_TARGET_MET
2025-10-26 12:15:00,-3.8593999999999937,1.0027187499999908,1,EXIT_PROFIT_TARGET_MET
2025-10-26 12:20:00,-3.8537999999999784,2.3559124999998975,1,EXIT_PROFIT_TARGET_MET
2025-10-26 12:25:00,-3.8602000000000203,1.3849700000001643,1,EXIT_PROFIT_TARGET_MET
2025-10-26 12:30:00,-3.860400000000027,0.8787474999999905,1,EXIT_PROFIT_TARGET_MET
2025-10-26 12:35:00,-3.851600000000019,2.1642781249999867,1,EXIT_PROFIT_TARGET_MET
2025-10-26 12:40:00,-3.8514000000000124,1.2526737500000156,1,EXIT_PROFIT_TARGET_MET
2025-10-26 12:45:00,-3.846400000000017,1.2672487499998493,1,EXIT_PROFIT_TARGET_MET
2025-10-26 12:50:00,-3.8437999999999874,3.092768749999978,1,EXIT_PROFIT_TARGET_MET
2025-10-26 12:55:00,-3.8450000000000273,0.30972249999988577,1,EXIT_PROFIT_TARGET_MET
2025-10-26 13:00:00,-3.844600000000014,0.2749825000001458,1,EXIT_PROFIT_TARGET_MET
2025-10-26 13:05:00,-3.844600000000014,0.3496500000000964,1,EXIT_PROFIT_TARGET_MET
2025-10-26 13:10:00,-3.8455999999999904,0.9223024999999261,1,EXIT_PROFIT_TARGET_MET
2025-10-26 13:15:00,-3.8566000000000145,1.4685450000000024,1,EXIT_PROFIT_TARGET_MET
2025-10-26 13:20:00,-3.8571999999999775,1.9403600000000658,1,EXIT_PROFIT_TARGET_MET
2025-10-26 13:25:00,-3.8596000000000004,1.408611249999991,1,EXIT_PROFIT_TARGET_MET
2025-10-26 13:30:00,-3.86099999999999,1.7356474999999847,1,EXIT_PROFIT_TARGET_MET
2025-10-26 13:35:00,-3.8571999999999775,1.777248750000041,1,EXIT_PROFIT_TARGET_MET
2025-10-26 13:40:00,-3.8541999999999916,2.6697537499999626,1,EXIT_PROFIT_TARGET_MET
2025-10-26 13:45:00,-3.859199999999987,1.8772524999999431,1,EXIT_PROFIT_TARGET_MET
2025-10-26 13:50:00,-3.8596000000000004,0.7189712499999015,1,EXIT_PROFIT_TARGET_MET
2025-10-26 13:55:00,-3.8596000000000004,0.8294475000000752,1,EXIT_PROFIT_TARGET_MET
2025-10-26 14:00:00,-3.8636000000000195,1.3390387500000198,1,EXIT_PROFIT_TARGET_MET
2025-10-26 14:05:00,-3.863800000000026,0.9425074999999605,1,EXIT_PROFIT_TARGET_MET
2025-10-26 14:10:00,-3.867400000000032,1.563360000000026,1,EXIT_PROFIT_TARGET_MET
2025-10-26 14:15:00,-3.866199999999992,0.29432124999992126,1,EXIT_PROFIT_TARGET_MET
2025-10-26 14:20:00,-3.869799999999998,0.14241562499994753,1,EXIT_PROFIT_TARGET_MET
2025-10-26 14:25:00,-3.8654000000000224,0.9290150390625053,1,EXIT_PROFIT_TARGET_MET
2025-10-26 14:30:00,-3.865799999999979,0.8647214843749984,1,EXIT_PROFIT_TARGET_MET
2025-10-26 14:35:00,-3.8629999999999995,0.7043820312499924,1,EXIT_PROFIT_TARGET_MET
2025-10-26 14:40:00,-3.8636000000000195,0.3817424999999979,1,EXIT_PROFIT_TARGET_MET
2025-10-26 14:45:00,-3.8652000000000157,0.7355371874999916,1,EXIT_PROFIT_TARGET_MET
2025-10-26 14:50:00,-3.864599999999996,0.7280456249999991,1,EXIT_PROFIT_TARGET_MET
2025-10-26 14:55:00,-3.857599999999991,-7.11622000000002,-1,HOLD
2025-10-26 15:00:00,-3.8577999999999975,-7.902329999999999,-1,HOLD
2025-10-26 15:05:00,-3.8584000000000174,-6.678800000000024,-1,HOLD
2025-10-26 15:10:00,-3.862000000000023,-7.076500000000024,-1,NO_VALID_ACTION_DEFENSIVE_AVG
2025-10-26 15:15:00,-3.862799999999993,-6.967100000000002,-1,NO_VALID_ACTION_DEFENSIVE_AVG
2025-10-26 15:20:00,-3.863200000000006,-6.90740000000001,-1,NO_VALID_ACTION_DEFENSIVE_AVG
2025-10-26 15:25:00,-3.8670000000000186,-6.735250000000022,-1,NO_VALID_ACTION_DEFENSIVE_AVG
2025-10-26 15:30:00,-3.8682000000000016,-6.831150000000008,-1,NO_VALID_ACTION_DEFENSIVE_AVG
2025-10-26 15:35:00,-3.8729999999999905,-6.8247499999999945,-1,NO_VALID_ACTION_DEFENSIVE_AVG
2025-10-26 15:40:00,-3.872000000000014,-7.429000000000016,-1,NO_VALID_ACTION_DEFENSIVE_AVG
2025-10-26 15:45:00,-3.872599999999977,-7.124449999999982,-1,NO_VALID_ACTION_DEFENSIVE_AVG
2025-10-26 15:50:00,-3.8740000000000236,-7.040500000000023,-1,NO_VALID_ACTION_DEFENSIVE_AVG
2025-10-26 15:55:00,-3.8718000000000075,-7.5188500000000005,-1,NO_VALID_ACTION_DEFENSIVE_AVG
2025-10-26 16:00:00,-3.871600000000001,-7.353699999999989,-1,NO_VALID_ACTION_DEFENSIVE_AVG
2025-10-26 16:05:00,-3.8736000000000104,-7.3252000000000095,-1,NO_VALID_ACTION_DEFENSIVE_AVG
2025-10-26 16:10:00,-3.8734000000000037,-7.35005000000001,-1,NO_VALID_ACTION_DEFENSIVE_AVG
2025-10-26 16:15:00,-3.870800000000031,-7.5381000000000284,-1,NO_VALID_ACTION_DEFENSIVE_AVG
2025-10-26 16:20:00,-3.876800000000003,-7.622600000000006,-1,NO_VALID_ACTION_DEFENSIVE_AVG
2025-10-26 16:25:00,-3.879799999999989,-7.054849999999988,-1,NO_VALID_ACTION_DEFENSIVE_AVG
2025-10-26 16:30:00,-3.878399999999999,-6.948800000000006,-1,NO_VALID_ACTION_DEFENSIVE_AVG
2025-10-26 16:35:00,-3.8781999999999925,-6.988649999999993,-1,NO_VALID_ACTION_DEFENSIVE_AVG
2025-10-26 16:40:00,-3.878399999999999,-7.203800000000001,-1,NO_VALID_ACTION_DEFENSIVE_AVG
2025-10-26 16:45:00,-3.8765999999999963,-7.262449999999987,-1,NO_VALID_ACTION_DEFENSIVE_AVG
2025-10-26 16:50:00,-3.8770000000000095,-7.152750000000012,-1,NO_VALID_ACTION_DEFENSIVE_AVG
2025-10-26 16:55:00,-3.8810000000000286,-6.98575000000001,-1,HOLD
2025-10-26 17:00:00,-3.8858000000000175,-6.924350000000018,-1,HOLD
2025-10-26 17:05:00,-3.882600000000025,-7.096950000000021,-1,HOLD
2025-10-26 17:10:00,-3.8840000000000146,-7.323000000000022,-1,HOLD
2025-10-26 17:15:00,-3.8828000000000316,-7.347100000000026,-1,HOLD
2025-10-26 17:20:00,-3.8811999999999784,-7.240899999999982,-1,HOLD
2025-10-26 17:25:00,-3.877400000000023,-7.188050000000018,-1,HOLD
2025-10-26 17:30:00,-3.877200000000016,-6.732900000000001,-1,HOLD
2025-10-26 17:35:00,-3.8828000000000316,-6.757100000000037,-1,HOLD
2025-10-26 17:40:00,-3.8828000000000316,-6.877100000000027,-1,HOLD
2025-10-26 17:45:00,-3.8840000000000146,-6.833000000000013,-1,HOLD
2025-10-26 17:50:00,-3.878600000000006,-7.1039499999999975,-1,HOLD
2025-10-26 17:55:00,-3.877200000000016,-6.832900000000009,-1,HOLD
2025-10-26 18:00:00,-3.877400000000023,-6.813050000000018,-1,HOLD
2025-10-26 18:05:00,-3.8792000000000257,-6.3344000000000165,-1,NO_VALID_ACTION_DEFENSIVE_AVG
2025-10-26 18:10:00,-3.878600000000006,-6.6039499999999975,-1,NO_VALID_ACTION_DEFENSIVE_AVG
2025-10-26 18:15:00,-3.8754000000000133,-6.791550000000001,-1,HOLD
2025-10-26 18:20:00,-3.8781999999999925,-6.533649999999994,-1,HOLD
2025-10-26 18:25:00,-3.8810000000000286,-6.340750000000014,-1,HOLD
2025-10-26 18:30:00,-3.8806000000000154,-6.2654500000000155,-1,HOLD
2025-10-26 18:35:00,-3.8815999999999917,-6.036199999999994,-1,HOLD
2025-10-26 18:40:00,-3.8824000000000183,-5.981800000000007,-1,HOLD
2025-10-26 18:45:00,-3.8824000000000183,-5.886800000000008,-1,HOLD
2025-10-26 18:50:00,-3.884999999999991,-5.988749999999996,-1,HOLD
2025-10-26 18:55:00,-3.8862000000000307,-5.854650000000021,-1,HOLD
2025-10-26 19:00:00,-3.8824000000000183,-5.8718000000000075,-1,HOLD
2025-10-26 19:05:00,-3.881399999999985,-5.766049999999993,-1,HOLD
2025-10-26 19:10:00,-3.8792000000000257,-5.7494000000000085,-1,HOLD
2025-10-26 19:15:00,-3.887200000000007,-5.595399999999998,-1,HOLD
2025-10-26 19:20:00,-3.906400000000019,-5.558580000000035,-1,HOLD
2025-10-26 19:25:00,-3.921800000000019,-5.975399999999993,-1,HOLD
2025-10-26 19:30:00,-3.91640000000001,-5.113580000000013,-1,HOLD
2025-10-26 19:35:00,-3.9180000000000064,-5.686599999999977,-1,HOLD
2025-10-26 19:40:00,-3.9173999999999864,-5.67099999999995,-1,HOLD
2025-10-26 19:45:00,-3.9155999999999835,-5.1977799999999945,-1,HOLD
2025-10-26 19:50:00,-3.9125999999999976,-5.224780000000024,-1,HOLD
2025-10-26 19:55:00,-3.9191999999999894,-5.882799999999968,-1,HOLD
2025-10-26 20:00:00,-3.915399999999977,-4.892579999999995,-1,HOLD
2025-10-26 20:05:00,-3.906000000000006,-5.088180000000023,-1,HOLD
2025-10-26 20:10:00,-3.9132000000000176,-5.125379999999993,-1,HOLD
2025-10-26 20:15:00,-3.908799999999985,-4.880979999999994,-1,HOLD
2025-10-26 20:20:00,-3.907600000000002,-5.034779999999969,-1,HOLD
2025-10-26 20:25:00,-3.9084000000000287,-4.580580000000026,-1,NO_VALID_ACTION_DEFENSIVE_AVG
2025-10-26 20:30:00,-3.8933999999999855,-4.6150499999999965,-1,HOLD
2025-10-26 20:35:00,-3.899000000000001,-4.764250000000004,-1,NO_VALID_ACTION_DEFENSIVE_AVG
2025-10-26 20:40:00,-3.899400000000014,-4.904550000000015,-1,HOLD
2025-10-26 20:45:00,-3.900800000000004,-4.755600000000001,-1,HOLD
2025-10-26 20:50:00,-3.900599999999997,-5.09545,-1,NO_VALID_ACTION_DEFENSIVE_AVG
2025-10-26 20:55:00,-3.8967999999999847,-5.137599999999992,-1,HOLD
2025-10-26 21:00:00,-3.8958000000000084,-4.90185000000001,-1,HOLD
2025-10-26 21:05:00,-3.8933999999999855,-5.20004999999999,-1,NO_VALID_ACTION_DEFENSIVE_AVG
2025-10-26 21:10:00,-3.896000000000015,-5.077000000000012,-1,HOLD
2025-10-26 21:15:00,-3.9057999999999993,-4.842979999999983,-1,NO_VALID_ACTION_DEFENSIVE_AVG
2025-10-26 21:20:00,-3.913000000000011,-4.870180000000019,-1,NO_VALID_ACTION_DEFENSIVE_AVG
2025-10-26 21:25:00,-3.9198000000000093,-6.018399999999993,-1,NO_VALID_ACTION_DEFENSIVE_AVG
2025-10-26 21:30:00,-3.9268000000000143,2.5790599999999095,1,EXIT_PROFIT_TARGET_MET
2025-10-26 21:35:00,-3.9298,0.8443825000000231,1,EXIT_PROFIT_TARGET_MET
2025-10-26 21:40:00,-3.9436000000000035,0.7208973437500705,1,EXIT_PROFIT_TARGET_MET
2025-10-26 21:45:00,-3.9447999999999865,1.0190064062500674,1,EXIT_PROFIT_TARGET_MET
2025-10-26 21:50:00,-3.9517999999999915,0.6253411718749591,1,EXIT_PROFIT_TARGET_MET
2025-10-26 21:55:00,-3.954999999999984,0.03635406250010664,1,EXIT_PROFIT_TARGET_MET
2025-10-26 22:00:00,-3.960399999999993,0.32125093750002787,1,EXIT_PROFIT_TARGET_MET
2025-10-26 22:05:00,-3.953199999999981,1.2049856249999422,1,EXIT_PROFIT_TARGET_MET
2025-10-26 22:10:00,-3.959000000000003,0.0029487500000158207,1,EXIT_PROFIT_TARGET_MET
2025-10-26 22:15:00,-3.9583999999999833,0.1474437499999972,1,EXIT_PROFIT_TARGET_MET
2025-10-26 22:20:00,-3.94440000000003,0.2372312499999829,1,EXIT_PROFIT_TARGET_MET
2025-10-26 22:25:00,-3.9472000000000094,0.3290381249999941,1,EXIT_PROFIT_TARGET_MET
2025-10-26 22:30:00,-3.948599999999999,0.375108125000128,1,EXIT_PROFIT_TARGET_MET
2025-10-26 22:35:00,-3.9476000000000226,0.1471562500000223,1,EXIT_PROFIT_TARGET_MET
2025-10-26 22:40:00,-3.9388000000000147,0.6945974999999391,1,EXIT_PROFIT_TARGET_MET
2025-10-26 22:45:00,-3.956799999999987,0.4182665624999937,1,EXIT_PROFIT_TARGET_MET
2025-10-26 22:50:00,-3.95780000000002,0.06100437500005018,1,EXIT_PROFIT_TARGET_MET
2025-10-26 22:55:00,-3.960199999999986,0.3482700000000314,1,EXIT_PROFIT_TARGET_MET
2025-10-26 23:00:00,-3.9630000000000223,1.0821801074218849,1,EXIT_PROFIT_TARGET_MET
2025-10-26 23:05:00,-3.9565999999999804,1.2561756835938644,1,EXIT_PROFIT_TARGET_MET
2025-10-26 23:10:00,-3.953800000000001,1.1165981250000145,1,EXIT_PROFIT_TARGET_MET
2025-10-26 23:15:00,-3.961599999999976,0.37637289062496604,1,EXIT_PROFIT_TARGET_MET
2025-10-26 23:20:00,-3.961400000000026,0.31853531250009426,1,EXIT_PROFIT_TARGET_MET
2025-10-26 23:25:00,-3.973799999999983,4.388880312499909,1,EXIT_PROFIT_TARGET_MET
2025-10-26 23:30:00,-3.9723999999999933,4.247700000000005,1,EXIT_PROFIT_TARGET_MET
2025-10-26 23:35:00,-3.980799999999988,3.6561287499999757,1,EXIT_PROFIT_TARGET_MET
2025-10-26 23:40:00,-3.981800000000021,2.5764287499999927,1,EXIT_PROFIT_TARGET_MET
2025-10-26 23:45:00,-3.9839999999999804,0.6396424999999688,1,EXIT_PROFIT_TARGET_MET
2025-10-26 23:50:00,-3.978999999999985,1.3433187500000638,1,EXIT_PROFIT_TARGET_MET
2025-10-26 23:55:00,-3.981400000000008,1.455987500000015,1,EXIT_PROFIT_TARGET_MET
2025-10-27 00:00:00,-3.983600000000024,3.144796250000052,1,EXIT_PROFIT_TARGET_MET
2025-10-27 00:05:00,-3.9838000000000306,3.103556249999958,1,EXIT_PROFIT_TARGET_MET
2025-10-27 00:10:00,-3.9864000000000033,0.5127024999999925,1,EXIT_PROFIT_TARGET_MET
2025-10-27 00:15:00,-3.9913999999999987,0.2688000000001143,1,EXIT_PROFIT_TARGET_MET
2025-10-27 00:20:00,-3.974800000000016,0.9544149999998996,1,EXIT_PROFIT_TARGET_MET
2025-10-27 00:25:00,-3.980799999999988,0.8722799999999911,1,EXIT_PROFIT_TARGET_MET
2025-10-27 00:30:00,-3.9838000000000306,0.5320674999999735,1,EXIT_PROFIT_TARGET_MET
2025-10-27 00:35:00,-3.982599999999991,2.0516349999998695,1,EXIT_PROFIT_TARGET_MET
2025-10-27 00:40:00,-3.9846000000000004,2.267326250000071,1,EXIT_PROFIT_TARGET_MET
2025-10-27 00:45:00,-3.98660000000001,3.236947500000076,1,EXIT_PROFIT_TARGET_MET
2025-10-27 00:50:00,-3.9798000000000116,0.4175825000000408,1,EXIT_PROFIT_TARGET_MET
2025-10-27 00:55:00,-3.9768000000000256,2.140357499999938,1,EXIT_PROFIT_TARGET_MET
2025-10-27 01:00:00,-3.97199999999998,2.2939187499998965,1,EXIT_PROFIT_TARGET_MET
2025-10-27 01:05:00,-3.9723999999999933,0.05388250000003225,1,EXIT_PROFIT_TARGET_MET
2025-10-27 01:10:00,-3.9769999999999754,0.5028837499998957,1,EXIT_PROFIT_TARGET_MET
2025-10-27 01:15:00,-3.9827999999999975,0.1828924999999142,1,EXIT_PROFIT_TARGET_MET
2025-10-27 01:20:00,-3.98720000000003,1.1483499069213945,1,EXIT_PROFIT_TARGET_MET
2025-10-27 01:25:00,-3.988400000000013,1.8734868026733194,1,EXIT_PROFIT_TARGET_MET
2025-10-27 01:30:00,-3.9913999999999987,2.3619860552978373,1,EXIT_PROFIT_TARGET_MET
2025-10-27 01:35:00,-3.98720000000003,1.8787457189941439,1,EXIT_PROFIT_TARGET_MET
2025-10-27 01:40:00,-3.9868000000000166,1.238527109374818,1,EXIT_PROFIT_TARGET_MET
2025-10-27 01:45:00,-3.985400000000027,1.1693871093750658,1,EXIT_PROFIT_TARGET_MET
2025-10-27 01:50:00,-3.9943999999999846,11.002896718749767,1,EXIT_PROFIT_TARGET_MET
2025-10-27 01:55:00,-3.990799999999979,18.37196382812502,1,EXIT_PROFIT_TARGET_MET
2025-10-27 02:00:00,-3.9735999999999763,3.7833266015625497,1,EXIT_PROFIT_TARGET_MET
2025-10-27 02:05:00,-3.9710000000000036,-27.84747750000014,-1,NO_VALID_ACTION_DEFENSIVE_AVG
2025-10-27 02:10:00,-3.9716000000000236,-23.988591562500424,-1,NO_VALID_ACTION_DEFENSIVE_AVG
2025-10-27 02:15:00,-3.97199999999998,-11.196474570311938,-1,NO_VALID_ACTION_DEFENSIVE_AVG
2025-10-27 02:20:00,-3.9798000000000116,3.933676601563441,1,EXIT_PROFIT_TARGET_MET
2025-10-27 02:25:00,-3.9752000000000294,3.8221266015624913,1,EXIT_PROFIT_TARGET_MET
2025-10-27 02:30:00,-3.9712000000000103,-26.59321832031307,-1,NO_VALID_ACTION_DEFENSIVE_AVG
2025-10-27 02:35:00,-3.977199999999982,3.870626601562634,1,EXIT_PROFIT_TARGET_MET
2025-10-27 02:40:00,-3.9820000000000277,3.987026601562711,1,EXIT_PROFIT_TARGET_MET
2025-10-27 02:45:00,-3.983000000000004,4.011276601561626,1,EXIT_PROFIT_TARGET_MET
2025-10-27 02:50:00,-3.982599999999991,4.00157660156216,1,EXIT_PROFIT_TARGET_MET
2025-10-27 02:55:00,-3.9746000000000095,3.807576601562559,1,EXIT_PROFIT_TARGET_MET
2025-10-27 03:00:00,-3.9746000000000095,3.807576601562559,1,EXIT_PROFIT_TARGET_MET
2025-10-27 03:05:00,-3.9793999999999983,3.923976601562874,1,EXIT_PROFIT_TARGET_MET
2025-10-27 03:10:00,-3.977199999999982,3.870626601562634,1,EXIT_PROFIT_TARGET_MET
2025-10-27 03:15:00,-3.978999999999985,3.914276601563042,1,EXIT_PROFIT_TARGET_MET
2025-10-27 03:20:00,-3.978999999999985,3.914276601563042,1,EXIT_PROFIT_TARGET_MET
2025-10-27 03:25:00,-3.9793999999999983,3.923976601562874,1,EXIT_PROFIT_TARGET_MET
2025-10-27 03:30:00,-3.9832000000000107,4.0161266015620924,1,EXIT_PROFIT_TARGET_MET
2025-10-27 03:35:00,-3.983000000000004,4.011276601561626,1,EXIT_PROFIT_TARGET_MET
2025-10-27 03:40:00,-3.9804000000000315,3.9482266015628866,1,EXIT_PROFIT_TARGET_MET
2025-10-27 03:45:00,-3.9786000000000286,3.9045766015624785,1,EXIT_PROFIT_TARGET_MET
2025-10-27 03:50:00,-3.981800000000021,3.982176601563218,1,EXIT_PROFIT_TARGET_MET
2025-10-27 03:55:00,-3.978400000000022,3.89972660156311,1,EXIT_PROFIT_TARGET_MET
2025-10-27 04:00:00,-3.9852000000000203,12.253655468749677,1,EXIT_PROFIT_TARGET_MET
2025-10-27 04:05:00,-3.9868000000000166,18.27496382812619,1,EXIT_PROFIT_TARGET_MET
2025-10-27 04:10:00,-3.9864000000000033,12.28275546875009,1,EXIT_PROFIT_TARGET_MET
2025-10-27 04:15:00,-3.9909999999999854,18.376813828126544,1,EXIT_PROFIT_TARGET_MET
2025-10-27 04:20:00,-3.990000000000009,18.35256382812493,1,EXIT_PROFIT_TARGET_MET
2025-10-27 04:25:00,-3.980000000000018,3.9385266015625646,1,EXIT_PROFIT_TARGET_MET
2025-10-27 04:30:00,-3.9820000000000277,3.987026601562711,1,EXIT_PROFIT_TARGET_MET
2025-10-27 04:35:00,-3.9852000000000203,12.253655468749677,1,EXIT_PROFIT_TARGET_MET
2025-10-27 04:40:00,-3.9864000000000033,12.28275546875009,1,EXIT_PROFIT_TARGET_MET
2025-10-27 04:45:00,-3.988200000000006,18.308913828125135,1,EXIT_PROFIT_TARGET_MET
2025-10-27 04:50:00,-3.9886000000000195,18.31861382812599,1,EXIT_PROFIT_TARGET_MET
2025-10-27 04:55:00,-3.982399999999984,3.9967266015621803,1,EXIT_PROFIT_TARGET_MET
2025-10-27 05:00:00,-3.9750000000000227,3.8172766015623907,1,EXIT_PROFIT_TARGET_MET
2025-10-27 05:05:00,-3.974400000000003,3.8027266015624583,1,EXIT_PROFIT_TARGET_MET
2025-10-27 05:10:00,-3.9746000000000095,3.807576601562559,1,EXIT_PROFIT_TARGET_MET
2025-10-27 05:15:00,-3.9716000000000236,-4.670803476563011,-1,HOLD
2025-10-27 05:20:00,-3.974400000000003,3.8027266015624583,1,EXIT_PROFIT_TARGET_MET
2025-10-27 05:25:00,-3.975399999999979,3.826976601562958,1,EXIT_PROFIT_TARGET_MET
2025-10-27 05:30:00,-3.973000000000013,3.768776601562614,1,EXIT_PROFIT_TARGET_MET
2025-10-27 05:35:00,-3.970799999999997,-7.8617806250007245,-1,HOLD
2025-10-27 05:40:00,-3.9746000000000095,3.807576601562559,1,EXIT_PROFIT_TARGET_MET
2025-10-27 05:45:00,-3.9752000000000294,3.8221266015624913,1,EXIT_PROFIT_TARGET_MET
2025-10-27 05:50:00,-3.9735999999999763,3.7833266015625497,1,EXIT_PROFIT_TARGET_MET
2025-10-27 05:55:00,-3.977199999999982,3.870626601562634,1,EXIT_PROFIT_TARGET_MET
2025-10-27 06:00:00,-3.9692000000000007,-19.817023242186778,-1,HOLD
2025-10-27 06:05:00,-3.9700000000000273,-28.25516230468746,-1,HOLD
2025-10-27 06:10:00,-3.969600000000014,-34.12747460937486,-1,NO_VALID_ACTION_DEFENSIVE_AVG
2025-10-27 06:15:00,-3.9617999999999824,-23.030952265624656,-1,NO_VALID_ACTION_DEFENSIVE_AVG
2025-10-27 06:20:00,-3.95780000000002,-22.61537414062412,-1,NO_VALID_ACTION_DEFENSIVE_AVG
2025-10-27 06:25:00,-3.9547999999999774,-27.781185859374553,-1,NO_VALID_ACTION_DEFENSIVE_AVG
2025-10-27 06:30:00,-3.9617999999999824,-24.12018078124956,-1,NO_VALID_ACTION_DEFENSIVE_AVG
2025-10-27 06:35:00,-3.9583999999999833,-25.291859296875202,-1,NO_VALID_ACTION_DEFENSIVE_AVG
2025-10-27 06:40:00,-3.95859999999999,-24.582214374999594,-1,NO_VALID_ACTION_DEFENSIVE_AVG
2025-10-27 06:45:00,-3.952600000000018,-20.632572031249886,-1,HOLD
2025-10-27 06:50:00,-3.9535999999999945,-20.60832203124935,-1,HOLD
2025-10-27 06:55:00,-3.9483999999999924,-19.75619664062493,-1,HOLD
2025-10-27 07:00:00,-3.9478000000000293,-20.90980914062512,-1,NO_VALID_ACTION_DEFENSIVE_AVG
2025-10-27 07:05:00,-3.9476000000000226,-15.068541718749977,-1,NO_VALID_ACTION_DEFENSIVE_AVG
2025-10-27 07:10:00,-3.9517999999999915,-20.42415953125001,-1,HOLD
2025-10-27 07:15:00,-3.9481999999999857,-19.96038257812521,-1,NO_VALID_ACTION_DEFENSIVE_AVG
2025-10-27 07:20:00,-3.9481999999999857,-21.014015390625232,-1,HOLD
2025-10-27 07:25:00,-3.9436000000000035,-15.429788281250183,-1,HOLD
2025-10-27 07:30:00,-3.947999999999979,-21.132771640624938,-1,HOLD
2025-10-27 07:35:00,-3.9535999999999945,-21.149376718749345,-1,HOLD
2025-10-27 07:40:00,-3.957400000000007,-28.647867109373877,-1,HOLD
2025-10-27 07:45:00,-3.966200000000015,-44.87795683593967,-1,NO_VALID_ACTION_DEFENSIVE_AVG
2025-10-27 07:50:00,-3.9682000000000244,-47.039950000000744,-1,HOLD
2025-10-27 07:55:00,-3.9692000000000007,-45.57407402343685,-1,HOLD
2025-10-27 08:00:00,-4.014400000000023,2.493476406249954,1,EXIT_PROFIT_TARGET_MET
2025-10-27 08:05:00,-4.002999999999986,5.063721367187412,1,EXIT_PROFIT_TARGET_MET
2025-10-27 08:10:00,-3.9945999999999913,0.64039187499999,1,EXIT_PROFIT_TARGET_MET
2025-10-27 08:15:00,-3.984199999999987,12.229405468750151,1,EXIT_PROFIT_TARGET_MET
2025-10-27 08:20:00,-3.9805999999999813,3.9530766015633496,1,EXIT_PROFIT_TARGET_MET
2025-10-27 08:25:00,-3.9757999999999925,1.958860666491033e-07,1,EXIT_PROFIT_TARGET_MET
2025-10-27 08:30:00,-3.9838000000000306,0.005511616296754113,1,EXIT_PROFIT_TARGET_MET
2025-10-27 08:35:00,-3.9873999999999796,0.09871012873648397,1,EXIT_PROFIT_TARGET_MET
2025-10-27 08:40:00,-3.996600000000001,0.05830662833214166,1,EXIT_PROFIT_TARGET_MET
2025-10-27 08:45:00,-4.004000000000019,0.12055789155957315,1,EXIT_PROFIT_TARGET_MET
2025-10-27 08:50:00,-4.002799999999979,0.19223894941330458,1,EXIT_PROFIT_TARGET_MET
2025-10-27 08:55:00,-4.004799999999989,0.1764263674163928,1,EXIT_PROFIT_TARGET_MET
2025-10-27 09:00:00,-4.005800000000022,0.08148025146486844,1,EXIT_PROFIT_TARGET_MET
2025-10-27 09:05:00,-4.002999999999986,0.05205863525390579,1,EXIT_PROFIT_TARGET_MET
2025-10-27 09:10:00,-4.0020000000000095,0.06167625152587125,1,EXIT_PROFIT_TARGET_MET
2025-10-27 09:15:00,-4.004200000000026,0.225513991699196,1,EXIT_PROFIT_TARGET_MET
2025-10-27 09:20:00,-4.005400000000009,0.051051188964848754,1,EXIT_PROFIT_TARGET_MET
2025-10-27 09:25:00,-4.007600000000025,0.06912310546872036,1,EXIT_PROFIT_TARGET_MET
2025-10-27 09:30:00,-4.011799999999994,0.21104194335937898,1,EXIT_PROFIT_TARGET_MET
2025-10-27 09:35:00,-4.01479999999998,0.23146421875001688,1,EXIT_PROFIT_TARGET_MET
2025-10-27 09:40:00,-4.011200000000031,0.16175734374997613,1,EXIT_PROFIT_TARGET_MET
2025-10-27 09:45:00,-4.0031999999999925,0.21658601562498514,1,EXIT_PROFIT_TARGET_MET
2025-10-27 09:50:00,-4.002799999999979,0.024936406249983945,1,EXIT_PROFIT_TARGET_MET
2025-10-27 09:55:00,-4.00139999999999,0.1304512499999908,1,EXIT_PROFIT_TARGET_MET
2025-10-27 10:00:00,-4.0031999999999925,0.1425734375000154,1,EXIT_PROFIT_TARGET_MET
2025-10-27 10:05:00,-4.005800000000022,0.0820473925781143,1,EXIT_PROFIT_TARGET_MET
2025-10-27 10:10:00,-4.0160000000000196,0.008816928710951369,1,EXIT_PROFIT_TARGET_MET
2025-10-27 10:15:00,-4.042599999999993,0.11373875000001821,1,EXIT_PROFIT_TARGET_MET
2025-10-27 10:20:00,-4.0341999999999985,1.2285112500000661,1,EXIT_PROFIT_TARGET_MET
2025-10-27 10:25:00,-4.036600000000021,1.917726249999967,1,EXIT_PROFIT_TARGET_MET
2025-10-27 10:30:00,-4.048400000000015,-2.3719215234372903,1,HOLD
2025-10-27 10:35:00,-4.058800000000019,-5.778778437499618,-1,HOLD
2025-10-27 10:40:00,-4.067200000000014,-3.6508996093747434,1,HOLD
2025-10-27 10:45:00,-4.058800000000019,-5.202128046874591,-1,HOLD
2025-10-27 10:50:00,-4.061199999999985,-4.537775703125071,-1,HOLD
2025-10-27 10:55:00,-4.065800000000024,-2.1340683593750995,1,HOLD
2025-10-27 11:00:00,-4.065600000000018,-2.627258203125109,1,HOLD
2025-10-27 11:05:00,-4.06940000000003,-3.6532507812501933,1,HOLD
2025-10-27 11:10:00,-4.080800000000011,-3.6323675000000435,1,HOLD
2025-10-27 11:15:00,-4.0849999999999795,-3.7011424999999214,1,HOLD
2025-10-27 11:20:00,-4.093599999999981,-3.376960000000004,1,HOLD
2025-10-27 11:25:00,-4.090599999999995,-3.2809600000000074,1,HOLD
2025-10-27 11:30:00,-4.090399999999988,-3.289559999999984,1,HOLD
2025-10-27 11:35:00,-4.09620000000001,-3.4489100000000192,1,HOLD
2025-10-27 11:40:00,-4.083399999999983,-3.6683800000000844,1,HOLD
2025-10-27 11:45:00,-4.088599999999985,-3.7265499999999783,1,HOLD
2025-10-27 11:50:00,-4.088799999999992,-4.193054999999966,-1,ACTION_DEFENSIVE_AVG_LONG
2025-10-27 11:55:00,-4.087600000000009,-4.21840499999996,-1,HOLD
2025-10-27 12:00:00,-4.091600000000028,-3.628030000000031,1,HOLD
2025-10-27 12:05:00,-4.0976,-3.5987799999999766,1,NO_VALID_ACTION_DEFENSIVE_AVG
2025-10-27 12:10:00,-4.093400000000031,-3.3893800000000063,1,NO_VALID_ACTION_DEFENSIVE_AVG
2025-10-27 12:15:00,-4.09620000000001,-3.303980000000017,1,NO_VALID_ACTION_DEFENSIVE_AVG
2025-10-27 12:20:00,-4.098799999999983,-4.468349999999987,-1,NO_VALID_ACTION_DEFENSIVE_AVG
2025-10-27 12:25:00,-4.079000000000008,-0.7563837500001935,1,NO_VALID_ACTION_DEFENSIVE_AVG
2025-10-27 12:30:00,-4.072999999999979,-1.0546371874999858,1,NO_VALID_ACTION_DEFENSIVE_AVG
2025-10-27 12:35:00,-4.078199999999981,-1.2420337500001737,1,NO_VALID_ACTION_DEFENSIVE_AVG
2025-10-27 12:40:00,-4.086400000000026,-3.11875499999997,1,NO_VALID_ACTION_DEFENSIVE_AVG
2025-10-27 12:45:00,-4.08359999999999,-2.756812500000102,1,NO_VALID_ACTION_DEFENSIVE_AVG
2025-10-27 12:50:00,-4.077600000000018,-0.1761149999997329,1,NO_VALID_ACTION_DEFENSIVE_AVG
2025-10-27 12:55:00,-4.078800000000001,-0.333577500000108,1,NO_VALID_ACTION_DEFENSIVE_AVG
2025-10-27 13:00:00,-4.081799999999987,-2.077649999999954,1,NO_VALID_ACTION_DEFENSIVE_AVG
2025-10-27 13:05:00,-4.082400000000007,-2.405287499999951,1,NO_VALID_ACTION_DEFENSIVE_AVG
2025-10-27 13:10:00,-4.082400000000007,-2.666849999999929,1,NO_VALID_ACTION_DEFENSIVE_AVG
2025-10-27 13:15:00,-4.083199999999977,-2.603074999999997,1,NO_VALID_ACTION_DEFENSIVE_AVG
2025-10-27 13:20:00,-4.072400000000016,-0.08996843749993855,1,NO_VALID_ACTION_DEFENSIVE_AVG
2025-10-27 13:25:00,-4.071000000000026,-0.8702465624999851,1,NO_VALID_ACTION_DEFENSIVE_AVG
2025-10-27 13:30:00,-4.071199999999976,-0.7425059375001937,1,NO_VALID_ACTION_DEFENSIVE_AVG
2025-10-27 13:35:00,-4.067799999999977,0.3338100781251878,1,EXIT_PROFIT_TARGET_MET
2025-10-27 13:40:00,-4.069000000000017,0.6185098437501182,1,EXIT_PROFIT_TARGET_MET
2025-10-27 13:45:00,-4.078800000000001,-4.940452500000127,-1,NO_VALID_ACTION_DEFENSIVE_AVG
2025-10-27 13:50:00,-4.084000000000003,-5.737112500000009,-1,NO_VALID_ACTION_DEFENSIVE_AVG
2025-10-27 13:55:00,-4.086000000000013,-4.869079999999972,-1,NO_VALID_ACTION_DEFENSIVE_AVG
2025-10-27 14:00:00,-4.080399999999997,0.7204078124999782,1,EXIT_PROFIT_TARGET_MET
2025-10-27 14:05:00,-4.069999999999993,1.7226412500000379,1,EXIT_PROFIT_TARGET_MET
2025-10-27 14:10:00,-4.072999999999979,1.6030868749999518,1,EXIT_PROFIT_TARGET_MET
2025-10-27 14:15:00,-4.06959999999998,0.7218200000001165,1,EXIT_PROFIT_TARGET_MET
2025-10-27 14:20:00,-4.06959999999998,0.2203049999998825,1,EXIT_PROFIT_TARGET_MET
2025-10-27 14:25:00,-4.074200000000019,0.24598625000005825,1,EXIT_PROFIT_TARGET_MET
2025-10-27 14:30:00,-4.069000000000017,0.21826198242186998,1,EXIT_PROFIT_TARGET_MET
2025-10-27 14:35:00,-4.070600000000013,0.2871863281250154,1,EXIT_PROFIT_TARGET_MET
2025-10-27 14:40:00,-4.077200000000005,0.31676417968745546,1,EXIT_PROFIT_TARGET_MET
2025-10-27 14:45:00,-4.076399999999978,1.3498334375000687,1,EXIT_PROFIT_TARGET_MET
2025-10-27 14:50:00,-4.0785999999999945,0.4221942578125391,1,EXIT_PROFIT_TARGET_MET
2025-10-27 14:55:00,-4.080199999999991,0.2669769140626048,1,EXIT_PROFIT_TARGET_MET
2025-10-27 15:00:00,-4.088200000000029,0.0004932297515869141,1,EXIT_PROFIT_TARGET_MET
2025-10-27 15:05:00,-4.093200000000024,-4.014230000000019,1,NO_VALID_ACTION_DEFENSIVE_AVG
2025-10-27 15:10:00,-4.092399999999998,-4.207380000000025,-1,NO_VALID_ACTION_DEFENSIVE_AVG
2025-10-27 15:15:00,-4.09680000000003,-4.331929999999982,-1,NO_VALID_ACTION_DEFENSIVE_AVG
2025-10-27 15:20:00,-4.101999999999975,-5.240749999999977,-1,NO_VALID_ACTION_DEFENSIVE_AVG
2025-10-27 15:25:00,-4.102199999999982,-5.295899999999982,-1,NO_VALID_ACTION_DEFENSIVE_AVG
2025-10-27 15:30:00,-4.103200000000015,-6.277400000000014,-1,NO_VALID_ACTION_DEFENSIVE_AVG
2025-10-27 15:35:00,-4.092399999999998,-4.03863000000003,1,NO_VALID_ACTION_DEFENSIVE_AVG
2025-10-27 15:40:00,-4.093999999999994,-4.07982999999998,1,NO_VALID_ACTION_DEFENSIVE_AVG
2025-10-27 15:45:00,-4.091799999999978,-4.090679999999978,1,NO_VALID_ACTION_DEFENSIVE_AVG
2025-10-27 15:50:00,-4.087199999999996,-4.202479999999873,-1,NO_VALID_ACTION_DEFENSIVE_AVG
2025-10-27 15:55:00,-4.086400000000026,-3.9400049999999744,1,NO_VALID_ACTION_DEFENSIVE_AVG
2025-10-27 16:00:00,-4.0797999999999774,-4.5067749999998785,-1,NO_VALID_ACTION_DEFENSIVE_AVG
2025-10-27 16:05:00,-4.079600000000028,-4.434125000000038,-1,NO_VALID_ACTION_DEFENSIVE_AVG
2025-10-27 16:10:00,-4.075199999999995,-4.9461309375002145,-1,HOLD
2025-10-27 16:15:00,-4.089800000000025,-3.397930000000013,1,HOLD
2025-10-27 16:20:00,-4.093400000000031,-3.580630000000003,1,HOLD
2025-10-27 16:25:00,-4.0984000000000265,-4.61305000000003,-1,HOLD
2025-10-27 16:30:00,-4.084600000000023,-4.250687500000098,-1,HOLD
2025-10-27 16:35:00,-4.086599999999976,0.04026028320312516,1,EXIT_PROFIT_TARGET_MET
2025-10-27 16:40:00,-4.0774000000000115,0.011374316406249786,1,EXIT_PROFIT_TARGET_MET
2025-10-27 16:45:00,-4.084600000000023,-3.8880300000000076,1,HOLD
2025-10-27 16:50:00,-4.0908000000000015,-4.865179999999981,-1,HOLD
2025-10-27 16:55:00,-4.094400000000007,-3.527630000000002,1,HOLD
2025-10-27 17:00:00,-4.09699999999998,-3.5383299999999736,1,HOLD
2025-10-27 17:05:00,-4.084600000000023,3.981723785400457e-06,1,EXIT_PROFIT_TARGET_MET
2025-10-27 17:10:00,-4.085199999999986,-4.637219999999953,-1,HOLD
2025-10-27 17:15:00,-4.0867999999999824,-5.5576200000000355,-1,HOLD
2025-10-27 17:20:00,-4.084600000000023,4.484052658080993e-06,1,EXIT_PROFIT_TARGET_MET
2025-10-27 17:25:00,-4.079600000000028,-3.5528849344700325e-07,1,HOLD
2025-10-27 17:30:00,-4.06880000000001,4.116367499999914,1,EXIT_PROFIT_TARGET_MET
2025-10-27 17:35:00,-4.052200000000028,0.003665790405273355,1,EXIT_PROFIT_TARGET_MET
2025-10-27 17:40:00,-4.059000000000026,2.822524999999936,1,EXIT_PROFIT_TARGET_MET
2025-10-27 17:45:00,-4.05680000000001,0.6917062500000206,1,EXIT_PROFIT_TARGET_MET
2025-10-27 17:50:00,-4.050400000000025,0.3289712499999684,1,EXIT_PROFIT_TARGET_MET
2025-10-27 17:55:00,-4.050000000000011,0.3142212499999797,1,EXIT_PROFIT_TARGET_MET
2025-10-27 18:00:00,-4.043799999999976,0.08559625000005866,1,EXIT_PROFIT_TARGET_MET
2025-10-27 18:05:00,-4.046800000000019,0.1962212499998941,1,EXIT_PROFIT_TARGET_MET
2025-10-27 18:10:00,-4.031999999999982,0.02833343750001438,1,EXIT_PROFIT_TARGET_MET
2025-10-27 18:15:00,-4.035599999999988,0.19517093749988534,1,EXIT_PROFIT_TARGET_MET
2025-10-27 18:20:00,-4.02679999999998,1.2950880468751134,1,EXIT_PROFIT_TARGET_MET
2025-10-27 18:25:00,-4.0038000000000125,0.17473648437501754,1,EXIT_PROFIT_TARGET_MET
2025-10-27 18:30:00,-4.0113999999999805,0.5449396093750365,1,EXIT_PROFIT_TARGET_MET
2025-10-27 18:35:00,-4.0113999999999805,0.5449396093750365,1,EXIT_PROFIT_TARGET_MET
2025-10-27 18:40:00,-4.0172000000000025,0.8274630468749745,1,EXIT_PROFIT_TARGET_MET
2025-10-27 18:45:00,-4.012800000000027,0.6131349218750345,1,EXIT_PROFIT_TARGET_MET
2025-10-27 18:50:00,-4.0038000000000125,0.17473648437501754,1,EXIT_PROFIT_TARGET_MET
2025-10-27 18:55:00,-4.0101999999999975,0.48648648437498254,1,EXIT_PROFIT_TARGET_MET
2025-10-27 19:00:00,-3.987000000000023,1.2596621093748825,1,EXIT_PROFIT_TARGET_MET
2025-10-27 19:05:00,-3.982599999999991,0.2549842382811853,1,EXIT_PROFIT_TARGET_MET
2025-10-27 19:10:00,-3.9920000000000186,0.5203301953125032,1,EXIT_PROFIT_TARGET_MET
2025-10-27 19:15:00,-3.9891999999999825,0.38283488281250583,1,EXIT_PROFIT_TARGET_MET
2025-10-27 19:20:00,-3.9855999999999767,0.20605519531253763,1,EXIT_PROFIT_TARGET_MET
2025-10-27 19:25:00,-3.9898000000000025,0.41229816406253267,1,EXIT_PROFIT_TARGET_MET
2025-10-27 19:30:00,-3.989599999999996,0.40247707031258767,1,EXIT_PROFIT_TARGET_MET
2025-10-27 19:35:00,-3.997799999999984,0.27571515625002263,1,EXIT_PROFIT_TARGET_MET
2025-10-27 19:40:00,-4.002400000000023,0.4961557812500017,1,EXIT_PROFIT_TARGET_MET
2025-10-27 19:45:00,-3.9945999999999913,0.12236515624994326,1,EXIT_PROFIT_TARGET_MET
2025-10-27 19:50:00,-3.9984000000000037,0.3044682812500499,1,EXIT_PROFIT_TARGET_MET
2025-10-27 19:55:00,-3.9995999999999867,0.36197453125000645,1,EXIT_PROFIT_TARGET_MET
2025-10-27 20:00:00,-3.9945999999999913,0.12236515624994326,1,EXIT_PROFIT_TARGET_MET
2025-10-27 20:05:00,-4.010600000000011,0.8891151562500483,1,EXIT_PROFIT_TARGET_MET
2025-10-27 20:10:00,-4.005600000000015,0.6495057812500811,1,EXIT_PROFIT_TARGET_MET
2025-10-27 20:15:00,-4.01339999999999,1.0232964062500456,1,EXIT_PROFIT_TARGET_MET
2025-10-27 20:20:00,-4.008199999999988,0.7741026562500373,1,EXIT_PROFIT_TARGET_MET
2025-10-27 20:25:00,-4.005400000000009,0.63992140625004,1,EXIT_PROFIT_TARGET_MET
2025-10-27 20:30:00,-4.002200000000016,0.48657140625005857,1,EXIT_PROFIT_TARGET_MET
2025-10-27 20:35:00,-4.003399999999999,0.5440776562500171,1,EXIT_PROFIT_TARGET_MET
2025-10-27 20:40:00,-4.002999999999986,0.5249089062501269,1,EXIT_PROFIT_TARGET_MET
2025-10-27 20:45:00,-4.011799999999994,0.9466214062500049,1,EXIT_PROFIT_TARGET_MET
2025-10-27 20:50:00,-4.009999999999991,0.860362031250119,1,EXIT_PROFIT_TARGET_MET
2025-10-27 20:55:00,-4.009200000000021,0.8220245312500507,1,EXIT_PROFIT_TARGET_MET
2025-10-27 21:00:00,-4.017600000000016,1.2245682812500405,1,EXIT_PROFIT_TARGET_MET
2025-10-27 21:05:00,-4.007999999999981,0.7645182812499962,1,EXIT_PROFIT_TARGET_MET
2025-10-27 21:10:00,-4.007000000000005,0.7165964062500807,1,EXIT_PROFIT_TARGET_MET
2025-10-27 21:15:00,-3.9979999999999905,0.2852995312500637,1,EXIT_PROFIT_TARGET_MET
2025-10-27 21:20:00,-3.9855999999999767,0.20605519531253763,1,EXIT_PROFIT_TARGET_MET
2025-10-27 21:25:00,-3.987000000000023,0.425295937500055,1,EXIT_PROFIT_TARGET_MET
2025-10-27 21:30:00,-3.9925999999999817,0.05923375000003084,1,EXIT_PROFIT_TARGET_MET
2025-10-27 21:35:00,-3.998199999999997,0.728445000000022,1,EXIT_PROFIT_TARGET_MET
2025-10-27 21:40:00,-4.0090000000000146,1.1948699999999342,1,EXIT_PROFIT_TARGET_MET
2025-10-27 21:45:00,-4.004200000000026,0.9875700000000069,1,EXIT_PROFIT_TARGET_MET
2025-10-27 21:50:00,-4.002799999999979,1.1129078125000156,1,EXIT_PROFIT_TARGET_MET
2025-10-27 21:55:00,-4.0038000000000125,1.15925156249993,1,EXIT_PROFIT_TARGET_MET
2025-10-27 22:00:00,-3.9968000000000075,0.8348453124999335,1,EXIT_PROFIT_TARGET_MET
2025-10-27 22:05:00,-3.994199999999978,0.6478481250000403,1,EXIT_PROFIT_TARGET_MET
2025-10-27 22:10:00,-3.9961999999999875,0.7342231250000646,1,EXIT_PROFIT_TARGET_MET
2025-10-27 22:15:00,-3.9925999999999817,1.0469868749998978,1,EXIT_PROFIT_TARGET_MET
2025-10-27 22:20:00,-3.996399999999994,0.2919425000000331,1,EXIT_PROFIT_TARGET_MET
2025-10-27 22:25:00,-3.996600000000001,0.3741924999999364,1,EXIT_PROFIT_TARGET_MET
2025-10-27 22:30:00,-3.984800000000007,0.013787949218751094,1,EXIT_PROFIT_TARGET_MET
2025-10-27 22:35:00,-3.9857999999999834,0.03136171875000143,1,EXIT_PROFIT_TARGET_MET
2025-10-27 22:40:00,-3.9879999999999995,0.16944835937499814,1,EXIT_PROFIT_TARGET_MET
2025-10-27 22:45:00,-3.9932000000000016,0.40815951171875586,1,EXIT_PROFIT_TARGET_MET
2025-10-27 22:50:00,-3.995200000000011,0.08562789062499077,1,EXIT_PROFIT_TARGET_MET
2025-10-27 22:55:00,-3.991199999999992,0.1299403906249953,1,EXIT_PROFIT_TARGET_MET
2025-10-27 23:00:00,-4.003399999999999,0.054984101562493615,1,EXIT_PROFIT_TARGET_MET
2025-10-27 23:05:00,-4.002999999999986,0.26837148437503344,1,EXIT_PROFIT_TARGET_MET
2025-10-27 23:10:00,-4.002799999999979,0.4208650000000783,1,EXIT_PROFIT_TARGET_MET
2025-10-27 23:15:00,-4.0049999999999955,0.3951190625000889,1,EXIT_PROFIT_TARGET_MET
2025-10-27 23:20:00,-4.002999999999986,3.643769999999978,1,EXIT_PROFIT_TARGET_MET
2025-10-27 23:25:00,-4.0049999999999955,3.040606562499947,1,EXIT_PROFIT_TARGET_MET
2025-10-27 23:30:00,-3.994799999999998,2.7034843750000714,1,EXIT_PROFIT_TARGET_MET
2025-10-27 23:35:00,-3.9820000000000277,1.7176374999998867,1,EXIT_PROFIT_TARGET_MET
2025-10-27 23:40:00,-3.9843999999999937,1.6261374999999827,1,EXIT_PROFIT_TARGET_MET
2025-10-27 23:45:00,-3.984800000000007,1.6108874999999667,1,EXIT_PROFIT_TARGET_MET
2025-10-27 23:50:00,-4.007000000000005,0.7645124999999595,1,EXIT_PROFIT_TARGET_MET
2025-10-27 23:55:00,-4.007200000000012,0.7568874999999675,1,EXIT_PROFIT_TARGET_MET
2025-10-28 00:00:00,-3.990799999999979,1.3821375000000629,1,EXIT_PROFIT_TARGET_MET
2025-10-28 00:05:00,-3.9843999999999937,1.6261374999999827,1,EXIT_PROFIT_TARGET_MET
2025-10-28 00:10:00,-3.9791999999999916,1.8243874999999985,1,EXIT_PROFIT_TARGET_MET
2025-10-28 00:15:00,-3.973799999999983,2.0302624999999423,1,EXIT_PROFIT_TARGET_MET
2025-10-28 00:20:00,-3.984800000000007,1.6108874999999667,1,EXIT_PROFIT_TARGET_MET
2025-10-28 00:25:00,-3.9938000000000216,1.267762499999959,1,EXIT_PROFIT_TARGET_MET
2025-10-28 00:30:00,-3.9927999999999884,1.305887500000031,1,EXIT_PROFIT_TARGET_MET
2025-10-28 00:35:00,-3.993600000000015,1.275387499999951,1,EXIT_PROFIT_TARGET_MET
2025-10-28 00:40:00,-3.990600000000029,1.389762499999847,1,EXIT_PROFIT_TARGET_MET
2025-10-28 00:45:00,-3.988400000000013,2.3163724999999182,1,EXIT_PROFIT_TARGET_MET
2025-10-28 00:50:00,-3.980000000000018,0.47534250000000355,1,EXIT_PROFIT_TARGET_MET
2025-10-28 00:55:00,-3.983600000000024,1.6501388549803534e-05,1,EXIT_PROFIT_TARGET_MET
2025-10-28 01:00:00,-3.9857999999999834,2.2752689123153e-05,1,EXIT_PROFIT_TARGET_MET
2025-10-28 01:05:00,-3.988400000000013,1.6273537874221818e-05,1,EXIT_PROFIT_TARGET_MET
2025-10-28 01:10:00,-4.000999999999976,1.0124316215515097e-05,1,EXIT_PROFIT_TARGET_MET
2025-10-28 01:15:00,-4.004799999999989,7.191972732542741e-06,1,EXIT_PROFIT_TARGET_MET
2025-10-28 01:20:00,-4.003600000000006,7.597665786742437e-06,1,EXIT_PROFIT_TARGET_MET
2025-10-28 01:25:00,-4.006399999999985,6.6510486602774756e-06,1,EXIT_PROFIT_TARGET_MET
2025-10-28 01:30:00,-4.005200000000002,7.056741714477172e-06,1,EXIT_PROFIT_TARGET_MET
2025-10-28 01:35:00,-4.007400000000018,6.31297111511093e-06,1,EXIT_PROFIT_TARGET_MET
2025-10-28 01:40:00,-4.002400000000023,8.003358840941402e-06,1,EXIT_PROFIT_TARGET_MET
2025-10-28 01:45:00,-4.004599999999982,2.8780031204228894e-06,1,EXIT_PROFIT_TARGET_MET
2025-10-28 01:50:00,-3.998800000000017,3.226383686065713e-05,1,EXIT_PROFIT_TARGET_MET
2025-10-28 01:55:00,-4.0026000000000295,6.040828704833712e-05,1,EXIT_PROFIT_TARGET_MET
2025-10-28 02:00:00,-4.009799999999984,2.8866004943844763e-05,1,EXIT_PROFIT_TARGET_MET
2025-10-28 02:05:00,-4.029200000000003,2.631187438961849e-06,1,EXIT_PROFIT_TARGET_MET
2025-10-28 02:10:00,-4.025599999999997,7.499504089354789e-06,1,EXIT_PROFIT_TARGET_MET
2025-10-28 02:15:00,-4.023599999999988,7.915692329407441e-06,1,EXIT_PROFIT_TARGET_MET
2025-10-28 02:20:00,-4.020399999999995,2.1659564971899956e-06,1,EXIT_PROFIT_TARGET_MET
2025-10-28 02:25:00,-4.0253999999999905,0.00023372798860073936,1,EXIT_PROFIT_TARGET_MET
2025-10-28 02:30:00,-4.029800000000023,6.653421401978018e-05,1,EXIT_PROFIT_TARGET_MET
2025-10-28 02:35:00,-4.052999999999997,0.7967189062499191,1,EXIT_PROFIT_TARGET_MET
2025-10-28 02:40:00,-4.04140000000001,0.0003097928762435974,1,EXIT_PROFIT_TARGET_MET
2025-10-28 02:45:00,-4.0394000000000005,0.00033440387248994465,1,EXIT_PROFIT_TARGET_MET
2025-10-28 02:50:00,-4.0563999999999965,3.5156263038516787e-10,1,EXIT_PROFIT_TARGET_MET
2025-10-28 02:55:00,-4.049599999999998,0.16394429687493173,1,EXIT_PROFIT_TARGET_MET
2025-10-28 03:00:00,-4.050400000000025,4.344940688415759e-06,1,EXIT_PROFIT_TARGET_MET
2025-10-28 03:05:00,-4.051199999999994,0.02363812500007967,1,EXIT_PROFIT_TARGET_MET
2025-10-28 03:10:00,-4.05619999999999,6.439816206694334e-10,1,EXIT_PROFIT_TARGET_MET
2025-10-28 03:15:00,-4.065400000000011,0.3648643749999265,1,EXIT_PROFIT_TARGET_MET
2025-10-28 03:20:00,-4.045599999999979,0.035182319335938614,1,EXIT_PROFIT_TARGET_MET
2025-10-28 03:25:00,-4.0400000000000205,0.10422326660156143,1,EXIT_PROFIT_TARGET_MET
2025-10-28 03:30:00,-4.04140000000001,0.24978969482422034,1,EXIT_PROFIT_TARGET_MET
2025-10-28 03:35:00,-4.050200000000018,0.37304521240234473,1,EXIT_PROFIT_TARGET_MET
2025-10-28 03:40:00,-4.050799999999981,0.6997215380859414,1,EXIT_PROFIT_TARGET_MET
2025-10-28 03:45:00,-4.046800000000019,1.9845136474608909,1,EXIT_PROFIT_TARGET_MET
2025-10-28 03:50:00,-4.043999999999983,2.7750311914062396,1,EXIT_PROFIT_TARGET_MET
2025-10-28 03:55:00,-4.046199999999999,1.7728685546874454,1,EXIT_PROFIT_TARGET_MET
2025-10-28 04:00:00,-4.050000000000011,1.6526217968749026,1,EXIT_PROFIT_TARGET_MET
2025-10-28 04:05:00,-4.0604000000000156,0.10820421874999175,1,EXIT_PROFIT_TARGET_MET
2025-10-28 04:10:00,-4.060200000000009,0.033044843750005715,1,EXIT_PROFIT_TARGET_MET
2025-10-28 04:15:00,-4.054399999999987,0.3169729687501259,1,EXIT_PROFIT_TARGET_MET
2025-10-28 04:20:00,-4.048600000000022,0.6009010937499584,1,EXIT_PROFIT_TARGET_MET
2025-10-28 04:25:00,-4.030199999999979,1.501638593750001,1,EXIT_PROFIT_TARGET_MET
2025-10-28 04:30:00,-4.036600000000021,1.1883385937499968,1,EXIT_PROFIT_TARGET_MET
2025-10-28 04:35:00,-4.04140000000001,0.9533635937500362,1,EXIT_PROFIT_TARGET_MET
2025-10-28 04:40:00,-4.04079999999999,0.982735468750022,1,EXIT_PROFIT_TARGET_MET
2025-10-28 04:45:00,-4.0464000000000055,0.7085979687500876,1,EXIT_PROFIT_TARGET_MET
2025-10-28 04:50:00,-4.0341999999999985,1.3058260937500201,1,EXIT_PROFIT_TARGET_MET
2025-10-28 04:55:00,-4.0335999999999785,1.335197968750006,1,EXIT_PROFIT_TARGET_MET
2025-10-28 05:00:00,-4.016200000000026,2.186982343750077,1,EXIT_PROFIT_TARGET_MET
2025-10-28 05:05:00,-4.026400000000024,1.6876604687500858,1,EXIT_PROFIT_TARGET_MET
2025-10-28 05:10:00,-4.030799999999999,1.4722667187500211,1,EXIT_PROFIT_TARGET_MET
2025-10-28 05:15:00,-4.023200000000031,1.844310468749991,1,EXIT_PROFIT_TARGET_MET
2025-10-28 05:20:00,-4.018199999999979,2.0890760937500414,1,EXIT_PROFIT_TARGET_MET
2025-10-28 05:25:00,-4.01479999999998,2.2555167187500365,1,EXIT_PROFIT_TARGET_MET
2025-10-28 05:30:00,-4.006599999999992,2.65693234375009,1,EXIT_PROFIT_TARGET_MET
2025-10-28 05:35:00,-4.005200000000002,2.7254667187500496,1,EXIT_PROFIT_TARGET_MET
2025-10-28 05:40:00,-4.00139999999999,2.9114885937501285,1,EXIT_PROFIT_TARGET_MET
2025-10-28 05:45:00,-4.007999999999981,2.5883979687501304,1,EXIT_PROFIT_TARGET_MET
2025-10-28 05:50:00,-4.0038000000000125,2.7940010937499133,1,EXIT_PROFIT_TARGET_MET
2025-10-28 05:55:00,-4.000800000000027,2.9408604687500164,1,EXIT_PROFIT_TARGET_MET
2025-10-28 06:00:00,-3.9956000000000245,3.1954167187500566,1,EXIT_PROFIT_TARGET_MET
2025-10-28 06:05:00,-3.9927999999999884,3.332485468749976,1,EXIT_PROFIT_TARGET_MET
2025-10-28 06:10:00,-3.9943999999999846,3.2541604687500225,1,EXIT_PROFIT_TARGET_MET
2025-10-28 06:15:00,-4.001800000000003,2.8919073437499487,1,EXIT_PROFIT_TARGET_MET
2025-10-28 06:20:00,-3.987000000000023,3.6164135937500004,1,EXIT_PROFIT_TARGET_MET
2025-10-28 06:25:00,-3.983600000000024,3.7828542187499994,1,EXIT_PROFIT_TARGET_MET
2025-10-28 06:30:00,-3.9793999999999983,3.988457343749974,1,EXIT_PROFIT_TARGET_MET
2025-10-28 06:35:00,-3.978999999999985,4.008038593750058,1,EXIT_PROFIT_TARGET_MET
2025-10-28 06:40:00,-3.987000000000023,3.6164135937500004,1,EXIT_PROFIT_TARGET_MET
2025-10-28 06:45:00,-3.988200000000006,3.5576698437500367,1,EXIT_PROFIT_TARGET_MET
2025-10-28 06:50:00,-3.9846000000000004,3.7339010937499317,1,EXIT_PROFIT_TARGET_MET
2025-10-28 06:55:00,-3.974800000000016,4.213641718750033,1,EXIT_PROFIT_TARGET_MET
2025-10-28 07:00:00,-3.983000000000004,3.812226093750077,1,EXIT_PROFIT_TARGET_MET
2025-10-28 07:05:00,-3.984199999999987,3.7534823437500195,1,EXIT_PROFIT_TARGET_MET
2025-10-28 07:10:00,-3.9746000000000095,3.678642187500092,1,EXIT_PROFIT_TARGET_MET
2025-10-28 07:15:00,-3.980799999999988,2.9921387500000263,1,EXIT_PROFIT_TARGET_MET
2025-10-28 07:20:00,-3.962600000000009,2.679613750000067,1,EXIT_PROFIT_TARGET_MET
2025-10-28 07:25:00,-3.9612000000000194,0.45832750000001,1,EXIT_PROFIT_TARGET_MET
2025-10-28 07:30:00,-3.9726,0.8592775781249243,1,EXIT_PROFIT_TARGET_MET
2025-10-28 07:35:00,-3.9786000000000286,0.45614679199219965,1,EXIT_PROFIT_TARGET_MET
2025-10-28 07:40:00,-3.9739999999999895,3.129127500000097,1,EXIT_PROFIT_TARGET_MET
2025-10-28 07:45:00,-3.9873999999999796,0.5556431249999678,1,EXIT_PROFIT_TARGET_MET
2025-10-28 07:50:00,-3.985400000000027,0.6535493749999712,1,EXIT_PROFIT_TARGET_MET
2025-10-28 07:55:00,-3.9750000000000227,3.0817212500000326,1,EXIT_PROFIT_TARGET_MET
2025-10-28 08:00:00,-3.9846000000000004,0.11763562499995306,1,EXIT_PROFIT_TARGET_MET
2025-10-28 08:05:00,-3.9821999999999775,2.0250062499998585,1,EXIT_PROFIT_TARGET_MET
2025-10-28 08:10:00,-3.97320000000002,2.368131249999978,1,EXIT_PROFIT_TARGET_MET
2025-10-28 08:15:00,-3.9739999999999895,0.20619250000009082,1,EXIT_PROFIT_TARGET_MET
2025-10-28 08:20:00,-3.988200000000006,0.313635937499976,1,EXIT_PROFIT_TARGET_MET
2025-10-28 08:25:00,-3.9793999999999983,0.0003174999999551176,1,EXIT_PROFIT_TARGET_MET
2025-10-28 08:30:00,-3.9793999999999983,0.0003174999999551176,1,EXIT_PROFIT_TARGET_MET
2025-10-28 08:35:00,-3.97199999999998,0.2824425000001227,1,EXIT_PROFIT_TARGET_MET
2025-10-28 08:40:00,-3.961999999999989,0.6636925000001224,1,EXIT_PROFIT_TARGET_MET
2025-10-28 08:45:00,-3.970199999999977,0.32787750000007065,1,EXIT_PROFIT_TARGET_MET
2025-10-28 08:50:00,-3.9694000000000074,0.34847750000002975,1,EXIT_PROFIT_TARGET_MET
2025-10-28 08:55:00,-3.966200000000015,0.43087750000008995,1,EXIT_PROFIT_TARGET_MET
2025-10-28 09:00:00,-3.959600000000023,0.6008275000000403,1,EXIT_PROFIT_TARGET_MET
2025-10-28 09:05:00,-3.951599999999985,0.8068275000000149,1,EXIT_PROFIT_TARGET_MET
2025-10-28 09:10:00,-3.9599999999999795,0.5905275000001566,1,EXIT_PROFIT_TARGET_MET
2025-10-28 09:15:00,-3.956200000000024,0.6883775000000583,1,EXIT_PROFIT_TARGET_MET
2025-10-28 09:20:00,-3.952600000000018,0.7810775000000341,1,EXIT_PROFIT_TARGET_MET
2025-10-28 09:25:00,-3.966200000000015,0.43087750000008995,1,EXIT_PROFIT_TARGET_MET
2025-10-28 09:30:00,-3.9700000000000273,0.33302750000006043,1,EXIT_PROFIT_TARGET_MET
2025-10-28 09:35:00,-3.9728000000000065,0.2609275000000437,1,EXIT_PROFIT_TARGET_MET
2025-10-28 09:40:00,-3.9723999999999933,0.27122749999992735,1,EXIT_PROFIT_TARGET_MET
2025-10-28 09:45:00,-3.974400000000003,0.21972749999999763,1,EXIT_PROFIT_TARGET_MET
2025-10-28 09:50:00,-3.9764000000000124,0.16822750000003595,1,EXIT_PROFIT_TARGET_MET
2025-10-28 09:55:00,-3.974199999999996,0.22487750000008333,1,EXIT_PROFIT_TARGET_MET
2025-10-28 10:00:00,-3.977199999999982,0.14762750000007685,1,EXIT_PROFIT_TARGET_MET
2025-10-28 10:05:00,-3.9868000000000166,0.5344925000000273,1,EXIT_PROFIT_TARGET_MET
2025-10-28 10:10:00,-3.98599999999999,0.5649925000000273,1,EXIT_PROFIT_TARGET_MET
2025-10-28 10:15:00,-3.9920000000000186,0.33624249999997957,1,EXIT_PROFIT_TARGET_MET
2025-10-28 10:20:00,-3.9961999999999875,0.17611750000003568,1,EXIT_PROFIT_TARGET_MET
2025-10-28 10:25:00,-3.9972000000000207,0.13799249999996377,1,EXIT_PROFIT_TARGET_MET
2025-10-28 10:30:00,-3.990000000000009,0.41249250000004345,1,EXIT_PROFIT_TARGET_MET
2025-10-28 10:35:00,-4.004200000000026,0.36455000000001814,1,EXIT_PROFIT_TARGET_MET
2025-10-28 10:40:00,-3.9968000000000075,0.1532425000000277,1,EXIT_PROFIT_TARGET_MET
2025-10-28 10:45:00,-3.9934000000000083,0.2828675000000196,1,EXIT_PROFIT_TARGET_MET
2025-10-28 10:50:00,-3.9974000000000274,0.1303675000000677,1,EXIT_PROFIT_TARGET_MET
2025-10-28 10:55:00,-3.9943999999999846,0.24474250000007558,1,EXIT_PROFIT_TARGET_MET
2025-10-28 11:00:00,-4.003600000000006,0.3911374999999895,1,EXIT_PROFIT_TARGET_MET
2025-10-28 11:05:00,-4.008600000000001,0.16957500000004977,1,EXIT_PROFIT_TARGET_MET
2025-10-28 11:10:00,-4.005200000000002,0.3202375000000366,1,EXIT_PROFIT_TARGET_MET
2025-10-28 11:15:00,-4.008399999999995,0.17843750000004288,1,EXIT_PROFIT_TARGET_MET
2025-10-28 11:20:00,-4.008800000000008,0.16071250000005666,1,EXIT_PROFIT_TARGET_MET
2025-10-28 11:25:00,-4.009400000000028,0.13412500000006133,1,EXIT_PROFIT_TARGET_MET
2025-10-28 11:30:00,-4.000400000000013,0.015992499999963883,1,EXIT_PROFIT_TARGET_MET
2025-10-28 11:35:00,-4.007600000000025,0.21388750000000734,1,EXIT_PROFIT_TARGET_MET
2025-10-28 11:40:00,-4.0335999999999785,2.3089962499999865,1,EXIT_PROFIT_TARGET_MET
2025-10-28 11:45:00,-4.0394000000000005,2.025068125000058,1,EXIT_PROFIT_TARGET_MET
2025-10-28 11:50:00,-4.029200000000003,2.524390000000051,1,EXIT_PROFIT_TARGET_MET
2025-10-28 11:55:00,-4.0271999999999935,0.04404749999996582,1,EXIT_PROFIT_TARGET_MET
2025-10-28 12:00:00,-4.030199999999979,2.4754368750000815,1,EXIT_PROFIT_TARGET_MET
2025-10-28 12:05:00,-4.0323999999999955,2.367740000000048,1,EXIT_PROFIT_TARGET_MET
2025-10-28 12:10:00,-4.0190000000000055,0.43277874999991406,1,EXIT_PROFIT_TARGET_MET
2025-10-28 12:15:00,-4.019999999999982,0.38537250000004564,1,EXIT_PROFIT_TARGET_MET
2025-10-28 12:20:00,-4.009200000000021,0.14298750000005445,1,EXIT_PROFIT_TARGET_MET
2025-10-28 12:25:00,-4.016399999999976,0.5560349999999357,1,EXIT_PROFIT_TARGET_MET
2025-10-28 12:30:00,-4.018599999999992,0.4517412500000053,1,EXIT_PROFIT_TARGET_MET
2025-10-28 12:35:00,-4.0260000000000105,0.10093500000002775,1,EXIT_PROFIT_TARGET_MET
2025-10-28 12:40:00,-4.021799999999985,0.3000412500000986,1,EXIT_PROFIT_TARGET_MET
2025-10-28 12:45:00,-3.9974000000000274,0.1303675000000677,1,EXIT_PROFIT_TARGET_MET
2025-10-28 12:50:00,-4.009400000000028,1.3823753125000833,1,EXIT_PROFIT_TARGET_MET
2025-10-28 12:55:00,-4.015199999999993,1.107419062500059,1,EXIT_PROFIT_TARGET_MET
2025-10-28 13:00:00,-4.033799999999985,0.2256628125000244,1,EXIT_PROFIT_TARGET_MET
2025-10-28 13:05:00,-4.025800000000004,0.3934249999999615,1,EXIT_PROFIT_TARGET_MET
2025-10-28 13:10:00,-3.9992000000000303,0.15386124999995232,1,EXIT_PROFIT_TARGET_MET
2025-10-28 13:15:00,-4.0113999999999805,0.645304999999941,1,EXIT_PROFIT_TARGET_MET
2025-10-28 13:20:00,-4.0242000000000075,0.36142414062504247,1,EXIT_PROFIT_TARGET_MET
2025-10-28 13:25:00,-4.0312000000000126,0.0049823327636716475,1,EXIT_PROFIT_TARGET_MET
2025-10-28 13:30:00,-4.02800000000002,9.545410156210077e-05,1,EXIT_PROFIT_TARGET_MET
2025-10-28 13:35:00,-4.023000000000025,0.01741487304687442,1,EXIT_PROFIT_TARGET_MET
2025-10-28 13:40:00,-4.021999999999991,0.006394599609375148,1,EXIT_PROFIT_TARGET_MET
2025-10-28 13:45:00,-4.016799999999989,0.010643046874996065,1,EXIT_PROFIT_TARGET_MET
2025-10-28 13:50:00,-4.0201999999999884,0.053481054687498975,1,EXIT_PROFIT_TARGET_MET
2025-10-28 13:55:00,-4.025800000000004,0.19543171874998766,1,EXIT_PROFIT_TARGET_MET
2025-10-28 14:00:00,-4.013599999999997,0.574506875000004,1,EXIT_PROFIT_TARGET_MET
2025-10-28 14:05:00,-4.013599999999997,0.04654812499998595,1,EXIT_PROFIT_TARGET_MET
2025-10-28 14:10:00,-4.029600000000016,2.1913824999999427,1,EXIT_PROFIT_TARGET_MET
2025-10-28 14:15:00,-4.027600000000007,1.5519249999999332,1,EXIT_PROFIT_TARGET_MET
2025-10-28 14:20:00,-4.0242000000000075,0.7744827343750033,1,EXIT_PROFIT_TARGET_MET
2025-10-28 14:25:00,-4.023799999999994,0.28670367187490986,1,EXIT_PROFIT_TARGET_MET
2025-10-28 14:30:00,-4.02660000000003,2.09539581054685,1,EXIT_PROFIT_TARGET_MET
2025-10-28 14:35:00,-4.024600000000021,2.23886562499994,1,EXIT_PROFIT_TARGET_MET
2025-10-28 14:40:00,-4.0260000000000105,2.2287624218749067,1,EXIT_PROFIT_TARGET_MET
2025-10-28 14:45:00,-4.0405999999999835,0.7833996874999785,1,EXIT_PROFIT_TARGET_MET
2025-10-28 14:50:00,-4.034400000000005,0.5364781249999542,1,EXIT_PROFIT_TARGET_MET
2025-10-28 14:55:00,-4.022400000000005,2.504704687499898,1,EXIT_PROFIT_TARGET_MET
2025-10-28 15:00:00,-4.023399999999981,2.026232500000024,1,EXIT_PROFIT_TARGET_MET
2025-10-28 15:05:00,-4.014999999999986,0.6454000000000875,1,EXIT_PROFIT_TARGET_MET
2025-10-28 15:10:00,-4.0113999999999805,0.48980523437502677,1,EXIT_PROFIT_TARGET_MET
2025-10-28 15:15:00,-4.006599999999992,0.0716039062500009,1,EXIT_PROFIT_TARGET_MET
2025-10-28 15:20:00,-4.004799999999989,0.4793667187500337,1,EXIT_PROFIT_TARGET_MET
2025-10-28 15:25:00,-4.011599999999987,0.8645089062500315,1,EXIT_PROFIT_TARGET_MET
2025-10-28 15:30:00,-4.00060000000002,0.15407468750006426,1,EXIT_PROFIT_TARGET_MET
2025-10-28 15:35:00,-3.9943999999999846,0.07639312500005557,1,EXIT_PROFIT_TARGET_MET
2025-10-28 15:40:00,-3.9898000000000025,0.060719296874999884,1,EXIT_PROFIT_TARGET_MET
2025-10-28 15:45:00,-3.9891999999999825,0.056965976562499854,1,EXIT_PROFIT_TARGET_MET
2025-10-28 15:50:00,-3.978999999999985,0.07720167968749825,1,EXIT_PROFIT_TARGET_MET
2025-10-28 15:55:00,-3.974199999999996,0.08446722656250016,1,EXIT_PROFIT_TARGET_MET
2025-10-28 16:00:00,-3.981400000000008,0.1128871093749998,1,EXIT_PROFIT_TARGET_MET
2025-10-28 16:05:00,-3.9873999999999796,0.007251874999999797,1,EXIT_PROFIT_TARGET_MET
2025-10-28 16:10:00,-3.9855999999999767,0.14407679687500116,1,EXIT_PROFIT_TARGET_MET
2025-10-28 16:15:00,-3.984199999999987,0.24842406250000015,1,EXIT_PROFIT_TARGET_MET
2025-10-28 16:20:00,-3.9852000000000203,0.4826546874999986,1,EXIT_PROFIT_TARGET_MET
2025-10-28 16:25:00,-3.9798000000000116,0.4778792187500045,1,EXIT_PROFIT_TARGET_MET
2025-10-28 16:30:00,-3.9922000000000253,0.8365460937499933,1,EXIT_PROFIT_TARGET_MET
2025-10-28 16:35:00,-3.990600000000029,1.73796187500001,1,EXIT_PROFIT_TARGET_MET
2025-10-28 16:40:00,-3.9995999999999867,2.532345000000041,1,EXIT_PROFIT_TARGET_MET
2025-10-28 16:45:00,-4.002999999999986,0.6990650000000933,1,EXIT_PROFIT_TARGET_MET
2025-10-28 16:50:00,-4.0172000000000025,0.8735868750000488,1,EXIT_PROFIT_TARGET_MET
2025-10-28 16:55:00,-4.018000000000029,1.7617025000000055,1,EXIT_PROFIT_TARGET_MET
2025-10-28 17:00:00,-4.035599999999988,4.5028734207153425e-06,1,EXIT_PROFIT_TARGET_MET
2025-10-28 17:05:00,-4.047799999999995,3.069929999999932,1,EXIT_PROFIT_TARGET_MET
2025-10-28 17:10:00,-4.045999999999992,3.0262799999999537,1,EXIT_PROFIT_TARGET_MET
2025-10-28 17:15:00,-4.044399999999996,2.9874799999999873,1,EXIT_PROFIT_TARGET_MET
2025-10-28 17:20:00,-4.047799999999995,3.069929999999932,1,EXIT_PROFIT_TARGET_MET
2025-10-28 17:25:00,-4.0493999999999915,3.108729999999994,1,EXIT_PROFIT_TARGET_MET
2025-10-28 17:30:00,-4.052799999999991,3.1911800000000348,1,EXIT_PROFIT_TARGET_MET
2025-10-28 17:35:00,-4.050600000000031,3.137829999999937,1,EXIT_PROFIT_TARGET_MET
2025-10-28 17:40:00,-4.052999999999997,3.1960300000000146,1,EXIT_PROFIT_TARGET_MET
2025-10-28 17:45:00,-4.052999999999997,3.1960300000000146,1,EXIT_PROFIT_TARGET_MET
2025-10-28 17:50:00,-4.038400000000024,2.8419800000000173,1,EXIT_PROFIT_TARGET_MET
2025-10-28 17:55:00,-4.0464000000000055,3.0359799999999133,1,EXIT_PROFIT_TARGET_MET
2025-10-28 18:00:00,-4.046199999999999,3.0311299999999655,1,EXIT_PROFIT_TARGET_MET
2025-10-28 18:05:00,-4.051400000000001,3.1572299999999203,1,EXIT_PROFIT_TARGET_MET
2025-10-28 18:10:00,-4.039800000000014,2.875930000000004,1,EXIT_PROFIT_TARGET_MET
2025-10-28 18:15:00,-4.047200000000032,3.0553799999999924,1,EXIT_PROFIT_TARGET_MET
2025-10-28 18:20:00,-4.049800000000005,3.1184300000000498,1,EXIT_PROFIT_TARGET_MET
2025-10-28 18:25:00,-4.048000000000002,3.0747799999999756,1,EXIT_PROFIT_TARGET_MET
2025-10-28 18:30:00,-4.05680000000001,3.2881800000000148,1,EXIT_PROFIT_TARGET_MET
2025-10-28 18:35:00,-4.063199999999995,3.4433799999999124,1,EXIT_PROFIT_TARGET_MET
2025-10-28 18:40:00,-4.069999999999993,3.6082800000000894,1,EXIT_PROFIT_TARGET_MET
2025-10-28 18:45:00,-4.074599999999975,3.719829999999945,1,EXIT_PROFIT_TARGET_MET
2025-10-28 18:50:00,-4.0715999999999894,3.647079999999896,1,EXIT_PROFIT_TARGET_MET
2025-10-28 18:55:00,-4.0674000000000206,3.545230000000064,1,EXIT_PROFIT_TARGET_MET
2025-10-28 19:00:00,-4.06959999999998,3.59857999999997,1,EXIT_PROFIT_TARGET_MET
2025-10-28 19:05:00,-4.062400000000025,3.423980000000025,1,EXIT_PROFIT_TARGET_MET
2025-10-28 19:10:00,-4.060800000000029,3.3851799999999628,1,EXIT_PROFIT_TARGET_MET
2025-10-28 19:15:00,-4.063600000000008,3.453079999999968,1,EXIT_PROFIT_TARGET_MET
2025-10-28 19:20:00,-4.051199999999994,3.1523800000000683,1,EXIT_PROFIT_TARGET_MET
2025-10-28 19:25:00,-4.030599999999993,2.652830000000069,1,EXIT_PROFIT_TARGET_MET
2025-10-28 19:30:00,-4.035599999999988,2.774080000000012,1,EXIT_PROFIT_TARGET_MET
2025-10-28 19:35:00,-4.037199999999984,2.8128800000000744,1,EXIT_PROFIT_TARGET_MET
2025-10-28 19:40:00,-4.043000000000006,2.9535299999999047,1,EXIT_PROFIT_TARGET_MET
2025-10-28 19:45:00,-4.036999999999978,2.8080299999999987,1,EXIT_PROFIT_TARGET_MET
2025-10-28 19:50:00,-4.044600000000003,1.3305925000001189,1,EXIT_PROFIT_TARGET_MET
2025-10-28 19:55:00,-4.0400000000000205,1.3846375000001032,1,EXIT_PROFIT_TARGET_MET
2025-10-28 20:00:00,-4.027800000000013,0.9996875000000074,1,EXIT_PROFIT_TARGET_MET
2025-10-28 20:05:00,-4.025199999999984,1.5051062500000096,1,EXIT_PROFIT_TARGET_MET
2025-10-28 20:10:00,-4.024600000000021,3.2745849999999876,1,EXIT_PROFIT_TARGET_MET
2025-10-28 20:15:00,-4.018599999999992,0.8699825000000629,1,EXIT_PROFIT_TARGET_MET
2025-10-28 20:20:00,-4.022600000000011,5.043869999999922,1,EXIT_PROFIT_TARGET_MET
2025-10-28 20:25:00,-4.023399999999981,2.0934150000000074,1,EXIT_PROFIT_TARGET_MET
2025-10-28 20:30:00,-4.01260000000002,0.5891900000000589,1,EXIT_PROFIT_TARGET_MET
2025-10-28 20:35:00,-4.000200000000007,2.5880349999999943,1,EXIT_PROFIT_TARGET_MET
2025-10-28 20:40:00,-4.002799999999979,1.8889099999999246,1,EXIT_PROFIT_TARGET_MET
2025-10-28 20:45:00,-4.0043999999999755,2.7248624999999684,1,EXIT_PROFIT_TARGET_MET
2025-10-28 20:50:00,-4.0049999999999955,1.7284150000001262,1,EXIT_PROFIT_TARGET_MET
2025-10-28 20:55:00,-4.006599999999992,-5.31800508440481e-09,1,HOLD
2025-10-28 21:00:00,-4.000999999999976,-5.51400436904717e-09,1,HOLD
2025-10-28 21:05:00,-4.004200000000026,-5.459125102902282e-09,1,HOLD
2025-10-28 21:10:00,-4.005600000000015,0.14708062500006402,1,EXIT_PROFIT_TARGET_MET
2025-10-28 21:15:00,-4.012999999999977,0.4304262499999316,1,EXIT_PROFIT_TARGET_MET
2025-10-28 21:20:00,-3.9995999999999867,0.2883187499999629,1,EXIT_PROFIT_TARGET_MET
2025-10-28 21:25:00,-4.002799999999979,0.07797875000009569,1,EXIT_PROFIT_TARGET_MET
2025-10-28 21:30:00,-4.0049999999999955,1.38258749999995,1,EXIT_PROFIT_TARGET_MET
2025-10-28 21:35:00,-4.008600000000001,1.7413875000000623,1,EXIT_PROFIT_TARGET_MET
2025-10-28 21:40:00,-3.9995999999999867,0.3310062499999997,1,EXIT_PROFIT_TARGET_MET
2025-10-28 21:45:00,-3.9927999999999884,0.3072323046873583,1,EXIT_PROFIT_TARGET_MET
2025-10-28 21:50:00,-3.987799999999993,1.5655399218750543,1,EXIT_PROFIT_TARGET_MET
2025-10-28 21:55:00,-3.994799999999998,0.5057490624999803,1,EXIT_PROFIT_TARGET_MET
2025-10-28 22:00:00,-3.988200000000006,0.3299099999999351,1,EXIT_PROFIT_TARGET_MET
2025-10-28 22:05:00,-3.9843999999999937,0.3166512499999037,1,EXIT_PROFIT_TARGET_MET
2025-10-28 22:10:00,-3.9816000000000145,0.0007674999999860432,1,EXIT_PROFIT_TARGET_MET
2025-10-28 22:15:00,-3.974800000000016,2.001943750000004,1,EXIT_PROFIT_TARGET_MET
2025-10-28 22:20:00,-3.97180000000003,1.38703999999999,1,EXIT_PROFIT_TARGET_MET
2025-10-28 22:25:00,-3.9739999999999895,1.46816499999988,1,EXIT_PROFIT_TARGET_MET
2025-10-28 22:30:00,-3.975599999999986,1.5271650000000268,1,EXIT_PROFIT_TARGET_MET
2025-10-28 22:35:00,-3.9821999999999775,1.7705400000000324,1,EXIT_PROFIT_TARGET_MET
2025-10-28 22:40:00,-3.984199999999987,1.844290000000056,1,EXIT_PROFIT_TARGET_MET
2025-10-28 22:45:00,-4.00139999999999,2.4785400000001143,1,EXIT_PROFIT_TARGET_MET
2025-10-28 22:50:00,-3.99939999999998,2.404789999999995,1,EXIT_PROFIT_TARGET_MET
2025-10-28 22:55:00,-4.004799999999989,2.6039150000000344,1,EXIT_PROFIT_TARGET_MET
2025-10-28 23:00:00,-4.01460000000003,2.965289999999822,1,EXIT_PROFIT_TARGET_MET
2025-10-28 23:05:00,-4.019999999999982,3.1644149999999733,1,EXIT_PROFIT_TARGET_MET
2025-10-28 23:10:00,-4.028399999999976,3.474164999999976,1,EXIT_PROFIT_TARGET_MET
2025-10-28 23:15:00,-4.0242000000000075,3.3192900000000627,1,EXIT_PROFIT_TARGET_MET
2025-10-28 23:20:00,-4.0464000000000055,4.137914999999996,1,EXIT_PROFIT_TARGET_MET
2025-10-28 23:25:00,-4.046199999999999,4.13054000000005,1,EXIT_PROFIT_TARGET_MET
2025-10-28 23:30:00,-4.038400000000024,3.842914999999982,1,EXIT_PROFIT_TARGET_MET
2025-10-28 23:35:00,-4.037399999999991,3.806039999999994,1,EXIT_PROFIT_TARGET_MET
2025-10-28 23:40:00,-4.040200000000027,3.909289999999979,1,EXIT_PROFIT_TARGET_MET
2025-10-28 23:45:00,-4.055000000000007,0.014524999999981247,1,EXIT_PROFIT_TARGET_MET
2025-10-28 23:50:00,-4.052999999999997,4.381290000000002,1,EXIT_PROFIT_TARGET_MET
2025-10-28 23:55:00,-4.0552000000000135,0.01937500000002501,1,EXIT_PROFIT_TARGET_MET
2025-10-29 00:00:00,-4.047799999999995,4.189539999999893,1,EXIT_PROFIT_TARGET_MET
2025-10-29 00:05:00,-4.041600000000017,3.9609149999999715,1,EXIT_PROFIT_TARGET_MET
2025-10-29 00:10:00,-4.043600000000026,4.034664999999995,1,EXIT_PROFIT_TARGET_MET
2025-10-29 00:15:00,-4.05619999999999,0.04362499999986014,1,EXIT_PROFIT_TARGET_MET
2025-10-29 00:20:00,-4.0475999999999885,4.182164999999866,1,EXIT_PROFIT_TARGET_MET
2025-10-29 00:25:00,-4.048999999999978,4.233790000000051,1,EXIT_PROFIT_TARGET_MET
2025-10-29 00:30:00,-4.02940000000001,3.511040000000076,1,EXIT_PROFIT_TARGET_MET
2025-10-29 00:35:00,-4.018199999999979,3.098040000000104,1,EXIT_PROFIT_TARGET_MET
2025-10-29 00:40:00,-3.980200000000025,1.696789999999993,1,EXIT_PROFIT_TARGET_MET
2025-10-29 00:45:00,-3.9698000000000206,1.3132899999998706,1,EXIT_PROFIT_TARGET_MET
2025-10-29 00:50:00,-3.974800000000016,1.4976649999999534,1,EXIT_PROFIT_TARGET_MET
2025-10-29 00:55:00,-3.991199999999992,2.1024149999999384,1,EXIT_PROFIT_TARGET_MET
2025-10-29 01:00:00,-4.0038000000000125,2.5670400000000146,1,EXIT_PROFIT_TARGET_MET
2025-10-29 01:05:00,-4.0090000000000146,2.758789999999836,1,EXIT_PROFIT_TARGET_MET
2025-10-29 01:10:00,-4.006599999999992,2.6702900000000156,1,EXIT_PROFIT_TARGET_MET
2025-10-29 01:15:00,-3.9916000000000054,2.117164999999927,1,EXIT_PROFIT_TARGET_MET
2025-10-29 01:20:00,-3.9855999999999767,1.8959149999999525,1,EXIT_PROFIT_TARGET_MET
2025-10-29 01:25:00,-3.9886000000000195,2.00653999999998,1,EXIT_PROFIT_TARGET_MET
2025-10-29 01:30:00,-3.984199999999987,1.844290000000056,1,EXIT_PROFIT_TARGET_MET
2025-10-29 01:35:00,-3.9868000000000166,1.9401649999999986,1,EXIT_PROFIT_TARGET_MET
2025-10-29 01:40:00,-3.9694000000000074,1.2985399999999938,1,EXIT_PROFIT_TARGET_MET
2025-10-29 01:45:00,-3.981200000000001,1.7336649999999967,1,EXIT_PROFIT_TARGET_MET
2025-10-29 01:50:00,-3.980000000000018,1.6894149999999506,1,EXIT_PROFIT_TARGET_MET
2025-10-29 01:55:00,-3.977199999999982,1.5861649999999496,1,EXIT_PROFIT_TARGET_MET
2025-10-29 02:00:00,-3.9864000000000033,1.9254150000000099,1,EXIT_PROFIT_TARGET_MET
2025-10-29 02:05:00,-3.9750000000000227,1.5050399999999797,1,EXIT_PROFIT_TARGET_MET
2025-10-29 02:10:00,-3.974400000000003,1.4829149999999647,1,EXIT_PROFIT_TARGET_MET
2025-10-29 02:15:00,-3.968999999999994,1.283790000000021,1,EXIT_PROFIT_TARGET_MET
2025-10-29 02:20:00,-3.965000000000032,1.1362899999998621,1,EXIT_PROFIT_TARGET_MET
2025-10-29 02:25:00,-3.9752000000000294,1.512415000000022,1,EXIT_PROFIT_TARGET_MET
2025-10-29 02:30:00,-3.9839999999999804,1.8369149999999976,1,EXIT_PROFIT_TARGET_MET
2025-10-29 02:35:00,-3.9839999999999804,1.8369149999999976,1,EXIT_PROFIT_TARGET_MET
2025-10-29 02:40:00,-3.9804000000000315,1.7041649999999233,1,EXIT_PROFIT_TARGET_MET
2025-10-29 02:45:00,-3.9995999999999867,2.4121649999999413,1,EXIT_PROFIT_TARGET_MET
2025-10-29 02:50:00,-4.008199999999988,2.7292899999999705,1,EXIT_PROFIT_TARGET_MET
2025-10-29 02:55:00,-3.996399999999994,2.2941649999998557,1,EXIT_PROFIT_TARGET_MET
2025-10-29 03:00:00,-3.9979999999999905,2.3531649999999864,1,EXIT_PROFIT_TARGET_MET
2025-10-29 03:05:00,-4.005800000000022,2.6407899999999422,1,EXIT_PROFIT_TARGET_MET
2025-10-29 03:10:00,-4.01460000000003,2.965289999999822,1,EXIT_PROFIT_TARGET_MET
2025-10-29 03:15:00,-4.009799999999984,2.788290000000085,1,EXIT_PROFIT_TARGET_MET
2025-10-29 03:20:00,-4.011799999999994,2.862040000000013,1,EXIT_PROFIT_TARGET_MET
2025-10-29 03:25:00,-4.005400000000009,2.6260399999999695,1,EXIT_PROFIT_TARGET_MET
2025-10-29 03:30:00,-4.0043999999999755,2.5891650000000457,1,EXIT_PROFIT_TARGET_MET
2025-10-29 03:35:00,-4.0113999999999805,2.847289999999944,1,EXIT_PROFIT_TARGET_MET
2025-10-29 03:40:00,-4.008399999999995,2.736664999999917,1,EXIT_PROFIT_TARGET_MET
2025-10-29 03:45:00,-4.011200000000031,2.839914999999902,1,EXIT_PROFIT_TARGET_MET
2025-10-29 03:50:00,-4.01400000000001,2.9431649999999028,1,EXIT_PROFIT_TARGET_MET
2025-10-29 03:55:00,-4.016999999999996,3.053789999999946,1,EXIT_PROFIT_TARGET_MET
2025-10-29 04:00:00,-4.005400000000009,2.6260399999999695,1,EXIT_PROFIT_TARGET_MET
2025-10-29 04:05:00,-4.0154,2.994790000000087,1,EXIT_PROFIT_TARGET_MET
2025-10-29 04:10:00,-4.019800000000032,3.157039999999931,1,EXIT_PROFIT_TARGET_MET
2025-10-29 04:15:00,-4.013599999999997,2.928414999999914,1,EXIT_PROFIT_TARGET_MET
2025-10-29 04:20:00,-4.004799999999989,2.6039150000000344,1,EXIT_PROFIT_TARGET_MET
2025-10-29 04:25:00,-3.9898000000000025,2.050790000000026,1,EXIT_PROFIT_TARGET_MET
2025-10-29 04:30:00,-3.992400000000032,2.1466649999999845,1,EXIT_PROFIT_TARGET_MET
2025-10-29 04:35:00,-3.984800000000007,1.866414999999975,1,EXIT_PROFIT_TARGET_MET
2025-10-29 04:40:00,-3.9821999999999775,1.7705400000000324,1,EXIT_PROFIT_TARGET_MET
2025-10-29 04:45:00,-3.9879999999999995,1.9844149999998528,1,EXIT_PROFIT_TARGET_MET
2025-10-29 04:50:00,-3.9868000000000166,1.9401649999999986,1,EXIT_PROFIT_TARGET_MET
2025-10-29 04:55:00,-3.993600000000015,2.1909149999998547,1,EXIT_PROFIT_TARGET_MET
2025-10-29 05:00:00,-3.9938000000000216,2.198289999999977,1,EXIT_PROFIT_TARGET_MET
2025-10-29 05:05:00,-4.0031999999999925,2.5449149999999836,1,EXIT_PROFIT_TARGET_MET
2025-10-29 05:10:00,-3.9922000000000253,2.1392899999998463,1,EXIT_PROFIT_TARGET_MET
2025-10-29 05:15:00,-3.9594000000000165,0.9297899999998602,1,EXIT_PROFIT_TARGET_MET
2025-10-29 05:20:00,-3.9501999999999953,0.5905399999999119,1,EXIT_PROFIT_TARGET_MET
2025-10-29 05:25:00,-3.9431999999999903,0.3324149999999175,1,EXIT_PROFIT_TARGET_MET
2025-10-29 05:30:00,-3.9499999999999886,0.5831650000000455,1,EXIT_PROFIT_TARGET_MET
2025-10-29 05:35:00,-3.9436000000000035,0.34716500000000217,1,EXIT_PROFIT_TARGET_MET
2025-10-29 05:40:00,-3.9418000000000006,0.28078999999990906,1,EXIT_PROFIT_TARGET_MET
2025-10-29 05:45:00,-3.898399999999981,0.3025683593749953,1,EXIT_PROFIT_TARGET_MET
2025-10-29 05:50:00,-3.9116000000000213,0.9546664062500073,1,EXIT_PROFIT_TARGET_MET
2025-10-29 05:55:00,-3.908200000000022,0.7867017578123878,1,EXIT_PROFIT_TARGET_MET
2025-10-29 06:00:00,-3.8992000000000075,0.3420894531250628,1,EXIT_PROFIT_TARGET_MET
2025-10-29 06:05:00,-3.886000000000024,2.451558411121279e-07,1,EXIT_PROFIT_TARGET_MET
2025-10-29 06:10:00,-3.8734000000000037,3.024210035800901e-07,1,EXIT_PROFIT_TARGET_MET
2025-10-29 06:15:00,-3.8623999999999796,13.689681123046995,1,EXIT_PROFIT_TARGET_MET
2025-10-29 06:20:00,-3.8734000000000037,3.024210035800901e-07,1,EXIT_PROFIT_TARGET_MET
2025-10-29 06:25:00,-3.864399999999989,13.738181123047212,1,EXIT_PROFIT_TARGET_MET
2025-10-29 06:30:00,-3.8677999999999884,15.78392264648393,1,EXIT_PROFIT_TARGET_MET
2025-10-29 06:35:00,-3.8888000000000034,2.3243024945258392e-07,1,EXIT_PROFIT_TARGET_MET
2025-10-29 06:40:00,-3.8736000000000104,3.015120327472673e-07,1,EXIT_PROFIT_TARGET_MET
2025-10-29 06:45:00,-3.863999999999976,13.728481123047203,1,EXIT_PROFIT_TARGET_MET
2025-10-29 06:50:00,-3.8695999999999913,23.284072719728925,1,EXIT_PROFIT_TARGET_MET
2025-10-29 06:55:00,-3.8500000000000227,-6.82596859374998,-1,HOLD
2025-10-29 07:00:00,-3.8588000000000306,0.4517382812498312,1,EXIT_PROFIT_TARGET_MET
2025-10-29 07:05:00,-3.8308000000000106,-5.234827500000023,-1,HOLD
2025-10-29 07:10:00,-3.8448000000000206,0.12303125000003412,1,EXIT_PROFIT_TARGET_MET
2025-10-29 07:15:00,-3.8471999999999866,0.18123124999998375,1,EXIT_PROFIT_TARGET_MET
2025-10-29 07:20:00,-3.840000000000032,-9.252344687499887,-1,HOLD
2025-10-29 07:25:00,-3.8450000000000273,0.12788124999995798,1,EXIT_PROFIT_TARGET_MET
2025-10-29 07:30:00,-3.8700000000000045,3.178735077381101e-07,1,EXIT_PROFIT_TARGET_MET
2025-10-29 07:35:00,-3.8693999999999846,23.279222719727812,1,EXIT_PROFIT_TARGET_MET
2025-10-29 07:40:00,-3.8806000000000154,2.696980535984007e-07,1,EXIT_PROFIT_TARGET_MET
2025-10-29 07:45:00,-3.8815999999999917,2.6515319943427334e-07,1,EXIT_PROFIT_TARGET_MET
2025-10-29 07:50:00,-3.8763999999999896,2.887864410877233e-07,1,EXIT_PROFIT_TARGET_MET
2025-10-29 07:55:00,-3.877400000000023,2.8424158692359027e-07,1,EXIT_PROFIT_TARGET_MET
2025-10-29 08:00:00,-3.879000000000019,2.7696982026100215e-07,1,EXIT_PROFIT_TARGET_MET
2025-10-29 08:05:00,-3.87560000000002,5.90602606534968e-07,1,EXIT_PROFIT_TARGET_MET
2025-10-29 08:10:00,-3.87439999999998,1.512415111064906e-06,1,EXIT_PROFIT_TARGET_MET
2025-10-29 08:15:00,-3.883199999999988,2.4737340211868015e-06,1,EXIT_PROFIT_TARGET_MET
2025-10-29 08:20:00,-3.8863999999999805,5.846269130706903e-06,1,EXIT_PROFIT_TARGET_MET
2025-10-29 08:25:00,-3.893799999999999,9.384760856628214e-06,1,EXIT_PROFIT_TARGET_MET
2025-10-29 08:30:00,-3.893599999999992,2.327700614929152e-05,1,EXIT_PROFIT_TARGET_MET
2025-10-29 08:35:00,-3.8876000000000204,4.6018133163452506e-05,1,EXIT_PROFIT_TARGET_MET
2025-10-29 08:40:00,-3.8946000000000254,7.555227279663052e-05,1,EXIT_PROFIT_TARGET_MET
2025-10-29 08:45:00,-3.901999999999987,9.06428146362334e-05,1,EXIT_PROFIT_TARGET_MET
2025-10-29 08:50:00,-3.895399999999995,0.0002042876434326219,1,EXIT_PROFIT_TARGET_MET
2025-10-29 08:55:00,-3.899000000000001,0.000603427124023437,1,EXIT_PROFIT_TARGET_MET
2025-10-29 09:00:00,-3.8828000000000316,0.0014660006713866822,1,EXIT_PROFIT_TARGET_MET
2025-10-29 09:05:00,-3.8851999999999975,0.0033687213134766724,1,EXIT_PROFIT_TARGET_MET
2025-10-29 09:10:00,-3.8836000000000013,0.005592080078124988,1,EXIT_PROFIT_TARGET_MET
2025-10-29 09:15:00,-3.8851999999999975,0.007428071289062411,1,EXIT_PROFIT_TARGET_MET
2025-10-29 09:20:00,-3.886000000000024,0.010568471679687122,1,EXIT_PROFIT_TARGET_MET
2025-10-29 09:25:00,-3.8804000000000087,0.00364712890625081,1,EXIT_PROFIT_TARGET_MET
2025-10-29 09:30:00,-3.884400000000028,0.04373495117187533,1,EXIT_PROFIT_TARGET_MET
2025-10-29 09:35:00,-3.884400000000028,0.05383341796875071,1,EXIT_PROFIT_TARGET_MET
2025-10-29 09:40:00,-3.8811999999999784,0.06355703125000489,1,EXIT_PROFIT_TARGET_MET
2025-10-29 09:45:00,-3.8885999999999967,0.32680171875001796,1,EXIT_PROFIT_TARGET_MET
2025-10-29 09:50:00,-3.88839999999999,0.2285021874999873,1,EXIT_PROFIT_TARGET_MET
2025-10-29 09:55:00,-3.8836000000000013,0.3721418749999952,1,EXIT_PROFIT_TARGET_MET
2025-10-29 10:00:00,-3.887800000000027,2.436606249999949,1,EXIT_PROFIT_TARGET_MET
2025-10-29 10:05:00,-3.8833999999999946,0.025393105468751745,1,EXIT_PROFIT_TARGET_MET
2025-10-29 10:10:00,-3.892400000000009,0.40952031250004683,1,EXIT_PROFIT_TARGET_MET
2025-10-29 10:15:00,-3.8992000000000075,1.6159056249998465,1,EXIT_PROFIT_TARGET_MET
2025-10-29 10:20:00,-3.8987999999999943,1.6856934374999528,1,EXIT_PROFIT_TARGET_MET
2025-10-29 10:25:00,-3.898200000000031,0.5209268749999607,1,EXIT_PROFIT_TARGET_MET
2025-10-29 10:30:00,-3.8851999999999975,0.8173149999999207,1,EXIT_PROFIT_TARGET_MET
2025-10-29 10:35:00,-3.886799999999994,1.7106687500000284,1,EXIT_PROFIT_TARGET_MET
2025-10-29 10:40:00,-3.882000000000005,0.09600750000000247,1,EXIT_PROFIT_TARGET_MET
2025-10-29 10:45:00,-3.8736000000000104,0.9440500000000256,1,EXIT_PROFIT_TARGET_MET
2025-10-29 10:50:00,-3.8824000000000183,1.3683499999999036,1,EXIT_PROFIT_TARGET_MET
2025-10-29 10:55:00,-3.876800000000003,1.6040362500001102,1,EXIT_PROFIT_TARGET_MET
2025-10-29 11:00:00,-3.872599999999977,0.010098750000066659,1,EXIT_PROFIT_TARGET_MET
2025-10-29 11:05:00,-3.8654000000000224,0.08970000000010003,1,EXIT_PROFIT_TARGET_MET
2025-10-29 11:10:00,-3.867400000000032,0.5115249999999598,1,EXIT_PROFIT_TARGET_MET
2025-10-29 11:15:00,-3.87560000000002,1.3068775000000095,1,EXIT_PROFIT_TARGET_MET
2025-10-29 11:20:00,-3.8729999999999905,0.7926212500000123,1,EXIT_PROFIT_TARGET_MET
2025-10-29 11:25:00,-3.8765999999999963,0.5249612499999134,1,EXIT_PROFIT_TARGET_MET
2025-10-29 11:30:00,-3.8847999999999843,0.8945193749999891,1,EXIT_PROFIT_TARGET_MET
2025-10-29 11:35:00,-3.8897999999999797,0.6481256249999312,1,EXIT_PROFIT_TARGET_MET
2025-10-29 11:40:00,-3.8870000000000005,0.9051504687500453,1,EXIT_PROFIT_TARGET_MET
2025-10-29 11:45:00,-3.8788000000000125,1.0297506249999633,1,EXIT_PROFIT_TARGET_MET
2025-10-29 11:50:00,-3.8754000000000133,0.6213443749998202,1,EXIT_PROFIT_TARGET_MET
2025-10-29 11:55:00,-3.8836000000000013,0.5828931249999645,1,EXIT_PROFIT_TARGET_MET
2025-10-29 12:00:00,-3.885600000000011,0.11340875000006001,1,EXIT_PROFIT_TARGET_MET
2025-10-29 12:05:00,-3.884400000000028,1.6435556249999976,1,EXIT_PROFIT_TARGET_MET
2025-10-29 12:10:00,-3.8876000000000204,0.49163500000004134,1,EXIT_PROFIT_TARGET_MET
2025-10-29 12:15:00,-3.8906000000000063,2.2865325000000105,1,EXIT_PROFIT_TARGET_MET
2025-10-29 12:20:00,-3.8940000000000055,0.10374500000001419,1,EXIT_PROFIT_TARGET_MET
2025-10-29 12:25:00,-3.892400000000009,0.6565900000000049,1,EXIT_PROFIT_TARGET_MET
2025-10-29 12:30:00,-3.8851999999999975,1.0987575000001009,1,EXIT_PROFIT_TARGET_MET
2025-10-29 12:35:00,-3.8897999999999797,1.1322149999999773,1,EXIT_PROFIT_TARGET_MET
2025-10-29 12:40:00,-3.893599999999992,0.7145049999999706,1,EXIT_PROFIT_TARGET_MET
2025-10-29 12:45:00,-3.8944000000000187,1.3705025000000965,1,EXIT_PROFIT_TARGET_MET
2025-10-29 12:50:00,-3.898200000000031,1.0954824999999495,1,EXIT_PROFIT_TARGET_MET
2025-10-29 12:55:00,-3.894999999999982,1.2786506250000191,1,EXIT_PROFIT_TARGET_MET
2025-10-29 13:00:00,-3.8758000000000266,1.0834600000000076,1,EXIT_PROFIT_TARGET_MET
2025-10-29 13:05:00,-3.8718000000000075,0.094793750000008,1,EXIT_PROFIT_TARGET_MET
2025-10-29 13:10:00,-3.8740000000000236,1.0973762500000124,1,EXIT_PROFIT_TARGET_MET
2025-10-29 13:15:00,-3.8781999999999925,1.5170699999999826,1,EXIT_PROFIT_TARGET_MET
2025-10-29 13:20:00,-3.8745999999999867,2.092801249999937,1,EXIT_PROFIT_TARGET_MET
2025-10-29 13:25:00,-3.870200000000011,0.3121225000000294,1,EXIT_PROFIT_TARGET_MET
2025-10-29 13:30:00,-3.876800000000003,0.845501249999959,1,EXIT_PROFIT_TARGET_MET
2025-10-29 13:35:00,-3.8765999999999963,0.7002762500001047,1,EXIT_PROFIT_TARGET_MET
2025-10-29 13:40:00,-3.880200000000002,0.0009587109374993019,1,EXIT_PROFIT_TARGET_MET
2025-10-29 13:45:00,-3.882600000000025,0.0011813865661621647,1,EXIT_PROFIT_TARGET_MET
2025-10-29 13:50:00,-3.876800000000003,0.002159773864746007,1,EXIT_PROFIT_TARGET_MET
2025-10-29 13:55:00,-3.878600000000006,0.00361399810791009,1,EXIT_PROFIT_TARGET_MET
2025-10-29 14:00:00,-3.879799999999989,0.0012902337646483776,1,EXIT_PROFIT_TARGET_MET
2025-10-29 14:05:00,-3.879599999999982,11.960599531249805,1,EXIT_PROFIT_TARGET_MET
2025-10-29 14:10:00,-3.8822000000000116,18.867870859374392,1,EXIT_PROFIT_TARGET_MET
2025-10-29 14:15:00,-3.8836000000000013,0.11597999999999242,1,EXIT_PROFIT_TARGET_MET
2025-10-29 14:20:00,-3.8836000000000013,0.11597999999999242,1,EXIT_PROFIT_TARGET_MET
2025-10-29 14:25:00,-3.88960000000003,1.9540087499999608,1,EXIT_PROFIT_TARGET_MET
2025-10-29 14:30:00,-3.8928000000000225,2.031608749999858,1,EXIT_PROFIT_TARGET_MET
2025-10-29 14:35:00,-3.8897999999999797,1.9588587499999228,1,EXIT_PROFIT_TARGET_MET
2025-10-29 14:40:00,-3.893199999999979,2.0413087499998888,1,EXIT_PROFIT_TARGET_MET
2025-10-29 14:45:00,-3.8933999999999855,0.019121660156246834,1,EXIT_PROFIT_TARGET_MET
2025-10-29 14:50:00,-3.891200000000026,0.1707786914062431,1,EXIT_PROFIT_TARGET_MET
2025-10-29 14:55:00,-3.891200000000026,0.2623873632812415,1,EXIT_PROFIT_TARGET_MET
2025-10-29 15:00:00,-3.897800000000018,0.9599766992187407,1,EXIT_PROFIT_TARGET_MET
2025-10-29 15:05:00,-3.894200000000012,1.440590253906162,1,EXIT_PROFIT_TARGET_MET
2025-10-29 15:10:00,-3.8976000000000113,1.2253339062500592,1,EXIT_PROFIT_TARGET_MET
2025-10-29 15:15:00,-3.907199999999989,1.008454687500092,1,EXIT_PROFIT_TARGET_MET
2025-10-29 15:20:00,-3.9073999999999955,0.6282237500000551,1,EXIT_PROFIT_TARGET_MET
2025-10-29 15:25:00,-3.9032000000000266,14.310586640624564,1,EXIT_PROFIT_TARGET_MET
2025-10-29 15:30:00,-3.905399999999986,11.6534939062499,1,EXIT_PROFIT_TARGET_MET
2025-10-29 15:35:00,-3.9114000000000146,11.79899390624972,1,EXIT_PROFIT_TARGET_MET
2025-10-29 15:40:00,-3.9085999999999785,11.731093906250024,1,EXIT_PROFIT_TARGET_MET
2025-10-29 15:45:00,-3.9039999999999964,0.007803710937499993,1,EXIT_PROFIT_TARGET_MET
2025-10-29 15:50:00,-3.9021999999999935,0.0015019946289061906,1,EXIT_PROFIT_TARGET_MET
2025-10-29 15:55:00,-3.9032000000000266,0.0013499536132813225,1,EXIT_PROFIT_TARGET_MET
2025-10-29 16:00:00,-3.9037999999999897,0.0007346142578124708,1,EXIT_PROFIT_TARGET_MET
2025-10-29 16:05:00,-3.9098000000000184,0.004143203124999384,1,EXIT_PROFIT_TARGET_MET
2025-10-29 16:10:00,-3.899600000000021,0.0048649316406249865,1,EXIT_PROFIT_TARGET_MET
2025-10-29 16:15:00,-3.8980000000000246,0.10447894531249963,1,EXIT_PROFIT_TARGET_MET
2025-10-29 16:20:00,-3.9033999999999764,0.09699568359375067,1,EXIT_PROFIT_TARGET_MET
2025-10-29 16:25:00,-3.90300000000002,0.2144111572265639,1,EXIT_PROFIT_TARGET_MET
2025-10-29 16:30:00,-3.9014000000000237,0.11584250000000251,1,EXIT_PROFIT_TARGET_MET
2025-10-29 16:35:00,-3.9033999999999764,0.6689812500000256,1,EXIT_PROFIT_TARGET_MET
2025-10-29 16:40:00,-3.901200000000017,1.0063156249999876,1,EXIT_PROFIT_TARGET_MET
2025-10-29 16:45:00,-3.9051999999999794,1.5020150000000019,1,EXIT_PROFIT_TARGET_MET
2025-10-29 16:50:00,-3.913000000000011,2.14440875,1,EXIT_PROFIT_TARGET_MET
2025-10-29 16:55:00,-3.9110000000000014,0.26462132812499994,1,EXIT_PROFIT_TARGET_MET
2025-10-29 17:00:00,-3.910000000000025,0.07214429687498605,1,EXIT_PROFIT_TARGET_MET
2025-10-29 17:05:00,-3.9073999999999955,0.013207910156249059,1,EXIT_PROFIT_TARGET_MET
2025-10-29 17:10:00,-3.9102000000000317,0.016434472656249588,1,EXIT_PROFIT_TARGET_MET
2025-10-29 17:15:00,-3.913600000000031,0.020352441406250338,1,EXIT_PROFIT_TARGET_MET
2025-10-29 17:20:00,-3.9196000000000026,0.027266503906248546,1,EXIT_PROFIT_TARGET_MET
2025-10-29 17:25:00,-3.918799999999976,0.02634462890624925,1,EXIT_PROFIT_TARGET_MET
2025-10-29 17:30:00,-3.915399999999977,0.0224266601562505,1,EXIT_PROFIT_TARGET_MET
2025-10-29 17:35:00,-3.911800000000028,0.018278222656249427,1,EXIT_PROFIT_TARGET_MET
2025-10-29 17:40:00,-3.9069999999999823,0.06209328124999955,1,EXIT_PROFIT_TARGET_MET
2025-10-29 17:45:00,-3.906400000000019,0.004087031249998985,1,EXIT_PROFIT_TARGET_MET
2025-10-29 17:50:00,-3.91719999999998,0.14422056640625086,1,EXIT_PROFIT_TARGET_MET
2025-10-29 17:55:00,-3.9132000000000176,0.12025962890624488,1,EXIT_PROFIT_TARGET_MET
2025-10-29 18:00:00,-3.9084000000000287,0.14491121093748877,1,EXIT_PROFIT_TARGET_MET
2025-10-29 18:05:00,-3.897199999999998,0.33028703125003367,1,EXIT_PROFIT_TARGET_MET
2025-10-29 18:10:00,-3.892400000000009,0.5812063378905589,1,EXIT_PROFIT_TARGET_MET
2025-10-29 18:15:00,-3.896000000000015,2.2047212646483776,1,EXIT_PROFIT_TARGET_MET
2025-10-29 18:20:00,-3.8964000000000283,3.1539392187499002,1,EXIT_PROFIT_TARGET_MET
2025-10-29 18:25:00,-3.8922000000000025,1.2178370898436943,1,EXIT_PROFIT_TARGET_MET
2025-10-29 18:30:00,-3.895399999999995,2.029274999999927,1,EXIT_PROFIT_TARGET_MET
2025-10-29 18:35:00,-3.882600000000025,0.2607114062498729,1,EXIT_PROFIT_TARGET_MET
2025-10-29 18:40:00,-3.8847999999999843,0.6759256249999814,1,EXIT_PROFIT_TARGET_MET
2025-10-29 18:45:00,-3.8847999999999843,0.5313906249999798,1,EXIT_PROFIT_TARGET_MET
2025-10-29 18:50:00,-3.8915999999999826,2.6530118749999856,1,EXIT_PROFIT_TARGET_MET
2025-10-29 18:55:00,-3.8906000000000063,0.6378237500000044,1,EXIT_PROFIT_TARGET_MET
2025-10-29 19:00:00,-3.893000000000029,2.5088599999999612,1,EXIT_PROFIT_TARGET_MET
2025-10-29 19:05:00,-3.887800000000027,0.27322999999985953,1,EXIT_PROFIT_TARGET_MET
2025-10-29 19:10:00,-3.879000000000019,0.055869062499928734,1,EXIT_PROFIT_TARGET_MET
2025-10-29 19:15:00,-3.8892000000000166,0.0010834007620811328,1,EXIT_PROFIT_TARGET_MET
2025-10-29 19:20:00,-3.887800000000027,0.0024802049136161746,1,EXIT_PROFIT_TARGET_MET
2025-10-29 19:25:00,-3.8822000000000116,0.00014814487457282156,1,EXIT_PROFIT_TARGET_MET
2025-10-29 19:30:00,-3.8811999999999784,0.0022754533863066995,1,EXIT_PROFIT_TARGET_MET
2025-10-29 19:35:00,-3.883199999999988,0.0023890175056457408,1,EXIT_PROFIT_TARGET_MET
2025-10-29 19:40:00,-3.884999999999991,0.0025737852859497277,1,EXIT_PROFIT_TARGET_MET
2025-10-29 19:45:00,-3.884400000000028,0.0025793392181395385,1,EXIT_PROFIT_TARGET_MET
2025-10-29 19:50:00,-3.8862000000000307,0.23891874999997897,1,EXIT_PROFIT_TARGET_MET
2025-10-29 19:55:00,-3.884999999999991,1.658753750000002,1,EXIT_PROFIT_TARGET_MET
2025-10-29 20:00:00,-3.88960000000003,1.647995000000007,1,EXIT_PROFIT_TARGET_MET
2025-10-29 20:05:00,-3.887200000000007,0.0008464007568358837,1,EXIT_PROFIT_TARGET_MET
2025-10-29 20:10:00,-3.882600000000025,0.00014816406249960456,1,EXIT_PROFIT_TARGET_MET
2025-10-29 20:15:00,-3.8906000000000063,0.010381256103515063,1,EXIT_PROFIT_TARGET_MET
2025-10-29 20:20:00,-3.9084000000000287,1.4187949999999163,1,EXIT_PROFIT_TARGET_MET
2025-10-29 20:25:00,-3.926400000000001,0.05615148437499956,1,EXIT_PROFIT_TARGET_MET
2025-10-29 20:30:00,-3.9331999999999994,0.832159999999952,1,EXIT_PROFIT_TARGET_MET
2025-10-29 20:35:00,-3.9390000000000214,0.9204731249999938,1,EXIT_PROFIT_TARGET_MET
2025-10-29 20:40:00,-3.930999999999983,0.0036010156250002034,1,EXIT_PROFIT_TARGET_MET
2025-10-29 20:45:00,-3.9336000000000126,0.0045861718749996006,1,EXIT_PROFIT_TARGET_MET
2025-10-29 20:50:00,-3.9273999999999774,0.002236953124998886,1,EXIT_PROFIT_TARGET_MET
2025-10-29 20:55:00,-3.925200000000018,0.0014033593749988582,1,EXIT_PROFIT_TARGET_MET
2025-10-29 21:00:00,-3.9298,0.0031463281250000974,1,EXIT_PROFIT_TARGET_MET
2025-10-29 21:05:00,-3.9478000000000293,0.08096437499997311,1,EXIT_PROFIT_TARGET_MET
2025-10-29 21:10:00,-3.956200000000024,0.47025187499997045,1,EXIT_PROFIT_TARGET_MET
2025-10-29 21:15:00,-3.9705999999999904,0.1961787499999108,1,EXIT_PROFIT_TARGET_MET
2025-10-29 21:20:00,-3.9780000000000086,0.5157662499999871,1,EXIT_PROFIT_TARGET_MET
2025-10-29 21:25:00,-3.9739999999999895,0.34301625000003444,1,EXIT_PROFIT_TARGET_MET
2025-10-29 21:30:00,-3.9703999999999837,0.18754124999996513,1,EXIT_PROFIT_TARGET_MET
2025-10-29 21:35:00,-3.9621999999999957,0.7483143749999486,1,EXIT_PROFIT_TARGET_MET
2025-10-29 21:40:00,-3.9653999999999883,0.8966143750000248,1,EXIT_PROFIT_TARGET_MET
2025-10-29 21:45:00,-3.9705999999999904,0.1961787499999108,1,EXIT_PROFIT_TARGET_MET
2025-10-29 21:50:00,-3.976600000000019,0.4553037499999917,1,EXIT_PROFIT_TARGET_MET
2025-10-29 21:55:00,-3.9746000000000095,0.3689287500000633,1,EXIT_PROFIT_TARGET_MET
2025-10-29 22:00:00,-3.9728000000000065,0.29119124999988877,1,EXIT_PROFIT_TARGET_MET
2025-10-29 22:05:00,-3.973000000000013,0.2998287499999224,1,EXIT_PROFIT_TARGET_MET
2025-10-29 22:10:00,-3.973799999999983,0.33437874999999284,1,EXIT_PROFIT_TARGET_MET
2025-10-29 22:15:00,-3.9726,0.28255374999984717,1,EXIT_PROFIT_TARGET_MET
2025-10-29 22:20:00,-3.9646000000000186,0.8595393749999558,1,EXIT_PROFIT_TARGET_MET
2025-10-29 22:25:00,-3.964400000000012,0.8502706249999146,1,EXIT_PROFIT_TARGET_MET
2025-10-29 22:30:00,-3.970799999999997,0.2048162499999604,1,EXIT_PROFIT_TARGET_MET
2025-10-29 22:35:00,-3.9721999999999866,0.26527875000005174,1,EXIT_PROFIT_TARGET_MET
2025-10-29 22:40:00,-3.970199999999977,0.17890374999993153,1,EXIT_PROFIT_TARGET_MET
2025-10-29 22:45:00,-3.9762000000000057,0.4380287499999165,1,EXIT_PROFIT_TARGET_MET
2025-10-29 22:50:00,-3.990000000000009,0.08621499999999926,1,EXIT_PROFIT_TARGET_MET
2025-10-29 22:55:00,-3.997599999999977,0.2705150000001275,1,EXIT_PROFIT_TARGET_MET
2025-10-29 23:00:00,-4.006399999999985,0.4839149999999748,1,EXIT_PROFIT_TARGET_MET
2025-10-29 23:05:00,-4.011799999999994,0.6148650000001332,1,EXIT_PROFIT_TARGET_MET
2025-10-29 23:10:00,-4.015600000000006,0.7070150000000375,1,EXIT_PROFIT_TARGET_MET
2025-10-29 23:15:00,-4.025199999999984,0.9398149999998999,1,EXIT_PROFIT_TARGET_MET
2025-10-29 23:20:00,-4.029800000000023,1.0513649999999792,1,EXIT_PROFIT_TARGET_MET
2025-10-29 23:25:00,-4.0242000000000075,0.9155649999999689,1,EXIT_PROFIT_TARGET_MET
2025-10-29 23:30:00,-4.000800000000027,0.34811499999993245,1,EXIT_PROFIT_TARGET_MET
2025-10-29 23:35:00,-3.9886000000000195,0.05226500000007661,1,EXIT_PROFIT_TARGET_MET
2025-10-29 23:40:00,-4.007200000000012,0.5033150000000539,1,EXIT_PROFIT_TARGET_MET
2025-10-29 23:45:00,-4.007400000000018,0.5081650000000018,1,EXIT_PROFIT_TARGET_MET
2025-10-29 23:50:00,-4.008199999999988,0.5275650000000809,1,EXIT_PROFIT_TARGET_MET
2025-10-29 23:55:00,-4.014400000000023,0.6779150000000627,1,EXIT_PROFIT_TARGET_MET
2025-10-30 00:00:00,-3.9916000000000054,0.12501499999990173,1,EXIT_PROFIT_TARGET_MET
2025-10-30 00:05:00,-4.003399999999999,0.41116500000005374,1,EXIT_PROFIT_TARGET_MET
2025-10-30 00:10:00,-4.001800000000003,0.3723649999999914,1,EXIT_PROFIT_TARGET_MET
2025-10-30 00:15:00,-3.9850000000000136,0.2337075000000013,1,EXIT_PROFIT_TARGET_MET
2025-10-30 00:20:00,-3.984800000000007,0.22633250000008687,1,EXIT_PROFIT_TARGET_MET
2025-10-30 00:25:00,-3.9780000000000086,0.5157662499999871,1,EXIT_PROFIT_TARGET_MET
2025-10-30 00:30:00,-3.98599999999999,0.2705824999999411,1,EXIT_PROFIT_TARGET_MET
2025-10-30 00:35:00,-3.995200000000011,0.21231499999989012,1,EXIT_PROFIT_TARGET_MET
2025-10-30 00:40:00,-3.997000000000014,0.25596500000006017,1,EXIT_PROFIT_TARGET_MET
2025-10-30 00:45:00,-4.005800000000022,0.46936500000003534,1,EXIT_PROFIT_TARGET_MET
2025-10-30 00:50:00,-4.00139999999999,0.5727725000000543,1,EXIT_PROFIT_TARGET_MET
2025-10-30 00:55:00,-4.00060000000002,0.5382224999999838,1,EXIT_PROFIT_TARGET_MET
2025-10-30 01:00:00,-3.9916000000000054,0.14953500000005437,1,EXIT_PROFIT_TARGET_MET
2025-10-30 01:05:00,-4.000200000000007,0.4648337500000661,1,EXIT_PROFIT_TARGET_MET
2025-10-30 01:10:00,-3.9886000000000195,0.08071718749999984,1,EXIT_PROFIT_TARGET_MET
2025-10-30 01:15:00,-3.9922000000000253,0.07292638671874996,1,EXIT_PROFIT_TARGET_MET
2025-10-30 01:20:00,-3.989399999999989,0.026129765625000412,1,EXIT_PROFIT_TARGET_MET
2025-10-30 01:25:00,-3.9786000000000286,0.038214335937501065,1,EXIT_PROFIT_TARGET_MET
2025-10-30 01:30:00,-3.9692000000000007,0.06808041015625232,1,EXIT_PROFIT_TARGET_MET
2025-10-30 01:35:00,-3.967199999999991,0.10716796875000095,1,EXIT_PROFIT_TARGET_MET
2025-10-30 01:40:00,-3.9553999999999974,1.7812371875000137,1,EXIT_PROFIT_TARGET_MET
2025-10-30 01:45:00,-3.9361999999999853,0.8195825000000145,1,EXIT_PROFIT_TARGET_MET
2025-10-30 01:50:00,-3.9411999999999807,1.7390478125000008,1,EXIT_PROFIT_TARGET_MET
2025-10-30 01:55:00,-3.9350000000000023,2.326348750000041,1,EXIT_PROFIT_TARGET_MET
2025-10-30 02:00:00,-3.928200000000004,2.3483149999999426,1,EXIT_PROFIT_TARGET_MET
2025-10-30 02:05:00,-3.9116000000000213,0.0015350903320311415,1,EXIT_PROFIT_TARGET_MET
2025-10-30 02:10:00,-3.9067999999999756,2.265705000000029,1,EXIT_PROFIT_TARGET_MET
2025-10-30 02:15:00,-3.9214000000000055,2.6197549999999303,1,EXIT_PROFIT_TARGET_MET
2025-10-30 02:20:00,-3.9320000000000164,0.08085386718749944,1,EXIT_PROFIT_TARGET_MET
2025-10-30 02:25:00,-3.9168000000000234,1.6205400000001289,1,EXIT_PROFIT_TARGET_MET
2025-10-30 02:30:00,-3.91640000000001,1.6020025000000464,1,EXIT_PROFIT_TARGET_MET
2025-10-30 02:35:00,-3.9032000000000266,0.9902649999999387,1,EXIT_PROFIT_TARGET_MET
2025-10-30 02:40:00,-3.9039999999999964,1.0273400000000077,1,EXIT_PROFIT_TARGET_MET
2025-10-30 02:45:00,-3.900599999999997,0.8697712499998862,1,EXIT_PROFIT_TARGET_MET
2025-10-30 02:50:00,-3.9096000000000117,1.2868649999999993,1,EXIT_PROFIT_TARGET_MET
2025-10-30 02:55:00,-3.9067999999999756,1.1571025000000015,1,EXIT_PROFIT_TARGET_MET
2025-10-30 03:00:00,-3.9214000000000055,1.8337212500000102,1,EXIT_PROFIT_TARGET_MET
2025-10-30 03:05:00,-3.9162000000000035,1.5927337500000052,1,EXIT_PROFIT_TARGET_MET
2025-10-30 03:10:00,-3.911800000000028,1.3888212499998733,1,EXIT_PROFIT_TARGET_MET
2025-10-30 03:15:00,-3.900199999999984,0.8512337500000915,1,EXIT_PROFIT_TARGET_MET
2025-10-30 03:20:00,-3.9069999999999823,1.1663712499999508,1,EXIT_PROFIT_TARGET_MET
2025-10-30 03:25:00,-3.913000000000011,1.4444337500000208,1,EXIT_PROFIT_TARGET_MET
2025-10-30 03:30:00,-3.9232000000000085,1.9171399999999017,1,EXIT_PROFIT_TARGET_MET
2025-10-30 03:35:00,-3.966799999999978,0.31307499999999067,1,EXIT_PROFIT_TARGET_MET
2025-10-30 03:40:00,-3.9633999999999787,0.18769999999997466,1,EXIT_PROFIT_TARGET_MET
2025-10-30 03:45:00,-3.95780000000002,0.4845724999999321,1,EXIT_PROFIT_TARGET_MET
2025-10-30 03:50:00,-3.9499999999999886,0.14770999999997247,1,EXIT_PROFIT_TARGET_MET
2025-10-30 03:55:00,-3.9705999999999904,0.4532000000000913,1,EXIT_PROFIT_TARGET_MET
2025-10-30 04:00:00,-3.949799999999982,0.13907249999993088,1,EXIT_PROFIT_TARGET_MET
2025-10-30 04:05:00,-3.936399999999992,2.5288775000001054,1,EXIT_PROFIT_TARGET_MET
2025-10-30 04:10:00,-3.9132000000000176,1.453702500000062,1,EXIT_PROFIT_TARGET_MET
2025-10-30 04:15:00,-3.9388000000000147,1.0219124999999512,1,EXIT_PROFIT_TARGET_MET
2025-10-30 04:20:00,-3.928800000000024,0.551222500000069,1,EXIT_PROFIT_TARGET_MET
2025-10-30 04:25:00,-3.928600000000017,0.2237524999999181,1,EXIT_PROFIT_TARGET_MET
2025-10-30 04:30:00,-3.961999999999989,1.5284662500000827,1,EXIT_PROFIT_TARGET_MET
2025-10-30 04:35:00,-3.808400000000006,-6.771914687500015,-1,HOLD
2025-10-30 04:40:00,-3.8215999999999894,0.005367343750000003,1,EXIT_PROFIT_TARGET_MET
2025-10-30 04:45:00,-3.8530000000000086,0.002574296875000784,1,EXIT_PROFIT_TARGET_MET
2025-10-30 04:50:00,-3.8974000000000046,0.004233142089843982,1,EXIT_PROFIT_TARGET_MET
2025-10-30 04:55:00,-3.870800000000031,0.004217421874994187,1,EXIT_PROFIT_TARGET_MET
2025-10-30 05:00:00,-3.8840000000000146,0.3902857812499976,1,EXIT_PROFIT_TARGET_MET
2025-10-30 05:05:00,-3.8894000000000233,0.39220484374997455,1,EXIT_PROFIT_TARGET_MET
2025-10-30 05:10:00,-3.899000000000001,0.8035396874999945,1,EXIT_PROFIT_TARGET_MET
2025-10-30 05:15:00,-3.887999999999977,1.4337537500000668,1,EXIT_PROFIT_TARGET_MET
2025-10-30 05:20:00,-3.8822000000000116,0.5575956250000615,1,EXIT_PROFIT_TARGET_MET
2025-10-30 05:25:00,-3.882600000000025,0.013186263427734239,1,EXIT_PROFIT_TARGET_MET
2025-10-30 05:30:00,-3.856200000000001,0.024985302734375287,1,EXIT_PROFIT_TARGET_MET
2025-10-30 05:35:00,-3.8466000000000236,0.030118032226562848,1,EXIT_PROFIT_TARGET_MET
2025-10-30 05:40:00,-3.841200000000015,0.03215796874999928,1,EXIT_PROFIT_TARGET_MET
2025-10-30 05:45:00,-3.86220000000003,0.1393807617187509,1,EXIT_PROFIT_TARGET_MET
2025-10-30 05:50:00,-3.865000000000009,0.2112465624999979,1,EXIT_PROFIT_TARGET_MET
2025-10-30 05:55:00,-3.855799999999988,0.38311296875000167,1,EXIT_PROFIT_TARGET_MET
2025-10-30 06:00:00,-3.858600000000024,0.38655828124999614,1,EXIT_PROFIT_TARGET_MET
2025-10-30 06:05:00,-3.8570000000000277,0.029361093750003064,1,EXIT_PROFIT_TARGET_MET
2025-10-30 06:10:00,-3.864399999999989,0.21679742187499096,1,EXIT_PROFIT_TARGET_MET
2025-10-30 06:15:00,-3.8740000000000236,0.9210324999999737,1,EXIT_PROFIT_TARGET_MET
2025-10-30 06:20:00,-3.894800000000032,1.648793124999997,1,EXIT_PROFIT_TARGET_MET
2025-10-30 06:25:00,-3.907600000000002,2.8257818750000183,1,EXIT_PROFIT_TARGET_MET
2025-10-30 06:30:00,-3.9055999999999926,0.6370224999999117,1,EXIT_PROFIT_TARGET_MET
2025-10-30 06:35:00,-3.921199999999999,-5.3758474999999635,-1,HOLD
2025-10-30 06:40:00,-3.9098000000000184,3.539132499999951,1,EXIT_PROFIT_TARGET_MET
2025-10-30 06:45:00,-3.907600000000002,-8.857530000000054,-1,HOLD
2025-10-30 06:50:00,-3.913400000000024,1.2596149999998687,1,EXIT_PROFIT_TARGET_MET
2025-10-30 06:55:00,-3.9116000000000213,1.2159649999999864,1,EXIT_PROFIT_TARGET_MET
2025-10-30 07:00:00,-3.907600000000002,1.1189650000000704,1,EXIT_PROFIT_TARGET_MET
2025-10-30 07:05:00,-3.913600000000031,1.2644649999999125,1,EXIT_PROFIT_TARGET_MET
2025-10-30 07:10:00,-3.9055999999999926,1.0704650000000164,1,EXIT_PROFIT_TARGET_MET
2025-10-30 07:15:00,-3.907600000000002,1.1189650000000704,1,EXIT_PROFIT_TARGET_MET
2025-10-30 07:20:00,-3.912399999999991,1.2353650000000655,1,EXIT_PROFIT_TARGET_MET
2025-10-30 07:25:00,-3.9132000000000176,1.2547650000000168,1,EXIT_PROFIT_TARGET_MET
2025-10-30 07:30:00,-3.930000000000007,1.6621650000000159,1,EXIT_PROFIT_TARGET_MET
2025-10-30 07:35:00,-3.9341999999999757,1.7640150000000396,1,EXIT_PROFIT_TARGET_MET
2025-10-30 07:40:00,-3.91700000000003,1.346914999999953,1,EXIT_PROFIT_TARGET_MET
2025-10-30 07:45:00,-3.929399999999987,1.6476150000000764,1,EXIT_PROFIT_TARGET_MET
2025-10-30 07:50:00,-3.9261999999999944,1.5700150000000157,1,EXIT_PROFIT_TARGET_MET
2025-10-30 07:55:00,-3.921800000000019,1.463315000000044,1,EXIT_PROFIT_TARGET_MET
2025-10-30 08:00:00,-3.9232000000000085,1.4972650000000627,1,EXIT_PROFIT_TARGET_MET
2025-10-30 08:05:00,-3.920599999999979,1.4342150000000053,1,EXIT_PROFIT_TARGET_MET
2025-10-30 08:10:00,-3.920400000000029,1.4293650000000255,1,EXIT_PROFIT_TARGET_MET
2025-10-30 08:15:00,-3.925799999999981,1.560315000000024,1,EXIT_PROFIT_TARGET_MET
2025-10-30 08:20:00,-3.925799999999981,1.560315000000024,1,EXIT_PROFIT_TARGET_MET
2025-10-30 08:25:00,-3.915399999999977,1.3081150000001145,1,EXIT_PROFIT_TARGET_MET
2025-10-30 08:30:00,-3.907199999999989,1.1092649999999509,1,EXIT_PROFIT_TARGET_MET
2025-10-30 08:35:00,-3.9084000000000287,1.1383650000000216,1,EXIT_PROFIT_TARGET_MET
2025-10-30 08:40:00,-3.912399999999991,1.2353650000000655,1,EXIT_PROFIT_TARGET_MET
2025-10-30 08:45:00,-3.915200000000027,1.3032649999999428,1,EXIT_PROFIT_TARGET_MET
2025-10-30 08:50:00,-3.9186000000000263,1.3857149999999834,1,EXIT_PROFIT_TARGET_MET
2025-10-30 08:55:00,-3.908200000000022,1.1335149999999778,1,EXIT_PROFIT_TARGET_MET
2025-10-30 09:00:00,-3.9033999999999764,1.0171150000000466,1,EXIT_PROFIT_TARGET_MET
2025-10-30 09:05:00,-3.8958000000000084,0.8328150000000143,1,EXIT_PROFIT_TARGET_MET
2025-10-30 09:10:00,-3.892400000000009,0.7503650000001016,1,EXIT_PROFIT_TARGET_MET
2025-10-30 09:15:00,-3.907800000000009,1.1238149999998903,1,EXIT_PROFIT_TARGET_MET
2025-10-30 09:20:00,-3.8940000000000055,0.7891649999999402,1,EXIT_PROFIT_TARGET_MET
2025-10-30 09:25:00,-3.893000000000029,0.7649150000000091,1,EXIT_PROFIT_TARGET_MET
2025-10-30 09:30:00,-3.892600000000016,0.7552149999999216,1,EXIT_PROFIT_TARGET_MET
2025-10-30 09:35:00,-3.869199999999978,0.18776500000004503,1,EXIT_PROFIT_TARGET_MET
2025-10-30 09:40:00,-3.8792000000000257,0.43026499999996304,1,EXIT_PROFIT_TARGET_MET
2025-10-30 09:45:00,-3.8770000000000095,0.3769149999999293,1,EXIT_PROFIT_TARGET_MET
2025-10-30 09:50:00,-3.887800000000027,0.6388149999999264,1,EXIT_PROFIT_TARGET_MET
2025-10-30 09:55:00,-3.877200000000016,0.38176499999994107,1,EXIT_PROFIT_TARGET_MET
2025-10-30 10:00:00,-3.869799999999998,0.2023150000000804,1,EXIT_PROFIT_TARGET_MET
2025-10-30 10:05:00,-3.8466000000000236,7.776292500000036,1,EXIT_PROFIT_TARGET_MET
2025-10-30 10:10:00,-3.8666000000000054,0.1247149999999877,1,EXIT_PROFIT_TARGET_MET
2025-10-30 10:15:00,-3.877200000000016,0.38176499999994107,1,EXIT_PROFIT_TARGET_MET
2025-10-30 10:20:00,-3.882600000000025,0.5127149999999077,1,EXIT_PROFIT_TARGET_MET
2025-10-30 10:25:00,-3.8815999999999917,0.4884650000000086,1,EXIT_PROFIT_TARGET_MET
2025-10-30 10:30:00,-3.8765999999999963,0.3672150000000016,1,EXIT_PROFIT_TARGET_MET
2025-10-30 10:35:00,-3.8582000000000107,8.204042500000012,1,EXIT_PROFIT_TARGET_MET
2025-10-30 10:40:00,-3.878600000000006,0.41571499999995964,1,EXIT_PROFIT_TARGET_MET
2025-10-30 10:45:00,-3.8840000000000146,0.5466649999998943,1,EXIT_PROFIT_TARGET_MET
2025-10-30 10:50:00,-3.8858000000000175,0.5903150000000004,1,EXIT_PROFIT_TARGET_MET
2025-10-30 10:55:00,-3.8933999999999855,0.7746150000000007,1,EXIT_PROFIT_TARGET_MET
2025-10-30 11:00:00,-3.871600000000001,0.24596499999999466,1,EXIT_PROFIT_TARGET_MET
2025-10-30 11:05:00,-3.8906000000000063,0.7067149999999955,1,EXIT_PROFIT_TARGET_MET
2025-10-30 11:10:00,-3.8851999999999975,0.575764999999965,1,EXIT_PROFIT_TARGET_MET
2025-10-30 11:15:00,-3.8915999999999826,0.7309650000000545,1,EXIT_PROFIT_TARGET_MET
2025-10-30 11:20:00,-3.8754000000000133,0.3381150000000588,1,EXIT_PROFIT_TARGET_MET
2025-10-30 11:25:00,-3.8770000000000095,0.3769149999999293,1,EXIT_PROFIT_TARGET_MET
2025-10-30 11:30:00,-3.8894000000000233,0.6776150000000527,1,EXIT_PROFIT_TARGET_MET
2025-10-30 11:35:00,-3.8910000000000196,0.7164149999998912,1,EXIT_PROFIT_TARGET_MET
2025-10-30 11:40:00,-3.8874000000000137,0.6291150000000307,1,EXIT_PROFIT_TARGET_MET
2025-10-30 11:45:00,-3.892400000000009,0.7503650000001016,1,EXIT_PROFIT_TARGET_MET
2025-10-30 11:50:00,-3.907800000000009,1.1238149999998903,1,EXIT_PROFIT_TARGET_MET
2025-10-30 11:55:00,-3.910000000000025,1.177164999999956,1,EXIT_PROFIT_TARGET_MET
2025-10-30 12:00:00,-3.9107999999999947,1.1965649999999393,1,EXIT_PROFIT_TARGET_MET
2025-10-30 12:05:00,-3.9184000000000196,1.3808649999999396,1,EXIT_PROFIT_TARGET_MET
2025-10-30 12:10:00,-3.920599999999979,6.732359999999996,1,EXIT_PROFIT_TARGET_MET
2025-10-30 12:15:00,-3.9302000000000135,4.86988749999999,1,EXIT_PROFIT_TARGET_MET
2025-10-30 12:20:00,-3.935600000000022,1.805694999999961,1,EXIT_PROFIT_TARGET_MET
2025-10-30 12:25:00,-3.9390000000000214,0.6307949999999138,1,EXIT_PROFIT_TARGET_MET
2025-10-30 12:30:00,-3.938600000000008,2.4649087500000455,1,EXIT_PROFIT_TARGET_MET
2025-10-30 12:35:00,-3.9429999999999836,0.4722399999999922,1,EXIT_PROFIT_TARGET_MET
2025-10-30 12:40:00,-3.9431999999999903,0.6299700000001742,1,EXIT_PROFIT_TARGET_MET
2025-10-30 12:45:00,-3.946799999999996,1.431110000000043,1,EXIT_PROFIT_TARGET_MET
2025-10-30 12:50:00,-3.959600000000023,1.9600225000000258,1,EXIT_PROFIT_TARGET_MET
2025-10-30 12:55:00,-3.963799999999992,0.6360050000001358,1,EXIT_PROFIT_TARGET_MET
2025-10-30 13:00:00,-3.9494000000000256,1.177605000000007,1,EXIT_PROFIT_TARGET_MET
2025-10-30 13:05:00,-3.9542000000000144,4.832167500000047,1,EXIT_PROFIT_TARGET_MET
2025-10-30 13:10:00,-3.9490000000000123,3.976074999999927,1,EXIT_PROFIT_TARGET_MET
2025-10-30 13:15:00,-3.940400000000011,2.770244999999985,1,EXIT_PROFIT_TARGET_MET
2025-10-30 13:20:00,-3.9465999999999894,0.9698150000000005,1,EXIT_PROFIT_TARGET_MET
2025-10-30 13:25:00,-3.9513999999999783,2.895344999999981,1,EXIT_PROFIT_TARGET_MET
2025-10-30 13:30:00,-3.9458000000000197,2.495272499999867,1,EXIT_PROFIT_TARGET_MET
2025-10-30 13:35:00,-3.950400000000002,2.8908475000001186,1,EXIT_PROFIT_TARGET_MET
2025-10-30 13:40:00,-3.939200000000028,0.8705449999999857,1,EXIT_PROFIT_TARGET_MET
2025-10-30 13:45:00,-3.9343999999999824,0.026799999999887802,1,EXIT_PROFIT_TARGET_MET
2025-10-30 13:50:00,-3.934000000000026,1.230534999999982,1,EXIT_PROFIT_TARGET_MET
2025-10-30 13:55:00,-3.9420000000000073,1.5749449999999001,1,EXIT_PROFIT_TARGET_MET
2025-10-30 14:00:00,-3.9261999999999944,1.5923424999998872,1,EXIT_PROFIT_TARGET_MET
2025-10-30 14:05:00,-3.9067999999999756,0.24616000000007787,1,EXIT_PROFIT_TARGET_MET
2025-10-30 14:10:00,-3.882600000000025,0.04584249999999557,1,EXIT_PROFIT_TARGET_MET
2025-10-30 14:15:00,-3.8629999999999995,0.04587374999995131,1,EXIT_PROFIT_TARGET_MET
2025-10-30 14:20:00,-3.849800000000016,3.858060000000003,1,EXIT_PROFIT_TARGET_MET
2025-10-30 14:25:00,-3.832400000000007,2.2643112499999294,1,EXIT_PROFIT_TARGET_MET
2025-10-30 14:30:00,-3.824799999999982,2.0626737500000782,1,EXIT_PROFIT_TARGET_MET
2025-10-30 14:35:00,-3.8804000000000087,0.7315900000000006,1,EXIT_PROFIT_TARGET_MET
2025-10-30 14:40:00,-3.856800000000021,0.7664074999999819,1,EXIT_PROFIT_TARGET_MET
2025-10-30 14:45:00,-3.8502000000000294,0.31412249999994657,1,EXIT_PROFIT_TARGET_MET
2025-10-30 14:50:00,-3.8530000000000086,0.3868374999999453,1,EXIT_PROFIT_TARGET_MET
2025-10-30 14:55:00,-3.836999999999989,2.065843749999983,1,EXIT_PROFIT_TARGET_MET
2025-10-30 15:00:00,-3.8355999999999995,0.8736000000000637,1,EXIT_PROFIT_TARGET_MET
2025-10-30 15:05:00,-3.841200000000015,17.305896250000025,1,EXIT_PROFIT_TARGET_MET
2025-10-30 15:10:00,-3.852199999999982,12.845187500000016,1,EXIT_PROFIT_TARGET_MET
2025-10-30 15:15:00,-3.8362000000000194,0.7172625000000536,1,EXIT_PROFIT_TARGET_MET
2025-10-30 15:20:00,-3.835199999999986,8.20693250000014,1,EXIT_PROFIT_TARGET_MET
2025-10-30 15:25:00,-3.8502000000000294,6.565747500000093,1,EXIT_PROFIT_TARGET_MET
2025-10-30 15:30:00,-3.867400000000032,3.4194174999999802,1,EXIT_PROFIT_TARGET_MET
2025-10-30 15:35:00,-3.8770000000000095,5.489517500000041,1,EXIT_PROFIT_TARGET_MET
2025-10-30 15:40:00,-3.8985999999999876,3.092255000000044,1,EXIT_PROFIT_TARGET_MET
2025-10-30 15:45:00,-3.9046000000000163,3.237755000000014,1,EXIT_PROFIT_TARGET_MET
2025-10-30 15:50:00,-3.9084000000000287,3.3299049999998225,1,EXIT_PROFIT_TARGET_MET
2025-10-30 15:55:00,-3.9033999999999764,3.2086549999999754,1,EXIT_PROFIT_TARGET_MET
2025-10-30 16:00:00,-3.907199999999989,3.3008049999999756,1,EXIT_PROFIT_TARGET_MET
2025-10-30 16:05:00,-3.894999999999982,3.00495499999996,1,EXIT_PROFIT_TARGET_MET
2025-10-30 16:10:00,-3.88960000000003,2.8740049999998973,1,EXIT_PROFIT_TARGET_MET
2025-10-30 16:15:00,-3.8788000000000125,2.612104999999996,1,EXIT_PROFIT_TARGET_MET
2025-10-30 16:20:00,-3.872599999999977,2.4617550000000143,1,EXIT_PROFIT_TARGET_MET
2025-10-30 16:25:00,-3.879000000000019,2.61695500000004,1,EXIT_PROFIT_TARGET_MET
2025-10-30 16:30:00,-3.8870000000000005,2.810954999999936,1,EXIT_PROFIT_TARGET_MET
2025-10-30 16:35:00,-3.8788000000000125,2.612104999999996,1,EXIT_PROFIT_TARGET_MET
2025-10-30 16:40:00,-3.9024,3.1844049999998525,1,EXIT_PROFIT_TARGET_MET
2025-10-30 16:45:00,-3.8985999999999876,3.092255000000044,1,EXIT_PROFIT_TARGET_MET
2025-10-30 16:50:00,-3.894200000000012,2.9855549999998807,1,EXIT_PROFIT_TARGET_MET
2025-10-30 16:55:00,-3.8836000000000013,2.7285049999999273,1,EXIT_PROFIT_TARGET_MET
2025-10-30 17:00:00,-3.8822000000000116,2.6945550000000047,1,EXIT_PROFIT_TARGET_MET
2025-10-30 17:05:00,-3.892600000000016,2.9467549999999783,1,EXIT_PROFIT_TARGET_MET
2025-10-30 17:10:00,-3.9046000000000163,3.237755000000014,1,EXIT_PROFIT_TARGET_MET
2025-10-30 17:15:00,-3.918200000000013,3.5675549999999845,1,EXIT_PROFIT_TARGET_MET
2025-10-30 17:20:00,-3.920599999999979,3.625754999999934,1,EXIT_PROFIT_TARGET_MET
2025-10-30 17:25:00,-3.915399999999977,3.4996549999999793,1,EXIT_PROFIT_TARGET_MET
2025-10-30 17:30:00,-3.915399999999977,3.4996549999999793,1,EXIT_PROFIT_TARGET_MET
2025-10-30 17:35:00,-3.9116000000000213,3.407504999999883,1,EXIT_PROFIT_TARGET_MET
2025-10-30 17:40:00,-3.9207999999999856,3.630604999999946,1,EXIT_PROFIT_TARGET_MET
2025-10-30 17:45:00,-3.9139999999999873,3.465704999999833,1,EXIT_PROFIT_TARGET_MET
2025-10-30 17:50:00,-3.91719999999998,3.5433049999999255,1,EXIT_PROFIT_TARGET_MET
2025-10-30 17:55:00,-3.915999999999997,3.5142050000000147,1,EXIT_PROFIT_TARGET_MET
2025-10-30 18:00:00,-3.907800000000009,3.315354999999819,1,EXIT_PROFIT_TARGET_MET
2025-10-30 18:05:00,-3.911200000000008,3.3978049999998277,1,EXIT_PROFIT_TARGET_MET
2025-10-30 18:10:00,-3.9046000000000163,3.237755000000014,1,EXIT_PROFIT_TARGET_MET
2025-10-30 18:15:00,-3.9028000000000134,3.194104999999812,1,EXIT_PROFIT_TARGET_MET
2025-10-30 18:20:00,-3.9032000000000266,3.2038049999999316,1,EXIT_PROFIT_TARGET_MET
2025-10-30 18:25:00,-3.8962000000000216,3.0340549999999986,1,EXIT_PROFIT_TARGET_MET
2025-10-30 18:30:00,-3.9062000000000126,3.2765549999999486,1,EXIT_PROFIT_TARGET_MET
2025-10-30 18:35:00,-3.9107999999999947,3.388104999999804,1,EXIT_PROFIT_TARGET_MET
2025-10-30 18:40:00,-3.914199999999994,3.4705549999998446,1,EXIT_PROFIT_TARGET_MET
2025-10-30 18:45:00,-3.9102000000000317,3.3735549999999925,1,EXIT_PROFIT_TARGET_MET
2025-10-30 18:50:00,-3.9098000000000184,3.363855000000033,1,EXIT_PROFIT_TARGET_MET
2025-10-30 18:55:00,-3.9080000000000155,3.320204999999799,1,EXIT_PROFIT_TARGET_MET
2025-10-30 19:00:00,-3.8974000000000046,3.0631549999998455,1,EXIT_PROFIT_TARGET_MET
2025-10-30 19:05:00,-3.8910000000000196,2.90795499999982,1,EXIT_PROFIT_TARGET_MET
2025-10-30 19:10:00,-3.8804000000000087,2.6509049999998666,1,EXIT_PROFIT_TARGET_MET
2025-10-30 19:15:00,-3.8618000000000166,2.1998549999999852,1,EXIT_PROFIT_TARGET_MET
2025-10-30 19:20:00,-3.864399999999989,2.2629049999999467,1,EXIT_PROFIT_TARGET_MET
2025-10-30 19:25:00,-3.8670000000000186,2.325954999999972,1,EXIT_PROFIT_TARGET_MET
2025-10-30 19:30:00,-3.8566000000000145,2.0737550000000944,1,EXIT_PROFIT_TARGET_MET
2025-10-30 19:35:00,-3.8582000000000107,2.112554999999901,1,EXIT_PROFIT_TARGET_MET
2025-10-30 19:40:00,-3.852800000000002,1.9816049999999983,1,EXIT_PROFIT_TARGET_MET
2025-10-30 19:45:00,-3.8476,1.8555049999999476,1,EXIT_PROFIT_TARGET_MET
2025-10-30 19:50:00,-3.8543999999999983,2.020404999999805,1,EXIT_PROFIT_TARGET_MET
2025-10-30 19:55:00,-3.8476,1.359137500000088,1,EXIT_PROFIT_TARGET_MET
2025-10-30 20:00:00,-3.843599999999981,0.7528050000000697,1,EXIT_PROFIT_TARGET_MET
2025-10-30 20:05:00,-3.8371999999999957,0.06868500000008027,1,EXIT_PROFIT_TARGET_MET
2025-10-30 20:10:00,-3.827600000000018,0.24829364257811593,1,EXIT_PROFIT_TARGET_MET
2025-10-30 20:15:00,-3.830600000000004,0.1614977441406463,1,EXIT_PROFIT_TARGET_MET
2025-10-30 20:20:00,-3.8442000000000007,0.0001313562011718971,1,EXIT_PROFIT_TARGET_MET
2025-10-30 20:25:00,-3.8403999999999883,-19.085473662108917,-1,HOLD
2025-10-30 20:30:00,-3.849400000000003,-17.058499453125158,-1,HOLD
2025-10-30 20:35:00,-3.838799999999992,-5.2590999999999894,-1,HOLD
2025-10-30 20:40:00,-3.8331999999999766,-4.919899999999984,-1,HOLD
2025-10-30 20:45:00,-3.836400000000026,-5.202300000000022,-1,HOLD
2025-10-30 20:50:00,-3.842800000000011,-5.332099999999997,-1,HOLD
2025-10-30 20:55:00,-3.843400000000031,-5.317550000000011,-1,HOLD
2025-10-30 21:00:00,-3.8389999999999986,-5.204249999999988,-1,HOLD
2025-10-30 21:05:00,-3.8322000000000003,-4.41169,-1,HOLD
2025-10-30 21:10:00,-3.839400000000012,-5.139550000000014,-1,HOLD
2025-10-30 21:15:00,-3.8378000000000156,-5.018349999999998,-1,HOLD
2025-10-30 21:20:00,-3.840599999999995,-4.955449999999999,-1,HOLD
2025-10-30 21:25:00,-3.843400000000031,-5.407550000000015,-1,HOLD
2025-10-30 21:30:00,-3.8476,-5.4206999999999965,-1,HOLD
2025-10-30 21:35:00,-3.841600000000028,-5.0962000000000245,-1,HOLD
2025-10-30 21:40:00,-3.8426000000000045,-5.216949999999997,-1,HOLD
2025-10-30 21:45:00,-3.8419999999999845,-5.361499999999992,-1,HOLD
2025-10-30 21:50:00,-3.842800000000011,-5.292100000000005,-1,HOLD
2025-10-30 21:55:00,-3.8362000000000194,-5.092150000000018,-1,HOLD
2025-10-30 22:00:00,-3.8385999999999854,-5.183949999999996,-1,HOLD
2025-10-30 22:05:00,-3.8238000000000056,-4.742639999999991,-1,HOLD
2025-10-30 22:10:00,-3.828800000000001,-4.284140000000008,-1,HOLD
2025-10-30 22:15:00,-3.8170000000000073,-4.638789999999965,-1,HOLD
2025-10-30 22:20:00,-3.7875999999999976,-8.711640000000308,-1,HOLD
2025-10-30 22:25:00,-3.7787999999999897,-10.237075000000063,-1,HOLD
2025-10-30 22:30:00,-3.7959999999999923,-8.301455625000246,-1,HOLD
2025-10-30 22:35:00,-3.776999999999987,-10.75605595703108,-1,HOLD
2025-10-30 22:40:00,-3.732599999999991,1.0449573046875185,1,EXIT_PROFIT_TARGET_MET
2025-10-30 22:45:00,-3.73660000000001,1.2398010546874412,1,EXIT_PROFIT_TARGET_MET
2025-10-30 22:50:00,-3.7461999999999875,0.027004609374985722,1,EXIT_PROFIT_TARGET_MET
2025-10-30 22:55:00,-3.7565999999999917,0.3965878417968568,1,EXIT_PROFIT_TARGET_MET
2025-10-30 23:00:00,-3.762200000000007,0.07628679687481998,1,EXIT_PROFIT_TARGET_MET
2025-10-30 23:05:00,-3.7597999999999843,0.1380867968746191,1,EXIT_PROFIT_TARGET_MET
2025-10-30 23:10:00,-3.752400000000023,0.3241202343750085,1,EXIT_PROFIT_TARGET_MET
2025-10-30 23:15:00,-3.7472000000000207,0.07492648437496718,1,EXIT_PROFIT_TARGET_MET
2025-10-30 23:20:00,-3.744799999999998,1.6392307421874839,1,EXIT_PROFIT_TARGET_MET
2025-10-30 23:25:00,-3.757000000000005,0.37640717773436827,1,EXIT_PROFIT_TARGET_MET
2025-10-30 23:30:00,-3.747799999999984,0.10367960937493048,1,EXIT_PROFIT_TARGET_MET
2025-10-30 23:35:00,-3.721400000000017,0.4993948046874671,1,EXIT_PROFIT_TARGET_MET
2025-10-30 23:40:00,-3.7194000000000074,0.40197292968744264,1,EXIT_PROFIT_TARGET_MET
2025-10-30 23:45:00,-3.7198000000000206,0.4214573046874591,1,EXIT_PROFIT_TARGET_MET
2025-10-30 23:50:00,-3.7355999999999767,1.1910901171875226,1,EXIT_PROFIT_TARGET_MET
2025-10-30 23:55:00,-3.714999999999975,0.1876448046875021,1,EXIT_PROFIT_TARGET_MET
2025-10-31 00:00:00,-3.725399999999979,0.6942385546874537,1,EXIT_PROFIT_TARGET_MET
2025-10-31 00:05:00,-3.7305999999999813,0.9475354296874925,1,EXIT_PROFIT_TARGET_MET
2025-10-31 00:10:00,-3.7334000000000174,1.0839260546874265,1,EXIT_PROFIT_TARGET_MET
2025-10-31 00:15:00,-3.7321999999999775,1.0254729296874991,1,EXIT_PROFIT_TARGET_MET
2025-10-31 00:20:00,-3.731200000000001,0.9767619921875195,1,EXIT_PROFIT_TARGET_MET
2025-10-31 00:25:00,-3.724800000000016,0.6650119921874891,1,EXIT_PROFIT_TARGET_MET
2025-10-31 00:30:00,-3.7235999999999763,0.6065588671875006,1,EXIT_PROFIT_TARGET_MET
2025-10-31 00:35:00,-3.7287999999999784,0.8598557421874771,1,EXIT_PROFIT_TARGET_MET
2025-10-31 00:40:00,-3.7492000000000303,0.1707702343749301,1,EXIT_PROFIT_TARGET_MET
2025-10-31 00:45:00,-3.7445999999999913,1.6294885546874764,1,EXIT_PROFIT_TARGET_MET
2025-10-31 00:50:00,-3.751199999999983,0.26661398437501793,1,EXIT_PROFIT_TARGET_MET
2025-10-31 00:55:00,-3.745999999999981,0.017420234374979637,1,EXIT_PROFIT_TARGET_MET
2025-10-31 01:00:00,-3.7497999999999934,0.1995233593750183,1,EXIT_PROFIT_TARGET_MET
2025-10-31 01:05:00,-3.7280000000000086,0.8208869921874411,1,EXIT_PROFIT_TARGET_MET
2025-10-31 01:10:00,-3.732599999999991,1.0449573046875185,1,EXIT_PROFIT_TARGET_MET
2025-10-31 01:15:00,-3.720199999999977,0.4409416796874786,1,EXIT_PROFIT_TARGET_MET
2025-10-31 01:20:00,-3.7293999999999983,0.8890823046874401,1,EXIT_PROFIT_TARGET_MET
2025-10-31 01:25:00,-3.7176000000000045,0.3142932421874896,1,EXIT_PROFIT_TARGET_MET
2025-10-31 01:30:00,-3.7169999999999845,0.28506667968746263,1,EXIT_PROFIT_TARGET_MET
2025-10-31 01:35:00,-3.7130000000000223,0.09022292968747764,1,EXIT_PROFIT_TARGET_MET
2025-10-31 01:40:00,-3.7098000000000297,0.11593078124991485,1,EXIT_PROFIT_TARGET_MET
2025-10-31 01:45:00,-3.699200000000019,0.9005801562501095,1,EXIT_PROFIT_TARGET_MET
2025-10-31 01:50:00,-3.6911999999999807,1.12660156249998,1,EXIT_PROFIT_TARGET_MET
2025-10-31 01:55:00,-3.701599999999985,0.5831062500000765,1,EXIT_PROFIT_TARGET_MET
2025-10-31 02:00:00,-3.7046000000000276,0.9118887499999833,1,EXIT_PROFIT_TARGET_MET
2025-10-31 02:05:00,-3.7158000000000015,1.324888749999971,1,EXIT_PROFIT_TARGET_MET
2025-10-31 02:10:00,-3.7169999999999845,0.5121737500000165,1,EXIT_PROFIT_TARGET_MET
2025-10-31 02:15:00,-3.706200000000024,0.4949362499999146,1,EXIT_PROFIT_TARGET_MET
2025-10-31 02:20:00,-3.7051999999999907,0.00011230941772460848,1,EXIT_PROFIT_TARGET_MET
2025-10-31 02:25:00,-3.7226,2.549438476565297e-06,1,EXIT_PROFIT_TARGET_MET
2025-10-31 02:30:00,-3.704999999999984,0.00029028625488282975,1,EXIT_PROFIT_TARGET_MET
2025-10-31 02:35:00,-3.7133999999999787,0.0011052168273925941,1,EXIT_PROFIT_TARGET_MET
2025-10-31 02:40:00,-3.6981999999999857,0.0006410455322265543,1,EXIT_PROFIT_TARGET_MET
2025-10-31 02:45:00,-3.6994000000000256,0.0009627935791015662,1,EXIT_PROFIT_TARGET_MET
2025-10-31 02:50:00,-3.7012000000000285,0.0007264404296873587,1,EXIT_PROFIT_TARGET_MET
2025-10-31 02:55:00,-3.706799999999987,0.00418741943359344,1,EXIT_PROFIT_TARGET_MET
2025-10-31 03:00:00,-3.6806000000000267,0.011929238281249394,1,EXIT_PROFIT_TARGET_MET
2025-10-31 03:05:00,-3.6884000000000015,0.026337148437500756,1,EXIT_PROFIT_TARGET_MET
2025-10-31 03:10:00,-3.6824000000000296,0.04406693359374865,1,EXIT_PROFIT_TARGET_MET
2025-10-31 03:15:00,-3.6772000000000276,0.2126978906249859,1,EXIT_PROFIT_TARGET_MET
2025-10-31 03:20:00,-3.661800000000028,-4.0435850000000215,-1,NO_VALID_ACTION_DEFENSIVE_AVG
2025-10-31 03:25:00,-3.6607999999999947,-4.105335000000011,-1,NO_VALID_ACTION_DEFENSIVE_AVG
2025-10-31 03:30:00,-3.63900000000001,-5.089250000000007,-1,NO_VALID_ACTION_DEFENSIVE_AVG
2025-10-31 03:35:00,-3.6433999999999855,-5.037549999999996,-1,HOLD
2025-10-31 03:40:00,-3.6521999999999935,-4.749149999999986,-1,HOLD
2025-10-31 03:45:00,-3.6773999999999774,1.1364987500000039,1,EXIT_PROFIT_TARGET_MET
2025-10-31 03:50:00,-3.664199999999994,-4.87904999999995,-1,HOLD
2025-10-31 03:55:00,-3.6768000000000143,0.14071968750008068,1,EXIT_PROFIT_TARGET_MET
2025-10-31 04:00:00,-3.670400000000029,0.444119687499986,1,EXIT_PROFIT_TARGET_MET
2025-10-31 04:05:00,-3.6637999999999806,0.7570009374999929,1,EXIT_PROFIT_TARGET_MET
2025-10-31 04:10:00,-3.657199999999989,1.0698821874999958,1,EXIT_PROFIT_TARGET_MET
2025-10-31 04:15:00,-3.650599999999997,1.1925543749999852,1,EXIT_PROFIT_TARGET_MET
2025-10-31 04:20:00,-3.644200000000012,1.438424999999837,1,EXIT_PROFIT_TARGET_MET
2025-10-31 04:25:00,-3.644799999999975,1.285523749999955,1,EXIT_PROFIT_TARGET_MET
2025-10-31 04:30:00,-3.6406000000000063,0.050615000000037824,1,EXIT_PROFIT_TARGET_MET
2025-10-31 04:35:00,-3.6281999999999925,0.3497749999999513,1,EXIT_PROFIT_TARGET_MET
2025-10-31 04:40:00,-3.627200000000016,0.18625249999990423,1,EXIT_PROFIT_TARGET_MET
2025-10-31 04:45:00,-3.627999999999986,4.152151249999891,1,EXIT_PROFIT_TARGET_MET
2025-10-31 04:50:00,-3.6315999999999917,4.014901249999971,1,EXIT_PROFIT_TARGET_MET
2025-10-31 04:55:00,-3.6270000000000095,4.190276249999931,1,EXIT_PROFIT_TARGET_MET
2025-10-31 05:00:00,-3.6347999999999843,3.892901249999971,1,EXIT_PROFIT_TARGET_MET
2025-10-31 05:05:00,-3.629000000000019,4.114026249999995,1,EXIT_PROFIT_TARGET_MET
2025-10-31 05:10:00,-3.6236000000000104,4.319901250000035,1,EXIT_PROFIT_TARGET_MET
2025-10-31 05:15:00,-3.6166000000000054,4.5867762499999305,1,EXIT_PROFIT_TARGET_MET
2025-10-31 05:20:00,-3.610400000000027,4.823151250000034,1,EXIT_PROFIT_TARGET_MET
2025-10-31 05:25:00,-3.6154000000000224,4.632526249999978,1,EXIT_PROFIT_TARGET_MET
2025-10-31 05:30:00,-3.6093999999999937,4.861276249999914,1,EXIT_PROFIT_TARGET_MET
2025-10-31 05:35:00,-3.5914000000000215,5.547526249999962,1,EXIT_PROFIT_TARGET_MET
2025-10-31 05:40:00,-3.5966000000000236,5.34927624999993,1,EXIT_PROFIT_TARGET_MET
2025-10-31 05:45:00,-3.588799999999992,5.6466512499999855,1,EXIT_PROFIT_TARGET_MET
2025-10-31 05:50:00,-3.6043999999999983,5.051901249999858,1,EXIT_PROFIT_TARGET_MET
2025-10-31 05:55:00,-3.5814000000000306,0.060104999999936126,1,EXIT_PROFIT_TARGET_MET
2025-10-31 06:00:00,-3.5819999999999936,0.04465499999987088,1,EXIT_PROFIT_TARGET_MET
2025-10-31 06:05:00,-3.6025999999999954,5.120526249999994,1,EXIT_PROFIT_TARGET_MET
2025-10-31 06:10:00,-3.6025999999999954,5.120526249999994,1,EXIT_PROFIT_TARGET_MET
2025-10-31 06:15:00,-3.6000000000000227,5.219651249999922,1,EXIT_PROFIT_TARGET_MET
2025-10-31 06:20:00,-3.6012000000000057,5.17390125000005,1,EXIT_PROFIT_TARGET_MET
2025-10-31 06:25:00,-3.6059999999999945,4.990901249999906,1,EXIT_PROFIT_TARGET_MET
2025-10-31 06:30:00,-3.6093999999999937,4.861276249999914,1,EXIT_PROFIT_TARGET_MET
2025-10-31 06:35:00,-3.6200000000000045,4.457151249999923,1,EXIT_PROFIT_TARGET_MET
2025-10-31 06:40:00,-3.613800000000026,4.69352624999993,1,EXIT_PROFIT_TARGET_MET
2025-10-31 06:45:00,-3.6258000000000266,4.236026249999899,1,EXIT_PROFIT_TARGET_MET
2025-10-31 06:50:00,-3.636799999999994,3.8166512499999232,1,EXIT_PROFIT_TARGET_MET
2025-10-31 06:55:00,-3.644799999999975,3.5116512499999875,1,EXIT_PROFIT_TARGET_MET
2025-10-31 07:00:00,-3.63900000000001,3.7327762499998993,1,EXIT_PROFIT_TARGET_MET
2025-10-31 07:05:00,-3.6533999999999764,3.183776249999948,1,EXIT_PROFIT_TARGET_MET
2025-10-31 07:10:00,-3.647199999999998,3.4201512499999396,1,EXIT_PROFIT_TARGET_MET
2025-10-31 07:15:00,-3.6451999999999884,3.4964012500000674,1,EXIT_PROFIT_TARGET_MET
2025-10-31 07:20:00,-3.6428000000000225,3.5879012500000034,1,EXIT_PROFIT_TARGET_MET
2025-10-31 07:25:00,-3.6394000000000233,3.7175262499999953,1,EXIT_PROFIT_TARGET_MET
2025-10-31 07:30:00,-3.631399999999985,4.022526249999963,1,EXIT_PROFIT_TARGET_MET
2025-10-31 07:35:00,-3.6340000000000146,3.923401249999939,1,EXIT_PROFIT_TARGET_MET
2025-10-31 07:40:00,-3.6415999999999826,3.6336512499998754,1,EXIT_PROFIT_TARGET_MET
2025-10-31 07:45:00,-3.644999999999982,3.5040262499999955,1,EXIT_PROFIT_TARGET_MET
2025-10-31 07:50:00,-3.650800000000004,3.2829012499999397,1,EXIT_PROFIT_TARGET_MET
2025-10-31 07:55:00,-3.6492000000000075,3.3439012499999237,1,EXIT_PROFIT_TARGET_MET
2025-10-31 08:00:00,-3.65179999999998,3.2447762500000916,1,EXIT_PROFIT_TARGET_MET
2025-10-31 08:05:00,-3.6476000000000113,3.4049012500000675,1,EXIT_PROFIT_TARGET_MET
2025-10-31 08:10:00,-3.6503999999999905,3.2981512500000516,1,EXIT_PROFIT_TARGET_MET
2025-10-31 08:15:00,-3.656600000000026,3.061776249999916,1,EXIT_PROFIT_TARGET_MET
2025-10-31 08:20:00,-3.6567999999999756,3.05415125000002,1,EXIT_PROFIT_TARGET_MET
2025-10-31 08:25:00,-3.6573999999999955,3.03127625000006,1,EXIT_PROFIT_TARGET_MET
2025-10-31 08:30:00,-3.654200000000003,3.153276249999948,1,EXIT_PROFIT_TARGET_MET
2025-10-31 08:35:00,-3.6628000000000043,2.825401250000004,1,EXIT_PROFIT_TARGET_MET
2025-10-31 08:40:00,-3.665200000000027,2.733901250000068,1,EXIT_PROFIT_TARGET_MET
2025-10-31 08:45:00,-3.6639999999999873,2.7796512499998443,1,EXIT_PROFIT_TARGET_MET
2025-10-31 08:50:00,-3.6709999999999923,2.5127762499999484,1,EXIT_PROFIT_TARGET_MET
2025-10-31 08:55:00,-3.6736000000000217,2.4136512499999245,1,EXIT_PROFIT_TARGET_MET
2025-10-31 09:00:00,-3.6614000000000146,2.878776249999964,1,EXIT_PROFIT_TARGET_MET
2025-10-31 09:05:00,-3.658999999999992,0.7193300000000882,1,EXIT_PROFIT_TARGET_MET
2025-10-31 09:10:00,-3.6598000000000184,0.26986750000004633,1,EXIT_PROFIT_TARGET_MET
2025-10-31 09:15:00,-3.663000000000011,1.7234599999999958,1,EXIT_PROFIT_TARGET_MET
2025-10-31 09:20:00,-3.6702000000000226,2.7514375000001046,1,EXIT_PROFIT_TARGET_MET
2025-10-31 09:25:00,-3.670599999999979,3.0107993750000004,1,EXIT_PROFIT_TARGET_MET
2025-10-31 09:30:00,-3.6841999999999757,1.502566250000033,1,EXIT_PROFIT_TARGET_MET
2025-10-31 09:35:00,-3.6748000000000047,0.9424187500001153,1,EXIT_PROFIT_TARGET_MET
2025-10-31 09:40:00,-3.6698000000000093,1.133043750000171,1,EXIT_PROFIT_TARGET_MET
2025-10-31 09:45:00,-3.6836000000000126,0.6069187499999877,1,EXIT_PROFIT_TARGET_MET
2025-10-31 09:50:00,-3.6899999999999977,0.36291874999998797,1,EXIT_PROFIT_TARGET_MET
2025-10-31 09:55:00,-3.6936000000000035,0.22566875000008402,1,EXIT_PROFIT_TARGET_MET
2025-10-31 10:00:00,-3.688600000000008,0.41629374999994795,1,EXIT_PROFIT_TARGET_MET
2025-10-31 10:05:00,-3.6872000000000185,0.46966874999990793,1,EXIT_PROFIT_TARGET_MET
2025-10-31 10:10:00,-3.6972000000000094,0.08841875000000421,1,EXIT_PROFIT_TARGET_MET
2025-10-31 10:15:00,-3.6970000000000027,0.09604374999999621,1,EXIT_PROFIT_TARGET_MET
2025-10-31 10:20:00,-3.6929999999999836,0.24854374999998008,1,EXIT_PROFIT_TARGET_MET
2025-10-31 10:25:00,-3.6843999999999824,0.5764187500001157,1,EXIT_PROFIT_TARGET_MET
2025-10-31 10:30:00,-3.6895999999999844,0.3781687500000679,1,EXIT_PROFIT_TARGET_MET
2025-10-31 10:35:00,-3.6899999999999977,0.36291874999998797,1,EXIT_PROFIT_TARGET_MET
2025-10-31 10:40:00,-3.700800000000015,1.3324090624999823,1,EXIT_PROFIT_TARGET_MET
2025-10-31 10:45:00,-3.7130000000000223,0.7540528124999488,1,EXIT_PROFIT_TARGET_MET
2025-10-31 10:50:00,-3.7221999999999866,0.3179153124999323,1,EXIT_PROFIT_TARGET_MET
2025-10-31 10:55:00,-3.710399999999993,0.8773090624999704,1,EXIT_PROFIT_TARGET_MET
2025-10-31 11:00:00,-3.716799999999978,0.5739090624999652,1,EXIT_PROFIT_TARGET_MET
2025-10-31 11:05:00,-3.727800000000002,0.0524403124999937,1,EXIT_PROFIT_TARGET_MET
2025-10-31 11:10:00,-3.730000000000018,0.000932680206298835,1,EXIT_PROFIT_TARGET_MET
2025-10-31 11:15:00,-3.732599999999991,0.000904552154541019,1,EXIT_PROFIT_TARGET_MET
2025-10-31 11:20:00,-3.7282000000000153,0.03347781250010229,1,EXIT_PROFIT_TARGET_MET
2025-10-31 11:25:00,-3.733600000000024,0.0008937336730957363,1,EXIT_PROFIT_TARGET_MET
2025-10-31 11:30:00,-3.7203999999999837,0.4032465625001671,1,EXIT_PROFIT_TARGET_MET
2025-10-31 11:35:00,-3.7268000000000256,0.09984656250006196,1,EXIT_PROFIT_TARGET_MET
2025-10-31 11:40:00,-3.7223999999999933,0.3084340625000306,1,EXIT_PROFIT_TARGET_MET
2025-10-31 11:45:00,-3.728400000000022,0.023996562500104623,1,EXIT_PROFIT_TARGET_MET
2025-10-31 11:50:00,-3.726600000000019,0.3228531249998996,1,EXIT_PROFIT_TARGET_MET
2025-10-31 11:55:00,-3.7257999999999925,7.425659179688578e-05,1,EXIT_PROFIT_TARGET_MET
2025-10-31 12:00:00,-3.7198000000000206,0.00014228576660156155,1,EXIT_PROFIT_TARGET_MET
2025-10-31 12:05:00,-3.7064000000000306,0.0001524914550781126,1,EXIT_PROFIT_TARGET_MET
2025-10-31 12:10:00,-3.692600000000027,0.00021929199218749442,1,EXIT_PROFIT_TARGET_MET
2025-10-31 12:15:00,-3.705600000000004,3.470794677734633e-05,1,EXIT_PROFIT_TARGET_MET
2025-10-31 12:20:00,-3.7117999999999824,0.0005730563735961843,1,EXIT_PROFIT_TARGET_MET
2025-10-31 12:25:00,-3.716600000000028,3.5345458984257713e-06,1,EXIT_PROFIT_TARGET_MET
2025-10-31 12:30:00,-3.711599999999976,0.0023895715332029714,1,EXIT_PROFIT_TARGET_MET
2025-10-31 12:35:00,-3.6972000000000094,0.022397695312499834,1,EXIT_PROFIT_TARGET_MET
2025-10-31 12:40:00,-3.680000000000007,-7.511250625000303,-1,HOLD
2025-10-31 12:45:00,-3.6824000000000296,-7.548466093750136,-1,ACTION_DEFENSIVE_AVG_LONG
2025-10-31 12:50:00,-3.6952,-6.2978046874997755,-1,NO_VALID_ACTION_DEFENSIVE_AVG
2025-10-31 12:55:00,-3.692600000000027,-6.417807812499975,-1,NO_VALID_ACTION_DEFENSIVE_AVG
2025-10-31 13:00:00,-3.6843999999999824,-8.589517343749865,-1,NO_VALID_ACTION_DEFENSIVE_AVG
2025-10-31 13:05:00,-3.704999999999984,2.132829062500018,1,EXIT_PROFIT_TARGET_MET
2025-10-31 13:10:00,-3.705600000000004,2.1221937500000267,1,EXIT_PROFIT_TARGET_MET
2025-10-31 13:15:00,-3.7053999999999974,-13.688411621093723,-1,NO_VALID_ACTION_DEFENSIVE_AVG
2025-10-31 13:20:00,-3.708000000000027,0.2217822656249867,1,EXIT_PROFIT_TARGET_MET
2025-10-31 13:25:00,-3.704400000000021,2.0496878124999958,1,EXIT_PROFIT_TARGET_MET
2025-10-31 13:30:00,-3.6931999999999903,-7.7894019531251395,-1,NO_VALID_ACTION_DEFENSIVE_AVG
2025-10-31 13:35:00,-3.697400000000016,-7.44075507812521,-1,NO_VALID_ACTION_DEFENSIVE_AVG
2025-10-31 13:40:00,-3.689399999999978,-11.154736757812758,-1,NO_VALID_ACTION_DEFENSIVE_AVG
2025-10-31 13:45:00,-3.701599999999985,-8.156600078124583,-1,ACTION_DEFENSIVE_AVG_SHORT
2025-10-31 13:50:00,-3.6970000000000027,0.9695874999999781,1,EXIT_PROFIT_TARGET_MET
2025-10-31 13:55:00,-3.7028000000000247,1.9744625000000724,1,EXIT_PROFIT_TARGET_MET
2025-10-31 14:00:00,-3.7112000000000194,1.0703549999999638,1,EXIT_PROFIT_TARGET_MET
2025-10-31 14:05:00,-3.728400000000022,0.0002704907226562178,1,EXIT_PROFIT_TARGET_MET
2025-10-31 14:10:00,-3.7221999999999866,0.0009961523437501795,1,EXIT_PROFIT_TARGET_MET
2025-10-31 14:15:00,-3.7164000000000215,0.0031969799804685284,1,EXIT_PROFIT_TARGET_MET
2025-10-31 14:20:00,-3.7291999999999916,0.012013159179687656,1,EXIT_PROFIT_TARGET_MET
2025-10-31 14:25:00,-3.7269999999999754,0.011379370117187766,1,EXIT_PROFIT_TARGET_MET
2025-10-31 14:30:00,-3.727800000000002,0.01160983886718709,1,EXIT_PROFIT_TARGET_MET
2025-10-31 14:35:00,-3.728400000000022,0.011782690429687333,1,EXIT_PROFIT_TARGET_MET
2025-10-31 14:40:00,-3.735400000000027,0.013799291992187789,1,EXIT_PROFIT_TARGET_MET
2025-10-31 14:45:00,-3.7269999999999754,0.011379370117187766,1,EXIT_PROFIT_TARGET_MET
2025-10-31 14:50:00,-3.7275999999999954,0.011552221679687509,1,EXIT_PROFIT_TARGET_MET
2025-10-31 14:55:00,-3.733000000000004,0.013107885742187506,1,EXIT_PROFIT_TARGET_MET
2025-10-31 15:00:00,-3.717199999999991,0.008556127929688052,1,EXIT_PROFIT_TARGET_MET
2025-10-31 15:05:00,-3.7216000000000236,0.014256982421876119,1,EXIT_PROFIT_TARGET_MET
2025-10-31 15:10:00,-3.716799999999978,0.008412167968748663,1,EXIT_PROFIT_TARGET_MET
2025-10-31 15:15:00,-3.716799999999978,0.08114781250000291,1,EXIT_PROFIT_TARGET_MET
2025-10-31 15:20:00,-3.7121999999999957,0.01826148437500863,1,EXIT_PROFIT_TARGET_MET
2025-10-31 15:25:00,-3.7158000000000015,0.023171406249992366,1,EXIT_PROFIT_TARGET_MET
2025-10-31 15:30:00,-3.719600000000014,0.7635851562500093,1,EXIT_PROFIT_TARGET_MET
2025-10-31 15:35:00,-3.7142000000000053,0.884233437500006,1,EXIT_PROFIT_TARGET_MET
2025-10-31 15:40:00,-3.7110000000000127,1.261291250000017,1,EXIT_PROFIT_TARGET_MET
2025-10-31 15:45:00,-3.7151999999999816,1.726323749999997,1,EXIT_PROFIT_TARGET_MET
2025-10-31 15:50:00,-3.710399999999993,0.3034287500000019,1,EXIT_PROFIT_TARGET_MET
2025-10-31 15:55:00,-3.714800000000025,1.0843778125000085,1,EXIT_PROFIT_TARGET_MET
2025-10-31 16:00:00,-3.709000000000003,0.22818617187497114,1,EXIT_PROFIT_TARGET_MET
2025-10-31 16:05:00,-3.704400000000021,5.875024704728196e-06,1,EXIT_PROFIT_TARGET_MET
2025-10-31 16:10:00,-3.7046000000000276,5.912785504479038e-06,1,EXIT_PROFIT_TARGET_MET
2025-10-31 16:15:00,-3.7046000000000276,5.912785504479038e-06,1,EXIT_PROFIT_TARGET_MET
2025-10-31 16:20:00,-3.7040000000000077,5.799503105226879e-06,1,EXIT_PROFIT_TARGET_MET
2025-10-31 16:25:00,-3.709000000000003,0.23816617187501254,1,EXIT_PROFIT_TARGET_MET
2025-10-31 16:30:00,-3.7094000000000165,6.324125875253167e-06,1,EXIT_PROFIT_TARGET_MET
2025-10-31 16:35:00,-3.707400000000007,2.8770939027886055e-06,1,EXIT_PROFIT_TARGET_MET
2025-10-31 16:40:00,-3.7035999999999945,2.159638707525542e-06,1,EXIT_PROFIT_TARGET_MET
2025-10-31 16:45:00,-3.7081999999999766,3.0281371017912402e-06,1,EXIT_PROFIT_TARGET_MET
2025-10-31 16:50:00,-3.7076000000000136,2.914854702539081e-06,1,EXIT_PROFIT_TARGET_MET
2025-10-31 16:55:00,-3.7110000000000127,1.8556893477217016e-06,1,EXIT_PROFIT_TARGET_MET
2025-10-31 17:00:00,-3.706200000000024,1.3405932113526162e-06,1,EXIT_PROFIT_TARGET_MET
2025-10-31 17:05:00,-3.710199999999986,6.784967891871865e-07,1,EXIT_PROFIT_TARGET_MET
2025-10-31 17:10:00,-3.7200000000000273,2.924681864678331e-06,1,EXIT_PROFIT_TARGET_MET
2025-10-31 17:15:00,-3.717199999999991,4.786720275867437e-06,1,EXIT_PROFIT_TARGET_MET
2025-10-31 17:20:00,-3.7212000000000103,0.00017687534332275304,1,EXIT_PROFIT_TARGET_MET
2025-10-31 17:25:00,-3.7180000000000177,0.020612988281249203,1,EXIT_PROFIT_TARGET_MET
2025-10-31 17:30:00,-3.7198000000000206,0.008248730468747467,1,EXIT_PROFIT_TARGET_MET
2025-10-31 17:35:00,-3.711599999999976,0.11530292968749731,1,EXIT_PROFIT_TARGET_MET
2025-10-31 17:40:00,-3.7083999999999833,0.13744367187500817,1,EXIT_PROFIT_TARGET_MET
2025-10-31 17:45:00,-3.7042000000000144,0.3038562499999997,1,EXIT_PROFIT_TARGET_MET
2025-10-31 17:50:00,-3.7030000000000314,0.3152937499999877,1,EXIT_PROFIT_TARGET_MET
2025-10-31 17:55:00,-3.7076000000000136,0.27145000000000374,1,EXIT_PROFIT_TARGET_MET
2025-10-31 18:00:00,-3.713799999999992,0.2123562500000018,1,EXIT_PROFIT_TARGET_MET
2025-10-31 18:05:00,-3.7094000000000165,0.25429374999998977,1,EXIT_PROFIT_TARGET_MET
2025-10-31 18:10:00,-3.6952,0.7030881250000105,1,EXIT_PROFIT_TARGET_MET
2025-10-31 18:15:00,-3.7030000000000314,0.3152937499999877,1,EXIT_PROFIT_TARGET_MET
2025-10-31 18:20:00,-3.7117999999999824,0.23141875000000178,1,EXIT_PROFIT_TARGET_MET
2025-10-31 18:25:00,-3.7176000000000045,0.17613749999999784,1,EXIT_PROFIT_TARGET_MET
2025-10-31 18:30:00,-3.7135999999999854,0.2142625000000038,1,EXIT_PROFIT_TARGET_MET
2025-10-31 18:35:00,-3.7135999999999854,0.2142625000000038,1,EXIT_PROFIT_TARGET_MET
2025-10-31 18:40:00,-3.7158000000000015,0.3035393749999824,1,EXIT_PROFIT_TARGET_MET
2025-10-31 18:45:00,-3.723000000000013,2.4179443749999474,1,EXIT_PROFIT_TARGET_MET
2025-10-31 18:50:00,-3.721400000000017,2.6134199999999908,1,EXIT_PROFIT_TARGET_MET
2025-10-31 18:55:00,-3.7309999999999945,0.0014537817382814719,1,EXIT_PROFIT_TARGET_MET
2025-10-31 19:00:00,-3.72320000000002,1.8306499999999986,1,EXIT_PROFIT_TARGET_MET
2025-10-31 19:05:00,-3.725999999999999,0.00012295626640319708,1,EXIT_PROFIT_TARGET_MET
2025-10-31 19:10:00,-3.731200000000001,9.244308471686611e-06,1,EXIT_PROFIT_TARGET_MET
2025-10-31 19:15:00,-3.7357999999999834,2.9950485229491078e-05,1,EXIT_PROFIT_TARGET_MET
2025-10-31 19:20:00,-3.7298000000000116,2.9424285888730774e-06,1,EXIT_PROFIT_TARGET_MET
2025-10-31 19:25:00,-3.7269999999999754,0.00022561622619627622,1,EXIT_PROFIT_TARGET_MET
2025-10-31 19:30:00,-3.729600000000005,0.0002530301666259601,1,EXIT_PROFIT_TARGET_MET
2025-10-31 19:35:00,-3.730799999999988,0.0002644055175781237,1,EXIT_PROFIT_TARGET_MET
2025-10-31 19:40:00,-3.732399999999984,0.0012039364624023834,1,EXIT_PROFIT_TARGET_MET
2025-10-31 19:45:00,-3.738200000000006,0.003982347412109398,1,EXIT_PROFIT_TARGET_MET
2025-10-31 19:50:00,-3.727199999999982,0.0023794201660157464,1,EXIT_PROFIT_TARGET_MET
2025-10-31 19:55:00,-3.7321999999999775,0.008879428710937602,1,EXIT_PROFIT_TARGET_MET
2025-10-31 20:00:00,-3.7386000000000195,0.0008979296874999029,1,EXIT_PROFIT_TARGET_MET
2025-10-31 20:05:00,-3.7291999999999916,0.005420092773437406,1,EXIT_PROFIT_TARGET_MET
2025-10-31 20:10:00,-3.7275999999999954,0.0013529589843753118,1,EXIT_PROFIT_TARGET_MET
2025-10-31 20:15:00,-3.7291999999999916,0.0012022631835940552,1,EXIT_PROFIT_TARGET_MET
2025-10-31 20:20:00,-3.730000000000018,0.001491911621093845,1,EXIT_PROFIT_TARGET_MET
2025-10-31 20:25:00,-3.727800000000002,0.0006953784179685955,1,EXIT_PROFIT_TARGET_MET
2025-10-31 20:30:00,-3.7293999999999983,0.0012746752929686748,1,EXIT_PROFIT_TARGET_MET
2025-10-31 20:35:00,-3.7338000000000306,0.0028677416992186743,1,EXIT_PROFIT_TARGET_MET
2025-10-31 20:40:00,-3.7416000000000054,0.0023968603515626893,1,EXIT_PROFIT_TARGET_MET
2025-10-31 20:45:00,-3.7352000000000203,0.00023748535156237552,1,EXIT_PROFIT_TARGET_MET
2025-10-31 20:50:00,-3.7339999999999804,0.0029401538085937467,1,EXIT_PROFIT_TARGET_MET
2025-10-31 20:55:00,-3.7293999999999983,0.0012746752929686748,1,EXIT_PROFIT_TARGET_MET
2025-10-31 21:00:00,-3.7264000000000124,0.00018849365234358852,1,EXIT_PROFIT_TARGET_MET
2025-10-31 21:05:00,-3.731200000000001,0.0019263842773437796,1,EXIT_PROFIT_TARGET_MET
2025-10-31 21:10:00,-3.7286000000000286,0.000985026855468885,1,EXIT_PROFIT_TARGET_MET
2025-10-31 21:15:00,-3.7350000000000136,0.00017000488281230033,1,EXIT_PROFIT_TARGET_MET
2025-10-31 21:20:00,-3.7350000000000136,0.00017000488281230033,1,EXIT_PROFIT_TARGET_MET
2025-10-31 21:25:00,-3.731400000000008,0.001998796386718852,1,EXIT_PROFIT_TARGET_MET
2025-10-31 21:30:00,-3.727199999999982,0.000478142089843878,1,EXIT_PROFIT_TARGET_MET
2025-10-31 21:35:00,-3.7298000000000116,0.0014194995117187727,1,EXIT_PROFIT_TARGET_MET
2025-10-31 21:40:00,-3.7409999999999854,0.00219441894531237,1,EXIT_PROFIT_TARGET_MET
2025-10-31 21:45:00,-3.7543999999999755,0.00671561035156263,1,EXIT_PROFIT_TARGET_MET
2025-10-31 21:50:00,-3.7509999999999764,0.0055684423828125384,1,EXIT_PROFIT_TARGET_MET
2025-10-31 21:55:00,-3.7774,-4.248050000000006,-1,NO_VALID_ACTION_DEFENSIVE_AVG
2025-10-31 22:00:00,-3.782199999999989,-4.306650000000005,-1,NO_VALID_ACTION_DEFENSIVE_AVG
2025-10-31 22:05:00,-3.7678000000000225,-4.929519999999968,-1,NO_VALID_ACTION_DEFENSIVE_AVG
2025-10-31 22:10:00,-3.757000000000005,0.0002764355468750507,1,EXIT_PROFIT_TARGET_MET
2025-10-31 22:15:00,-3.7742000000000075,-4.436169999999976,-1,NO_VALID_ACTION_DEFENSIVE_AVG
2025-10-31 22:20:00,-3.773200000000031,-4.455170000000038,-1,NO_VALID_ACTION_DEFENSIVE_AVG
2025-10-31 22:25:00,-3.766399999999976,-4.179209999999973,-1,NO_VALID_ACTION_DEFENSIVE_AVG
2025-10-31 22:30:00,-3.774600000000021,-4.281569999999988,-1,NO_VALID_ACTION_DEFENSIVE_AVG
2025-10-31 22:35:00,-3.7574000000000183,0.000391669921875025,1,EXIT_PROFIT_TARGET_MET
2025-10-31 22:40:00,-3.75060000000002,0.005433481445312294,1,EXIT_PROFIT_TARGET_MET
2025-10-31 22:45:00,-3.7422000000000253,0.0025993017578123216,1,EXIT_PROFIT_TARGET_MET
2025-10-31 22:50:00,-3.737000000000023,0.0008448095703125526,1,EXIT_PROFIT_TARGET_MET
2025-10-31 22:55:00,-3.731200000000001,0.0019263842773437796,1,EXIT_PROFIT_TARGET_MET
2025-10-31 23:00:00,-3.7364000000000033,0.000642368164062327,1,EXIT_PROFIT_TARGET_MET
2025-10-31 23:05:00,-3.737799999999993,0.0011147314453123537,1,EXIT_PROFIT_TARGET_MET
2025-10-31 23:10:00,-3.742399999999975,0.0026667822265624905,1,EXIT_PROFIT_TARGET_MET
2025-10-31 23:15:00,-3.7443999999999846,0.0033415869140625554,1,EXIT_PROFIT_TARGET_MET
2025-10-31 23:20:00,-3.7422000000000253,0.0025993017578123216,1,EXIT_PROFIT_TARGET_MET
2025-10-31 23:25:00,-3.7391999999999825,0.0015870947265627863,1,EXIT_PROFIT_TARGET_MET
2025-10-31 23:30:00,-3.731800000000021,0.00214362060546895,1,EXIT_PROFIT_TARGET_MET
2025-10-31 23:35:00,-3.7343999999999937,0.0030849780273438446,1,EXIT_PROFIT_TARGET_MET
2025-10-31 23:40:00,-3.7273999999999887,0.0005505541992189503,1,EXIT_PROFIT_TARGET_MET
2025-10-31 23:45:00,-3.746399999999994,0.004016391601562308,1,EXIT_PROFIT_TARGET_MET
2025-10-31 23:50:00,-3.760600000000011,0.0013135449218748194,1,EXIT_PROFIT_TARGET_MET
2025-10-31 23:55:00,-3.767600000000016,-5.5818200000000715,-1,NO_VALID_ACTION_DEFENSIVE_AVG
2025-11-01 00:00:00,-3.7504000000000133,0.005366000976562719,1,EXIT_PROFIT_TARGET_MET
2025-11-01 00:05:00,-3.762800000000027,0.022583520507811816,1,EXIT_PROFIT_TARGET_MET
2025-11-01 00:10:00,-3.74939999999998,0.005028598632812437,1,EXIT_PROFIT_TARGET_MET
2025-11-01 00:15:00,-3.7531999999999925,0.0063107275390626785,1,EXIT_PROFIT_TARGET_MET
2025-11-01 00:20:00,-3.758199999999988,0.0006221386718753483,1,EXIT_PROFIT_TARGET_MET
2025-11-01 00:25:00,-3.75060000000002,0.005433481445312294,1,EXIT_PROFIT_TARGET_MET
2025-11-01 00:30:00,-3.756399999999985,0.0001035839843748082,1,EXIT_PROFIT_TARGET_MET
2025-11-01 00:35:00,-3.754799999999989,0.006850571289062687,1,EXIT_PROFIT_TARGET_MET
2025-11-01 00:40:00,-3.762200000000007,0.02217863769531274,1,EXIT_PROFIT_TARGET_MET
2025-11-01 00:45:00,-3.7586000000000013,0.0007373730468751977,1,EXIT_PROFIT_TARGET_MET
2025-11-01 00:50:00,-3.774400000000014,-5.031370000000024,-1,NO_VALID_ACTION_DEFENSIVE_AVG
2025-11-01 00:55:00,-3.7817999999999756,-4.896349999999984,-1,NO_VALID_ACTION_DEFENSIVE_AVG
2025-11-01 01:00:00,-3.7796000000000163,-4.909700000000001,-1,NO_VALID_ACTION_DEFENSIVE_AVG
2025-11-01 01:05:00,-3.8016000000000076,-5.256200000000007,-1,NO_VALID_ACTION_DEFENSIVE_AVG
2025-11-01 01:10:00,-3.798400000000015,-5.163800000000009,-1,NO_VALID_ACTION_DEFENSIVE_AVG
2025-11-01 01:15:00,-3.796199999999999,-5.027150000000006,-1,NO_VALID_ACTION_DEFENSIVE_AVG
2025-11-01 01:20:00,-3.7841999999999985,-4.878150000000005,-1,NO_VALID_ACTION_DEFENSIVE_AVG
2025-11-01 01:25:00,-3.779800000000023,-4.754850000000019,-1,NO_VALID_ACTION_DEFENSIVE_AVG
2025-11-01 01:30:00,-3.7717999999999847,-4.7687700000000035,-1,NO_VALID_ACTION_DEFENSIVE_AVG
2025-11-01 01:35:00,-3.7660000000000196,-4.322660000000045,-1,NO_VALID_ACTION_DEFENSIVE_AVG
2025-11-01 01:40:00,-3.7800000000000296,-4.465000000000018,-1,NO_VALID_ACTION_DEFENSIVE_AVG
2025-11-01 01:45:00,-3.7774,-4.498050000000006,-1,NO_VALID_ACTION_DEFENSIVE_AVG
