timestamp,baseline_pnl,strategy_pnl,label,final_status
2025-01-01 15:10:00,-66.90179999999964,2.083515326194881,1,EXIT_PROFIT_TARGET_MET
2025-01-01 15:15:00,-66.91740000000027,0.4181589355464823,1,EXIT_PROFIT_TARGET_MET
2025-01-01 15:20:00,-66.91740000000027,2.6559912857056314,1,EXIT_PROFIT_TARGET_MET
2025-01-01 15:25:00,-66.91740000000027,3.322975395507865,1,EXIT_PROFIT_TARGET_MET
2025-01-01 15:30:00,-66.95679999999993,2.378460624999864,1,EXIT_PROFIT_TARGET_MET
2025-01-01 15:35:00,-66.95679999999993,3.078538364257868,1,EXIT_PROFIT_TARGET_MET
2025-01-01 15:40:00,-66.89999999999964,3.4357155126953547,1,EXIT_PROFIT_TARGET_MET
2025-01-01 15:45:00,-66.96699999999964,3.014397397460934,1,EXIT_PROFIT_TARGET_MET
2025-01-01 15:50:00,-66.96699999999964,3.014397397460934,1,EXIT_PROFIT_TARGET_MET
2025-01-01 15:55:00,-66.91840000000047,3.320010239257729,1,EXIT_PROFIT_TARGET_MET
2025-01-01 16:00:00,-66.89999999999964,3.4357155126953547,1,EXIT_PROFIT_TARGET_MET
2025-01-01 16:05:00,-66.80000000000018,3.8821403515624633,1,EXIT_PROFIT_TARGET_MET
2025-01-01 16:10:00,-66.80000000000018,0.11696640625005728,1,EXIT_PROFIT_TARGET_MET
2025-01-01 16:15:00,-66.84060000000045,3.368143959961033,1,EXIT_PROFIT_TARGET_MET
2025-01-01 16:20:00,-66.85559999999987,8.086097211914378,1,EXIT_PROFIT_TARGET_MET
2025-01-01 16:25:00,-66.83500000000004,13.563647597656253,1,EXIT_PROFIT_TARGET_MET
2025-01-01 16:30:00,-66.83500000000004,6.094861796875273,1,EXIT_PROFIT_TARGET_MET
2025-01-01 16:35:00,-66.79020000000037,7.491515625000403,1,EXIT_PROFIT_TARGET_MET
2025-01-01 16:40:00,-66.8706000000002,5.523600000000039,1,EXIT_PROFIT_TARGET_MET
2025-01-01 16:45:00,-66.8706000000002,0.3500954687498883,1,EXIT_PROFIT_TARGET_MET
2025-01-01 16:50:00,-66.89559999999983,2.462668952025255,1,EXIT_PROFIT_TARGET_MET
2025-01-01 16:55:00,-66.90020000000004,2.346546747435861,1,EXIT_PROFIT_TARGET_MET
2025-01-01 17:00:00,-66.90020000000004,2.346546747435861,1,EXIT_PROFIT_TARGET_MET
2025-01-01 17:05:00,-66.80000000000018,2.023536093750799,1,EXIT_PROFIT_TARGET_MET
2025-01-01 17:10:00,-66.80000000000018,2.023536093750799,1,EXIT_PROFIT_TARGET_MET
2025-01-01 17:15:00,-66.89120000000003,2.573742365111896,1,EXIT_PROFIT_TARGET_MET
2025-01-01 17:20:00,-66.85840000000007,0.6392735937501008,1,EXIT_PROFIT_TARGET_MET
2025-01-01 17:25:00,-66.85840000000007,4.772770192871149,1,EXIT_PROFIT_TARGET_MET
2025-01-01 17:30:00,-66.80140000000029,1.1223824853523445,1,EXIT_PROFIT_TARGET_MET
2025-01-01 17:35:00,-66.87840000000051,4.267891042480812,1,EXIT_PROFIT_TARGET_MET
2025-01-01 17:40:00,-66.88760000000002,4.035646633302025,1,EXIT_PROFIT_TARGET_MET
2025-01-01 17:45:00,-66.88640000000032,4.0659393823239105,1,EXIT_PROFIT_TARGET_MET
2025-01-01 17:50:00,-66.89400000000023,3.8740853051755826,1,EXIT_PROFIT_TARGET_MET
2025-01-01 17:55:00,-66.96399999999994,2.1070082788086384,1,EXIT_PROFIT_TARGET_MET
2025-01-01 18:00:00,-66.92439999999988,3.106668996582272,1,EXIT_PROFIT_TARGET_MET
2025-01-01 18:05:00,-66.92180000000008,3.172303286133399,1,EXIT_PROFIT_TARGET_MET
2025-01-01 18:10:00,-66.92180000000008,3.172303286133399,1,EXIT_PROFIT_TARGET_MET
2025-01-01 18:15:00,-66.96079999999984,2.187788942872627,1,EXIT_PROFIT_TARGET_MET
2025-01-01 18:20:00,-66.96079999999984,2.187788942872627,1,EXIT_PROFIT_TARGET_MET
2025-01-01 18:25:00,-66.71740000000045,3.242367348632382,1,EXIT_PROFIT_TARGET_MET
2025-01-01 18:30:00,-66.71740000000045,3.242367348632382,1,EXIT_PROFIT_TARGET_MET
2025-01-01 18:35:00,-66.77319999999963,1.8340916894538835,1,EXIT_PROFIT_TARGET_MET
2025-01-01 18:40:00,-66.77319999999963,1.8340916894538835,1,EXIT_PROFIT_TARGET_MET
2025-01-01 18:45:00,-66.77319999999963,1.8340916894538835,1,EXIT_PROFIT_TARGET_MET
2025-01-01 18:50:00,-66.72980000000007,2.929417202148953,1,EXIT_PROFIT_TARGET_MET
2025-01-01 18:55:00,-66.72980000000007,2.929417202148953,1,EXIT_PROFIT_TARGET_MET
2025-01-01 19:00:00,-66.83839999999964,0.1885796289064153,1,EXIT_PROFIT_TARGET_MET
2025-01-01 19:05:00,-66.75560000000041,2.278278994139595,1,EXIT_PROFIT_TARGET_MET
2025-01-01 19:10:00,-66.75560000000041,2.278278994139595,1,EXIT_PROFIT_TARGET_MET
2025-01-01 19:15:00,-66.5007999999998,2.4727537500007983,1,EXIT_PROFIT_TARGET_MET
2025-01-01 19:20:00,-66.35279999999966,5.75187875000028,1,EXIT_PROFIT_TARGET_MET
2025-01-01 19:25:00,-66.42780000000039,4.090160000000928,1,EXIT_PROFIT_TARGET_MET
2025-01-01 19:30:00,-66.42780000000039,4.090160000000928,1,EXIT_PROFIT_TARGET_MET
2025-01-01 19:35:00,-66.48880000000008,2.7386287500006716,1,EXIT_PROFIT_TARGET_MET
2025-01-01 19:40:00,-66.52419999999984,1.9542975000000382,1,EXIT_PROFIT_TARGET_MET
2025-01-01 19:45:00,-66.52639999999974,1.9055537499996404,1,EXIT_PROFIT_TARGET_MET
2025-01-01 19:50:00,-66.67979999999989,1.2770411523445966,1,EXIT_PROFIT_TARGET_MET
2025-01-01 19:55:00,-66.65200000000004,1.2707317968750722,1,EXIT_PROFIT_TARGET_MET
2025-01-01 20:00:00,-66.74120000000039,4.710275517577769,1,EXIT_PROFIT_TARGET_MET
2025-01-01 20:05:00,-66.76239999999962,2.5086897021485455,1,EXIT_PROFIT_TARGET_MET
2025-01-01 20:10:00,-66.6851999999999,1.9122996093753972,1,EXIT_PROFIT_TARGET_MET
2025-01-01 20:15:00,-66.6851999999999,10.06171134765727,1,EXIT_PROFIT_TARGET_MET
2025-01-01 20:20:00,-66.72180000000026,3.469810390624998,1,EXIT_PROFIT_TARGET_MET
2025-01-01 20:25:00,-66.72180000000026,3.6545665624998964,1,EXIT_PROFIT_TARGET_MET
2025-01-01 20:30:00,-66.72180000000026,3.6545665624998964,1,EXIT_PROFIT_TARGET_MET
2025-01-01 20:35:00,-66.6866,5.404941562500406,1,EXIT_PROFIT_TARGET_MET
2025-01-01 20:40:00,-66.6866,5.404941562500406,1,EXIT_PROFIT_TARGET_MET
2025-01-01 20:45:00,-66.61239999999998,-148.38843500000098,-1,HOLD
2025-01-01 20:50:00,-66.61239999999998,-148.38843500000098,-1,HOLD
2025-01-01 20:55:00,-66.5663999999997,-117.11880999999971,-1,HOLD
2025-01-01 21:00:00,-66.5663999999997,-117.11880999999971,-1,HOLD
2025-01-01 21:05:00,-66.54200000000037,-117.09441000000083,-1,HOLD
2025-01-01 21:10:00,-66.54200000000037,-116.3694100000007,-1,HOLD
2025-01-01 21:15:00,-66.6248000000005,1.357088125000658,1,EXIT_PROFIT_TARGET_MET
2025-01-01 21:20:00,-66.62079999999969,4.182099687501193,1,EXIT_PROFIT_TARGET_MET
2025-01-01 21:25:00,-66.62079999999969,2.8374450000009688,1,EXIT_PROFIT_TARGET_MET
2025-01-01 21:30:00,-66.62079999999969,0.5391344824218774,1,EXIT_PROFIT_TARGET_MET
2025-01-01 21:35:00,-66.71380000000045,0.4750367187499829,1,EXIT_PROFIT_TARGET_MET
2025-01-01 21:40:00,-66.82499999999982,0.34778950195310854,1,EXIT_PROFIT_TARGET_MET
2025-01-01 21:45:00,-66.96619999999984,0.07575785156249681,1,EXIT_PROFIT_TARGET_MET
2025-01-01 21:50:00,-66.80519999999979,0.22990240234374726,1,EXIT_PROFIT_TARGET_MET
2025-01-01 21:55:00,-66.80519999999979,0.5819045312499784,1,EXIT_PROFIT_TARGET_MET
2025-01-01 22:00:00,-66.80519999999979,0.5819045312499784,1,EXIT_PROFIT_TARGET_MET
2025-01-01 22:05:00,-66.80519999999979,0.5819045312499784,1,EXIT_PROFIT_TARGET_MET
2025-01-01 22:10:00,-66.80519999999979,0.021627929687480396,1,EXIT_PROFIT_TARGET_MET
2025-01-01 22:15:00,-66.80519999999979,0.021627929687480396,1,EXIT_PROFIT_TARGET_MET
2025-01-01 22:20:00,-66.97479999999996,0.4655176562499781,1,EXIT_PROFIT_TARGET_MET
2025-01-01 22:25:00,-66.94040000000041,0.5571625585937459,1,EXIT_PROFIT_TARGET_MET
2025-01-01 22:30:00,-67.03999999999996,0.13279105468749197,1,EXIT_PROFIT_TARGET_MET
2025-01-01 22:35:00,-66.9387999999999,0.7397515527343592,1,EXIT_PROFIT_TARGET_MET
2025-01-01 22:40:00,-67.00960000000032,0.2511055468749337,1,EXIT_PROFIT_TARGET_MET
2025-01-01 22:45:00,-67.00960000000032,0.24317796874993824,1,EXIT_PROFIT_TARGET_MET
2025-01-01 22:50:00,-67.00960000000032,0.012916718749981015,1,EXIT_PROFIT_TARGET_MET
2025-01-01 22:55:00,-66.96280000000024,0.1244323437499899,1,EXIT_PROFIT_TARGET_MET
2025-01-01 23:00:00,-67.04619999999977,2.7702552343749005,1,EXIT_PROFIT_TARGET_MET
2025-01-01 23:05:00,-67.03679999999986,6.338909921875018,1,EXIT_PROFIT_TARGET_MET
2025-01-01 23:10:00,-67.03679999999986,10.616192187499998,1,EXIT_PROFIT_TARGET_MET
2025-01-01 23:15:00,-66.76239999999962,5.0244568749997,1,EXIT_PROFIT_TARGET_MET
2025-01-01 23:20:00,-66.71839999999975,30.74233250000077,1,EXIT_PROFIT_TARGET_MET
2025-01-01 23:25:00,-66.71839999999975,-148.03595500000006,-1,HOLD
2025-01-01 23:30:00,-66.71839999999975,20.030566250000135,1,EXIT_PROFIT_TARGET_MET
2025-01-01 23:35:00,-66.77760000000035,-121.93315000000052,-1,NO_VALID_ACTION_DEFENSIVE_AVG
2025-01-01 23:40:00,-66.77760000000035,16.525839374998796,1,EXIT_PROFIT_TARGET_MET
2025-01-01 23:45:00,-66.77760000000035,16.525839374998796,1,EXIT_PROFIT_TARGET_MET
2025-01-01 23:50:00,-66.80739999999969,15.205326875000438,1,EXIT_PROFIT_TARGET_MET
2025-01-01 23:55:00,-66.85019999999986,13.30875187500017,1,EXIT_PROFIT_TARGET_MET
2025-01-02 00:00:00,-67.08179999999993,3.0459768750007754,1,EXIT_PROFIT_TARGET_MET
2025-01-02 00:05:00,-67.02599999999984,5.51861437500142,1,EXIT_PROFIT_TARGET_MET
2025-01-02 00:10:00,-67.02599999999984,5.51861437500142,1,EXIT_PROFIT_TARGET_MET
2025-01-02 00:15:00,-66.92280000000028,10.09166437499988,1,EXIT_PROFIT_TARGET_MET
2025-01-02 00:20:00,-66.89500000000044,11.323551875001456,1,EXIT_PROFIT_TARGET_MET
2025-01-02 00:25:00,-66.8096000000005,19.72490062499996,1,EXIT_PROFIT_TARGET_MET
2025-01-02 00:30:00,-66.61300000000028,10.666730000000683,1,EXIT_PROFIT_TARGET_MET
2025-01-02 00:35:00,-66.80839999999989,0.0027377911376954,1,EXIT_PROFIT_TARGET_MET
2025-01-02 00:40:00,-66.80839999999989,0.0018140734863286156,1,EXIT_PROFIT_TARGET_MET
2025-01-02 00:45:00,-66.90220000000045,0.003094258728027488,1,EXIT_PROFIT_TARGET_MET
2025-01-02 00:50:00,-67.00560000000041,0.008521315917968703,1,EXIT_PROFIT_TARGET_MET
2025-01-02 00:55:00,-66.97320000000036,0.005693777465820074,1,EXIT_PROFIT_TARGET_MET
2025-01-02 01:00:00,-66.9975999999997,0.007420609741211233,1,EXIT_PROFIT_TARGET_MET
2025-01-02 01:05:00,-66.94719999999961,7.256469726577008e-05,1,EXIT_PROFIT_TARGET_MET
2025-01-02 01:10:00,-66.70579999999973,0.007259006958007776,1,EXIT_PROFIT_TARGET_MET
2025-01-02 01:15:00,-66.8144000000002,0.008948192138671915,1,EXIT_PROFIT_TARGET_MET
2025-01-02 01:20:00,-66.90139999999974,-147.97451999999964,-1,NO_VALID_ACTION_DEFENSIVE_AVG
2025-01-02 01:25:00,-66.79719999999998,-146.14982499999985,-1,NO_VALID_ACTION_DEFENSIVE_AVG
2025-01-02 01:30:00,-66.86580000000049,-116.3693500000004,-1,NO_VALID_ACTION_DEFENSIVE_AVG
2025-01-02 01:35:00,-66.86580000000049,-113.4843500000004,-1,NO_VALID_ACTION_DEFENSIVE_AVG
2025-01-02 01:40:00,-66.8738000000003,-112.90035000000012,-1,NO_VALID_ACTION_DEFENSIVE_AVG
2025-01-02 01:45:00,-66.99139999999989,-111.14354999999978,-1,NO_VALID_ACTION_DEFENSIVE_AVG
2025-01-02 01:50:00,-67.04780000000028,-110.77859999999987,-1,NO_VALID_ACTION_DEFENSIVE_AVG
2025-01-02 01:55:00,-67.02199999999993,-110.88432999999918,-1,NO_VALID_ACTION_DEFENSIVE_AVG
2025-01-02 02:00:00,-67.01119999999992,-109.36853000000019,-1,NO_VALID_ACTION_DEFENSIVE_AVG
2025-01-02 02:05:00,-67.0600000000004,-104.87500000000023,-1,NO_VALID_ACTION_DEFENSIVE_AVG
2025-01-02 02:10:00,-66.98040000000037,-107.46030000000019,-1,NO_VALID_ACTION_DEFENSIVE_AVG
2025-01-02 02:15:00,-66.98040000000037,-107.46030000000019,-1,NO_VALID_ACTION_DEFENSIVE_AVG
2025-01-02 02:20:00,-66.93119999999999,-108.65339999999992,-1,HOLD
2025-01-02 02:25:00,-66.92820000000029,-106.44615000000022,-1,HOLD
2025-01-02 02:30:00,-66.88339999999971,-107.53254999999967,-1,HOLD
2025-01-02 02:35:00,-66.85860000000048,-111.14395000000036,-1,HOLD
2025-01-02 02:40:00,-66.74219999999968,-114.69164999999975,-1,HOLD
2025-01-02 02:45:00,-66.74219999999968,1.8274425000015952,1,EXIT_PROFIT_TARGET_MET
2025-01-02 02:50:00,-66.78179999999975,1.4346350000005117,1,EXIT_PROFIT_TARGET_MET
2025-01-02 02:55:00,-66.81980000000021,22.302621718749585,1,EXIT_PROFIT_TARGET_MET
2025-01-02 03:00:00,-66.74020000000019,28.571436874999293,1,EXIT_PROFIT_TARGET_MET
2025-01-02 03:05:00,-66.77639999999974,14.837858124999968,1,EXIT_PROFIT_TARGET_MET
2025-01-02 03:10:00,-66.7525999999998,15.892495624999924,1,EXIT_PROFIT_TARGET_MET
2025-01-02 03:15:00,-66.69819999999982,18.30309562499997,1,EXIT_PROFIT_TARGET_MET
2025-01-02 03:20:00,-66.69700000000012,18.356270625001542,1,EXIT_PROFIT_TARGET_MET
2025-01-02 03:25:00,-66.70600000000013,17.957458125000997,1,EXIT_PROFIT_TARGET_MET
2025-01-02 03:30:00,-66.7488000000003,16.0608831250006,1,EXIT_PROFIT_TARGET_MET
2025-01-02 03:35:00,-66.7488000000003,16.0608831250006,1,EXIT_PROFIT_TARGET_MET
2025-01-02 03:40:00,-66.7488000000003,16.0608831250006,1,EXIT_PROFIT_TARGET_MET
2025-01-02 03:45:00,-66.7488000000003,16.0608831250006,1,EXIT_PROFIT_TARGET_MET
2025-01-02 03:50:00,-66.7488000000003,16.0608831250006,1,EXIT_PROFIT_TARGET_MET
2025-01-02 03:55:00,-66.7488000000003,16.0608831250006,1,EXIT_PROFIT_TARGET_MET
2025-01-02 04:00:00,-66.85999999999967,11.13333312500069,1,EXIT_PROFIT_TARGET_MET
2025-01-02 04:05:00,-66.85279999999966,11.45238312500041,1,EXIT_PROFIT_TARGET_MET
2025-01-02 04:10:00,-66.79079999999976,14.199758125000272,1,EXIT_PROFIT_TARGET_MET
2025-01-02 04:15:00,-66.70259999999962,18.108120625001703,1,EXIT_PROFIT_TARGET_MET
2025-01-02 04:20:00,-66.78340000000026,14.527670625000809,1,EXIT_PROFIT_TARGET_MET
2025-01-02 04:25:00,-66.79259999999977,14.119995625001238,1,EXIT_PROFIT_TARGET_MET
2025-01-02 04:30:00,-66.89980000000014,9.369695625002691,1,EXIT_PROFIT_TARGET_MET
2025-01-02 04:35:00,-66.95499999999993,6.923645625001171,1,EXIT_PROFIT_TARGET_MET
2025-01-02 04:40:00,-66.9328000000005,7.907383125001374,1,EXIT_PROFIT_TARGET_MET
2025-01-02 04:45:00,-67.0636000000004,2.111308125000491,1,EXIT_PROFIT_TARGET_MET
2025-01-02 04:50:00,-67.0011999999997,18.063119999998847,1,EXIT_PROFIT_TARGET_MET
2025-01-02 04:55:00,-66.9974000000002,7.775717499999814,1,EXIT_PROFIT_TARGET_MET
2025-01-02 05:00:00,-67.03399999999965,3.137880000000621,1,EXIT_PROFIT_TARGET_MET
2025-01-02 05:05:00,-67.0560000000005,6.910222499999122,1,EXIT_PROFIT_TARGET_MET
2025-01-02 05:10:00,-67.0641999999998,20.962726718750293,1,EXIT_PROFIT_TARGET_MET
2025-01-02 05:15:00,-66.95899999999983,18.747015624998177,1,EXIT_PROFIT_TARGET_MET
2025-01-02 05:20:00,-66.95899999999983,5.0989212500009415,1,EXIT_PROFIT_TARGET_MET
2025-01-02 05:25:00,-66.86020000000008,9.749150000000483,1,EXIT_PROFIT_TARGET_MET
2025-01-02 05:30:00,-66.86220000000048,9.365347187500006,1,EXIT_PROFIT_TARGET_MET
2025-01-02 05:35:00,-66.89919999999984,9.37811125000001,1,EXIT_PROFIT_TARGET_MET
2025-01-02 05:40:00,-67.06840000000011,8.308337499999986,1,EXIT_PROFIT_TARGET_MET
2025-01-02 05:45:00,-67.21299999999974,7.852739374999842,1,EXIT_PROFIT_TARGET_MET
2025-01-02 05:50:00,-67.09240000000045,13.793813125000021,1,EXIT_PROFIT_TARGET_MET
2025-01-02 05:55:00,-67.1866,25.69545593749995,1,EXIT_PROFIT_TARGET_MET
2025-01-02 06:00:00,-67.17039999999997,-105.99455000000023,-1,HOLD
2025-01-02 06:05:00,-67.23919999999998,-107.51151999999968,-1,NO_VALID_ACTION_DEFENSIVE_AVG
2025-01-02 06:10:00,-67.23919999999998,-89.09940000000006,-1,NO_VALID_ACTION_DEFENSIVE_AVG
2025-01-02 06:15:00,-67.17060000000038,-90.48295000000007,-1,NO_VALID_ACTION_DEFENSIVE_AVG
2025-01-02 06:20:00,-67.14440000000013,-92.34330000000023,-1,NO_VALID_ACTION_DEFENSIVE_AVG
2025-01-02 06:25:00,-67.15999999999985,-91.27999999999997,-1,NO_VALID_ACTION_DEFENSIVE_AVG
2025-01-02 06:30:00,-67.13919999999962,4.398249999999393,1,EXIT_PROFIT_TARGET_MET
2025-01-02 06:35:00,-67.16319999999996,3.7802500000003647,1,EXIT_PROFIT_TARGET_MET
2025-01-02 06:40:00,-67.16319999999996,3.7802500000003647,1,EXIT_PROFIT_TARGET_MET
2025-01-02 06:45:00,-67.28999999999996,0.5151500000015403,1,EXIT_PROFIT_TARGET_MET
2025-01-02 06:50:00,-67.21140000000014,2.5390999999997916,1,EXIT_PROFIT_TARGET_MET
2025-01-02 06:55:00,-67.21140000000014,2.5390999999997916,1,EXIT_PROFIT_TARGET_MET
2025-01-02 07:00:00,-67.3104000000003,41.17789749999932,1,EXIT_PROFIT_TARGET_MET
2025-01-02 07:05:00,-67.3104000000003,41.17789749999932,1,EXIT_PROFIT_TARGET_MET
2025-01-02 07:10:00,-67.14819999999963,4.166500000000269,1,EXIT_PROFIT_TARGET_MET
2025-01-02 07:15:00,-67.17960000000039,3.357950000000244,1,EXIT_PROFIT_TARGET_MET
2025-01-02 07:20:00,-67.40220000000045,37.67802249999946,1,EXIT_PROFIT_TARGET_MET
2025-01-02 07:25:00,-67.30199999999968,0.2061500000010028,1,EXIT_PROFIT_TARGET_MET
2025-01-02 07:30:00,-67.3119999999999,41.11689749999951,1,EXIT_PROFIT_TARGET_MET
2025-01-02 07:35:00,-67.25900000000001,1.313399999999092,1,EXIT_PROFIT_TARGET_MET
2025-01-02 07:40:00,-67.27440000000024,0.916850000000295,1,EXIT_PROFIT_TARGET_MET
2025-01-02 07:45:00,-67.27440000000024,0.916850000000295,1,EXIT_PROFIT_TARGET_MET
2025-01-02 07:50:00,-67.34559999999965,39.835897500000215,1,EXIT_PROFIT_TARGET_MET
2025-01-02 07:55:00,-67.34559999999965,39.835897500000215,1,EXIT_PROFIT_TARGET_MET
2025-01-02 08:00:00,-67.3706000000002,38.88277249999874,1,EXIT_PROFIT_TARGET_MET
2025-01-02 08:05:00,-67.24579999999969,1.6533000000003995,1,EXIT_PROFIT_TARGET_MET
2025-01-02 08:10:00,-67.24579999999969,1.6533000000003995,1,EXIT_PROFIT_TARGET_MET
2025-01-02 08:15:00,-67.26940000000013,1.0455999999997516,1,EXIT_PROFIT_TARGET_MET
2025-01-02 08:20:00,-67.39999999999964,37.761897500000345,1,EXIT_PROFIT_TARGET_MET
2025-01-02 08:25:00,-67.46020000000044,35.46677249999976,1,EXIT_PROFIT_TARGET_MET
2025-01-02 08:30:00,-67.39680000000044,37.88389750000022,1,EXIT_PROFIT_TARGET_MET
2025-01-02 08:35:00,-67.28880000000026,0.5460499999997523,1,EXIT_PROFIT_TARGET_MET
2025-01-02 08:40:00,-67.32060000000001,40.78902249999888,1,EXIT_PROFIT_TARGET_MET
2025-01-02 08:45:00,-67.38960000000043,38.158397499999865,1,EXIT_PROFIT_TARGET_MET
2025-01-02 08:50:00,-67.36840000000029,38.9666475000009,1,EXIT_PROFIT_TARGET_MET
2025-01-02 08:55:00,-67.26140000000032,1.2516000000006215,1,EXIT_PROFIT_TARGET_MET
2025-01-02 09:00:00,-67.20300000000043,2.7553999999990424,1,EXIT_PROFIT_TARGET_MET
2025-01-02 09:05:00,-67.31720000000041,40.91864749999911,1,EXIT_PROFIT_TARGET_MET
2025-01-02 09:10:00,-67.25500000000011,1.416400000000806,1,EXIT_PROFIT_TARGET_MET
2025-01-02 09:15:00,-67.17879999999968,3.3785500000010984,1,EXIT_PROFIT_TARGET_MET
2025-01-02 09:20:00,-67.15400000000045,4.017149999999447,1,EXIT_PROFIT_TARGET_MET
2025-01-02 09:25:00,-67.17860000000019,3.383700000000033,1,EXIT_PROFIT_TARGET_MET
2025-01-02 09:30:00,-67.10599999999977,5.2531500000005735,1,EXIT_PROFIT_TARGET_MET
2025-01-02 09:35:00,-67.11099999999988,5.124399999999582,1,EXIT_PROFIT_TARGET_MET
2025-01-02 09:40:00,-67.14180000000033,4.331300000000965,1,EXIT_PROFIT_TARGET_MET
2025-01-02 09:45:00,-67.22659999999996,2.147700000001464,1,EXIT_PROFIT_TARGET_MET
2025-01-02 09:50:00,-67.22659999999996,2.147700000001464,1,EXIT_PROFIT_TARGET_MET
2025-01-02 09:55:00,-67.22659999999996,2.147700000001464,1,EXIT_PROFIT_TARGET_MET
2025-01-02 10:00:00,-67.23700000000008,36.96310749999955,1,EXIT_PROFIT_TARGET_MET
2025-01-02 10:05:00,-67.23720000000048,35.46382250000073,1,EXIT_PROFIT_TARGET_MET
2025-01-02 10:10:00,-67.15300000000025,32.86847124999929,1,EXIT_PROFIT_TARGET_MET
2025-01-02 10:15:00,-67.21879999999965,14.760475000000042,1,EXIT_PROFIT_TARGET_MET
2025-01-02 10:20:00,-67.64999999999964,4.386778750000218,1,EXIT_PROFIT_TARGET_MET
2025-01-02 10:25:00,-67.70820000000003,11.816016874999605,1,EXIT_PROFIT_TARGET_MET
2025-01-02 10:30:00,-67.76360000000022,0.04285375000137037,1,EXIT_PROFIT_TARGET_MET
2025-01-02 10:35:00,-67.8761999999997,0.00048360605120659314,1,EXIT_PROFIT_TARGET_MET
2025-01-02 10:40:00,-67.89699999999993,0.000603447241783152,1,EXIT_PROFIT_TARGET_MET
2025-01-02 10:45:00,-67.9395999999997,0.0005960949802399422,1,EXIT_PROFIT_TARGET_MET
2025-01-02 10:50:00,-67.95439999999962,0.000357169237136915,1,EXIT_PROFIT_TARGET_MET
2025-01-02 10:55:00,-67.95439999999962,-288.26898296875044,-1,HOLD
2025-01-02 11:00:00,-67.97320000000036,-282.2890445312471,-1,HOLD
2025-01-02 11:05:00,-68.05360000000019,-73.68215500000008,-1,HOLD
2025-01-02 11:10:00,-68.02599999999984,-75.12895499999956,-1,HOLD
2025-01-02 11:15:00,-67.92240000000038,-89.25180000000023,-1,HOLD
2025-01-02 11:20:00,-67.90539999999964,-88.40904999999975,-1,HOLD
2025-01-02 11:25:00,-67.89699999999993,-87.97775000000001,-1,HOLD
2025-01-02 11:30:00,-67.64000000000033,-93.12000000000035,-1,HOLD
2025-01-02 11:35:00,-67.7475999999997,-92.6456999999998,-1,NO_VALID_ACTION_DEFENSIVE_AVG
2025-01-02 11:40:00,-67.7475999999997,-90.6156999999996,-1,NO_VALID_ACTION_DEFENSIVE_AVG
2025-01-02 11:45:00,-67.73700000000008,-90.66775000000007,-1,NO_VALID_ACTION_DEFENSIVE_AVG
2025-01-02 11:50:00,-67.71600000000035,-90.82200000000012,-1,HOLD
2025-01-02 11:55:00,-67.64660000000003,-93.98995000000014,-1,NO_VALID_ACTION_DEFENSIVE_AVG
2025-01-02 12:00:00,-67.64660000000003,-93.98995000000014,-1,HOLD
2025-01-02 12:05:00,-67.76680000000033,-91.07510000000025,-1,HOLD
2025-01-02 12:10:00,-67.76019999999971,-96.86514999999963,-1,NO_VALID_ACTION_DEFENSIVE_AVG
2025-01-02 12:15:00,-67.6844000000001,-101.65330000000017,-1,NO_VALID_ACTION_DEFENSIVE_AVG
2025-01-02 12:20:00,-67.6844000000001,-97.83330000000024,-1,NO_VALID_ACTION_DEFENSIVE_AVG
2025-01-02 12:25:00,-67.8076000000001,-101.23569999999995,-1,NO_VALID_ACTION_DEFENSIVE_AVG
2025-01-02 12:30:00,-67.75799999999981,-100.19349999999986,-1,NO_VALID_ACTION_DEFENSIVE_AVG
2025-01-02 12:35:00,-67.65959999999995,-103.71969999999988,-1,NO_VALID_ACTION_DEFENSIVE_AVG
2025-01-02 12:40:00,-67.73160000000007,-101.84870000000001,-1,NO_VALID_ACTION_DEFENSIVE_AVG
2025-01-02 12:45:00,-67.88780000000042,-96.91085000000044,-1,NO_VALID_ACTION_DEFENSIVE_AVG
2025-01-02 12:50:00,-67.8090000000002,-97.85175000000027,-1,NO_VALID_ACTION_DEFENSIVE_AVG
2025-01-02 12:55:00,-67.89379999999983,-94.70034999999984,-1,NO_VALID_ACTION_DEFENSIVE_AVG
2025-01-02 13:00:00,-67.99080000000049,-80.33505500000024,-1,NO_VALID_ACTION_DEFENSIVE_AVG
2025-01-02 13:05:00,-67.80799999999999,-98.63599999999997,-1,NO_VALID_ACTION_DEFENSIVE_AVG
2025-01-02 13:10:00,-67.80799999999999,-103.28600000000006,-1,NO_VALID_ACTION_DEFENSIVE_AVG
2025-01-02 13:15:00,-67.8082000000004,-104.06615000000033,-1,NO_VALID_ACTION_DEFENSIVE_AVG
2025-01-02 13:20:00,-67.89199999999983,-106.6139999999998,-1,NO_VALID_ACTION_DEFENSIVE_AVG
2025-01-02 13:25:00,-67.97360000000026,-86.6071550000006,-1,NO_VALID_ACTION_DEFENSIVE_AVG
2025-01-02 13:30:00,-67.97360000000026,0.002576400337220376,1,EXIT_PROFIT_TARGET_MET
2025-01-02 13:35:00,-67.97360000000026,-448.0217992187488,-1,NO_VALID_ACTION_DEFENSIVE_AVG
2025-01-02 13:40:00,-67.86440000000039,-335.9788096874985,-1,NO_VALID_ACTION_DEFENSIVE_AVG
2025-01-02 13:45:00,-67.8742000000002,-115.52565000000004,-1,NO_VALID_ACTION_DEFENSIVE_AVG
2025-01-02 13:50:00,-67.90179999999964,-116.05634999999961,-1,NO_VALID_ACTION_DEFENSIVE_AVG
2025-01-02 13:55:00,-67.78679999999986,-118.41509999999971,-1,NO_VALID_ACTION_DEFENSIVE_AVG
2025-01-02 14:00:00,-67.83359999999993,-119.4652000000001,-1,NO_VALID_ACTION_DEFENSIVE_AVG
2025-01-02 14:05:00,-67.84619999999995,-117.52964999999995,-1,NO_VALID_ACTION_DEFENSIVE_AVG
2025-01-02 14:10:00,-67.83079999999973,-120.97809999999981,-1,NO_VALID_ACTION_DEFENSIVE_AVG
2025-01-02 14:15:00,-67.92659999999978,-116.88994999999977,-1,NO_VALID_ACTION_DEFENSIVE_AVG
2025-01-02 14:20:00,-67.78880000000026,-123.40660000000025,-1,NO_VALID_ACTION_DEFENSIVE_AVG
2025-01-02 14:25:00,-67.77160000000003,-123.25870000000009,-1,NO_VALID_ACTION_DEFENSIVE_AVG
2025-01-02 14:30:00,-67.9435999999996,1.4872806249982204,1,EXIT_PROFIT_TARGET_MET
2025-01-02 14:35:00,-68.26180000000022,2.235905752410527,1,EXIT_PROFIT_TARGET_MET
2025-01-02 14:40:00,-68.44779999999992,0.04645874542240655,1,EXIT_PROFIT_TARGET_MET
2025-01-02 14:45:00,-68.46600000000035,2.4020932113647557,1,EXIT_PROFIT_TARGET_MET
2025-01-02 14:50:00,-68.41899999999987,1.609154470214834,1,EXIT_PROFIT_TARGET_MET
2025-01-02 14:55:00,-68.32359999999971,3.205761916504025,1,EXIT_PROFIT_TARGET_MET
2025-01-02 15:00:00,-68.21100000000024,0.7167328515619817,1,EXIT_PROFIT_TARGET_MET
2025-01-02 15:05:00,-68.14000000000033,0.4669864453124495,1,EXIT_PROFIT_TARGET_MET
2025-01-02 15:10:00,-68.1264000000001,7.065475117187194,1,EXIT_PROFIT_TARGET_MET
2025-01-02 15:15:00,-68.1264000000001,13.589580078125309,1,EXIT_PROFIT_TARGET_MET
2025-01-02 15:20:00,-68.1264000000001,-913.3144528906109,-1,NO_VALID_ACTION_DEFENSIVE_AVG
2025-01-02 15:25:00,-68.29420000000027,-953.4129619531175,-1,NO_VALID_ACTION_DEFENSIVE_AVG
2025-01-02 15:30:00,-68.34360000000015,-890.6370788281197,-1,NO_VALID_ACTION_DEFENSIVE_AVG
2025-01-02 15:35:00,-68.30000000000018,-633.0521042187543,-1,NO_VALID_ACTION_DEFENSIVE_AVG
2025-01-02 15:40:00,-68.38799999999992,10.395452499999209,1,EXIT_PROFIT_TARGET_MET
2025-01-02 15:45:00,-68.34659999999985,20.16759999999863,1,EXIT_PROFIT_TARGET_MET
2025-01-02 15:50:00,-68.20039999999972,35.76267874999874,1,EXIT_PROFIT_TARGET_MET
2025-01-02 15:55:00,-68.19999999999982,19.937545000000085,1,EXIT_PROFIT_TARGET_MET
2025-01-02 16:00:00,-68.32359999999971,25.08518250000145,1,EXIT_PROFIT_TARGET_MET
2025-01-02 16:05:00,-68.32319999999982,8.45625625000082,1,EXIT_PROFIT_TARGET_MET
2025-01-02 16:10:00,-68.32319999999982,2.7467750000021454,1,EXIT_PROFIT_TARGET_MET
2025-01-02 16:15:00,-68.08079999999973,0.15188776306154844,1,EXIT_PROFIT_TARGET_MET
2025-01-02 16:20:00,-68.10580000000027,0.21514452636717188,1,EXIT_PROFIT_TARGET_MET
2025-01-02 16:25:00,-68.10680000000048,3.755629528314123e-08,1,EXIT_PROFIT_TARGET_MET
2025-01-02 16:30:00,-68.14519999999993,0.059936015624995065,1,EXIT_PROFIT_TARGET_MET
2025-01-02 16:35:00,-68.14519999999993,0.2627018457031227,1,EXIT_PROFIT_TARGET_MET
2025-01-02 16:40:00,-68.14639999999963,0.6578410839843454,1,EXIT_PROFIT_TARGET_MET
2025-01-02 16:45:00,-68.22440000000006,1.569114189453244,1,EXIT_PROFIT_TARGET_MET
2025-01-02 16:50:00,-68.13500000000022,0.0022312280273436534,1,EXIT_PROFIT_TARGET_MET
2025-01-02 16:55:00,-68.13500000000022,-885.9759289843716,-1,HOLD
2025-01-02 17:00:00,-68.20380000000023,0.6648179296874954,1,EXIT_PROFIT_TARGET_MET
2025-01-02 17:05:00,-68.21699999999964,0.6569546484375102,1,EXIT_PROFIT_TARGET_MET
2025-01-02 17:10:00,-68.27340000000004,0.05582060668945191,1,EXIT_PROFIT_TARGET_MET
2025-01-02 17:15:00,-68.31880000000001,0.01534295806884757,1,EXIT_PROFIT_TARGET_MET
2025-01-02 17:20:00,-68.36419999999998,0.014497804260253856,1,EXIT_PROFIT_TARGET_MET
2025-01-02 17:25:00,-68.37039999999979,0.014382386779785407,1,EXIT_PROFIT_TARGET_MET
2025-01-02 17:30:00,-68.39500000000044,0.013924440002441536,1,EXIT_PROFIT_TARGET_MET
2025-01-02 17:35:00,-68.40920000000006,0.0022528169250489102,1,EXIT_PROFIT_TARGET_MET
2025-01-02 17:40:00,-68.40920000000006,0.0022528169250489102,1,EXIT_PROFIT_TARGET_MET
2025-01-02 17:45:00,-68.40920000000006,0.0022528169250489102,1,EXIT_PROFIT_TARGET_MET
2025-01-02 17:50:00,-68.40920000000006,-1016.9030971874972,-1,HOLD
2025-01-02 17:55:00,-68.34140000000025,-690.0714860937496,-1,HOLD
2025-01-02 18:00:00,-68.47559999999976,-926.5826162890676,-1,HOLD
2025-01-02 18:05:00,-68.46339999999964,-942.5548139453103,-1,HOLD
2025-01-02 18:10:00,-68.60680000000048,8.14659312499974,1,EXIT_PROFIT_TARGET_MET
2025-01-02 18:15:00,-68.60840000000007,6.392700625000085,1,EXIT_PROFIT_TARGET_MET
2025-01-02 18:20:00,-68.4967999999999,0.5232550000000487,1,EXIT_PROFIT_TARGET_MET
2025-01-02 18:25:00,-68.42339999999967,1.222848750000182,1,EXIT_PROFIT_TARGET_MET
2025-01-02 18:30:00,-68.34000000000015,2.0177550000000792,1,EXIT_PROFIT_TARGET_MET
2025-01-02 18:35:00,-68.42740000000049,1.1847237499997902,1,EXIT_PROFIT_TARGET_MET
2025-01-02 18:40:00,-68.42740000000049,1.1847237499997902,1,EXIT_PROFIT_TARGET_MET
2025-01-02 18:45:00,-68.42740000000049,1.1847237499997902,1,EXIT_PROFIT_TARGET_MET
2025-01-02 18:50:00,-68.52120000000014,0.290692499999885,1,EXIT_PROFIT_TARGET_MET
2025-01-02 18:55:00,-68.77400000000034,4.558163125000128,1,EXIT_PROFIT_TARGET_MET
2025-01-02 19:00:00,-68.75460000000021,4.773078750000167,1,EXIT_PROFIT_TARGET_MET
2025-01-02 19:05:00,-68.72339999999986,5.11871624999997,1,EXIT_PROFIT_TARGET_MET
2025-01-02 19:10:00,-68.72360000000026,5.116500624999766,1,EXIT_PROFIT_TARGET_MET
2025-01-02 19:15:00,-68.86660000000029,3.53232874999982,1,EXIT_PROFIT_TARGET_MET
2025-01-02 19:20:00,-68.86660000000029,3.53232874999982,1,EXIT_PROFIT_TARGET_MET
2025-01-02 19:25:00,-68.84000000000015,3.827006874999821,1,EXIT_PROFIT_TARGET_MET
2025-01-02 19:30:00,-68.90080000000034,3.153456874999865,1,EXIT_PROFIT_TARGET_MET
2025-01-02 19:35:00,-68.85840000000007,3.623169375000355,1,EXIT_PROFIT_TARGET_MET
2025-01-02 19:40:00,-68.85840000000007,3.623169375000355,1,EXIT_PROFIT_TARGET_MET
2025-01-02 19:45:00,-68.89639999999963,3.202200624999879,1,EXIT_PROFIT_TARGET_MET
2025-01-02 19:50:00,-68.95179999999982,2.588472500000094,1,EXIT_PROFIT_TARGET_MET
2025-01-02 19:55:00,-69.34680000000026,0.003118656921387443,1,EXIT_PROFIT_TARGET_MET
2025-01-02 20:00:00,-69.25579999999991,0.0010594375610354697,1,EXIT_PROFIT_TARGET_MET
2025-01-02 20:05:00,-69.25600000000031,0.0010639633178716225,1,EXIT_PROFIT_TARGET_MET
2025-01-02 20:10:00,-69.25600000000031,0.0010639633178716225,1,EXIT_PROFIT_TARGET_MET
2025-01-02 20:15:00,-69.24279999999999,0.0007652633666994334,1,EXIT_PROFIT_TARGET_MET
2025-01-02 20:20:00,-69.40800000000036,0.004503538513183672,1,EXIT_PROFIT_TARGET_MET
2025-01-02 20:25:00,-69.47059999999965,0.005920100402832487,1,EXIT_PROFIT_TARGET_MET
2025-01-02 20:30:00,-69.47239999999965,0.00596083221435552,1,EXIT_PROFIT_TARGET_MET
2025-01-02 20:35:00,-69.47339999999986,0.00598346099853566,1,EXIT_PROFIT_TARGET_MET
2025-01-02 20:40:00,-69.47339999999986,0.00598346099853566,1,EXIT_PROFIT_TARGET_MET
2025-01-02 20:45:00,-69.47339999999986,0.00598346099853566,1,EXIT_PROFIT_TARGET_MET
2025-01-02 20:50:00,-69.3698000000004,0.003639118957519597,1,EXIT_PROFIT_TARGET_MET
2025-01-02 20:55:00,-69.44000000000051,0.005227659606933896,1,EXIT_PROFIT_TARGET_MET
2025-01-02 21:00:00,-69.40560000000005,0.00444922943115254,1,EXIT_PROFIT_TARGET_MET
2025-01-02 21:05:00,-69.40560000000005,0.00444922943115254,1,EXIT_PROFIT_TARGET_MET
2025-01-02 21:10:00,-69.40560000000005,0.00444922943115254,1,EXIT_PROFIT_TARGET_MET
2025-01-02 21:15:00,-69.3116,0.002322123718261647,1,EXIT_PROFIT_TARGET_MET
2025-01-02 21:20:00,-69.3116,0.002322123718261647,1,EXIT_PROFIT_TARGET_MET
2025-01-02 21:25:00,-69.32759999999962,0.002684184265137602,1,EXIT_PROFIT_TARGET_MET
2025-01-02 21:30:00,-69.39019999999982,0.004100746154785324,1,EXIT_PROFIT_TARGET_MET
2025-01-02 21:35:00,-69.40560000000005,0.00444922943115254,1,EXIT_PROFIT_TARGET_MET
2025-01-02 21:40:00,-69.40499999999975,0.004435652160644846,1,EXIT_PROFIT_TARGET_MET
2025-01-02 21:45:00,-69.47220000000016,0.0059563064575197736,1,EXIT_PROFIT_TARGET_MET
2025-01-02 21:50:00,-69.38940000000002,0.004082643127441478,1,EXIT_PROFIT_TARGET_MET
2025-01-02 21:55:00,-69.41079999999965,0.004566899108886892,1,EXIT_PROFIT_TARGET_MET
2025-01-02 22:00:00,-69.4966000000004,0.00650844879150406,1,EXIT_PROFIT_TARGET_MET
2025-01-02 22:05:00,-69.4967999999999,0.006512974548339807,1,EXIT_PROFIT_TARGET_MET
2025-01-02 22:10:00,-69.57380000000012,0.009494934692380441,1,EXIT_PROFIT_TARGET_MET
2025-01-02 22:15:00,-69.57359999999971,0.009478064575195608,1,EXIT_PROFIT_TARGET_MET
2025-01-02 22:20:00,-69.4985999999999,0.00655370635986334,1,EXIT_PROFIT_TARGET_MET
2025-01-02 22:25:00,-69.53380000000016,0.007350239562988543,1,EXIT_PROFIT_TARGET_MET
2025-01-02 22:30:00,-69.39779999999973,0.004272724914550809,1,EXIT_PROFIT_TARGET_MET
2025-01-02 22:35:00,-69.39779999999973,0.004272724914550809,1,EXIT_PROFIT_TARGET_MET
2025-01-02 22:40:00,-69.39779999999973,0.004272724914550809,1,EXIT_PROFIT_TARGET_MET
2025-01-02 22:45:00,-69.59960000000046,0.011671179809569679,1,EXIT_PROFIT_TARGET_MET
2025-01-02 22:50:00,-69.53060000000005,0.00727782745361347,1,EXIT_PROFIT_TARGET_MET
2025-01-02 22:55:00,-69.53060000000005,0.00727782745361347,1,EXIT_PROFIT_TARGET_MET
2025-01-02 23:00:00,-69.55540000000019,0.007942883911130835,1,EXIT_PROFIT_TARGET_MET
2025-01-02 23:05:00,-69.55540000000019,0.007942883911130835,1,EXIT_PROFIT_TARGET_MET
2025-01-02 23:10:00,-69.40999999999985,0.004548796081543452,1,EXIT_PROFIT_TARGET_MET
2025-01-02 23:15:00,-69.35120000000006,0.0032182235717774024,1,EXIT_PROFIT_TARGET_MET
2025-01-02 23:20:00,-69.28740000000016,0.0017745071411137004,1,EXIT_PROFIT_TARGET_MET
2025-01-02 23:25:00,-69.28740000000016,0.0017745071411137004,1,EXIT_PROFIT_TARGET_MET
2025-01-02 23:30:00,-69.48279999999977,0.0061961715698246305,1,EXIT_PROFIT_TARGET_MET
2025-01-02 23:35:00,-69.41920000000027,0.004756980895996223,1,EXIT_PROFIT_TARGET_MET
2025-01-02 23:40:00,-69.40620000000035,0.004462806701660233,1,EXIT_PROFIT_TARGET_MET
2025-01-02 23:45:00,-69.21860000000015,0.00021764678955098725,1,EXIT_PROFIT_TARGET_MET
2025-01-02 23:50:00,-69.2456000000002,0.0008286239624025592,1,EXIT_PROFIT_TARGET_MET
2025-01-02 23:55:00,-69.2456000000002,0.0008286239624025592,1,EXIT_PROFIT_TARGET_MET
2025-01-03 00:00:00,-68.91880000000037,2.954050625000008,1,EXIT_PROFIT_TARGET_MET
2025-01-03 00:05:00,-69.13519999999971,0.5567443750000365,1,EXIT_PROFIT_TARGET_MET
2025-01-03 00:10:00,-69.18239999999969,0.033856875000019215,1,EXIT_PROFIT_TARGET_MET
2025-01-03 00:15:00,-69.17339999999967,0.13355999999977186,1,EXIT_PROFIT_TARGET_MET
2025-01-03 00:20:00,-69.17339999999967,0.13355999999977186,1,EXIT_PROFIT_TARGET_MET
2025-01-03 00:25:00,-69.22500000000036,0.0003624710083010383,1,EXIT_PROFIT_TARGET_MET
2025-01-03 00:30:00,-69.67759999999998,0.01940271545410102,1,EXIT_PROFIT_TARGET_MET
2025-01-03 00:35:00,-69.42780000000039,0.0037802380371088073,1,EXIT_PROFIT_TARGET_MET
2025-01-03 00:40:00,-69.63320000000022,0.10841382324219012,1,EXIT_PROFIT_TARGET_MET
2025-01-03 00:45:00,-69.78859999999986,-229.1127578124972,-1,HOLD
2025-01-03 00:50:00,-69.89339999999993,0.04981550659179462,1,EXIT_PROFIT_TARGET_MET
2025-01-03 00:55:00,-69.8742000000002,0.13039662597656432,1,EXIT_PROFIT_TARGET_MET
2025-01-03 01:00:00,-69.70160000000033,0.33197010742185395,1,EXIT_PROFIT_TARGET_MET
2025-01-03 01:05:00,-69.67519999999968,0.31415526367188107,1,EXIT_PROFIT_TARGET_MET
2025-01-03 01:10:00,-69.6274000000003,0.2818995996093716,1,EXIT_PROFIT_TARGET_MET
2025-01-03 01:15:00,-69.6235999999999,0.27933534179687525,1,EXIT_PROFIT_TARGET_MET
2025-01-03 01:20:00,-69.29259999999977,0.055974990234367694,1,EXIT_PROFIT_TARGET_MET
2025-01-03 01:25:00,-69.35360000000037,0.09713807617187009,1,EXIT_PROFIT_TARGET_MET
2025-01-03 01:30:00,-69.21299999999974,0.0022605371093827875,1,EXIT_PROFIT_TARGET_MET
2025-01-03 01:35:00,-69.22640000000047,0.011302919921867383,1,EXIT_PROFIT_TARGET_MET
2025-01-03 01:40:00,-69.17699999999968,0.13271300292969251,1,EXIT_PROFIT_TARGET_MET
2025-01-03 01:45:00,-69.26900000000023,0.04004959960937893,1,EXIT_PROFIT_TARGET_MET
2025-01-03 01:50:00,-69.19999999999982,0.1493677880859534,1,EXIT_PROFIT_TARGET_MET
2025-01-03 01:55:00,-69.19999999999982,0.1493677880859534,1,EXIT_PROFIT_TARGET_MET
2025-01-03 02:00:00,-69.0652,0.051756264648468775,1,EXIT_PROFIT_TARGET_MET
2025-01-03 02:05:00,-69.15980000000036,0.13200243652343346,1,EXIT_PROFIT_TARGET_MET
2025-01-03 02:10:00,-69.38720000000012,1.110938359374982,1,EXIT_PROFIT_TARGET_MET
2025-01-03 02:15:00,-69.43239999999969,2.314471210937713,1,EXIT_PROFIT_TARGET_MET
2025-01-03 02:20:00,-69.55699999999979,1.2938602734373559,1,EXIT_PROFIT_TARGET_MET
2025-01-03 02:25:00,-69.66480000000047,6.6579252734368515,1,EXIT_PROFIT_TARGET_MET
2025-01-03 02:30:00,-69.58640000000014,7.608195664061874,1,EXIT_PROFIT_TARGET_MET
2025-01-03 02:35:00,-69.73599999999988,17.045473906250557,1,EXIT_PROFIT_TARGET_MET
2025-01-03 02:40:00,-69.67140000000018,8.305217187499572,1,EXIT_PROFIT_TARGET_MET
2025-01-03 02:45:00,-69.66399999999976,2.0553287500007116,1,EXIT_PROFIT_TARGET_MET
2025-01-03 02:50:00,-69.45120000000043,23.966722812499818,1,EXIT_PROFIT_TARGET_MET
2025-01-03 02:55:00,-69.42399999999998,7.271109374999881,1,EXIT_PROFIT_TARGET_MET
2025-01-03 03:00:00,-69.40400000000045,0.12345875000079332,1,EXIT_PROFIT_TARGET_MET
2025-01-03 03:05:00,-69.39419999999973,3.174911249999724,1,EXIT_PROFIT_TARGET_MET
2025-01-03 03:10:00,-69.39419999999973,8.94698906249942,1,EXIT_PROFIT_TARGET_MET
2025-01-03 03:15:00,-69.51940000000013,11.015911249998702,1,EXIT_PROFIT_TARGET_MET
2025-01-03 03:20:00,-69.40719999999965,5.816142499999245,1,EXIT_PROFIT_TARGET_MET
2025-01-03 03:25:00,-69.3072000000002,1.1817674999991539,1,EXIT_PROFIT_TARGET_MET
2025-01-03 03:30:00,-69.03179999999975,28.863840937501784,1,EXIT_PROFIT_TARGET_MET
2025-01-03 03:35:00,-68.8753999999999,21.245450312498022,1,EXIT_PROFIT_TARGET_MET
2025-01-03 03:40:00,-68.94000000000051,24.392176874999038,1,EXIT_PROFIT_TARGET_MET
2025-01-03 03:45:00,-68.76419999999962,15.828794062499465,1,EXIT_PROFIT_TARGET_MET
2025-01-03 03:50:00,-68.74359999999979,14.825348749998607,1,EXIT_PROFIT_TARGET_MET
2025-01-03 03:55:00,-69.01599999999962,28.094208125001142,1,EXIT_PROFIT_TARGET_MET
2025-01-03 04:00:00,-69.02480000000014,28.52286437500026,1,EXIT_PROFIT_TARGET_MET
2025-01-03 04:05:00,-69.1826000000001,36.20945031250095,1,EXIT_PROFIT_TARGET_MET
2025-01-03 04:10:00,-69.05519999999979,30.003676875001098,1,EXIT_PROFIT_TARGET_MET
2025-01-03 04:15:00,-69.10739999999987,32.54638781250016,1,EXIT_PROFIT_TARGET_MET
2025-01-03 04:20:00,-69.1877999999997,36.46274718749874,1,EXIT_PROFIT_TARGET_MET
2025-01-03 04:25:00,-69.1194000000005,33.13091906249993,1,EXIT_PROFIT_TARGET_MET
2025-01-03 04:30:00,-69.02340000000004,28.45466906249873,1,EXIT_PROFIT_TARGET_MET
2025-01-03 04:35:00,-69.07740000000013,31.08505968749998,1,EXIT_PROFIT_TARGET_MET
2025-01-03 04:40:00,-69.1246000000001,33.384215937499256,1,EXIT_PROFIT_TARGET_MET
2025-01-03 04:45:00,-69.15099999999984,34.67018468749968,1,EXIT_PROFIT_TARGET_MET
2025-01-03 04:50:00,-69.1818000000003,36.170481562501166,1,EXIT_PROFIT_TARGET_MET
2025-01-03 04:55:00,-69.3076000000001,1.2003050000013147,1,EXIT_PROFIT_TARGET_MET
2025-01-03 05:00:00,-69.33719999999994,2.5720799999992963,1,EXIT_PROFIT_TARGET_MET
2025-01-03 05:05:00,-69.39440000000013,5.222942499998204,1,EXIT_PROFIT_TARGET_MET
2025-01-03 05:10:00,-69.41259999999966,6.066398749999671,1,EXIT_PROFIT_TARGET_MET
2025-01-03 05:15:00,-69.41259999999966,6.066398749999671,1,EXIT_PROFIT_TARGET_MET
2025-01-03 05:20:00,-69.42360000000008,6.5761799999985655,1,EXIT_PROFIT_TARGET_MET
2025-01-03 05:25:00,-69.40239999999994,5.5936924999990225,1,EXIT_PROFIT_TARGET_MET
2025-01-03 05:30:00,-69.3141999999998,1.506173750000677,1,EXIT_PROFIT_TARGET_MET
2025-01-03 05:35:00,-69.19660000000022,36.89140343749939,1,EXIT_PROFIT_TARGET_MET
2025-01-03 05:40:00,-69.19660000000022,36.89140343749939,1,EXIT_PROFIT_TARGET_MET
2025-01-03 05:45:00,-69.27700000000004,38.606553437499855,1,EXIT_PROFIT_TARGET_MET
2025-01-03 05:50:00,-69.27700000000004,38.606553437499855,1,EXIT_PROFIT_TARGET_MET
2025-01-03 05:55:00,-69.23739999999998,22.75215562500081,1,EXIT_PROFIT_TARGET_MET
2025-01-03 06:00:00,-69.3714,28.962218125000014,1,EXIT_PROFIT_TARGET_MET
2025-01-03 06:05:00,-69.32020000000011,26.5894181250018,1,EXIT_PROFIT_TARGET_MET
2025-01-03 06:10:00,-69.33100000000013,27.08993062499958,1,EXIT_PROFIT_TARGET_MET
2025-01-03 06:15:00,-69.3735999999999,29.064174375001315,1,EXIT_PROFIT_TARGET_MET
2025-01-03 06:20:00,-69.46720000000005,33.40194937500162,1,EXIT_PROFIT_TARGET_MET
2025-01-03 06:25:00,-69.44620000000032,26.954948750001492,1,EXIT_PROFIT_TARGET_MET
2025-01-03 06:30:00,-69.35360000000037,3.5147837499996513,1,EXIT_PROFIT_TARGET_MET
2025-01-03 06:35:00,-69.13739999999962,0.8859699609362846,1,EXIT_PROFIT_TARGET_MET
2025-01-03 06:40:00,-69.16920000000027,2.447523867185587,1,EXIT_PROFIT_TARGET_MET
2025-01-03 06:45:00,-69.21380000000045,4.637627773437508,1,EXIT_PROFIT_TARGET_MET
2025-01-03 06:50:00,-69.16120000000046,2.05468011718626,1,EXIT_PROFIT_TARGET_MET
2025-01-03 06:55:00,-69.15580000000045,1.7895105859358207,1,EXIT_PROFIT_TARGET_MET
2025-01-03 07:00:00,-69.01620000000003,0.004106436767577701,1,EXIT_PROFIT_TARGET_MET
2025-01-03 07:05:00,-68.90819999999985,0.010260535888672206,1,EXIT_PROFIT_TARGET_MET
2025-01-03 07:10:00,-68.96720000000005,0.044882614746095395,1,EXIT_PROFIT_TARGET_MET
2025-01-03 07:15:00,-68.99579999999969,0.2870147631835963,1,EXIT_PROFIT_TARGET_MET
2025-01-03 07:20:00,-69.03499999999985,0.17280773437498742,1,EXIT_PROFIT_TARGET_MET
2025-01-03 07:25:00,-69.08740000000034,0.8923914843750018,1,EXIT_PROFIT_TARGET_MET
2025-01-03 07:30:00,-68.96339999999964,1.836509023437534,1,EXIT_PROFIT_TARGET_MET
2025-01-03 07:35:00,-68.96339999999964,1.836509023437534,1,EXIT_PROFIT_TARGET_MET
2025-01-03 07:40:00,-69.00659999999971,0.3840894531251129,1,EXIT_PROFIT_TARGET_MET
2025-01-03 07:45:00,-69.00659999999971,0.3840894531251129,1,EXIT_PROFIT_TARGET_MET
2025-01-03 07:50:00,-69.03600000000006,0.22124101562508258,1,EXIT_PROFIT_TARGET_MET
2025-01-03 07:55:00,-69.03600000000006,0.22124101562508258,1,EXIT_PROFIT_TARGET_MET
2025-01-03 08:00:00,-69.03600000000006,0.22124101562508258,1,EXIT_PROFIT_TARGET_MET
2025-01-03 08:05:00,-69.0069999999996,0.38187382812508464,1,EXIT_PROFIT_TARGET_MET
2025-01-03 08:10:00,-68.92699999999968,0.8249988281251399,1,EXIT_PROFIT_TARGET_MET
2025-01-03 08:15:00,-68.84580000000005,1.2747707031250881,1,EXIT_PROFIT_TARGET_MET
2025-01-03 08:20:00,-68.53200000000015,3.012928515625063,1,EXIT_PROFIT_TARGET_MET
2025-01-03 08:25:00,-68.73720000000048,1.8763128906249653,1,EXIT_PROFIT_TARGET_MET
2025-01-03 08:30:00,-68.78139999999985,1.6314863281250487,1,EXIT_PROFIT_TARGET_MET
2025-01-03 08:35:00,-68.78139999999985,2.0142701562498235,1,EXIT_PROFIT_TARGET_MET
2025-01-03 08:40:00,-68.82440000000042,4.668220624999723,1,EXIT_PROFIT_TARGET_MET
2025-01-03 08:45:00,-68.83560000000034,13.22662031249925,1,EXIT_PROFIT_TARGET_MET
2025-01-03 08:50:00,-68.82120000000032,26.235572500000615,1,EXIT_PROFIT_TARGET_MET
2025-01-03 08:55:00,-68.85680000000048,5.105031249998348,1,EXIT_PROFIT_TARGET_MET
2025-01-03 09:00:00,-68.8728000000001,3.979716249999143,1,EXIT_PROFIT_TARGET_MET
2025-01-03 09:05:00,-68.8728000000001,24.13140812499961,1,EXIT_PROFIT_TARGET_MET
2025-01-03 09:10:00,-68.79640000000018,21.642831249999432,1,EXIT_PROFIT_TARGET_MET
2025-01-03 09:15:00,-68.9332000000004,16.4273312499987,1,EXIT_PROFIT_TARGET_MET
2025-01-03 09:20:00,-68.96320000000014,11.644986250000954,1,EXIT_PROFIT_TARGET_MET
2025-01-03 09:25:00,-68.99420000000009,42.764937500000315,1,EXIT_PROFIT_TARGET_MET
2025-01-03 09:30:00,-69.08380000000034,12.833851875000967,1,EXIT_PROFIT_TARGET_MET
2025-01-03 09:35:00,-69.02540000000045,1.7779174999992904,1,EXIT_PROFIT_TARGET_MET
2025-01-03 09:40:00,-69.02540000000045,1.7779174999992904,1,EXIT_PROFIT_TARGET_MET
2025-01-03 09:45:00,-68.99179999999978,3.0589175000016553,1,EXIT_PROFIT_TARGET_MET
2025-01-03 09:50:00,-69.0612000000001,0.4130424999996194,1,EXIT_PROFIT_TARGET_MET
2025-01-03 09:55:00,-69.08359999999993,12.843333125000157,1,EXIT_PROFIT_TARGET_MET
2025-01-03 10:00:00,-69.13500000000022,10.406651874997792,1,EXIT_PROFIT_TARGET_MET
2025-01-03 10:05:00,-69.10760000000028,11.705583125000821,1,EXIT_PROFIT_TARGET_MET
2025-01-03 10:10:00,-69.05280000000039,0.7332925000009141,1,EXIT_PROFIT_TARGET_MET
2025-01-03 10:15:00,-68.96979999999985,3.897667499999528,1,EXIT_PROFIT_TARGET_MET
2025-01-03 10:20:00,-69.01460000000043,2.189667499999274,1,EXIT_PROFIT_TARGET_MET
2025-01-03 10:25:00,-69.24380000000019,5.248851874997911,1,EXIT_PROFIT_TARGET_MET
2025-01-03 10:30:00,-69.18299999999999,8.131151874999183,1,EXIT_PROFIT_TARGET_MET
2025-01-03 10:35:00,-69.17680000000018,8.425070624998256,1,EXIT_PROFIT_TARGET_MET
2025-01-03 10:40:00,-69.05879999999979,0.5045425000011221,1,EXIT_PROFIT_TARGET_MET
2025-01-03 10:45:00,-69.0568000000003,0.5807924999996033,1,EXIT_PROFIT_TARGET_MET
2025-01-03 10:50:00,-68.95060000000012,4.629667499999016,1,EXIT_PROFIT_TARGET_MET
2025-01-03 10:55:00,-69.0,2.7462924999994414,1,EXIT_PROFIT_TARGET_MET
2025-01-03 11:00:00,-68.9988000000003,2.7920424999992974,1,EXIT_PROFIT_TARGET_MET
2025-01-03 11:05:00,-68.98760000000038,3.2190424999974425,1,EXIT_PROFIT_TARGET_MET
2025-01-03 11:10:00,-69.0,2.7462924999994414,1,EXIT_PROFIT_TARGET_MET
2025-01-03 11:15:00,-68.96339999999964,4.141667500000551,1,EXIT_PROFIT_TARGET_MET
2025-01-03 11:20:00,-69.0,2.7462924999994414,1,EXIT_PROFIT_TARGET_MET
2025-01-03 11:25:00,-69.09860000000026,12.132239374999813,1,EXIT_PROFIT_TARGET_MET
2025-01-03 11:30:00,-69.09240000000045,12.426158124998885,1,EXIT_PROFIT_TARGET_MET
2025-01-03 11:35:00,-68.97500000000036,3.6994174999993845,1,EXIT_PROFIT_TARGET_MET
2025-01-03 11:40:00,-69.05739999999969,0.5579175000018495,1,EXIT_PROFIT_TARGET_MET
2025-01-03 11:45:00,-69.1261999999997,10.823826874999128,1,EXIT_PROFIT_TARGET_MET
2025-01-03 11:50:00,-69.15499999999975,9.458526874999976,1,EXIT_PROFIT_TARGET_MET
2025-01-03 11:55:00,-69.28600000000006,3.248308124999866,1,EXIT_PROFIT_TARGET_MET
2025-01-03 12:00:00,-69.27700000000004,3.674964374998794,1,EXIT_PROFIT_TARGET_MET
2025-01-03 12:05:00,-69.33820000000014,0.7737018750006115,1,EXIT_PROFIT_TARGET_MET
2025-01-03 12:10:00,-69.36539999999968,1.4721565625014144,1,EXIT_PROFIT_TARGET_MET
2025-01-03 12:15:00,-69.48000000000047,20.640700581053768,1,EXIT_PROFIT_TARGET_MET
2025-01-03 12:20:00,-69.41840000000047,23.750011713867558,1,EXIT_PROFIT_TARGET_MET
2025-01-03 12:25:00,-69.51460000000043,18.894236860350873,1,EXIT_PROFIT_TARGET_MET
2025-01-03 12:30:00,-69.39919999999984,24.719147651368537,1,EXIT_PROFIT_TARGET_MET
2025-01-03 12:35:00,-69.38360000000011,19.149011982421108,1,EXIT_PROFIT_TARGET_MET
2025-01-03 12:40:00,-69.42740000000049,17.21494644531148,1,EXIT_PROFIT_TARGET_MET
2025-01-03 12:45:00,-69.32980000000043,1.981306171874146,1,EXIT_PROFIT_TARGET_MET
2025-01-03 12:50:00,-69.26580000000013,5.200931171873833,1,EXIT_PROFIT_TARGET_MET
2025-01-03 12:55:00,-69.20560000000023,13.103773203123964,1,EXIT_PROFIT_TARGET_MET
2025-01-03 13:00:00,-69.24319999999989,11.219513828125045,1,EXIT_PROFIT_TARGET_MET
2025-01-03 13:05:00,-69.26940000000013,9.906545859375049,1,EXIT_PROFIT_TARGET_MET
2025-01-03 13:10:00,-69.26940000000013,31.191470019531472,1,EXIT_PROFIT_TARGET_MET
2025-01-03 13:15:00,-69.26940000000013,0.34628703124970883,1,EXIT_PROFIT_TARGET_MET
2025-01-03 13:20:00,-69.17820000000029,4.399782812498273,1,EXIT_PROFIT_TARGET_MET
2025-01-03 13:25:00,-69.17820000000029,6.099046249999226,1,EXIT_PROFIT_TARGET_MET
2025-01-03 13:30:00,-69.29860000000008,32.97450374999874,1,EXIT_PROFIT_TARGET_MET
2025-01-03 13:35:00,-69.32759999999962,22.218863124998776,1,EXIT_PROFIT_TARGET_MET
2025-01-03 13:40:00,-69.32740000000013,11.297716250000434,1,EXIT_PROFIT_TARGET_MET
2025-01-03 13:45:00,-69.33780000000024,7.356892500001749,1,EXIT_PROFIT_TARGET_MET
2025-01-03 13:50:00,-69.46439999999984,16.677297499999497,1,EXIT_PROFIT_TARGET_MET
2025-01-03 13:55:00,-69.39519999999993,27.605016249999153,1,EXIT_PROFIT_TARGET_MET
2025-01-03 14:00:00,-69.35140000000047,50.52011125000041,1,EXIT_PROFIT_TARGET_MET
2025-01-03 14:05:00,-69.35140000000047,10.473976249999538,1,EXIT_PROFIT_TARGET_MET
2025-01-03 14:10:00,-69.35140000000047,5.2689974999991875,1,EXIT_PROFIT_TARGET_MET
2025-01-03 14:15:00,-69.35140000000047,14.855631249998709,1,EXIT_PROFIT_TARGET_MET
2025-01-03 14:20:00,-69.34019999999964,3.438338749999616,1,EXIT_PROFIT_TARGET_MET
2025-01-03 14:25:00,-69.30500000000029,16.405086874999185,1,EXIT_PROFIT_TARGET_MET
2025-01-03 14:30:00,-69.29079999999976,5.933053749998663,1,EXIT_PROFIT_TARGET_MET
2025-01-03 14:35:00,-69.26599999999962,18.72592437499965,1,EXIT_PROFIT_TARGET_MET
2025-01-03 14:40:00,-69.19440000000031,15.182180000000812,1,EXIT_PROFIT_TARGET_MET
2025-01-03 14:45:00,-69.2474000000002,34.64696124999914,1,EXIT_PROFIT_TARGET_MET
2025-01-03 14:50:00,-69.16200000000026,28.92449375000038,1,EXIT_PROFIT_TARGET_MET
2025-01-03 14:55:00,-69.22419999999966,15.763625000000559,1,EXIT_PROFIT_TARGET_MET
2025-01-03 15:00:00,-69.22419999999966,40.7445537500015,1,EXIT_PROFIT_TARGET_MET
2025-01-03 15:05:00,-69.08520000000044,51.47352249999801,1,EXIT_PROFIT_TARGET_MET
2025-01-03 15:10:00,-69.1243999999997,11.71051749999998,1,EXIT_PROFIT_TARGET_MET
2025-01-03 15:15:00,-69.15120000000024,24.59425249999947,1,EXIT_PROFIT_TARGET_MET
2025-01-03 15:20:00,-68.97779999999966,20.851510000000076,1,EXIT_PROFIT_TARGET_MET
2025-01-03 15:25:00,-69.0003999999999,3.723245000001384,1,EXIT_PROFIT_TARGET_MET
2025-01-03 15:30:00,-68.92839999999978,18.655782499998963,1,EXIT_PROFIT_TARGET_MET
2025-01-03 15:35:00,-69.0029999999997,20.841557499999624,1,EXIT_PROFIT_TARGET_MET
2025-01-03 15:40:00,-69.08820000000014,27.882902499999716,1,EXIT_PROFIT_TARGET_MET
2025-01-03 15:45:00,-69.0681999999997,10.623482500000819,1,EXIT_PROFIT_TARGET_MET
2025-01-03 15:50:00,-69.15359999999964,22.011095000001603,1,EXIT_PROFIT_TARGET_MET
2025-01-03 15:55:00,-69.13400000000001,51.90714125000093,1,EXIT_PROFIT_TARGET_MET
2025-01-03 16:00:00,-69.11859999999979,35.13405750000052,1,EXIT_PROFIT_TARGET_MET
2025-01-03 16:05:00,-69.23019999999997,5.490899999998362,1,EXIT_PROFIT_TARGET_MET
2025-01-03 16:10:00,-69.1859999999997,57.907929999999794,1,EXIT_PROFIT_TARGET_MET
2025-01-03 16:15:00,-69.13299999999981,24.85668000000129,1,EXIT_PROFIT_TARGET_MET
2025-01-03 16:20:00,-68.98459999999977,33.11977999999874,1,EXIT_PROFIT_TARGET_MET
2025-01-03 16:25:00,-68.98160000000007,19.80081999999919,1,EXIT_PROFIT_TARGET_MET
2025-01-03 16:30:00,-68.98160000000007,49.75344249999918,1,EXIT_PROFIT_TARGET_MET
2025-01-03 16:35:00,-69.01800000000003,18.32609749999847,1,EXIT_PROFIT_TARGET_MET
2025-01-03 16:40:00,-69.05379999999968,21.15101125000004,1,EXIT_PROFIT_TARGET_MET
2025-01-03 16:45:00,-68.94580000000042,29.464351249998458,1,EXIT_PROFIT_TARGET_MET
2025-01-03 16:50:00,-68.97599999999966,23.311882500000905,1,EXIT_PROFIT_TARGET_MET
2025-01-03 16:55:00,-68.90099999999984,37.584120000000866,1,EXIT_PROFIT_TARGET_MET
2025-01-03 17:00:00,-68.82480000000032,47.61611749999949,1,EXIT_PROFIT_TARGET_MET
2025-01-03 17:05:00,-68.78600000000006,10.98679000000135,1,EXIT_PROFIT_TARGET_MET
2025-01-03 17:10:00,-68.77480000000014,62.97554499999967,1,EXIT_PROFIT_TARGET_MET
2025-01-03 17:15:00,-68.82380000000012,16.26103999999964,1,EXIT_PROFIT_TARGET_MET
2025-01-03 17:20:00,-68.79640000000018,1.2290137819945793e-07,1,EXIT_PROFIT_TARGET_MET
2025-01-03 17:25:00,-68.69740000000002,6.618117447942382e-08,1,EXIT_PROFIT_TARGET_MET
2025-01-03 17:30:00,-68.69740000000002,1.355845201760525e-07,1,EXIT_PROFIT_TARGET_MET
2025-01-03 17:35:00,-68.69779999999992,-166.2949000000001,-1,HOLD
2025-01-03 17:40:00,-68.69779999999992,-163.70718999999974,-1,HOLD
2025-01-03 17:45:00,-68.69779999999992,-148.35834999999997,-1,HOLD
2025-01-03 17:50:00,-68.70380000000023,-145.92285000000015,-1,HOLD
2025-01-03 17:55:00,-68.70380000000023,-147.83785000000012,-1,HOLD
2025-01-03 18:00:00,-68.6935999999996,-148.08519999999976,-1,HOLD
2025-01-03 18:05:00,-68.6828000000005,-148.3471000000004,-1,HOLD
2025-01-03 18:10:00,-68.6252000000004,-149.74390000000017,-1,HOLD
2025-01-03 18:15:00,-68.73199999999997,-149.56400000000008,-1,HOLD
2025-01-03 18:20:00,-68.84199999999964,-147.10649999999987,-1,HOLD
2025-01-03 18:25:00,-68.8096000000005,-147.86720000000037,-1,HOLD
2025-01-03 18:30:00,-68.47820000000047,-155.29365000000053,-1,HOLD
2025-01-03 18:35:00,-68.60999999999967,-154.56249999999977,-1,HOLD
2025-01-03 18:40:00,-68.60999999999967,-153.00249999999983,-1,HOLD
2025-01-03 18:45:00,-68.60999999999967,-150.58249999999975,-1,HOLD
2025-01-03 18:50:00,-68.63479999999981,-150.53109999999992,-1,HOLD
2025-01-03 18:55:00,-68.58600000000024,-152.5445000000002,-1,HOLD
2025-01-03 19:00:00,-68.65520000000015,-150.1114,-1,HOLD
2025-01-03 19:05:00,-68.71420000000035,-150.33065000000033,-1,HOLD
2025-01-03 19:10:00,-68.71420000000035,-150.33065000000033,-1,HOLD
2025-01-03 19:15:00,-68.88860000000022,-149.15645000000018,-1,HOLD
2025-01-03 19:20:00,-68.89419999999973,-151.36564999999973,-1,HOLD
2025-01-03 19:25:00,-68.89419999999973,-152.30064999999968,-1,HOLD
2025-01-03 19:30:00,-68.9318000000003,-150.99385000000007,-1,HOLD
2025-01-03 19:35:00,-68.97239999999965,-150.0092999999997,-1,HOLD
2025-01-03 19:40:00,-68.99279999999999,-149.51459999999997,-1,HOLD
2025-01-03 19:45:00,-68.94719999999961,-159.44039999999973,-1,HOLD
2025-01-03 19:50:00,-68.92460000000028,-161.23845000000028,-1,HOLD
2025-01-03 19:55:00,-68.92460000000028,-158.29345000000012,-1,NO_VALID_ACTION_DEFENSIVE_AVG
2025-01-03 20:00:00,-68.84580000000005,-159.14935000000014,-1,NO_VALID_ACTION_DEFENSIVE_AVG
2025-01-03 20:05:00,-68.81760000000031,-162.2782000000002,-1,NO_VALID_ACTION_DEFENSIVE_AVG
2025-01-03 20:10:00,-68.81760000000031,-162.0032000000001,-1,NO_VALID_ACTION_DEFENSIVE_AVG
2025-01-03 20:15:00,-68.88879999999972,-159.6415999999997,-1,NO_VALID_ACTION_DEFENSIVE_AVG
2025-01-03 20:20:00,-68.89660000000003,-161.63245000000006,-1,NO_VALID_ACTION_DEFENSIVE_AVG
2025-01-03 20:25:00,-68.90819999999985,-163.50115000000005,-1,NO_VALID_ACTION_DEFENSIVE_AVG
2025-01-03 20:30:00,-69.01559999999972,-159.40169999999966,-1,NO_VALID_ACTION_DEFENSIVE_AVG
2025-01-03 20:35:00,-68.97680000000037,-160.6626000000001,-1,NO_VALID_ACTION_DEFENSIVE_AVG
2025-01-03 20:40:00,-68.97100000000046,-160.80325000000016,-1,NO_VALID_ACTION_DEFENSIVE_AVG
2025-01-03 20:45:00,-68.97100000000046,-159.20825000000036,-1,NO_VALID_ACTION_DEFENSIVE_AVG
2025-01-03 20:50:00,-68.97100000000046,-156.8782500000002,-1,NO_VALID_ACTION_DEFENSIVE_AVG
2025-01-03 20:55:00,-68.96900000000005,-156.92675000000008,-1,NO_VALID_ACTION_DEFENSIVE_AVG
2025-01-03 21:00:00,-68.94859999999971,-157.42144999999982,-1,NO_VALID_ACTION_DEFENSIVE_AVG
2025-01-03 21:05:00,-68.94859999999971,-157.16144999999983,-1,HOLD
2025-01-03 21:10:00,-68.94859999999971,-155.12644999999998,-1,HOLD
2025-01-03 21:15:00,-68.94419999999991,-155.8481499999998,-1,HOLD
2025-01-03 21:20:00,-69.12880000000041,-149.79660000000035,-1,HOLD
2025-01-03 21:25:00,-69.11740000000009,-149.1780500000002,-1,HOLD
2025-01-03 21:30:00,-69.15679999999975,-147.1025999999997,-1,HOLD
2025-01-03 21:35:00,-69.17399999999998,-148.5005000000001,-1,HOLD
2025-01-03 21:40:00,-69.17399999999998,-148.05050000000006,-1,HOLD
2025-01-03 21:45:00,-69.17399999999998,-149.9955,-1,HOLD
2025-01-03 21:50:00,-69.33839999999964,-148.48379999999975,-1,NO_VALID_ACTION_DEFENSIVE_AVG
2025-01-03 21:55:00,-69.30339999999978,-148.3775499999997,-1,HOLD
2025-01-03 22:00:00,-69.30339999999978,-149.1475499999999,-1,HOLD
2025-01-03 22:05:00,-69.36560000000009,-150.48419999999987,-1,NO_VALID_ACTION_DEFENSIVE_AVG
2025-01-03 22:10:00,-69.45480000000043,-141.29610000000048,-1,NO_VALID_ACTION_DEFENSIVE_AVG
2025-01-03 22:15:00,-69.40459999999985,-142.5184499999998,-1,NO_VALID_ACTION_DEFENSIVE_AVG
2025-01-03 22:20:00,-69.37920000000031,-145.21940000000018,-1,NO_VALID_ACTION_DEFENSIVE_AVG
2025-01-03 22:25:00,-69.33560000000034,-147.11670000000026,-1,HOLD
2025-01-03 22:30:00,-69.42100000000028,-147.04075000000012,-1,HOLD
2025-01-03 22:35:00,-69.33979999999974,-147.63985000000002,-1,HOLD
2025-01-03 22:40:00,-69.33160000000044,-147.84370000000035,-1,HOLD
2025-01-03 22:45:00,-69.3173999999999,-148.1830500000001,-1,HOLD
2025-01-03 22:50:00,-69.3768,-147.31259999999997,-1,HOLD
2025-01-03 22:55:00,-69.3768,-147.31259999999997,-1,HOLD
2025-01-03 23:00:00,-69.3768,-145.86259999999993,-1,HOLD
2025-01-03 23:05:00,-69.60199999999986,-140.48149999999987,-1,HOLD
2025-01-03 23:10:00,-69.72000000000025,-136.91000000000008,-1,HOLD
2025-01-03 23:15:00,-69.56720000000041,-146.52540000000022,-1,HOLD
2025-01-03 23:20:00,-69.82279999999992,-142.6871000000001,-1,NO_VALID_ACTION_DEFENSIVE_AVG
2025-01-03 23:25:00,-69.73300000000017,-138.88475000000017,-1,NO_VALID_ACTION_DEFENSIVE_AVG
2025-01-03 23:30:00,-69.77859999999964,-138.78394999999978,-1,NO_VALID_ACTION_DEFENSIVE_AVG
2025-01-03 23:35:00,-69.77360000000044,-139.95520000000033,-1,NO_VALID_ACTION_DEFENSIVE_AVG
2025-01-03 23:40:00,-69.72760000000017,-140.09570000000008,-1,NO_VALID_ACTION_DEFENSIVE_AVG
2025-01-03 23:45:00,-69.6887999999999,-138.61159999999995,-1,NO_VALID_ACTION_DEFENSIVE_AVG
2025-01-03 23:50:00,-69.64500000000044,-137.57875000000035,-1,NO_VALID_ACTION_DEFENSIVE_AVG
2025-01-03 23:55:00,-69.71380000000045,-134.64035000000035,-1,NO_VALID_ACTION_DEFENSIVE_AVG
2025-01-04 00:00:00,-69.71920000000046,-134.12940000000026,-1,NO_VALID_ACTION_DEFENSIVE_AVG
2025-01-04 00:05:00,-69.90520000000015,-129.6688999999999,-1,NO_VALID_ACTION_DEFENSIVE_AVG
2025-01-04 00:10:00,-69.9366,-125.14245000000005,-1,NO_VALID_ACTION_DEFENSIVE_AVG
2025-01-04 00:15:00,-70.1198000000004,-123.05985000000032,-1,NO_VALID_ACTION_DEFENSIVE_AVG
2025-01-04 00:20:00,-70.1822000000002,-121.87165000000005,-1,NO_VALID_ACTION_DEFENSIVE_AVG
2025-01-04 00:25:00,-70.27360000000044,-120.00520000000051,-1,NO_VALID_ACTION_DEFENSIVE_AVG
2025-01-04 00:30:00,-70.46560000000045,-114.12920000000031,-1,NO_VALID_ACTION_DEFENSIVE_AVG
2025-01-04 00:35:00,-70.63060000000041,-107.28795000000014,-1,NO_VALID_ACTION_DEFENSIVE_AVG
2025-01-04 00:40:00,-70.45899999999983,-110.14425000000006,-1,NO_VALID_ACTION_DEFENSIVE_AVG
2025-01-04 00:45:00,-70.5069999999996,-107.98524999999972,-1,NO_VALID_ACTION_DEFENSIVE_AVG
2025-01-04 00:50:00,-70.48980000000029,-108.4023500000003,-1,NO_VALID_ACTION_DEFENSIVE_AVG
2025-01-04 00:55:00,-70.57719999999972,-105.12789999999973,-1,NO_VALID_ACTION_DEFENSIVE_AVG
2025-01-04 01:00:00,-70.51199999999972,-108.58399999999983,-1,NO_VALID_ACTION_DEFENSIVE_AVG
2025-01-04 01:05:00,-70.63500000000022,-106.26125000000025,-1,HOLD
2025-01-04 01:10:00,-70.5644000000002,-107.39830000000029,-1,HOLD
2025-01-04 01:15:00,-70.6913999999997,-105.49354999999969,-1,HOLD
2025-01-04 01:20:00,-70.66880000000037,-107.33660000000032,-1,HOLD
2025-01-04 01:25:00,-70.80580000000009,-104.98435000000018,-1,HOLD
2025-01-04 01:30:00,-70.83600000000024,-104.25200000000018,-1,HOLD
2025-01-04 01:35:00,-70.96020000000044,-83.8376500000004,-1,HOLD
2025-01-04 01:40:00,-71.11419999999998,-116.96322375,-1,HOLD
2025-01-04 01:45:00,-71.36859999999979,5.7126939296728405e-06,1,EXIT_PROFIT_TARGET_MET
2025-01-04 01:50:00,-71.34199999999964,6.039303541183102e-06,1,EXIT_PROFIT_TARGET_MET
2025-01-04 01:55:00,-71.36539999999968,5.7519853115087e-06,1,EXIT_PROFIT_TARGET_MET
2025-01-04 02:00:00,-71.47040000000015,4.4627368450173195e-06,1,EXIT_PROFIT_TARGET_MET
2025-01-04 02:05:00,-71.61859999999979,2.6430547237400064e-06,1,EXIT_PROFIT_TARGET_MET
2025-01-04 02:10:00,-71.7466000000004,1.071399450301968e-06,1,EXIT_PROFIT_TARGET_MET
2025-01-04 02:15:00,-71.71280000000024,1.4864146709445602e-06,1,EXIT_PROFIT_TARGET_MET
2025-01-04 02:20:00,-71.89959999999974,0.421223048267399,1,EXIT_PROFIT_TARGET_MET
2025-01-04 02:25:00,-71.61920000000009,2.6356875896460725e-06,1,EXIT_PROFIT_TARGET_MET
2025-01-04 02:30:00,-71.76000000000022,9.068667888638643e-07,1,EXIT_PROFIT_TARGET_MET
2025-01-04 02:35:00,-71.76000000000022,9.068667888638643e-07,1,EXIT_PROFIT_TARGET_MET
2025-01-04 02:40:00,-71.68000000000029,6.476272344588908e-06,1,EXIT_PROFIT_TARGET_MET
2025-01-04 02:45:00,-71.97640000000047,1.0454180318835422,1,EXIT_PROFIT_TARGET_MET
2025-01-04 02:50:00,-71.69999999999982,4.27357316017132e-06,1,EXIT_PROFIT_TARGET_MET
2025-01-04 02:55:00,-71.69819999999982,0.2661094023121758,1,EXIT_PROFIT_TARGET_MET
2025-01-04 03:00:00,-71.67060000000038,9.979576639252176,1,EXIT_PROFIT_TARGET_MET
2025-01-04 03:05:00,-71.75680000000011,14.246410216217189,1,EXIT_PROFIT_TARGET_MET
2025-01-04 03:10:00,-71.64360000000033,8.643097444611973,1,EXIT_PROFIT_TARGET_MET
2025-01-04 03:15:00,-71.5612000000001,4.564360939484677,1,EXIT_PROFIT_TARGET_MET
2025-01-04 03:20:00,-71.69200000000001,11.03886014907947,1,EXIT_PROFIT_TARGET_MET
2025-01-04 03:25:00,-71.54880000000048,3.9505704945379643,1,EXIT_PROFIT_TARGET_MET
2025-01-04 03:30:00,-71.62840000000051,7.890709157258036,1,EXIT_PROFIT_TARGET_MET
2025-01-04 03:35:00,-71.69800000000032,11.335855525665501,1,EXIT_PROFIT_TARGET_MET
2025-01-04 03:40:00,-71.68199999999979,10.543867854766862,1,EXIT_PROFIT_TARGET_MET
2025-01-04 03:45:00,-71.58340000000044,5.663243832855137,1,EXIT_PROFIT_TARGET_MET
2025-01-04 03:50:00,-71.52540000000045,2.7922885258481496,1,EXIT_PROFIT_TARGET_MET
2025-01-04 03:55:00,-71.5590000000002,4.4554626347378985,1,EXIT_PROFIT_TARGET_MET
2025-01-04 04:00:00,-71.61200000000008,7.07892179458628,1,EXIT_PROFIT_TARGET_MET
2025-01-04 04:05:00,-71.60000000000036,6.484931041412685,1,EXIT_PROFIT_TARGET_MET
2025-01-04 04:10:00,-71.75680000000011,14.246410216217189,1,EXIT_PROFIT_TARGET_MET
2025-01-04 04:15:00,-71.8177999999998,1.537198899843192,1,EXIT_PROFIT_TARGET_MET
2025-01-04 04:20:00,-71.77819999999974,15.305693726042946,1,EXIT_PROFIT_TARGET_MET
2025-01-04 04:25:00,-71.91439999999966,1.5911448126235337,1,EXIT_PROFIT_TARGET_MET
2025-01-04 04:30:00,-72.07120000000032,9.3522615118421,1,EXIT_PROFIT_TARGET_MET
2025-01-04 04:35:00,-72.21659999999974,1.2524421679687021,1,EXIT_PROFIT_TARGET_MET
2025-01-04 04:40:00,-72.33780000000024,0.6984126562505146,1,EXIT_PROFIT_TARGET_MET
2025-01-04 04:45:00,-72.20820000000003,0.8374706835937105,1,EXIT_PROFIT_TARGET_MET
2025-01-04 04:50:00,-72.16520000000037,14.004971777956367,1,EXIT_PROFIT_TARGET_MET
2025-01-04 04:55:00,-72.07359999999971,9.471054114380502,1,EXIT_PROFIT_TARGET_MET
2025-01-04 05:00:00,-72.14699999999993,13.104127875366965,1,EXIT_PROFIT_TARGET_MET
2025-01-04 05:05:00,-72.30320000000029,1.1620730468749194,1,EXIT_PROFIT_TARGET_MET
2025-01-04 05:10:00,-72.4362000000001,5.491568906251054,1,EXIT_PROFIT_TARGET_MET
2025-01-04 05:15:00,-72.49080000000049,2.0639465624997477,1,EXIT_PROFIT_TARGET_MET
2025-01-04 05:20:00,-72.36959999999999,2.247420468749814,1,EXIT_PROFIT_TARGET_MET
2025-01-04 05:25:00,-72.42219999999998,4.809615781249537,1,EXIT_PROFIT_TARGET_MET
2025-01-04 05:30:00,-72.4962000000005,2.322724687500177,1,EXIT_PROFIT_TARGET_MET
2025-01-04 05:35:00,-72.36819999999989,2.179225156249819,1,EXIT_PROFIT_TARGET_MET
2025-01-04 05:40:00,-72.50780000000032,2.8786184374992807,1,EXIT_PROFIT_TARGET_MET
2025-01-04 05:45:00,-72.34960000000046,1.2732017187507054,1,EXIT_PROFIT_TARGET_MET
2025-01-04 05:50:00,-72.34460000000036,1.0296470312494055,1,EXIT_PROFIT_TARGET_MET
2025-01-04 05:55:00,-72.34460000000036,1.0296470312494055,1,EXIT_PROFIT_TARGET_MET
2025-01-04 06:00:00,-72.35840000000007,1.701857968749822,1,EXIT_PROFIT_TARGET_MET
2025-01-04 06:05:00,-72.36080000000038,1.8187642187491626,1,EXIT_PROFIT_TARGET_MET
2025-01-04 06:10:00,-72.16420000000016,13.955474860229348,1,EXIT_PROFIT_TARGET_MET
2025-01-04 06:15:00,-72.1252000000004,12.025095068970725,1,EXIT_PROFIT_TARGET_MET
2025-01-04 06:20:00,-72.23959999999988,2.3886736132829283,1,EXIT_PROFIT_TARGET_MET
2025-01-04 06:25:00,-72.26519999999982,3.6533486132820205,1,EXIT_PROFIT_TARGET_MET
2025-01-04 06:30:00,-72.20280000000002,0.570703300783848,1,EXIT_PROFIT_TARGET_MET
2025-01-04 06:35:00,-72.2492000000002,2.8629267382818213,1,EXIT_PROFIT_TARGET_MET
2025-01-04 06:40:00,-72.19660000000022,0.2644148242196034,1,EXIT_PROFIT_TARGET_MET
2025-01-04 06:45:00,-72.17460000000028,14.470242804568562,1,EXIT_PROFIT_TARGET_MET
2025-01-04 06:50:00,-72.10300000000007,10.926263495483983,1,EXIT_PROFIT_TARGET_MET
2025-01-04 06:55:00,-72.06919999999991,9.253267676392666,1,EXIT_PROFIT_TARGET_MET
2025-01-04 07:00:00,-72.00380000000041,6.016169257202411,1,EXIT_PROFIT_TARGET_MET
2025-01-04 07:05:00,-72.16640000000007,14.064368079224801,1,EXIT_PROFIT_TARGET_MET
2025-01-04 07:10:00,-72.16319999999996,13.905977942505398,1,EXIT_PROFIT_TARGET_MET
2025-01-04 07:15:00,-72.15539999999964,13.519901984253673,1,EXIT_PROFIT_TARGET_MET
2025-01-04 07:20:00,-72.26479999999992,1.8650823632815947,1,EXIT_PROFIT_TARGET_MET
2025-01-04 07:25:00,-72.27880000000005,12.086674111330073,1,EXIT_PROFIT_TARGET_MET
2025-01-04 07:30:00,-72.34799999999996,6.238904843750346,1,EXIT_PROFIT_TARGET_MET
2025-01-04 07:35:00,-72.34619999999995,6.151225156249701,1,EXIT_PROFIT_TARGET_MET
2025-01-04 07:40:00,-72.33820000000014,5.7615376562519,1,EXIT_PROFIT_TARGET_MET
2025-01-04 07:45:00,-72.19300000000021,15.001863032227817,1,EXIT_PROFIT_TARGET_MET
2025-01-04 07:50:00,-72.1862000000001,14.665430708007102,1,EXIT_PROFIT_TARGET_MET
2025-01-04 07:55:00,-72.1862000000001,14.665430708007102,1,EXIT_PROFIT_TARGET_MET
2025-01-04 08:00:00,-72.39940000000024,0.8890468749976961,1,EXIT_PROFIT_TARGET_MET
2025-01-04 08:05:00,-72.30000000000018,3.9007798437512893,1,EXIT_PROFIT_TARGET_MET
2025-01-04 08:10:00,-72.3105999999998,0.5621373437488586,1,EXIT_PROFIT_TARGET_MET
2025-01-04 08:15:00,-72.40040000000045,4.865521718749875,1,EXIT_PROFIT_TARGET_MET
2025-01-04 08:20:00,-72.39639999999963,4.673834218752507,1,EXIT_PROFIT_TARGET_MET
2025-01-04 08:25:00,-72.47220000000016,17.729022490233174,1,EXIT_PROFIT_TARGET_MET
2025-01-04 08:30:00,-72.47220000000016,17.50431197265567,1,EXIT_PROFIT_TARGET_MET
2025-01-04 08:35:00,-72.39239999999972,6.523236171876823,1,EXIT_PROFIT_TARGET_MET
2025-01-04 08:40:00,-72.35840000000007,3.709098046877207,1,EXIT_PROFIT_TARGET_MET
2025-01-04 08:45:00,-72.28759999999966,15.357837929688275,1,EXIT_PROFIT_TARGET_MET
2025-01-04 08:50:00,-72.31720000000041,13.410184609374445,1,EXIT_PROFIT_TARGET_MET
2025-01-04 08:55:00,-72.35040000000026,3.0323037500001675,1,EXIT_PROFIT_TARGET_MET
2025-01-04 09:00:00,-72.3779999999997,18.007262187500125,1,EXIT_PROFIT_TARGET_MET
2025-01-04 09:05:00,-72.33500000000004,15.090084999999704,1,EXIT_PROFIT_TARGET_MET
2025-01-04 09:10:00,-72.33500000000004,0.45909249999897384,1,EXIT_PROFIT_TARGET_MET
2025-01-04 09:15:00,-72.21360000000004,0.9697800390625595,1,EXIT_PROFIT_TARGET_MET
2025-01-04 09:20:00,-72.23880000000008,0.12075289062501504,1,EXIT_PROFIT_TARGET_MET
2025-01-04 09:25:00,-72.13640000000032,4.057193437499993,1,EXIT_PROFIT_TARGET_MET
2025-01-04 09:30:00,-72.15560000000005,2.414078203125051,1,EXIT_PROFIT_TARGET_MET
2025-01-04 09:35:00,-72.19380000000001,2.852842890624572,1,EXIT_PROFIT_TARGET_MET
2025-01-04 09:40:00,-72.19300000000021,2.892005390624508,1,EXIT_PROFIT_TARGET_MET
2025-01-04 09:45:00,-72.10940000000028,6.984486640623604,1,EXIT_PROFIT_TARGET_MET
2025-01-04 09:50:00,-72.14300000000003,5.339661640624525,1,EXIT_PROFIT_TARGET_MET
2025-01-04 09:55:00,-72.20939999999973,2.089174140624449,1,EXIT_PROFIT_TARGET_MET
2025-01-04 10:00:00,-72.19360000000052,2.8626335156241804,1,EXIT_PROFIT_TARGET_MET
2025-01-04 10:05:00,-72.14300000000003,5.339661640624525,1,EXIT_PROFIT_TARGET_MET
2025-01-04 10:10:00,-72.19220000000041,10.087514687498611,1,EXIT_PROFIT_TARGET_MET
2025-01-04 10:15:00,-72.28480000000036,20.21537968749918,1,EXIT_PROFIT_TARGET_MET
2025-01-04 10:20:00,-72.34060000000045,17.570110937500175,1,EXIT_PROFIT_TARGET_MET
2025-01-04 10:25:00,-72.31999999999971,10.93735874999932,1,EXIT_PROFIT_TARGET_MET
2025-01-04 10:30:00,-72.30199999999968,40.01947125000139,1,EXIT_PROFIT_TARGET_MET
2025-01-04 10:35:00,-72.14419999999973,28.822137500002242,1,EXIT_PROFIT_TARGET_MET
2025-01-04 10:40:00,-72.15580000000045,28.379887500001075,1,EXIT_PROFIT_TARGET_MET
2025-01-04 10:45:00,-72.1238000000003,29.59988750000005,1,EXIT_PROFIT_TARGET_MET
2025-01-04 10:50:00,-72.07800000000043,31.34601250000108,1,EXIT_PROFIT_TARGET_MET
2025-01-04 10:55:00,-72.07859999999982,31.323137500001792,1,EXIT_PROFIT_TARGET_MET
2025-01-04 11:00:00,-71.96000000000004,35.844762499999206,1,EXIT_PROFIT_TARGET_MET
2025-01-04 11:05:00,-71.78579999999965,42.486137499999415,1,EXIT_PROFIT_TARGET_MET
2025-01-04 11:10:00,-71.71759999999995,45.08626250000006,1,EXIT_PROFIT_TARGET_MET
2025-01-04 11:15:00,-71.78459999999995,42.53188749999953,1,EXIT_PROFIT_TARGET_MET
2025-01-04 11:20:00,-71.82399999999961,41.02976250000131,1,EXIT_PROFIT_TARGET_MET
2025-01-04 11:25:00,-71.91520000000037,37.55276249999946,1,EXIT_PROFIT_TARGET_MET
2025-01-04 11:30:00,-71.88000000000011,38.89476249999984,1,EXIT_PROFIT_TARGET_MET
2025-01-04 11:35:00,-71.84559999999965,40.20626250000058,1,EXIT_PROFIT_TARGET_MET
2025-01-04 11:40:00,-71.84559999999965,40.20626250000058,1,EXIT_PROFIT_TARGET_MET
2025-01-04 11:45:00,-71.88040000000001,38.879512500001425,1,EXIT_PROFIT_TARGET_MET
2025-01-04 11:50:00,-71.91020000000026,37.7433875000018,1,EXIT_PROFIT_TARGET_MET
2025-01-04 11:55:00,-71.95499999999993,15.52206000000021,1,EXIT_PROFIT_TARGET_MET
2025-01-04 12:00:00,-71.96060000000034,5.788983750000369,1,EXIT_PROFIT_TARGET_MET
2025-01-04 12:05:00,-71.81959999999981,13.975135000000613,1,EXIT_PROFIT_TARGET_MET
2025-01-04 12:10:00,-71.85519999999997,5.32481062499749,1,EXIT_PROFIT_TARGET_MET
2025-01-04 12:15:00,-71.82620000000043,29.594347109374155,1,EXIT_PROFIT_TARGET_MET
2025-01-04 12:20:00,-71.8155999999999,28.375719843748904,1,EXIT_PROFIT_TARGET_MET
2025-01-04 12:25:00,-71.72400000000016,27.098995624999823,1,EXIT_PROFIT_TARGET_MET
2025-01-04 12:30:00,-71.64980000000014,22.450698124999306,1,EXIT_PROFIT_TARGET_MET
2025-01-04 12:35:00,-71.88400000000001,6.350820625002385,1,EXIT_PROFIT_TARGET_MET
2025-01-04 12:40:00,-71.80000000000018,6.627883125000274,1,EXIT_PROFIT_TARGET_MET
2025-01-04 12:45:00,-71.80000000000018,8.389315000002156,1,EXIT_PROFIT_TARGET_MET
2025-01-04 12:50:00,-71.98639999999978,6.682116777343833,1,EXIT_PROFIT_TARGET_MET
2025-01-04 12:55:00,-71.95460000000003,1.0272562500004803,1,EXIT_PROFIT_TARGET_MET
2025-01-04 13:00:00,-71.95460000000003,5.112368437500026,1,EXIT_PROFIT_TARGET_MET
2025-01-04 13:05:00,-71.88200000000052,13.643265781250761,1,EXIT_PROFIT_TARGET_MET
2025-01-04 13:10:00,-71.85680000000048,12.044255625001412,1,EXIT_PROFIT_TARGET_MET
2025-01-04 13:15:00,-71.85680000000048,0.9705500000007987,1,EXIT_PROFIT_TARGET_MET
2025-01-04 13:20:00,-71.85680000000048,0.8260050000015724,1,EXIT_PROFIT_TARGET_MET
2025-01-04 13:25:00,-71.85680000000048,5.9839925000002765,1,EXIT_PROFIT_TARGET_MET
2025-01-04 13:30:00,-71.89940000000024,0.8615393750007883,1,EXIT_PROFIT_TARGET_MET
2025-01-04 13:35:00,-71.97580000000016,37.91936317611669,1,EXIT_PROFIT_TARGET_MET
2025-01-04 13:40:00,-71.92720000000008,42.3389636541755,1,EXIT_PROFIT_TARGET_MET
2025-01-04 13:45:00,-71.95340000000033,34.48920852905101,1,EXIT_PROFIT_TARGET_MET
2025-01-04 13:50:00,-71.92039999999997,36.81137527709926,1,EXIT_PROFIT_TARGET_MET
2025-01-04 13:55:00,-71.92299999999977,44.958418691405676,1,EXIT_PROFIT_TARGET_MET
2025-01-04 14:00:00,-71.86740000000009,43.38464126464633,1,EXIT_PROFIT_TARGET_MET
2025-01-04 14:05:00,-71.83500000000004,1.3255677929683856,1,EXIT_PROFIT_TARGET_MET
2025-01-04 14:10:00,-71.85459999999966,45.69735119140539,1,EXIT_PROFIT_TARGET_MET
2025-01-04 14:15:00,-71.8078000000005,0.46674695312498393,1,EXIT_PROFIT_TARGET_MET
2025-01-04 14:20:00,-71.83200000000033,48.861954687499406,1,EXIT_PROFIT_TARGET_MET
2025-01-04 14:25:00,-71.83200000000033,45.26228031249752,1,EXIT_PROFIT_TARGET_MET
2025-01-04 14:30:00,-71.73419999999987,52.8111959374987,1,EXIT_PROFIT_TARGET_MET
2025-01-04 14:35:00,-71.74060000000009,39.59724937500073,1,EXIT_PROFIT_TARGET_MET
2025-01-04 14:40:00,-71.74060000000009,33.38089124999928,1,EXIT_PROFIT_TARGET_MET
2025-01-04 14:45:00,-71.78759999999966,20.987172500000923,1,EXIT_PROFIT_TARGET_MET
2025-01-04 14:50:00,-71.80159999999978,0.00024018093109130583,1,EXIT_PROFIT_TARGET_MET
2025-01-04 14:55:00,-71.78780000000006,0.00010218546867370734,1,EXIT_PROFIT_TARGET_MET
2025-01-04 15:00:00,-71.78780000000006,0.00024180911064148377,1,EXIT_PROFIT_TARGET_MET
2025-01-04 15:05:00,-71.79500000000007,7.181536250000846,1,EXIT_PROFIT_TARGET_MET
2025-01-04 15:10:00,-71.79500000000007,2.591464453124148,1,EXIT_PROFIT_TARGET_MET
2025-01-04 15:15:00,-71.84400000000005,9.904808044427192e-05,1,EXIT_PROFIT_TARGET_MET
2025-01-04 15:20:00,-71.8725999999997,0.0003652021789550177,1,EXIT_PROFIT_TARGET_MET
2025-01-04 15:25:00,-71.88640000000032,-287.386667460934,-1,NO_VALID_ACTION_DEFENSIVE_AVG
2025-01-04 15:30:00,-71.88640000000032,0.019281331176757607,1,EXIT_PROFIT_TARGET_MET
2025-01-04 15:35:00,-71.88640000000032,0.03657238281249921,1,EXIT_PROFIT_TARGET_MET
2025-01-04 15:40:00,-71.92640000000029,0.06954783081054644,1,EXIT_PROFIT_TARGET_MET
2025-01-04 15:45:00,-71.85440000000017,0.13665892822265563,1,EXIT_PROFIT_TARGET_MET
2025-01-04 15:50:00,-71.82359999999971,0.30730024902344466,1,EXIT_PROFIT_TARGET_MET
2025-01-04 15:55:00,-71.85959999999977,0.33491657226561156,1,EXIT_PROFIT_TARGET_MET
2025-01-04 16:00:00,-71.96200000000044,0.8030944726562428,1,EXIT_PROFIT_TARGET_MET
2025-01-04 16:05:00,-71.97720000000027,0.9488919531249991,1,EXIT_PROFIT_TARGET_MET
2025-01-04 16:10:00,-72.05119999999988,0.7592750781249666,1,EXIT_PROFIT_TARGET_MET
2025-01-04 16:15:00,-72.04600000000028,2.8880243749999934,1,EXIT_PROFIT_TARGET_MET
2025-01-04 16:20:00,-72.02239999999983,20.708587968750418,1,EXIT_PROFIT_TARGET_MET
2025-01-04 16:25:00,-72.0630000000001,52.54437140624991,1,EXIT_PROFIT_TARGET_MET
2025-01-04 16:30:00,-72.02300000000014,76.542198124998,1,EXIT_PROFIT_TARGET_MET
2025-01-04 16:35:00,-71.97400000000016,-9.741168953478373e-06,1,HOLD
2025-01-04 16:40:00,-71.97400000000016,16.34482499999922,1,EXIT_PROFIT_TARGET_MET
2025-01-04 16:45:00,-71.96560000000045,2.981612499999528,1,EXIT_PROFIT_TARGET_MET
2025-01-04 16:50:00,-72.02300000000014,18.247769999999093,1,EXIT_PROFIT_TARGET_MET
2025-01-04 16:55:00,-72.02300000000014,19.482676249998804,1,EXIT_PROFIT_TARGET_MET
2025-01-04 17:00:00,-72.02279999999973,4.086462500000863,1,EXIT_PROFIT_TARGET_MET
2025-01-04 17:05:00,-72.02300000000014,21.04021374999968,1,EXIT_PROFIT_TARGET_MET
2025-01-04 17:10:00,-72.18339999999989,4.245738749998878,1,EXIT_PROFIT_TARGET_MET
2025-01-04 17:15:00,-72.08920000000035,8.419976249998328,1,EXIT_PROFIT_TARGET_MET
2025-01-04 17:20:00,-72.06900000000041,9.315088749999958,1,EXIT_PROFIT_TARGET_MET
2025-01-04 17:25:00,-72.07960000000003,8.84537624999966,1,EXIT_PROFIT_TARGET_MET
2025-01-04 17:30:00,-72.07960000000003,8.84537624999966,1,EXIT_PROFIT_TARGET_MET
2025-01-04 17:35:00,-72.0564000000004,9.87342624999755,1,EXIT_PROFIT_TARGET_MET
2025-01-04 17:40:00,-72.08359999999993,8.66812624999804,1,EXIT_PROFIT_TARGET_MET
2025-01-04 17:45:00,-72.01440000000002,11.734551250000692,1,EXIT_PROFIT_TARGET_MET
2025-01-04 17:50:00,-71.9398000000001,15.040263750000832,1,EXIT_PROFIT_TARGET_MET
2025-01-04 17:55:00,-71.92140000000018,15.855613749998824,1,EXIT_PROFIT_TARGET_MET
2025-01-04 18:00:00,-71.94679999999971,14.730076249998987,1,EXIT_PROFIT_TARGET_MET
2025-01-04 18:05:00,-71.98540000000048,13.01961374999911,1,EXIT_PROFIT_TARGET_MET
2025-01-04 18:10:00,-72.06620000000021,9.439163750000006,1,EXIT_PROFIT_TARGET_MET
2025-01-04 18:15:00,-72.00540000000001,12.133363749999702,1,EXIT_PROFIT_TARGET_MET
2025-01-04 18:20:00,-71.89019999999982,17.2381637499997,1,EXIT_PROFIT_TARGET_MET
2025-01-04 18:25:00,-71.85680000000048,0.9921749999979568,1,EXIT_PROFIT_TARGET_MET
2025-01-04 18:30:00,-71.85680000000048,0.9921749999979568,1,EXIT_PROFIT_TARGET_MET
2025-01-04 18:35:00,-72.00700000000052,12.062463750001228,1,EXIT_PROFIT_TARGET_MET
2025-01-04 18:40:00,-72.00700000000052,12.062463750001228,1,EXIT_PROFIT_TARGET_MET
2025-01-04 18:45:00,-71.76940000000013,4.324299999999624,1,EXIT_PROFIT_TARGET_MET
2025-01-04 18:50:00,-71.76879999999983,4.347175000000192,1,EXIT_PROFIT_TARGET_MET
2025-01-04 18:55:00,-71.74179999999978,5.376550000000151,1,EXIT_PROFIT_TARGET_MET
2025-01-04 19:00:00,-71.73340000000007,5.696799999998376,1,EXIT_PROFIT_TARGET_MET
2025-01-04 19:05:00,-71.7514000000001,5.010549999999256,1,EXIT_PROFIT_TARGET_MET
2025-01-04 19:10:00,-71.71079999999984,6.558425000001677,1,EXIT_PROFIT_TARGET_MET
2025-01-04 19:15:00,-71.84979999999996,1.2590499999987799,1,EXIT_PROFIT_TARGET_MET
2025-01-04 19:20:00,-71.86239999999998,0.7786749999999074,1,EXIT_PROFIT_TARGET_MET
2025-01-04 19:25:00,-71.86239999999998,0.7786749999999074,1,EXIT_PROFIT_TARGET_MET
2025-01-04 19:30:00,-71.86239999999998,0.7786749999999074,1,EXIT_PROFIT_TARGET_MET
2025-01-04 19:35:00,-71.8738000000003,0.34404999999935626,1,EXIT_PROFIT_TARGET_MET
2025-01-04 19:40:00,-71.8738000000003,0.34404999999935626,1,EXIT_PROFIT_TARGET_MET
2025-01-04 19:45:00,-71.77080000000024,4.270924999998641,1,EXIT_PROFIT_TARGET_MET
2025-01-04 19:50:00,-71.78420000000006,3.76004999999833,1,EXIT_PROFIT_TARGET_MET
2025-01-04 19:55:00,-71.78420000000006,3.76004999999833,1,EXIT_PROFIT_TARGET_MET
2025-01-04 20:00:00,-71.78420000000006,3.76004999999833,1,EXIT_PROFIT_TARGET_MET
2025-01-04 20:05:00,-71.6212000000005,9.97442500000065,1,EXIT_PROFIT_TARGET_MET
2025-01-04 20:10:00,-71.59320000000025,11.041925000001385,1,EXIT_PROFIT_TARGET_MET
2025-01-04 20:15:00,-71.59400000000005,11.011424999999946,1,EXIT_PROFIT_TARGET_MET
2025-01-04 20:20:00,-71.5,14.595174999998648,1,EXIT_PROFIT_TARGET_MET
2025-01-04 20:25:00,-71.63180000000011,9.570300000000259,1,EXIT_PROFIT_TARGET_MET
2025-01-04 20:30:00,-71.63180000000011,9.570300000000259,1,EXIT_PROFIT_TARGET_MET
2025-01-04 20:35:00,-71.63180000000011,9.570300000000259,1,EXIT_PROFIT_TARGET_MET
2025-01-04 20:40:00,-71.63180000000011,9.570300000000259,1,EXIT_PROFIT_TARGET_MET
2025-01-04 20:45:00,-71.63180000000011,9.570300000000259,1,EXIT_PROFIT_TARGET_MET
2025-01-04 20:50:00,-71.72080000000005,6.177175000000318,1,EXIT_PROFIT_TARGET_MET
2025-01-04 20:55:00,-71.72080000000005,4.9051787500008,1,EXIT_PROFIT_TARGET_MET
2025-01-04 21:00:00,-71.72080000000005,5.648419375001708,1,EXIT_PROFIT_TARGET_MET
2025-01-04 21:05:00,-71.75619999999981,0.4487904687472515,1,EXIT_PROFIT_TARGET_MET
2025-01-04 21:10:00,-71.83039999999983,16.33171249999878,1,EXIT_PROFIT_TARGET_MET
2025-01-04 21:15:00,-71.85120000000006,13.609088125001914,1,EXIT_PROFIT_TARGET_MET
2025-01-04 21:20:00,-71.78840000000037,13.869720624997534,1,EXIT_PROFIT_TARGET_MET
2025-01-04 21:25:00,-71.73260000000028,15.379456875001495,1,EXIT_PROFIT_TARGET_MET
2025-01-04 21:30:00,-71.73260000000028,1.069628749999282,1,EXIT_PROFIT_TARGET_MET
2025-01-04 21:35:00,-71.73260000000028,2.474294218749904,1,EXIT_PROFIT_TARGET_MET
2025-01-04 21:40:00,-71.91840000000047,2.0768110937495514,1,EXIT_PROFIT_TARGET_MET
2025-01-04 21:45:00,-71.86359999999968,0.2842040625000237,1,EXIT_PROFIT_TARGET_MET
2025-01-04 21:50:00,-72.08520000000044,1.962531406249564,1,EXIT_PROFIT_TARGET_MET
2025-01-04 21:55:00,-72.03920000000016,9.548902187499692,1,EXIT_PROFIT_TARGET_MET
2025-01-04 22:00:00,-72.08640000000014,-336.53539238280706,-1,HOLD
2025-01-04 22:05:00,-72.08839999999964,-370.8296267578198,-1,NO_VALID_ACTION_DEFENSIVE_AVG
2025-01-04 22:10:00,-72.13200000000052,-243.65531017579008,-1,NO_VALID_ACTION_DEFENSIVE_AVG
2025-01-04 22:15:00,-72.34040000000005,15.335158000486597,1,EXIT_PROFIT_TARGET_MET
2025-01-04 22:20:00,-72.54079999999976,0.0019080924987836048,1,EXIT_PROFIT_TARGET_MET
2025-01-04 22:25:00,-72.78520000000026,0.04841181564331494,1,EXIT_PROFIT_TARGET_MET
2025-01-04 22:30:00,-72.71020000000044,0.03414103317261083,1,EXIT_PROFIT_TARGET_MET
2025-01-04 22:35:00,-72.67420000000038,0.027291057586670196,1,EXIT_PROFIT_TARGET_MET
2025-01-04 22:40:00,-72.63680000000022,0.02017469406127639,1,EXIT_PROFIT_TARGET_MET
2025-01-04 22:45:00,-72.58700000000044,0.010698894500732463,1,EXIT_PROFIT_TARGET_MET
2025-01-04 22:50:00,-72.64879999999994,0.007676266784668219,1,EXIT_PROFIT_TARGET_MET
2025-01-04 22:55:00,-72.71519999999964,0.022839277954103707,1,EXIT_PROFIT_TARGET_MET
2025-01-04 23:00:00,-72.70160000000033,0.017621821899409456,1,EXIT_PROFIT_TARGET_MET
2025-01-04 23:05:00,-72.53499999999985,0.1596105700683625,1,EXIT_PROFIT_TARGET_MET
2025-01-04 23:10:00,-72.89919999999984,0.609387048492434,1,EXIT_PROFIT_TARGET_MET
2025-01-04 23:15:00,-72.79960000000028,0.05508066284179758,1,EXIT_PROFIT_TARGET_MET
2025-01-04 23:20:00,-72.77859999999964,2.6483871307373215,1,EXIT_PROFIT_TARGET_MET
2025-01-04 23:25:00,-72.8060000000005,2.817840176391651,1,EXIT_PROFIT_TARGET_MET
2025-01-04 23:30:00,-72.64999999999964,1.8530710113525197,1,EXIT_PROFIT_TARGET_MET
2025-01-04 23:35:00,-72.74319999999989,2.4294587432861365,1,EXIT_PROFIT_TARGET_MET
2025-01-04 23:40:00,-72.74319999999989,2.4294587432861365,1,EXIT_PROFIT_TARGET_MET
2025-01-04 23:45:00,-72.81580000000031,2.878447470092821,1,EXIT_PROFIT_TARGET_MET
2025-01-04 23:50:00,-72.83179999999993,2.9773981536865324,1,EXIT_PROFIT_TARGET_MET
2025-01-04 23:55:00,-72.90560000000005,0.2717344384766813,1,EXIT_PROFIT_TARGET_MET
2025-01-05 00:00:00,-72.85999999999967,0.06039384277357142,1,EXIT_PROFIT_TARGET_MET
2025-01-05 00:05:00,-72.89419999999973,0.20147804199223357,1,EXIT_PROFIT_TARGET_MET
2025-01-05 00:10:00,-72.90560000000005,0.2717344384766813,1,EXIT_PROFIT_TARGET_MET
2025-01-05 00:15:00,-72.70259999999962,2.1783713836670016,1,EXIT_PROFIT_TARGET_MET
2025-01-05 00:20:00,-72.79179999999997,5.3569014064024545,1,EXIT_PROFIT_TARGET_MET
2025-01-05 00:25:00,-72.8109999999997,9.907895986023124,1,EXIT_PROFIT_TARGET_MET
2025-01-05 00:30:00,-72.8109999999997,15.71640148712177,1,EXIT_PROFIT_TARGET_MET
2025-01-05 00:35:00,-72.84280000000035,35.61219449096435,1,EXIT_PROFIT_TARGET_MET
2025-01-05 00:40:00,-72.78639999999996,30.26151858642752,1,EXIT_PROFIT_TARGET_MET
2025-01-05 00:45:00,-72.78380000000016,20.387665961914173,1,EXIT_PROFIT_TARGET_MET
2025-01-05 00:50:00,-72.69819999999982,21.10834479003741,1,EXIT_PROFIT_TARGET_MET
2025-01-05 00:55:00,-72.75579999999991,18.955951259765367,1,EXIT_PROFIT_TARGET_MET
2025-01-05 01:00:00,-72.64959999999974,17.919185468749134,1,EXIT_PROFIT_TARGET_MET
2025-01-05 01:05:00,-72.7503999999999,16.504978046875184,1,EXIT_PROFIT_TARGET_MET
2025-01-05 01:10:00,-72.83539999999994,16.4466284374987,1,EXIT_PROFIT_TARGET_MET
2025-01-05 01:15:00,-73.12660000000051,24.599331250000727,1,EXIT_PROFIT_TARGET_MET
2025-01-05 01:20:00,-73.11740000000009,14.913965937499299,1,EXIT_PROFIT_TARGET_MET
2025-01-05 01:25:00,-72.72119999999995,27.19647187499991,1,EXIT_PROFIT_TARGET_MET
2025-01-05 01:30:00,-72.46060000000034,5.175375624998779,1,EXIT_PROFIT_TARGET_MET
2025-01-05 01:35:00,-72.21399999999994,10.163089768065207,1,EXIT_PROFIT_TARGET_MET
2025-01-05 01:40:00,-72.0623999999998,0.07116643482212894,1,EXIT_PROFIT_TARGET_MET
2025-01-05 01:45:00,-72.00579999999991,-7.424173556501007e-08,1,NO_ACTION_FORCED_CUT_NO_TREND
2025-01-05 01:50:00,-72.1252000000004,0.05316909644132041,1,EXIT_PROFIT_TARGET_MET
2025-01-05 01:55:00,-72.17640000000029,0.32851728980077943,1,EXIT_PROFIT_TARGET_MET
2025-01-05 02:00:00,-72.24179999999978,0.5519243748093469,1,EXIT_PROFIT_TARGET_MET
2025-01-05 02:05:00,-72.08140000000003,0.055717774620163245,1,EXIT_PROFIT_TARGET_MET
2025-01-05 02:10:00,-72.30379999999968,0.7437249309921488,1,EXIT_PROFIT_TARGET_MET
2025-01-05 02:15:00,-72.35940000000028,0.9157267200851212,1,EXIT_PROFIT_TARGET_MET
2025-01-05 02:20:00,-72.4993999999997,3.0197780078109293,1,EXIT_PROFIT_TARGET_MET
2025-01-05 02:25:00,-72.40679999999975,1.0623613388443964,1,EXIT_PROFIT_TARGET_MET
2025-01-05 02:30:00,-72.24340000000029,0.5568740665817802,1,EXIT_PROFIT_TARGET_MET
2025-01-05 02:35:00,-72.25759999999991,0.6008025810624386,1,EXIT_PROFIT_TARGET_MET
2025-01-05 02:40:00,-72.36700000000019,0.9392377560042279,1,EXIT_PROFIT_TARGET_MET
2025-01-05 02:45:00,-72.3757999999998,0.9664610607528035,1,EXIT_PROFIT_TARGET_MET
2025-01-05 02:50:00,-72.52300000000014,4.183322539061341,1,EXIT_PROFIT_TARGET_MET
2025-01-05 02:55:00,-72.52300000000014,4.183322539061341,1,EXIT_PROFIT_TARGET_MET
2025-01-05 03:00:00,-72.49219999999968,2.6647983203113714,1,EXIT_PROFIT_TARGET_MET
2025-01-05 03:05:00,-72.57520000000022,6.756925273438464,1,EXIT_PROFIT_TARGET_MET
2025-01-05 03:10:00,-72.51640000000043,3.857924492185466,1,EXIT_PROFIT_TARGET_MET
2025-01-05 03:15:00,-72.57520000000022,6.756925273438464,1,EXIT_PROFIT_TARGET_MET
2025-01-05 03:20:00,-72.4952000000003,2.8127065234359327,1,EXIT_PROFIT_TARGET_MET
2025-01-05 03:25:00,-72.4952000000003,2.8127065234359327,1,EXIT_PROFIT_TARGET_MET
2025-01-05 03:30:00,-72.46640000000025,1.3927877734361864,1,EXIT_PROFIT_TARGET_MET
2025-01-05 03:35:00,-72.55339999999978,5.6821256640606475,1,EXIT_PROFIT_TARGET_MET
2025-01-05 03:40:00,-72.55339999999978,5.6821256640606475,1,EXIT_PROFIT_TARGET_MET
2025-01-05 03:45:00,-72.54899999999998,5.465193632812623,1,EXIT_PROFIT_TARGET_MET
2025-01-05 03:50:00,-72.57800000000043,6.894972929686931,1,EXIT_PROFIT_TARGET_MET
2025-01-05 03:55:00,-72.6214,9.03471160156188,1,EXIT_PROFIT_TARGET_MET
2025-01-05 04:00:00,-72.74579999999969,15.167971757813707,1,EXIT_PROFIT_TARGET_MET
2025-01-05 04:05:00,-72.82300000000032,1.9269017187476578,1,EXIT_PROFIT_TARGET_MET
2025-01-05 04:10:00,-72.76000000000022,15.868070585938252,1,EXIT_PROFIT_TARGET_MET
2025-01-05 04:15:00,-72.75880000000052,15.808907304686283,1,EXIT_PROFIT_TARGET_MET
2025-01-05 04:20:00,-72.75880000000052,15.808907304686283,1,EXIT_PROFIT_TARGET_MET
2025-01-05 04:25:00,-72.6818000000003,12.01259675781137,1,EXIT_PROFIT_TARGET_MET
2025-01-05 04:30:00,-72.60440000000017,8.196565117184269,1,EXIT_PROFIT_TARGET_MET
2025-01-05 04:35:00,-72.60980000000018,8.46279988281277,1,EXIT_PROFIT_TARGET_MET
2025-01-05 04:40:00,-72.57120000000032,6.559714335938037,1,EXIT_PROFIT_TARGET_MET
2025-01-05 04:45:00,-72.47959999999966,2.0435838671863897,1,EXIT_PROFIT_TARGET_MET
2025-01-05 04:50:00,-72.55619999999999,5.820173320312177,1,EXIT_PROFIT_TARGET_MET
2025-01-05 04:55:00,-72.55619999999999,5.820173320312177,1,EXIT_PROFIT_TARGET_MET
2025-01-05 05:00:00,-72.55619999999999,5.820173320312177,1,EXIT_PROFIT_TARGET_MET
2025-01-05 05:05:00,-72.55619999999999,5.820173320312177,1,EXIT_PROFIT_TARGET_MET
2025-01-05 05:10:00,-72.65260000000035,10.572956914060965,1,EXIT_PROFIT_TARGET_MET
2025-01-05 05:15:00,-72.66100000000006,10.987099882814023,1,EXIT_PROFIT_TARGET_MET
2025-01-05 05:20:00,-72.65999999999985,10.937797148438154,1,EXIT_PROFIT_TARGET_MET
2025-01-05 05:25:00,-72.63560000000052,9.73481042968796,1,EXIT_PROFIT_TARGET_MET
2025-01-05 05:30:00,-72.73419999999987,14.596060039059994,1,EXIT_PROFIT_TARGET_MET
2025-01-05 05:35:00,-72.67180000000008,11.519569414063357,1,EXIT_PROFIT_TARGET_MET
2025-01-05 05:40:00,-72.57499999999982,6.747064726562375,1,EXIT_PROFIT_TARGET_MET
2025-01-05 05:45:00,-72.59699999999975,7.831724882811687,1,EXIT_PROFIT_TARGET_MET
2025-01-05 05:50:00,-72.63020000000051,9.468575664062524,1,EXIT_PROFIT_TARGET_MET
2025-01-05 05:55:00,-72.60000000000036,7.9796330859362445,1,EXIT_PROFIT_TARGET_MET
2025-01-05 06:00:00,-72.66600000000017,11.233613554685727,1,EXIT_PROFIT_TARGET_MET
2025-01-05 06:05:00,-72.66600000000017,11.233613554685727,1,EXIT_PROFIT_TARGET_MET
2025-01-05 06:10:00,-72.78819999999996,0.23176109375033782,1,EXIT_PROFIT_TARGET_MET
2025-01-05 06:15:00,-72.88200000000052,4.800847031248692,1,EXIT_PROFIT_TARGET_MET
2025-01-05 06:20:00,-72.91939999999977,0.060555937499053414,1,EXIT_PROFIT_TARGET_MET
2025-01-05 06:25:00,-72.90359999999964,17.429746796873324,1,EXIT_PROFIT_TARGET_MET
2025-01-05 06:30:00,-72.90359999999964,17.429746796873324,1,EXIT_PROFIT_TARGET_MET
2025-01-05 06:35:00,-72.90359999999964,17.429746796873324,1,EXIT_PROFIT_TARGET_MET
2025-01-05 06:40:00,-73.25640000000021,16.210227812501,1,EXIT_PROFIT_TARGET_MET
2025-01-05 06:45:00,-73.3064000000004,18.606321562498778,1,EXIT_PROFIT_TARGET_MET
2025-01-05 06:50:00,-73.1886000000004,12.9611246874994,1,EXIT_PROFIT_TARGET_MET
2025-01-05 06:55:00,-73.14639999999963,10.93882156250136,1,EXIT_PROFIT_TARGET_MET
2025-01-05 07:00:00,-73.24420000000009,15.625580937498647,1,EXIT_PROFIT_TARGET_MET
2025-01-05 07:05:00,-73.23319999999967,15.098440312499754,1,EXIT_PROFIT_TARGET_MET
2025-01-05 07:10:00,-73.20780000000013,13.88122468749717,1,EXIT_PROFIT_TARGET_MET
2025-01-05 07:15:00,-73.29500000000007,18.060012187499275,1,EXIT_PROFIT_TARGET_MET
2025-01-05 07:20:00,-73.38100000000031,22.18129343749936,1,EXIT_PROFIT_TARGET_MET
2025-01-05 07:25:00,-73.32120000000032,19.31556531249854,1,EXIT_PROFIT_TARGET_MET
2025-01-05 07:30:00,-73.33399999999983,19.92896531249963,1,EXIT_PROFIT_TARGET_MET
2025-01-05 07:35:00,-73.33399999999983,19.92896531249963,1,EXIT_PROFIT_TARGET_MET
2025-01-05 07:40:00,-73.27019999999993,16.87154968749994,1,EXIT_PROFIT_TARGET_MET
2025-01-05 07:45:00,-73.17699999999968,12.405230937500232,1,EXIT_PROFIT_TARGET_MET
2025-01-05 07:50:00,-73.17699999999968,12.405230937500232,1,EXIT_PROFIT_TARGET_MET
2025-01-05 07:55:00,-73.17699999999968,12.405230937500232,1,EXIT_PROFIT_TARGET_MET
2025-01-05 08:00:00,-73.16660000000047,11.906843437500047,1,EXIT_PROFIT_TARGET_MET
2025-01-05 08:05:00,-73.08520000000044,8.006002812497478,1,EXIT_PROFIT_TARGET_MET
2025-01-05 08:10:00,-73.10980000000018,8.312250937498973,1,EXIT_PROFIT_TARGET_MET
2025-01-05 08:15:00,-73.04680000000008,0.1707581249997645,1,EXIT_PROFIT_TARGET_MET
2025-01-05 08:20:00,-73.01100000000042,21.52521562500047,1,EXIT_PROFIT_TARGET_MET
2025-01-05 08:25:00,-72.96619999999984,16.304303750000784,1,EXIT_PROFIT_TARGET_MET
2025-01-05 08:30:00,-73.03880000000026,3.2120524999999986,1,EXIT_PROFIT_TARGET_MET
2025-01-05 08:35:00,-73.02080000000024,5.259463125000494,1,EXIT_PROFIT_TARGET_MET
2025-01-05 08:40:00,-73.09860000000026,10.3262931249986,1,EXIT_PROFIT_TARGET_MET
2025-01-05 08:45:00,-73.19760000000042,1.7148390332031886,1,EXIT_PROFIT_TARGET_MET
2025-01-05 08:50:00,-73.15940000000046,1.4298549609374556,1,EXIT_PROFIT_TARGET_MET
2025-01-05 08:55:00,-73.1902,0.4158953906249412,1,EXIT_PROFIT_TARGET_MET
2025-01-05 09:00:00,-73.30400000000009,0.7230664843751695,1,EXIT_PROFIT_TARGET_MET
2025-01-05 09:05:00,-73.02300000000014,0.24256121093752459,1,EXIT_PROFIT_TARGET_MET
2025-01-05 09:10:00,-73.02319999999963,0.2431405078125941,1,EXIT_PROFIT_TARGET_MET
2025-01-05 09:15:00,-73.10660000000007,0.19024070312508545,1,EXIT_PROFIT_TARGET_MET
2025-01-05 09:20:00,-73.14019999999982,0.2809344531250826,1,EXIT_PROFIT_TARGET_MET
2025-01-05 09:25:00,-73.22000000000025,0.49633210937507677,1,EXIT_PROFIT_TARGET_MET
2025-01-05 09:30:00,-73.16520000000037,0.3484149218750039,1,EXIT_PROFIT_TARGET_MET
2025-01-05 09:35:00,-73.16539999999986,0.34895476562508243,1,EXIT_PROFIT_TARGET_MET
2025-01-05 09:40:00,-73.16520000000037,0.3484149218750039,1,EXIT_PROFIT_TARGET_MET
2025-01-05 09:45:00,-73.1880000000001,0.4099571093750525,1,EXIT_PROFIT_TARGET_MET
2025-01-05 09:50:00,-73.1880000000001,0.4099571093750525,1,EXIT_PROFIT_TARGET_MET
2025-01-05 09:55:00,-73.13000000000011,0.20815562500009044,1,EXIT_PROFIT_TARGET_MET
2025-01-05 10:00:00,-73.13320000000022,0.8293888281249728,1,EXIT_PROFIT_TARGET_MET
2025-01-05 10:05:00,-73.10480000000007,0.28778277343743053,1,EXIT_PROFIT_TARGET_MET
2025-01-05 10:10:00,-73.34119999999984,0.41956054687496014,1,EXIT_PROFIT_TARGET_MET
2025-01-05 10:15:00,-73.4355999999998,1.9701407812499578,1,EXIT_PROFIT_TARGET_MET
2025-01-05 10:20:00,-73.19639999999981,4.714043164062407,1,EXIT_PROFIT_TARGET_MET
2025-01-05 10:25:00,-73.23660000000018,-150.45674290038409,-1,HOLD
2025-01-05 10:30:00,-73.27859999999964,0.010458236410618871,1,EXIT_PROFIT_TARGET_MET
2025-01-05 10:35:00,-73.23959999999988,-104.65734429686967,-1,HOLD
2025-01-05 10:40:00,-73.14260000000013,0.0034517220687860957,1,EXIT_PROFIT_TARGET_MET
2025-01-05 10:45:00,-73.05879999999979,0.00034141843319074984,1,EXIT_PROFIT_TARGET_MET
2025-01-05 10:50:00,-73.00799999999981,0.05985906709671183,1,EXIT_PROFIT_TARGET_MET
2025-01-05 10:55:00,-72.99279999999999,0.06585307191848574,1,EXIT_PROFIT_TARGET_MET
2025-01-05 11:00:00,-72.9948000000004,0.0650643870735035,1,EXIT_PROFIT_TARGET_MET
2025-01-05 11:05:00,-72.84420000000046,11.816426250000447,1,EXIT_PROFIT_TARGET_MET
2025-01-05 11:10:00,-72.9386000000004,0.08722643121718557,1,EXIT_PROFIT_TARGET_MET
2025-01-05 11:15:00,-72.95160000000033,0.08209997972486094,1,EXIT_PROFIT_TARGET_MET
2025-01-05 11:20:00,-72.96560000000045,0.07657918581008116,1,EXIT_PROFIT_TARGET_MET
2025-01-05 11:25:00,-72.91679999999997,0.0958230960273673,1,EXIT_PROFIT_TARGET_MET
2025-01-05 11:30:00,-72.80320000000029,16.31108937499804,1,EXIT_PROFIT_TARGET_MET
2025-01-05 11:35:00,-72.7510000000002,13.891945625000467,1,EXIT_PROFIT_TARGET_MET
2025-01-05 11:40:00,-72.71119999999974,12.047464374998832,1,EXIT_PROFIT_TARGET_MET
2025-01-05 11:45:00,-72.71119999999974,12.047464374998832,1,EXIT_PROFIT_TARGET_MET
2025-01-05 11:50:00,-72.66499999999996,9.906383124998882,1,EXIT_PROFIT_TARGET_MET
2025-01-05 11:55:00,-72.73999999999978,13.382164375000102,1,EXIT_PROFIT_TARGET_MET
2025-01-05 12:00:00,-72.76640000000043,14.605639374998894,1,EXIT_PROFIT_TARGET_MET
2025-01-05 12:05:00,-72.74340000000029,13.53973312499874,1,EXIT_PROFIT_TARGET_MET
2025-01-05 12:10:00,-72.79039999999986,15.71788937500154,1,EXIT_PROFIT_TARGET_MET
2025-01-05 12:15:00,-72.84220000000005,11.730051250000031,1,EXIT_PROFIT_TARGET_MET
2025-01-05 12:20:00,-72.88100000000031,13.405726249999404,1,EXIT_PROFIT_TARGET_MET
2025-01-05 12:25:00,-72.88100000000031,13.405726249999404,1,EXIT_PROFIT_TARGET_MET
2025-01-05 12:30:00,-72.72680000000037,12.770426874998243,1,EXIT_PROFIT_TARGET_MET
2025-01-05 12:35:00,-72.72680000000037,12.770426874998243,1,EXIT_PROFIT_TARGET_MET
2025-01-05 12:40:00,-72.72680000000037,12.770426874998243,1,EXIT_PROFIT_TARGET_MET
2025-01-05 12:45:00,-72.72680000000037,12.770426874998243,1,EXIT_PROFIT_TARGET_MET
2025-01-05 12:50:00,-72.76879999999983,14.716864374999773,1,EXIT_PROFIT_TARGET_MET
2025-01-05 12:55:00,-72.82800000000043,11.116788749998932,1,EXIT_PROFIT_TARGET_MET
2025-01-05 13:00:00,-72.82800000000043,11.116788749998932,1,EXIT_PROFIT_TARGET_MET
2025-01-05 13:05:00,-72.6877999999997,10.963020624999459,1,EXIT_PROFIT_TARGET_MET
2025-01-05 13:10:00,-72.78859999999986,15.63447062500093,1,EXIT_PROFIT_TARGET_MET
2025-01-05 13:15:00,-72.78060000000005,15.263720624999983,1,EXIT_PROFIT_TARGET_MET
2025-01-05 13:20:00,-72.78060000000005,15.263720624999983,1,EXIT_PROFIT_TARGET_MET
2025-01-05 13:25:00,-72.65499999999975,9.442945625000817,1,EXIT_PROFIT_TARGET_MET
2025-01-05 13:30:00,-72.65499999999975,9.442945625000817,1,EXIT_PROFIT_TARGET_MET
2025-01-05 13:35:00,-72.65499999999975,9.442945625000817,1,EXIT_PROFIT_TARGET_MET
2025-01-05 13:40:00,-72.74499999999989,13.613883124998303,1,EXIT_PROFIT_TARGET_MET
2025-01-05 13:45:00,-72.69480000000021,11.287426874999511,1,EXIT_PROFIT_TARGET_MET
2025-01-05 13:50:00,-72.69480000000021,4.447014375000251,1,EXIT_PROFIT_TARGET_MET
2025-01-05 13:55:00,-72.71259999999984,0.0009414610075952402,1,EXIT_PROFIT_TARGET_MET
2025-01-05 14:00:00,-72.77819999999974,0.008041740455627791,1,EXIT_PROFIT_TARGET_MET
2025-01-05 14:05:00,-72.83359999999993,0.01334343884944945,1,EXIT_PROFIT_TARGET_MET
2025-01-05 14:10:00,-72.85540000000037,0.029035202686784386,1,EXIT_PROFIT_TARGET_MET
2025-01-05 14:15:00,-72.85540000000037,0.3248892609404675,1,EXIT_PROFIT_TARGET_MET
2025-01-05 14:20:00,-72.88100000000031,0.0489858633112939,1,EXIT_PROFIT_TARGET_MET
2025-01-05 14:25:00,-72.95300000000043,0.16837238866804813,1,EXIT_PROFIT_TARGET_MET
2025-01-05 14:30:00,-72.97839999999997,0.10268724168777714,1,EXIT_PROFIT_TARGET_MET
2025-01-05 14:35:00,-72.95560000000023,0.09114916000366655,1,EXIT_PROFIT_TARGET_MET
2025-01-05 14:40:00,-72.90719999999965,0.06718964370725868,1,EXIT_PROFIT_TARGET_MET
2025-01-05 14:45:00,-72.91619999999966,0.006420743341444325,1,EXIT_PROFIT_TARGET_MET
2025-01-05 14:50:00,-72.8738000000003,0.0239974200439415,1,EXIT_PROFIT_TARGET_MET
2025-01-05 14:55:00,-72.88040000000001,0.007920128498077267,1,EXIT_PROFIT_TARGET_MET
2025-01-05 15:00:00,-72.80739999999969,0.04322507080079388,1,EXIT_PROFIT_TARGET_MET
2025-01-05 15:05:00,-72.83780000000024,0.02637505126952905,1,EXIT_PROFIT_TARGET_MET
2025-01-05 15:10:00,-72.73559999999998,0.01016611808776975,1,EXIT_PROFIT_TARGET_MET
2025-01-05 15:15:00,-72.71860000000015,0.01141722854614281,1,EXIT_PROFIT_TARGET_MET
2025-01-05 15:20:00,-72.71860000000015,0.0013799633789082014,1,EXIT_PROFIT_TARGET_MET
2025-01-05 15:25:00,-72.81840000000011,0.016906088867187096,1,EXIT_PROFIT_TARGET_MET
2025-01-05 15:30:00,-72.77019999999993,0.008666390380857758,1,EXIT_PROFIT_TARGET_MET
2025-01-05 15:35:00,-72.67479999999978,0.010656525268553818,1,EXIT_PROFIT_TARGET_MET
2025-01-05 15:40:00,-72.77220000000034,0.06739334045410042,1,EXIT_PROFIT_TARGET_MET
2025-01-05 15:45:00,-72.73499999999967,0.04947825317382845,1,EXIT_PROFIT_TARGET_MET
2025-01-05 15:50:00,-72.71140000000014,0.0180149267578113,1,EXIT_PROFIT_TARGET_MET
2025-01-05 15:55:00,-72.66039999999975,0.0028039941406236,1,EXIT_PROFIT_TARGET_MET
2025-01-05 16:00:00,-72.60000000000036,0.014327156372070826,1,EXIT_PROFIT_TARGET_MET
2025-01-05 16:05:00,-72.67780000000039,0.002664960937499239,1,EXIT_PROFIT_TARGET_MET
2025-01-05 16:10:00,-72.67460000000028,0.002604841308592565,1,EXIT_PROFIT_TARGET_MET
2025-01-05 16:15:00,-72.66359999999986,0.3374574072265696,1,EXIT_PROFIT_TARGET_MET
2025-01-05 16:20:00,-72.76080000000002,0.509408325195318,1,EXIT_PROFIT_TARGET_MET
2025-01-05 16:25:00,-72.76080000000002,1.4025715625000061,1,EXIT_PROFIT_TARGET_MET
2025-01-05 16:30:00,-72.76080000000002,0.4036933105468594,1,EXIT_PROFIT_TARGET_MET
2025-01-05 16:35:00,-72.76080000000002,0.4036933105468594,1,EXIT_PROFIT_TARGET_MET
2025-01-05 16:40:00,-72.76080000000002,0.4036933105468594,1,EXIT_PROFIT_TARGET_MET
2025-01-05 16:45:00,-72.77319999999963,0.36695346679690943,1,EXIT_PROFIT_TARGET_MET
2025-01-05 16:50:00,-72.86620000000039,0.09140463867190785,1,EXIT_PROFIT_TARGET_MET
2025-01-05 16:55:00,-72.83039999999983,0.1974761230469122,1,EXIT_PROFIT_TARGET_MET
2025-01-05 17:00:00,-72.80479999999989,0.27332612304687554,1,EXIT_PROFIT_TARGET_MET
2025-01-05 17:05:00,-72.86160000000018,0.10503393554691298,1,EXIT_PROFIT_TARGET_MET
2025-01-05 17:10:00,-72.77279999999973,0.36813862304688016,1,EXIT_PROFIT_TARGET_MET
2025-01-05 17:15:00,-72.77279999999973,0.36813862304688016,1,EXIT_PROFIT_TARGET_MET
2025-01-05 17:20:00,-72.76159999999982,0.40132299804686,1,EXIT_PROFIT_TARGET_MET
2025-01-05 17:25:00,-72.76159999999982,0.40132299804686,1,EXIT_PROFIT_TARGET_MET
2025-01-05 17:30:00,-72.71060000000034,0.5524304199219112,1,EXIT_PROFIT_TARGET_MET
2025-01-05 17:35:00,-72.70979999999963,0.5548007324219106,1,EXIT_PROFIT_TARGET_MET
2025-01-05 17:40:00,-72.70979999999963,0.5548007324219106,1,EXIT_PROFIT_TARGET_MET
2025-01-05 17:45:00,-72.6848,0.6288729980469638,1,EXIT_PROFIT_TARGET_MET
2025-01-05 17:50:00,-72.6866,0.6235397949218637,1,EXIT_PROFIT_TARGET_MET
2025-01-05 17:55:00,-72.69480000000021,0.5992440917968962,1,EXIT_PROFIT_TARGET_MET
2025-01-05 18:00:00,-72.65260000000035,0.7242780761718959,1,EXIT_PROFIT_TARGET_MET
2025-01-05 18:05:00,-72.44419999999991,1.3417444824218827,1,EXIT_PROFIT_TARGET_MET
2025-01-05 18:10:00,-72.4382000000005,0.5057059375000312,1,EXIT_PROFIT_TARGET_MET
2025-01-05 18:15:00,-72.25600000000031,3.1406591015623713,1,EXIT_PROFIT_TARGET_MET
2025-01-05 18:20:00,-72.30000000000018,0.010931083068847644,1,EXIT_PROFIT_TARGET_MET
2025-01-05 18:25:00,-72.42780000000039,8.365215078125019,1,EXIT_PROFIT_TARGET_MET
2025-01-05 18:30:00,-72.44180000000051,5.38012984374997,1,EXIT_PROFIT_TARGET_MET
2025-01-05 18:35:00,-72.45679999999993,5.308645468749923,1,EXIT_PROFIT_TARGET_MET
2025-01-05 18:40:00,-72.45679999999993,6.062533203124934,1,EXIT_PROFIT_TARGET_MET
2025-01-05 18:45:00,-72.45679999999993,6.062533203124934,1,EXIT_PROFIT_TARGET_MET
2025-01-05 18:50:00,-72.41619999999966,6.512305078125218,1,EXIT_PROFIT_TARGET_MET
2025-01-05 18:55:00,-72.41619999999966,6.512305078125218,1,EXIT_PROFIT_TARGET_MET
2025-01-05 19:00:00,-72.41619999999966,6.512305078125218,1,EXIT_PROFIT_TARGET_MET
2025-01-05 19:05:00,-72.33780000000024,7.3808300781249105,1,EXIT_PROFIT_TARGET_MET
2025-01-05 19:10:00,-72.33780000000024,7.3808300781249105,1,EXIT_PROFIT_TARGET_MET
2025-01-05 19:15:00,-72.33780000000024,7.3808300781249105,1,EXIT_PROFIT_TARGET_MET
2025-01-05 19:20:00,-72.33780000000024,7.3808300781249105,1,EXIT_PROFIT_TARGET_MET
2025-01-05 19:25:00,-72.38540000000012,6.853511328124869,1,EXIT_PROFIT_TARGET_MET
2025-01-05 19:30:00,-72.28819999999996,7.930305078125107,1,EXIT_PROFIT_TARGET_MET
2025-01-05 19:35:00,-72.27919999999995,8.03000820312518,1,EXIT_PROFIT_TARGET_MET
2025-01-05 19:40:00,-72.27919999999995,8.03000820312518,1,EXIT_PROFIT_TARGET_MET
2025-01-05 19:45:00,-72.42900000000009,6.370505078125296,1,EXIT_PROFIT_TARGET_MET
2025-01-05 19:50:00,-72.20259999999962,8.878592578125273,1,EXIT_PROFIT_TARGET_MET
2025-01-05 19:55:00,-72.24219999999968,8.439898828125099,1,EXIT_PROFIT_TARGET_MET
2025-01-05 20:00:00,-72.10720000000038,9.935445703125001,1,EXIT_PROFIT_TARGET_MET
2025-01-05 20:05:00,-72.10720000000038,9.935445703125001,1,EXIT_PROFIT_TARGET_MET
2025-01-05 20:10:00,-72.10720000000038,9.935445703125001,1,EXIT_PROFIT_TARGET_MET
2025-01-05 20:15:00,-72.10720000000038,9.935445703125001,1,EXIT_PROFIT_TARGET_MET
2025-01-05 20:20:00,-72.30220000000008,7.775211328125032,1,EXIT_PROFIT_TARGET_MET
2025-01-05 20:25:00,-72.30220000000008,7.775211328125032,1,EXIT_PROFIT_TARGET_MET
2025-01-05 20:30:00,-72.30000000000018,7.799583203125135,1,EXIT_PROFIT_TARGET_MET
2025-01-05 20:35:00,-72.35760000000028,7.161483203125279,1,EXIT_PROFIT_TARGET_MET
2025-01-05 20:40:00,-72.36080000000038,7.126033203125482,1,EXIT_PROFIT_TARGET_MET
2025-01-05 20:45:00,-72.36080000000038,7.126033203125482,1,EXIT_PROFIT_TARGET_MET
2025-01-05 20:50:00,-72.36080000000038,7.126033203125482,1,EXIT_PROFIT_TARGET_MET
2025-01-05 20:55:00,-72.36080000000038,7.126033203125482,1,EXIT_PROFIT_TARGET_MET
2025-01-05 21:00:00,-72.36080000000038,7.126033203125482,1,EXIT_PROFIT_TARGET_MET
2025-01-05 21:05:00,-72.30379999999968,7.757486328125077,1,EXIT_PROFIT_TARGET_MET
2025-01-05 21:10:00,-72.30379999999968,7.757486328125077,1,EXIT_PROFIT_TARGET_MET
2025-01-05 21:15:00,-72.30379999999968,7.757486328125077,1,EXIT_PROFIT_TARGET_MET
2025-01-05 21:20:00,-72.3774000000003,6.94213632812504,1,EXIT_PROFIT_TARGET_MET
2025-01-05 21:25:00,-72.3774000000003,6.94213632812504,1,EXIT_PROFIT_TARGET_MET
2025-01-05 21:30:00,-72.26839999999993,8.14965195312525,1,EXIT_PROFIT_TARGET_MET
2025-01-05 21:35:00,-72.27180000000044,8.11198632812509,1,EXIT_PROFIT_TARGET_MET
2025-01-05 21:40:00,-72.27180000000044,8.11198632812509,1,EXIT_PROFIT_TARGET_MET
2025-01-05 21:45:00,-72.27180000000044,8.11198632812509,1,EXIT_PROFIT_TARGET_MET
2025-01-05 21:50:00,-72.23679999999968,8.499720703125158,1,EXIT_PROFIT_TARGET_MET
2025-01-05 21:55:00,-72.30240000000049,7.772995703125083,1,EXIT_PROFIT_TARGET_MET
2025-01-05 22:00:00,-72.30240000000049,7.772995703125083,1,EXIT_PROFIT_TARGET_MET
2025-01-05 22:05:00,-72.30240000000049,7.772995703125083,1,EXIT_PROFIT_TARGET_MET
2025-01-05 22:10:00,-72.28840000000037,7.928089453124903,1,EXIT_PROFIT_TARGET_MET
2025-01-05 22:15:00,-72.36300000000028,7.101661328124964,1,EXIT_PROFIT_TARGET_MET
2025-01-05 22:20:00,-72.33359999999993,7.427358203125072,1,EXIT_PROFIT_TARGET_MET
2025-01-05 22:25:00,-72.33359999999993,7.427358203125072,1,EXIT_PROFIT_TARGET_MET
2025-01-05 22:30:00,-72.27679999999964,8.056595703124879,1,EXIT_PROFIT_TARGET_MET
2025-01-05 22:35:00,-72.27679999999964,8.056595703124879,1,EXIT_PROFIT_TARGET_MET
2025-01-05 22:40:00,-72.27679999999964,8.056595703124879,1,EXIT_PROFIT_TARGET_MET
2025-01-05 22:45:00,-72.27679999999964,8.056595703124879,1,EXIT_PROFIT_TARGET_MET
2025-01-05 22:50:00,-72.38500000000022,6.857942578125229,1,EXIT_PROFIT_TARGET_MET
2025-01-05 22:55:00,-72.32920000000013,7.476101953125182,1,EXIT_PROFIT_TARGET_MET
2025-01-05 23:00:00,-72.32920000000013,7.476101953125182,1,EXIT_PROFIT_TARGET_MET
2025-01-05 23:05:00,-72.32920000000013,22.970136015625684,1,EXIT_PROFIT_TARGET_MET
2025-01-05 23:10:00,-72.35379999999986,36.96154968750167,1,EXIT_PROFIT_TARGET_MET
2025-01-05 23:15:00,-72.44760000000042,43.84370265624939,1,EXIT_PROFIT_TARGET_MET
2025-01-05 23:20:00,-72.44760000000042,68.65105437500102,1,EXIT_PROFIT_TARGET_MET
2025-01-05 23:25:00,-72.44760000000042,38.791003750000385,1,EXIT_PROFIT_TARGET_MET
2025-01-05 23:30:00,-72.51699999999983,12.268449999999746,1,EXIT_PROFIT_TARGET_MET
2025-01-05 23:35:00,-72.4373999999998,9.370103750000425,1,EXIT_PROFIT_TARGET_MET
2025-01-05 23:40:00,-72.53960000000006,23.99733968750028,1,EXIT_PROFIT_TARGET_MET
2025-01-05 23:45:00,-72.45020000000022,28.235458437500107,1,EXIT_PROFIT_TARGET_MET
2025-01-05 23:50:00,-72.46560000000045,27.505402187499655,1,EXIT_PROFIT_TARGET_MET
2025-01-05 23:55:00,-72.46560000000045,27.505402187499655,1,EXIT_PROFIT_TARGET_MET
2025-01-06 00:00:00,-72.31700000000001,34.549970937499175,1,EXIT_PROFIT_TARGET_MET
2025-01-06 00:05:00,-72.35419999999976,32.78645843750033,1,EXIT_PROFIT_TARGET_MET
2025-01-06 00:10:00,-72.34000000000015,33.45962718749918,1,EXIT_PROFIT_TARGET_MET
2025-01-06 00:15:00,-71.9989999999998,49.62515843750079,1,EXIT_PROFIT_TARGET_MET
2025-01-06 00:20:00,-72.01280000000042,48.97095218750038,1,EXIT_PROFIT_TARGET_MET
2025-01-06 00:25:00,-72.18080000000009,41.006702187499144,1,EXIT_PROFIT_TARGET_MET
2025-01-06 00:30:00,-72.04060000000027,34.04447437500038,1,EXIT_PROFIT_TARGET_MET
2025-01-06 00:35:00,-72.25560000000041,24.517286874999556,1,EXIT_PROFIT_TARGET_MET
2025-01-06 00:40:00,-72.35900000000038,19.93537437500015,1,EXIT_PROFIT_TARGET_MET
2025-01-06 00:45:00,-72.48900000000049,14.174749375000872,1,EXIT_PROFIT_TARGET_MET
2025-01-06 00:50:00,-72.4328000000005,16.66511187500008,1,EXIT_PROFIT_TARGET_MET
2025-01-06 00:55:00,-72.4328000000005,16.66511187500008,1,EXIT_PROFIT_TARGET_MET
2025-01-06 01:00:00,-72.50880000000052,13.297361875000746,1,EXIT_PROFIT_TARGET_MET
2025-01-06 01:05:00,-72.67720000000008,5.835136874999463,1,EXIT_PROFIT_TARGET_MET
2025-01-06 01:10:00,-72.60360000000037,9.096536875001917,1,EXIT_PROFIT_TARGET_MET
2025-01-06 01:15:00,-72.54200000000037,11.826186875000147,1,EXIT_PROFIT_TARGET_MET
2025-01-06 01:20:00,-72.48980000000029,14.139299374999396,1,EXIT_PROFIT_TARGET_MET
2025-01-06 01:25:00,-72.42140000000018,17.170274375000574,1,EXIT_PROFIT_TARGET_MET
2025-01-06 01:30:00,-72.65660000000025,6.747974374999657,1,EXIT_PROFIT_TARGET_MET
2025-01-06 01:35:00,-72.69959999999992,4.842536875000107,1,EXIT_PROFIT_TARGET_MET
2025-01-06 01:40:00,-72.69959999999992,4.842536875000107,1,EXIT_PROFIT_TARGET_MET
2025-01-06 01:45:00,-72.65599999999995,6.774561875000444,1,EXIT_PROFIT_TARGET_MET
2025-01-06 01:50:00,-72.69260000000031,5.152724375000673,1,EXIT_PROFIT_TARGET_MET
2025-01-06 01:55:00,-72.64419999999973,15.11515874999796,1,EXIT_PROFIT_TARGET_MET
2025-01-06 02:00:00,-72.70259999999962,0.00014442113291471582,1,EXIT_PROFIT_TARGET_MET
2025-01-06 02:05:00,-72.80619999999999,9.48783397674492e-05,1,EXIT_PROFIT_TARGET_MET
2025-01-06 02:10:00,-72.73779999999988,2.144992850720664e-05,1,EXIT_PROFIT_TARGET_MET
2025-01-06 02:15:00,-72.73779999999988,3.077135786414075e-05,1,EXIT_PROFIT_TARGET_MET
2025-01-06 02:20:00,-72.66979999999967,7.20020854473097e-05,1,EXIT_PROFIT_TARGET_MET
2025-01-06 02:25:00,-72.71540000000005,2.0700302124020763e-05,1,EXIT_PROFIT_TARGET_MET
2025-01-06 02:30:00,-72.71540000000005,6.810797572136609e-05,1,EXIT_PROFIT_TARGET_MET
2025-01-06 02:35:00,-72.67119999999977,7.890239715575885e-05,1,EXIT_PROFIT_TARGET_MET
2025-01-06 02:40:00,-72.67119999999977,2.7214814062490404,1,EXIT_PROFIT_TARGET_MET
2025-01-06 02:45:00,-72.56880000000001,0.621006875001008,1,EXIT_PROFIT_TARGET_MET
2025-01-06 02:50:00,-72.54299999999967,5.568705156248715,1,EXIT_PROFIT_TARGET_MET
2025-01-06 02:55:00,-72.62079999999969,8.360147476200314e-06,1,EXIT_PROFIT_TARGET_MET
2025-01-06 03:00:00,-72.65740000000005,0.00023712811470032657,1,EXIT_PROFIT_TARGET_MET
2025-01-06 03:05:00,-72.66319999999996,0.0003783753967285027,1,EXIT_PROFIT_TARGET_MET
2025-01-06 03:10:00,-72.72820000000047,3.1072044372588113e-06,1,EXIT_PROFIT_TARGET_MET
2025-01-06 03:15:00,-72.6855999999998,3.678026199340368e-05,1,EXIT_PROFIT_TARGET_MET
2025-01-06 03:20:00,-72.66480000000047,0.00445628768920869,1,EXIT_PROFIT_TARGET_MET
2025-01-06 03:25:00,-72.78859999999986,0.028472115783692596,1,EXIT_PROFIT_TARGET_MET
2025-01-06 03:30:00,-72.9402,0.07328005554199209,1,EXIT_PROFIT_TARGET_MET
2025-01-06 03:35:00,-72.79299999999967,0.1261542431640614,1,EXIT_PROFIT_TARGET_MET
2025-01-06 03:40:00,-72.70259999999962,0.10025311950684157,1,EXIT_PROFIT_TARGET_MET
2025-01-06 03:45:00,-72.53520000000026,0.10429520446779475,1,EXIT_PROFIT_TARGET_MET
2025-01-06 03:50:00,-72.52880000000005,5.289144515991566e-05,1,EXIT_PROFIT_TARGET_MET
2025-01-06 03:55:00,-72.52880000000005,0.0004217353820800758,1,EXIT_PROFIT_TARGET_MET
2025-01-06 04:00:00,-72.33079999999973,0.00046063385009764745,1,EXIT_PROFIT_TARGET_MET
2025-01-06 04:05:00,-72.27199999999993,0.0004721855163574355,1,EXIT_PROFIT_TARGET_MET
2025-01-06 04:10:00,-72.31720000000041,0.0004633056640624888,1,EXIT_PROFIT_TARGET_MET
2025-01-06 04:15:00,-72.36859999999979,0.00045320777893066537,1,EXIT_PROFIT_TARGET_MET
2025-01-06 04:20:00,-72.47360000000026,0.0004325798034667955,1,EXIT_PROFIT_TARGET_MET
2025-01-06 04:25:00,-72.4390000000003,0.0004393772125244077,1,EXIT_PROFIT_TARGET_MET
2025-01-06 04:30:00,-72.4380000000001,0.0004395736694335936,1,EXIT_PROFIT_TARGET_MET
2025-01-06 04:35:00,-72.58399999999983,0.16668131332395103,1,EXIT_PROFIT_TARGET_MET
2025-01-06 04:40:00,-72.58340000000044,0.16297066268922208,1,EXIT_PROFIT_TARGET_MET
2025-01-06 04:45:00,-72.58259999999973,0.15802312850962608,1,EXIT_PROFIT_TARGET_MET
2025-01-06 04:50:00,-72.60279999999966,0.2829483665466959,1,EXIT_PROFIT_TARGET_MET
2025-01-06 04:55:00,-72.64339999999993,0.0341718051148051,1,EXIT_PROFIT_TARGET_MET
2025-01-06 05:00:00,-72.64339999999993,0.0341718051148051,1,EXIT_PROFIT_TARGET_MET
2025-01-06 05:05:00,-72.70319999999992,0.40381566497805943,1,EXIT_PROFIT_TARGET_MET
2025-01-06 05:10:00,-72.72299999999996,0.5262061068725332,1,EXIT_PROFIT_TARGET_MET
2025-01-06 05:15:00,-72.77499999999964,0.8476355502319737,1,EXIT_PROFIT_TARGET_MET
2025-01-06 05:20:00,-72.65260000000035,0.09104009124752493,1,EXIT_PROFIT_TARGET_MET
2025-01-06 05:25:00,-72.65260000000035,0.09104009124752493,1,EXIT_PROFIT_TARGET_MET
2025-01-06 05:30:00,-72.70380000000023,0.407524466247554,1,EXIT_PROFIT_TARGET_MET
2025-01-06 05:35:00,-72.70380000000023,0.407524466247554,1,EXIT_PROFIT_TARGET_MET
2025-01-06 05:40:00,-72.70380000000023,0.407524466247554,1,EXIT_PROFIT_TARGET_MET
2025-01-06 05:45:00,-72.70380000000023,0.407524466247554,1,EXIT_PROFIT_TARGET_MET
2025-01-06 05:50:00,-72.70380000000023,0.407524466247554,1,EXIT_PROFIT_TARGET_MET
2025-01-06 05:55:00,-72.64779999999973,0.06136968109131216,1,EXIT_PROFIT_TARGET_MET
2025-01-06 06:00:00,-72.64779999999973,0.06136968109131216,1,EXIT_PROFIT_TARGET_MET
2025-01-06 06:05:00,-72.71100000000024,0.45203008148200124,1,EXIT_PROFIT_TARGET_MET
2025-01-06 06:10:00,-72.8064000000004,1.0417294833374011,1,EXIT_PROFIT_TARGET_MET
2025-01-06 06:15:00,-73.09820000000036,7.234072343749812,1,EXIT_PROFIT_TARGET_MET
2025-01-06 06:20:00,-72.97260000000006,1.413297343749143,1,EXIT_PROFIT_TARGET_MET
2025-01-06 06:25:00,-72.9380000000001,1.8551932284545694,1,EXIT_PROFIT_TARGET_MET
2025-01-06 06:30:00,-72.83740000000034,1.2333508822632508,1,EXIT_PROFIT_TARGET_MET
2025-01-06 06:35:00,-72.78819999999996,0.9292291781616225,1,EXIT_PROFIT_TARGET_MET
2025-01-06 06:40:00,-72.74539999999979,0.66466802093503,1,EXIT_PROFIT_TARGET_MET
2025-01-06 06:45:00,-72.64459999999963,0.041589407653794534,1,EXIT_PROFIT_TARGET_MET
2025-01-06 06:50:00,-72.71879999999965,0.5002444979859428,1,EXIT_PROFIT_TARGET_MET
2025-01-06 06:55:00,-72.71839999999975,0.4977719638062371,1,EXIT_PROFIT_TARGET_MET
2025-01-06 07:00:00,-72.7471999999998,0.6757944247436415,1,EXIT_PROFIT_TARGET_MET
2025-01-06 07:05:00,-72.7482,0.6819757601929698,1,EXIT_PROFIT_TARGET_MET
2025-01-06 07:10:00,-72.80000000000018,1.0021689364623654,1,EXIT_PROFIT_TARGET_MET
2025-01-06 07:15:00,-72.83560000000034,1.222224478454639,1,EXIT_PROFIT_TARGET_MET
2025-01-06 07:20:00,-72.78999999999996,0.9403555819702344,1,EXIT_PROFIT_TARGET_MET
2025-01-06 07:25:00,-72.85279999999966,1.3285434481812173,1,EXIT_PROFIT_TARGET_MET
2025-01-06 07:30:00,-72.85279999999966,1.3285434481812173,1,EXIT_PROFIT_TARGET_MET
2025-01-06 07:35:00,-72.92219999999998,1.7575281283570252,1,EXIT_PROFIT_TARGET_MET
2025-01-06 07:40:00,-72.78600000000006,0.9156302401734329,1,EXIT_PROFIT_TARGET_MET
2025-01-06 07:45:00,-72.78600000000006,0.9156302401734329,1,EXIT_PROFIT_TARGET_MET
2025-01-06 07:50:00,-72.84159999999974,1.259312491149969,1,EXIT_PROFIT_TARGET_MET
2025-01-06 07:55:00,-72.92820000000029,1.7946161410522272,1,EXIT_PROFIT_TARGET_MET
2025-01-06 08:00:00,-72.82679999999982,1.1678287265014973,1,EXIT_PROFIT_TARGET_MET
2025-01-06 08:05:00,-72.8116,1.0738724276733196,1,EXIT_PROFIT_TARGET_MET
2025-01-06 08:10:00,-72.8116,1.0738724276733196,1,EXIT_PROFIT_TARGET_MET
2025-01-06 08:15:00,-72.8116,1.0738724276733196,1,EXIT_PROFIT_TARGET_MET
2025-01-06 08:20:00,-72.83079999999973,1.1925540682984264,1,EXIT_PROFIT_TARGET_MET
2025-01-06 08:25:00,-72.90700000000015,1.6635718295288475,1,EXIT_PROFIT_TARGET_MET
2025-01-06 08:30:00,-72.8782000000001,1.485549368591315,1,EXIT_PROFIT_TARGET_MET
2025-01-06 08:35:00,-72.96000000000004,0.829366093749087,1,EXIT_PROFIT_TARGET_MET
2025-01-06 08:40:00,-72.83479999999963,1.217279410095228,1,EXIT_PROFIT_TARGET_MET
2025-01-06 08:45:00,-72.8100000000004,1.0639822909546244,1,EXIT_PROFIT_TARGET_MET
2025-01-06 08:50:00,-72.80659999999989,1.042965750427318,1,EXIT_PROFIT_TARGET_MET
2025-01-06 08:55:00,-72.8698000000004,1.4336261508178787,1,EXIT_PROFIT_TARGET_MET
2025-01-06 09:00:00,-72.97699999999986,1.6172098437496345,1,EXIT_PROFIT_TARGET_MET
2025-01-06 09:05:00,-72.95740000000023,0.708872343749622,1,EXIT_PROFIT_TARGET_MET
2025-01-06 09:10:00,-72.88619999999992,1.5350000521851737,1,EXIT_PROFIT_TARGET_MET
2025-01-06 09:15:00,-72.8068000000003,1.0442020175171067,1,EXIT_PROFIT_TARGET_MET
2025-01-06 09:20:00,-72.75500000000011,0.724008841247583,1,EXIT_PROFIT_TARGET_MET
2025-01-06 09:25:00,-72.79939999999988,0.9984601351928709,1,EXIT_PROFIT_TARGET_MET
2025-01-06 09:30:00,-72.8078000000005,1.0503833529663071,1,EXIT_PROFIT_TARGET_MET
2025-01-06 09:35:00,-72.76580000000013,0.7907672640991259,1,EXIT_PROFIT_TARGET_MET
2025-01-06 09:40:00,-72.79759999999987,0.987333731384387,1,EXIT_PROFIT_TARGET_MET
2025-01-06 09:45:00,-72.76280000000042,0.7722232577513969,1,EXIT_PROFIT_TARGET_MET
2025-01-06 09:50:00,-72.72680000000037,0.5496951815796732,1,EXIT_PROFIT_TARGET_MET
2025-01-06 09:55:00,-72.72680000000037,0.5496951815796732,1,EXIT_PROFIT_TARGET_MET
2025-01-06 10:00:00,-72.8094000000001,1.0602734896850021,1,EXIT_PROFIT_TARGET_MET
2025-01-06 10:05:00,-72.8094000000001,1.0602734896850021,1,EXIT_PROFIT_TARGET_MET
2025-01-06 10:10:00,-72.85379999999986,1.334724783630418,1,EXIT_PROFIT_TARGET_MET
2025-01-06 10:15:00,-72.66840000000047,0.18870519134519712,1,EXIT_PROFIT_TARGET_MET
2025-01-06 10:20:00,-72.92360000000008,1.7661819979858033,1,EXIT_PROFIT_TARGET_MET
2025-01-06 10:25:00,-72.85860000000048,1.3643951937866303,1,EXIT_PROFIT_TARGET_MET
2025-01-06 10:30:00,-72.73120000000017,0.5768930575561803,1,EXIT_PROFIT_TARGET_MET
2025-01-06 10:35:00,-72.65099999999984,0.08114995452895787,1,EXIT_PROFIT_TARGET_MET
2025-01-06 10:40:00,-72.65099999999984,0.08114995452895787,1,EXIT_PROFIT_TARGET_MET
2025-01-06 10:45:00,-72.73379999999997,0.5929645297240757,1,EXIT_PROFIT_TARGET_MET
2025-01-06 10:50:00,-72.5032000000001,0.00042676467895508144,1,EXIT_PROFIT_TARGET_MET
2025-01-06 10:55:00,-72.44000000000051,0.00043918075561523743,1,EXIT_PROFIT_TARGET_MET
2025-01-06 11:00:00,-72.47400000000016,0.00043250122070312425,1,EXIT_PROFIT_TARGET_MET
2025-01-06 11:05:00,-72.33680000000004,0.00045945510864256727,1,EXIT_PROFIT_TARGET_MET
2025-01-06 11:10:00,-72.30140000000029,0.0004664096832275376,1,EXIT_PROFIT_TARGET_MET
2025-01-06 11:15:00,-72.26400000000012,0.0004737571716308562,1,EXIT_PROFIT_TARGET_MET
2025-01-06 11:20:00,-72.32980000000043,0.00046083030700684114,1,EXIT_PROFIT_TARGET_MET
2025-01-06 11:25:00,-72.48360000000048,0.0004306152343749991,1,EXIT_PROFIT_TARGET_MET
2025-01-06 11:30:00,-72.47400000000016,0.00043250122070312425,1,EXIT_PROFIT_TARGET_MET
2025-01-06 11:35:00,-72.47580000000016,0.0004321475982666076,1,EXIT_PROFIT_TARGET_MET
2025-01-06 11:40:00,-72.57600000000002,0.11720597152709547,1,EXIT_PROFIT_TARGET_MET
2025-01-06 11:45:00,-72.59900000000016,0.2594475791931991,1,EXIT_PROFIT_TARGET_MET
2025-01-06 11:50:00,-73.02319999999963,3.758291093749616,1,EXIT_PROFIT_TARGET_MET
2025-01-06 11:55:00,-72.88000000000011,1.4966757723999267,1,EXIT_PROFIT_TARGET_MET
2025-01-06 12:00:00,-73.11580000000049,8.049722343749092,1,EXIT_PROFIT_TARGET_MET
2025-01-06 12:05:00,-73.55180000000018,12.07717968749963,1,EXIT_PROFIT_TARGET_MET
2025-01-06 12:10:00,-73.43040000000019,6.8342171874997675,1,EXIT_PROFIT_TARGET_MET
2025-01-06 12:15:00,-73.3152,1.8590171874999157,1,EXIT_PROFIT_TARGET_MET
2025-01-06 12:20:00,-73.31760000000031,1.9626671874995836,1,EXIT_PROFIT_TARGET_MET
2025-01-06 12:25:00,-73.22220000000016,12.980697343749895,1,EXIT_PROFIT_TARGET_MET
2025-01-06 12:30:00,-73.50460000000021,1.8323137499996562,1,EXIT_PROFIT_TARGET_MET
2025-01-06 12:35:00,-73.59479999999985,23.318998125001357,1,EXIT_PROFIT_TARGET_MET
2025-01-06 12:40:00,-73.36359999999968,4.224301689453074,1,EXIT_PROFIT_TARGET_MET
2025-01-06 12:45:00,-73.41100000000006,2.019220859375282,1,EXIT_PROFIT_TARGET_MET
2025-01-06 12:50:00,-73.30479999999989,0.7911296484375279,1,EXIT_PROFIT_TARGET_MET
2025-01-06 12:55:00,-73.18299999999999,0.06151910156254692,1,EXIT_PROFIT_TARGET_MET
2025-01-06 13:00:00,-73.20840000000044,0.08171476562508229,1,EXIT_PROFIT_TARGET_MET
2025-01-06 13:05:00,-73.33740000000034,0.9046885937498512,1,EXIT_PROFIT_TARGET_MET
2025-01-06 13:10:00,-73.33740000000034,1.9151410156250925,1,EXIT_PROFIT_TARGET_MET
2025-01-06 13:15:00,-73.29740000000038,0.08290915283203382,1,EXIT_PROFIT_TARGET_MET
2025-01-06 13:20:00,-73.23000000000047,0.008913613281241628,1,EXIT_PROFIT_TARGET_MET
2025-01-06 13:25:00,-73.23000000000047,0.4393650195312423,1,EXIT_PROFIT_TARGET_MET
2025-01-06 13:30:00,-73.44580000000042,0.07755550781250253,1,EXIT_PROFIT_TARGET_MET
2025-01-06 13:35:00,-73.39199999999983,0.24785449218753897,1,EXIT_PROFIT_TARGET_MET
2025-01-06 13:40:00,-73.4382000000005,10.112176874999314,1,EXIT_PROFIT_TARGET_MET
2025-01-06 13:45:00,-73.26620000000003,11.737301250001593,1,EXIT_PROFIT_TARGET_MET
2025-01-06 13:50:00,-73.27999999999975,0.7562734179687185,1,EXIT_PROFIT_TARGET_MET
2025-01-06 13:55:00,-73.32399999999961,2.4039755078125875,1,EXIT_PROFIT_TARGET_MET
2025-01-06 14:00:00,-73.29200000000037,4.0612673437500675,1,EXIT_PROFIT_TARGET_MET
2025-01-06 14:05:00,-73.28179999999975,3.248018906249765,1,EXIT_PROFIT_TARGET_MET
2025-01-06 14:10:00,-73.39239999999972,1.9818462500001033,1,EXIT_PROFIT_TARGET_MET
2025-01-06 14:15:00,-73.51500000000033,18.537765468750802,1,EXIT_PROFIT_TARGET_MET
2025-01-06 14:20:00,-73.50160000000051,0.09744250000039756,1,EXIT_PROFIT_TARGET_MET
2025-01-06 14:25:00,-73.27999999999975,39.3092631250026,1,EXIT_PROFIT_TARGET_MET
2025-01-06 14:30:00,-73.27340000000004,4.002927500000993,1,EXIT_PROFIT_TARGET_MET
2025-01-06 14:35:00,-73.23739999999998,1.7525449999996567,1,EXIT_PROFIT_TARGET_MET
2025-01-06 14:40:00,-73.23679999999968,5.351929999998063,1,EXIT_PROFIT_TARGET_MET
2025-01-06 14:45:00,-73.34339999999975,36.46357601562465,1,EXIT_PROFIT_TARGET_MET
2025-01-06 14:50:00,-73.35580000000027,27.2859577343743,1,EXIT_PROFIT_TARGET_MET
2025-01-06 14:55:00,-73.4427999999998,18.307127812498727,1,EXIT_PROFIT_TARGET_MET
2025-01-06 15:00:00,-73.39999999999964,15.139293750000526,1,EXIT_PROFIT_TARGET_MET
2025-01-06 15:05:00,-73.53179999999975,2.106559374999712,1,EXIT_PROFIT_TARGET_MET
2025-01-06 15:10:00,-73.45600000000013,0.3436743749984288,1,EXIT_PROFIT_TARGET_MET
2025-01-06 15:15:00,-73.46299999999974,14.624791875001293,1,EXIT_PROFIT_TARGET_MET
2025-01-06 15:20:00,-73.73160000000007,13.595753749998991,1,EXIT_PROFIT_TARGET_MET
2025-01-06 15:25:00,-73.77340000000004,5.267550000001563,1,EXIT_PROFIT_TARGET_MET
2025-01-06 15:30:00,-73.86959999999999,5.4843612499998216,1,EXIT_PROFIT_TARGET_MET
2025-01-06 15:35:00,-73.8132000000005,10.386739999997758,1,EXIT_PROFIT_TARGET_MET
2025-01-06 15:40:00,-73.68159999999989,24.009722500001928,1,EXIT_PROFIT_TARGET_MET
2025-01-06 15:45:00,-73.87039999999979,11.170063750000978,1,EXIT_PROFIT_TARGET_MET
2025-01-06 15:50:00,-73.71280000000024,14.860906250000696,1,EXIT_PROFIT_TARGET_MET
2025-01-06 15:55:00,-73.60120000000006,0.8472624999996583,1,EXIT_PROFIT_TARGET_MET
2025-01-06 16:00:00,-73.72559999999976,0.12397030517577745,1,EXIT_PROFIT_TARGET_MET
2025-01-06 16:05:00,-73.51519999999982,0.1482016748046826,1,EXIT_PROFIT_TARGET_MET
2025-01-06 16:10:00,-73.39620000000014,0.6073093652343937,1,EXIT_PROFIT_TARGET_MET
2025-01-06 16:15:00,-73.44520000000011,2.6896759082030917,1,EXIT_PROFIT_TARGET_MET
2025-01-06 16:20:00,-73.50420000000031,0.942642265624944,1,EXIT_PROFIT_TARGET_MET
2025-01-06 16:25:00,-73.4398000000001,0.7500362695310998,1,EXIT_PROFIT_TARGET_MET
2025-01-06 16:30:00,-73.33100000000013,11.823615185546846,1,EXIT_PROFIT_TARGET_MET
2025-01-06 16:35:00,-73.41520000000037,32.090535654297355,1,EXIT_PROFIT_TARGET_MET
2025-01-06 16:40:00,-73.41520000000037,5.5570332031247,1,EXIT_PROFIT_TARGET_MET
2025-01-06 16:45:00,-73.47739999999976,4.258302031247769,1,EXIT_PROFIT_TARGET_MET
2025-01-06 16:50:00,-73.47739999999976,1.163420312499582,1,EXIT_PROFIT_TARGET_MET
2025-01-06 16:55:00,-73.34119999999984,30.625358437501063,1,EXIT_PROFIT_TARGET_MET
2025-01-06 17:00:00,-73.20200000000023,-682.6663444336004,-1,HOLD
2025-01-06 17:05:00,-73.16259999999966,-448.6970759765545,-1,HOLD
2025-01-06 17:10:00,-73.16219999999976,-440.5624791015616,-1,HOLD
2025-01-06 17:15:00,-72.99499999999989,-880.5464713671763,-1,HOLD
2025-01-06 17:20:00,-72.96860000000015,-927.7992446093804,-1,HOLD
2025-01-06 17:25:00,-73.00880000000052,-939.4145948046944,-1,HOLD
2025-01-06 17:30:00,-72.93379999999979,-667.6848476562368,-1,HOLD
2025-01-06 17:35:00,-72.93379999999979,4.824967031249905,1,EXIT_PROFIT_TARGET_MET
2025-01-06 17:40:00,-72.93379999999979,5.451221250000604,1,EXIT_PROFIT_TARGET_MET
2025-01-06 17:45:00,-73.09940000000006,0.5421591406249915,1,EXIT_PROFIT_TARGET_MET
2025-01-06 17:50:00,-73.0600000000004,0.027216104488973172,1,EXIT_PROFIT_TARGET_MET
2025-01-06 17:55:00,-72.98779999999988,0.0018388378775118742,1,EXIT_PROFIT_TARGET_MET
2025-01-06 18:00:00,-73.14260000000013,0.0022016731198877242,1,EXIT_PROFIT_TARGET_MET
2025-01-06 18:05:00,-73.17619999999988,0.015540996437072026,1,EXIT_PROFIT_TARGET_MET
2025-01-06 18:10:00,-73.17619999999988,0.015540996437072026,1,EXIT_PROFIT_TARGET_MET
2025-01-06 18:15:00,-73.17619999999988,0.015540996437072026,1,EXIT_PROFIT_TARGET_MET
2025-01-06 18:20:00,-72.97400000000016,0.005441647118629158,1,EXIT_PROFIT_TARGET_MET
2025-01-06 18:25:00,-73.01519999999982,0.007433186674416865,1,EXIT_PROFIT_TARGET_MET
2025-01-06 18:30:00,-72.91499999999996,0.0025896851333982083,1,EXIT_PROFIT_TARGET_MET
2025-01-06 18:35:00,-72.92920000000049,0.0032760895434033785,1,EXIT_PROFIT_TARGET_MET
2025-01-06 18:40:00,-72.73959999999988,0.00342927548125307,1,EXIT_PROFIT_TARGET_MET
2025-01-06 18:45:00,-72.77819999999974,0.005295164403170795,1,EXIT_PROFIT_TARGET_MET
2025-01-06 18:50:00,-72.88380000000052,0.0010815289649362557,1,EXIT_PROFIT_TARGET_MET
2025-01-06 18:55:00,-72.82819999999992,0.007712118965238581,1,EXIT_PROFIT_TARGET_MET
2025-01-06 19:00:00,-72.91740000000027,0.002705697146356589,1,EXIT_PROFIT_TARGET_MET
2025-01-06 19:05:00,-72.89360000000033,0.0015552446845168949,1,EXIT_PROFIT_TARGET_MET
2025-01-06 19:10:00,-72.89360000000033,0.0015552446845168949,1,EXIT_PROFIT_TARGET_MET
2025-01-06 19:15:00,-72.89360000000033,0.0015552446845168949,1,EXIT_PROFIT_TARGET_MET
2025-01-06 19:20:00,-72.93199999999979,0.00341143689185499,1,EXIT_PROFIT_TARGET_MET
2025-01-06 19:25:00,-72.89360000000033,0.0015552446845168949,1,EXIT_PROFIT_TARGET_MET
2025-01-06 19:30:00,-72.89540000000034,0.0016422536942369299,1,EXIT_PROFIT_TARGET_MET
2025-01-06 19:35:00,-72.91200000000026,0.002444670117198483,1,EXIT_PROFIT_TARGET_MET
2025-01-06 19:40:00,-72.85019999999986,0.008775578972548327,1,EXIT_PROFIT_TARGET_MET
2025-01-06 19:45:00,-72.85339999999997,0.008930264064520818,1,EXIT_PROFIT_TARGET_MET
2025-01-06 19:50:00,-72.85339999999997,0.008930264064520818,1,EXIT_PROFIT_TARGET_MET
2025-01-06 19:55:00,-72.85339999999997,0.008930264064520818,1,EXIT_PROFIT_TARGET_MET
2025-01-06 20:00:00,-72.85339999999997,0.008930264064520818,1,EXIT_PROFIT_TARGET_MET
2025-01-06 20:05:00,-72.66960000000017,4.553909435797019e-05,1,EXIT_PROFIT_TARGET_MET
2025-01-06 20:10:00,-72.66960000000017,4.553909435797019e-05,1,EXIT_PROFIT_TARGET_MET
2025-01-06 20:15:00,-72.66960000000017,4.553909435797019e-05,1,EXIT_PROFIT_TARGET_MET
2025-01-06 20:20:00,-72.66960000000017,4.553909435797019e-05,1,EXIT_PROFIT_TARGET_MET
2025-01-06 20:25:00,-72.83259999999973,0.00792481096670113,1,EXIT_PROFIT_TARGET_MET
2025-01-06 20:30:00,-72.83259999999973,0.00792481096670113,1,EXIT_PROFIT_TARGET_MET
2025-01-06 20:35:00,-72.79520000000048,0.006116928954273463,1,EXIT_PROFIT_TARGET_MET
2025-01-06 20:40:00,-72.79520000000048,0.006116928954273463,1,EXIT_PROFIT_TARGET_MET
2025-01-06 20:45:00,-72.79520000000048,0.006116928954273463,1,EXIT_PROFIT_TARGET_MET
2025-01-06 20:50:00,-72.79520000000048,0.006116928954273463,1,EXIT_PROFIT_TARGET_MET
2025-01-06 20:55:00,-72.75160000000051,0.004009344576148659,1,EXIT_PROFIT_TARGET_MET
2025-01-06 21:00:00,-72.75160000000051,0.004009344576148659,1,EXIT_PROFIT_TARGET_MET
2025-01-06 21:05:00,-72.75160000000051,0.004009344576148659,1,EXIT_PROFIT_TARGET_MET
2025-01-06 21:10:00,-72.75160000000051,0.004009344576148659,1,EXIT_PROFIT_TARGET_MET
2025-01-06 21:15:00,-72.95539999999983,0.004542554018199456,1,EXIT_PROFIT_TARGET_MET
2025-01-06 21:20:00,-72.97479999999996,0.005480317789614619,1,EXIT_PROFIT_TARGET_MET
2025-01-06 21:25:00,-73.03719999999976,0.008496630126536524,1,EXIT_PROFIT_TARGET_MET
2025-01-06 21:30:00,-73.11819999999989,0.004337325935364449,1,EXIT_PROFIT_TARGET_MET
2025-01-06 21:35:00,-73.15760000000046,0.011948095207217133,1,EXIT_PROFIT_TARGET_MET
2025-01-06 21:40:00,-73.0645999999997,0.009821100607812291,1,EXIT_PROFIT_TARGET_MET
2025-01-06 21:45:00,-72.98019999999997,0.005741344818770726,1,EXIT_PROFIT_TARGET_MET
2025-01-06 21:50:00,-72.96460000000025,0.004987266734541748,1,EXIT_PROFIT_TARGET_MET
2025-01-06 21:55:00,-72.96460000000025,0.004987266734541748,1,EXIT_PROFIT_TARGET_MET
2025-01-06 22:00:00,-73.13600000000042,0.007775693778995721,1,EXIT_PROFIT_TARGET_MET
2025-01-06 22:05:00,-73.05299999999988,0.009260375878513616,1,EXIT_PROFIT_TARGET_MET
2025-01-06 22:10:00,-73.05299999999988,0.009260375878513616,1,EXIT_PROFIT_TARGET_MET
2025-01-06 22:15:00,-73.0003999999999,0.0067177792611723495,1,EXIT_PROFIT_TARGET_MET
2025-01-06 22:20:00,-72.99099999999999,0.00626339887708494,1,EXIT_PROFIT_TARGET_MET
2025-01-06 22:25:00,-73.22119999999995,0.008593257751465105,1,EXIT_PROFIT_TARGET_MET
2025-01-06 22:30:00,-73.22119999999995,0.008593257751465105,1,EXIT_PROFIT_TARGET_MET
2025-01-06 22:35:00,-73.08079999999973,0.010604181695282613,1,EXIT_PROFIT_TARGET_MET
2025-01-06 22:40:00,-73.13699999999972,0.007968860511779231,1,EXIT_PROFIT_TARGET_MET
2025-01-06 22:45:00,-73.13699999999972,0.007968860511779231,1,EXIT_PROFIT_TARGET_MET
2025-01-06 22:50:00,-73.13699999999972,0.007968860511779231,1,EXIT_PROFIT_TARGET_MET
2025-01-06 22:55:00,-72.90700000000015,0.0022029784235356054,1,EXIT_PROFIT_TARGET_MET
2025-01-06 23:00:00,-72.83680000000004,0.008127835149913836,1,EXIT_PROFIT_TARGET_MET
2025-01-06 23:05:00,-72.84040000000005,0.008301855878383013,1,EXIT_PROFIT_TARGET_MET
2025-01-06 23:10:00,-72.64999999999964,0.001318349669128446,1,EXIT_PROFIT_TARGET_MET
2025-01-06 23:15:00,-72.58759999999984,0.02392246038436915,1,EXIT_PROFIT_TARGET_MET
2025-01-06 23:20:00,-72.77559999999994,0.005169482765943834,1,EXIT_PROFIT_TARGET_MET
2025-01-06 23:25:00,-72.9386000000004,0.003730469927490788,1,EXIT_PROFIT_TARGET_MET
2025-01-06 23:30:00,-72.95560000000023,0.00455222168594657,1,EXIT_PROFIT_TARGET_MET
2025-01-06 23:35:00,-72.82560000000012,0.007586437328009622,1,EXIT_PROFIT_TARGET_MET
2025-01-06 23:40:00,-72.82560000000012,0.007586437328009622,1,EXIT_PROFIT_TARGET_MET
2025-01-06 23:45:00,-72.89919999999984,0.0018259393814211164,1,EXIT_PROFIT_TARGET_MET
2025-01-06 23:50:00,-72.97580000000016,0.005528656128347194,1,EXIT_PROFIT_TARGET_MET
2025-01-06 23:55:00,-73.05100000000039,0.009163699201047466,1,EXIT_PROFIT_TARGET_MET
2025-01-07 00:00:00,-73.10400000000027,0.0015943583297754011,1,EXIT_PROFIT_TARGET_MET
2025-01-07 00:05:00,-72.90920000000006,0.00230932276874887,1,EXIT_PROFIT_TARGET_MET
2025-01-07 00:10:00,-72.84259999999995,0.008408201879113288,1,EXIT_PROFIT_TARGET_MET
2025-01-07 00:15:00,-72.52859999999964,0.021070420702621093,1,EXIT_PROFIT_TARGET_MET
2025-01-07 00:20:00,-72.49359999999979,0.019378532755821735,1,EXIT_PROFIT_TARGET_MET
2025-01-07 00:25:00,-72.70259999999962,0.05031406021886353,1,EXIT_PROFIT_TARGET_MET
2025-01-07 00:30:00,-72.92939999999999,0.001011930390675499,1,EXIT_PROFIT_TARGET_MET
2025-01-07 00:35:00,-72.66859999999997,0.008515724734959505,1,EXIT_PROFIT_TARGET_MET
2025-01-07 00:40:00,-72.99319999999989,0.04990067506016401,1,EXIT_PROFIT_TARGET_MET
2025-01-07 00:45:00,-73.5616,0.085826528320321,1,EXIT_PROFIT_TARGET_MET
2025-01-07 00:50:00,-73.66840000000047,0.09683187500001611,1,EXIT_PROFIT_TARGET_MET
2025-01-07 00:55:00,-73.57920000000013,0.012187277832044999,1,EXIT_PROFIT_TARGET_MET
2025-01-07 01:00:00,-73.77679999999964,0.315413547363274,1,EXIT_PROFIT_TARGET_MET
2025-01-07 01:05:00,-73.92680000000018,1.9142759374996547,1,EXIT_PROFIT_TARGET_MET
2025-01-07 01:10:00,-73.89199999999983,1.256767499999981,1,EXIT_PROFIT_TARGET_MET
2025-01-07 01:15:00,-73.89999999999964,0.5958235156246019,1,EXIT_PROFIT_TARGET_MET
2025-01-07 01:20:00,-73.90279999999984,1.4767257031250423,1,EXIT_PROFIT_TARGET_MET
2025-01-07 01:25:00,-73.89500000000044,1.4533637890625546,1,EXIT_PROFIT_TARGET_MET
2025-01-07 01:30:00,-73.89500000000044,1.4533637890625546,1,EXIT_PROFIT_TARGET_MET
2025-01-07 01:35:00,-73.79600000000028,1.1568471875001018,1,EXIT_PROFIT_TARGET_MET
2025-01-07 01:40:00,-73.83799999999974,1.2826421093749083,1,EXIT_PROFIT_TARGET_MET
2025-01-07 01:45:00,-73.80199999999968,1.174817890624954,1,EXIT_PROFIT_TARGET_MET
2025-01-07 01:50:00,-74.16240000000016,-229.3799200000003,-1,HOLD
2025-01-07 01:55:00,-74.22000000000025,0.6646141406250043,1,EXIT_PROFIT_TARGET_MET
2025-01-07 02:00:00,-74.30919999999969,0.9053844531250608,1,EXIT_PROFIT_TARGET_MET
2025-01-07 02:05:00,-74.40120000000024,1.1537125781250097,1,EXIT_PROFIT_TARGET_MET
2025-01-07 02:10:00,-74.40120000000024,1.1537125781250097,1,EXIT_PROFIT_TARGET_MET
2025-01-07 02:15:00,-74.40120000000024,1.1537125781250097,1,EXIT_PROFIT_TARGET_MET
2025-01-07 02:20:00,-74.57740000000013,1.62931492187493,1,EXIT_PROFIT_TARGET_MET
2025-01-07 02:25:00,-74.58020000000033,1.6368727343749265,1,EXIT_PROFIT_TARGET_MET
2025-01-07 02:30:00,-74.63500000000022,1.7847899218749994,1,EXIT_PROFIT_TARGET_MET
2025-01-07 02:35:00,-74.5002000000004,1.4209352343749497,1,EXIT_PROFIT_TARGET_MET
2025-01-07 02:40:00,-74.26839999999993,0.795256328124986,1,EXIT_PROFIT_TARGET_MET
2025-01-07 02:45:00,-73.98419999999987,0.02813835937500464,1,EXIT_PROFIT_TARGET_MET
2025-01-07 02:50:00,-74.23139999999967,0.6953852343749807,1,EXIT_PROFIT_TARGET_MET
2025-01-07 02:55:00,-74.26620000000003,0.7893180468750014,1,EXIT_PROFIT_TARGET_MET
2025-01-07 03:00:00,-73.95700000000033,0.9034683789062703,1,EXIT_PROFIT_TARGET_MET
2025-01-07 03:05:00,-73.9982,0.06592742187501877,1,EXIT_PROFIT_TARGET_MET
2025-01-07 03:10:00,-73.97059999999965,0.944201972656229,1,EXIT_PROFIT_TARGET_MET
2025-01-07 03:15:00,-73.76640000000043,0.3325990429688124,1,EXIT_PROFIT_TARGET_MET
2025-01-07 03:20:00,-73.89860000000044,0.7285535351562225,1,EXIT_PROFIT_TARGET_MET
2025-01-07 03:25:00,-73.89860000000044,0.7285535351562225,1,EXIT_PROFIT_TARGET_MET
2025-01-07 03:30:00,-73.82020000000011,0.4937363476563217,1,EXIT_PROFIT_TARGET_MET
2025-01-07 03:35:00,-73.50640000000021,0.19793360763550044,1,EXIT_PROFIT_TARGET_MET
2025-01-07 03:40:00,-73.17619999999988,0.166936669998159,1,EXIT_PROFIT_TARGET_MET
2025-01-07 03:45:00,-73.35339999999997,0.07971556716918438,1,EXIT_PROFIT_TARGET_MET
2025-01-07 03:50:00,-73.3141999999998,0.0494270234680132,1,EXIT_PROFIT_TARGET_MET
2025-01-07 03:55:00,-73.40160000000014,0.11695811325072988,1,EXIT_PROFIT_TARGET_MET
2025-01-07 04:00:00,-73.40279999999984,0.11788531356811954,1,EXIT_PROFIT_TARGET_MET
2025-01-07 04:05:00,-73.44959999999992,0.15404612594605177,1,EXIT_PROFIT_TARGET_MET
2025-01-07 04:10:00,-73.48980000000029,0.18510733657836498,1,EXIT_PROFIT_TARGET_MET
2025-01-07 04:15:00,-73.51040000000012,0.2010242753601166,1,EXIT_PROFIT_TARGET_MET
2025-01-07 04:20:00,-73.71500000000015,0.178650019531168,1,EXIT_PROFIT_TARGET_MET
2025-01-07 04:25:00,-73.71500000000015,0.178650019531168,1,EXIT_PROFIT_TARGET_MET
2025-01-07 04:30:00,-73.66679999999997,0.034285371093750516,1,EXIT_PROFIT_TARGET_MET
2025-01-07 04:35:00,-73.76640000000043,0.3325990429688124,1,EXIT_PROFIT_TARGET_MET
2025-01-07 04:40:00,-73.77419999999984,0.35596095703129804,1,EXIT_PROFIT_TARGET_MET
2025-01-07 04:45:00,-73.71619999999984,0.18224416015619438,1,EXIT_PROFIT_TARGET_MET
2025-01-07 04:50:00,-73.61020000000008,0.27813643508910496,1,EXIT_PROFIT_TARGET_MET
2025-01-07 04:55:00,-73.61020000000008,0.27813643508910496,1,EXIT_PROFIT_TARGET_MET
2025-01-07 05:00:00,-73.61020000000008,0.27813643508910496,1,EXIT_PROFIT_TARGET_MET
2025-01-07 05:05:00,-73.59040000000005,0.2628376298522718,1,EXIT_PROFIT_TARGET_MET
2025-01-07 05:10:00,-73.78700000000026,0.3942984570312704,1,EXIT_PROFIT_TARGET_MET
2025-01-07 05:15:00,-73.8148000000001,0.47756271484370294,1,EXIT_PROFIT_TARGET_MET
2025-01-07 05:20:00,-73.85699999999997,0.6039566601562663,1,EXIT_PROFIT_TARGET_MET
2025-01-07 05:25:00,-73.78219999999965,0.3799218945313567,1,EXIT_PROFIT_TARGET_MET
2025-01-07 05:30:00,-73.78999999999996,0.4032838085938404,1,EXIT_PROFIT_TARGET_MET
2025-01-07 05:35:00,-73.78999999999996,0.4032838085938404,1,EXIT_PROFIT_TARGET_MET
2025-01-07 05:40:00,-73.83979999999974,0.5524406445312264,1,EXIT_PROFIT_TARGET_MET
2025-01-07 05:45:00,-73.8100000000004,0.46318615234378324,1,EXIT_PROFIT_TARGET_MET
2025-01-07 05:50:00,-73.76299999999992,0.3224156445312063,1,EXIT_PROFIT_TARGET_MET
2025-01-07 05:55:00,-73.76299999999992,0.3224156445312063,1,EXIT_PROFIT_TARGET_MET
2025-01-07 06:00:00,-73.79420000000027,0.4158633007812449,1,EXIT_PROFIT_TARGET_MET
2025-01-07 06:05:00,-73.79520000000048,0.41885841796870227,1,EXIT_PROFIT_TARGET_MET
2025-01-07 06:10:00,-73.89639999999963,0.7219642773437367,1,EXIT_PROFIT_TARGET_MET
2025-01-07 06:15:00,-73.87660000000051,0.6626609570312629,1,EXIT_PROFIT_TARGET_MET
2025-01-07 06:20:00,-74.0,0.07078601562495823,1,EXIT_PROFIT_TARGET_MET
2025-01-07 06:25:00,-73.85379999999986,0.5943722851562272,1,EXIT_PROFIT_TARGET_MET
2025-01-07 06:30:00,-73.86040000000048,0.6141400585936825,1,EXIT_PROFIT_TARGET_MET
2025-01-07 06:35:00,-73.75619999999981,0.30204884765627193,1,EXIT_PROFIT_TARGET_MET
2025-01-07 06:40:00,-73.67360000000008,0.05465216796878081,1,EXIT_PROFIT_TARGET_MET
2025-01-07 06:45:00,-73.46839999999975,0.16857226425171895,1,EXIT_PROFIT_TARGET_MET
2025-01-07 06:50:00,-73.60159999999996,0.2714914994812018,1,EXIT_PROFIT_TARGET_MET
2025-01-07 06:55:00,-73.52220000000034,0.2101417451476935,1,EXIT_PROFIT_TARGET_MET
2025-01-07 07:00:00,-73.52220000000034,0.2101417451476935,1,EXIT_PROFIT_TARGET_MET
2025-01-07 07:05:00,-73.60000000000036,0.27025523239136495,1,EXIT_PROFIT_TARGET_MET
2025-01-07 07:10:00,-73.57200000000012,0.24862055831907587,1,EXIT_PROFIT_TARGET_MET
2025-01-07 07:15:00,-73.57319999999982,0.2495477586364655,1,EXIT_PROFIT_TARGET_MET
2025-01-07 07:20:00,-73.35660000000007,0.08218810134885812,1,EXIT_PROFIT_TARGET_MET
2025-01-07 07:25:00,-73.41139999999996,0.12453024917602268,1,EXIT_PROFIT_TARGET_MET
2025-01-07 07:30:00,-73.52739999999994,0.21415961318969928,1,EXIT_PROFIT_TARGET_MET
2025-01-07 07:35:00,-73.52739999999994,0.21415961318969928,1,EXIT_PROFIT_TARGET_MET
2025-01-07 07:40:00,-73.41120000000046,0.14100493194579544,1,EXIT_PROFIT_TARGET_MET
2025-01-07 07:45:00,-73.45560000000023,0.23719669769284757,1,EXIT_PROFIT_TARGET_MET
2025-01-07 07:50:00,-73.51060000000052,0.10604037796021168,1,EXIT_PROFIT_TARGET_MET
2025-01-07 07:55:00,-73.34680000000026,0.4074666347503976,1,EXIT_PROFIT_TARGET_MET
2025-01-07 08:00:00,-73.34680000000026,0.4074666347503976,1,EXIT_PROFIT_TARGET_MET
2025-01-07 08:05:00,-73.41380000000026,0.014647045135454756,1,EXIT_PROFIT_TARGET_MET
2025-01-07 08:10:00,-73.52739999999994,0.3657468986511081,1,EXIT_PROFIT_TARGET_MET
2025-01-07 08:15:00,-73.52400000000034,1.37411066864024,1,EXIT_PROFIT_TARGET_MET
2025-01-07 08:20:00,-73.55299999999988,4.587569238281154,1,EXIT_PROFIT_TARGET_MET
2025-01-07 08:25:00,-73.59680000000026,5.2822120312502125,1,EXIT_PROFIT_TARGET_MET
2025-01-07 08:30:00,-73.58200000000033,4.56129015625045,1,EXIT_PROFIT_TARGET_MET
2025-01-07 08:35:00,-73.58200000000033,4.56129015625045,1,EXIT_PROFIT_TARGET_MET
2025-01-07 08:40:00,-73.59339999999975,5.116594843748505,1,EXIT_PROFIT_TARGET_MET
2025-01-07 08:45:00,-73.53539999999975,2.291360468749886,1,EXIT_PROFIT_TARGET_MET
2025-01-07 08:50:00,-73.53539999999975,2.291360468749886,1,EXIT_PROFIT_TARGET_MET
2025-01-07 08:55:00,-73.58500000000004,3.834788538818357,1,EXIT_PROFIT_TARGET_MET
2025-01-07 09:00:00,-73.42320000000018,0.1494816430665089,1,EXIT_PROFIT_TARGET_MET
2025-01-07 09:05:00,-73.40719999999965,3.4246478979492374,1,EXIT_PROFIT_TARGET_MET
2025-01-07 09:10:00,-73.40719999999965,0.0423115429687182,1,EXIT_PROFIT_TARGET_MET
2025-01-07 09:15:00,-73.51040000000012,1.309232636718911,1,EXIT_PROFIT_TARGET_MET
2025-01-07 09:20:00,-73.49319999999989,1.0980791210941374,1,EXIT_PROFIT_TARGET_MET
2025-01-07 09:25:00,-73.58719999999994,2.252057636718611,1,EXIT_PROFIT_TARGET_MET
2025-01-07 09:30:00,-73.50740000000042,1.27240353515652,1,EXIT_PROFIT_TARGET_MET
2025-01-07 09:35:00,-73.50740000000042,1.27240353515652,1,EXIT_PROFIT_TARGET_MET
2025-01-07 09:40:00,-73.60999999999967,0.39291417968807174,1,EXIT_PROFIT_TARGET_MET
2025-01-07 09:45:00,-73.64459999999963,1.2651066015629189,1,EXIT_PROFIT_TARGET_MET
2025-01-07 09:50:00,-73.69899999999961,2.955951562499818,1,EXIT_PROFIT_TARGET_MET
2025-01-07 09:55:00,-73.69899999999961,3.3746004687495486,1,EXIT_PROFIT_TARGET_MET
2025-01-07 10:00:00,-73.60900000000038,2.17000437499987,1,EXIT_PROFIT_TARGET_MET
2025-01-07 10:05:00,-73.49359999999979,10.689795624999629,1,EXIT_PROFIT_TARGET_MET
2025-01-07 10:10:00,-73.49499999999989,10.129893124999775,1,EXIT_PROFIT_TARGET_MET
2025-01-07 10:15:00,-73.69419999999991,8.422365625000054,1,EXIT_PROFIT_TARGET_MET
2025-01-07 10:20:00,-73.6902,10.715632031250117,1,EXIT_PROFIT_TARGET_MET
2025-01-07 10:25:00,-73.76379999999972,4.0827353124997,1,EXIT_PROFIT_TARGET_MET
2025-01-07 10:30:00,-73.73239999999987,6.809771249999244,1,EXIT_PROFIT_TARGET_MET
2025-01-07 10:35:00,-73.7430000000004,23.37074874999996,1,EXIT_PROFIT_TARGET_MET
2025-01-07 10:40:00,-73.64559999999983,21.433524999999662,1,EXIT_PROFIT_TARGET_MET
2025-01-07 10:45:00,-73.67380000000048,10.65651749999816,1,EXIT_PROFIT_TARGET_MET
2025-01-07 10:50:00,-73.66939999999977,10.779132656250752,1,EXIT_PROFIT_TARGET_MET
2025-01-07 10:55:00,-73.58520000000044,5.2439092187490814,1,EXIT_PROFIT_TARGET_MET
2025-01-07 11:00:00,-73.40660000000025,8.348498984373562,1,EXIT_PROFIT_TARGET_MET
2025-01-07 11:05:00,-73.47180000000026,11.524452109373255,1,EXIT_PROFIT_TARGET_MET
2025-01-07 11:10:00,-73.47640000000047,0.03000921874989615,1,EXIT_PROFIT_TARGET_MET
2025-01-07 11:15:00,-73.58539999999994,5.253493593750186,1,EXIT_PROFIT_TARGET_MET
2025-01-07 11:20:00,-73.63659999999982,7.707093593749889,1,EXIT_PROFIT_TARGET_MET
2025-01-07 11:25:00,-73.6293999999998,7.362056093750361,1,EXIT_PROFIT_TARGET_MET
2025-01-07 11:30:00,-73.64220000000023,7.97545609375139,1,EXIT_PROFIT_TARGET_MET
2025-01-07 11:35:00,-73.73480000000018,11.752325937500984,1,EXIT_PROFIT_TARGET_MET
2025-01-07 11:40:00,-73.80619999999999,10.185866250001467,1,EXIT_PROFIT_TARGET_MET
2025-01-07 11:45:00,-73.80519999999979,6.950219999998794,1,EXIT_PROFIT_TARGET_MET
2025-01-07 11:50:00,-73.85040000000026,1.418361250002505,1,EXIT_PROFIT_TARGET_MET
2025-01-07 11:55:00,-73.84900000000016,5.937357499997987,1,EXIT_PROFIT_TARGET_MET
2025-01-07 12:00:00,-73.88879999999972,11.042977499999964,1,EXIT_PROFIT_TARGET_MET
2025-01-07 12:05:00,-73.88879999999972,0.4071155468736496,1,EXIT_PROFIT_TARGET_MET
2025-01-07 12:10:00,-73.91979999999967,3.569670000000608,1,EXIT_PROFIT_TARGET_MET
2025-01-07 12:15:00,-73.91939999999977,10.853162783202576,1,EXIT_PROFIT_TARGET_MET
2025-01-07 12:20:00,-73.86840000000029,9.912852324218667,1,EXIT_PROFIT_TARGET_MET
2025-01-07 12:25:00,-73.70340000000033,8.683110507812007,1,EXIT_PROFIT_TARGET_MET
2025-01-07 12:30:00,-73.8116,10.028245781249884,1,EXIT_PROFIT_TARGET_MET
2025-01-07 12:35:00,-73.80460000000039,8.528237343750167,1,EXIT_PROFIT_TARGET_MET
2025-01-07 12:40:00,-73.80460000000039,3.9184346875005147,1,EXIT_PROFIT_TARGET_MET
2025-01-07 12:45:00,-73.80460000000039,4.906645937500038,1,EXIT_PROFIT_TARGET_MET
2025-01-07 12:50:00,-73.56900000000041,4.063870624999453,1,EXIT_PROFIT_TARGET_MET
2025-01-07 12:55:00,-73.60440000000017,37.322225000000515,1,EXIT_PROFIT_TARGET_MET
2025-01-07 13:00:00,-73.60440000000017,49.304470624999894,1,EXIT_PROFIT_TARGET_MET
2025-01-07 13:05:00,-73.68199999999979,23.023832499999614,1,EXIT_PROFIT_TARGET_MET
2025-01-07 13:10:00,-73.64099999999962,-298.9177000000003,-1,HOLD
2025-01-07 13:15:00,-73.64099999999962,-303.93813000000046,-1,HOLD
2025-01-07 13:20:00,-73.63580000000002,-218.08185000000003,-1,HOLD
2025-01-07 13:25:00,-73.55439999999999,-220.90917999999965,-1,HOLD
2025-01-07 13:30:00,-73.63580000000002,-217.44184999999993,-1,HOLD
2025-01-07 13:35:00,-73.63580000000002,72.71358499999832,1,EXIT_PROFIT_TARGET_MET
2025-01-07 13:40:00,-73.63580000000002,135.43017749999848,1,EXIT_PROFIT_TARGET_MET
2025-01-07 13:45:00,-73.63580000000002,135.43017749999848,1,EXIT_PROFIT_TARGET_MET
2025-01-07 13:50:00,-73.58359999999993,134.16432750000058,1,EXIT_PROFIT_TARGET_MET
2025-01-07 13:55:00,-73.58359999999993,134.16432750000058,1,EXIT_PROFIT_TARGET_MET
2025-01-07 14:00:00,-73.66979999999967,136.25467749999984,1,EXIT_PROFIT_TARGET_MET
2025-01-07 14:05:00,-73.63140000000021,135.3234774999981,1,EXIT_PROFIT_TARGET_MET
2025-01-07 14:10:00,-73.63140000000021,135.3234774999981,1,EXIT_PROFIT_TARGET_MET
2025-01-07 14:15:00,-73.63140000000021,135.3234774999981,1,EXIT_PROFIT_TARGET_MET
2025-01-07 14:20:00,-73.6282000000001,135.24587750000097,1,EXIT_PROFIT_TARGET_MET
2025-01-07 14:25:00,-73.6282000000001,135.24587750000097,1,EXIT_PROFIT_TARGET_MET
2025-01-07 14:30:00,-73.59280000000035,134.3874274999987,1,EXIT_PROFIT_TARGET_MET
2025-01-07 14:35:00,-73.59280000000035,134.3874274999987,1,EXIT_PROFIT_TARGET_MET
2025-01-07 14:40:00,-73.59280000000035,134.3874274999987,1,EXIT_PROFIT_TARGET_MET
2025-01-07 14:45:00,-73.52000000000044,43.1502375000004,1,EXIT_PROFIT_TARGET_MET
2025-01-07 14:50:00,-73.52000000000044,7.859822499999268,1,EXIT_PROFIT_TARGET_MET
2025-01-07 14:55:00,-73.5,9.236124999998651,1,EXIT_PROFIT_TARGET_MET
2025-01-07 15:00:00,-73.48000000000047,44.663147499999525,1,EXIT_PROFIT_TARGET_MET
2025-01-07 15:05:00,-73.46860000000015,132.81164750000005,1,EXIT_PROFIT_TARGET_MET
2025-01-07 15:10:00,-73.46860000000015,133.52505250000036,1,EXIT_PROFIT_TARGET_MET
2025-01-07 15:15:00,-73.47959999999966,98.64383250000037,1,EXIT_PROFIT_TARGET_MET
2025-01-07 15:20:00,-73.35019999999986,55.242144999999766,1,EXIT_PROFIT_TARGET_MET
2025-01-07 15:25:00,-73.34000000000015,42.98022750000143,1,EXIT_PROFIT_TARGET_MET
2025-01-07 15:30:00,-73.42879999999968,53.908377500000256,1,EXIT_PROFIT_TARGET_MET
2025-01-07 15:35:00,-73.3761999999997,32.12743000000012,1,EXIT_PROFIT_TARGET_MET
2025-01-07 15:40:00,-73.22440000000006,10.077614999999923,1,EXIT_PROFIT_TARGET_MET
2025-01-07 15:45:00,-73.22440000000006,27.929345000000467,1,EXIT_PROFIT_TARGET_MET
2025-01-07 15:50:00,-73.34079999999994,37.14138625000041,1,EXIT_PROFIT_TARGET_MET
2025-01-07 15:55:00,-73.34540000000015,44.4267550000001,1,EXIT_PROFIT_TARGET_MET
2025-01-07 16:00:00,-73.34540000000015,3.232539999998835,1,EXIT_PROFIT_TARGET_MET
2025-01-07 16:05:00,-73.32700000000023,52.106171249998596,1,EXIT_PROFIT_TARGET_MET
2025-01-07 16:10:00,-73.33740000000034,9.725277499998981,1,EXIT_PROFIT_TARGET_MET
2025-01-07 16:15:00,-73.50420000000031,34.88894249999959,1,EXIT_PROFIT_TARGET_MET
2025-01-07 16:20:00,-73.45780000000013,48.55521000000135,1,EXIT_PROFIT_TARGET_MET
2025-01-07 16:25:00,-73.40859999999975,46.3545924999998,1,EXIT_PROFIT_TARGET_MET
2025-01-07 16:30:00,-73.40859999999975,49.377600000002076,1,EXIT_PROFIT_TARGET_MET
2025-01-07 16:35:00,-73.4372000000003,36.36023999999958,1,EXIT_PROFIT_TARGET_MET
2025-01-07 16:40:00,-73.4431999999997,37.91383000000087,1,EXIT_PROFIT_TARGET_MET
2025-01-07 16:45:00,-73.4354000000003,28.036494999998183,1,EXIT_PROFIT_TARGET_MET
2025-01-07 16:50:00,-73.4354000000003,73.59413749999851,1,EXIT_PROFIT_TARGET_MET
2025-01-07 16:55:00,-73.4354000000003,219.46263999999957,1,EXIT_PROFIT_TARGET_MET
2025-01-07 17:00:00,-73.5,212.12957749999913,1,EXIT_PROFIT_TARGET_MET
2025-01-07 17:05:00,-73.56500000000051,154.13459,1,EXIT_PROFIT_TARGET_MET
2025-01-07 17:10:00,-73.58520000000044,149.5805874999984,1,EXIT_PROFIT_TARGET_MET
2025-01-07 17:15:00,-73.52459999999974,88.67044250000043,1,EXIT_PROFIT_TARGET_MET
2025-01-07 17:20:00,-73.52459999999974,100.55333499999836,1,EXIT_PROFIT_TARGET_MET
2025-01-07 17:25:00,-73.45799999999963,98.9382849999991,1,EXIT_PROFIT_TARGET_MET
2025-01-07 17:30:00,-73.3761999999997,96.95463499999869,1,EXIT_PROFIT_TARGET_MET
2025-01-07 17:35:00,-73.26720000000023,94.31138499999821,1,EXIT_PROFIT_TARGET_MET
2025-01-07 17:40:00,-73.26720000000023,94.31138499999821,1,EXIT_PROFIT_TARGET_MET
2025-01-07 17:45:00,-73.34320000000025,96.15438499999885,1,EXIT_PROFIT_TARGET_MET
2025-01-07 17:50:00,-73.3724000000002,75.72427749999946,1,EXIT_PROFIT_TARGET_MET
2025-01-07 17:55:00,-73.3724000000002,75.72427749999946,1,EXIT_PROFIT_TARGET_MET
2025-01-07 18:00:00,-73.36120000000028,75.45267749999931,1,EXIT_PROFIT_TARGET_MET
2025-01-07 18:05:00,-73.3676000000005,75.60787749999918,1,EXIT_PROFIT_TARGET_MET
2025-01-07 18:10:00,-73.24200000000019,72.56207749999868,1,EXIT_PROFIT_TARGET_MET
2025-01-07 18:15:00,-73.2430000000004,72.5863274999997,1,EXIT_PROFIT_TARGET_MET
2025-01-07 18:20:00,-73.36999999999989,75.6660775000006,1,EXIT_PROFIT_TARGET_MET
2025-01-07 18:25:00,-73.36999999999989,75.6660775000006,1,EXIT_PROFIT_TARGET_MET
2025-01-07 18:30:00,-73.39860000000044,76.35962749999902,1,EXIT_PROFIT_TARGET_MET
2025-01-07 18:35:00,-73.40719999999965,76.5681775000001,1,EXIT_PROFIT_TARGET_MET
2025-01-07 18:40:00,-73.40719999999965,76.5681775000001,1,EXIT_PROFIT_TARGET_MET
2025-01-07 18:45:00,-73.58520000000044,80.88467749999921,1,EXIT_PROFIT_TARGET_MET
2025-01-07 18:50:00,-73.50939999999991,79.04652749999673,1,EXIT_PROFIT_TARGET_MET
2025-01-07 18:55:00,-73.50939999999991,79.04652749999673,1,EXIT_PROFIT_TARGET_MET
2025-01-07 19:00:00,-73.54719999999998,79.96317749999992,1,EXIT_PROFIT_TARGET_MET
2025-01-07 19:05:00,-73.45859999999993,77.81462749999974,1,EXIT_PROFIT_TARGET_MET
2025-01-07 19:10:00,-73.41160000000036,76.67487749999947,1,EXIT_PROFIT_TARGET_MET
2025-01-07 19:15:00,-73.30400000000009,74.06557750000093,1,EXIT_PROFIT_TARGET_MET
2025-01-07 19:20:00,-73.33020000000033,74.70092749999742,1,EXIT_PROFIT_TARGET_MET
2025-01-07 19:25:00,-73.35080000000016,75.20047749999793,1,EXIT_PROFIT_TARGET_MET
2025-01-07 19:30:00,-73.23379999999997,72.36322750000005,1,EXIT_PROFIT_TARGET_MET
2025-01-07 19:35:00,-73.17979999999989,71.05372750000032,1,EXIT_PROFIT_TARGET_MET
2025-01-07 19:40:00,-73.20499999999993,71.66482749999989,1,EXIT_PROFIT_TARGET_MET
2025-01-07 19:45:00,-73.1257999999998,69.74422749999906,1,EXIT_PROFIT_TARGET_MET
2025-01-07 19:50:00,-73.22559999999976,72.16437749999938,1,EXIT_PROFIT_TARGET_MET
2025-01-07 19:55:00,-73.30079999999998,73.98797750000023,1,EXIT_PROFIT_TARGET_MET
2025-01-07 20:00:00,-73.08420000000024,68.73542749999967,1,EXIT_PROFIT_TARGET_MET
2025-01-07 20:05:00,-73.1256000000003,69.7393775000009,1,EXIT_PROFIT_TARGET_MET
2025-01-07 20:10:00,-73.05199999999968,67.9545774999981,1,EXIT_PROFIT_TARGET_MET
2025-01-07 20:15:00,-73.07200000000012,68.43957750000055,1,EXIT_PROFIT_TARGET_MET
2025-01-07 20:20:00,-73.14959999999974,70.32137749999924,1,EXIT_PROFIT_TARGET_MET
2025-01-07 20:25:00,-73.14959999999974,70.32137749999924,1,EXIT_PROFIT_TARGET_MET
2025-01-07 20:30:00,-73.22559999999976,72.16437749999938,1,EXIT_PROFIT_TARGET_MET
2025-01-07 20:35:00,-73.25659999999971,72.91612749999922,1,EXIT_PROFIT_TARGET_MET
2025-01-07 20:40:00,-73.28499999999985,73.6048275,1,EXIT_PROFIT_TARGET_MET
2025-01-07 20:45:00,-73.28499999999985,73.6048275,1,EXIT_PROFIT_TARGET_MET
2025-01-07 20:50:00,-73.20020000000022,71.5484274999996,1,EXIT_PROFIT_TARGET_MET
2025-01-07 20:55:00,-73.20020000000022,71.5484274999996,1,EXIT_PROFIT_TARGET_MET
2025-01-07 21:00:00,-73.20020000000022,71.5484274999996,1,EXIT_PROFIT_TARGET_MET
2025-01-07 21:05:00,-73.17339999999967,70.89852750000045,1,EXIT_PROFIT_TARGET_MET
2025-01-07 21:10:00,-73.10999999999967,69.36107749999985,1,EXIT_PROFIT_TARGET_MET
2025-01-07 21:15:00,-73.17140000000018,70.85002749999995,1,EXIT_PROFIT_TARGET_MET
2025-01-07 21:20:00,-73.17140000000018,70.85002749999995,1,EXIT_PROFIT_TARGET_MET
2025-01-07 21:25:00,-73.08979999999974,68.87122749999821,1,EXIT_PROFIT_TARGET_MET
2025-01-07 21:30:00,-72.94999999999982,65.48107749999963,1,EXIT_PROFIT_TARGET_MET
2025-01-07 21:35:00,-72.86520000000019,63.424677499999746,1,EXIT_PROFIT_TARGET_MET
2025-01-07 21:40:00,-72.84500000000025,62.93482750000118,1,EXIT_PROFIT_TARGET_MET
2025-01-07 21:45:00,-72.61179999999968,57.27972750000009,1,EXIT_PROFIT_TARGET_MET
2025-01-07 21:50:00,-72.59360000000015,56.83837749999998,1,EXIT_PROFIT_TARGET_MET
2025-01-07 21:55:00,-72.59360000000015,56.83837749999998,1,EXIT_PROFIT_TARGET_MET
2025-01-07 22:00:00,-72.8760000000002,63.686577499998464,1,EXIT_PROFIT_TARGET_MET
2025-01-07 22:05:00,-72.77620000000024,61.266427499998656,1,EXIT_PROFIT_TARGET_MET
2025-01-07 22:10:00,-72.71920000000046,70.63727750000231,1,EXIT_PROFIT_TARGET_MET
2025-01-07 22:15:00,-72.66359999999986,80.803730000001,1,EXIT_PROFIT_TARGET_MET
2025-01-07 22:20:00,-72.6261999999997,79.89677999999975,1,EXIT_PROFIT_TARGET_MET
2025-01-07 22:25:00,-72.5648000000001,78.40783000000016,1,EXIT_PROFIT_TARGET_MET
2025-01-07 22:30:00,-72.58299999999963,78.84917999999925,1,EXIT_PROFIT_TARGET_MET
2025-01-07 22:35:00,-72.58299999999963,78.84917999999925,1,EXIT_PROFIT_TARGET_MET
2025-01-07 22:40:00,-72.58299999999963,78.84917999999925,1,EXIT_PROFIT_TARGET_MET
2025-01-07 22:45:00,-72.69999999999982,81.68642999999918,1,EXIT_PROFIT_TARGET_MET
2025-01-07 22:50:00,-72.77139999999963,83.41788000000076,1,EXIT_PROFIT_TARGET_MET
2025-01-07 22:55:00,-72.74499999999989,82.77767999999895,1,EXIT_PROFIT_TARGET_MET
2025-01-07 23:00:00,-72.67699999999968,81.12868000000083,1,EXIT_PROFIT_TARGET_MET
2025-01-07 23:05:00,-72.70960000000014,81.91922999999821,1,EXIT_PROFIT_TARGET_MET
2025-01-07 23:10:00,-72.66160000000036,80.75522999999896,1,EXIT_PROFIT_TARGET_MET
2025-01-07 23:15:00,-72.72900000000027,82.38967999999852,1,EXIT_PROFIT_TARGET_MET
2025-01-07 23:20:00,-72.76000000000022,83.14142999999939,1,EXIT_PROFIT_TARGET_MET
2025-01-07 23:25:00,-72.89559999999983,86.42973000000137,1,EXIT_PROFIT_TARGET_MET
2025-01-07 23:30:00,-72.8119999999999,84.40242999999913,1,EXIT_PROFIT_TARGET_MET
2025-01-07 23:35:00,-72.74459999999999,82.7679800000011,1,EXIT_PROFIT_TARGET_MET
2025-01-07 23:40:00,-72.74459999999999,82.7679800000011,1,EXIT_PROFIT_TARGET_MET
2025-01-07 23:45:00,-72.81800000000021,84.54792999999961,1,EXIT_PROFIT_TARGET_MET
2025-01-07 23:50:00,-72.72000000000025,82.1714300000001,1,EXIT_PROFIT_TARGET_MET
2025-01-07 23:55:00,-72.72000000000025,82.1714300000001,1,EXIT_PROFIT_TARGET_MET
2025-01-08 00:00:00,-72.78960000000006,83.85922999999934,1,EXIT_PROFIT_TARGET_MET
2025-01-08 00:05:00,-72.77639999999974,83.53913000000023,1,EXIT_PROFIT_TARGET_MET
2025-01-08 00:10:00,-72.63060000000041,80.00348000000116,1,EXIT_PROFIT_TARGET_MET
2025-01-08 00:15:00,-72.62840000000051,79.95012999999943,1,EXIT_PROFIT_TARGET_MET
2025-01-08 00:20:00,-72.63200000000052,80.03742999999952,1,EXIT_PROFIT_TARGET_MET
2025-01-08 00:25:00,-72.76900000000023,83.35967999999832,1,EXIT_PROFIT_TARGET_MET
2025-01-08 00:30:00,-72.44120000000021,75.41052999999914,1,EXIT_PROFIT_TARGET_MET
2025-01-08 00:35:00,-72.47580000000016,76.24957999999805,1,EXIT_PROFIT_TARGET_MET
2025-01-08 00:40:00,-72.40220000000045,74.46477999999883,1,EXIT_PROFIT_TARGET_MET
2025-01-08 00:45:00,-72.40220000000045,74.46477999999883,1,EXIT_PROFIT_TARGET_MET
2025-01-08 00:50:00,-72.33880000000045,72.92732999999924,1,EXIT_PROFIT_TARGET_MET
2025-01-08 00:55:00,-71.4391999999998,51.11202999999955,1,EXIT_PROFIT_TARGET_MET
2025-01-08 01:00:00,-71.26379999999972,46.85858000000053,1,EXIT_PROFIT_TARGET_MET
2025-01-08 01:05:00,-70.95200000000023,39.297429999999736,1,EXIT_PROFIT_TARGET_MET
2025-01-08 01:10:00,-70.36020000000008,24.946280000001366,1,EXIT_PROFIT_TARGET_MET
2025-01-08 01:15:00,-70.73700000000008,34.0836800000003,1,EXIT_PROFIT_TARGET_MET
2025-01-08 01:20:00,-70.83520000000044,36.4650299999995,1,EXIT_PROFIT_TARGET_MET
2025-01-08 01:25:00,-70.82179999999971,36.14008000000018,1,EXIT_PROFIT_TARGET_MET
2025-01-08 01:30:00,-70.28759999999966,23.18572999999907,1,EXIT_PROFIT_TARGET_MET
2025-01-08 01:35:00,-69.60059999999976,6.525979999999436,1,EXIT_PROFIT_TARGET_MET
2025-01-08 01:40:00,-69.1894000000002,48.03639624999883,1,EXIT_PROFIT_TARGET_MET
2025-01-08 01:45:00,-69.3163999999997,52.719521249999644,1,EXIT_PROFIT_TARGET_MET
2025-01-08 01:50:00,-69.42939999999999,2.3743799999990642,1,EXIT_PROFIT_TARGET_MET
2025-01-08 01:55:00,-69.4962000000005,3.9942799999985255,1,EXIT_PROFIT_TARGET_MET
2025-01-08 02:00:00,-69.27459999999974,51.1781462499994,1,EXIT_PROFIT_TARGET_MET
2025-01-08 02:05:00,-69.40700000000015,1.8311799999992786,1,EXIT_PROFIT_TARGET_MET
2025-01-08 02:10:00,-69.38079999999991,1.1958299999997166,1,EXIT_PROFIT_TARGET_MET
2025-01-08 02:15:00,-69.36300000000028,0.7641799999989871,1,EXIT_PROFIT_TARGET_MET
2025-01-08 02:20:00,-69.6873999999998,8.630879999999308,1,EXIT_PROFIT_TARGET_MET
2025-01-08 02:25:00,-69.6876000000002,8.635729999999,1,EXIT_PROFIT_TARGET_MET
2025-01-08 02:30:00,-69.6886000000004,8.659979999999507,1,EXIT_PROFIT_TARGET_MET
2025-01-08 02:35:00,-69.70160000000033,8.975230000000465,1,EXIT_PROFIT_TARGET_MET
2025-01-08 02:40:00,-69.70600000000013,9.08192999999983,1,EXIT_PROFIT_TARGET_MET
2025-01-08 02:45:00,-69.48459999999977,3.7129799999989928,1,EXIT_PROFIT_TARGET_MET
2025-01-08 02:50:00,-69.42540000000008,2.2773800000001074,1,EXIT_PROFIT_TARGET_MET
2025-01-08 02:55:00,-69.32740000000013,53.12514625000034,1,EXIT_PROFIT_TARGET_MET
2025-01-08 03:00:00,-69.3082000000004,52.41714625000088,1,EXIT_PROFIT_TARGET_MET
2025-01-08 03:05:00,-69.31980000000021,52.84489624999995,1,EXIT_PROFIT_TARGET_MET
2025-01-08 03:10:00,-69.31999999999971,52.852271249999575,1,EXIT_PROFIT_TARGET_MET
2025-01-08 03:15:00,-69.34000000000015,75.70003624999961,1,EXIT_PROFIT_TARGET_MET
2025-01-08 03:20:00,-69.17280000000028,23.9246874999983,1,EXIT_PROFIT_TARGET_MET
2025-01-08 03:25:00,-69.11819999999989,41.22718249999954,1,EXIT_PROFIT_TARGET_MET
2025-01-08 03:30:00,-69.04659999999967,22.815794687500862,1,EXIT_PROFIT_TARGET_MET
2025-01-08 03:35:00,-69.14239999999972,28.829244374999348,1,EXIT_PROFIT_TARGET_MET
2025-01-08 03:40:00,-69.11959999999999,30.25677937499971,1,EXIT_PROFIT_TARGET_MET
2025-01-08 03:45:00,-68.92460000000028,27.95975875000238,1,EXIT_PROFIT_TARGET_MET
2025-01-08 03:50:00,-68.78260000000046,3.576461249999113,1,EXIT_PROFIT_TARGET_MET
2025-01-08 03:55:00,-68.85999999999967,24.732721249999543,1,EXIT_PROFIT_TARGET_MET
2025-01-08 04:00:00,-68.95200000000023,11.949972499999433,1,EXIT_PROFIT_TARGET_MET
2025-01-08 04:05:00,-69.0663999999997,19.629498749998334,1,EXIT_PROFIT_TARGET_MET
2025-01-08 04:10:00,-69.19819999999982,41.08380875000009,1,EXIT_PROFIT_TARGET_MET
2025-01-08 04:15:00,-68.90719999999965,35.42310249999986,1,EXIT_PROFIT_TARGET_MET
2025-01-08 04:20:00,-68.82859999999982,32.00150375000095,1,EXIT_PROFIT_TARGET_MET
2025-01-08 04:25:00,-68.6256000000003,7.732283750000846,1,EXIT_PROFIT_TARGET_MET
2025-01-08 04:30:00,-68.6858000000002,32.86929500000062,1,EXIT_PROFIT_TARGET_MET
2025-01-08 04:35:00,-68.50500000000011,29.374610625000017,1,EXIT_PROFIT_TARGET_MET
2025-01-08 04:40:00,-68.47239999999965,27.319331406250406,1,EXIT_PROFIT_TARGET_MET
2025-01-08 04:45:00,-68.46979999999985,17.333562500000205,1,EXIT_PROFIT_TARGET_MET
2025-01-08 04:50:00,-68.64900000000034,13.326321874999977,1,EXIT_PROFIT_TARGET_MET
2025-01-08 04:55:00,-68.41340000000037,3.56766437499941,1,EXIT_PROFIT_TARGET_MET
2025-01-08 05:00:00,-68.48199999999997,9.988943750000018,1,EXIT_PROFIT_TARGET_MET
2025-01-08 05:05:00,-68.48199999999997,15.764710937499714,1,EXIT_PROFIT_TARGET_MET
2025-01-08 05:10:00,-68.65459999999985,37.10747812499922,1,EXIT_PROFIT_TARGET_MET
2025-01-08 05:15:00,-68.60379999999986,-119.17183499999987,-1,HOLD
2025-01-08 05:20:00,-68.3152,-92.50504500000068,-1,HOLD
2025-01-08 05:25:00,-68.41460000000006,-97.52095000000008,-1,HOLD
2025-01-08 05:30:00,-68.34619999999995,-96.47964999999999,-1,HOLD
2025-01-08 05:35:00,-68.34100000000035,27.112478125000933,1,EXIT_PROFIT_TARGET_MET
2025-01-08 05:40:00,-68.02300000000014,0.0017884969192976463,1,EXIT_PROFIT_TARGET_MET
2025-01-08 05:45:00,-67.84460000000036,0.0012495118567208152,1,EXIT_PROFIT_TARGET_MET
2025-01-08 05:50:00,-67.63979999999992,0.0006307666727760875,1,EXIT_PROFIT_TARGET_MET
2025-01-08 05:55:00,-67.66979999999967,0.0007214031743304048,1,EXIT_PROFIT_TARGET_MET
2025-01-08 06:00:00,-67.67759999999998,0.0007449686647346285,1,EXIT_PROFIT_TARGET_MET
2025-01-08 06:05:00,-67.82679999999982,0.001195734199131819,1,EXIT_PROFIT_TARGET_MET
2025-01-08 06:10:00,-67.69999999999982,0.0008126439192285787,1,EXIT_PROFIT_TARGET_MET
2025-01-08 06:15:00,-67.74099999999999,0.0009365138046862018,1,EXIT_PROFIT_TARGET_MET
2025-01-08 06:20:00,-67.65859999999975,0.0006875655470835235,1,EXIT_PROFIT_TARGET_MET
2025-01-08 06:25:00,-67.51100000000042,0.00024163395943578022,1,EXIT_PROFIT_TARGET_MET
2025-01-08 06:30:00,-67.51100000000042,0.00024163395943578022,1,EXIT_PROFIT_TARGET_MET
2025-01-08 06:35:00,-67.66079999999965,0.0006942122238640722,1,EXIT_PROFIT_TARGET_MET
2025-01-08 06:40:00,-67.39840000000004,0.0008181878708069873,1,EXIT_PROFIT_TARGET_MET
2025-01-08 06:45:00,-67.51720000000023,0.0014697929440111723,1,EXIT_PROFIT_TARGET_MET
2025-01-08 06:50:00,-67.82380000000012,0.002228965568696124,1,EXIT_PROFIT_TARGET_MET
2025-01-08 06:55:00,-67.8710000000001,0.0005563072146755002,1,EXIT_PROFIT_TARGET_MET
2025-01-08 07:00:00,-67.8742000000002,0.0005876931476593995,1,EXIT_PROFIT_TARGET_MET
2025-01-08 07:05:00,-68.0002000000004,3.344345492249525,1,EXIT_PROFIT_TARGET_MET
2025-01-08 07:10:00,-68.17759999999998,1.0187397244290535,1,EXIT_PROFIT_TARGET_MET
2025-01-08 07:15:00,-68.1282000000001,0.014037218627929705,1,EXIT_PROFIT_TARGET_MET
2025-01-08 07:20:00,-67.95340000000033,0.0003648345184328579,1,EXIT_PROFIT_TARGET_MET
2025-01-08 07:25:00,-67.95340000000033,0.0003648345184328579,1,EXIT_PROFIT_TARGET_MET
2025-01-08 07:30:00,-68.09500000000025,-95.33684499999987,-1,HOLD
2025-01-08 07:35:00,-67.82480000000032,-120.90575000000027,-1,HOLD
2025-01-08 07:40:00,-67.6180000000004,23.245782343748797,1,EXIT_PROFIT_TARGET_MET
2025-01-08 07:45:00,-67.67640000000029,1.5015843750006468,1,EXIT_PROFIT_TARGET_MET
2025-01-08 07:50:00,-67.45139999999992,3.1051544824220003,1,EXIT_PROFIT_TARGET_MET
2025-01-08 07:55:00,-67.3163999999997,0.002252074766754958,1,EXIT_PROFIT_TARGET_MET
2025-01-08 08:00:00,-67.26260000000002,0.001927313197255344,1,EXIT_PROFIT_TARGET_MET
2025-01-08 08:05:00,-67.6221999999998,23.44705421875034,1,EXIT_PROFIT_TARGET_MET
2025-01-08 08:10:00,-67.48520000000008,4.7749206933590225,1,EXIT_PROFIT_TARGET_MET
2025-01-08 08:15:00,-67.53880000000026,0.1459249999988117,1,EXIT_PROFIT_TARGET_MET
2025-01-08 08:20:00,-67.71399999999994,3.1254343749993865,1,EXIT_PROFIT_TARGET_MET
2025-01-08 08:25:00,-67.60000000000036,22.383188593749882,1,EXIT_PROFIT_TARGET_MET
2025-01-08 08:30:00,-67.57380000000012,0.00017347242355347531,1,EXIT_PROFIT_TARGET_MET
2025-01-08 08:35:00,-67.57380000000012,0.00017347242355347531,1,EXIT_PROFIT_TARGET_MET
2025-01-08 08:40:00,-67.85360000000037,9.910407487794378,1,EXIT_PROFIT_TARGET_MET
2025-01-08 08:45:00,-67.79600000000028,7.060627800293349,1,EXIT_PROFIT_TARGET_MET
2025-01-08 08:50:00,-67.86239999999998,10.345790495605991,1,EXIT_PROFIT_TARGET_MET
2025-01-08 08:55:00,-67.83619999999974,9.049536540528555,1,EXIT_PROFIT_TARGET_MET
2025-01-08 09:00:00,-67.6221999999998,0.0004566045951843005,1,EXIT_PROFIT_TARGET_MET
2025-01-08 09:05:00,-67.57639999999992,0.00018868200302111582,1,EXIT_PROFIT_TARGET_MET
2025-01-08 09:10:00,-67.59079999999994,0.00027291967391962924,1,EXIT_PROFIT_TARGET_MET
2025-01-08 09:15:00,-67.58979999999974,0.0002670698356626892,1,EXIT_PROFIT_TARGET_MET
2025-01-08 09:20:00,-67.68159999999989,1.4006486987316413,1,EXIT_PROFIT_TARGET_MET
2025-01-08 09:25:00,-67.73459999999977,4.022841813964858,1,EXIT_PROFIT_TARGET_MET
2025-01-08 09:30:00,-67.73459999999977,4.022841813964858,1,EXIT_PROFIT_TARGET_MET
2025-01-08 09:35:00,-67.78600000000006,6.565874382326585,1,EXIT_PROFIT_TARGET_MET
2025-01-08 09:40:00,-67.7503999999999,4.804552214356122,1,EXIT_PROFIT_TARGET_MET
2025-01-08 09:45:00,-67.58240000000023,0.00022378103256240085,1,EXIT_PROFIT_TARGET_MET
2025-01-08 09:50:00,-67.57319999999982,0.00016996252059916063,1,EXIT_PROFIT_TARGET_MET
2025-01-08 09:55:00,-67.58939999999984,0.00026472990036005995,1,EXIT_PROFIT_TARGET_MET
2025-01-08 10:00:00,-67.69999999999982,2.310994987793682,1,EXIT_PROFIT_TARGET_MET
2025-01-08 10:05:00,-67.74319999999989,4.448329753417535,1,EXIT_PROFIT_TARGET_MET
2025-01-08 10:10:00,-68.02040000000034,2.5442448046880246,1,EXIT_PROFIT_TARGET_MET
2025-01-08 10:15:00,-68.1246000000001,0.7215392968751324,1,EXIT_PROFIT_TARGET_MET
2025-01-08 10:20:00,-68.06700000000001,4.83255964843709,1,EXIT_PROFIT_TARGET_MET
2025-01-08 10:25:00,-68.07700000000023,5.3236143359381805,1,EXIT_PROFIT_TARGET_MET
2025-01-08 10:30:00,-68.15580000000045,2.241320546874217,1,EXIT_PROFIT_TARGET_MET
2025-01-08 10:35:00,-68.17420000000038,3.137601796875284,1,EXIT_PROFIT_TARGET_MET
2025-01-08 10:40:00,-68.23739999999998,6.216133046874768,1,EXIT_PROFIT_TARGET_MET
2025-01-08 10:45:00,-68.2510000000002,6.878601796874101,1,EXIT_PROFIT_TARGET_MET
2025-01-08 10:50:00,-68.27260000000024,7.930758046875839,1,EXIT_PROFIT_TARGET_MET
2025-01-08 10:55:00,-68.21380000000045,5.066554921874371,1,EXIT_PROFIT_TARGET_MET
2025-01-08 11:00:00,-68.16719999999987,2.796625234375309,1,EXIT_PROFIT_TARGET_MET
2025-01-08 11:05:00,-68.03620000000046,3.3201112109386735,1,EXIT_PROFIT_TARGET_MET
2025-01-08 11:10:00,-67.96020000000044,15.184478923340691,1,EXIT_PROFIT_TARGET_MET
2025-01-08 11:15:00,-67.93119999999999,13.749694011230472,1,EXIT_PROFIT_TARGET_MET
2025-01-08 11:20:00,-67.9355999999998,13.967385515137813,1,EXIT_PROFIT_TARGET_MET
2025-01-08 11:25:00,-67.9355999999998,13.967385515137813,1,EXIT_PROFIT_TARGET_MET
2025-01-08 11:30:00,-68.03560000000016,3.290647929686906,1,EXIT_PROFIT_TARGET_MET
2025-01-08 11:35:00,-67.84540000000015,0.21257632812573313,1,EXIT_PROFIT_TARGET_MET
2025-01-08 11:40:00,-67.72559999999976,12.570589931640754,1,EXIT_PROFIT_TARGET_MET
2025-01-08 11:45:00,-67.64019999999982,3.4917331250007635,1,EXIT_PROFIT_TARGET_MET
2025-01-08 11:50:00,-67.58600000000024,1.390710781249883,1,EXIT_PROFIT_TARGET_MET
2025-01-08 11:55:00,-67.58600000000024,6.122928437501322,1,EXIT_PROFIT_TARGET_MET
2025-01-08 12:00:00,-67.73360000000048,23.349532656250034,1,EXIT_PROFIT_TARGET_MET
2025-01-08 12:05:00,-67.84100000000035,23.733682187501117,1,EXIT_PROFIT_TARGET_MET
2025-01-08 12:10:00,-68.02040000000034,18.991268125001227,1,EXIT_PROFIT_TARGET_MET
2025-01-08 12:15:00,-68.02040000000034,7.93396125000001,1,EXIT_PROFIT_TARGET_MET
2025-01-08 12:20:00,-68.01159999999982,0.004128962554931507,1,EXIT_PROFIT_TARGET_MET
2025-01-08 12:25:00,-67.91799999999967,0.0023798638916015524,1,EXIT_PROFIT_TARGET_MET
2025-01-08 12:30:00,-68.02880000000005,0.0011385061645505408,1,EXIT_PROFIT_TARGET_MET
2025-01-08 12:35:00,-67.8782000000001,6.717960000000164,1,EXIT_PROFIT_TARGET_MET
2025-01-08 12:40:00,-67.8782000000001,0.004404554138183258,1,EXIT_PROFIT_TARGET_MET
2025-01-08 12:45:00,-67.78939999999966,0.0025319711303704827,1,EXIT_PROFIT_TARGET_MET
2025-01-08 12:50:00,-67.79119999999966,0.0821242187492004,1,EXIT_PROFIT_TARGET_MET
2025-01-08 12:55:00,-67.72199999999975,0.02598967041015661,1,EXIT_PROFIT_TARGET_MET
2025-01-08 13:00:00,-67.40639999999985,0.07407579711914586,1,EXIT_PROFIT_TARGET_MET
2025-01-08 13:05:00,-67.30360000000019,15.073814375000133,1,EXIT_PROFIT_TARGET_MET
2025-01-08 13:10:00,-67.44340000000011,0.024561787109378008,1,EXIT_PROFIT_TARGET_MET
2025-01-08 13:15:00,-67.4970000000003,0.0780377929687679,1,EXIT_PROFIT_TARGET_MET
2025-01-08 13:20:00,-67.64480000000003,0.10853265624999953,1,EXIT_PROFIT_TARGET_MET
2025-01-08 13:25:00,-67.58020000000033,0.1903252929687591,1,EXIT_PROFIT_TARGET_MET
2025-01-08 13:30:00,-67.54539999999997,0.2269589453125147,1,EXIT_PROFIT_TARGET_MET
2025-01-08 13:35:00,-67.38500000000022,0.43294772460941966,1,EXIT_PROFIT_TARGET_MET
2025-01-08 13:40:00,-67.3100000000004,0.20461520507809455,1,EXIT_PROFIT_TARGET_MET
2025-01-08 13:45:00,-67.21380000000045,1.1906334204101412,1,EXIT_PROFIT_TARGET_MET
2025-01-08 13:50:00,-66.98059999999987,0.47204606689457923,1,EXIT_PROFIT_TARGET_MET
2025-01-08 13:55:00,-67.27379999999994,0.09440670898438197,1,EXIT_PROFIT_TARGET_MET
2025-01-08 14:00:00,-67.08219999999983,0.7851184301758405,1,EXIT_PROFIT_TARGET_MET
2025-01-08 14:05:00,-67.29860000000008,0.16990866210937172,1,EXIT_PROFIT_TARGET_MET
2025-01-08 14:10:00,-67.44620000000032,0.6192670605468423,1,EXIT_PROFIT_TARGET_MET
2025-01-08 14:15:00,-67.26599999999962,0.07066012695317725,1,EXIT_PROFIT_TARGET_MET
2025-01-08 14:20:00,-67.10540000000037,0.8566073950195425,1,EXIT_PROFIT_TARGET_MET
2025-01-08 14:25:00,-67.18059999999969,1.0883302465820284,1,EXIT_PROFIT_TARGET_MET
2025-01-08 14:30:00,-67.08680000000004,0.7992929663085976,1,EXIT_PROFIT_TARGET_MET
2025-01-08 14:35:00,-67.14540000000034,2.250242799072222,1,EXIT_PROFIT_TARGET_MET
2025-01-08 14:40:00,-67.14540000000034,0.7038034375002828,1,EXIT_PROFIT_TARGET_MET
2025-01-08 14:45:00,-66.97640000000047,4.439755703124334,1,EXIT_PROFIT_TARGET_MET
2025-01-08 14:50:00,-66.96519999999964,2.1084418750007785,1,EXIT_PROFIT_TARGET_MET
2025-01-08 14:55:00,-66.90819999999985,13.14737406250114,1,EXIT_PROFIT_TARGET_MET
2025-01-08 15:00:00,-66.99319999999989,21.53274002929955,1,EXIT_PROFIT_TARGET_MET
2025-01-08 15:05:00,-66.8177999999998,0.8739263574222405,1,EXIT_PROFIT_TARGET_MET
2025-01-08 15:10:00,-67.16079999999965,0.03949829589685039,1,EXIT_PROFIT_TARGET_MET
2025-01-08 15:15:00,-67.31500000000051,19.663557968750226,1,EXIT_PROFIT_TARGET_MET
2025-01-08 15:20:00,-67.32219999999961,1.3230588281264364,1,EXIT_PROFIT_TARGET_MET
2025-01-08 15:25:00,-67.41820000000007,7.49893250000116,1,EXIT_PROFIT_TARGET_MET
2025-01-08 15:30:00,-67.42600000000039,4.40587968750166,1,EXIT_PROFIT_TARGET_MET
2025-01-08 15:35:00,-67.31700000000001,3.745750781249292,1,EXIT_PROFIT_TARGET_MET
2025-01-08 15:40:00,-67.30479999999989,5.390584687499867,1,EXIT_PROFIT_TARGET_MET
2025-01-08 15:45:00,-67.30479999999989,4.11245570312426,1,EXIT_PROFIT_TARGET_MET
2025-01-08 15:50:00,-66.97919999999976,33.67697664062415,1,EXIT_PROFIT_TARGET_MET
2025-01-08 15:55:00,-66.97419999999966,18.688272031250005,1,EXIT_PROFIT_TARGET_MET
2025-01-08 16:00:00,-67.15940000000046,39.58629843749851,1,EXIT_PROFIT_TARGET_MET
2025-01-08 16:05:00,-67.09720000000016,7.1787049999978905,1,EXIT_PROFIT_TARGET_MET
2025-01-08 16:10:00,-67.06980000000021,5.269322499997429,1,EXIT_PROFIT_TARGET_MET
2025-01-08 16:15:00,-66.85999999999967,11.27808250000055,1,EXIT_PROFIT_TARGET_MET
2025-01-08 16:20:00,-66.8137999999999,0.14339875000050029,1,EXIT_PROFIT_TARGET_MET
2025-01-08 16:25:00,-66.79839999999967,43.24728125000061,1,EXIT_PROFIT_TARGET_MET
2025-01-08 16:30:00,-66.69120000000021,35.003103750000406,1,EXIT_PROFIT_TARGET_MET
2025-01-08 16:35:00,-66.36719999999968,84.09526124999823,1,EXIT_PROFIT_TARGET_MET
2025-01-08 16:40:00,-66.60260000000017,21.402919999998744,1,EXIT_PROFIT_TARGET_MET
2025-01-08 16:45:00,-66.51940000000013,20.802442499999813,1,EXIT_PROFIT_TARGET_MET
2025-01-08 16:50:00,-66.30000000000018,29.002882500001817,1,EXIT_PROFIT_TARGET_MET
2025-01-08 16:55:00,-66.30000000000018,55.60593499999993,1,EXIT_PROFIT_TARGET_MET
2025-01-08 17:00:00,-66.3068000000003,6.044644999999662,1,EXIT_PROFIT_TARGET_MET
2025-01-08 17:05:00,-66.60919999999987,28.760649999999316,1,EXIT_PROFIT_TARGET_MET
2025-01-08 17:10:00,-66.73160000000007,20.478377500000306,1,EXIT_PROFIT_TARGET_MET
2025-01-08 17:15:00,-66.57420000000002,2.0198363345094378e-08,1,EXIT_PROFIT_TARGET_MET
2025-01-08 17:20:00,-66.67460000000028,3.5899142967536034e-07,1,EXIT_PROFIT_TARGET_MET
2025-01-08 17:25:00,-66.74080000000049,4.0690218098458564e-07,1,EXIT_PROFIT_TARGET_MET
2025-01-08 17:30:00,-66.72680000000037,7.34962266869868e-08,1,EXIT_PROFIT_TARGET_MET
2025-01-08 17:35:00,-66.70840000000044,6.295383442191717e-08,1,EXIT_PROFIT_TARGET_MET
2025-01-08 17:40:00,-66.80580000000009,6.379001820460025e-07,1,EXIT_PROFIT_TARGET_MET
2025-01-08 17:45:00,-66.8748000000005,0.035288862304679425,1,EXIT_PROFIT_TARGET_MET
2025-01-08 17:50:00,-67.13460000000032,0.012000629882816582,1,EXIT_PROFIT_TARGET_MET
2025-01-08 17:55:00,-67.16020000000026,0.12403023925783674,1,EXIT_PROFIT_TARGET_MET
2025-01-08 18:00:00,-67.09379999999965,1.1464502734375293,1,EXIT_PROFIT_TARGET_MET
2025-01-08 18:05:00,-67.09159999999974,0.3420208984371991,1,EXIT_PROFIT_TARGET_MET
2025-01-08 18:10:00,-67.2539999999999,-465.9054169140562,-1,HOLD
2025-01-08 18:15:00,-67.5006000000003,-102.19545000000039,-1,HOLD
2025-01-08 18:20:00,-67.34339999999975,-122.90906374999946,-1,HOLD
2025-01-08 18:25:00,-67.3096000000005,-129.04746375000047,-1,HOLD
2025-01-08 18:30:00,-67.3096000000005,-133.45746375000056,-1,HOLD
2025-01-08 18:35:00,-67.38839999999982,-103.51978249999968,-1,HOLD
2025-01-08 18:40:00,-67.38839999999982,1.1568750000004187,1,EXIT_PROFIT_TARGET_MET
2025-01-08 18:45:00,-67.46280000000024,3.5510368749995678,1,EXIT_PROFIT_TARGET_MET
2025-01-08 18:50:00,-67.46280000000024,21.6085684375005,1,EXIT_PROFIT_TARGET_MET
2025-01-08 18:55:00,-67.45420000000013,29.54671562499979,1,EXIT_PROFIT_TARGET_MET
2025-01-08 19:00:00,-67.42879999999968,2.5019475000005684,1,EXIT_PROFIT_TARGET_MET
2025-01-08 19:05:00,-67.39959999999974,11.862591874999936,1,EXIT_PROFIT_TARGET_MET
2025-01-08 19:10:00,-67.3105999999998,0.6052899999997408,1,EXIT_PROFIT_TARGET_MET
2025-01-08 19:15:00,-67.3105999999998,-556.2400617968719,-1,NO_VALID_ACTION_DEFENSIVE_AVG
2025-01-08 19:20:00,-67.41719999999987,0.015872218484875824,1,EXIT_PROFIT_TARGET_MET
2025-01-08 19:25:00,-67.41719999999987,-122.86963249999968,-1,NO_VALID_ACTION_DEFENSIVE_AVG
2025-01-08 19:30:00,-67.21619999999984,0.28382493733404784,1,EXIT_PROFIT_TARGET_MET
2025-01-08 19:35:00,-67.23199999999997,0.34628026281357027,1,EXIT_PROFIT_TARGET_MET
2025-01-08 19:40:00,-67.2460000000001,0.2967551747512683,1,EXIT_PROFIT_TARGET_MET
2025-01-08 19:45:00,-67.2460000000001,0.08966577026365599,1,EXIT_PROFIT_TARGET_MET
2025-01-08 19:50:00,-67.08520000000044,0.06471388000488378,1,EXIT_PROFIT_TARGET_MET
2025-01-08 19:55:00,-66.94520000000011,0.23908233947754132,1,EXIT_PROFIT_TARGET_MET
2025-01-08 20:00:00,-66.94520000000011,0.23908233947754132,1,EXIT_PROFIT_TARGET_MET
2025-01-08 20:05:00,-66.94520000000011,0.23908233947754132,1,EXIT_PROFIT_TARGET_MET
2025-01-08 20:10:00,-66.94520000000011,0.23908233947754132,1,EXIT_PROFIT_TARGET_MET
2025-01-08 20:15:00,-67.21519999999964,0.0663533056640635,1,EXIT_PROFIT_TARGET_MET
2025-01-08 20:20:00,-67.25380000000041,0.09430437988280871,1,EXIT_PROFIT_TARGET_MET
2025-01-08 20:25:00,-67.38119999999981,0.1865574072265812,1,EXIT_PROFIT_TARGET_MET
2025-01-08 20:30:00,-67.29399999999987,0.12341404785154908,1,EXIT_PROFIT_TARGET_MET
2025-01-08 20:35:00,-67.29399999999987,0.12341404785154908,1,EXIT_PROFIT_TARGET_MET
2025-01-08 20:40:00,-67.19920000000002,0.054767368164059915,1,EXIT_PROFIT_TARGET_MET
2025-01-08 20:45:00,-67.1252000000004,0.0011824072265548269,1,EXIT_PROFIT_TARGET_MET
2025-01-08 20:50:00,-67.20880000000034,0.06171893066404288,1,EXIT_PROFIT_TARGET_MET
2025-01-08 20:55:00,-67.20880000000034,0.06171893066404288,1,EXIT_PROFIT_TARGET_MET
2025-01-08 21:00:00,-67.31540000000041,0.13891023925778434,1,EXIT_PROFIT_TARGET_MET
2025-01-08 21:05:00,-67.3118000000004,0.13630340332028723,1,EXIT_PROFIT_TARGET_MET
2025-01-08 21:10:00,-67.08060000000023,0.2906093780517537,1,EXIT_PROFIT_TARGET_MET
2025-01-08 21:15:00,-67.11179999999968,0.004740592041017289,1,EXIT_PROFIT_TARGET_MET
2025-01-08 21:20:00,-67.03480000000036,0.2731799957275406,1,EXIT_PROFIT_TARGET_MET
2025-01-08 21:25:00,-66.98620000000028,0.2546850616455029,1,EXIT_PROFIT_TARGET_MET
2025-01-08 21:30:00,-66.58039999999983,0.10025616760254646,1,EXIT_PROFIT_TARGET_MET
2025-01-08 21:35:00,-66.69959999999992,0.14561822814941688,1,EXIT_PROFIT_TARGET_MET
2025-01-08 21:40:00,-66.8108000000002,0.18793585510254257,1,EXIT_PROFIT_TARGET_MET
2025-01-08 21:45:00,-66.97500000000036,0.25042285461426494,1,EXIT_PROFIT_TARGET_MET
2025-01-08 21:50:00,-67.04579999999987,0.2773660919189502,1,EXIT_PROFIT_TARGET_MET
2025-01-08 21:55:00,-67.00860000000011,0.2632094757080028,1,EXIT_PROFIT_TARGET_MET
2025-01-08 22:00:00,-66.94959999999992,0.24075677795411232,1,EXIT_PROFIT_TARGET_MET
2025-01-08 22:05:00,-67.17180000000008,0.03492645019529084,1,EXIT_PROFIT_TARGET_MET
2025-01-08 22:10:00,-67.15419999999995,0.02218191894531807,1,EXIT_PROFIT_TARGET_MET
2025-01-08 22:15:00,-67.15419999999995,0.02218191894531807,1,EXIT_PROFIT_TARGET_MET
2025-01-08 22:20:00,-67.0586000000003,0.2822371856689465,1,EXIT_PROFIT_TARGET_MET
2025-01-08 22:25:00,-66.9350000000004,0.23520068664551702,1,EXIT_PROFIT_TARGET_MET
2025-01-08 22:30:00,-66.89819999999963,0.22119629211425035,1,EXIT_PROFIT_TARGET_MET
2025-01-08 22:35:00,-67.02559999999994,0.2696788970947299,1,EXIT_PROFIT_TARGET_MET
2025-01-08 22:40:00,-67.03819999999996,0.27447388000488593,1,EXIT_PROFIT_TARGET_MET
2025-01-08 22:45:00,-66.90120000000024,0.22233795471191498,1,EXIT_PROFIT_TARGET_MET
2025-01-08 22:50:00,-66.9431999999997,0.2383212310791022,1,EXIT_PROFIT_TARGET_MET
2025-01-08 22:55:00,-66.8098,0.18755530090331696,1,EXIT_PROFIT_TARGET_MET
2025-01-08 23:00:00,-67.25619999999981,0.09604227050782344,1,EXIT_PROFIT_TARGET_MET
2025-01-08 23:05:00,-67.1880000000001,0.0466572119140608,1,EXIT_PROFIT_TARGET_MET
2025-01-08 23:10:00,-67.1880000000001,0.0466572119140608,1,EXIT_PROFIT_TARGET_MET
2025-01-08 23:15:00,-67.1880000000001,0.0466572119140608,1,EXIT_PROFIT_TARGET_MET
2025-01-08 23:20:00,-67.20820000000003,0.06128445800781368,1,EXIT_PROFIT_TARGET_MET
2025-01-08 23:25:00,-67.22159999999985,0.07098768066406014,1,EXIT_PROFIT_TARGET_MET
2025-01-08 23:30:00,-67.10620000000017,0.0026440100097673003,1,EXIT_PROFIT_TARGET_MET
2025-01-08 23:35:00,-67.10620000000017,0.0026440100097673003,1,EXIT_PROFIT_TARGET_MET
2025-01-08 23:40:00,-67.10620000000017,0.0026440100097673003,1,EXIT_PROFIT_TARGET_MET
2025-01-08 23:45:00,-67.12880000000041,0.003789243164074918,1,EXIT_PROFIT_TARGET_MET
2025-01-08 23:50:00,-67.24499999999989,0.08793211425779934,1,EXIT_PROFIT_TARGET_MET
2025-01-08 23:55:00,-67.21839999999975,0.06867049316407381,1,EXIT_PROFIT_TARGET_MET
2025-01-09 00:00:00,-67.35919999999987,0.17062674316406778,1,EXIT_PROFIT_TARGET_MET
2025-01-09 00:05:00,-67.27279999999973,0.10806268066405622,1,EXIT_PROFIT_TARGET_MET
2025-01-09 00:10:00,-67.1216000000004,0.00840961059570483,1,EXIT_PROFIT_TARGET_MET
2025-01-09 00:15:00,-67.1216000000004,0.00840961059570483,1,EXIT_PROFIT_TARGET_MET
2025-01-09 00:20:00,-67.14720000000034,0.01711307128906825,1,EXIT_PROFIT_TARGET_MET
2025-01-09 00:25:00,-67.14720000000034,0.01711307128906825,1,EXIT_PROFIT_TARGET_MET
2025-01-09 00:30:00,-67.5036,0.27518982910155787,1,EXIT_PROFIT_TARGET_MET
2025-01-09 00:35:00,-67.14159999999993,0.013057993164044213,1,EXIT_PROFIT_TARGET_MET
2025-01-09 00:40:00,-67.21519999999964,0.0663533056640635,1,EXIT_PROFIT_TARGET_MET
2025-01-09 00:45:00,-67.24279999999999,0.08633904785157698,1,EXIT_PROFIT_TARGET_MET
2025-01-09 00:50:00,-67.2480000000005,0.09010447753904227,1,EXIT_PROFIT_TARGET_MET
2025-01-09 00:55:00,-67.36920000000009,0.17786795410156053,1,EXIT_PROFIT_TARGET_MET
2025-01-09 01:00:00,-67.6248000000005,0.07368368164062944,1,EXIT_PROFIT_TARGET_MET
2025-01-09 01:05:00,-67.60120000000006,0.057758291015648666,1,EXIT_PROFIT_TARGET_MET
2025-01-09 01:10:00,-67.1235999999999,2.381347656266186e-05,1,EXIT_PROFIT_TARGET_MET
2025-01-09 01:15:00,-67.17259999999987,0.0355057470703114,1,EXIT_PROFIT_TARGET_MET
2025-01-09 01:20:00,-66.86539999999968,0.20871411437988593,1,EXIT_PROFIT_TARGET_MET
2025-01-09 01:25:00,-66.86539999999968,0.20871411437988593,1,EXIT_PROFIT_TARGET_MET
2025-01-09 01:30:00,-66.73160000000007,0.157795962524396,1,EXIT_PROFIT_TARGET_MET
2025-01-09 01:35:00,-66.95340000000033,0.2422028839111265,1,EXIT_PROFIT_TARGET_MET
2025-01-09 01:40:00,-66.85999999999967,0.20665912170411319,1,EXIT_PROFIT_TARGET_MET
2025-01-09 01:45:00,-66.76180000000022,0.16928869934081234,1,EXIT_PROFIT_TARGET_MET
2025-01-09 01:50:00,-66.8738000000003,0.21191076965331135,1,EXIT_PROFIT_TARGET_MET
2025-01-09 01:55:00,-66.8738000000003,0.21191076965331135,1,EXIT_PROFIT_TARGET_MET
2025-01-09 02:00:00,-66.92619999999988,0.23185180969238695,1,EXIT_PROFIT_TARGET_MET
2025-01-09 02:05:00,-66.82939999999962,0.1950141632080044,1,EXIT_PROFIT_TARGET_MET
2025-01-09 02:10:00,-66.82939999999962,0.2245205725097574,1,EXIT_PROFIT_TARGET_MET
2025-01-09 02:15:00,-66.65940000000046,0.17176120361328318,1,EXIT_PROFIT_TARGET_MET
2025-01-09 02:20:00,-66.90120000000024,0.253944741210935,1,EXIT_PROFIT_TARGET_MET
2025-01-09 02:25:00,-66.65999999999985,0.281291929931642,1,EXIT_PROFIT_TARGET_MET
2025-01-09 02:30:00,-66.65999999999985,0.6169679089355711,1,EXIT_PROFIT_TARGET_MET
2025-01-09 02:35:00,-66.77940000000035,1.8773907678221926,1,EXIT_PROFIT_TARGET_MET
2025-01-09 02:40:00,-66.64379999999983,3.1699911340333826,1,EXIT_PROFIT_TARGET_MET
2025-01-09 02:45:00,-66.40059999999994,2.847304663086083,1,EXIT_PROFIT_TARGET_MET
2025-01-09 02:50:00,-66.24539999999979,14.467746713866843,1,EXIT_PROFIT_TARGET_MET
2025-01-09 02:55:00,-66.30400000000009,13.578407900389863,1,EXIT_PROFIT_TARGET_MET
2025-01-09 03:00:00,-65.89440000000013,0.44945319824186214,1,EXIT_PROFIT_TARGET_MET
2025-01-09 03:05:00,-65.83780000000024,121.65796957032194,1,EXIT_PROFIT_TARGET_MET
2025-01-09 03:10:00,-65.39999999999964,-11.7451675781233,1,HOLD
2025-01-09 03:15:00,-65.41039999999975,-4.763006640619807,1,HOLD
2025-01-09 03:20:00,-64.90400000000045,-4.538931953131012,1,HOLD
2025-01-09 03:25:00,-64.78560000000016,-125.16879230468456,-1,HOLD
2025-01-09 03:30:00,-64.7430000000004,-128.5796352734314,-1,HOLD
2025-01-09 03:35:00,-64.67140000000018,-112.04187132812567,-1,HOLD
2025-01-09 03:40:00,-64.73239999999987,-125.12049386718925,-1,HOLD
2025-01-09 03:45:00,-64.83420000000024,-122.65184386718741,-1,HOLD
2025-01-09 03:50:00,-64.9355999999998,-117.8911855859287,-1,HOLD
2025-01-09 03:55:00,-65.33359999999993,-29.41921859375053,1,HOLD
2025-01-09 04:00:00,-65.85279999999966,2.2999228668211056,1,EXIT_PROFIT_TARGET_MET
2025-01-09 04:05:00,-65.8137999999999,233.18195185547188,1,EXIT_PROFIT_TARGET_MET
2025-01-09 04:10:00,-66.01400000000012,0.6526970312489944,1,EXIT_PROFIT_TARGET_MET
2025-01-09 04:15:00,-66.23499999999967,0.0006286886596679532,1,EXIT_PROFIT_TARGET_MET
2025-01-09 04:20:00,-66.24219999999968,0.009146203002931043,1,EXIT_PROFIT_TARGET_MET
2025-01-09 04:25:00,-66.52720000000045,0.02116616149902354,1,EXIT_PROFIT_TARGET_MET
2025-01-09 04:30:00,-66.16420000000016,1.4381054492166527,1,EXIT_PROFIT_TARGET_MET
2025-01-09 04:35:00,-66.21479999999974,0.007990599975586037,1,EXIT_PROFIT_TARGET_MET
2025-01-09 04:40:00,-65.88600000000042,3.9326371874984005,1,EXIT_PROFIT_TARGET_MET
2025-01-09 04:45:00,-65.67280000000028,7.977308749999835,1,EXIT_PROFIT_TARGET_MET
2025-01-09 04:50:00,-65.3734000000004,21.244471249998085,1,EXIT_PROFIT_TARGET_MET
2025-01-09 04:55:00,-65.63040000000001,9.856158749998599,1,EXIT_PROFIT_TARGET_MET
2025-01-09 05:00:00,-65.73099999999977,5.39832124999937,1,EXIT_PROFIT_TARGET_MET
2025-01-09 05:05:00,-66.03340000000026,0.8514836328138085,1,EXIT_PROFIT_TARGET_MET
2025-01-09 05:10:00,-65.83979999999974,0.5771212500008147,1,EXIT_PROFIT_TARGET_MET
2025-01-09 05:15:00,-66.13919999999962,2.698188457030734,1,EXIT_PROFIT_TARGET_MET
2025-01-09 05:20:00,-65.88259999999991,4.099077812499047,1,EXIT_PROFIT_TARGET_MET
2025-01-09 05:25:00,-66.13680000000022,2.8191564257791284,1,EXIT_PROFIT_TARGET_MET
2025-01-09 05:30:00,-65.8163999999997,1.6140337499993933,1,EXIT_PROFIT_TARGET_MET
2025-01-09 05:35:00,-65.81919999999991,1.4899587500010085,1,EXIT_PROFIT_TARGET_MET
2025-01-09 05:40:00,-65.5632000000005,12.833958749998203,1,EXIT_PROFIT_TARGET_MET
2025-01-09 05:45:00,-65.77160000000003,3.599233749999641,1,EXIT_PROFIT_TARGET_MET
2025-01-09 05:50:00,-65.76460000000043,3.9094212499986725,1,EXIT_PROFIT_TARGET_MET
2025-01-09 05:55:00,-65.76460000000043,3.9094212499986725,1,EXIT_PROFIT_TARGET_MET
2025-01-09 06:00:00,-65.61160000000018,10.68923374999963,1,EXIT_PROFIT_TARGET_MET
2025-01-09 06:05:00,-65.44679999999971,17.991933749999518,1,EXIT_PROFIT_TARGET_MET
2025-01-09 06:10:00,-65.5,15.634508750001046,1,EXIT_PROFIT_TARGET_MET
2025-01-09 06:15:00,-65.59240000000045,11.540033749998969,1,EXIT_PROFIT_TARGET_MET
2025-01-09 06:20:00,-65.56940000000031,12.559221249999112,1,EXIT_PROFIT_TARGET_MET
2025-01-09 06:25:00,-65.79320000000007,2.6420837499986902,1,EXIT_PROFIT_TARGET_MET
2025-01-09 06:30:00,-65.79320000000007,2.6420837499986902,1,EXIT_PROFIT_TARGET_MET
2025-01-09 06:35:00,-65.79320000000007,2.6420837499986902,1,EXIT_PROFIT_TARGET_MET
2025-01-09 06:40:00,-65.7547999999997,4.343683749999158,1,EXIT_PROFIT_TARGET_MET
2025-01-09 06:45:00,-65.77160000000003,3.599233749999641,1,EXIT_PROFIT_TARGET_MET
2025-01-09 06:50:00,-65.85199999999986,0.03650874999897269,1,EXIT_PROFIT_TARGET_MET
2025-01-09 06:55:00,-65.85199999999986,0.03650874999897269,1,EXIT_PROFIT_TARGET_MET
2025-01-09 07:00:00,-65.67380000000048,7.932996249997544,1,EXIT_PROFIT_TARGET_MET
2025-01-09 07:05:00,-65.77919999999995,3.2624587499998228,1,EXIT_PROFIT_TARGET_MET
2025-01-09 07:10:00,-65.72000000000025,5.885758749998104,1,EXIT_PROFIT_TARGET_MET
2025-01-09 07:15:00,-65.5659999999998,12.709883749998284,1,EXIT_PROFIT_TARGET_MET
2025-01-09 07:20:00,-65.8710000000001,4.666934062498708,1,EXIT_PROFIT_TARGET_MET
2025-01-09 07:25:00,-65.76959999999963,3.68785874999962,1,EXIT_PROFIT_TARGET_MET
2025-01-09 07:30:00,-65.75820000000022,4.193021249999987,1,EXIT_PROFIT_TARGET_MET
2025-01-09 07:35:00,-65.75540000000001,4.317096249999906,1,EXIT_PROFIT_TARGET_MET
2025-01-09 07:40:00,-65.98660000000018,0.09127181997299129,1,EXIT_PROFIT_TARGET_MET
2025-01-09 07:45:00,-66.09460000000036,0.0026071604537965514,1,EXIT_PROFIT_TARGET_MET
2025-01-09 07:50:00,-65.99579999999969,0.09215950078964223,1,EXIT_PROFIT_TARGET_MET
2025-01-09 07:55:00,-66.08160000000044,0.0013553332138060525,1,EXIT_PROFIT_TARGET_MET
2025-01-09 08:00:00,-66.11740000000009,0.004802672843933497,1,EXIT_PROFIT_TARGET_MET
2025-01-09 08:05:00,-66.30460000000039,0.003090958862305253,1,EXIT_PROFIT_TARGET_MET
2025-01-09 08:10:00,-66.3136000000004,0.038253973999021015,1,EXIT_PROFIT_TARGET_MET
2025-01-09 08:15:00,-66.3136000000004,0.038253973999021015,1,EXIT_PROFIT_TARGET_MET
2025-01-09 08:20:00,-66.3738000000003,0.04915199645995848,1,EXIT_PROFIT_TARGET_MET
2025-01-09 08:25:00,-66.28420000000006,0.032931683959959004,1,EXIT_PROFIT_TARGET_MET
2025-01-09 08:30:00,-66.35260000000017,0.04531415466308551,1,EXIT_PROFIT_TARGET_MET
2025-01-09 08:35:00,-66.46740000000045,0.06609643005371005,1,EXIT_PROFIT_TARGET_MET
2025-01-09 08:40:00,-66.61419999999998,0.17093764587402271,1,EXIT_PROFIT_TARGET_MET
2025-01-09 08:45:00,-66.59420000000046,0.02062729980468292,1,EXIT_PROFIT_TARGET_MET
2025-01-09 08:50:00,-66.5021999999999,0.35866416015623703,1,EXIT_PROFIT_TARGET_MET
2025-01-09 08:55:00,-66.65580000000045,1.3055831152343405,1,EXIT_PROFIT_TARGET_MET
2025-01-09 09:00:00,-66.51919999999973,3.6031332812499315,1,EXIT_PROFIT_TARGET_MET
2025-01-09 09:05:00,-66.51760000000013,6.83070099609369,1,EXIT_PROFIT_TARGET_MET
2025-01-09 09:10:00,-66.40359999999964,13.186714306640583,1,EXIT_PROFIT_TARGET_MET
2025-01-09 09:15:00,-66.50920000000042,6.386246718749716,1,EXIT_PROFIT_TARGET_MET
2025-01-09 09:20:00,-66.50920000000042,35.0091473046873,1,EXIT_PROFIT_TARGET_MET
2025-01-09 09:25:00,-66.49319999999989,11.78429499999993,1,EXIT_PROFIT_TARGET_MET
2025-01-09 09:30:00,-66.45259999999962,17.30811453124811,1,EXIT_PROFIT_TARGET_MET
2025-01-09 09:35:00,-66.55320000000029,0.40614249999964613,1,EXIT_PROFIT_TARGET_MET
2025-01-09 09:40:00,-66.59860000000026,15.421158124998826,1,EXIT_PROFIT_TARGET_MET
2025-01-09 09:45:00,-66.68199999999979,19.022995624999993,1,EXIT_PROFIT_TARGET_MET
2025-01-09 09:50:00,-66.52980000000025,12.449858124999224,1,EXIT_PROFIT_TARGET_MET
2025-01-09 09:55:00,-66.52980000000025,12.449858124999224,1,EXIT_PROFIT_TARGET_MET
2025-01-09 10:00:00,-66.55320000000029,13.46044562500019,1,EXIT_PROFIT_TARGET_MET
2025-01-09 10:05:00,-66.54680000000008,13.184045625000266,1,EXIT_PROFIT_TARGET_MET
2025-01-09 10:10:00,-66.59919999999966,15.447070625000421,1,EXIT_PROFIT_TARGET_MET
2025-01-09 10:15:00,-66.60580000000027,15.732108124999812,1,EXIT_PROFIT_TARGET_MET
2025-01-09 10:20:00,-66.46680000000015,9.729045625000893,1,EXIT_PROFIT_TARGET_MET
2025-01-09 10:25:00,-66.45759999999973,9.331720624999491,1,EXIT_PROFIT_TARGET_MET
2025-01-09 10:30:00,-66.5011999999997,11.21469562500063,1,EXIT_PROFIT_TARGET_MET
2025-01-09 10:35:00,-66.40880000000016,17.057307812500234,1,EXIT_PROFIT_TARGET_MET
2025-01-09 10:40:00,-66.48900000000049,15.752450312500166,1,EXIT_PROFIT_TARGET_MET
2025-01-09 10:45:00,-66.58880000000045,21.666769062500215,1,EXIT_PROFIT_TARGET_MET
2025-01-09 10:50:00,-66.7543999999998,2.8374962499999015,1,EXIT_PROFIT_TARGET_MET
2025-01-09 10:55:00,-66.88839999999982,4.352360000000488,1,EXIT_PROFIT_TARGET_MET
2025-01-09 11:00:00,-66.88420000000042,9.325066249999537,1,EXIT_PROFIT_TARGET_MET
2025-01-09 11:05:00,-66.74380000000019,4.14781625000046,1,EXIT_PROFIT_TARGET_MET
2025-01-09 11:10:00,-66.78719999999976,5.748191250000531,1,EXIT_PROFIT_TARGET_MET
2025-01-09 11:15:00,-66.85540000000037,8.263066250001117,1,EXIT_PROFIT_TARGET_MET
2025-01-09 11:20:00,-67.03440000000046,14.863691250001551,1,EXIT_PROFIT_TARGET_MET
2025-01-09 11:25:00,-67.11040000000048,17.666191250000622,1,EXIT_PROFIT_TARGET_MET
2025-01-09 11:30:00,-67.07440000000042,16.338691249999783,1,EXIT_PROFIT_TARGET_MET
2025-01-09 11:35:00,-67.10680000000048,17.533441250000692,1,EXIT_PROFIT_TARGET_MET
2025-01-09 11:40:00,-67.13439999999991,4.037832500000093,1,EXIT_PROFIT_TARGET_MET
2025-01-09 11:45:00,-67.13439999999991,9.237768749998253,1,EXIT_PROFIT_TARGET_MET
2025-01-09 11:50:00,-66.97199999999975,3.249268750000084,1,EXIT_PROFIT_TARGET_MET
2025-01-09 11:55:00,-67.02660000000014,5.262643749999967,1,EXIT_PROFIT_TARGET_MET
2025-01-09 12:00:00,-66.95920000000024,2.7772687499989104,1,EXIT_PROFIT_TARGET_MET
2025-01-09 12:05:00,-66.53859999999986,9.435284062499399,1,EXIT_PROFIT_TARGET_MET
2025-01-09 12:10:00,-66.53319999999985,9.185027812500508,1,EXIT_PROFIT_TARGET_MET
2025-01-09 12:15:00,-66.57440000000042,11.094390312499122,1,EXIT_PROFIT_TARGET_MET
2025-01-09 12:20:00,-66.67380000000048,15.700959062498946,1,EXIT_PROFIT_TARGET_MET
2025-01-09 12:25:00,-66.83619999999974,23.227184062500328,1,EXIT_PROFIT_TARGET_MET
2025-01-09 12:30:00,-66.86859999999979,24.728721562499942,1,EXIT_PROFIT_TARGET_MET
2025-01-09 12:35:00,-66.82020000000011,22.485684062500162,1,EXIT_PROFIT_TARGET_MET
2025-01-09 12:40:00,-66.8140000000003,22.19835281249842,1,EXIT_PROFIT_TARGET_MET
2025-01-09 12:45:00,-66.79420000000027,21.280746562500397,1,EXIT_PROFIT_TARGET_MET
2025-01-09 12:50:00,-66.79380000000037,16.865296875000453,1,EXIT_PROFIT_TARGET_MET
2025-01-09 12:55:00,-66.92020000000048,81.63683375,1,EXIT_PROFIT_TARGET_MET
2025-01-09 13:00:00,-66.92020000000048,62.694785000001076,1,EXIT_PROFIT_TARGET_MET
2025-01-09 13:05:00,-66.60940000000028,17.1598000000011,1,EXIT_PROFIT_TARGET_MET
2025-01-09 13:10:00,-66.60940000000028,11.642102500000306,1,EXIT_PROFIT_TARGET_MET
2025-01-09 13:15:00,-66.5018,61.35963750000096,1,EXIT_PROFIT_TARGET_MET
2025-01-09 13:20:00,-66.75659999999971,21.414774999998656,1,EXIT_PROFIT_TARGET_MET
2025-01-09 13:25:00,-66.60599999999977,60.59740750000037,1,EXIT_PROFIT_TARGET_MET
2025-01-09 13:30:00,-66.5634,38.552280000001645,1,EXIT_PROFIT_TARGET_MET
2025-01-09 13:35:00,-66.61880000000019,39.65527875000066,1,EXIT_PROFIT_TARGET_MET
2025-01-09 13:40:00,-66.64739999999983,4.462635000001228,1,EXIT_PROFIT_TARGET_MET
2025-01-09 13:45:00,-66.57319999999982,6.024661875001726,1,EXIT_PROFIT_TARGET_MET
2025-01-09 13:50:00,-66.4964,0.4611650000002854,1,EXIT_PROFIT_TARGET_MET
2025-01-09 13:55:00,-66.52340000000004,4.070346249998622,1,EXIT_PROFIT_TARGET_MET
2025-01-09 14:00:00,-66.72640000000047,4.516853749999697,1,EXIT_PROFIT_TARGET_MET
2025-01-09 14:05:00,-66.72640000000047,7.324226249998787,1,EXIT_PROFIT_TARGET_MET
2025-01-09 14:10:00,-66.50460000000021,10.304327499999829,1,EXIT_PROFIT_TARGET_MET
2025-01-09 14:15:00,-66.28380000000016,3.0309637500004385,1,EXIT_PROFIT_TARGET_MET
2025-01-09 14:20:00,-66.38699999999972,7.866283125000777,1,EXIT_PROFIT_TARGET_MET
2025-01-09 14:25:00,-66.40139999999974,1.5951475000011186,1,EXIT_PROFIT_TARGET_MET
2025-01-09 14:30:00,-66.49359999999979,4.151070000001027,1,EXIT_PROFIT_TARGET_MET
2025-01-09 14:35:00,-66.49359999999979,0.3375103906251731,1,EXIT_PROFIT_TARGET_MET
2025-01-09 14:40:00,-66.60940000000028,1.8753773437499959,1,EXIT_PROFIT_TARGET_MET
2025-01-09 14:45:00,-66.60940000000028,4.272573476562351,1,EXIT_PROFIT_TARGET_MET
2025-01-09 14:50:00,-66.5616,13.176720507812105,1,EXIT_PROFIT_TARGET_MET
2025-01-09 14:55:00,-66.8108000000002,58.892341054686796,1,EXIT_PROFIT_TARGET_MET
2025-01-09 15:00:00,-66.6894000000002,18.335274687500046,1,EXIT_PROFIT_TARGET_MET
2025-01-09 15:05:00,-66.6859999999997,22.797887968747858,1,EXIT_PROFIT_TARGET_MET
2025-01-09 15:10:00,-66.79700000000048,24.353588740221994,1,EXIT_PROFIT_TARGET_MET
2025-01-09 15:15:00,-66.79700000000048,-118.24994125000055,-1,NO_VALID_ACTION_DEFENSIVE_AVG
2025-01-09 15:20:00,-66.79700000000048,-115.39244125000059,-1,NO_VALID_ACTION_DEFENSIVE_AVG
2025-01-09 15:25:00,-66.79700000000048,-113.1311912500006,-1,NO_VALID_ACTION_DEFENSIVE_AVG
2025-01-09 15:30:00,-66.79920000000038,-113.1878412500009,-1,NO_VALID_ACTION_DEFENSIVE_AVG
2025-01-09 15:35:00,-66.63140000000021,-138.872823124999,-1,NO_VALID_ACTION_DEFENSIVE_AVG
2025-01-09 15:40:00,-66.60940000000028,0.02730276367187634,1,EXIT_PROFIT_TARGET_MET
2025-01-09 15:45:00,-66.56580000000031,0.12460284179688275,1,EXIT_PROFIT_TARGET_MET
2025-01-09 15:50:00,-66.64300000000003,0.2064833007812501,1,EXIT_PROFIT_TARGET_MET
2025-01-09 15:55:00,-66.64300000000003,0.8745083203124846,1,EXIT_PROFIT_TARGET_MET
2025-01-09 16:00:00,-66.5578000000005,0.7566594531249837,1,EXIT_PROFIT_TARGET_MET
2025-01-09 16:05:00,-66.5578000000005,1.9600429534912483e-05,1,EXIT_PROFIT_TARGET_MET
2025-01-09 16:10:00,-66.50780000000032,2.9045292735099748e-05,1,EXIT_PROFIT_TARGET_MET
2025-01-09 16:15:00,-66.67540000000008,-127.65364999999764,-1,HOLD
2025-01-09 16:20:00,-66.56620000000021,0.0009322973060608012,1,EXIT_PROFIT_TARGET_MET
2025-01-09 16:25:00,-66.53740000000016,36.215507499999546,1,EXIT_PROFIT_TARGET_MET
2025-01-09 16:30:00,-66.5663999999997,0.0009556856727600074,1,EXIT_PROFIT_TARGET_MET
2025-01-09 16:35:00,-66.48620000000028,36.37921250000045,1,EXIT_PROFIT_TARGET_MET
2025-01-09 16:40:00,-66.48620000000028,0.0008569481849670015,1,EXIT_PROFIT_TARGET_MET
2025-01-09 16:45:00,-66.44539999999961,63.042912500000284,1,EXIT_PROFIT_TARGET_MET
2025-01-09 16:50:00,-66.40520000000015,62.06806249999926,1,EXIT_PROFIT_TARGET_MET
2025-01-09 16:55:00,-66.36539999999968,61.102912500000684,1,EXIT_PROFIT_TARGET_MET
2025-01-09 17:00:00,-66.29460000000017,59.38601250000073,1,EXIT_PROFIT_TARGET_MET
2025-01-09 17:05:00,-66.29460000000017,59.38601250000073,1,EXIT_PROFIT_TARGET_MET
2025-01-09 17:10:00,-66.36719999999968,61.14656249999996,1,EXIT_PROFIT_TARGET_MET
2025-01-09 17:15:00,-66.28899999999976,59.250212499999634,1,EXIT_PROFIT_TARGET_MET
2025-01-09 17:20:00,-66.1818000000003,56.650612499999454,1,EXIT_PROFIT_TARGET_MET
2025-01-09 17:25:00,-65.98480000000018,51.87336250000095,1,EXIT_PROFIT_TARGET_MET
2025-01-09 17:30:00,-65.80339999999978,47.474412499999914,1,EXIT_PROFIT_TARGET_MET
2025-01-09 17:35:00,-65.91179999999986,50.103112500001316,1,EXIT_PROFIT_TARGET_MET
2025-01-09 17:40:00,-65.91179999999986,50.103112500001316,1,EXIT_PROFIT_TARGET_MET
2025-01-09 17:45:00,-65.91179999999986,50.103112500001316,1,EXIT_PROFIT_TARGET_MET
2025-01-09 17:50:00,-65.91179999999986,50.103112500001316,1,EXIT_PROFIT_TARGET_MET
2025-01-09 17:55:00,-65.91179999999986,50.103112500001316,1,EXIT_PROFIT_TARGET_MET
2025-01-09 18:00:00,-65.91780000000017,50.24861249999873,1,EXIT_PROFIT_TARGET_MET
2025-01-09 18:05:00,-65.65059999999994,43.76901250000037,1,EXIT_PROFIT_TARGET_MET
2025-01-09 18:10:00,-65.65059999999994,43.76901250000037,1,EXIT_PROFIT_TARGET_MET
2025-01-09 18:15:00,-65.65059999999994,43.76901250000037,1,EXIT_PROFIT_TARGET_MET
2025-01-09 18:20:00,-65.65059999999994,43.76901250000037,1,EXIT_PROFIT_TARGET_MET
2025-01-09 18:25:00,-65.65059999999994,43.76901250000037,1,EXIT_PROFIT_TARGET_MET
2025-01-09 18:30:00,-65.8100000000004,47.63446249999896,1,EXIT_PROFIT_TARGET_MET
2025-01-09 18:35:00,-66.39959999999974,61.93226250000072,1,EXIT_PROFIT_TARGET_MET
2025-01-09 18:40:00,-66.51040000000012,64.61916250000047,1,EXIT_PROFIT_TARGET_MET
2025-01-09 18:45:00,-66.20840000000044,57.295662499999935,1,EXIT_PROFIT_TARGET_MET
2025-01-09 18:50:00,-66.20840000000044,57.295662499999935,1,EXIT_PROFIT_TARGET_MET
2025-01-09 18:55:00,-66.24099999999999,58.08621249999885,1,EXIT_PROFIT_TARGET_MET
2025-01-09 19:00:00,-66.24099999999999,58.08621249999885,1,EXIT_PROFIT_TARGET_MET
2025-01-09 19:05:00,-66.40859999999975,62.15051249999965,1,EXIT_PROFIT_TARGET_MET
2025-01-09 19:10:00,-66.26239999999962,58.6051625000012,1,EXIT_PROFIT_TARGET_MET
2025-01-09 19:15:00,-66.39819999999963,61.89831249999929,1,EXIT_PROFIT_TARGET_MET
2025-01-09 19:20:00,-66.39919999999984,61.92256250000031,1,EXIT_PROFIT_TARGET_MET
2025-01-09 19:25:00,-66.39919999999984,61.92256250000031,1,EXIT_PROFIT_TARGET_MET
2025-01-09 19:30:00,-66.41179999999986,62.22811250000035,1,EXIT_PROFIT_TARGET_MET
2025-01-09 19:35:00,-66.45359999999982,63.241762499999425,1,EXIT_PROFIT_TARGET_MET
2025-01-09 19:40:00,-66.45359999999982,63.241762499999425,1,EXIT_PROFIT_TARGET_MET
2025-01-09 19:45:00,-66.45359999999982,63.241762499999425,1,EXIT_PROFIT_TARGET_MET
2025-01-09 19:50:00,-66.45359999999982,37.9914150000011,1,EXIT_PROFIT_TARGET_MET
2025-01-09 19:55:00,-66.34519999999975,34.87776750000043,1,EXIT_PROFIT_TARGET_MET
2025-01-09 20:00:00,-66.34519999999975,6.2257599999978765,1,EXIT_PROFIT_TARGET_MET
2025-01-09 20:05:00,-66.34519999999975,8.78650749999963,1,EXIT_PROFIT_TARGET_MET
2025-01-09 20:10:00,-66.34519999999975,17.381913750001445,1,EXIT_PROFIT_TARGET_MET
2025-01-09 20:15:00,-66.28600000000006,10.268911250000826,1,EXIT_PROFIT_TARGET_MET
2025-01-09 20:20:00,-66.09320000000025,21.25272250000134,1,EXIT_PROFIT_TARGET_MET
2025-01-09 20:25:00,-66.14360000000033,1.6542762500016863,1,EXIT_PROFIT_TARGET_MET
2025-01-09 20:30:00,-65.9384,0.05568966064453115,1,EXIT_PROFIT_TARGET_MET
2025-01-09 20:35:00,-65.96939999999995,0.07176853271484818,1,EXIT_PROFIT_TARGET_MET
2025-01-09 20:40:00,-66.03020000000015,1.5918107812500892,1,EXIT_PROFIT_TARGET_MET
2025-01-09 20:45:00,-66.03020000000015,0.28321109374998943,1,EXIT_PROFIT_TARGET_MET
2025-01-09 20:50:00,-66.19480000000021,12.076447499999048,1,EXIT_PROFIT_TARGET_MET
2025-01-09 20:55:00,-66.21119999999974,10.708489999997951,1,EXIT_PROFIT_TARGET_MET
2025-01-09 21:00:00,-66.21119999999974,17.707076250000313,1,EXIT_PROFIT_TARGET_MET
2025-01-09 21:05:00,-66.25460000000021,2.922409531250006,1,EXIT_PROFIT_TARGET_MET
2025-01-09 21:10:00,-66.29420000000027,4.31269562499989,1,EXIT_PROFIT_TARGET_MET
2025-01-09 21:15:00,-66.33259999999973,33.859471250001256,1,EXIT_PROFIT_TARGET_MET
2025-01-09 21:20:00,-66.4344000000001,5.50334249999969,1,EXIT_PROFIT_TARGET_MET
2025-01-09 21:25:00,-66.4344000000001,6.547488437499691,1,EXIT_PROFIT_TARGET_MET
2025-01-09 21:30:00,-66.3140000000003,17.760500918577556,1,EXIT_PROFIT_TARGET_MET
2025-01-09 21:35:00,-66.00900000000001,0.4920714147568389,1,EXIT_PROFIT_TARGET_MET
2025-01-09 21:40:00,-66.07160000000022,0.4781770065309003,1,EXIT_PROFIT_TARGET_MET
2025-01-09 21:45:00,-66.09240000000045,0.4125427169800607,1,EXIT_PROFIT_TARGET_MET
2025-01-09 21:50:00,-66.09240000000045,0.4125427169800607,1,EXIT_PROFIT_TARGET_MET
2025-01-09 21:55:00,-66.09240000000045,0.4125427169800607,1,EXIT_PROFIT_TARGET_MET
2025-01-09 22:00:00,-66.09240000000045,0.4125427169800607,1,EXIT_PROFIT_TARGET_MET
2025-01-09 22:05:00,-65.98660000000018,0.7463940551758144,1,EXIT_PROFIT_TARGET_MET
2025-01-09 22:10:00,-66.1274000000003,0.3021004028320307,1,EXIT_PROFIT_TARGET_MET
2025-01-09 22:15:00,-66.1274000000003,0.3021004028320307,1,EXIT_PROFIT_TARGET_MET
2025-01-09 22:20:00,-66.17420000000038,0.15442325134285736,1,EXIT_PROFIT_TARGET_MET
2025-01-09 22:25:00,-66.17420000000038,0.15442325134285736,1,EXIT_PROFIT_TARGET_MET
2025-01-09 22:30:00,-66.13979999999992,0.26297226867677964,1,EXIT_PROFIT_TARGET_MET
2025-01-09 22:35:00,-66.11560000000009,0.33933524017336597,1,EXIT_PROFIT_TARGET_MET
2025-01-09 22:40:00,-66.06880000000001,0.4870123916627312,1,EXIT_PROFIT_TARGET_MET
2025-01-09 22:45:00,-65.78719999999976,1.029197194825038,1,EXIT_PROFIT_TARGET_MET
2025-01-09 22:50:00,-65.85300000000007,1.167968145752129,1,EXIT_PROFIT_TARGET_MET
2025-01-09 22:55:00,-65.89159999999993,1.0461660507203163,1,EXIT_PROFIT_TARGET_MET
2025-01-09 23:00:00,-66.10620000000017,0.3689968902588462,1,EXIT_PROFIT_TARGET_MET
2025-01-09 23:05:00,-65.79420000000027,0.6757394921862193,1,EXIT_PROFIT_TARGET_MET
2025-01-09 23:10:00,-65.65440000000035,7.734794753418023,1,EXIT_PROFIT_TARGET_MET
2025-01-09 23:15:00,-65.66319999999996,7.290447927244867,1,EXIT_PROFIT_TARGET_MET
2025-01-09 23:20:00,-65.66300000000047,7.300546718748,1,EXIT_PROFIT_TARGET_MET
2025-01-09 23:25:00,-65.79979999999978,0.39297333007854063,1,EXIT_PROFIT_TARGET_MET
2025-01-09 23:30:00,-65.64959999999974,7.9771657495101,1,EXIT_PROFIT_TARGET_MET
2025-01-09 23:35:00,-65.19999999999982,2.1078675000006086,1,EXIT_PROFIT_TARGET_MET
2025-01-09 23:40:00,-65.11920000000009,5.688317500001375,1,EXIT_PROFIT_TARGET_MET
2025-01-09 23:45:00,-65.05460000000039,8.550904999998679,1,EXIT_PROFIT_TARGET_MET
2025-01-09 23:50:00,-64.88180000000011,16.208104999998483,1,EXIT_PROFIT_TARGET_MET
2025-01-09 23:55:00,-64.3797999999997,38.45298000000078,1,EXIT_PROFIT_TARGET_MET
2025-01-10 00:00:00,-64.48099999999977,33.96855500000076,1,EXIT_PROFIT_TARGET_MET
2025-01-10 00:05:00,-64.57880000000023,29.634792499999662,1,EXIT_PROFIT_TARGET_MET
2025-01-10 00:10:00,-64.53440000000046,31.60226750000122,1,EXIT_PROFIT_TARGET_MET
2025-01-10 00:15:00,-64.85400000000027,17.439992499999803,1,EXIT_PROFIT_TARGET_MET
2025-01-10 00:20:00,-64.72260000000006,23.262654999998404,1,EXIT_PROFIT_TARGET_MET
2025-01-10 00:25:00,-64.78160000000025,20.64821750000094,1,EXIT_PROFIT_TARGET_MET
2025-01-10 00:30:00,-64.91380000000026,14.790105000000736,1,EXIT_PROFIT_TARGET_MET
2025-01-10 00:35:00,-64.82600000000002,18.68074250000066,1,EXIT_PROFIT_TARGET_MET
2025-01-10 00:40:00,-64.82600000000002,18.68074250000066,1,EXIT_PROFIT_TARGET_MET
2025-01-10 00:45:00,-64.73840000000018,22.562517500001178,1,EXIT_PROFIT_TARGET_MET
2025-01-10 00:50:00,-64.76659999999993,21.312905000001166,1,EXIT_PROFIT_TARGET_MET
2025-01-10 00:55:00,-64.8764000000001,16.447392500000575,1,EXIT_PROFIT_TARGET_MET
2025-01-10 01:00:00,-64.97559999999976,12.051592499998748,1,EXIT_PROFIT_TARGET_MET
2025-01-10 01:05:00,-64.91820000000007,14.595130000000935,1,EXIT_PROFIT_TARGET_MET
2025-01-10 01:10:00,-64.91820000000007,14.595130000000935,1,EXIT_PROFIT_TARGET_MET
2025-01-10 01:15:00,-65.3753999999999,21.82260890136916,1,EXIT_PROFIT_TARGET_MET
2025-01-10 01:20:00,-65.4364000000005,18.74247749267568,1,EXIT_PROFIT_TARGET_MET
2025-01-10 01:25:00,-65.66300000000047,7.300546718748,1,EXIT_PROFIT_TARGET_MET
2025-01-10 01:30:00,-65.95359999999982,0.8505253799438692,1,EXIT_PROFIT_TARGET_MET
2025-01-10 01:35:00,-65.95539999999983,0.8448454895020259,1,EXIT_PROFIT_TARGET_MET
2025-01-10 01:40:00,-65.95539999999983,0.8448454895020259,1,EXIT_PROFIT_TARGET_MET
2025-01-10 01:45:00,-66.14879999999994,0.23457281646737121,1,EXIT_PROFIT_TARGET_MET
2025-01-10 01:50:00,-66.67479999999978,-118.23113749999914,-1,HOLD
2025-01-10 01:55:00,-66.47580000000016,-185.58303406249814,-1,HOLD
2025-01-10 02:00:00,-66.47559999999976,-180.71788406250351,-1,HOLD
2025-01-10 02:05:00,-66.47580000000016,-180.72303406249824,-1,HOLD
2025-01-10 02:10:00,-66.47580000000016,-200.9224090624981,-1,HOLD
2025-01-10 02:15:00,-66.26500000000033,2.5116098523140392e-05,1,EXIT_PROFIT_TARGET_MET
2025-01-10 02:20:00,-66.08579999999984,0.43336898193361406,1,EXIT_PROFIT_TARGET_MET
2025-01-10 02:25:00,-65.94639999999981,0.8732449417115302,1,EXIT_PROFIT_TARGET_MET
2025-01-10 02:30:00,-65.96460000000025,0.8158149383545815,1,EXIT_PROFIT_TARGET_MET
2025-01-10 02:35:00,-65.83420000000024,1.2272914459228015,1,EXIT_PROFIT_TARGET_MET
2025-01-10 02:40:00,-66.00900000000001,0.6757109741211673,1,EXIT_PROFIT_TARGET_MET
2025-01-10 02:45:00,-66.01019999999971,0.6719243804932398,1,EXIT_PROFIT_TARGET_MET
2025-01-10 02:50:00,-66.22919999999976,2.385712921619429e-05,1,EXIT_PROFIT_TARGET_MET
2025-01-10 02:55:00,-66.00820000000022,0.6782353698731189,1,EXIT_PROFIT_TARGET_MET
2025-01-10 03:00:00,-65.98180000000048,0.7615404296875244,1,EXIT_PROFIT_TARGET_MET
2025-01-10 03:05:00,-65.98300000000017,0.7577538360595969,1,EXIT_PROFIT_TARGET_MET
2025-01-10 03:10:00,-65.86560000000009,1.128208912658746,1,EXIT_PROFIT_TARGET_MET
2025-01-10 03:15:00,-65.59159999999974,10.905815285645842,1,EXIT_PROFIT_TARGET_MET
2025-01-10 03:20:00,-65.56620000000021,12.188361806640435,1,EXIT_PROFIT_TARGET_MET
2025-01-10 03:25:00,-65.77880000000005,1.453346437988858,1,EXIT_PROFIT_TARGET_MET
2025-01-10 03:30:00,-65.63559999999961,8.684081154786202,1,EXIT_PROFIT_TARGET_MET
2025-01-10 03:35:00,-65.39999999999964,20.580457546387102,1,EXIT_PROFIT_TARGET_MET
2025-01-10 03:40:00,-65.40899999999965,20.126011928710813,1,EXIT_PROFIT_TARGET_MET
2025-01-10 03:45:00,-65.0600000000004,8.311617499999528,1,EXIT_PROFIT_TARGET_MET
2025-01-10 03:50:00,-64.90539999999964,15.162330000000622,1,EXIT_PROFIT_TARGET_MET
2025-01-10 03:55:00,-65.04439999999977,9.002892499999263,1,EXIT_PROFIT_TARGET_MET
2025-01-10 04:00:00,-65.08860000000004,7.044280000002871,1,EXIT_PROFIT_TARGET_MET
2025-01-10 04:05:00,-65.17960000000039,3.011842499998451,1,EXIT_PROFIT_TARGET_MET
2025-01-10 04:10:00,-65.19380000000001,2.3826050000012344,1,EXIT_PROFIT_TARGET_MET
2025-01-10 04:15:00,-65.2569999999996,4.939393749999915,1,EXIT_PROFIT_TARGET_MET
2025-01-10 04:20:00,-65.02019999999993,10.075254999999316,1,EXIT_PROFIT_TARGET_MET
2025-01-10 04:25:00,-65.1855999999998,2.7459674999987698,1,EXIT_PROFIT_TARGET_MET
2025-01-10 04:30:00,-65.33880000000045,1.0615624999984803,1,EXIT_PROFIT_TARGET_MET
2025-01-10 04:35:00,-65.33899999999994,1.05208124999929,1,EXIT_PROFIT_TARGET_MET
2025-01-10 04:40:00,-65.26699999999983,4.46533125000024,1,EXIT_PROFIT_TARGET_MET
2025-01-10 04:45:00,-65.26699999999983,4.46533125000024,1,EXIT_PROFIT_TARGET_MET
2025-01-10 04:50:00,-65.26699999999983,4.46533125000024,1,EXIT_PROFIT_TARGET_MET
2025-01-10 04:55:00,-65.26699999999983,4.46533125000024,1,EXIT_PROFIT_TARGET_MET
2025-01-10 05:00:00,-65.11139999999978,6.033955000000475,1,EXIT_PROFIT_TARGET_MET
2025-01-10 05:05:00,-65.4377999999997,18.671785952149143,1,EXIT_PROFIT_TARGET_MET
2025-01-10 05:10:00,-65.4377999999997,18.671785952149143,1,EXIT_PROFIT_TARGET_MET
2025-01-10 05:15:00,-65.28459999999995,3.630981250000765,1,EXIT_PROFIT_TARGET_MET
2025-01-10 05:20:00,-65.03539999999975,9.40170499999968,1,EXIT_PROFIT_TARGET_MET
2025-01-10 05:25:00,-64.8786,16.349905000001314,1,EXIT_PROFIT_TARGET_MET
2025-01-10 05:30:00,-65.15480000000025,4.1107925000008265,1,EXIT_PROFIT_TARGET_MET
2025-01-10 05:35:00,-65.15319999999974,4.1816925000007075,1,EXIT_PROFIT_TARGET_MET
2025-01-10 05:40:00,-64.9394000000002,13.65570500000149,1,EXIT_PROFIT_TARGET_MET
2025-01-10 05:45:00,-64.58820000000014,29.21825500000068,1,EXIT_PROFIT_TARGET_MET
2025-01-10 05:50:00,-64.58640000000014,29.298017499999716,1,EXIT_PROFIT_TARGET_MET
2025-01-10 05:55:00,-64.19980000000032,5.32312750000176,1,EXIT_PROFIT_TARGET_MET
2025-01-10 06:00:00,-64.24420000000009,3.630377500001458,1,EXIT_PROFIT_TARGET_MET
2025-01-10 06:05:00,-64.05400000000009,10.88175250000154,1,EXIT_PROFIT_TARGET_MET
2025-01-10 06:10:00,-63.8775999999998,17.607002499999567,1,EXIT_PROFIT_TARGET_MET
2025-01-10 06:15:00,-63.487200000000485,32.491002500000576,1,EXIT_PROFIT_TARGET_MET
2025-01-10 06:20:00,-63.71280000000024,23.890002500000776,1,EXIT_PROFIT_TARGET_MET
2025-01-10 06:25:00,-63.95939999999973,14.488377499999274,1,EXIT_PROFIT_TARGET_MET
2025-01-10 06:30:00,-63.802599999999984,20.466377499999396,1,EXIT_PROFIT_TARGET_MET
2025-01-10 06:35:00,-63.71280000000024,23.890002500000776,1,EXIT_PROFIT_TARGET_MET
2025-01-10 06:40:00,-63.97519999999986,13.886002499998995,1,EXIT_PROFIT_TARGET_MET
2025-01-10 06:45:00,-63.9332000000004,15.487252500000864,1,EXIT_PROFIT_TARGET_MET
2025-01-10 06:50:00,-63.92920000000049,15.63975250000064,1,EXIT_PROFIT_TARGET_MET
2025-01-10 06:55:00,-63.89860000000044,16.806377499999144,1,EXIT_PROFIT_TARGET_MET
2025-01-10 07:00:00,-64.11300000000028,8.63237750000107,1,EXIT_PROFIT_TARGET_MET
2025-01-10 07:05:00,-64.15480000000025,7.038752500001095,1,EXIT_PROFIT_TARGET_MET
2025-01-10 07:10:00,-64.26199999999972,2.951752500001419,1,EXIT_PROFIT_TARGET_MET
2025-01-10 07:15:00,-64.29340000000047,1.754627500001476,1,EXIT_PROFIT_TARGET_MET
2025-01-10 07:20:00,-64.54500000000007,31.132555000001048,1,EXIT_PROFIT_TARGET_MET
2025-01-10 07:25:00,-64.32800000000043,0.43550250000012625,1,EXIT_PROFIT_TARGET_MET
2025-01-10 07:30:00,-64.30559999999969,1.289502499999486,1,EXIT_PROFIT_TARGET_MET
2025-01-10 07:35:00,-64.32800000000043,18.205946249999556,1,EXIT_PROFIT_TARGET_MET
2025-01-10 07:40:00,-64.32800000000043,20.394406250000088,1,EXIT_PROFIT_TARGET_MET
2025-01-10 07:45:00,-64.25680000000011,15.837503749998973,1,EXIT_PROFIT_TARGET_MET
2025-01-10 07:50:00,-64.10559999999987,19.348438750002288,1,EXIT_PROFIT_TARGET_MET
2025-01-10 07:55:00,-64.1828000000005,0.2643065625019787,1,EXIT_PROFIT_TARGET_MET
2025-01-10 08:00:00,-64.1828000000005,16.362776015624732,1,EXIT_PROFIT_TARGET_MET
2025-01-10 08:05:00,-64.0010000000002,4.855802187500657,1,EXIT_PROFIT_TARGET_MET
2025-01-10 08:10:00,-63.95880000000034,8.107068125000922,1,EXIT_PROFIT_TARGET_MET
2025-01-10 08:15:00,-64.0590000000002,20.73285750000143,1,EXIT_PROFIT_TARGET_MET
2025-01-10 08:20:00,-64.04619999999977,12.920265000000285,1,EXIT_PROFIT_TARGET_MET
2025-01-10 08:25:00,-64.36920000000009,47.682722499997766,1,EXIT_PROFIT_TARGET_MET
2025-01-10 08:30:00,-64.38420000000042,11.889529999998047,1,EXIT_PROFIT_TARGET_MET
2025-01-10 08:35:00,-64.67339999999967,0.13246062500000022,1,EXIT_PROFIT_TARGET_MET
2025-01-10 08:40:00,-64.76199999999972,0.09647248291016572,1,EXIT_PROFIT_TARGET_MET
2025-01-10 08:45:00,-64.76199999999972,0.38932020507812504,1,EXIT_PROFIT_TARGET_MET
2025-01-10 08:50:00,-64.53700000000026,0.03370024658201676,1,EXIT_PROFIT_TARGET_MET
2025-01-10 08:55:00,-64.53700000000026,34.97293964843183,1,EXIT_PROFIT_TARGET_MET
2025-01-10 09:00:00,-64.67680000000018,20.06721371093505,1,EXIT_PROFIT_TARGET_MET
2025-01-10 09:05:00,-64.53480000000036,25.437399648439055,1,EXIT_PROFIT_TARGET_MET
2025-01-10 09:10:00,-64.53480000000036,25.437399648439055,1,EXIT_PROFIT_TARGET_MET
2025-01-10 09:15:00,-64.45520000000033,23.50709964843915,1,EXIT_PROFIT_TARGET_MET
2025-01-10 09:20:00,-64.42960000000039,22.88629964844003,1,EXIT_PROFIT_TARGET_MET
2025-01-10 09:25:00,-64.24380000000019,4.382340390630688,1,EXIT_PROFIT_TARGET_MET
2025-01-10 09:30:00,-64.38659999999982,21.84354964843851,1,EXIT_PROFIT_TARGET_MET
2025-01-10 09:35:00,-64.3746000000001,21.552549648433995,1,EXIT_PROFIT_TARGET_MET
2025-01-10 09:40:00,-64.3746000000001,21.552549648433995,1,EXIT_PROFIT_TARGET_MET
2025-01-10 09:45:00,-64.3746000000001,21.552549648433995,1,EXIT_PROFIT_TARGET_MET
2025-01-10 09:50:00,-64.46039999999994,23.633199648443423,1,EXIT_PROFIT_TARGET_MET
2025-01-10 09:55:00,-64.46039999999994,23.633199648443423,1,EXIT_PROFIT_TARGET_MET
2025-01-10 10:00:00,-64.52540000000045,25.20944964843767,1,EXIT_PROFIT_TARGET_MET
2025-01-10 10:05:00,-64.43379999999979,22.988149648439105,1,EXIT_PROFIT_TARGET_MET
2025-01-10 10:10:00,-64.54280000000017,25.631399648432364,1,EXIT_PROFIT_TARGET_MET
2025-01-10 10:15:00,-64.53759999999966,25.505299648437784,1,EXIT_PROFIT_TARGET_MET
2025-01-10 10:20:00,-64.3789999999999,21.659249648434496,1,EXIT_PROFIT_TARGET_MET
2025-01-10 10:25:00,-64.38439999999991,21.7901996484363,1,EXIT_PROFIT_TARGET_MET
2025-01-10 10:30:00,-64.39519999999993,22.052099648439963,1,EXIT_PROFIT_TARGET_MET
2025-01-10 10:35:00,-64.60239999999976,27.07669964843643,1,EXIT_PROFIT_TARGET_MET
2025-01-10 10:40:00,-64.60239999999976,27.07669964843643,1,EXIT_PROFIT_TARGET_MET
2025-01-10 10:45:00,-64.33880000000045,6.686090390623221,1,EXIT_PROFIT_TARGET_MET
2025-01-10 10:50:00,-64.5572000000002,25.980599648444354,1,EXIT_PROFIT_TARGET_MET
2025-01-10 10:55:00,-64.47800000000007,24.059999648441476,1,EXIT_PROFIT_TARGET_MET
2025-01-10 11:00:00,-64.47800000000007,24.059999648441476,1,EXIT_PROFIT_TARGET_MET
2025-01-10 11:05:00,-64.47059999999965,23.880549648446674,1,EXIT_PROFIT_TARGET_MET
2025-01-10 11:10:00,-64.47059999999965,23.880549648446674,1,EXIT_PROFIT_TARGET_MET
2025-01-10 11:15:00,-64.63299999999981,27.818749648436437,1,EXIT_PROFIT_TARGET_MET
2025-01-10 11:20:00,-64.3710000000001,21.465249648443148,1,EXIT_PROFIT_TARGET_MET
2025-01-10 11:25:00,-64.3710000000001,-222.71047679687774,-1,NO_VALID_ACTION_DEFENSIVE_AVG
2025-01-10 11:30:00,-64.6275999999998,4.749534414064101,1,EXIT_PROFIT_TARGET_MET
2025-01-10 11:35:00,-64.55140000000029,-311.56267300781457,-1,HOLD
2025-01-10 11:40:00,-64.65719999999965,25.546009648445477,1,EXIT_PROFIT_TARGET_MET
2025-01-10 11:45:00,-64.80000000000018,20.19522371094334,1,EXIT_PROFIT_TARGET_MET
2025-01-10 11:50:00,-64.80000000000018,20.19522371094334,1,EXIT_PROFIT_TARGET_MET
2025-01-10 11:55:00,-64.78759999999966,6.184375390621497,1,EXIT_PROFIT_TARGET_MET
2025-01-10 12:00:00,-64.93419999999969,3.377229765623156,1,EXIT_PROFIT_TARGET_MET
2025-01-10 12:05:00,-64.9952000000003,4.856479765632088,1,EXIT_PROFIT_TARGET_MET
2025-01-10 12:10:00,-64.76080000000002,5.534475390622205,1,EXIT_PROFIT_TARGET_MET
2025-01-10 12:15:00,-64.72440000000006,4.651775390621388,1,EXIT_PROFIT_TARGET_MET
2025-01-10 12:20:00,-64.86639999999989,1.7330797656211132,1,EXIT_PROFIT_TARGET_MET
2025-01-10 12:25:00,-65.04860000000008,12.376419335942103,1,EXIT_PROFIT_TARGET_MET
2025-01-10 12:30:00,-65.15679999999975,16.405695000000293,1,EXIT_PROFIT_TARGET_MET
2025-01-10 12:35:00,-64.98260000000028,14.293520000000115,1,EXIT_PROFIT_TARGET_MET
2025-01-10 12:40:00,-64.94760000000042,18.66570812500055,1,EXIT_PROFIT_TARGET_MET
2025-01-10 12:45:00,-64.94760000000042,18.66570812500055,1,EXIT_PROFIT_TARGET_MET
2025-01-10 12:50:00,-64.94760000000042,18.66570812500055,1,EXIT_PROFIT_TARGET_MET
2025-01-10 12:55:00,-64.94760000000042,18.66570812500055,1,EXIT_PROFIT_TARGET_MET
2025-01-10 13:00:00,-64.94800000000032,21.29218687500029,1,EXIT_PROFIT_TARGET_MET
2025-01-10 13:05:00,-64.94800000000032,21.29218687500029,1,EXIT_PROFIT_TARGET_MET
2025-01-10 13:10:00,-64.94800000000032,-75.9108180468721,-1,HOLD
2025-01-10 13:15:00,-64.95079999999962,0.16154268066302718,1,EXIT_PROFIT_TARGET_MET
2025-01-10 13:20:00,-64.95079999999962,3.779779765624383,1,EXIT_PROFIT_TARGET_MET
2025-01-10 13:25:00,-64.95079999999962,30.953134345244433,1,EXIT_PROFIT_TARGET_MET
2025-01-10 13:30:00,-65.1206000000002,14.516107747802483,1,EXIT_PROFIT_TARGET_MET
2025-01-10 13:35:00,-65.1206000000002,45.84891048950159,1,EXIT_PROFIT_TARGET_MET
2025-01-10 13:40:00,-65.1206000000002,4.746314865724972,1,EXIT_PROFIT_TARGET_MET
2025-01-10 13:45:00,-64.97220000000016,3.094110517579038,1,EXIT_PROFIT_TARGET_MET
2025-01-10 13:50:00,-64.97220000000016,13.201725341797857,1,EXIT_PROFIT_TARGET_MET
2025-01-10 13:55:00,-65.17979999999989,6.502016054688005,1,EXIT_PROFIT_TARGET_MET
2025-01-10 14:00:00,-65.17979999999989,40.086159921874454,1,EXIT_PROFIT_TARGET_MET
2025-01-10 14:05:00,-65.07960000000003,8.062815624999374,1,EXIT_PROFIT_TARGET_MET
2025-01-10 14:10:00,-65.22140000000036,39.4695206250004,1,EXIT_PROFIT_TARGET_MET
2025-01-10 14:15:00,-65.22140000000036,23.00623312499875,1,EXIT_PROFIT_TARGET_MET
2025-01-10 14:20:00,-65.07999999999993,25.96071000000039,1,EXIT_PROFIT_TARGET_MET
2025-01-10 14:25:00,-65.04659999999967,35.77730125000036,1,EXIT_PROFIT_TARGET_MET
2025-01-10 14:30:00,-65.04659999999967,40.580797500000386,1,EXIT_PROFIT_TARGET_MET
2025-01-10 14:35:00,-65.09879999999976,81.95657125000122,1,EXIT_PROFIT_TARGET_MET
2025-01-10 14:40:00,-65.09879999999976,35.721969999999885,1,EXIT_PROFIT_TARGET_MET
2025-01-10 14:45:00,-65.09879999999976,2.5492027670872197,1,EXIT_PROFIT_TARGET_MET
2025-01-10 14:50:00,-65.09879999999976,-9.351109914859958e-08,1,NO_ACTION_FORCED_CUT_NO_TREND
2025-01-10 14:55:00,-65.09879999999976,0.282963095108518,1,EXIT_PROFIT_TARGET_MET
2025-01-10 15:00:00,-65.09879999999976,-7.708653010922795e-08,1,NO_ACTION_FORCED_CUT_NO_TREND
2025-01-10 15:05:00,-65.2485999999999,0.20109090023403312,1,EXIT_PROFIT_TARGET_MET
2025-01-10 15:10:00,-65.2485999999999,1.430814021664713,1,EXIT_PROFIT_TARGET_MET
2025-01-10 15:15:00,-65.09879999999976,0.39929871431744574,1,EXIT_PROFIT_TARGET_MET
2025-01-10 15:20:00,-65.09879999999976,3.0935736726219343,1,EXIT_PROFIT_TARGET_MET
2025-01-10 15:25:00,-65.09879999999976,0.17037788437897516,1,EXIT_PROFIT_TARGET_MET
2025-01-10 15:30:00,-65.28480000000036,15.17437272460881,1,EXIT_PROFIT_TARGET_MET
2025-01-10 15:35:00,-65.39419999999973,15.254194804685714,1,EXIT_PROFIT_TARGET_MET
2025-01-10 15:40:00,-65.55379999999968,-249.87148278319893,-1,NO_VALID_ACTION_DEFENSIVE_AVG
2025-01-10 15:45:00,-65.39419999999973,1.620537343748886,1,EXIT_PROFIT_TARGET_MET
2025-01-10 15:50:00,-65.3122000000003,0.902911203148347,1,EXIT_PROFIT_TARGET_MET
2025-01-10 15:55:00,-65.39220000000023,7.038810537166526,1,EXIT_PROFIT_TARGET_MET
2025-01-10 16:00:00,-65.39220000000023,6.5319788531106315,1,EXIT_PROFIT_TARGET_MET
2025-01-10 16:05:00,-65.41020000000026,13.260570238723199,1,EXIT_PROFIT_TARGET_MET
2025-01-10 16:10:00,-65.41880000000037,9.631694553985428,1,EXIT_PROFIT_TARGET_MET
2025-01-10 16:15:00,-65.33600000000024,0.17269740356484817,1,EXIT_PROFIT_TARGET_MET
2025-01-10 16:20:00,-65.33600000000024,1.394335781250632,1,EXIT_PROFIT_TARGET_MET
2025-01-10 16:25:00,-65.29160000000047,13.615596285401992,1,EXIT_PROFIT_TARGET_MET
2025-01-10 16:30:00,-65.29160000000047,24.22634663329967,1,EXIT_PROFIT_TARGET_MET
2025-01-10 16:35:00,-65.29160000000047,15.079515869139382,1,EXIT_PROFIT_TARGET_MET
2025-01-10 16:40:00,-65.59720000000016,1.6364443750016022,1,EXIT_PROFIT_TARGET_MET
2025-01-10 16:45:00,-65.59720000000016,1.6364443750016022,1,EXIT_PROFIT_TARGET_MET
2025-01-10 16:50:00,-65.58420000000024,1.0750068750007529,1,EXIT_PROFIT_TARGET_MET
2025-01-10 16:55:00,-65.64540000000034,3.7180818750001805,1,EXIT_PROFIT_TARGET_MET
2025-01-10 17:00:00,-65.63820000000032,3.4071318749990667,1,EXIT_PROFIT_TARGET_MET
2025-01-10 17:05:00,-65.63820000000032,3.4071318749990667,1,EXIT_PROFIT_TARGET_MET
2025-01-10 17:10:00,-65.65380000000005,4.080856875000137,1,EXIT_PROFIT_TARGET_MET
2025-01-10 17:15:00,-65.65380000000005,4.080856875000137,1,EXIT_PROFIT_TARGET_MET
2025-01-10 17:20:00,-65.58839999999964,1.256394375000923,1,EXIT_PROFIT_TARGET_MET
2025-01-10 17:25:00,-65.55619999999999,5.349085937500938,1,EXIT_PROFIT_TARGET_MET
2025-01-10 17:30:00,-65.72019999999975,6.9485068750002625,1,EXIT_PROFIT_TARGET_MET
2025-01-10 17:35:00,-65.88879999999972,6.001223749999809,1,EXIT_PROFIT_TARGET_MET
2025-01-10 17:40:00,-66.13659999999982,15.138848750000989,1,EXIT_PROFIT_TARGET_MET
2025-01-10 17:45:00,-66.22640000000047,18.45022375000039,1,EXIT_PROFIT_TARGET_MET
2025-01-10 17:50:00,-66.00900000000001,10.433598750000016,1,EXIT_PROFIT_TARGET_MET
2025-01-10 17:55:00,-65.97339999999986,9.120848749999709,1,EXIT_PROFIT_TARGET_MET
2025-01-10 18:00:00,-65.97339999999986,9.120848749999709,1,EXIT_PROFIT_TARGET_MET
2025-01-10 18:05:00,-65.94940000000042,8.235848750000258,1,EXIT_PROFIT_TARGET_MET
2025-01-10 18:10:00,-66.11899999999969,14.489848749999823,1,EXIT_PROFIT_TARGET_MET
2025-01-10 18:15:00,-66.11899999999969,14.489848749999823,1,EXIT_PROFIT_TARGET_MET
2025-01-10 18:20:00,-66.07380000000012,12.82309874999902,1,EXIT_PROFIT_TARGET_MET
2025-01-10 18:25:00,-66.09019999999964,13.427848749999868,1,EXIT_PROFIT_TARGET_MET
2025-01-10 18:30:00,-65.89639999999963,6.281473749999947,1,EXIT_PROFIT_TARGET_MET
2025-01-10 18:35:00,-65.8100000000004,3.0954737499993144,1,EXIT_PROFIT_TARGET_MET
2025-01-10 18:40:00,-65.8100000000004,3.0954737499993144,1,EXIT_PROFIT_TARGET_MET
2025-01-10 18:45:00,-65.8100000000004,3.0954737499993144,1,EXIT_PROFIT_TARGET_MET
2025-01-10 18:50:00,-65.8100000000004,3.0954737499993144,1,EXIT_PROFIT_TARGET_MET
2025-01-10 18:55:00,-65.89959999999974,6.399473750000624,1,EXIT_PROFIT_TARGET_MET
2025-01-10 19:00:00,-65.89959999999974,6.399473750000624,1,EXIT_PROFIT_TARGET_MET
2025-01-10 19:05:00,-65.89959999999974,6.399473750000624,1,EXIT_PROFIT_TARGET_MET
2025-01-10 19:10:00,-65.89959999999974,6.399473750000624,1,EXIT_PROFIT_TARGET_MET
2025-01-10 19:15:00,-66.0681999999997,12.616598750000776,1,EXIT_PROFIT_TARGET_MET
2025-01-10 19:20:00,-66.20840000000044,17.786473749999715,1,EXIT_PROFIT_TARGET_MET
2025-01-10 19:25:00,-66.20840000000044,17.786473749999715,1,EXIT_PROFIT_TARGET_MET
2025-01-10 19:30:00,-66.20840000000044,17.786473749999715,1,EXIT_PROFIT_TARGET_MET
2025-01-10 19:35:00,-66.20840000000044,17.786473749999715,1,EXIT_PROFIT_TARGET_MET
2025-01-10 19:40:00,-66.20840000000044,17.786473749999715,1,EXIT_PROFIT_TARGET_MET
2025-01-10 19:45:00,-66.00900000000001,10.433598750000016,1,EXIT_PROFIT_TARGET_MET
2025-01-10 19:50:00,-66.01839999999993,10.780223749999351,1,EXIT_PROFIT_TARGET_MET
2025-01-10 19:55:00,-66.01839999999993,10.780223749999351,1,EXIT_PROFIT_TARGET_MET
2025-01-10 20:00:00,-66.07020000000011,12.690348750000624,1,EXIT_PROFIT_TARGET_MET
2025-01-10 20:05:00,-66.08460000000014,13.22134875000009,1,EXIT_PROFIT_TARGET_MET
2025-01-10 20:10:00,-66.08460000000014,13.22134875000009,1,EXIT_PROFIT_TARGET_MET
2025-01-10 20:15:00,-66.08460000000014,13.22134875000009,1,EXIT_PROFIT_TARGET_MET
2025-01-10 20:20:00,-66.08460000000014,13.22134875000009,1,EXIT_PROFIT_TARGET_MET
2025-01-10 20:25:00,-66.08460000000014,13.22134875000009,1,EXIT_PROFIT_TARGET_MET
2025-01-10 20:30:00,-66.08460000000014,13.22134875000009,1,EXIT_PROFIT_TARGET_MET
2025-01-10 20:35:00,-66.20759999999973,17.756973750000185,1,EXIT_PROFIT_TARGET_MET
2025-01-10 20:40:00,-66.20820000000003,17.779098749999065,1,EXIT_PROFIT_TARGET_MET
2025-01-10 20:45:00,-66.14400000000023,15.411723749999965,1,EXIT_PROFIT_TARGET_MET
2025-01-10 20:50:00,-66.17479999999978,16.547473749998744,1,EXIT_PROFIT_TARGET_MET
2025-01-10 20:55:00,-66.375,23.929848749999763,1,EXIT_PROFIT_TARGET_MET
2025-01-10 21:00:00,-66.40520000000015,25.043473749999663,1,EXIT_PROFIT_TARGET_MET
2025-01-10 21:05:00,-66.33839999999964,22.5802237500003,1,EXIT_PROFIT_TARGET_MET
2025-01-10 21:10:00,-66.33839999999964,22.5802237500003,1,EXIT_PROFIT_TARGET_MET
2025-01-10 21:15:00,-66.14099999999962,15.301098750000449,1,EXIT_PROFIT_TARGET_MET
2025-01-10 21:20:00,-66.22280000000046,18.31747374999918,1,EXIT_PROFIT_TARGET_MET
2025-01-10 21:25:00,-66.22280000000046,18.31747374999918,1,EXIT_PROFIT_TARGET_MET
2025-01-10 21:30:00,-66.00500000000011,10.286098749999553,1,EXIT_PROFIT_TARGET_MET
2025-01-10 21:35:00,-66.03859999999986,11.525098749999756,1,EXIT_PROFIT_TARGET_MET
2025-01-10 21:40:00,-66.03859999999986,11.525098749999756,1,EXIT_PROFIT_TARGET_MET
2025-01-10 21:45:00,-66.03859999999986,11.525098749999756,1,EXIT_PROFIT_TARGET_MET
2025-01-10 21:50:00,-66.22919999999976,18.553473750000535,1,EXIT_PROFIT_TARGET_MET
2025-01-10 21:55:00,-66.22919999999976,18.553473750000535,1,EXIT_PROFIT_TARGET_MET
2025-01-10 22:00:00,-66.22919999999976,18.553473750000535,1,EXIT_PROFIT_TARGET_MET
2025-01-10 22:05:00,-66.22919999999976,18.553473750000535,1,EXIT_PROFIT_TARGET_MET
2025-01-10 22:10:00,-66.22919999999976,18.553473750000535,1,EXIT_PROFIT_TARGET_MET
2025-01-10 22:15:00,-66.03420000000006,11.36284875000004,1,EXIT_PROFIT_TARGET_MET
2025-01-10 22:20:00,-65.89360000000033,6.178223749999802,1,EXIT_PROFIT_TARGET_MET
2025-01-10 22:25:00,-65.92280000000028,7.254973749998754,1,EXIT_PROFIT_TARGET_MET
2025-01-10 22:30:00,-65.92280000000028,7.254973749998754,1,EXIT_PROFIT_TARGET_MET
2025-01-10 22:35:00,-65.94260000000031,7.985098749999906,1,EXIT_PROFIT_TARGET_MET
2025-01-10 22:40:00,-65.94260000000031,7.985098749999906,1,EXIT_PROFIT_TARGET_MET
2025-01-10 22:45:00,-66.04100000000017,11.613598750000136,1,EXIT_PROFIT_TARGET_MET
2025-01-10 22:50:00,-66.09780000000046,13.708098750000005,1,EXIT_PROFIT_TARGET_MET
2025-01-10 22:55:00,-66.19400000000041,17.25547374999948,1,EXIT_PROFIT_TARGET_MET
2025-01-10 23:00:00,-66.19400000000041,17.25547374999948,1,EXIT_PROFIT_TARGET_MET
2025-01-10 23:05:00,-66.34720000000016,22.90472375000101,1,EXIT_PROFIT_TARGET_MET
2025-01-10 23:10:00,-66.22779999999966,18.50184875000059,1,EXIT_PROFIT_TARGET_MET
2025-01-10 23:15:00,-66.22779999999966,18.50184875000059,1,EXIT_PROFIT_TARGET_MET
2025-01-10 23:20:00,-66.02819999999974,11.141598749999474,1,EXIT_PROFIT_TARGET_MET
2025-01-10 23:25:00,-66.10239999999976,13.877723750000882,1,EXIT_PROFIT_TARGET_MET
2025-01-10 23:30:00,-65.14059999999972,16.723929912109927,1,EXIT_PROFIT_TARGET_MET
2025-01-10 23:35:00,-64.73019999999997,2.1099632104509967,1,EXIT_PROFIT_TARGET_MET
2025-01-10 23:40:00,-65.01779999999962,10.657442021484197,1,EXIT_PROFIT_TARGET_MET
2025-01-10 23:45:00,-64.79439999999977,5.2862801538092015,1,EXIT_PROFIT_TARGET_MET
2025-01-10 23:50:00,-65.05360000000019,12.426010966797968,1,EXIT_PROFIT_TARGET_MET
2025-01-10 23:55:00,-65.04979999999978,12.238285771483064,1,EXIT_PROFIT_TARGET_MET
2025-01-11 00:00:00,-64.91079999999965,5.371495732421601,1,EXIT_PROFIT_TARGET_MET
2025-01-11 00:05:00,-65.11459999999988,15.439494365235177,1,EXIT_PROFIT_TARGET_MET
2025-01-11 00:10:00,-65.27360000000044,23.294311748047274,1,EXIT_PROFIT_TARGET_MET
2025-01-11 00:15:00,-65.51980000000003,3.6621734375009467,1,EXIT_PROFIT_TARGET_MET
2025-01-11 00:20:00,-65.40819999999985,4.876007714845516,1,EXIT_PROFIT_TARGET_MET
2025-01-11 00:25:00,-65.41640000000007,5.280290136719412,1,EXIT_PROFIT_TARGET_MET
2025-01-11 00:30:00,-65.15279999999984,17.326626591796757,1,EXIT_PROFIT_TARGET_MET
2025-01-11 00:35:00,-64.79359999999997,5.246699880371922,1,EXIT_PROFIT_TARGET_MET
2025-01-11 00:40:00,-65.26280000000042,22.760776982421408,1,EXIT_PROFIT_TARGET_MET
2025-01-11 00:45:00,-64.90480000000025,5.075087529295949,1,EXIT_PROFIT_TARGET_MET
2025-01-11 00:50:00,-64.96860000000015,8.226894755859691,1,EXIT_PROFIT_TARGET_MET
2025-01-11 00:55:00,-65.09060000000045,14.253861552735643,1,EXIT_PROFIT_TARGET_MET
2025-01-11 01:00:00,-64.70780000000013,1.0017155541994884,1,EXIT_PROFIT_TARGET_MET
2025-01-11 01:05:00,-64.41060000000016,-1214.5908602050708,-1,HOLD
2025-01-11 01:10:00,-63.99459999999999,-76.37679999999989,-1,HOLD
2025-01-11 01:15:00,-64.45840000000044,-1127.630538193375,-1,HOLD
2025-01-11 01:20:00,-64.6902,1.2215790815728476,1,EXIT_PROFIT_TARGET_MET
2025-01-11 01:25:00,-64.58500000000004,16.125598095149314,1,EXIT_PROFIT_TARGET_MET
2025-01-11 01:30:00,-64.79060000000027,0.27790377640015995,1,EXIT_PROFIT_TARGET_MET
2025-01-11 01:35:00,-65.09479999999985,1.729435894774605,1,EXIT_PROFIT_TARGET_MET
2025-01-11 01:40:00,-65.4358000000002,0.9588293749981602,1,EXIT_PROFIT_TARGET_MET
2025-01-11 01:45:00,-65.48980000000029,1.0883212500010302,1,EXIT_PROFIT_TARGET_MET
2025-01-11 01:50:00,-65.04460000000017,4.028295898437918,1,EXIT_PROFIT_TARGET_MET
2025-01-11 01:55:00,-64.94539999999961,8.641639257813189,1,EXIT_PROFIT_TARGET_MET
2025-01-11 02:00:00,-64.74420000000009,18.464542333908216,1,EXIT_PROFIT_TARGET_MET
2025-01-11 02:05:00,-64.82579999999962,19.054378392944542,1,EXIT_PROFIT_TARGET_MET
2025-01-11 02:10:00,-64.82579999999962,10.74734624511594,1,EXIT_PROFIT_TARGET_MET
2025-01-11 02:15:00,-64.92740000000049,19.401807211304906,1,EXIT_PROFIT_TARGET_MET
2025-01-11 02:20:00,-65.00780000000032,23.381111581420686,1,EXIT_PROFIT_TARGET_MET
2025-01-11 02:25:00,-65.00780000000032,17.013484415283482,1,EXIT_PROFIT_TARGET_MET
2025-01-11 02:30:00,-64.8819999999996,10.787935416259753,1,EXIT_PROFIT_TARGET_MET
2025-01-11 02:35:00,-64.74139999999989,3.829968887939385,1,EXIT_PROFIT_TARGET_MET
2025-01-11 02:40:00,-65.09500000000025,21.328809317626252,1,EXIT_PROFIT_TARGET_MET
2025-01-11 02:45:00,-65.17360000000008,25.21854025024291,1,EXIT_PROFIT_TARGET_MET
2025-01-11 02:50:00,-65.05199999999968,19.200839468994147,1,EXIT_PROFIT_TARGET_MET
2025-01-11 02:55:00,-65.0,16.627480582275897,1,EXIT_PROFIT_TARGET_MET
2025-01-11 03:00:00,-65.02019999999993,17.62713153442453,1,EXIT_PROFIT_TARGET_MET
2025-01-11 03:05:00,-65.03560000000016,18.38924166626045,1,EXIT_PROFIT_TARGET_MET
2025-01-11 03:10:00,-64.95120000000043,14.212482242431767,1,EXIT_PROFIT_TARGET_MET
2025-01-11 03:15:00,-65.27419999999984,3.741228124997548,1,EXIT_PROFIT_TARGET_MET
2025-01-11 03:20:00,-65.41380000000026,10.210815624999825,1,EXIT_PROFIT_TARGET_MET
2025-01-11 03:25:00,-65.65319999999974,10.263736874999651,1,EXIT_PROFIT_TARGET_MET
2025-01-11 03:30:00,-65.53480000000036,42.54248595703197,1,EXIT_PROFIT_TARGET_MET
2025-01-11 03:35:00,-65.53480000000036,38.498673339844714,1,EXIT_PROFIT_TARGET_MET
2025-01-11 03:40:00,-65.69419999999991,46.00969093750013,1,EXIT_PROFIT_TARGET_MET
2025-01-11 03:45:00,-65.88079999999991,0.9943299999986124,1,EXIT_PROFIT_TARGET_MET
2025-01-11 03:50:00,-66.07960000000003,9.580004999998394,1,EXIT_PROFIT_TARGET_MET
2025-01-11 03:55:00,-66.40480000000025,9.951430000000897,1,EXIT_PROFIT_TARGET_MET
2025-01-11 04:00:00,-66.0560000000005,8.560779999999497,1,EXIT_PROFIT_TARGET_MET
2025-01-11 04:05:00,-66.13140000000021,11.817117499999767,1,EXIT_PROFIT_TARGET_MET
2025-01-11 04:10:00,-66.1238000000003,11.488892499999594,1,EXIT_PROFIT_TARGET_MET
2025-01-11 04:15:00,-65.97800000000007,5.192155000001819,1,EXIT_PROFIT_TARGET_MET
2025-01-11 04:20:00,-65.95460000000003,4.181567499999446,1,EXIT_PROFIT_TARGET_MET
2025-01-11 04:25:00,-65.98220000000038,5.373542499998663,1,EXIT_PROFIT_TARGET_MET
2025-01-11 04:30:00,-65.90980000000036,2.2467674999994642,1,EXIT_PROFIT_TARGET_MET
2025-01-11 04:35:00,-65.7543999999998,1.4812893750000242,1,EXIT_PROFIT_TARGET_MET
2025-01-11 04:40:00,-65.78539999999975,2.966867500002639,1,EXIT_PROFIT_TARGET_MET
2025-01-11 04:45:00,-65.85199999999986,2.2196737500001475,1,EXIT_PROFIT_TARGET_MET
2025-01-11 04:50:00,-65.76900000000023,2.1809487500002476,1,EXIT_PROFIT_TARGET_MET
2025-01-11 04:55:00,-65.76900000000023,2.1809487500002476,1,EXIT_PROFIT_TARGET_MET
2025-01-11 05:00:00,-65.7466000000004,1.1074987500002536,1,EXIT_PROFIT_TARGET_MET
2025-01-11 05:05:00,-65.4387999999999,33.46815421875021,1,EXIT_PROFIT_TARGET_MET
2025-01-11 05:10:00,-65.6230000000005,42.51338156250131,1,EXIT_PROFIT_TARGET_MET
2025-01-11 05:15:00,-65.73440000000028,0.5228518749994038,1,EXIT_PROFIT_TARGET_MET
2025-01-11 05:20:00,-65.88100000000031,1.0029674999996132,1,EXIT_PROFIT_TARGET_MET
2025-01-11 05:25:00,-65.89379999999983,1.5557675000007407,1,EXIT_PROFIT_TARGET_MET
2025-01-11 05:30:00,-65.89379999999983,1.5557675000007407,1,EXIT_PROFIT_TARGET_MET
2025-01-11 05:35:00,-65.89379999999983,1.5557675000007407,1,EXIT_PROFIT_TARGET_MET
2025-01-11 05:40:00,-65.8764000000001,0.804305000000511,1,EXIT_PROFIT_TARGET_MET
2025-01-11 05:45:00,-65.71259999999984,0.8847425000011988,1,EXIT_PROFIT_TARGET_MET
2025-01-11 05:50:00,-65.71259999999984,0.8847425000011988,1,EXIT_PROFIT_TARGET_MET
2025-01-11 05:55:00,-65.90719999999965,2.134480000002057,1,EXIT_PROFIT_TARGET_MET
2025-01-11 06:00:00,-65.90719999999965,2.134480000002057,1,EXIT_PROFIT_TARGET_MET
2025-01-11 06:05:00,-65.79060000000027,3.216061250000429,1,EXIT_PROFIT_TARGET_MET
2025-01-11 06:10:00,-65.79060000000027,3.216061250000429,1,EXIT_PROFIT_TARGET_MET
2025-01-11 06:15:00,-65.65139999999974,43.9079768750004,1,EXIT_PROFIT_TARGET_MET
2025-01-11 06:20:00,-65.63839999999982,43.26960578125283,1,EXIT_PROFIT_TARGET_MET
2025-01-11 06:25:00,-65.58520000000044,40.657194843749814,1,EXIT_PROFIT_TARGET_MET
2025-01-11 06:30:00,-65.40660000000025,31.88695812499871,1,EXIT_PROFIT_TARGET_MET
2025-01-11 06:35:00,-65.30019999999968,26.662136250001904,1,EXIT_PROFIT_TARGET_MET
2025-01-11 06:40:00,-65.27360000000044,25.3559307812504,1,EXIT_PROFIT_TARGET_MET
2025-01-11 06:45:00,-65.3717999999999,30.178087812501378,1,EXIT_PROFIT_TARGET_MET
2025-01-11 06:50:00,-65.29960000000028,26.632672968750146,1,EXIT_PROFIT_TARGET_MET
2025-01-11 06:55:00,-65.30739999999969,27.01569562500146,1,EXIT_PROFIT_TARGET_MET
2025-01-11 07:00:00,-65.28920000000016,26.121976093751478,1,EXIT_PROFIT_TARGET_MET
2025-01-11 07:05:00,-65.28800000000047,26.063049531249504,1,EXIT_PROFIT_TARGET_MET
2025-01-11 07:10:00,-65.28639999999996,25.98448078124995,1,EXIT_PROFIT_TARGET_MET
2025-01-11 07:15:00,-65.35900000000038,29.54953781249877,1,EXIT_PROFIT_TARGET_MET
2025-01-11 07:20:00,-65.35900000000038,20.65605968750127,1,EXIT_PROFIT_TARGET_MET
2025-01-11 07:25:00,-65.47839999999997,28.97704609375021,1,EXIT_PROFIT_TARGET_MET
2025-01-11 07:30:00,-65.41619999999966,18.834615937501255,1,EXIT_PROFIT_TARGET_MET
2025-01-11 07:35:00,-65.41380000000026,16.972438124999172,1,EXIT_PROFIT_TARGET_MET
2025-01-11 07:40:00,-65.42259999999987,3.22851375000252,1,EXIT_PROFIT_TARGET_MET
2025-01-11 07:45:00,-65.42259999999987,2.2345587499997634,1,EXIT_PROFIT_TARGET_MET
2025-01-11 07:50:00,-65.42259999999987,0.9376718750006745,1,EXIT_PROFIT_TARGET_MET
2025-01-11 07:55:00,-65.42259999999987,0.05886305103302374,1,EXIT_PROFIT_TARGET_MET
2025-01-11 08:00:00,-65.42259999999987,0.12694671974183516,1,EXIT_PROFIT_TARGET_MET
2025-01-11 08:05:00,-65.29299999999967,0.3405795569610689,1,EXIT_PROFIT_TARGET_MET
2025-01-11 08:10:00,-65.26519999999982,0.08685577529911631,1,EXIT_PROFIT_TARGET_MET
2025-01-11 08:15:00,-65.28859999999986,1.679415350723291,1,EXIT_PROFIT_TARGET_MET
2025-01-11 08:20:00,-65.30000000000018,1.6074700717927,1,EXIT_PROFIT_TARGET_MET
2025-01-11 08:25:00,-65.30000000000018,1.6074700717927,1,EXIT_PROFIT_TARGET_MET
2025-01-11 08:30:00,-65.38619999999992,1.063462787246697,1,EXIT_PROFIT_TARGET_MET
2025-01-11 08:35:00,-65.4336000000003,0.764321890640199,1,EXIT_PROFIT_TARGET_MET
2025-01-11 08:40:00,-65.65179999999964,0.588315216617702,1,EXIT_PROFIT_TARGET_MET
2025-01-11 08:45:00,-65.65179999999964,0.588315216617702,1,EXIT_PROFIT_TARGET_MET
2025-01-11 08:50:00,-65.5003999999999,0.34274780006407646,1,EXIT_PROFIT_TARGET_MET
2025-01-11 08:55:00,-65.5003999999999,0.6899775663757114,1,EXIT_PROFIT_TARGET_MET
2025-01-11 09:00:00,-65.41380000000026,2.1816693022914633,1,EXIT_PROFIT_TARGET_MET
2025-01-11 09:05:00,-65.46420000000035,8.201269408589697,1,EXIT_PROFIT_TARGET_MET
2025-01-11 09:10:00,-65.46420000000035,23.227087071839694,1,EXIT_PROFIT_TARGET_MET
2025-01-11 09:15:00,-65.47519999999986,14.151210951539547,1,EXIT_PROFIT_TARGET_MET
2025-01-11 09:20:00,-65.47519999999986,14.151210951539547,1,EXIT_PROFIT_TARGET_MET
2025-01-11 09:25:00,-65.44260000000031,13.096394197998125,1,EXIT_PROFIT_TARGET_MET
2025-01-11 09:30:00,-65.51059999999961,7.685578098144424,1,EXIT_PROFIT_TARGET_MET
2025-01-11 09:35:00,-65.5003999999999,3.949670725097553,1,EXIT_PROFIT_TARGET_MET
2025-01-11 09:40:00,-65.42920000000049,-224.65641015625334,-1,NO_VALID_ACTION_DEFENSIVE_AVG
2025-01-11 09:45:00,-65.38439999999991,4.722163447266269,1,EXIT_PROFIT_TARGET_MET
2025-01-11 09:50:00,-65.45820000000003,13.070212045897819,1,EXIT_PROFIT_TARGET_MET
2025-01-11 09:55:00,-65.39519999999993,4.177807587890044,1,EXIT_PROFIT_TARGET_MET
2025-01-11 10:00:00,-65.39519999999993,0.6927504492176411,1,EXIT_PROFIT_TARGET_MET
2025-01-11 10:05:00,-65.39339999999993,1.9920433984366248,1,EXIT_PROFIT_TARGET_MET
2025-01-11 10:10:00,-65.30460000000039,5.731480234374866,1,EXIT_PROFIT_TARGET_MET
2025-01-11 10:15:00,-65.29880000000048,0.17982749999988812,1,EXIT_PROFIT_TARGET_MET
2025-01-11 10:20:00,-65.21680000000015,6.463400624999949,1,EXIT_PROFIT_TARGET_MET
2025-01-11 10:25:00,-65.34460000000036,12.294427812500238,1,EXIT_PROFIT_TARGET_MET
2025-01-11 10:30:00,-65.33860000000004,6.714821875001547,1,EXIT_PROFIT_TARGET_MET
2025-01-11 10:35:00,-65.25720000000001,2.0652175000013244,1,EXIT_PROFIT_TARGET_MET
2025-01-11 10:40:00,-65.23400000000038,13.899432421876618,1,EXIT_PROFIT_TARGET_MET
2025-01-11 10:45:00,-65.23260000000028,3.272757031249732,1,EXIT_PROFIT_TARGET_MET
2025-01-11 10:50:00,-65.24420000000009,0.2791166406249559,1,EXIT_PROFIT_TARGET_MET
2025-01-11 10:55:00,-65.24420000000009,0.06977400093062439,1,EXIT_PROFIT_TARGET_MET
2025-01-11 11:00:00,-65.28679999999986,3.8197712525723455e-05,1,EXIT_PROFIT_TARGET_MET
2025-01-11 11:05:00,-65.17299999999977,3.519716888666199e-05,1,EXIT_PROFIT_TARGET_MET
2025-01-11 11:10:00,-65.28179999999975,2.4356653392313828e-05,1,EXIT_PROFIT_TARGET_MET
2025-01-11 11:15:00,-65.16219999999976,2.0089264512057152e-05,1,EXIT_PROFIT_TARGET_MET
2025-01-11 11:20:00,-65.04719999999998,2.60234129428823e-05,1,EXIT_PROFIT_TARGET_MET
2025-01-11 11:25:00,-65.02739999999994,1.078479528426868e-05,1,EXIT_PROFIT_TARGET_MET
2025-01-11 11:30:00,-65.02760000000035,2.6937844753265782e-05,1,EXIT_PROFIT_TARGET_MET
2025-01-11 11:35:00,-64.92759999999998,1.3463425636289848e-05,1,EXIT_PROFIT_TARGET_MET
2025-01-11 11:40:00,-64.86319999999978,0.5197969531249158,1,EXIT_PROFIT_TARGET_MET
2025-01-11 11:45:00,-64.84180000000015,0.5643961718748276,1,EXIT_PROFIT_TARGET_MET
2025-01-11 11:50:00,-64.8761999999997,0.290488085937616,1,EXIT_PROFIT_TARGET_MET
2025-01-11 11:55:00,-64.8761999999997,0.07898417968742599,1,EXIT_PROFIT_TARGET_MET
2025-01-11 12:00:00,-64.97440000000006,9.138473391533331e-05,1,EXIT_PROFIT_TARGET_MET
2025-01-11 12:05:00,-65.0,0.0001150040030479396,1,EXIT_PROFIT_TARGET_MET
2025-01-11 12:10:00,-65.0,7.967497617187355,1,EXIT_PROFIT_TARGET_MET
2025-01-11 12:15:00,-65.0,11.964269531249776,1,EXIT_PROFIT_TARGET_MET
2025-01-11 12:20:00,-64.86620000000039,18.51419765624818,1,EXIT_PROFIT_TARGET_MET
2025-01-11 12:25:00,-64.86620000000039,0.0019430346298217275,1,EXIT_PROFIT_TARGET_MET
2025-01-11 12:30:00,-64.92979999999989,4.6332453125016,1,EXIT_PROFIT_TARGET_MET
2025-01-11 12:35:00,-64.94639999999981,3.846301562498269,1,EXIT_PROFIT_TARGET_MET
2025-01-11 12:40:00,-65.01980000000003,0.36668281249959733,1,EXIT_PROFIT_TARGET_MET
2025-01-11 12:45:00,-65.01980000000003,0.36668281249959733,1,EXIT_PROFIT_TARGET_MET
2025-01-11 12:50:00,-64.96780000000035,2.831807812499598,1,EXIT_PROFIT_TARGET_MET
2025-01-11 12:55:00,-65.01900000000023,0.4046078125010908,1,EXIT_PROFIT_TARGET_MET
2025-01-11 13:00:00,-65.01900000000023,0.4046078125010908,1,EXIT_PROFIT_TARGET_MET
2025-01-11 13:05:00,-64.80619999999999,1.8470634570312974,1,EXIT_PROFIT_TARGET_MET
2025-01-11 13:10:00,-64.71839999999975,5.589358281249508,1,EXIT_PROFIT_TARGET_MET
2025-01-11 13:15:00,-64.71839999999975,5.589358281249508,1,EXIT_PROFIT_TARGET_MET
2025-01-11 13:20:00,-64.73480000000018,6.397923124998831,1,EXIT_PROFIT_TARGET_MET
2025-01-11 13:25:00,-64.6854000000003,-0.0005986090540885964,1,ACTION_FORCED_CUT_SHORT
2025-01-11 13:30:00,-64.79860000000008,0.005037460937484806,1,EXIT_PROFIT_TARGET_MET
2025-01-11 13:35:00,-64.78399999999965,0.04547261718758078,1,EXIT_PROFIT_TARGET_MET
2025-01-11 13:40:00,-64.78399999999965,0.04547261718758078,1,EXIT_PROFIT_TARGET_MET
2025-01-11 13:45:00,-64.78399999999965,0.04547261718758078,1,EXIT_PROFIT_TARGET_MET
2025-01-11 13:50:00,-64.83020000000033,0.006288790588378796,1,EXIT_PROFIT_TARGET_MET
2025-01-11 13:55:00,-64.83020000000033,0.006288790588378796,1,EXIT_PROFIT_TARGET_MET
2025-01-11 14:00:00,-64.83020000000033,0.006288790588378796,1,EXIT_PROFIT_TARGET_MET
2025-01-11 14:05:00,-64.78939999999966,0.030517148437450015,1,EXIT_PROFIT_TARGET_MET
2025-01-11 14:10:00,-64.78939999999966,0.030517148437450015,1,EXIT_PROFIT_TARGET_MET
2025-01-11 14:15:00,-64.74039999999968,0.16622417968747394,1,EXIT_PROFIT_TARGET_MET
2025-01-11 14:20:00,-64.80339999999978,5.462621874999371,1,EXIT_PROFIT_TARGET_MET
2025-01-11 14:25:00,-64.71299999999974,0.9464044140623287,1,EXIT_PROFIT_TARGET_MET
2025-01-11 14:30:00,-64.64220000000023,2.6487468750010947,1,EXIT_PROFIT_TARGET_MET
2025-01-11 14:35:00,-64.64980000000014,0.0003971582412719528,1,EXIT_PROFIT_TARGET_MET
2025-01-11 14:40:00,-64.71119999999974,0.000318112449645986,1,EXIT_PROFIT_TARGET_MET
2025-01-11 14:45:00,-64.73319999999967,0.0005100131225585789,1,EXIT_PROFIT_TARGET_MET
2025-01-11 14:50:00,-64.76479999999992,0.0005471062088012527,1,EXIT_PROFIT_TARGET_MET
2025-01-11 14:55:00,-64.76479999999992,0.0009161215591430337,1,EXIT_PROFIT_TARGET_MET
2025-01-11 15:00:00,-64.80479999999989,0.00106914813995363,1,EXIT_PROFIT_TARGET_MET
2025-01-11 15:05:00,-64.85260000000017,0.0021042404937744834,1,EXIT_PROFIT_TARGET_MET
2025-01-11 15:10:00,-64.85260000000017,0.004394653015136474,1,EXIT_PROFIT_TARGET_MET
2025-01-11 15:15:00,-64.85260000000017,0.00306229980468975,1,EXIT_PROFIT_TARGET_MET
2025-01-11 15:20:00,-64.73239999999987,-525.1373529296911,-1,NO_VALID_ACTION_DEFENSIVE_AVG
2025-01-11 15:25:00,-64.75500000000011,15.762899882810945,1,EXIT_PROFIT_TARGET_MET
2025-01-11 15:30:00,-64.8082000000004,0.07432484374998438,1,EXIT_PROFIT_TARGET_MET
2025-01-11 15:35:00,-64.82620000000043,1.6658832031249995,1,EXIT_PROFIT_TARGET_MET
2025-01-11 15:40:00,-64.84919999999966,0.3753994335937234,1,EXIT_PROFIT_TARGET_MET
2025-01-11 15:45:00,-64.86260000000038,0.3592216210936985,1,EXIT_PROFIT_TARGET_MET
2025-01-11 15:50:00,-64.86260000000038,1.53087888671871,1,EXIT_PROFIT_TARGET_MET
2025-01-11 15:55:00,-64.86260000000038,0.5096408593748087,1,EXIT_PROFIT_TARGET_MET
2025-01-11 16:00:00,-64.86260000000038,1.2033767968748927,1,EXIT_PROFIT_TARGET_MET
2025-01-11 16:05:00,-64.94580000000042,0.12728703125013663,1,EXIT_PROFIT_TARGET_MET
2025-01-11 16:10:00,-64.94580000000042,2.033787656249281,1,EXIT_PROFIT_TARGET_MET
2025-01-11 16:15:00,-64.94580000000042,35.22096046874847,1,EXIT_PROFIT_TARGET_MET
2025-01-11 16:20:00,-64.94580000000042,12.088228623046305,1,EXIT_PROFIT_TARGET_MET
2025-01-11 16:25:00,-64.94580000000042,27.512571093748832,1,EXIT_PROFIT_TARGET_MET
2025-01-11 16:30:00,-64.94580000000042,21.232895624999642,1,EXIT_PROFIT_TARGET_MET
2025-01-11 16:35:00,-64.94580000000042,9.660868124997847,1,EXIT_PROFIT_TARGET_MET
2025-01-11 16:40:00,-64.97379999999976,17.92785812499946,1,EXIT_PROFIT_TARGET_MET
2025-01-11 16:45:00,-64.97379999999976,1.0697950000010792,1,EXIT_PROFIT_TARGET_MET
2025-01-11 16:50:00,-64.97379999999976,13.098306249999013,1,EXIT_PROFIT_TARGET_MET
2025-01-11 16:55:00,-64.97379999999976,4.483571250001319,1,EXIT_PROFIT_TARGET_MET
2025-01-11 17:00:00,-64.76360000000022,12.497446249999001,1,EXIT_PROFIT_TARGET_MET
2025-01-11 17:05:00,-64.82179999999971,10.27857124999997,1,EXIT_PROFIT_TARGET_MET
2025-01-11 17:10:00,-64.90700000000015,7.030321249999446,1,EXIT_PROFIT_TARGET_MET
2025-01-11 17:15:00,-64.77940000000035,11.895071249998722,1,EXIT_PROFIT_TARGET_MET
2025-01-11 17:20:00,-64.73639999999978,13.534446249998297,1,EXIT_PROFIT_TARGET_MET
2025-01-11 17:25:00,-64.67939999999999,15.707571249999006,1,EXIT_PROFIT_TARGET_MET
2025-01-11 17:30:00,-64.64639999999963,16.965696250000292,1,EXIT_PROFIT_TARGET_MET
2025-01-11 17:35:00,-64.6884,15.364446249999958,1,EXIT_PROFIT_TARGET_MET
2025-01-11 17:40:00,-64.58539999999994,19.291321250000777,1,EXIT_PROFIT_TARGET_MET
2025-01-11 17:45:00,-64.65499999999975,16.63782124999966,1,EXIT_PROFIT_TARGET_MET
2025-01-11 17:50:00,-64.67100000000028,16.027821249998766,1,EXIT_PROFIT_TARGET_MET
2025-01-11 17:55:00,-64.6866,15.433071250000637,1,EXIT_PROFIT_TARGET_MET
2025-01-11 18:00:00,-64.70960000000014,14.55619624999892,1,EXIT_PROFIT_TARGET_MET
2025-01-11 18:05:00,-64.70399999999972,14.769696249999015,1,EXIT_PROFIT_TARGET_MET
2025-01-11 18:10:00,-64.70399999999972,14.769696249999015,1,EXIT_PROFIT_TARGET_MET
2025-01-11 18:15:00,-64.70399999999972,14.769696249999015,1,EXIT_PROFIT_TARGET_MET
2025-01-11 18:20:00,-64.70399999999972,14.769696249999015,1,EXIT_PROFIT_TARGET_MET
2025-01-11 18:25:00,-64.70399999999972,14.769696249999015,1,EXIT_PROFIT_TARGET_MET
2025-01-11 18:30:00,-64.70399999999972,14.769696249999015,1,EXIT_PROFIT_TARGET_MET
2025-01-11 18:35:00,-64.63400000000001,17.438446249999828,1,EXIT_PROFIT_TARGET_MET
2025-01-11 18:40:00,-64.63400000000001,17.438446249999828,1,EXIT_PROFIT_TARGET_MET
2025-01-11 18:45:00,-64.63400000000001,17.438446249999828,1,EXIT_PROFIT_TARGET_MET
2025-01-11 18:50:00,-64.4340000000002,25.06344625000014,1,EXIT_PROFIT_TARGET_MET
2025-01-11 18:55:00,-64.53740000000016,21.12132124999937,1,EXIT_PROFIT_TARGET_MET
2025-01-11 19:00:00,-64.53740000000016,21.12132124999937,1,EXIT_PROFIT_TARGET_MET
2025-01-11 19:05:00,-64.58979999999974,28.76930250000143,1,EXIT_PROFIT_TARGET_MET
2025-01-11 19:10:00,-64.58979999999974,31.81408875000048,1,EXIT_PROFIT_TARGET_MET
2025-01-11 19:15:00,-64.58979999999974,33.76851999999988,1,EXIT_PROFIT_TARGET_MET
2025-01-11 19:20:00,-64.62880000000041,27.96223875000217,1,EXIT_PROFIT_TARGET_MET
2025-01-11 19:25:00,-64.62880000000041,27.96223875000217,1,EXIT_PROFIT_TARGET_MET
2025-01-11 19:30:00,-64.71420000000035,24.706363749998985,1,EXIT_PROFIT_TARGET_MET
2025-01-11 19:35:00,-64.73260000000028,24.004863750001448,1,EXIT_PROFIT_TARGET_MET
2025-01-11 19:40:00,-64.77360000000044,22.441738749998308,1,EXIT_PROFIT_TARGET_MET
2025-01-11 19:45:00,-64.77360000000044,22.441738749998308,1,EXIT_PROFIT_TARGET_MET
2025-01-11 19:50:00,-64.73160000000007,24.042988750001967,1,EXIT_PROFIT_TARGET_MET
2025-01-11 19:55:00,-64.85940000000028,19.17061375000182,1,EXIT_PROFIT_TARGET_MET
2025-01-11 20:00:00,-64.89900000000034,17.660863749999663,1,EXIT_PROFIT_TARGET_MET
2025-01-11 20:05:00,-64.93379999999979,16.334113750001023,1,EXIT_PROFIT_TARGET_MET
2025-01-11 20:10:00,-64.9966000000004,13.939863749999603,1,EXIT_PROFIT_TARGET_MET
2025-01-11 20:15:00,-64.9346000000005,16.303613749999585,1,EXIT_PROFIT_TARGET_MET
2025-01-11 20:20:00,-64.9346000000005,16.303613749999585,1,EXIT_PROFIT_TARGET_MET
2025-01-11 20:25:00,-64.9346000000005,16.303613749999585,1,EXIT_PROFIT_TARGET_MET
2025-01-11 20:30:00,-64.90920000000006,17.271988749999224,1,EXIT_PROFIT_TARGET_MET
2025-01-11 20:35:00,-65.02000000000044,13.047738750000747,1,EXIT_PROFIT_TARGET_MET
2025-01-11 20:40:00,-64.95880000000034,17.292009999998555,1,EXIT_PROFIT_TARGET_MET
2025-01-11 20:45:00,-64.95880000000034,24.23929249999935,1,EXIT_PROFIT_TARGET_MET
2025-01-11 20:50:00,-65.07440000000042,9.70047750000029,1,EXIT_PROFIT_TARGET_MET
2025-01-11 20:55:00,-65.09339999999975,5.762857343750348,1,EXIT_PROFIT_TARGET_MET
2025-01-11 21:00:00,-65.21299999999974,0.013579272921086497,1,EXIT_PROFIT_TARGET_MET
2025-01-11 21:05:00,-65.37039999999979,0.016654773674014554,1,EXIT_PROFIT_TARGET_MET
2025-01-11 21:10:00,-65.37039999999979,0.04166876973153383,1,EXIT_PROFIT_TARGET_MET
2025-01-11 21:15:00,-65.45560000000023,0.09092091704846494,1,EXIT_PROFIT_TARGET_MET
2025-01-11 21:20:00,-65.44480000000021,0.1658012923193097,1,EXIT_PROFIT_TARGET_MET
2025-01-11 21:25:00,-65.44120000000021,0.011338646435738982,1,EXIT_PROFIT_TARGET_MET
2025-01-11 21:30:00,-65.44120000000021,0.06847034222132381,1,EXIT_PROFIT_TARGET_MET
2025-01-11 21:35:00,-65.52599999999984,1.2763982656145463,1,EXIT_PROFIT_TARGET_MET
2025-01-11 21:40:00,-65.52599999999984,2.568027326259749,1,EXIT_PROFIT_TARGET_MET
2025-01-11 21:45:00,-65.52599999999984,3.7665571436274528,1,EXIT_PROFIT_TARGET_MET
2025-01-11 21:50:00,-65.54439999999977,23.282371546782397,1,EXIT_PROFIT_TARGET_MET
2025-01-11 21:55:00,-65.54439999999977,16.24241760654417,1,EXIT_PROFIT_TARGET_MET
2025-01-11 22:00:00,-65.48559999999998,12.124981019746517,1,EXIT_PROFIT_TARGET_MET
2025-01-11 22:05:00,-65.3779999999997,19.413862960892835,1,EXIT_PROFIT_TARGET_MET
2025-01-11 22:10:00,-65.3779999999997,16.502106856689263,1,EXIT_PROFIT_TARGET_MET
2025-01-11 22:15:00,-65.3779999999997,15.209696856691576,1,EXIT_PROFIT_TARGET_MET
2025-01-11 22:20:00,-65.46579999999994,19.779805609131618,1,EXIT_PROFIT_TARGET_MET
2025-01-11 22:25:00,-65.46579999999994,19.779805609131618,1,EXIT_PROFIT_TARGET_MET
2025-01-11 22:30:00,-65.46579999999994,19.779805609131618,1,EXIT_PROFIT_TARGET_MET
2025-01-11 22:35:00,-65.46579999999994,19.779805609131618,1,EXIT_PROFIT_TARGET_MET
2025-01-11 22:40:00,-65.46579999999994,10.301479125976412,1,EXIT_PROFIT_TARGET_MET
2025-01-11 22:45:00,-65.46579999999994,14.882845961914569,1,EXIT_PROFIT_TARGET_MET
2025-01-11 22:50:00,-65.53600000000006,17.418086484375863,1,EXIT_PROFIT_TARGET_MET
2025-01-11 22:55:00,-65.53600000000006,11.645969023440074,1,EXIT_PROFIT_TARGET_MET
2025-01-11 23:00:00,-65.53600000000006,12.642481269531642,1,EXIT_PROFIT_TARGET_MET
2025-01-11 23:05:00,-65.47879999999986,14.427218828126193,1,EXIT_PROFIT_TARGET_MET
2025-01-11 23:10:00,-65.47879999999986,15.811513671874556,1,EXIT_PROFIT_TARGET_MET
2025-01-11 23:15:00,-65.47879999999986,8.207613125001458,1,EXIT_PROFIT_TARGET_MET
2025-01-11 23:20:00,-65.35360000000037,54.594041591797215,1,EXIT_PROFIT_TARGET_MET
2025-01-11 23:25:00,-65.35360000000037,58.461291591796375,1,EXIT_PROFIT_TARGET_MET
2025-01-11 23:30:00,-65.35360000000037,58.461291591796375,1,EXIT_PROFIT_TARGET_MET
2025-01-11 23:35:00,-65.2448000000004,53.233064404296265,1,EXIT_PROFIT_TARGET_MET
2025-01-11 23:40:00,-65.23419999999987,47.23581425292982,1,EXIT_PROFIT_TARGET_MET
2025-01-11 23:45:00,-65.23419999999987,47.23581425292982,1,EXIT_PROFIT_TARGET_MET
2025-01-11 23:50:00,-65.36920000000009,42.70675696289079,1,EXIT_PROFIT_TARGET_MET
2025-01-11 23:55:00,-65.36920000000009,42.70675696289079,1,EXIT_PROFIT_TARGET_MET
2025-01-12 00:00:00,-65.36499999999978,42.4992712207033,1,EXIT_PROFIT_TARGET_MET
2025-01-12 00:05:00,-65.40539999999964,44.495086455078685,1,EXIT_PROFIT_TARGET_MET
2025-01-12 00:10:00,-65.40539999999964,35.95761708984495,1,EXIT_PROFIT_TARGET_MET
2025-01-12 00:15:00,-65.1902,25.347668652342794,1,EXIT_PROFIT_TARGET_MET
2025-01-12 00:20:00,-65.22860000000037,27.240893652341434,1,EXIT_PROFIT_TARGET_MET
2025-01-12 00:25:00,-65.22860000000037,27.240893652341434,1,EXIT_PROFIT_TARGET_MET
2025-01-12 00:30:00,-65.34799999999996,33.12764013672002,1,EXIT_PROFIT_TARGET_MET
2025-01-12 00:35:00,-65.50979999999981,41.10482255859461,1,EXIT_PROFIT_TARGET_MET
2025-01-12 00:40:00,-65.50979999999981,32.947717226564,1,EXIT_PROFIT_TARGET_MET
2025-01-12 00:45:00,-65.50979999999981,32.947717226564,1,EXIT_PROFIT_TARGET_MET
2025-01-12 00:50:00,-65.50979999999981,25.80071625000232,1,EXIT_PROFIT_TARGET_MET
2025-01-12 00:55:00,-65.46799999999985,23.764599062500388,1,EXIT_PROFIT_TARGET_MET
2025-01-12 01:00:00,-65.60900000000038,30.632841250001107,1,EXIT_PROFIT_TARGET_MET
2025-01-12 01:05:00,-65.59739999999965,30.067794375002,1,EXIT_PROFIT_TARGET_MET
2025-01-12 01:10:00,-65.59760000000006,30.077536562500015,1,EXIT_PROFIT_TARGET_MET
2025-01-12 01:15:00,-65.31800000000021,16.457958437501006,1,EXIT_PROFIT_TARGET_MET
2025-01-12 01:20:00,-65.39339999999993,20.130763125001348,1,EXIT_PROFIT_TARGET_MET
2025-01-12 01:25:00,-65.30460000000039,15.80523187500124,1,EXIT_PROFIT_TARGET_MET
2025-01-12 01:30:00,-65.42399999999998,21.62131781250177,1,EXIT_PROFIT_TARGET_MET
2025-01-12 01:35:00,-65.42399999999998,19.501982500001326,1,EXIT_PROFIT_TARGET_MET
2025-01-12 01:40:00,-65.42399999999998,19.501982500001326,1,EXIT_PROFIT_TARGET_MET
2025-01-12 01:45:00,-65.44840000000022,20.671276250001522,1,EXIT_PROFIT_TARGET_MET
2025-01-12 01:50:00,-65.34420000000046,15.677816874999884,1,EXIT_PROFIT_TARGET_MET
2025-01-12 01:55:00,-65.34420000000046,15.677816874999884,1,EXIT_PROFIT_TARGET_MET
2025-01-12 02:00:00,-65.34420000000046,15.677816874999884,1,EXIT_PROFIT_TARGET_MET
2025-01-12 02:05:00,-65.2456000000002,10.952720000001314,1,EXIT_PROFIT_TARGET_MET
2025-01-12 02:10:00,-65.3760000000002,17.201732500000745,1,EXIT_PROFIT_TARGET_MET
2025-01-12 02:15:00,-65.28179999999975,12.687491875001719,1,EXIT_PROFIT_TARGET_MET
2025-01-12 02:20:00,-65.29320000000007,13.23380124999975,1,EXIT_PROFIT_TARGET_MET
2025-01-12 02:25:00,-65.29320000000007,13.23380124999975,1,EXIT_PROFIT_TARGET_MET
2025-01-12 02:30:00,-65.39580000000024,18.150585625000293,1,EXIT_PROFIT_TARGET_MET
2025-01-12 02:35:00,-65.41880000000037,19.252788750000466,1,EXIT_PROFIT_TARGET_MET
2025-01-12 02:40:00,-65.51339999999982,23.786198125000134,1,EXIT_PROFIT_TARGET_MET
2025-01-12 02:45:00,-65.45359999999982,20.92047000000088,1,EXIT_PROFIT_TARGET_MET
2025-01-12 02:50:00,-65.4358000000002,20.067460625001534,1,EXIT_PROFIT_TARGET_MET
2025-01-12 02:55:00,-65.4358000000002,20.067460625001534,1,EXIT_PROFIT_TARGET_MET
2025-01-12 03:00:00,-65.42039999999997,19.329463750000027,1,EXIT_PROFIT_TARGET_MET
2025-01-12 03:05:00,-65.42039999999997,19.329463750000027,1,EXIT_PROFIT_TARGET_MET
2025-01-12 03:10:00,-65.22000000000025,9.72591999999916,1,EXIT_PROFIT_TARGET_MET
2025-01-12 03:15:00,-65.19080000000031,8.326601250000312,1,EXIT_PROFIT_TARGET_MET
2025-01-12 03:20:00,-65.41380000000026,19.013179375002213,1,EXIT_PROFIT_TARGET_MET
2025-01-12 03:25:00,-65.39999999999964,18.351857500001834,1,EXIT_PROFIT_TARGET_MET
2025-01-12 03:30:00,-65.42399999999998,19.501982500001326,1,EXIT_PROFIT_TARGET_MET
2025-01-12 03:35:00,-65.3761999999997,17.211316875000314,1,EXIT_PROFIT_TARGET_MET
2025-01-12 03:40:00,-65.3761999999997,17.211316875000314,1,EXIT_PROFIT_TARGET_MET
2025-01-12 03:45:00,-65.37039999999979,16.933370000000746,1,EXIT_PROFIT_TARGET_MET
2025-01-12 03:50:00,-65.38259999999991,17.518016875001596,1,EXIT_PROFIT_TARGET_MET
2025-01-12 03:55:00,-65.38259999999991,17.518016875001596,1,EXIT_PROFIT_TARGET_MET
2025-01-12 04:00:00,-65.47339999999986,21.869323125000395,1,EXIT_PROFIT_TARGET_MET
2025-01-12 04:05:00,-65.33539999999994,15.256104375000795,1,EXIT_PROFIT_TARGET_MET
2025-01-12 04:10:00,-65.33539999999994,15.256104375000795,1,EXIT_PROFIT_TARGET_MET
2025-01-12 04:15:00,-65.52599999999984,24.390013750000122,1,EXIT_PROFIT_TARGET_MET
2025-01-12 04:20:00,-65.45520000000033,20.99714500000041,1,EXIT_PROFIT_TARGET_MET
2025-01-12 04:25:00,-65.45520000000033,20.99714500000041,1,EXIT_PROFIT_TARGET_MET
2025-01-12 04:30:00,-65.51540000000023,23.88204187500187,1,EXIT_PROFIT_TARGET_MET
2025-01-12 04:35:00,-65.51540000000023,23.88204187500187,1,EXIT_PROFIT_TARGET_MET
2025-01-12 04:40:00,-65.33079999999973,15.035663750000147,1,EXIT_PROFIT_TARGET_MET
2025-01-12 04:45:00,-65.36520000000019,16.684176249999886,1,EXIT_PROFIT_TARGET_MET
2025-01-12 04:50:00,-65.51460000000043,23.843704375000556,1,EXIT_PROFIT_TARGET_MET
2025-01-12 04:55:00,-65.5582000000004,25.93309812500009,1,EXIT_PROFIT_TARGET_MET
2025-01-12 05:00:00,-65.57380000000012,26.68067937499963,1,EXIT_PROFIT_TARGET_MET
2025-01-12 05:05:00,-65.54719999999998,25.405957500001197,1,EXIT_PROFIT_TARGET_MET
2025-01-12 05:10:00,-65.55140000000029,25.60722937500117,1,EXIT_PROFIT_TARGET_MET
2025-01-12 05:15:00,-65.52980000000025,24.572116874999487,1,EXIT_PROFIT_TARGET_MET
2025-01-12 05:20:00,-65.5600000000004,26.019357500000723,1,EXIT_PROFIT_TARGET_MET
2025-01-12 05:25:00,-65.5600000000004,26.019357500000723,1,EXIT_PROFIT_TARGET_MET
2025-01-12 05:30:00,-65.54619999999977,25.35803562500188,1,EXIT_PROFIT_TARGET_MET
2025-01-12 05:35:00,-65.42000000000007,19.31029500000092,1,EXIT_PROFIT_TARGET_MET
2025-01-12 05:40:00,-65.42000000000007,19.31029500000092,1,EXIT_PROFIT_TARGET_MET
2025-01-12 05:45:00,-65.5025999999998,23.26864187500081,1,EXIT_PROFIT_TARGET_MET
2025-01-12 05:50:00,-65.45799999999963,21.13132624999889,1,EXIT_PROFIT_TARGET_MET
2025-01-12 05:55:00,-65.5652,26.26855125000008,1,EXIT_PROFIT_TARGET_MET
2025-01-12 06:00:00,-65.5652,26.26855125000008,1,EXIT_PROFIT_TARGET_MET
2025-01-12 06:05:00,-65.52480000000014,24.33250750000277,1,EXIT_PROFIT_TARGET_MET
2025-01-12 06:10:00,-65.54200000000037,25.156763750000337,1,EXIT_PROFIT_TARGET_MET
2025-01-12 06:15:00,-65.54200000000037,25.156763750000337,1,EXIT_PROFIT_TARGET_MET
2025-01-12 06:20:00,-65.63439999999991,29.584745000000233,1,EXIT_PROFIT_TARGET_MET
2025-01-12 06:25:00,-65.77099999999973,36.13087312500137,1,EXIT_PROFIT_TARGET_MET
2025-01-12 06:30:00,-65.77080000000024,36.121288750000275,1,EXIT_PROFIT_TARGET_MET
2025-01-12 06:35:00,-65.7532000000001,35.27786375000053,1,EXIT_PROFIT_TARGET_MET
2025-01-12 06:40:00,-65.8130000000001,38.14359187500132,1,EXIT_PROFIT_TARGET_MET
2025-01-12 06:45:00,-65.8732,41.02848875000127,1,EXIT_PROFIT_TARGET_MET
2025-01-12 06:50:00,-65.92979999999989,43.740866874999874,1,EXIT_PROFIT_TARGET_MET
2025-01-12 06:55:00,-65.9967999999999,46.95163250000022,1,EXIT_PROFIT_TARGET_MET
2025-01-12 07:00:00,-66.10000000000036,51.897170000000976,1,EXIT_PROFIT_TARGET_MET
2025-01-12 07:05:00,-66.13479999999981,46.39842187500013,1,EXIT_PROFIT_TARGET_MET
2025-01-12 07:10:00,-66.18040000000019,42.62474875000015,1,EXIT_PROFIT_TARGET_MET
2025-01-12 07:15:00,-66.2539999999999,28.374640000001875,1,EXIT_PROFIT_TARGET_MET
2025-01-12 07:20:00,-66.33659999999963,23.488518750000026,1,EXIT_PROFIT_TARGET_MET
2025-01-12 07:25:00,-66.3152,49.09122999999897,1,EXIT_PROFIT_TARGET_MET
2025-01-12 07:30:00,-66.15999999999985,31.753767499999725,1,EXIT_PROFIT_TARGET_MET
2025-01-12 07:35:00,-66.17460000000028,7.819739999999342,1,EXIT_PROFIT_TARGET_MET
2025-01-12 07:40:00,-66.14580000000024,7.121339999999691,1,EXIT_PROFIT_TARGET_MET
2025-01-12 07:45:00,-66.14580000000024,8.263345000000072,1,EXIT_PROFIT_TARGET_MET
2025-01-12 07:50:00,-66.17460000000028,9.152258750000215,1,EXIT_PROFIT_TARGET_MET
2025-01-12 07:55:00,-66.17540000000008,5.665899374999313,1,EXIT_PROFIT_TARGET_MET
2025-01-12 08:00:00,-66.11959999999999,3.256036875000561,1,EXIT_PROFIT_TARGET_MET
2025-01-12 08:05:00,-66.05100000000039,0.29337437499901853,1,EXIT_PROFIT_TARGET_MET
2025-01-12 08:10:00,-65.97779999999966,10.530187187501035,1,EXIT_PROFIT_TARGET_MET
2025-01-12 08:15:00,-65.92600000000039,8.129580937499483,1,EXIT_PROFIT_TARGET_MET
2025-01-12 08:20:00,-65.90380000000005,7.100749687500581,1,EXIT_PROFIT_TARGET_MET
2025-01-12 08:25:00,-65.86160000000018,5.145043437499602,1,EXIT_PROFIT_TARGET_MET
2025-01-12 08:30:00,-65.80420000000049,2.4849121874996456,1,EXIT_PROFIT_TARGET_MET
2025-01-12 08:35:00,-65.9350000000004,8.546674687501195,1,EXIT_PROFIT_TARGET_MET
2025-01-12 08:40:00,-65.83359999999993,20.611058749997937,1,EXIT_PROFIT_TARGET_MET
2025-01-12 08:45:00,-65.90179999999964,13.113646874998693,1,EXIT_PROFIT_TARGET_MET
2025-01-12 08:50:00,-65.79799999999977,27.410125000002637,1,EXIT_PROFIT_TARGET_MET
2025-01-12 08:55:00,-65.79799999999977,9.23289125000025,1,EXIT_PROFIT_TARGET_MET
2025-01-12 09:00:00,-65.74359999999979,2.334072500000474,1,EXIT_PROFIT_TARGET_MET
2025-01-12 09:05:00,-65.79520000000048,7.094053750000626,1,EXIT_PROFIT_TARGET_MET
2025-01-12 09:10:00,-65.86160000000018,2.912078750000589,1,EXIT_PROFIT_TARGET_MET
2025-01-12 09:15:00,-65.72580000000016,1.6580391064463549,1,EXIT_PROFIT_TARGET_MET
2025-01-12 09:20:00,-65.72599999999966,1.7847181640631788,1,EXIT_PROFIT_TARGET_MET
2025-01-12 09:25:00,-65.72599999999966,0.010918143768311146,1,EXIT_PROFIT_TARGET_MET
2025-01-12 09:30:00,-65.88100000000031,4.399499687500203,1,EXIT_PROFIT_TARGET_MET
2025-01-12 09:35:00,-65.88720000000012,1.8374281250013667,1,EXIT_PROFIT_TARGET_MET
2025-01-12 09:40:00,-65.88720000000012,9.104159374999448,1,EXIT_PROFIT_TARGET_MET
2025-01-12 09:45:00,-65.73059999999987,0.9354424999997804,1,EXIT_PROFIT_TARGET_MET
2025-01-12 09:50:00,-65.73059999999987,0.37997812499898487,1,EXIT_PROFIT_TARGET_MET
2025-01-12 09:55:00,-65.70460000000003,4.15646312500067,1,EXIT_PROFIT_TARGET_MET
2025-01-12 10:00:00,-65.61999999999989,0.8013947841643907,1,EXIT_PROFIT_TARGET_MET
2025-01-12 10:05:00,-65.64040000000023,0.10868420837415506,1,EXIT_PROFIT_TARGET_MET
2025-01-12 10:10:00,-65.64040000000023,4.73617414009081,1,EXIT_PROFIT_TARGET_MET
2025-01-12 10:15:00,-65.70380000000023,0.4914527622982609,1,EXIT_PROFIT_TARGET_MET
2025-01-12 10:20:00,-65.63360000000011,4.108541855468722,1,EXIT_PROFIT_TARGET_MET
2025-01-12 10:25:00,-65.63479999999981,8.123249082032062,1,EXIT_PROFIT_TARGET_MET
2025-01-12 10:30:00,-65.65719999999965,-1649.3125586523329,-1,HOLD
2025-01-12 10:35:00,-65.69400000000041,13.866838906250994,1,EXIT_PROFIT_TARGET_MET
2025-01-12 10:40:00,-65.73999999999978,21.66717010740544,1,EXIT_PROFIT_TARGET_MET
2025-01-12 10:45:00,-65.68299999999999,23.134920107437082,1,EXIT_PROFIT_TARGET_MET
2025-01-12 10:50:00,-65.71180000000004,22.393320107421047,1,EXIT_PROFIT_TARGET_MET
2025-01-12 10:55:00,-65.68299999999999,23.134920107437082,1,EXIT_PROFIT_TARGET_MET
2025-01-12 11:00:00,-65.63339999999971,33.87014047851085,1,EXIT_PROFIT_TARGET_MET
2025-01-12 11:05:00,-65.65560000000005,23.840470107452106,1,EXIT_PROFIT_TARGET_MET
2025-01-12 11:10:00,-65.65419999999995,23.876520107431247,1,EXIT_PROFIT_TARGET_MET
2025-01-12 11:15:00,-65.65419999999995,18.039327957762687,1,EXIT_PROFIT_TARGET_MET
2025-01-12 11:20:00,-65.58640000000014,22.565223117673874,1,EXIT_PROFIT_TARGET_MET
2025-01-12 11:25:00,-65.48059999999987,20.852533917845108,1,EXIT_PROFIT_TARGET_MET
2025-01-12 11:30:00,-65.6202000000003,13.803577448119505,1,EXIT_PROFIT_TARGET_MET
2025-01-12 11:35:00,-65.59839999999986,14.904345722045424,1,EXIT_PROFIT_TARGET_MET
2025-01-12 11:40:00,-65.59839999999986,14.904345722045424,1,EXIT_PROFIT_TARGET_MET
2025-01-12 11:45:00,-65.59879999999976,14.884148139037624,1,EXIT_PROFIT_TARGET_MET
2025-01-12 11:50:00,-65.69400000000041,10.077123383179462,1,EXIT_PROFIT_TARGET_MET
2025-01-12 11:55:00,-65.69400000000041,10.077123383179462,1,EXIT_PROFIT_TARGET_MET
2025-01-12 12:00:00,-65.73599999999988,7.956377167358828,1,EXIT_PROFIT_TARGET_MET
2025-01-12 12:05:00,-65.69679999999971,9.935740302123321,1,EXIT_PROFIT_TARGET_MET
2025-01-12 12:10:00,-65.60900000000038,14.369109772337932,1,EXIT_PROFIT_TARGET_MET
2025-01-12 12:15:00,-65.60599999999977,14.520591644897205,1,EXIT_PROFIT_TARGET_MET
2025-01-12 12:20:00,-65.64559999999983,12.521030927123377,1,EXIT_PROFIT_TARGET_MET
2025-01-12 12:25:00,-65.67100000000028,11.238484406125716,1,EXIT_PROFIT_TARGET_MET
2025-01-12 12:30:00,-65.6252000000004,13.551107660521225,1,EXIT_PROFIT_TARGET_MET
2025-01-12 12:35:00,-65.6252000000004,13.551107660521225,1,EXIT_PROFIT_TARGET_MET
2025-01-12 12:40:00,-65.74179999999978,7.663512213744947,1,EXIT_PROFIT_TARGET_MET
2025-01-12 12:45:00,-65.65120000000024,12.2382647650157,1,EXIT_PROFIT_TARGET_MET
2025-01-12 12:50:00,-65.71439999999984,9.047046649780079,1,EXIT_PROFIT_TARGET_MET
2025-01-12 12:55:00,-65.78560000000016,5.451876874388441,1,EXIT_PROFIT_TARGET_MET
2025-01-12 13:00:00,-65.78560000000016,5.451876874388441,1,EXIT_PROFIT_TARGET_MET
2025-01-12 13:05:00,-65.70840000000044,9.350010394897094,1,EXIT_PROFIT_TARGET_MET
2025-01-12 13:10:00,-65.76299999999992,6.593040314329962,1,EXIT_PROFIT_TARGET_MET
2025-01-12 13:15:00,-65.69740000000002,9.905443927612387,1,EXIT_PROFIT_TARGET_MET
2025-01-12 13:20:00,-65.60980000000018,14.328714606322329,1,EXIT_PROFIT_TARGET_MET
2025-01-12 13:25:00,-65.59259999999995,3.977801884764717,1,EXIT_PROFIT_TARGET_MET
2025-01-12 13:30:00,-65.59259999999995,3.977801884764717,1,EXIT_PROFIT_TARGET_MET
2025-01-12 13:35:00,-65.59259999999995,3.977801884764717,1,EXIT_PROFIT_TARGET_MET
2025-01-12 13:40:00,-65.59259999999995,3.977801884764717,1,EXIT_PROFIT_TARGET_MET
2025-01-12 13:45:00,-65.61480000000029,2.856970170897403,1,EXIT_PROFIT_TARGET_MET
2025-01-12 13:50:00,-65.66660000000047,3.8891587817378834,1,EXIT_PROFIT_TARGET_MET
2025-01-12 13:55:00,-65.66660000000047,0.9181430883166571,1,EXIT_PROFIT_TARGET_MET
2025-01-12 14:00:00,-65.72159999999985,1.589619342929326,1,EXIT_PROFIT_TARGET_MET
2025-01-12 14:05:00,-65.66399999999976,0.513845590307136,1,EXIT_PROFIT_TARGET_MET
2025-01-12 14:10:00,-65.65099999999984,1.3756130910044557,1,EXIT_PROFIT_TARGET_MET
2025-01-12 14:15:00,-65.65099999999984,1.6780918400520068,1,EXIT_PROFIT_TARGET_MET
2025-01-12 14:20:00,-65.65099999999984,3.50303195312636,1,EXIT_PROFIT_TARGET_MET
2025-01-12 14:25:00,-65.77840000000015,1.8137730546335047,1,EXIT_PROFIT_TARGET_MET
2025-01-12 14:30:00,-65.72180000000026,0.2018911051476055,1,EXIT_PROFIT_TARGET_MET
2025-01-12 14:35:00,-65.76080000000002,0.36926839333650036,1,EXIT_PROFIT_TARGET_MET
2025-01-12 14:40:00,-65.76080000000002,0.8258004459570348,1,EXIT_PROFIT_TARGET_MET
2025-01-12 14:45:00,-65.76080000000002,0.8258004459570348,1,EXIT_PROFIT_TARGET_MET
2025-01-12 14:50:00,-65.69719999999961,1.59299753921794,1,EXIT_PROFIT_TARGET_MET
2025-01-12 14:55:00,-65.63500000000022,0.0016527275938221192,1,EXIT_PROFIT_TARGET_MET
2025-01-12 15:00:00,-65.66319999999996,7.203610364348088e-05,1,EXIT_PROFIT_TARGET_MET
2025-01-12 15:05:00,-65.66319999999996,7.076626957859806e-05,1,EXIT_PROFIT_TARGET_MET
2025-01-12 15:10:00,-65.66319999999996,6.878108468604933e-05,1,EXIT_PROFIT_TARGET_MET
2025-01-12 15:15:00,-65.60660000000007,0.22648279741925345,1,EXIT_PROFIT_TARGET_MET
2025-01-12 15:20:00,-65.57700000000023,0.5807593680981906,1,EXIT_PROFIT_TARGET_MET
2025-01-12 15:25:00,-65.60699999999997,0.9876213724515507,1,EXIT_PROFIT_TARGET_MET
2025-01-12 15:30:00,-65.61380000000008,0.7877550638720228,1,EXIT_PROFIT_TARGET_MET
2025-01-12 15:35:00,-65.52980000000025,2.4737990909865983,1,EXIT_PROFIT_TARGET_MET
2025-01-12 15:40:00,-65.48980000000029,2.485465311603659,1,EXIT_PROFIT_TARGET_MET
2025-01-12 15:45:00,-65.48980000000029,2.4237856167605614,1,EXIT_PROFIT_TARGET_MET
2025-01-12 15:50:00,-65.51360000000022,0.6456285247804479,1,EXIT_PROFIT_TARGET_MET
2025-01-12 15:55:00,-65.6210000000001,7.112167712534231e-05,1,EXIT_PROFIT_TARGET_MET
2025-01-12 16:00:00,-65.58340000000044,0.00018773848125711487,1,EXIT_PROFIT_TARGET_MET
2025-01-12 16:05:00,-65.58340000000044,0.6053960717763117,1,EXIT_PROFIT_TARGET_MET
2025-01-12 16:10:00,-65.58340000000044,6.939370375973576,1,EXIT_PROFIT_TARGET_MET
2025-01-12 16:15:00,-65.57060000000001,2.505202293702311,1,EXIT_PROFIT_TARGET_MET
2025-01-12 16:20:00,-65.5619999999999,9.721027841797941,1,EXIT_PROFIT_TARGET_MET
2025-01-12 16:25:00,-65.47280000000046,8.03516803222747,1,EXIT_PROFIT_TARGET_MET
2025-01-12 16:30:00,-65.47280000000046,4.032490390626078,1,EXIT_PROFIT_TARGET_MET
2025-01-12 16:35:00,-65.46680000000015,0.8089721093749207,1,EXIT_PROFIT_TARGET_MET
2025-01-12 16:40:00,-65.44560000000001,9.367598046874196,1,EXIT_PROFIT_TARGET_MET
2025-01-12 16:45:00,-65.40639999999985,7.087028085938528,1,EXIT_PROFIT_TARGET_MET
2025-01-12 16:50:00,-65.36220000000048,4.675514062498884,1,EXIT_PROFIT_TARGET_MET
2025-01-12 16:55:00,-65.46020000000044,11.58395640624966,1,EXIT_PROFIT_TARGET_MET
2025-01-12 17:00:00,-65.46979999999985,1.0868983593772725,1,EXIT_PROFIT_TARGET_MET
2025-01-12 17:05:00,-65.33899999999994,6.184572968750015,1,EXIT_PROFIT_TARGET_MET
2025-01-12 17:10:00,-65.30519999999979,7.839188593751356,1,EXIT_PROFIT_TARGET_MET
2025-01-12 17:15:00,-65.30519999999979,5.255934687501004,1,EXIT_PROFIT_TARGET_MET
2025-01-12 17:20:00,-65.37960000000021,0.09995354492187786,1,EXIT_PROFIT_TARGET_MET
2025-01-12 17:25:00,-65.37960000000021,0.22457631835938807,1,EXIT_PROFIT_TARGET_MET
2025-01-12 17:30:00,-65.37960000000021,0.22457631835938807,1,EXIT_PROFIT_TARGET_MET
2025-01-12 17:35:00,-65.40740000000005,0.4334390625000142,1,EXIT_PROFIT_TARGET_MET
2025-01-12 17:40:00,-65.36459999999988,0.6057630859374612,1,EXIT_PROFIT_TARGET_MET
2025-01-12 17:45:00,-65.32399999999961,0.12282015624998621,1,EXIT_PROFIT_TARGET_MET
2025-01-12 17:50:00,-65.38000000000011,1.3683534375000441,1,EXIT_PROFIT_TARGET_MET
2025-01-12 17:55:00,-65.38000000000011,4.787514687500277,1,EXIT_PROFIT_TARGET_MET
2025-01-12 18:00:00,-65.38659999999982,4.364316874998565,1,EXIT_PROFIT_TARGET_MET
2025-01-12 18:05:00,-65.39159999999993,37.27150875000049,1,EXIT_PROFIT_TARGET_MET
2025-01-12 18:10:00,-65.39159999999993,58.31269558593793,1,EXIT_PROFIT_TARGET_MET
2025-01-12 18:15:00,-65.36179999999968,0.6202343359391742,1,EXIT_PROFIT_TARGET_MET
2025-01-12 18:20:00,-65.34940000000006,0.001190455398559524,1,EXIT_PROFIT_TARGET_MET
2025-01-12 18:25:00,-65.34940000000006,0.009732257537841866,1,EXIT_PROFIT_TARGET_MET
2025-01-12 18:30:00,-65.20619999999963,0.011065143280029575,1,EXIT_PROFIT_TARGET_MET
2025-01-12 18:35:00,-64.97239999999965,0.013241321258545099,1,EXIT_PROFIT_TARGET_MET
2025-01-12 18:40:00,-65.02679999999964,0.012734973602295255,1,EXIT_PROFIT_TARGET_MET
2025-01-12 18:45:00,-64.86020000000008,0.014285663299560655,1,EXIT_PROFIT_TARGET_MET
2025-01-12 18:50:00,-64.76620000000003,0.015160602264404306,1,EXIT_PROFIT_TARGET_MET
2025-01-12 18:55:00,-64.7467999999999,0.015341174774169956,1,EXIT_PROFIT_TARGET_MET
2025-01-12 19:00:00,-64.80420000000049,0.01480690353393567,1,EXIT_PROFIT_TARGET_MET
2025-01-12 19:05:00,-64.82160000000022,0.014644946746826367,1,EXIT_PROFIT_TARGET_MET
2025-01-12 19:10:00,-64.88060000000041,0.014095782928466909,1,EXIT_PROFIT_TARGET_MET
2025-01-12 19:15:00,-64.82520000000022,0.014611438446045098,1,EXIT_PROFIT_TARGET_MET
2025-01-12 19:20:00,-64.78160000000025,0.015017261199951008,1,EXIT_PROFIT_TARGET_MET
2025-01-12 19:25:00,-64.6864000000005,0.015903369598388686,1,EXIT_PROFIT_TARGET_MET
2025-01-12 19:30:00,-64.58500000000004,0.016847186737060652,1,EXIT_PROFIT_TARGET_MET
2025-01-12 19:35:00,-64.63119999999981,0.016417163543701287,1,EXIT_PROFIT_TARGET_MET
2025-01-12 19:40:00,-64.72180000000026,0.015573871307373161,1,EXIT_PROFIT_TARGET_MET
2025-01-12 19:45:00,-64.65760000000046,0.01617143600463875,1,EXIT_PROFIT_TARGET_MET
2025-01-12 19:50:00,-64.71000000000004,0.015683704071045003,1,EXIT_PROFIT_TARGET_MET
2025-01-12 19:55:00,-64.71000000000004,0.015683704071045003,1,EXIT_PROFIT_TARGET_MET
2025-01-12 20:00:00,-64.81760000000031,0.014682178192138812,1,EXIT_PROFIT_TARGET_MET
2025-01-12 20:05:00,-64.77940000000035,0.015037738494873037,1,EXIT_PROFIT_TARGET_MET
2025-01-12 20:10:00,-64.77940000000035,0.015037738494873037,1,EXIT_PROFIT_TARGET_MET
2025-01-12 20:15:00,-64.92680000000018,0.01366575973510745,1,EXIT_PROFIT_TARGET_MET
2025-01-12 20:20:00,-64.80159999999978,0.014831103973388781,1,EXIT_PROFIT_TARGET_MET
2025-01-12 20:25:00,-64.72000000000025,0.015590625457763671,1,EXIT_PROFIT_TARGET_MET
2025-01-12 20:30:00,-64.70039999999972,0.01577305953979516,1,EXIT_PROFIT_TARGET_MET
2025-01-12 20:35:00,-64.71079999999984,0.015676257781982495,1,EXIT_PROFIT_TARGET_MET
2025-01-12 20:40:00,-64.80839999999989,0.014767810516357387,1,EXIT_PROFIT_TARGET_MET
2025-01-12 20:45:00,-64.88659999999982,0.014039935760498022,1,EXIT_PROFIT_TARGET_MET
2025-01-12 20:50:00,-64.85840000000007,0.014302417449951164,1,EXIT_PROFIT_TARGET_MET
2025-01-12 20:55:00,-64.85840000000007,0.014302417449951164,1,EXIT_PROFIT_TARGET_MET
2025-01-12 21:00:00,-64.89800000000014,0.013933826141357512,1,EXIT_PROFIT_TARGET_MET
2025-01-12 21:05:00,-64.95960000000014,0.013360461883545036,1,EXIT_PROFIT_TARGET_MET
2025-01-12 21:10:00,-64.95960000000014,0.013360461883545036,1,EXIT_PROFIT_TARGET_MET
2025-01-12 21:15:00,-65.02019999999993,0.012796405487060812,1,EXIT_PROFIT_TARGET_MET
2025-01-12 21:20:00,-64.97620000000006,0.013205951385498148,1,EXIT_PROFIT_TARGET_MET
2025-01-12 21:25:00,-64.97620000000006,0.013205951385498148,1,EXIT_PROFIT_TARGET_MET
2025-01-12 21:30:00,-64.97620000000006,0.013205951385498148,1,EXIT_PROFIT_TARGET_MET
2025-01-12 21:35:00,-65.01320000000032,0.012861560516357607,1,EXIT_PROFIT_TARGET_MET
2025-01-12 21:40:00,-65.15760000000046,0.011517505340576214,1,EXIT_PROFIT_TARGET_MET
2025-01-12 21:45:00,-65.15760000000046,0.011517505340576214,1,EXIT_PROFIT_TARGET_MET
2025-01-12 21:50:00,-65.06760000000031,0.012355212860107514,1,EXIT_PROFIT_TARGET_MET
2025-01-12 21:55:00,-65.06760000000031,0.012355212860107514,1,EXIT_PROFIT_TARGET_MET
2025-01-12 22:00:00,-65.0604000000003,0.012422229461669897,1,EXIT_PROFIT_TARGET_MET
2025-01-12 22:05:00,-64.98859999999968,0.013090533905029386,1,EXIT_PROFIT_TARGET_MET
2025-01-12 22:10:00,-64.98859999999968,0.0297988821411138,1,EXIT_PROFIT_TARGET_MET
2025-01-12 22:15:00,-65.10099999999966,0.059252174072266184,1,EXIT_PROFIT_TARGET_MET
2025-01-12 22:20:00,-65.22820000000047,0.05039416259765794,1,EXIT_PROFIT_TARGET_MET
2025-01-12 22:25:00,-65.22820000000047,0.2219269177246099,1,EXIT_PROFIT_TARGET_MET
2025-01-12 22:30:00,-65.22820000000047,0.5300269445800736,1,EXIT_PROFIT_TARGET_MET
2025-01-12 22:35:00,-65.22820000000047,0.017614060058595282,1,EXIT_PROFIT_TARGET_MET
2025-01-12 22:40:00,-65.22820000000047,0.1102327148437745,1,EXIT_PROFIT_TARGET_MET
2025-01-12 22:45:00,-65.22820000000047,0.6870765722656624,1,EXIT_PROFIT_TARGET_MET
2025-01-12 22:50:00,-65.22820000000047,2.5049991699219474,1,EXIT_PROFIT_TARGET_MET
2025-01-12 22:55:00,-65.22820000000047,0.8990357812499692,1,EXIT_PROFIT_TARGET_MET
2025-01-12 23:00:00,-65.02019999999993,10.54608558593729,1,EXIT_PROFIT_TARGET_MET
2025-01-12 23:05:00,-64.98739999999998,2.811283046875328,1,EXIT_PROFIT_TARGET_MET
2025-01-12 23:10:00,-65.0586000000003,27.34629140625004,1,EXIT_PROFIT_TARGET_MET
2025-01-12 23:15:00,-65.17259999999987,7.914631562500489,1,EXIT_PROFIT_TARGET_MET
2025-01-12 23:20:00,-65.26860000000033,16.530689687501663,1,EXIT_PROFIT_TARGET_MET
2025-01-12 23:25:00,-65.26860000000033,7.319580937500604,1,EXIT_PROFIT_TARGET_MET
2025-01-12 23:30:00,-65.26860000000033,0.06742562499970006,1,EXIT_PROFIT_TARGET_MET
2025-01-12 23:35:00,-65.13600000000042,102.31855359375086,1,EXIT_PROFIT_TARGET_MET
2025-01-12 23:40:00,-65.13600000000042,86.36406187500013,1,EXIT_PROFIT_TARGET_MET
2025-01-12 23:45:00,-65.32880000000023,72.46209624999868,1,EXIT_PROFIT_TARGET_MET
2025-01-12 23:50:00,-65.39800000000014,36.51512499999973,1,EXIT_PROFIT_TARGET_MET
2025-01-12 23:55:00,-65.41740000000027,14.047115000001156,1,EXIT_PROFIT_TARGET_MET
2025-01-13 00:00:00,-65.36639999999989,47.373064999998974,1,EXIT_PROFIT_TARGET_MET
2025-01-13 00:05:00,-65.52559999999994,6.038230000000169,1,EXIT_PROFIT_TARGET_MET
2025-01-13 00:10:00,-65.53719999999976,4.943253749998462,1,EXIT_PROFIT_TARGET_MET
2025-01-13 00:15:00,-65.6230000000005,0.03632936370849621,1,EXIT_PROFIT_TARGET_MET
2025-01-13 00:20:00,-65.54100000000017,0.005517827148436766,1,EXIT_PROFIT_TARGET_MET
2025-01-13 00:25:00,-65.54100000000017,0.009040761718747847,1,EXIT_PROFIT_TARGET_MET
2025-01-13 00:30:00,-65.54100000000017,0.2079394799804689,1,EXIT_PROFIT_TARGET_MET
2025-01-13 00:35:00,-65.48139999999967,0.008547539062516263,1,EXIT_PROFIT_TARGET_MET
2025-01-13 00:40:00,-65.48139999999967,0.05807779296876703,1,EXIT_PROFIT_TARGET_MET
2025-01-13 00:45:00,-65.35900000000038,0.4906042578124352,1,EXIT_PROFIT_TARGET_MET
2025-01-13 00:50:00,-65.43379999999979,0.5022301562500777,1,EXIT_PROFIT_TARGET_MET
2025-01-13 00:55:00,-65.43379999999979,1.7132353125002204,1,EXIT_PROFIT_TARGET_MET
2025-01-13 01:00:00,-65.36359999999968,0.35661121093754033,1,EXIT_PROFIT_TARGET_MET
2025-01-13 01:05:00,-65.38559999999961,4.259269375000869,1,EXIT_PROFIT_TARGET_MET
2025-01-13 01:10:00,-65.38559999999961,1.9243396874993834,1,EXIT_PROFIT_TARGET_MET
2025-01-13 01:15:00,-65.64840000000004,2.4578174999986686,1,EXIT_PROFIT_TARGET_MET
2025-01-13 01:20:00,-65.80240000000049,19.393136250000367,1,EXIT_PROFIT_TARGET_MET
2025-01-13 01:25:00,-65.82679999999982,19.887006250002088,1,EXIT_PROFIT_TARGET_MET
2025-01-13 01:30:00,-65.72620000000006,1.2053653125007262,1,EXIT_PROFIT_TARGET_MET
2025-01-13 01:35:00,-65.61160000000018,24.162865273437895,1,EXIT_PROFIT_TARGET_MET
2025-01-13 01:40:00,-65.61160000000018,18.222581796877027,1,EXIT_PROFIT_TARGET_MET
2025-01-13 01:45:00,-65.6214,4.637081250001049,1,EXIT_PROFIT_TARGET_MET
2025-01-13 01:50:00,-65.67420000000038,11.657208437501048,1,EXIT_PROFIT_TARGET_MET
2025-01-13 01:55:00,-65.67420000000038,14.458181875000733,1,EXIT_PROFIT_TARGET_MET
2025-01-13 02:00:00,-65.67399999999998,18.959104687501643,1,EXIT_PROFIT_TARGET_MET
2025-01-13 02:05:00,-65.67399999999998,19.10991437499993,1,EXIT_PROFIT_TARGET_MET
2025-01-13 02:10:00,-65.56620000000021,8.40750393554595,1,EXIT_PROFIT_TARGET_MET
2025-01-13 02:15:00,-65.46240000000034,23.45410903320379,1,EXIT_PROFIT_TARGET_MET
2025-01-13 02:20:00,-65.39919999999984,16.660379316406633,1,EXIT_PROFIT_TARGET_MET
2025-01-13 02:25:00,-65.55420000000049,10.215505429687733,1,EXIT_PROFIT_TARGET_MET
2025-01-13 02:30:00,-65.55420000000049,13.658460468750901,1,EXIT_PROFIT_TARGET_MET
2025-01-13 02:35:00,-65.71839999999975,23.728442031251078,1,EXIT_PROFIT_TARGET_MET
2025-01-13 02:40:00,-65.71839999999975,31.99291781250212,1,EXIT_PROFIT_TARGET_MET
2025-01-13 02:45:00,-65.71839999999975,28.828718125001913,1,EXIT_PROFIT_TARGET_MET
2025-01-13 02:50:00,-65.71839999999975,15.066457500000695,1,EXIT_PROFIT_TARGET_MET
2025-01-13 02:55:00,-65.59839999999986,168.0502149999983,1,EXIT_PROFIT_TARGET_MET
2025-01-13 03:00:00,-65.59100000000035,101.50876499999845,1,EXIT_PROFIT_TARGET_MET
2025-01-13 03:05:00,-65.6202000000003,93.98244249999789,1,EXIT_PROFIT_TARGET_MET
2025-01-13 03:10:00,-65.77679999999964,11.285777499999028,1,EXIT_PROFIT_TARGET_MET
2025-01-13 03:15:00,-65.72140000000036,17.462604999999883,1,EXIT_PROFIT_TARGET_MET
2025-01-13 03:20:00,-65.67159999999967,9.180547500001268,1,EXIT_PROFIT_TARGET_MET
2025-01-13 03:25:00,-65.69440000000031,13.76724000000084,1,EXIT_PROFIT_TARGET_MET
2025-01-13 03:30:00,-65.6234000000004,11.149115000001387,1,EXIT_PROFIT_TARGET_MET
2025-01-13 03:35:00,-65.75420000000031,15.972364999999712,1,EXIT_PROFIT_TARGET_MET
2025-01-13 03:40:00,-65.8100000000004,18.02999000000017,1,EXIT_PROFIT_TARGET_MET
2025-01-13 03:45:00,-65.77880000000005,16.879489999999578,1,EXIT_PROFIT_TARGET_MET
2025-01-13 03:50:00,-65.83640000000014,24.235039999999856,1,EXIT_PROFIT_TARGET_MET
2025-01-13 03:55:00,-65.76080000000002,20.970064999999863,1,EXIT_PROFIT_TARGET_MET
2025-01-13 04:00:00,-65.89239999999972,26.6535400000014,1,EXIT_PROFIT_TARGET_MET
2025-01-13 04:05:00,-65.95560000000023,29.382989999999197,1,EXIT_PROFIT_TARGET_MET
2025-01-13 04:10:00,-65.95560000000023,29.382989999999197,1,EXIT_PROFIT_TARGET_MET
2025-01-13 04:15:00,-65.88900000000012,26.506702499999477,1,EXIT_PROFIT_TARGET_MET
2025-01-13 04:20:00,-65.85220000000027,24.917402500000392,1,EXIT_PROFIT_TARGET_MET
2025-01-13 04:25:00,-65.85220000000027,24.917402500000392,1,EXIT_PROFIT_TARGET_MET
2025-01-13 04:30:00,-65.85220000000027,24.917402500000392,1,EXIT_PROFIT_TARGET_MET
2025-01-13 04:35:00,-65.73739999999998,19.95947750000056,1,EXIT_PROFIT_TARGET_MET
2025-01-13 04:40:00,-65.73739999999998,19.95947750000056,1,EXIT_PROFIT_TARGET_MET
2025-01-13 04:45:00,-65.64739999999983,16.072602499998467,1,EXIT_PROFIT_TARGET_MET
2025-01-13 04:50:00,-65.70340000000033,18.491102499999883,1,EXIT_PROFIT_TARGET_MET
2025-01-13 04:55:00,-65.70340000000033,18.491102499999883,1,EXIT_PROFIT_TARGET_MET
2025-01-13 05:00:00,-65.65999999999985,16.616765,1,EXIT_PROFIT_TARGET_MET
2025-01-13 05:05:00,-65.73999999999978,20.071765000001037,1,EXIT_PROFIT_TARGET_MET
2025-01-13 05:10:00,-65.65999999999985,16.616765,1,EXIT_PROFIT_TARGET_MET
2025-01-13 05:15:00,-65.67720000000008,17.359590000000637,1,EXIT_PROFIT_TARGET_MET
2025-01-13 05:20:00,-65.6264000000001,15.165665000000047,1,EXIT_PROFIT_TARGET_MET
2025-01-13 05:25:00,-65.55839999999989,12.22891500000189,1,EXIT_PROFIT_TARGET_MET
2025-01-13 05:30:00,-65.61639999999989,14.733790000000525,1,EXIT_PROFIT_TARGET_MET
2025-01-13 05:35:00,-65.60059999999976,14.05142749999986,1,EXIT_PROFIT_TARGET_MET
2025-01-13 05:40:00,-65.5655999999999,12.539864999999935,1,EXIT_PROFIT_TARGET_MET
2025-01-13 05:45:00,-65.62960000000021,15.303864999999178,1,EXIT_PROFIT_TARGET_MET
2025-01-13 05:50:00,-65.5627999999997,12.418939999999992,1,EXIT_PROFIT_TARGET_MET
2025-01-13 05:55:00,-65.5627999999997,12.418939999999992,1,EXIT_PROFIT_TARGET_MET
2025-01-13 06:00:00,-65.5627999999997,12.418939999999992,1,EXIT_PROFIT_TARGET_MET
2025-01-13 06:05:00,-65.78440000000046,21.98928999999876,1,EXIT_PROFIT_TARGET_MET
2025-01-13 06:10:00,-65.70240000000013,18.4479149999991,1,EXIT_PROFIT_TARGET_MET
2025-01-13 06:15:00,-65.70240000000013,18.4479149999991,1,EXIT_PROFIT_TARGET_MET
2025-01-13 06:20:00,-65.66899999999987,17.005452500000274,1,EXIT_PROFIT_TARGET_MET
2025-01-13 06:25:00,-65.66899999999987,17.005452500000274,1,EXIT_PROFIT_TARGET_MET
2025-01-13 06:30:00,-65.6286,15.260677499998266,1,EXIT_PROFIT_TARGET_MET
2025-01-13 06:35:00,-65.60459999999966,14.224177500000309,1,EXIT_PROFIT_TARGET_MET
2025-01-13 06:40:00,-65.57620000000043,12.997652499999646,1,EXIT_PROFIT_TARGET_MET
2025-01-13 06:45:00,-65.47900000000027,8.799827499999509,1,EXIT_PROFIT_TARGET_MET
2025-01-13 06:50:00,-65.59000000000015,13.593639999998487,1,EXIT_PROFIT_TARGET_MET
2025-01-13 06:55:00,-65.57999999999993,128.7813703125007,1,EXIT_PROFIT_TARGET_MET
2025-01-13 07:00:00,-65.65880000000016,129.22145312500112,1,EXIT_PROFIT_TARGET_MET
2025-01-13 07:05:00,-65.65880000000016,107.80840750000087,1,EXIT_PROFIT_TARGET_MET
2025-01-13 07:10:00,-65.65880000000016,51.425714999999684,1,EXIT_PROFIT_TARGET_MET
2025-01-13 07:15:00,-65.39300000000003,30.2182600000001,1,EXIT_PROFIT_TARGET_MET
2025-01-13 07:20:00,-65.38000000000011,3.9904099999983202,1,EXIT_PROFIT_TARGET_MET
2025-01-13 07:25:00,-65.52779999999984,8.774689999998088,1,EXIT_PROFIT_TARGET_MET
2025-01-13 07:30:00,-65.47299999999996,16.623393750002663,1,EXIT_PROFIT_TARGET_MET
2025-01-13 07:35:00,-65.42240000000038,8.924705000000984,1,EXIT_PROFIT_TARGET_MET
2025-01-13 07:40:00,-65.42240000000038,59.91625374999887,1,EXIT_PROFIT_TARGET_MET
2025-01-13 07:45:00,-65.36520000000019,57.80700375000001,1,EXIT_PROFIT_TARGET_MET
2025-01-13 07:50:00,-65.32579999999962,56.354128750000655,1,EXIT_PROFIT_TARGET_MET
2025-01-13 07:55:00,-65.32579999999962,56.354128750000655,1,EXIT_PROFIT_TARGET_MET
2025-01-13 08:00:00,-65.27919999999995,54.63575375000016,1,EXIT_PROFIT_TARGET_MET
2025-01-13 08:05:00,-65.1194000000005,48.74312874999919,1,EXIT_PROFIT_TARGET_MET
2025-01-13 08:10:00,-64.77620000000024,36.08762875000011,1,EXIT_PROFIT_TARGET_MET
2025-01-13 08:15:00,-64.82679999999982,37.95350375000106,1,EXIT_PROFIT_TARGET_MET
2025-01-13 08:20:00,-64.76659999999993,35.733628750001145,1,EXIT_PROFIT_TARGET_MET
2025-01-13 08:25:00,-64.76659999999993,14.638442499999655,1,EXIT_PROFIT_TARGET_MET
2025-01-13 08:30:00,-64.81700000000001,26.629372499999533,1,EXIT_PROFIT_TARGET_MET
2025-01-13 08:35:00,-64.94080000000031,13.290969999999362,1,EXIT_PROFIT_TARGET_MET
2025-01-13 08:40:00,-64.94080000000031,3.852499999998628,1,EXIT_PROFIT_TARGET_MET
2025-01-13 08:45:00,-64.96979999999985,24.593971250000692,1,EXIT_PROFIT_TARGET_MET
2025-01-13 08:50:00,-64.90940000000046,12.026588749999632,1,EXIT_PROFIT_TARGET_MET
2025-01-13 08:55:00,-64.90940000000046,12.026588749999632,1,EXIT_PROFIT_TARGET_MET
2025-01-13 09:00:00,-64.98639999999978,14.86596374999965,1,EXIT_PROFIT_TARGET_MET
2025-01-13 09:05:00,-64.8738000000003,10.713838749999582,1,EXIT_PROFIT_TARGET_MET
2025-01-13 09:10:00,-64.8738000000003,10.713838749999582,1,EXIT_PROFIT_TARGET_MET
2025-01-13 09:15:00,-64.8739999999998,42.29606624999985,1,EXIT_PROFIT_TARGET_MET
2025-01-13 09:20:00,-64.91499999999996,43.80794125000057,1,EXIT_PROFIT_TARGET_MET
2025-01-13 09:25:00,-65.02019999999993,47.687191249999614,1,EXIT_PROFIT_TARGET_MET
2025-01-13 09:30:00,-65.17780000000039,34.22522874999788,1,EXIT_PROFIT_TARGET_MET
2025-01-13 09:35:00,-65.2503999999999,4.683469999999431,1,EXIT_PROFIT_TARGET_MET
2025-01-13 09:40:00,-65.29860000000008,10.20215249999859,1,EXIT_PROFIT_TARGET_MET
2025-01-13 09:45:00,-65.29860000000008,46.1176099999999,1,EXIT_PROFIT_TARGET_MET
2025-01-13 09:50:00,-65.3130000000001,56.41438749999918,1,EXIT_PROFIT_TARGET_MET
2025-01-13 09:55:00,-65.35599999999977,48.87539750000042,1,EXIT_PROFIT_TARGET_MET
2025-01-13 10:00:00,-65.52800000000025,90.34472374999979,1,EXIT_PROFIT_TARGET_MET
2025-01-13 10:05:00,-65.44760000000042,30.917944999998895,1,EXIT_PROFIT_TARGET_MET
2025-01-13 10:10:00,-65.6214,47.89817499999941,1,EXIT_PROFIT_TARGET_MET
2025-01-13 10:15:00,-65.57300000000032,46.72447499999976,1,EXIT_PROFIT_TARGET_MET
2025-01-13 10:20:00,-65.5018,32.765702499999634,1,EXIT_PROFIT_TARGET_MET
2025-01-13 10:25:00,-66.1810000000005,23.479309999999657,1,EXIT_PROFIT_TARGET_MET
2025-01-13 10:30:00,-66.54320000000007,18.685325000001114,1,EXIT_PROFIT_TARGET_MET
2025-01-13 10:35:00,-66.51100000000042,40.03696499999904,1,EXIT_PROFIT_TARGET_MET
2025-01-13 10:40:00,-66.35919999999987,34.141825000001006,1,EXIT_PROFIT_TARGET_MET
2025-01-13 10:45:00,-66.35320000000047,49.929532499999596,1,EXIT_PROFIT_TARGET_MET
2025-01-13 10:50:00,-66.33380000000034,86.71400500000072,1,EXIT_PROFIT_TARGET_MET
2025-01-13 10:55:00,-66.22320000000036,90.04114000000084,1,EXIT_PROFIT_TARGET_MET
2025-01-13 11:00:00,-65.90620000000035,92.14821500000187,1,EXIT_PROFIT_TARGET_MET
2025-01-13 11:05:00,-65.92680000000018,78.57639500000056,1,EXIT_PROFIT_TARGET_MET
2025-01-13 11:10:00,-66.02360000000044,47.98309749999987,1,EXIT_PROFIT_TARGET_MET
2025-01-13 11:15:00,-65.6844000000001,98.53868250000033,1,EXIT_PROFIT_TARGET_MET
2025-01-13 11:20:00,-66.03539999999975,71.74409750000012,1,EXIT_PROFIT_TARGET_MET
2025-01-13 11:25:00,-66.21320000000014,76.05574750000159,1,EXIT_PROFIT_TARGET_MET
2025-01-13 11:30:00,-66.04060000000027,71.87019749999877,1,EXIT_PROFIT_TARGET_MET
2025-01-13 11:35:00,-65.83100000000013,44.023610000000986,1,EXIT_PROFIT_TARGET_MET
2025-01-13 11:40:00,-65.46600000000035,15.246197500000505,1,EXIT_PROFIT_TARGET_MET
2025-01-13 11:45:00,-65.10599999999977,39.751612500000704,1,EXIT_PROFIT_TARGET_MET
2025-01-13 11:50:00,-65.16619999999966,35.7762275000029,1,EXIT_PROFIT_TARGET_MET
2025-01-13 11:55:00,-65.16619999999966,26.06941000000063,1,EXIT_PROFIT_TARGET_MET
2025-01-13 12:00:00,-65.1931999999997,58.1972149999998,1,EXIT_PROFIT_TARGET_MET
2025-01-13 12:05:00,-65.1282000000001,61.49177000000083,1,EXIT_PROFIT_TARGET_MET
2025-01-13 12:10:00,-65.21180000000004,43.33649500000064,1,EXIT_PROFIT_TARGET_MET
2025-01-13 12:15:00,-65.41300000000047,43.625367500001175,1,EXIT_PROFIT_TARGET_MET
2025-01-13 12:20:00,-65.19539999999961,18.404052500000148,1,EXIT_PROFIT_TARGET_MET
2025-01-13 12:25:00,-65.19539999999961,26.670334999999625,1,EXIT_PROFIT_TARGET_MET
2025-01-13 12:30:00,-65.1894000000002,41.33141249999943,1,EXIT_PROFIT_TARGET_MET
2025-01-13 12:35:00,-64.94940000000042,38.683288749999406,1,EXIT_PROFIT_TARGET_MET
2025-01-13 12:40:00,-64.98739999999998,12.77945749999887,1,EXIT_PROFIT_TARGET_MET
2025-01-13 12:45:00,-64.90319999999974,23.466726249999624,1,EXIT_PROFIT_TARGET_MET
2025-01-13 12:50:00,-64.95259999999962,29.857486250000676,1,EXIT_PROFIT_TARGET_MET
2025-01-13 12:55:00,-65.18019999999979,9.520477500002755,1,EXIT_PROFIT_TARGET_MET
2025-01-13 13:00:00,-65.33899999999994,28.243370000001107,1,EXIT_PROFIT_TARGET_MET
2025-01-13 13:05:00,-65.30000000000018,38.699685000000386,1,EXIT_PROFIT_TARGET_MET
2025-01-13 13:10:00,-65.1931999999997,37.35218500000025,1,EXIT_PROFIT_TARGET_MET
2025-01-13 13:15:00,-65.13479999999981,51.11697499999815,1,EXIT_PROFIT_TARGET_MET
2025-01-13 13:20:00,-64.96879999999965,35.95038249999976,1,EXIT_PROFIT_TARGET_MET
2025-01-13 13:25:00,-64.96879999999965,73.54447750000077,1,EXIT_PROFIT_TARGET_MET
2025-01-13 13:30:00,-64.96879999999965,48.127187499998286,1,EXIT_PROFIT_TARGET_MET
2025-01-13 13:35:00,-65.21820000000025,230.50965750000063,1,EXIT_PROFIT_TARGET_MET
2025-01-13 13:40:00,-65.04579999999987,20.33590750000087,1,EXIT_PROFIT_TARGET_MET
2025-01-13 13:45:00,-64.79899999999998,37.06413749999916,1,EXIT_PROFIT_TARGET_MET
2025-01-13 13:50:00,-64.83680000000004,52.735699999999895,1,EXIT_PROFIT_TARGET_MET
2025-01-13 13:55:00,-64.86620000000039,33.77448750000059,1,EXIT_PROFIT_TARGET_MET
2025-01-13 14:00:00,-64.91439999999966,35.55186250000244,1,EXIT_PROFIT_TARGET_MET
2025-01-13 14:05:00,-65.0,39.13125749999995,1,EXIT_PROFIT_TARGET_MET
2025-01-13 14:10:00,-64.96540000000005,23.524461250000428,1,EXIT_PROFIT_TARGET_MET
2025-01-13 14:15:00,-65.02019999999993,0.07973249999898258,1,EXIT_PROFIT_TARGET_MET
2025-01-13 14:20:00,-64.92699999999968,21.86606125000037,1,EXIT_PROFIT_TARGET_MET
2025-01-13 14:25:00,-65.17799999999988,5.89860750000139,1,EXIT_PROFIT_TARGET_MET
2025-01-13 14:30:00,-65.08860000000004,2.601982499999451,1,EXIT_PROFIT_TARGET_MET
2025-01-13 14:35:00,-64.89239999999972,23.082567500000152,1,EXIT_PROFIT_TARGET_MET
2025-01-13 14:40:00,-64.85779999999977,7.219837500000409,1,EXIT_PROFIT_TARGET_MET
2025-01-13 14:45:00,-64.83659999999963,4.641273749999641,1,EXIT_PROFIT_TARGET_MET
2025-01-13 14:50:00,-64.85120000000006,29.988940000001747,1,EXIT_PROFIT_TARGET_MET
2025-01-13 14:55:00,-64.83600000000024,5.063859999998954,1,EXIT_PROFIT_TARGET_MET
2025-01-13 15:00:00,-64.5622000000003,67.08018375000017,1,EXIT_PROFIT_TARGET_MET
2025-01-13 15:05:00,-64.57060000000001,17.946892499999024,1,EXIT_PROFIT_TARGET_MET
2025-01-13 15:10:00,-64.5572000000002,15.447187500001235,1,EXIT_PROFIT_TARGET_MET
2025-01-13 15:15:00,-64.6217999999999,1.162625000000844,1,EXIT_PROFIT_TARGET_MET
2025-01-13 15:20:00,-64.6261999999997,51.39993750000082,1,EXIT_PROFIT_TARGET_MET
2025-01-13 15:25:00,-64.38060000000041,31.07047000000125,1,EXIT_PROFIT_TARGET_MET
2025-01-13 15:30:00,-64.45960000000014,1.494582500000206,1,EXIT_PROFIT_TARGET_MET
2025-01-13 15:35:00,-64.45780000000013,0.16985000000107675,1,EXIT_PROFIT_TARGET_MET
2025-01-13 15:40:00,-64.5560000000005,64.80763000000042,1,EXIT_PROFIT_TARGET_MET
2025-01-13 15:45:00,-64.29979999999978,65.33998000000031,1,EXIT_PROFIT_TARGET_MET
2025-01-13 15:50:00,-64.57480000000032,21.86711499999899,1,EXIT_PROFIT_TARGET_MET
2025-01-13 15:55:00,-64.52999999999975,23.195047499998907,1,EXIT_PROFIT_TARGET_MET
2025-01-13 16:00:00,-64.38780000000042,49.71370000000002,1,EXIT_PROFIT_TARGET_MET
2025-01-13 16:05:00,-64.60620000000017,74.63174500000139,1,EXIT_PROFIT_TARGET_MET
2025-01-13 16:10:00,-64.63699999999972,78.93126750000124,1,EXIT_PROFIT_TARGET_MET
2025-01-13 16:15:00,-64.63699999999972,54.17038500000109,1,EXIT_PROFIT_TARGET_MET
2025-01-13 16:20:00,-64.63699999999972,5.541620000000933,1,EXIT_PROFIT_TARGET_MET
2025-01-13 16:25:00,-64.4340000000002,17.516867567296686,1,EXIT_PROFIT_TARGET_MET
2025-01-13 16:30:00,-64.3768,19.892054714275105,1,EXIT_PROFIT_TARGET_MET
2025-01-13 16:35:00,-64.1846000000005,21.865107257785237,1,EXIT_PROFIT_TARGET_MET
2025-01-13 16:40:00,-64.1846000000005,-47.068326249999615,1,HOLD
2025-01-13 16:45:00,-63.79060000000027,-98.94019687499969,-1,HOLD
2025-01-13 16:50:00,-63.6864000000005,-156.0106564062462,-1,HOLD
2025-01-13 16:55:00,-63.6864000000005,-58.40153531249928,1,HOLD
2025-01-13 17:00:00,-63.85599999999977,-81.97387374999897,-1,HOLD
2025-01-13 17:05:00,-63.92399999999998,-85.22674874999967,-1,HOLD
2025-01-13 17:10:00,-64.04899999999998,-89.63612374999963,-1,HOLD
2025-01-13 17:15:00,-63.982600000000275,-85.56944875000065,-1,HOLD
2025-01-13 17:20:00,-63.99120000000039,-85.73277375000123,-1,HOLD
2025-01-13 17:25:00,-64.09000000000015,-87.63187375000024,-1,NO_VALID_ACTION_DEFENSIVE_AVG
2025-01-13 17:30:00,-63.95960000000014,-87.16907374999928,-1,NO_VALID_ACTION_DEFENSIVE_AVG
2025-01-13 17:35:00,-64.13640000000032,-56.186456250000134,1,NO_VALID_ACTION_DEFENSIVE_AVG
2025-01-13 17:40:00,-64.13640000000032,-56.750831250000175,1,NO_VALID_ACTION_DEFENSIVE_AVG
2025-01-13 17:45:00,-63.98999999999978,-88.34187374999951,-1,NO_VALID_ACTION_DEFENSIVE_AVG
2025-01-13 17:50:00,-63.98999999999978,-88.89874874999956,-1,NO_VALID_ACTION_DEFENSIVE_AVG
2025-01-13 17:55:00,-63.98999999999978,-88.99624874999955,-1,HOLD
2025-01-13 18:00:00,-63.98999999999978,-90.17562374999954,-1,HOLD
2025-01-13 18:05:00,-63.89099999999962,-84.86262374999976,-1,NO_VALID_ACTION_DEFENSIVE_AVG
2025-01-13 18:10:00,-63.861399999999776,-84.61417374999922,-1,NO_VALID_ACTION_DEFENSIVE_AVG
2025-01-13 18:15:00,-63.819800000000214,-83.45109875000105,-1,NO_VALID_ACTION_DEFENSIVE_AVG
2025-01-13 18:20:00,-63.27779999999984,-244.5458969531221,-1,NO_VALID_ACTION_DEFENSIVE_AVG
2025-01-13 18:25:00,-63.53620000000046,-183.35779843750169,-1,NO_VALID_ACTION_DEFENSIVE_AVG
2025-01-13 18:30:00,-63.48139999999967,-187.11044843750233,-1,NO_VALID_ACTION_DEFENSIVE_AVG
2025-01-13 18:35:00,-63.613000000000284,-154.42988640624804,-1,NO_VALID_ACTION_DEFENSIVE_AVG
2025-01-13 18:40:00,-63.44160000000011,-188.40169218749975,-1,NO_VALID_ACTION_DEFENSIVE_AVG
2025-01-13 18:45:00,-63.47980000000007,-188.91706093750042,-1,NO_VALID_ACTION_DEFENSIVE_AVG
2025-01-13 18:50:00,-63.47980000000007,-188.91706093750042,-1,NO_VALID_ACTION_DEFENSIVE_AVG
2025-01-13 18:55:00,-63.383200000000215,-250.13289671875418,-1,NO_VALID_ACTION_DEFENSIVE_AVG
2025-01-13 19:00:00,-63.32260000000042,-247.8542235156201,-1,NO_VALID_ACTION_DEFENSIVE_AVG
2025-01-13 19:05:00,-63.216599999999744,-294.7619527734345,-1,NO_VALID_ACTION_DEFENSIVE_AVG
2025-01-13 19:10:00,-63.45439999999962,-171.5187921874974,-1,NO_VALID_ACTION_DEFENSIVE_AVG
2025-01-13 19:15:00,-63.39080000000013,-173.19070156250115,-1,NO_VALID_ACTION_DEFENSIVE_AVG
2025-01-13 19:20:00,-63.39080000000013,-178.5316390625012,-1,NO_VALID_ACTION_DEFENSIVE_AVG
2025-01-13 19:25:00,-63.09760000000006,-213.5367060156252,-1,NO_VALID_ACTION_DEFENSIVE_AVG
2025-01-13 19:30:00,-62.89900000000034,-151.65568421875332,-1,NO_VALID_ACTION_DEFENSIVE_AVG
2025-01-13 19:35:00,-63.259399999999914,-239.8385813281193,-1,NO_VALID_ACTION_DEFENSIVE_AVG
2025-01-13 19:40:00,-63.23940000000039,-239.23815164062182,-1,NO_VALID_ACTION_DEFENSIVE_AVG
2025-01-13 19:45:00,-63.21219999999994,-319.764980898437,-1,HOLD
2025-01-13 19:50:00,-63.142399999999725,-317.9676308984401,-1,HOLD
2025-01-13 19:55:00,-63.142399999999725,-317.9676308984401,-1,HOLD
2025-01-13 20:00:00,-62.94980000000032,-68.74187250000028,-1,HOLD
2025-01-13 20:05:00,-63.00420000000031,-70.50642249999981,-1,HOLD
2025-01-13 20:10:00,-63.00420000000031,-70.93892249999982,-1,HOLD
2025-01-13 20:15:00,-62.84479999999985,-53.80996124999882,1,HOLD
2025-01-13 20:20:00,-62.586599999999635,-218.80869117187137,-1,HOLD
2025-01-13 20:25:00,-62.32999999999993,-156.46555859374598,-1,HOLD
2025-01-13 20:30:00,-62.34360000000015,-159.30271171874745,-1,HOLD
2025-01-13 20:35:00,-62.633200000000215,-135.02548062499977,-1,HOLD
2025-01-13 20:40:00,-62.32980000000043,-153.30267421875135,-1,HOLD
2025-01-13 20:45:00,-62.266599999999926,-150.85261796874704,-1,HOLD
2025-01-13 20:50:00,-62.15139999999974,1.911984814451879,1,EXIT_PROFIT_TARGET_MET
2025-01-13 20:55:00,-62.4373999999998,9.669921035158115,1,EXIT_PROFIT_TARGET_MET
2025-01-13 21:00:00,-62.38100000000031,17.66795830078357,1,EXIT_PROFIT_TARGET_MET
2025-01-13 21:05:00,-62.42320000000018,3.4379591601569657,1,EXIT_PROFIT_TARGET_MET
2025-01-13 21:10:00,-62.26839999999993,25.175494921876506,1,EXIT_PROFIT_TARGET_MET
2025-01-13 21:15:00,-62.2511999999997,23.21016781250188,1,EXIT_PROFIT_TARGET_MET
2025-01-13 21:20:00,-62.24459999999999,19.176341093749755,1,EXIT_PROFIT_TARGET_MET
2025-01-13 21:25:00,-62.124399999999696,16.28664906250102,1,EXIT_PROFIT_TARGET_MET
2025-01-13 21:30:00,-61.75960000000032,28.587322500000198,1,EXIT_PROFIT_TARGET_MET
2025-01-13 21:35:00,-61.80720000000019,10.431697499999188,1,EXIT_PROFIT_TARGET_MET
2025-01-13 21:40:00,-61.40899999999965,46.766707500000564,1,EXIT_PROFIT_TARGET_MET
2025-01-13 21:45:00,-61.660799999999654,2.3641375000007088,1,EXIT_PROFIT_TARGET_MET
2025-01-13 21:50:00,-61.551000000000386,119.48548750000077,1,EXIT_PROFIT_TARGET_MET
2025-01-13 21:55:00,-61.28740000000016,136.42182500000024,1,EXIT_PROFIT_TARGET_MET
2025-01-13 22:00:00,-61.25759999999991,111.32273000000015,1,EXIT_PROFIT_TARGET_MET
2025-01-13 22:05:00,-61.48540000000048,140.85000749999875,1,EXIT_PROFIT_TARGET_MET
2025-01-13 22:10:00,-61.538800000000265,92.69782499999945,1,EXIT_PROFIT_TARGET_MET
2025-01-13 22:15:00,-61.34240000000045,105.96423749999985,1,EXIT_PROFIT_TARGET_MET
2025-01-13 22:20:00,-61.374399999999696,105.14023749999893,1,EXIT_PROFIT_TARGET_MET
2025-01-13 22:25:00,-61.374399999999696,63.738775000000885,1,EXIT_PROFIT_TARGET_MET
2025-01-13 22:30:00,-61.12920000000031,70.05267499999826,1,EXIT_PROFIT_TARGET_MET
2025-01-13 22:35:00,-61.059799999999996,71.83972499999999,1,EXIT_PROFIT_TARGET_MET
2025-01-13 22:40:00,-61.16120000000046,69.22867500000041,1,EXIT_PROFIT_TARGET_MET
2025-01-13 22:45:00,-61.16120000000046,69.22867500000041,1,EXIT_PROFIT_TARGET_MET
2025-01-13 22:50:00,-61.326200000000426,64.97992499999992,1,EXIT_PROFIT_TARGET_MET
2025-01-13 22:55:00,-61.23999999999978,67.19957500000015,1,EXIT_PROFIT_TARGET_MET
2025-01-13 23:00:00,-61.17780000000039,68.80122500000033,1,EXIT_PROFIT_TARGET_MET
2025-01-13 23:05:00,-61.413800000000265,62.72422499999948,1,EXIT_PROFIT_TARGET_MET
2025-01-13 23:10:00,-61.49319999999989,60.679675000000884,1,EXIT_PROFIT_TARGET_MET
2025-01-13 23:15:00,-61.73019999999997,54.5769249999982,1,EXIT_PROFIT_TARGET_MET
2025-01-13 23:20:00,-61.70020000000022,55.34942499999852,1,EXIT_PROFIT_TARGET_MET
2025-01-13 23:25:00,-61.70020000000022,55.34942499999852,1,EXIT_PROFIT_TARGET_MET
2025-01-13 23:30:00,-61.499800000000505,60.509724999998696,1,EXIT_PROFIT_TARGET_MET
2025-01-13 23:35:00,-61.525800000000345,59.84022499999958,1,EXIT_PROFIT_TARGET_MET
2025-01-13 23:40:00,-61.39599999999973,63.182574999999815,1,EXIT_PROFIT_TARGET_MET
2025-01-13 23:45:00,-61.36340000000018,64.02202499999959,1,EXIT_PROFIT_TARGET_MET
2025-01-13 23:50:00,-61.31999999999971,65.13957499999913,1,EXIT_PROFIT_TARGET_MET
2025-01-13 23:55:00,-61.31999999999971,65.13957499999913,1,EXIT_PROFIT_TARGET_MET
2025-01-14 00:00:00,-61.02220000000034,72.80792500000075,1,EXIT_PROFIT_TARGET_MET
2025-01-14 00:05:00,-61.14140000000043,69.7385249999993,1,EXIT_PROFIT_TARGET_MET
2025-01-14 00:10:00,-61.07999999999993,71.31957499999862,1,EXIT_PROFIT_TARGET_MET
2025-01-14 00:15:00,-60.985999999999876,73.74007499999874,1,EXIT_PROFIT_TARGET_MET
2025-01-14 00:20:00,-61.03679999999986,72.43197499999872,1,EXIT_PROFIT_TARGET_MET
2025-01-14 00:25:00,-60.97519999999986,74.01817500000004,1,EXIT_PROFIT_TARGET_MET
2025-01-14 00:30:00,-59.44200000000001,113.49807499999883,1,EXIT_PROFIT_TARGET_MET
2025-01-14 00:35:00,-59.87079999999969,102.4564750000003,1,EXIT_PROFIT_TARGET_MET
2025-01-14 00:40:00,-60.171400000000176,94.7160250000008,1,EXIT_PROFIT_TARGET_MET
2025-01-14 00:45:00,-60.60120000000006,83.64867499999991,1,EXIT_PROFIT_TARGET_MET
2025-01-14 00:50:00,-60.693599999999606,81.26937499999946,1,EXIT_PROFIT_TARGET_MET
2025-01-14 00:55:00,-60.71360000000004,80.75437499999856,1,EXIT_PROFIT_TARGET_MET
2025-01-14 01:00:00,-60.783800000000156,78.94672500000007,1,EXIT_PROFIT_TARGET_MET
2025-01-14 01:05:00,-61.1235999999999,70.19687499999964,1,EXIT_PROFIT_TARGET_MET
2025-01-14 01:10:00,-61.10540000000037,70.66552499999835,1,EXIT_PROFIT_TARGET_MET
2025-01-14 01:15:00,-61.29460000000017,65.79362500000093,1,EXIT_PROFIT_TARGET_MET
2025-01-14 01:20:00,-61.51580000000013,60.097724999999514,1,EXIT_PROFIT_TARGET_MET
2025-01-14 01:25:00,-61.34360000000015,64.53187499999797,1,EXIT_PROFIT_TARGET_MET
2025-01-14 01:30:00,-61.41740000000027,62.63152500000126,1,EXIT_PROFIT_TARGET_MET
2025-01-14 01:35:00,-61.23980000000029,67.20472499999909,1,EXIT_PROFIT_TARGET_MET
2025-01-14 01:40:00,-61.3732,63.76967499999756,1,EXIT_PROFIT_TARGET_MET
2025-01-14 01:45:00,-61.3732,63.76967499999756,1,EXIT_PROFIT_TARGET_MET
2025-01-14 01:50:00,-61.11660000000029,70.3771250000002,1,EXIT_PROFIT_TARGET_MET
2025-01-14 01:55:00,-61.11660000000029,70.3771250000002,1,EXIT_PROFIT_TARGET_MET
2025-01-14 02:00:00,-61.34900000000016,64.39282500000064,1,EXIT_PROFIT_TARGET_MET
2025-01-14 02:05:00,-61.34900000000016,64.39282500000064,1,EXIT_PROFIT_TARGET_MET
2025-01-14 02:10:00,-60.85580000000027,77.09272499999838,1,EXIT_PROFIT_TARGET_MET
2025-01-14 02:15:00,-60.78560000000016,78.90037499999943,1,EXIT_PROFIT_TARGET_MET
2025-01-14 02:20:00,-61.00560000000041,73.23537499999776,1,EXIT_PROFIT_TARGET_MET
2025-01-14 02:25:00,-61.00560000000041,73.23537499999776,1,EXIT_PROFIT_TARGET_MET
2025-01-14 02:30:00,-60.7482,79.8634249999987,1,EXIT_PROFIT_TARGET_MET
2025-01-14 02:35:00,-60.568599999999606,84.48812499999968,1,EXIT_PROFIT_TARGET_MET
2025-01-14 02:40:00,-60.568599999999606,84.48812499999968,1,EXIT_PROFIT_TARGET_MET
2025-01-14 02:45:00,-60.84019999999964,77.4944250000002,1,EXIT_PROFIT_TARGET_MET
2025-01-14 02:50:00,-60.380199999999604,89.33942499999932,1,EXIT_PROFIT_TARGET_MET
2025-01-14 02:55:00,-60.36440000000039,89.74627499999906,1,EXIT_PROFIT_TARGET_MET
2025-01-14 03:00:00,-60.36440000000039,89.74627499999906,1,EXIT_PROFIT_TARGET_MET
2025-01-14 03:05:00,-60.42000000000007,88.31457499999954,1,EXIT_PROFIT_TARGET_MET
2025-01-14 03:10:00,-60.57920000000013,84.21517499999936,1,EXIT_PROFIT_TARGET_MET
2025-01-14 03:15:00,-60.54460000000017,85.10612499999922,1,EXIT_PROFIT_TARGET_MET
2025-01-14 03:20:00,-60.54460000000017,85.10612499999922,1,EXIT_PROFIT_TARGET_MET
2025-01-14 03:25:00,-60.56880000000001,84.48297499999768,1,EXIT_PROFIT_TARGET_MET
2025-01-14 03:30:00,-60.55619999999999,84.80742499999809,1,EXIT_PROFIT_TARGET_MET
2025-01-14 03:35:00,-60.42699999999968,88.13432499999846,1,EXIT_PROFIT_TARGET_MET
2025-01-14 03:40:00,-60.306800000000294,91.22947499999918,1,EXIT_PROFIT_TARGET_MET
2025-01-14 03:45:00,-60.417599999999766,88.37637499999903,1,EXIT_PROFIT_TARGET_MET
2025-01-14 03:50:00,-60.15819999999985,95.05592500000006,1,EXIT_PROFIT_TARGET_MET
2025-01-14 03:55:00,-60.35360000000037,90.02437499999883,1,EXIT_PROFIT_TARGET_MET
2025-01-14 04:00:00,-60.50600000000031,86.10007499999875,1,EXIT_PROFIT_TARGET_MET
2025-01-14 04:05:00,-60.5600000000004,84.70957499999992,1,EXIT_PROFIT_TARGET_MET
2025-01-14 04:10:00,-60.375600000000304,89.45787500000142,1,EXIT_PROFIT_TARGET_MET
2025-01-14 04:15:00,-60.206600000000435,93.809624999998,1,EXIT_PROFIT_TARGET_MET
2025-01-14 04:20:00,-60.000200000000405,99.12442500000049,1,EXIT_PROFIT_TARGET_MET
2025-01-14 04:25:00,-60.0,99.12957499999942,1,EXIT_PROFIT_TARGET_MET
2025-01-14 04:30:00,-60.000200000000405,99.12442500000049,1,EXIT_PROFIT_TARGET_MET
2025-01-14 04:35:00,-60.294200000000274,91.55392499999806,1,EXIT_PROFIT_TARGET_MET
2025-01-14 04:40:00,-60.375,89.47332499999874,1,EXIT_PROFIT_TARGET_MET
2025-01-14 04:45:00,-60.375,89.47332499999874,1,EXIT_PROFIT_TARGET_MET
2025-01-14 04:50:00,-60.26000000000022,92.434574999998,1,EXIT_PROFIT_TARGET_MET
2025-01-14 04:55:00,-60.19920000000002,94.00017499999899,1,EXIT_PROFIT_TARGET_MET
2025-01-14 05:00:00,-60.23739999999998,93.01652500000091,1,EXIT_PROFIT_TARGET_MET
2025-01-14 05:05:00,-60.39500000000044,88.95832500000091,1,EXIT_PROFIT_TARGET_MET
2025-01-14 05:10:00,-60.47640000000047,86.86227499999967,1,EXIT_PROFIT_TARGET_MET
2025-01-14 05:15:00,-60.11480000000029,96.1734749999996,1,EXIT_PROFIT_TARGET_MET
2025-01-14 05:20:00,-60.38100000000031,89.31882499999898,1,EXIT_PROFIT_TARGET_MET
2025-01-14 05:25:00,-60.294200000000274,91.55392499999806,1,EXIT_PROFIT_TARGET_MET
2025-01-14 05:30:00,-60.45820000000003,87.33092499999788,1,EXIT_PROFIT_TARGET_MET
2025-01-14 05:35:00,-60.29740000000038,91.47152499999771,1,EXIT_PROFIT_TARGET_MET
2025-01-14 05:40:00,-60.65899999999965,82.16032500000085,1,EXIT_PROFIT_TARGET_MET
2025-01-14 05:45:00,-60.74719999999979,79.88917499999951,1,EXIT_PROFIT_TARGET_MET
2025-01-14 05:50:00,-60.402000000000044,88.77807500000034,1,EXIT_PROFIT_TARGET_MET
2025-01-14 05:55:00,-60.513600000000224,85.90437499999882,1,EXIT_PROFIT_TARGET_MET
2025-01-14 06:00:00,-60.552999999999884,84.88982499999946,1,EXIT_PROFIT_TARGET_MET
2025-01-14 06:05:00,-60.552999999999884,84.88982499999946,1,EXIT_PROFIT_TARGET_MET
2025-01-14 06:10:00,-60.845000000000255,77.37082499999815,1,EXIT_PROFIT_TARGET_MET
2025-01-14 06:15:00,-60.69200000000001,81.31057499999963,1,EXIT_PROFIT_TARGET_MET
2025-01-14 06:20:00,-60.69200000000001,81.31057499999963,1,EXIT_PROFIT_TARGET_MET
2025-01-14 06:25:00,-60.8108000000002,78.25147499999963,1,EXIT_PROFIT_TARGET_MET
2025-01-14 06:30:00,-60.92200000000048,75.38807499999956,1,EXIT_PROFIT_TARGET_MET
2025-01-14 06:35:00,-61.03679999999986,72.43197499999872,1,EXIT_PROFIT_TARGET_MET
2025-01-14 06:40:00,-61.198199999999815,68.27592499999952,1,EXIT_PROFIT_TARGET_MET
2025-01-14 06:45:00,-61.48840000000018,60.80327499999936,1,EXIT_PROFIT_TARGET_MET
2025-01-14 06:50:00,-62.09280000000035,45.239974999999504,1,EXIT_PROFIT_TARGET_MET
2025-01-14 06:55:00,-61.97980000000007,48.14972500000022,1,EXIT_PROFIT_TARGET_MET
2025-01-14 07:00:00,-61.77400000000034,53.449074999999766,1,EXIT_PROFIT_TARGET_MET
2025-01-14 07:05:00,-62.293400000000474,40.07452500000039,1,EXIT_PROFIT_TARGET_MET
2025-01-14 07:10:00,-62.11400000000049,44.69407499999886,1,EXIT_PROFIT_TARGET_MET
2025-01-14 07:15:00,-62.11359999999968,44.70437500000082,1,EXIT_PROFIT_TARGET_MET
2025-01-14 07:20:00,-62.266599999999926,40.76462499999934,1,EXIT_PROFIT_TARGET_MET
2025-01-14 07:25:00,-62.2484000000004,41.23327499999857,1,EXIT_PROFIT_TARGET_MET
2025-01-14 07:30:00,-61.97320000000036,48.319674999999336,1,EXIT_PROFIT_TARGET_MET
2025-01-14 07:35:00,-62.02300000000014,47.0373249999991,1,EXIT_PROFIT_TARGET_MET
2025-01-14 07:40:00,-62.19300000000021,42.659824999997625,1,EXIT_PROFIT_TARGET_MET
2025-01-14 07:45:00,-62.27319999999963,40.594675000000734,1,EXIT_PROFIT_TARGET_MET
2025-01-14 07:50:00,-62.26000000000022,40.93457499999897,1,EXIT_PROFIT_TARGET_MET
2025-01-14 07:55:00,-62.26000000000022,40.93457499999897,1,EXIT_PROFIT_TARGET_MET
2025-01-14 08:00:00,-62.32980000000043,39.137224999999376,1,EXIT_PROFIT_TARGET_MET
2025-01-14 08:05:00,-62.3732,38.01967499999881,1,EXIT_PROFIT_TARGET_MET
2025-01-14 08:10:00,-62.57139999999981,32.91602500000124,1,EXIT_PROFIT_TARGET_MET
2025-01-14 08:15:00,-62.51959999999963,34.24987500000003,1,EXIT_PROFIT_TARGET_MET
2025-01-14 08:20:00,-62.77300000000014,27.724825000000806,1,EXIT_PROFIT_TARGET_MET
2025-01-14 08:25:00,-62.79320000000007,27.20467499999893,1,EXIT_PROFIT_TARGET_MET
2025-01-14 08:30:00,-62.578599999999824,32.730624999998156,1,EXIT_PROFIT_TARGET_MET
2025-01-14 08:35:00,-62.539999999999964,33.72457499999922,1,EXIT_PROFIT_TARGET_MET
2025-01-14 08:40:00,-62.538800000000265,33.75547499999897,1,EXIT_PROFIT_TARGET_MET
2025-01-14 08:45:00,-62.5630000000001,33.13232500000049,1,EXIT_PROFIT_TARGET_MET
2025-01-14 08:50:00,-62.5630000000001,33.13232500000049,1,EXIT_PROFIT_TARGET_MET
2025-01-14 08:55:00,-62.58320000000003,32.612174999998615,1,EXIT_PROFIT_TARGET_MET
2025-01-14 09:00:00,-62.591199999999844,32.406175000000815,1,EXIT_PROFIT_TARGET_MET
2025-01-14 09:05:00,-62.591199999999844,32.406175000000815,1,EXIT_PROFIT_TARGET_MET
2025-01-14 09:10:00,-62.62960000000021,31.41737500000022,1,EXIT_PROFIT_TARGET_MET
2025-01-14 09:15:00,-62.69220000000041,16.555457499999818,1,EXIT_PROFIT_TARGET_MET
2025-01-14 09:20:00,-62.831199999999626,8.533087500000647,1,EXIT_PROFIT_TARGET_MET
2025-01-14 09:25:00,-62.6866,3.4063650000011307,1,EXIT_PROFIT_TARGET_MET
2025-01-14 09:30:00,-62.6866,2.960103749999007,1,EXIT_PROFIT_TARGET_MET
2025-01-14 09:35:00,-62.66319999999996,1.2107074999981364,1,EXIT_PROFIT_TARGET_MET
2025-01-14 09:40:00,-62.66319999999996,24.90390874999835,1,EXIT_PROFIT_TARGET_MET
2025-01-14 09:45:00,-62.65179999999964,7.993662499998578,1,EXIT_PROFIT_TARGET_MET
2025-01-14 09:50:00,-62.62880000000041,16.361571249997695,1,EXIT_PROFIT_TARGET_MET
2025-01-14 09:55:00,-62.62880000000041,31.371238749999293,1,EXIT_PROFIT_TARGET_MET
2025-01-14 10:00:00,-62.70480000000043,16.949817499999284,1,EXIT_PROFIT_TARGET_MET
2025-01-14 10:05:00,-62.70480000000043,30.385639999997608,1,EXIT_PROFIT_TARGET_MET
2025-01-14 10:10:00,-62.70480000000043,18.82591749999881,1,EXIT_PROFIT_TARGET_MET
2025-01-14 10:15:00,-62.623999999999796,30.6698724999992,1,EXIT_PROFIT_TARGET_MET
2025-01-14 10:20:00,-62.84299999999985,5.407397500000542,1,EXIT_PROFIT_TARGET_MET
2025-01-14 10:25:00,-62.759399999999914,0.004039047546386478,1,EXIT_PROFIT_TARGET_MET
2025-01-14 10:30:00,-62.57719999999972,0.004486152954101409,1,EXIT_PROFIT_TARGET_MET
2025-01-14 10:35:00,-62.6224000000002,-6.067065809475075e-08,1,HOLD
2025-01-14 10:40:00,-62.667599999999766,1.78736122325068e-08,1,EXIT_PROFIT_TARGET_MET
2025-01-14 10:45:00,-62.60980000000018,0.019397590332031783,1,EXIT_PROFIT_TARGET_MET
2025-01-14 10:50:00,-62.71600000000035,-101.06224749999987,-1,NO_VALID_ACTION_DEFENSIVE_AVG
2025-01-14 10:55:00,-62.6850000000004,-86.39599249999924,-1,NO_VALID_ACTION_DEFENSIVE_AVG
2025-01-14 11:00:00,-62.83820000000014,-76.80365000000029,-1,NO_VALID_ACTION_DEFENSIVE_AVG
2025-01-14 11:05:00,-63.11539999999968,-65.48981999999978,-1,NO_VALID_ACTION_DEFENSIVE_AVG
2025-01-14 11:10:00,-63.15319999999974,-64.83566999999971,-1,NO_VALID_ACTION_DEFENSIVE_AVG
2025-01-14 11:15:00,-63.15319999999974,-64.0956699999997,-1,NO_VALID_ACTION_DEFENSIVE_AVG
2025-01-14 11:20:00,-63.15319999999974,-64.0956699999997,-1,NO_VALID_ACTION_DEFENSIVE_AVG
2025-01-14 11:25:00,-63.07179999999971,-66.06961999999976,-1,NO_VALID_ACTION_DEFENSIVE_AVG
2025-01-14 11:30:00,-63.02059999999983,-71.42544999999973,-1,NO_VALID_ACTION_DEFENSIVE_AVG
2025-01-14 11:35:00,-62.81999999999971,-76.28999999999974,-1,NO_VALID_ACTION_DEFENSIVE_AVG
2025-01-14 11:40:00,-62.80699999999979,-76.60524999999984,-1,NO_VALID_ACTION_DEFENSIVE_AVG
2025-01-14 11:45:00,-62.78279999999995,-77.19209999999998,-1,NO_VALID_ACTION_DEFENSIVE_AVG
2025-01-14 11:50:00,-62.79200000000037,-78.02900000000022,-1,NO_VALID_ACTION_DEFENSIVE_AVG
2025-01-14 11:55:00,-62.76640000000043,-78.64980000000014,-1,NO_VALID_ACTION_DEFENSIVE_AVG
2025-01-14 12:00:00,-62.884399999999914,-81.02829999999994,-1,NO_VALID_ACTION_DEFENSIVE_AVG
2025-01-14 12:05:00,-62.710399999999936,-80.67779999999993,-1,NO_VALID_ACTION_DEFENSIVE_AVG
2025-01-14 12:10:00,-62.9409999999998,-79.63574999999969,-1,NO_VALID_ACTION_DEFENSIVE_AVG
2025-01-14 12:15:00,-63.134399999999914,-85.30960999999945,-1,NO_VALID_ACTION_DEFENSIVE_AVG
2025-01-14 12:20:00,-63.30000000000018,-3.498337959172115e-08,1,NO_ACTION_FORCED_CUT_NO_TREND
2025-01-14 12:25:00,-63.26180000000022,0.02934663208007761,1,EXIT_PROFIT_TARGET_MET
2025-01-14 12:30:00,-63.19560000000001,-85.33362999999952,-1,NO_VALID_ACTION_DEFENSIVE_AVG
2025-01-14 12:35:00,-63.27059999999983,0.02968172973632914,1,EXIT_PROFIT_TARGET_MET
2025-01-14 12:40:00,-63.1876000000002,-79.84397000000035,-1,NO_VALID_ACTION_DEFENSIVE_AVG
2025-01-14 12:45:00,-63.094600000000355,13.233253906249459,1,EXIT_PROFIT_TARGET_MET
2025-01-14 12:50:00,-63.07639999999992,14.124200781251236,1,EXIT_PROFIT_TARGET_MET
2025-01-14 12:55:00,-63.15779999999995,10.1394164062513,1,EXIT_PROFIT_TARGET_MET
2025-01-14 13:00:00,-63.1230000000005,11.84298515625025,1,EXIT_PROFIT_TARGET_MET
2025-01-14 13:05:00,-63.125600000000304,11.715707031249604,1,EXIT_PROFIT_TARGET_MET
2025-01-14 13:10:00,-63.35999999999967,0.2410945312517505,1,EXIT_PROFIT_TARGET_MET
2025-01-14 13:15:00,-63.30199999999968,3.0803757812516217,1,EXIT_PROFIT_TARGET_MET
2025-01-14 13:20:00,-63.448199999999815,4.104296015622953,1,EXIT_PROFIT_TARGET_MET
2025-01-14 13:25:00,-63.41219999999976,5.894452265626537,1,EXIT_PROFIT_TARGET_MET
2025-01-14 13:30:00,-63.35540000000037,0.4662789062508459,1,EXIT_PROFIT_TARGET_MET
2025-01-14 13:35:00,-63.35540000000037,8.580675624999753,1,EXIT_PROFIT_TARGET_MET
2025-01-14 13:40:00,-63.35540000000037,6.981357500000158,1,EXIT_PROFIT_TARGET_MET
2025-01-14 13:45:00,-63.35540000000037,1.402222499998274,1,EXIT_PROFIT_TARGET_MET
2025-01-14 13:50:00,-63.285799999999654,1.3847762499998169,1,EXIT_PROFIT_TARGET_MET
2025-01-14 13:55:00,-63.285799999999654,3.719881249999645,1,EXIT_PROFIT_TARGET_MET
2025-01-14 14:00:00,-63.24240000000009,30.901466250000936,1,EXIT_PROFIT_TARGET_MET
2025-01-14 14:05:00,-63.276200000000244,6.2345633506772e-05,1,EXIT_PROFIT_TARGET_MET
2025-01-14 14:10:00,-63.302599999999984,2.736321926116817e-05,1,EXIT_PROFIT_TARGET_MET
2025-01-14 14:15:00,-63.44499999999971,1.0647749900852645e-06,1,EXIT_PROFIT_TARGET_MET
2025-01-14 14:20:00,-63.28679999999986,4.141323804855192e-05,1,EXIT_PROFIT_TARGET_MET
2025-01-14 14:25:00,-63.28679999999986,2.4105567932131296e-05,1,EXIT_PROFIT_TARGET_MET
2025-01-14 14:30:00,-63.220000000000255,5.94667077064485e-05,1,EXIT_PROFIT_TARGET_MET
2025-01-14 14:35:00,-63.39959999999974,1.962065696717167e-05,1,EXIT_PROFIT_TARGET_MET
2025-01-14 14:40:00,-63.42119999999977,3.868958691406345,1,EXIT_PROFIT_TARGET_MET
2025-01-14 14:45:00,-63.42119999999977,3.937029765625809,1,EXIT_PROFIT_TARGET_MET
2025-01-14 14:50:00,-63.34760000000006,5.923033895669509e-08,1,EXIT_PROFIT_TARGET_MET
2025-01-14 14:55:00,-63.5,0.00017887245178221413,1,EXIT_PROFIT_TARGET_MET
2025-01-14 15:00:00,-63.44200000000001,0.02320523559570284,1,EXIT_PROFIT_TARGET_MET
2025-01-14 15:05:00,-63.57759999999962,0.0010033880710601515,1,EXIT_PROFIT_TARGET_MET
2025-01-14 15:10:00,-63.61880000000019,0.0020983790206908475,1,EXIT_PROFIT_TARGET_MET
2025-01-14 15:15:00,-63.52139999999963,0.0013731137847900234,1,EXIT_PROFIT_TARGET_MET
2025-01-14 15:20:00,-63.421400000000176,9.602958679196145e-05,1,EXIT_PROFIT_TARGET_MET
2025-01-14 15:25:00,-63.414999999999964,0.0250060095214851,1,EXIT_PROFIT_TARGET_MET
2025-01-14 15:30:00,-63.3775999999998,8.886301162419799e-08,1,EXIT_PROFIT_TARGET_MET
2025-01-14 15:35:00,-63.32120000000032,9.416777960723238e-08,1,EXIT_PROFIT_TARGET_MET
2025-01-14 15:40:00,-63.32120000000032,4.4348597002682014e-08,1,EXIT_PROFIT_TARGET_MET
2025-01-14 15:45:00,-63.32120000000032,4.429279564646876e-08,1,EXIT_PROFIT_TARGET_MET
2025-01-14 15:50:00,-63.27779999999984,0.001109055862426843,1,EXIT_PROFIT_TARGET_MET
2025-01-14 15:55:00,-63.2470000000003,0.014911719970702744,1,EXIT_PROFIT_TARGET_MET
2025-01-14 16:00:00,-63.19999999999982,1.6901166796875122,1,EXIT_PROFIT_TARGET_MET
2025-01-14 16:05:00,-63.40819999999985,0.15842111328126185,1,EXIT_PROFIT_TARGET_MET
2025-01-14 16:10:00,-63.4328000000005,0.15260869140624322,1,EXIT_PROFIT_TARGET_MET
2025-01-14 16:15:00,-63.44539999999961,0.06338542968750716,1,EXIT_PROFIT_TARGET_MET
2025-01-14 16:20:00,-63.44040000000041,1.1946252734374472,1,EXIT_PROFIT_TARGET_MET
2025-01-14 16:25:00,-63.573599999999715,0.9095916796874688,1,EXIT_PROFIT_TARGET_MET
2025-01-14 16:30:00,-63.49039999999968,0.557839609375101,1,EXIT_PROFIT_TARGET_MET
2025-01-14 16:35:00,-63.61340000000018,0.8827520312500319,1,EXIT_PROFIT_TARGET_MET
2025-01-14 16:40:00,-63.690200000000004,7.936497343750407,1,EXIT_PROFIT_TARGET_MET
2025-01-14 16:45:00,-63.690200000000004,14.938352500000441,1,EXIT_PROFIT_TARGET_MET
2025-01-14 16:50:00,-63.569000000000415,15.115633750000683,1,EXIT_PROFIT_TARGET_MET
2025-01-14 16:55:00,-63.569000000000415,-172.10303000000124,-1,HOLD
2025-01-14 17:00:00,-63.7478000000001,14.351279999999917,1,EXIT_PROFIT_TARGET_MET
2025-01-14 17:05:00,-63.68000000000029,1.6025825000009775,1,EXIT_PROFIT_TARGET_MET
2025-01-14 17:10:00,-63.68000000000029,14.209056328124422,1,EXIT_PROFIT_TARGET_MET
2025-01-14 17:15:00,-63.68000000000029,13.703289296874587,1,EXIT_PROFIT_TARGET_MET
2025-01-14 17:20:00,-63.68000000000029,13.703289296874587,1,EXIT_PROFIT_TARGET_MET
2025-01-14 17:25:00,-63.68000000000029,13.703289296874587,1,EXIT_PROFIT_TARGET_MET
2025-01-14 17:30:00,-63.66619999999966,14.389515859373414,1,EXIT_PROFIT_TARGET_MET
2025-01-14 17:35:00,-63.542999999999665,0.9509934374999958,1,EXIT_PROFIT_TARGET_MET
2025-01-14 17:40:00,-63.542999999999665,0.9509934374999958,1,EXIT_PROFIT_TARGET_MET
2025-01-14 17:45:00,-63.542999999999665,0.9509934374999958,1,EXIT_PROFIT_TARGET_MET
2025-01-14 17:50:00,-63.542999999999665,0.9509934374999958,1,EXIT_PROFIT_TARGET_MET
2025-01-14 17:55:00,-63.46600000000035,4.60127468750008,1,EXIT_PROFIT_TARGET_MET
2025-01-14 18:00:00,-63.46600000000035,4.60127468750008,1,EXIT_PROFIT_TARGET_MET
2025-01-14 18:05:00,-63.629399999999805,16.21945335937542,1,EXIT_PROFIT_TARGET_MET
2025-01-14 18:10:00,-63.720800000000054,11.674445546874223,1,EXIT_PROFIT_TARGET_MET
2025-01-14 18:15:00,-63.79460000000017,8.004625234375599,1,EXIT_PROFIT_TARGET_MET
2025-01-14 18:20:00,-63.79460000000017,8.004625234375599,1,EXIT_PROFIT_TARGET_MET
2025-01-14 18:25:00,-63.53620000000046,6.00932468749771,1,EXIT_PROFIT_TARGET_MET
2025-01-14 18:30:00,-63.560999999999694,11.603709062501508,1,EXIT_PROFIT_TARGET_MET
2025-01-14 18:35:00,-63.54600000000028,5.170703125000664,1,EXIT_PROFIT_TARGET_MET
2025-01-14 18:40:00,-63.54600000000028,2.3833474999998714,1,EXIT_PROFIT_TARGET_MET
2025-01-14 18:45:00,-63.70399999999972,3.8756026769987355e-08,1,EXIT_PROFIT_TARGET_MET
2025-01-14 18:50:00,-63.73120000000017,3.3572141546752475e-09,1,EXIT_PROFIT_TARGET_MET
2025-01-14 18:55:00,-63.73120000000017,3.3572141546752475e-09,1,EXIT_PROFIT_TARGET_MET
2025-01-14 19:00:00,-63.73120000000017,3.3572141546752475e-09,1,EXIT_PROFIT_TARGET_MET
2025-01-14 19:05:00,-63.65139999999974,7.770182855892536e-09,1,EXIT_PROFIT_TARGET_MET
2025-01-14 19:10:00,-63.90139999999974,1.056466775480686e-08,1,EXIT_PROFIT_TARGET_MET
2025-01-14 19:15:00,-64.0663999999997,0.001540480666159968,1,EXIT_PROFIT_TARGET_MET
2025-01-14 19:20:00,-64.44520000000011,1.2180020567028393e-08,1,EXIT_PROFIT_TARGET_MET
2025-01-14 19:25:00,-64.70979999999963,2.4271425000004,1,EXIT_PROFIT_TARGET_MET
2025-01-14 19:30:00,-64.85500000000047,11.17771750000071,1,EXIT_PROFIT_TARGET_MET
2025-01-14 19:35:00,-64.97239999999965,10.119157499999403,1,EXIT_PROFIT_TARGET_MET
2025-01-14 19:40:00,-64.9926000000005,0.020085425863269394,1,EXIT_PROFIT_TARGET_MET
2025-01-14 19:45:00,-64.9926000000005,0.01984985902786249,1,EXIT_PROFIT_TARGET_MET
2025-01-14 19:50:00,-65.04719999999998,0.11686185806274314,1,EXIT_PROFIT_TARGET_MET
2025-01-14 19:55:00,-65.04719999999998,0.019061578598023626,1,EXIT_PROFIT_TARGET_MET
2025-01-14 20:00:00,-64.8119999999999,0.08809690498351938,1,EXIT_PROFIT_TARGET_MET
2025-01-14 20:05:00,-64.79979999999978,0.13596476593017343,1,EXIT_PROFIT_TARGET_MET
2025-01-14 20:10:00,-64.79740000000038,0.12068108917236758,1,EXIT_PROFIT_TARGET_MET
2025-01-14 20:15:00,-64.51280000000042,0.09107226440429492,1,EXIT_PROFIT_TARGET_MET
2025-01-14 20:20:00,-64.77480000000014,0.07123761718791144,1,EXIT_PROFIT_TARGET_MET
2025-01-14 20:25:00,-64.77480000000014,0.7034741406230207,1,EXIT_PROFIT_TARGET_MET
2025-01-14 20:30:00,-64.77480000000014,0.04069958496093373,1,EXIT_PROFIT_TARGET_MET
2025-01-14 20:35:00,-64.77480000000014,0.038458403320314694,1,EXIT_PROFIT_TARGET_MET
2025-01-14 20:40:00,-64.77480000000014,0.030702270507811047,1,EXIT_PROFIT_TARGET_MET
2025-01-14 20:45:00,-64.77480000000014,0.030702270507811047,1,EXIT_PROFIT_TARGET_MET
2025-01-14 20:50:00,-64.77480000000014,0.030702270507811047,1,EXIT_PROFIT_TARGET_MET
2025-01-14 20:55:00,-64.70120000000043,0.020100708007811163,1,EXIT_PROFIT_TARGET_MET
2025-01-14 21:00:00,-64.70120000000043,0.020100708007811163,1,EXIT_PROFIT_TARGET_MET
2025-01-14 21:05:00,-64.73180000000048,0.024508422851569844,1,EXIT_PROFIT_TARGET_MET
2025-01-14 21:10:00,-64.73180000000048,0.024508422851569844,1,EXIT_PROFIT_TARGET_MET
2025-01-14 21:15:00,-64.73180000000048,0.024508422851569844,1,EXIT_PROFIT_TARGET_MET
2025-01-14 21:20:00,-64.58640000000014,0.003564575195318942,1,EXIT_PROFIT_TARGET_MET
2025-01-14 21:25:00,-64.58640000000014,0.003564575195318942,1,EXIT_PROFIT_TARGET_MET
2025-01-14 21:30:00,-64.38079999999991,0.0013673851013186154,1,EXIT_PROFIT_TARGET_MET
2025-01-14 21:35:00,-64.46600000000035,0.000748484802245715,1,EXIT_PROFIT_TARGET_MET
2025-01-14 21:40:00,-64.30659999999989,0.004529036521911655,1,EXIT_PROFIT_TARGET_MET
2025-01-14 21:45:00,-64.32800000000043,0.00017258529663067082,1,EXIT_PROFIT_TARGET_MET
2025-01-14 21:50:00,-64.32899999999972,0.0001952140808100765,1,EXIT_PROFIT_TARGET_MET
2025-01-14 21:55:00,-64.32899999999972,0.0001952140808100765,1,EXIT_PROFIT_TARGET_MET
2025-01-14 22:00:00,-64.28579999999965,0.004034316062927081,1,EXIT_PROFIT_TARGET_MET
2025-01-14 22:05:00,-64.19400000000041,0.0018508863449104088,1,EXIT_PROFIT_TARGET_MET
2025-01-14 22:10:00,-64.125,0.00020974636077851667,1,EXIT_PROFIT_TARGET_MET
2025-01-14 22:15:00,-64.04439999999977,0.000510229972656806,1,EXIT_PROFIT_TARGET_MET
2025-01-14 22:20:00,-63.660799999999654,-819.1669888281299,-1,HOLD
2025-01-14 22:25:00,-63.73239999999987,-1201.2689648046903,-1,HOLD
2025-01-14 22:30:00,-63.77319999999963,-2542.703193916007,-1,HOLD
2025-01-14 22:35:00,-63.841199999999844,-1042.9013039843821,-1,HOLD
2025-01-14 22:40:00,-63.841199999999844,-1091.1690774218832,-1,HOLD
2025-01-14 22:45:00,-63.841199999999844,-1095.0561282031322,-1,HOLD
2025-01-14 22:50:00,-63.841199999999844,-1073.1434133593839,-1,HOLD
2025-01-14 22:55:00,-63.754399999999805,-2635.8075900097792,-1,HOLD
2025-01-14 23:00:00,-63.646600000000035,-895.6861435156325,-1,HOLD
2025-01-14 23:05:00,-63.70560000000023,-1271.3304858984407,-1,HOLD
2025-01-14 23:10:00,-63.70560000000023,-1269.8781812109405,-1,HOLD
2025-01-14 23:15:00,-63.70560000000023,-1253.3475366796902,-1,HOLD
2025-01-14 23:20:00,-63.70560000000023,-1216.9544898046906,-1,NO_VALID_ACTION_DEFENSIVE_AVG
2025-01-14 23:25:00,-63.63979999999992,-838.3283872656311,-1,NO_VALID_ACTION_DEFENSIVE_AVG
2025-01-14 23:30:00,-64.17720000000008,0.001451304435730735,1,EXIT_PROFIT_TARGET_MET
2025-01-14 23:35:00,-64.14599999999973,0.00070922374725387,1,EXIT_PROFIT_TARGET_MET
2025-01-14 23:40:00,-64.14779999999973,0.0007520360946655447,1,EXIT_PROFIT_TARGET_MET
2025-01-14 23:45:00,-64.35459999999966,0.0007745109558103744,1,EXIT_PROFIT_TARGET_MET
2025-01-14 23:50:00,-64.32440000000042,9.112167358391737e-05,1,EXIT_PROFIT_TARGET_MET
2025-01-14 23:55:00,-64.17720000000008,0.001451304435730735,1,EXIT_PROFIT_TARGET_MET
2025-01-15 00:00:00,-63.95840000000044,0.0011507969933934495,1,EXIT_PROFIT_TARGET_MET
2025-01-15 00:05:00,-64.15740000000005,0.0009803686141970054,1,EXIT_PROFIT_TARGET_MET
2025-01-15 00:10:00,-64.15740000000005,0.0009803686141970054,1,EXIT_PROFIT_TARGET_MET
2025-01-15 00:15:00,-64.18019999999979,0.0015226583480840335,1,EXIT_PROFIT_TARGET_MET
2025-01-15 00:20:00,-64.27300000000014,0.0037298727035530487,1,EXIT_PROFIT_TARGET_MET
2025-01-15 00:25:00,-64.3144000000002,0.004714556694030684,1,EXIT_PROFIT_TARGET_MET
2025-01-15 00:30:00,-64.3768,0.0012768699645996189,1,EXIT_PROFIT_TARGET_MET
2025-01-15 00:35:00,-64.54619999999977,0.0024397140502928974,1,EXIT_PROFIT_TARGET_MET
2025-01-15 00:40:00,-64.3112000000001,0.004638445854187371,1,EXIT_PROFIT_TARGET_MET
2025-01-15 00:45:00,-64.01680000000033,0.0005208536437712564,1,EXIT_PROFIT_TARGET_MET
2025-01-15 00:50:00,-63.887800000000425,0.001205173116493965,1,EXIT_PROFIT_TARGET_MET
2025-01-15 00:55:00,-63.82639999999992,-933.7393446093743,-1,HOLD
2025-01-15 01:00:00,-63.82560000000012,-919.0648383593643,-1,HOLD
2025-01-15 01:05:00,-64.17439999999988,0.0013847074508674586,1,EXIT_PROFIT_TARGET_MET
2025-01-15 01:10:00,-64.17439999999988,0.0013847074508674586,1,EXIT_PROFIT_TARGET_MET
2025-01-15 01:15:00,-64.26220000000012,0.003472998619079972,1,EXIT_PROFIT_TARGET_MET
2025-01-15 01:20:00,-64.05379999999968,0.0005066117658279813,1,EXIT_PROFIT_TARGET_MET
2025-01-15 01:25:00,-63.956199999999626,0.0011524914334900692,1,EXIT_PROFIT_TARGET_MET
2025-01-15 01:30:00,-64.09699999999975,0.0004899834110401565,1,EXIT_PROFIT_TARGET_MET
2025-01-15 01:35:00,-64.03260000000046,0.0005147719769738506,1,EXIT_PROFIT_TARGET_MET
2025-01-15 01:40:00,-64.11920000000009,7.17954635619418e-05,1,EXIT_PROFIT_TARGET_MET
2025-01-15 01:45:00,-64.11920000000009,7.17954635619418e-05,1,EXIT_PROFIT_TARGET_MET
2025-01-15 01:50:00,-64.18419999999969,0.0016177968978889337,1,EXIT_PROFIT_TARGET_MET
2025-01-15 01:55:00,-64.09320000000025,0.0004914460903964864,1,EXIT_PROFIT_TARGET_MET
2025-01-15 02:00:00,-63.530800000000454,-479.16049109376115,-1,HOLD
2025-01-15 02:05:00,-63.8137999999999,-833.7077266406322,-1,HOLD
2025-01-15 02:10:00,-63.65340000000015,-690.5469466406298,-1,HOLD
2025-01-15 02:15:00,-63.6832000000004,-1019.685248398438,-1,HOLD
2025-01-15 02:20:00,-63.93040000000019,0.0024026822693086966,1,EXIT_PROFIT_TARGET_MET
2025-01-15 02:25:00,-64.01339999999982,0.4667847265624938,1,EXIT_PROFIT_TARGET_MET
2025-01-15 02:30:00,-63.766999999999825,2.448420820312423,1,EXIT_PROFIT_TARGET_MET
2025-01-15 02:35:00,-63.85320000000047,1.611187109375276,1,EXIT_PROFIT_TARGET_MET
2025-01-15 02:40:00,-63.64720000000034,0.14093152912139592,1,EXIT_PROFIT_TARGET_MET
2025-01-15 02:45:00,-63.777000000000044,39.32449781249999,1,EXIT_PROFIT_TARGET_MET
2025-01-15 02:50:00,-63.87780000000021,34.48203124999907,1,EXIT_PROFIT_TARGET_MET
2025-01-15 02:55:00,-63.87780000000021,0.33221336303710874,1,EXIT_PROFIT_TARGET_MET
2025-01-15 03:00:00,-63.72860000000037,0.14400938366890295,1,EXIT_PROFIT_TARGET_MET
2025-01-15 03:05:00,-63.882800000000316,0.02236506337164739,1,EXIT_PROFIT_TARGET_MET
2025-01-15 03:10:00,-64.0634,0.06493022705078189,1,EXIT_PROFIT_TARGET_MET
2025-01-15 03:15:00,-64.0014000000001,0.020034719238296472,1,EXIT_PROFIT_TARGET_MET
2025-01-15 03:20:00,-63.9364000000005,0.07446684627890511,1,EXIT_PROFIT_TARGET_MET
2025-01-15 03:25:00,-64.02239999999983,0.03524126220704593,1,EXIT_PROFIT_TARGET_MET
2025-01-15 03:30:00,-63.89400000000023,0.0765573615109916,1,EXIT_PROFIT_TARGET_MET
2025-01-15 03:35:00,-63.9962000000005,0.016269289550784216,1,EXIT_PROFIT_TARGET_MET
2025-01-15 03:40:00,-64.1858000000002,0.15356264892579002,1,EXIT_PROFIT_TARGET_MET
2025-01-15 03:45:00,-64.19999999999982,0.16384516845705155,1,EXIT_PROFIT_TARGET_MET
2025-01-15 03:50:00,-64.13320000000022,0.11547387939455467,1,EXIT_PROFIT_TARGET_MET
2025-01-15 03:55:00,-64.13320000000022,0.11547387939455467,1,EXIT_PROFIT_TARGET_MET
2025-01-15 04:00:00,-64.29340000000047,0.008207016601560535,1,EXIT_PROFIT_TARGET_MET
2025-01-15 04:05:00,-64.42039999999997,0.09390721191407458,1,EXIT_PROFIT_TARGET_MET
2025-01-15 04:10:00,-64.16899999999987,0.2093526049804899,1,EXIT_PROFIT_TARGET_MET
2025-01-15 04:15:00,-64.16280000000006,0.25989000976561627,1,EXIT_PROFIT_TARGET_MET
2025-01-15 04:20:00,-64.09400000000005,0.43296918945306917,1,EXIT_PROFIT_TARGET_MET
2025-01-15 04:25:00,-64.40279999999984,7.467607812500248,1,EXIT_PROFIT_TARGET_MET
2025-01-15 04:30:00,-64.39320000000043,7.053007812500809,1,EXIT_PROFIT_TARGET_MET
2025-01-15 04:35:00,-64.45340000000033,9.652895312500668,1,EXIT_PROFIT_TARGET_MET
2025-01-15 04:40:00,-64.44440000000031,9.264207812500203,1,EXIT_PROFIT_TARGET_MET
2025-01-15 04:45:00,-64.50380000000041,11.829545312500791,1,EXIT_PROFIT_TARGET_MET
2025-01-15 04:50:00,-64.51419999999962,12.278695312500332,1,EXIT_PROFIT_TARGET_MET
2025-01-15 04:55:00,-64.64000000000033,17.711682812500598,1,EXIT_PROFIT_TARGET_MET
2025-01-15 05:00:00,-64.34519999999975,4.980007812500546,1,EXIT_PROFIT_TARGET_MET
2025-01-15 05:05:00,-64.39999999999964,7.346682812501264,1,EXIT_PROFIT_TARGET_MET
2025-01-15 05:10:00,-64.39019999999982,6.923445312501144,1,EXIT_PROFIT_TARGET_MET
2025-01-15 05:15:00,-64.42960000000039,8.625032812499683,1,EXIT_PROFIT_TARGET_MET
2025-01-15 05:20:00,-64.35999999999967,5.619182812501066,1,EXIT_PROFIT_TARGET_MET
2025-01-15 05:25:00,-64.52319999999963,12.667382812500158,1,EXIT_PROFIT_TARGET_MET
2025-01-15 05:30:00,-64.0,0.7876274047851246,1,EXIT_PROFIT_TARGET_MET
2025-01-15 05:35:00,-64.59640000000036,15.828707812500099,1,EXIT_PROFIT_TARGET_MET
2025-01-15 05:40:00,-64.58160000000044,15.18953281249977,1,EXIT_PROFIT_TARGET_MET
2025-01-15 05:45:00,-64.58160000000044,15.18953281249977,1,EXIT_PROFIT_TARGET_MET
2025-01-15 05:50:00,-64.5637999999999,14.420795312500992,1,EXIT_PROFIT_TARGET_MET
2025-01-15 05:55:00,-64.47500000000036,10.585745312500237,1,EXIT_PROFIT_TARGET_MET
2025-01-15 06:00:00,-63.98580000000038,0.7004651977539318,1,EXIT_PROFIT_TARGET_MET
2025-01-15 06:05:00,-64.05240000000049,0.18377543945309482,1,EXIT_PROFIT_TARGET_MET
2025-01-15 06:10:00,-64.15700000000015,0.26358603515632284,1,EXIT_PROFIT_TARGET_MET
2025-01-15 06:15:00,-64.32579999999962,4.1421703125003475,1,EXIT_PROFIT_TARGET_MET
2025-01-15 06:20:00,-64.38079999999991,6.51748281250034,1,EXIT_PROFIT_TARGET_MET
2025-01-15 06:25:00,-64.47500000000036,10.585745312500237,1,EXIT_PROFIT_TARGET_MET
2025-01-15 06:30:00,-64.34040000000005,4.772707812499995,1,EXIT_PROFIT_TARGET_MET
2025-01-15 06:35:00,-64.33860000000004,4.694970312500963,1,EXIT_PROFIT_TARGET_MET
2025-01-15 06:40:00,-64.33860000000004,4.694970312500963,1,EXIT_PROFIT_TARGET_MET
2025-01-15 06:45:00,-64.33860000000004,4.694970312500963,1,EXIT_PROFIT_TARGET_MET
2025-01-15 06:50:00,-64.33860000000004,4.694970312500963,1,EXIT_PROFIT_TARGET_MET
2025-01-15 06:55:00,-64.48040000000037,10.818957812500784,1,EXIT_PROFIT_TARGET_MET
2025-01-15 07:00:00,-64.53859999999986,13.3324703125001,1,EXIT_PROFIT_TARGET_MET
2025-01-15 07:05:00,-64.60779999999977,16.321045312500615,1,EXIT_PROFIT_TARGET_MET
2025-01-15 07:10:00,-64.60779999999977,16.321045312500615,1,EXIT_PROFIT_TARGET_MET
2025-01-15 07:15:00,-64.54259999999977,13.505220312500548,1,EXIT_PROFIT_TARGET_MET
2025-01-15 07:20:00,-64.54280000000017,13.513857812500014,1,EXIT_PROFIT_TARGET_MET
2025-01-15 07:25:00,-64.6214,9.869446250002312,1,EXIT_PROFIT_TARGET_MET
2025-01-15 07:30:00,-64.52720000000045,6.395821249998846,1,EXIT_PROFIT_TARGET_MET
2025-01-15 07:35:00,-64.44300000000021,1.6355307372426933,1,EXIT_PROFIT_TARGET_MET
2025-01-15 07:40:00,-64.41700000000037,0.4153291663312885,1,EXIT_PROFIT_TARGET_MET
2025-01-15 07:45:00,-64.28499999999985,0.932207186760895,1,EXIT_PROFIT_TARGET_MET
2025-01-15 07:50:00,-64.27819999999974,2.46725489037991,1,EXIT_PROFIT_TARGET_MET
2025-01-15 07:55:00,-64.27819999999974,2.46725489037991,1,EXIT_PROFIT_TARGET_MET
2025-01-15 08:00:00,-64.26059999999961,2.495028228697733,1,EXIT_PROFIT_TARGET_MET
2025-01-15 08:05:00,-64.3714,2.3201824397420645,1,EXIT_PROFIT_TARGET_MET
2025-01-15 08:10:00,-64.44120000000021,2.210035904822333,1,EXIT_PROFIT_TARGET_MET
2025-01-15 08:15:00,-64.48800000000028,2.13618407338617,1,EXIT_PROFIT_TARGET_MET
2025-01-15 08:20:00,-64.57440000000042,1.9998422307348167,1,EXIT_PROFIT_TARGET_MET
2025-01-15 08:25:00,-64.57440000000042,1.9998422307348167,1,EXIT_PROFIT_TARGET_MET
2025-01-15 08:30:00,-64.62880000000041,1.9139973668432004,1,EXIT_PROFIT_TARGET_MET
2025-01-15 08:35:00,-64.57679999999982,1.9960549573278046,1,EXIT_PROFIT_TARGET_MET
2025-01-15 08:40:00,-64.57399999999961,2.0004734429692976,1,EXIT_PROFIT_TARGET_MET
2025-01-15 08:45:00,-64.61620000000039,1.9338805522298548,1,EXIT_PROFIT_TARGET_MET
2025-01-15 08:50:00,-64.67299999999977,1.84424841493129,1,EXIT_PROFIT_TARGET_MET
2025-01-15 08:55:00,-64.73300000000017,1.7495665797566877,1,EXIT_PROFIT_TARGET_MET
2025-01-15 09:00:00,-64.62079999999969,1.9266216115331345,1,EXIT_PROFIT_TARGET_MET
2025-01-15 09:05:00,-64.6862000000001,1.8234184111928506,1,EXIT_PROFIT_TARGET_MET
2025-01-15 09:10:00,-64.63780000000042,1.8997950915670005,1,EXIT_PROFIT_TARGET_MET
2025-01-15 09:15:00,-64.63780000000042,1.8997950915670005,1,EXIT_PROFIT_TARGET_MET
2025-01-15 09:20:00,-64.63780000000042,1.8997950915670005,1,EXIT_PROFIT_TARGET_MET
2025-01-15 09:25:00,-64.5645999999997,2.01530693048001,1,EXIT_PROFIT_TARGET_MET
2025-01-15 09:30:00,-64.64779999999973,1.8840147857045988,1,EXIT_PROFIT_TARGET_MET
2025-01-15 09:35:00,-64.53759999999966,2.057913756308546,1,EXIT_PROFIT_TARGET_MET
2025-01-15 09:40:00,-64.58380000000034,1.9850087432241361,1,EXIT_PROFIT_TARGET_MET
2025-01-15 09:45:00,-64.59220000000005,1.9717532862996894,1,EXIT_PROFIT_TARGET_MET
2025-01-15 09:50:00,-64.59220000000005,3.38557524943827,1,EXIT_PROFIT_TARGET_MET
2025-01-15 09:55:00,-64.46219999999994,6.092201545429242,1,EXIT_PROFIT_TARGET_MET
2025-01-15 10:00:00,-64.4340000000002,5.413032440986615,1,EXIT_PROFIT_TARGET_MET
2025-01-15 10:05:00,-64.60260000000017,3.8485662500009816,1,EXIT_PROFIT_TARGET_MET
2025-01-15 10:10:00,-64.57759999999962,2.689972500000671,1,EXIT_PROFIT_TARGET_MET
2025-01-15 10:15:00,-64.51820000000043,5.166698390502915,1,EXIT_PROFIT_TARGET_MET
2025-01-15 10:20:00,-64.75380000000041,41.9987774999984,1,EXIT_PROFIT_TARGET_MET
2025-01-15 10:25:00,-64.64980000000014,32.81758554687407,1,EXIT_PROFIT_TARGET_MET
2025-01-15 10:30:00,-64.6256000000003,34.020968359375175,1,EXIT_PROFIT_TARGET_MET
2025-01-15 10:35:00,-64.47659999999996,10.86129897651665,1,EXIT_PROFIT_TARGET_MET
2025-01-15 10:40:00,-64.47299999999996,10.90674625740054,1,EXIT_PROFIT_TARGET_MET
2025-01-15 10:45:00,-64.61679999999978,34.45856210937595,1,EXIT_PROFIT_TARGET_MET
2025-01-15 10:50:00,-64.54839999999967,91.55784546875138,1,EXIT_PROFIT_TARGET_MET
2025-01-15 10:55:00,-64.51059999999961,10.432074657058504,1,EXIT_PROFIT_TARGET_MET
2025-01-15 11:00:00,-64.59100000000035,35.741507421873926,1,EXIT_PROFIT_TARGET_MET
2025-01-15 11:05:00,-64.61419999999998,34.5878511718746,1,EXIT_PROFIT_TARGET_MET
2025-01-15 11:10:00,-64.57440000000042,36.56696835937574,1,EXIT_PROFIT_TARGET_MET
2025-01-15 11:15:00,-64.42320000000018,11.535433642959712,1,EXIT_PROFIT_TARGET_MET
2025-01-15 11:20:00,-64.42320000000018,11.535433642959712,1,EXIT_PROFIT_TARGET_MET
2025-01-15 11:25:00,-64.67439999999988,31.594312109374545,1,EXIT_PROFIT_TARGET_MET
2025-01-15 11:30:00,-64.7475999999997,42.23515249999906,1,EXIT_PROFIT_TARGET_MET
2025-01-15 11:35:00,-64.76440000000002,41.59465249999775,1,EXIT_PROFIT_TARGET_MET
2025-01-15 11:40:00,-64.66840000000047,23.774173844985842,1,EXIT_PROFIT_TARGET_MET
2025-01-15 11:45:00,-64.7532000000001,-107.99931187499783,-1,NO_VALID_ACTION_DEFENSIVE_AVG
2025-01-15 11:50:00,-64.55119999999988,121.43811274871723,1,EXIT_PROFIT_TARGET_MET
2025-01-15 11:55:00,-64.55119999999988,123.65813409027106,1,EXIT_PROFIT_TARGET_MET
2025-01-15 12:00:00,-64.62880000000041,111.21618984374996,1,EXIT_PROFIT_TARGET_MET
2025-01-15 12:05:00,-64.65899999999965,111.2371389062503,1,EXIT_PROFIT_TARGET_MET
2025-01-15 12:10:00,-64.5002000000004,127.12691036376815,1,EXIT_PROFIT_TARGET_MET
2025-01-15 12:15:00,-64.48220000000038,127.96271311034965,1,EXIT_PROFIT_TARGET_MET
2025-01-15 12:20:00,-64.28420000000006,137.79704614257818,1,EXIT_PROFIT_TARGET_MET
2025-01-15 12:25:00,-64.28420000000006,135.0970847851567,1,EXIT_PROFIT_TARGET_MET
2025-01-15 12:30:00,-64.30699999999979,133.3465162890621,1,EXIT_PROFIT_TARGET_MET
2025-01-15 12:35:00,-64.25780000000032,121.16675195312564,1,EXIT_PROFIT_TARGET_MET
2025-01-15 12:40:00,-64.25780000000032,129.27085390625072,1,EXIT_PROFIT_TARGET_MET
2025-01-15 12:45:00,-64.25759999999991,104.98082093749875,1,EXIT_PROFIT_TARGET_MET
2025-01-15 12:50:00,-64.24179999999978,104.27434062499853,1,EXIT_PROFIT_TARGET_MET
2025-01-15 12:55:00,-64.24179999999978,72.81256124999945,1,EXIT_PROFIT_TARGET_MET
2025-01-15 13:00:00,-64.24179999999978,42.24108000000132,1,EXIT_PROFIT_TARGET_MET
2025-01-15 13:05:00,-64.24179999999978,46.931594999999675,1,EXIT_PROFIT_TARGET_MET
2025-01-15 13:10:00,-64.24179999999978,70.14730249999775,1,EXIT_PROFIT_TARGET_MET
2025-01-15 13:15:00,-64.24179999999978,28.54488500000059,1,EXIT_PROFIT_TARGET_MET
2025-01-15 13:20:00,-64.24179999999978,17.2822524999994,1,EXIT_PROFIT_TARGET_MET
2025-01-15 13:25:00,-64.33860000000004,21.79660250000086,1,EXIT_PROFIT_TARGET_MET
2025-01-15 13:30:00,-64.33860000000004,37.28881499999926,1,EXIT_PROFIT_TARGET_MET
2025-01-15 13:35:00,-64.33860000000004,6.556697499999302,1,EXIT_PROFIT_TARGET_MET
2025-01-15 13:40:00,-64.50380000000041,12.308535625000985,1,EXIT_PROFIT_TARGET_MET
2025-01-15 13:45:00,-64.35360000000037,26.792325937498155,1,EXIT_PROFIT_TARGET_MET
2025-01-15 13:50:00,-64.51620000000003,21.679988750000476,1,EXIT_PROFIT_TARGET_MET
2025-01-15 13:55:00,-64.60000000000036,0.3438537499996812,1,EXIT_PROFIT_TARGET_MET
2025-01-15 14:00:00,-64.74579999999969,36.343655937500245,1,EXIT_PROFIT_TARGET_MET
2025-01-15 14:05:00,-64.625,34.47504624999884,1,EXIT_PROFIT_TARGET_MET
2025-01-15 14:10:00,-64.48679999999968,22.331762499999456,1,EXIT_PROFIT_TARGET_MET
2025-01-15 14:15:00,-64.55420000000049,33.33156125000045,1,EXIT_PROFIT_TARGET_MET
2025-01-15 14:20:00,-64.53579999999965,85.55605125000045,1,EXIT_PROFIT_TARGET_MET
2025-01-15 14:25:00,-64.53579999999965,33.61048249999891,1,EXIT_PROFIT_TARGET_MET
2025-01-15 14:30:00,-64.53579999999965,39.71258250000153,1,EXIT_PROFIT_TARGET_MET
2025-01-15 14:35:00,-64.53579999999965,21.396840000000623,1,EXIT_PROFIT_TARGET_MET
2025-01-15 14:40:00,-64.53579999999965,28.427945000000136,1,EXIT_PROFIT_TARGET_MET
2025-01-15 14:45:00,-64.4989999999998,15.098899999999787,1,EXIT_PROFIT_TARGET_MET
2025-01-15 14:50:00,-64.4362000000001,2.5523650000002363,1,EXIT_PROFIT_TARGET_MET
2025-01-15 14:55:00,-64.47699999999986,18.26955249999969,1,EXIT_PROFIT_TARGET_MET
2025-01-15 15:00:00,-64.50939999999991,10.946097500000064,1,EXIT_PROFIT_TARGET_MET
2025-01-15 15:05:00,-64.38020000000051,30.470517499998692,1,EXIT_PROFIT_TARGET_MET
2025-01-15 15:10:00,-64.35999999999967,3.7727400000005673,1,EXIT_PROFIT_TARGET_MET
2025-01-15 15:15:00,-64.42280000000028,3.840674999999152,1,EXIT_PROFIT_TARGET_MET
2025-01-15 15:20:00,-64.51379999999972,6.170673750001299,1,EXIT_PROFIT_TARGET_MET
2025-01-15 15:25:00,-64.52580000000034,23.147664999998142,1,EXIT_PROFIT_TARGET_MET
2025-01-15 15:30:00,-64.59699999999975,34.32844500000169,1,EXIT_PROFIT_TARGET_MET
2025-01-15 15:35:00,-64.59600000000046,64.76128874999992,1,EXIT_PROFIT_TARGET_MET
2025-01-15 15:40:00,-64.58219999999983,14.11695000000168,1,EXIT_PROFIT_TARGET_MET
2025-01-15 15:45:00,-64.69000000000051,9.343242499998667,1,EXIT_PROFIT_TARGET_MET
2025-01-15 15:50:00,-64.47500000000036,11.402574999999842,1,EXIT_PROFIT_TARGET_MET
2025-01-15 15:55:00,-64.49020000000019,32.88539000000014,1,EXIT_PROFIT_TARGET_MET
2025-01-15 16:00:00,-64.49020000000019,19.48426625000016,1,EXIT_PROFIT_TARGET_MET
2025-01-15 16:05:00,-64.49020000000019,24.228428749999665,1,EXIT_PROFIT_TARGET_MET
2025-01-15 16:10:00,-64.4340000000002,273.8842862500014,1,EXIT_PROFIT_TARGET_MET
2025-01-15 16:15:00,-64.41899999999987,177.732375,1,EXIT_PROFIT_TARGET_MET
2025-01-15 16:20:00,-64.40560000000005,10.49950249999955,1,EXIT_PROFIT_TARGET_MET
2025-01-15 16:25:00,-64.29740000000038,104.00732250000067,1,EXIT_PROFIT_TARGET_MET
2025-01-15 16:30:00,-64.36599999999999,133.60250749999955,1,EXIT_PROFIT_TARGET_MET
2025-01-15 16:35:00,-64.29299999999967,97.29200249999957,1,EXIT_PROFIT_TARGET_MET
2025-01-15 16:40:00,-64.3680000000004,119.70707249999913,1,EXIT_PROFIT_TARGET_MET
2025-01-15 16:45:00,-64.51419999999962,92.77485249999921,1,EXIT_PROFIT_TARGET_MET
2025-01-15 16:50:00,-64.59780000000046,90.62215249999946,1,EXIT_PROFIT_TARGET_MET
2025-01-15 16:55:00,-64.59780000000046,90.62215249999946,1,EXIT_PROFIT_TARGET_MET
2025-01-15 17:00:00,-64.59780000000046,90.62215249999946,1,EXIT_PROFIT_TARGET_MET
2025-01-15 17:05:00,-64.59780000000046,90.62215249999946,1,EXIT_PROFIT_TARGET_MET
2025-01-15 17:10:00,-64.62880000000041,89.82390249999986,1,EXIT_PROFIT_TARGET_MET
2025-01-15 17:15:00,-64.77779999999984,85.9871525000001,1,EXIT_PROFIT_TARGET_MET
2025-01-15 17:20:00,-64.95020000000022,81.54785249999964,1,EXIT_PROFIT_TARGET_MET
2025-01-15 17:25:00,-64.95020000000022,81.54785249999964,1,EXIT_PROFIT_TARGET_MET
2025-01-15 17:30:00,-64.73379999999997,87.12015249999746,1,EXIT_PROFIT_TARGET_MET
2025-01-15 17:35:00,-64.63100000000031,89.76725250000084,1,EXIT_PROFIT_TARGET_MET
2025-01-15 17:40:00,-64.73779999999988,87.01715250000086,1,EXIT_PROFIT_TARGET_MET
2025-01-15 17:45:00,-64.73779999999988,87.01715250000086,1,EXIT_PROFIT_TARGET_MET
2025-01-15 17:50:00,-64.62880000000041,89.82390249999986,1,EXIT_PROFIT_TARGET_MET
2025-01-15 17:55:00,-64.65340000000015,89.19045249999994,1,EXIT_PROFIT_TARGET_MET
2025-01-15 18:00:00,-64.65340000000015,89.19045249999994,1,EXIT_PROFIT_TARGET_MET
2025-01-15 18:05:00,-64.65340000000015,89.19045249999994,1,EXIT_PROFIT_TARGET_MET
2025-01-15 18:10:00,-64.65340000000015,89.19045249999994,1,EXIT_PROFIT_TARGET_MET
2025-01-15 18:15:00,-64.50380000000041,93.04265250000009,1,EXIT_PROFIT_TARGET_MET
2025-01-15 18:20:00,-64.50380000000041,93.04265250000009,1,EXIT_PROFIT_TARGET_MET
2025-01-15 18:25:00,-64.84360000000015,84.2928025000017,1,EXIT_PROFIT_TARGET_MET
2025-01-15 18:30:00,-64.84360000000015,84.2928025000017,1,EXIT_PROFIT_TARGET_MET
2025-01-15 18:35:00,-64.84960000000046,84.13830250000092,1,EXIT_PROFIT_TARGET_MET
2025-01-15 18:40:00,-64.84960000000046,84.13830250000092,1,EXIT_PROFIT_TARGET_MET
2025-01-15 18:45:00,-64.74579999999969,86.81115249999999,1,EXIT_PROFIT_TARGET_MET
2025-01-15 18:50:00,-64.60840000000007,90.34920250000067,1,EXIT_PROFIT_TARGET_MET
2025-01-15 18:55:00,-64.60840000000007,90.34920250000067,1,EXIT_PROFIT_TARGET_MET
2025-01-15 19:00:00,-64.60840000000007,90.34920250000067,1,EXIT_PROFIT_TARGET_MET
2025-01-15 19:05:00,-64.60840000000007,90.34920250000067,1,EXIT_PROFIT_TARGET_MET
2025-01-15 19:10:00,-64.63439999999991,89.67970249999848,1,EXIT_PROFIT_TARGET_MET
2025-01-15 19:15:00,-64.73080000000027,87.1974024999999,1,EXIT_PROFIT_TARGET_MET
2025-01-15 19:20:00,-64.73080000000027,87.1974024999999,1,EXIT_PROFIT_TARGET_MET
2025-01-15 19:25:00,-64.48559999999998,93.51130249999932,1,EXIT_PROFIT_TARGET_MET
2025-01-15 19:30:00,-64.44639999999981,94.52070250000025,1,EXIT_PROFIT_TARGET_MET
2025-01-15 19:35:00,-64.34659999999985,97.09055250000017,1,EXIT_PROFIT_TARGET_MET
2025-01-15 19:40:00,-64.34780000000046,97.05965249999991,1,EXIT_PROFIT_TARGET_MET
2025-01-15 19:45:00,-64.1869999999999,101.20025249999975,1,EXIT_PROFIT_TARGET_MET
2025-01-15 19:50:00,-63.98199999999997,90.95455250000026,1,EXIT_PROFIT_TARGET_MET
2025-01-15 19:55:00,-63.98700000000008,42.23877250000186,1,EXIT_PROFIT_TARGET_MET
2025-01-15 20:00:00,-63.98700000000008,64.62531750000198,1,EXIT_PROFIT_TARGET_MET
2025-01-15 20:05:00,-63.98700000000008,41.93844749999903,1,EXIT_PROFIT_TARGET_MET
2025-01-15 20:10:00,-64.22140000000036,8.959157499999094,1,EXIT_PROFIT_TARGET_MET
2025-01-15 20:15:00,-64.22140000000036,27.545020000000477,1,EXIT_PROFIT_TARGET_MET
2025-01-15 20:20:00,-64.23980000000029,23.474827499999037,1,EXIT_PROFIT_TARGET_MET
2025-01-15 20:25:00,-64.27360000000044,38.85799000000111,1,EXIT_PROFIT_TARGET_MET
2025-01-15 20:30:00,-64.29979999999978,25.11222250000003,1,EXIT_PROFIT_TARGET_MET
2025-01-15 20:35:00,-64.29259999999977,22.224670000001254,1,EXIT_PROFIT_TARGET_MET
2025-01-15 20:40:00,-64.20740000000023,43.525409999999624,1,EXIT_PROFIT_TARGET_MET
2025-01-15 20:45:00,-64.20740000000023,55.47496999999754,1,EXIT_PROFIT_TARGET_MET
2025-01-15 20:50:00,-64.23379999999997,44.94077000000033,1,EXIT_PROFIT_TARGET_MET
2025-01-15 20:55:00,-64.23379999999997,49.75934250000057,1,EXIT_PROFIT_TARGET_MET
2025-01-15 21:00:00,-64.10620000000017,30.71228249999973,1,EXIT_PROFIT_TARGET_MET
2025-01-15 21:05:00,-63.98700000000008,6.4705248877002255,1,EXIT_PROFIT_TARGET_MET
2025-01-15 21:10:00,-63.98900000000049,3.7289193975425303,1,EXIT_PROFIT_TARGET_MET
2025-01-15 21:15:00,-63.98700000000008,0.9066749145927115,1,EXIT_PROFIT_TARGET_MET
2025-01-15 21:20:00,-63.98700000000008,-73.75071437499722,-1,HOLD
2025-01-15 21:25:00,-63.98700000000008,-72.20091312499574,-1,HOLD
2025-01-15 21:30:00,-63.98700000000008,-93.5652500000001,-1,HOLD
2025-01-15 21:35:00,-64.39199999999983,-75.6389999999999,-1,NO_VALID_ACTION_DEFENSIVE_AVG
2025-01-15 21:40:00,-64.39199999999983,-79.93899999999985,-1,NO_VALID_ACTION_DEFENSIVE_AVG
2025-01-15 21:45:00,-64.39199999999983,-78.78399999999988,-1,NO_VALID_ACTION_DEFENSIVE_AVG
2025-01-15 21:50:00,-64.15120000000024,-89.61340000000018,-1,NO_VALID_ACTION_DEFENSIVE_AVG
2025-01-15 21:55:00,-64.02520000000004,-90.88389999999981,-1,NO_VALID_ACTION_DEFENSIVE_AVG
2025-01-15 22:00:00,-64.02520000000004,-94.71889999999985,-1,NO_VALID_ACTION_DEFENSIVE_AVG
2025-01-15 22:05:00,-64.04619999999977,-97.71964999999977,-1,NO_VALID_ACTION_DEFENSIVE_AVG
2025-01-15 22:10:00,-63.98700000000008,-99.66025000000013,-1,NO_VALID_ACTION_DEFENSIVE_AVG
2025-01-15 22:15:00,-63.98700000000008,-100.25525000000016,-1,NO_VALID_ACTION_DEFENSIVE_AVG
2025-01-15 22:20:00,-63.98700000000008,-100.5902500000002,-1,HOLD
2025-01-15 22:25:00,-63.98700000000008,-96.52025000000003,-1,NO_VALID_ACTION_DEFENSIVE_AVG
2025-01-15 22:30:00,-63.98700000000008,-96.52025000000003,-1,HOLD
2025-01-15 22:35:00,-63.98700000000008,-98.96025000000009,-1,HOLD
2025-01-15 22:40:00,-63.98700000000008,-98.96025000000009,-1,HOLD
2025-01-15 22:45:00,-64.02940000000035,-97.33205000000044,-1,HOLD
2025-01-15 22:50:00,-64.02940000000035,-100.55705000000034,-1,HOLD
2025-01-15 22:55:00,-64.23900000000049,-96.57925000000046,-1,HOLD
2025-01-15 23:00:00,-64.05619999999999,-102.18215000000009,-1,HOLD
2025-01-15 23:05:00,-64.23819999999978,-97.83864999999992,-1,HOLD
2025-01-15 23:10:00,-64.23819999999978,-98.4586499999998,-1,HOLD
2025-01-15 23:15:00,-64.23959999999988,-97.12469999999985,-1,HOLD
2025-01-15 23:20:00,-64.23959999999988,-98.53969999999981,-1,HOLD
2025-01-15 23:25:00,-64.35320000000047,-97.54490000000033,-1,HOLD
2025-01-15 23:30:00,-65.17399999999998,-84.40651687500139,-1,HOLD
2025-01-15 23:35:00,-65.3136000000004,-98.13918687500156,-1,HOLD
2025-01-15 23:40:00,-65.19580000000042,-83.47286687500092,-1,HOLD
2025-01-15 23:45:00,-65.51400000000012,-143.92065625000174,-1,HOLD
2025-01-15 23:50:00,-65.59320000000025,-104.2330354687495,-1,HOLD
2025-01-15 23:55:00,-65.81540000000041,-104.41339667969976,-1,HOLD
2025-01-16 00:00:00,-66.0677999999998,13.147048984369064,1,EXIT_PROFIT_TARGET_MET
2025-01-16 00:05:00,-66.04320000000007,12.550498984379033,1,EXIT_PROFIT_TARGET_MET
2025-01-16 00:10:00,-65.68080000000009,-126.89382671874762,-1,HOLD
2025-01-16 00:15:00,-65.74459999999999,-76.10400203125184,-1,HOLD
2025-01-16 00:20:00,-65.8100000000004,-144.56815527343554,-1,HOLD
2025-01-16 00:25:00,-65.76199999999972,-209.25459542969514,-1,HOLD
2025-01-16 00:30:00,-65.89980000000014,9.07304898437991,1,EXIT_PROFIT_TARGET_MET
2025-01-16 00:35:00,-65.84500000000025,-203.87720617187517,-1,NO_VALID_ACTION_DEFENSIVE_AVG
2025-01-16 00:40:00,-65.85639999999967,-245.6321624218782,-1,NO_VALID_ACTION_DEFENSIVE_AVG
2025-01-16 00:45:00,-66.04740000000038,12.652348984369041,1,EXIT_PROFIT_TARGET_MET
2025-01-16 00:50:00,-66.10840000000007,14.131598984383118,1,EXIT_PROFIT_TARGET_MET
2025-01-16 00:55:00,-66.53359999999975,65.16954183592588,1,EXIT_PROFIT_TARGET_MET
2025-01-16 01:00:00,-66.6271999999999,12.364219765631447,1,EXIT_PROFIT_TARGET_MET
2025-01-16 01:05:00,-66.71759999999995,25.714498789062333,1,EXIT_PROFIT_TARGET_MET
2025-01-16 01:10:00,-66.75799999999981,21.547422929694704,1,EXIT_PROFIT_TARGET_MET
2025-01-16 01:15:00,-66.83860000000004,4.547346445319789,1,EXIT_PROFIT_TARGET_MET
2025-01-16 01:20:00,-66.71560000000045,25.665998789056715,1,EXIT_PROFIT_TARGET_MET
2025-01-16 01:25:00,-67.01280000000042,-299.0212540234302,-1,NO_VALID_ACTION_DEFENSIVE_AVG
2025-01-16 01:30:00,-66.90440000000035,31.25601654297452,1,EXIT_PROFIT_TARGET_MET
2025-01-16 01:35:00,-66.96140000000014,-412.2846717382706,-1,NO_VALID_ACTION_DEFENSIVE_AVG
2025-01-16 01:40:00,-66.8735999999999,-299.9553289257643,-1,NO_VALID_ACTION_DEFENSIVE_AVG
2025-01-16 01:45:00,-66.8735999999999,-270.06561701170506,-1,NO_VALID_ACTION_DEFENSIVE_AVG
2025-01-16 01:50:00,-66.73260000000028,70.58366874999842,1,EXIT_PROFIT_TARGET_MET
2025-01-16 01:55:00,-66.67079999999987,67.91468125000047,1,EXIT_PROFIT_TARGET_MET
2025-01-16 02:00:00,-66.8735999999999,4.342600000000488,1,EXIT_PROFIT_TARGET_MET
2025-01-16 02:05:00,-66.8706000000002,4.231975000000716,1,EXIT_PROFIT_TARGET_MET
2025-01-16 02:10:00,-67.08539999999994,12.152725000000828,1,EXIT_PROFIT_TARGET_MET
2025-01-16 02:15:00,-67.02739999999994,10.013974999999107,1,EXIT_PROFIT_TARGET_MET
2025-01-16 02:20:00,-67.14779999999973,14.45372499999894,1,EXIT_PROFIT_TARGET_MET
2025-01-16 02:25:00,-67.24020000000019,17.860975000000394,1,EXIT_PROFIT_TARGET_MET
2025-01-16 02:30:00,-66.89900000000034,5.279225000001418,1,EXIT_PROFIT_TARGET_MET
2025-01-16 02:35:00,-66.94740000000002,7.063974999999573,1,EXIT_PROFIT_TARGET_MET
2025-01-16 02:40:00,-66.98459999999977,8.435725000000986,1,EXIT_PROFIT_TARGET_MET
2025-01-16 02:45:00,-66.88000000000011,4.578600000000051,1,EXIT_PROFIT_TARGET_MET
2025-01-16 02:50:00,-66.86099999999988,3.8779750000002196,1,EXIT_PROFIT_TARGET_MET
2025-01-16 02:55:00,-66.76080000000002,0.18310000000053606,1,EXIT_PROFIT_TARGET_MET
2025-01-16 03:00:00,-66.86700000000019,4.099224999997972,1,EXIT_PROFIT_TARGET_MET
2025-01-16 03:05:00,-66.77120000000014,0.5665999999992835,1,EXIT_PROFIT_TARGET_MET
2025-01-16 03:10:00,-66.92339999999967,6.178975000001657,1,EXIT_PROFIT_TARGET_MET
2025-01-16 03:15:00,-66.84659999999985,3.3469749999981957,1,EXIT_PROFIT_TARGET_MET
2025-01-16 03:20:00,-66.90120000000024,5.360349999999613,1,EXIT_PROFIT_TARGET_MET
2025-01-16 03:25:00,-67.02720000000045,10.006600000001015,1,EXIT_PROFIT_TARGET_MET
2025-01-16 03:30:00,-67.08820000000014,12.255974999999182,1,EXIT_PROFIT_TARGET_MET
2025-01-16 03:35:00,-67.06959999999981,57.316543750000335,1,EXIT_PROFIT_TARGET_MET
2025-01-16 03:40:00,-67.02739999999994,26.177507499999876,1,EXIT_PROFIT_TARGET_MET
2025-01-16 03:45:00,-66.96579999999994,8.522737500001199,1,EXIT_PROFIT_TARGET_MET
2025-01-16 03:50:00,-66.57859999999982,5.196318750000685,1,EXIT_PROFIT_TARGET_MET
2025-01-16 03:55:00,-66.56500000000051,4.608968749999775,1,EXIT_PROFIT_TARGET_MET
2025-01-16 04:00:00,-66.67140000000018,17.642985624999397,1,EXIT_PROFIT_TARGET_MET
2025-01-16 04:05:00,-66.67259999999987,17.694810624999903,1,EXIT_PROFIT_TARGET_MET
2025-01-16 04:10:00,-66.76379999999972,1.0739875000009818,1,EXIT_PROFIT_TARGET_MET
2025-01-16 04:15:00,-66.90040000000045,6.111112500000502,1,EXIT_PROFIT_TARGET_MET
2025-01-16 04:20:00,-66.92280000000028,6.937112499998847,1,EXIT_PROFIT_TARGET_MET
2025-01-16 04:25:00,-66.95840000000044,8.249862499998898,1,EXIT_PROFIT_TARGET_MET
2025-01-16 04:30:00,-67.01620000000003,10.381237500000992,1,EXIT_PROFIT_TARGET_MET
2025-01-16 04:35:00,-67.01919999999973,10.491862500000508,1,EXIT_PROFIT_TARGET_MET
2025-01-16 04:40:00,-67.13439999999991,14.739862499999816,1,EXIT_PROFIT_TARGET_MET
2025-01-16 04:45:00,-67.23220000000038,18.346237499999887,1,EXIT_PROFIT_TARGET_MET
2025-01-16 04:50:00,-67.38580000000002,1.7991274999976667,1,EXIT_PROFIT_TARGET_MET
2025-01-16 04:55:00,-67.4350000000004,2.99222749999916,1,EXIT_PROFIT_TARGET_MET
2025-01-16 05:00:00,-67.45979999999963,3.5936274999972966,1,EXIT_PROFIT_TARGET_MET
2025-01-16 05:05:00,-67.51059999999961,4.825527499999907,1,EXIT_PROFIT_TARGET_MET
2025-01-16 05:10:00,-67.5644000000002,6.130177499998922,1,EXIT_PROFIT_TARGET_MET
2025-01-16 05:15:00,-67.58560000000034,6.644277499997997,1,EXIT_PROFIT_TARGET_MET
2025-01-16 05:20:00,-67.59979999999996,6.988627499999154,1,EXIT_PROFIT_TARGET_MET
2025-01-16 05:25:00,-67.85059999999976,13.070527499998207,1,EXIT_PROFIT_TARGET_MET
2025-01-16 05:30:00,-68.07980000000043,18.628627500000334,1,EXIT_PROFIT_TARGET_MET
2025-01-16 05:35:00,-68.27999999999975,23.483477499999026,1,EXIT_PROFIT_TARGET_MET
2025-01-16 05:40:00,-68.22080000000005,22.047877499997583,1,EXIT_PROFIT_TARGET_MET
2025-01-16 05:45:00,-68.67479999999978,33.057377499999404,1,EXIT_PROFIT_TARGET_MET
2025-01-16 05:50:00,-68.85739999999987,37.48542750000166,1,EXIT_PROFIT_TARGET_MET
2025-01-16 05:55:00,-68.81999999999971,36.57847749999888,1,EXIT_PROFIT_TARGET_MET
2025-01-16 06:00:00,-68.84019999999964,37.068327500002056,1,EXIT_PROFIT_TARGET_MET
2025-01-16 06:05:00,-69.02279999999973,41.49637749999971,1,EXIT_PROFIT_TARGET_MET
2025-01-16 06:10:00,-69.13739999999962,44.275427499998216,1,EXIT_PROFIT_TARGET_MET
2025-01-16 06:15:00,-69.36319999999978,49.751077499998416,1,EXIT_PROFIT_TARGET_MET
2025-01-16 06:20:00,-69.30379999999968,48.31062749999984,1,EXIT_PROFIT_TARGET_MET
2025-01-16 06:25:00,-69.01640000000043,41.3411774999978,1,EXIT_PROFIT_TARGET_MET
2025-01-16 06:30:00,-69.17060000000038,45.080527499998766,1,EXIT_PROFIT_TARGET_MET
2025-01-16 06:35:00,-68.9382000000005,39.44482750000054,1,EXIT_PROFIT_TARGET_MET
2025-01-16 06:40:00,-68.80439999999999,36.20017749999937,1,EXIT_PROFIT_TARGET_MET
2025-01-16 06:45:00,-68.78840000000037,35.81217749999689,1,EXIT_PROFIT_TARGET_MET
2025-01-16 06:50:00,-68.79820000000018,36.049827499998685,1,EXIT_PROFIT_TARGET_MET
2025-01-16 06:55:00,-68.79820000000018,36.049827499998685,1,EXIT_PROFIT_TARGET_MET
2025-01-16 07:00:00,-68.70499999999993,33.789727499998435,1,EXIT_PROFIT_TARGET_MET
2025-01-16 07:05:00,-68.63379999999961,32.063127499998586,1,EXIT_PROFIT_TARGET_MET
2025-01-16 07:10:00,-68.73220000000038,34.44932749999953,1,EXIT_PROFIT_TARGET_MET
2025-01-16 07:15:00,-68.8136000000004,36.42327749999953,1,EXIT_PROFIT_TARGET_MET
2025-01-16 07:20:00,-68.75820000000022,35.07982750000093,1,EXIT_PROFIT_TARGET_MET
2025-01-16 07:25:00,-68.8119999999999,36.38447749999841,1,EXIT_PROFIT_TARGET_MET
2025-01-16 07:30:00,-68.8060000000005,36.23897749999895,1,EXIT_PROFIT_TARGET_MET
2025-01-16 07:35:00,-68.76059999999961,35.138027500000305,1,EXIT_PROFIT_TARGET_MET
2025-01-16 07:40:00,-68.67280000000028,33.00887749999788,1,EXIT_PROFIT_TARGET_MET
2025-01-16 07:45:00,-68.57179999999971,30.55962750000043,1,EXIT_PROFIT_TARGET_MET
2025-01-16 07:50:00,-68.70060000000012,33.68302749999958,1,EXIT_PROFIT_TARGET_MET
2025-01-16 07:55:00,-68.64019999999982,32.2183275000005,1,EXIT_PROFIT_TARGET_MET
2025-01-16 08:00:00,-68.6873999999998,33.362927499999444,1,EXIT_PROFIT_TARGET_MET
2025-01-16 08:05:00,-68.71759999999995,34.09527749999796,1,EXIT_PROFIT_TARGET_MET
2025-01-16 08:10:00,-68.51659999999993,29.22102749999999,1,EXIT_PROFIT_TARGET_MET
2025-01-16 08:15:00,-68.53279999999995,29.61387749999807,1,EXIT_PROFIT_TARGET_MET
2025-01-16 08:20:00,-68.4369999999999,27.29072749999824,1,EXIT_PROFIT_TARGET_MET
2025-01-16 08:25:00,-68.45100000000002,0.19400749999891787,1,EXIT_PROFIT_TARGET_MET
2025-01-16 08:30:00,-68.54960000000028,7.4443850000002385,1,EXIT_PROFIT_TARGET_MET
2025-01-16 08:35:00,-68.53260000000046,13.464982500001952,1,EXIT_PROFIT_TARGET_MET
2025-01-16 08:40:00,-68.58920000000035,6.639222500000017,1,EXIT_PROFIT_TARGET_MET
2025-01-16 08:45:00,-68.58920000000035,48.34536249999945,1,EXIT_PROFIT_TARGET_MET
2025-01-16 08:50:00,-68.59100000000035,3.2842849999994996,1,EXIT_PROFIT_TARGET_MET
2025-01-16 08:55:00,-68.56720000000041,1.9589600000003315,1,EXIT_PROFIT_TARGET_MET
2025-01-16 09:00:00,-68.5648000000001,3.5797099999995226,1,EXIT_PROFIT_TARGET_MET
2025-01-16 09:05:00,-68.50780000000032,2.502079999999637,1,EXIT_PROFIT_TARGET_MET
2025-01-16 09:10:00,-68.51100000000042,0.010260204877853054,1,EXIT_PROFIT_TARGET_MET
2025-01-16 09:15:00,-68.50460000000021,5.44807390624949,1,EXIT_PROFIT_TARGET_MET
2025-01-16 09:20:00,-68.52180000000044,4.031450742187643,1,EXIT_PROFIT_TARGET_MET
2025-01-16 09:25:00,-68.73580000000038,10.229832499998707,1,EXIT_PROFIT_TARGET_MET
2025-01-16 09:30:00,-68.63400000000001,1.5271156250006257,1,EXIT_PROFIT_TARGET_MET
2025-01-16 09:35:00,-68.85999999999967,2.253362500000293,1,EXIT_PROFIT_TARGET_MET
2025-01-16 09:40:00,-68.8782000000001,6.139042500000329,1,EXIT_PROFIT_TARGET_MET
2025-01-16 09:45:00,-68.77559999999994,5.000382500000711,1,EXIT_PROFIT_TARGET_MET
2025-01-16 09:50:00,-68.92860000000019,2.04486750000018,1,EXIT_PROFIT_TARGET_MET
2025-01-16 09:55:00,-69.03960000000006,10.961161875000357,1,EXIT_PROFIT_TARGET_MET
2025-01-16 10:00:00,-68.84680000000026,0.004549396667480575,1,EXIT_PROFIT_TARGET_MET
2025-01-16 10:05:00,-68.84000000000015,0.005454247741699114,1,EXIT_PROFIT_TARGET_MET
2025-01-16 10:10:00,-68.76260000000002,0.001502631225586748,1,EXIT_PROFIT_TARGET_MET
2025-01-16 10:15:00,-68.59220000000005,-98.16930250000212,-1,HOLD
2025-01-16 10:20:00,-68.63559999999961,0.0032494677734376115,1,EXIT_PROFIT_TARGET_MET
2025-01-16 10:25:00,-68.48279999999977,-86.12164820312603,-1,HOLD
2025-01-16 10:30:00,-68.29680000000008,-191.5318815625011,-1,HOLD
2025-01-16 10:35:00,-67.84580000000005,-181.7558714062556,-1,HOLD
2025-01-16 10:40:00,-67.79920000000038,-157.77557000000206,-1,HOLD
2025-01-16 10:45:00,-68.09060000000045,-108.53175374999941,-1,HOLD
2025-01-16 10:50:00,-68.09780000000046,-91.58577749999924,-1,HOLD
2025-01-16 10:55:00,-68.01879999999983,-100.85514562499924,-1,HOLD
2025-01-16 11:00:00,-68.15220000000045,-111.59646671875214,-1,HOLD
2025-01-16 11:05:00,-68.21960000000036,-106.19459109374978,-1,HOLD
2025-01-16 11:10:00,-68.22479999999996,-106.25888171875036,-1,HOLD
2025-01-16 11:15:00,-68.0572000000002,0.030383677978515558,1,EXIT_PROFIT_TARGET_MET
2025-01-16 11:20:00,-67.96320000000014,-133.62118160156456,-1,HOLD
2025-01-16 11:25:00,-68.06840000000011,0.0731725329589833,1,EXIT_PROFIT_TARGET_MET
2025-01-16 11:30:00,-68.03120000000035,-92.49225812499967,-1,HOLD
2025-01-16 11:35:00,-68.13000000000011,-182.28975078124728,-1,HOLD
2025-01-16 11:40:00,-68.0032000000001,-86.06961750000127,-1,HOLD
2025-01-16 11:45:00,-68.14320000000043,-101.44854484375286,-1,HOLD
2025-01-16 11:50:00,-68.1212000000005,-103.57782609375136,-1,HOLD
2025-01-16 11:55:00,-68.05240000000049,-92.8483143750029,-1,HOLD
2025-01-16 12:00:00,-67.98520000000008,-91.11791437500051,-1,HOLD
2025-01-16 12:05:00,-67.98720000000048,-94.1816018750039,-1,HOLD
2025-01-16 12:10:00,-67.98720000000048,-92.32746125000403,-1,HOLD
2025-01-16 12:15:00,-67.91899999999987,-109.04174437500114,-1,HOLD
2025-01-16 12:20:00,-67.91539999999986,2.419832290732647,1,EXIT_PROFIT_TARGET_MET
2025-01-16 12:25:00,-67.84439999999995,4.99852488575465,1,EXIT_PROFIT_TARGET_MET
2025-01-16 12:30:00,-67.95480000000043,25.95972999999873,1,EXIT_PROFIT_TARGET_MET
2025-01-16 12:35:00,-67.80000000000018,6.023724999998933,1,EXIT_PROFIT_TARGET_MET
2025-01-16 12:40:00,-67.89800000000014,26.361416875000298,1,EXIT_PROFIT_TARGET_MET
2025-01-16 12:45:00,-67.76080000000002,34.11546828125065,1,EXIT_PROFIT_TARGET_MET
2025-01-16 12:50:00,-67.74499999999989,33.358302656250004,1,EXIT_PROFIT_TARGET_MET
2025-01-16 12:55:00,-67.67519999999968,30.013355781251175,1,EXIT_PROFIT_TARGET_MET
2025-01-16 13:00:00,-67.65139999999974,28.87281515625119,1,EXIT_PROFIT_TARGET_MET
2025-01-16 13:05:00,-67.60000000000036,26.40963078125038,1,EXIT_PROFIT_TARGET_MET
2025-01-16 13:10:00,-67.66600000000017,29.572474531249878,1,EXIT_PROFIT_TARGET_MET
2025-01-16 13:15:00,-67.3775999999998,16.000747500000593,1,EXIT_PROFIT_TARGET_MET
2025-01-16 13:20:00,-67.32399999999961,7.640731249999476,1,EXIT_PROFIT_TARGET_MET
2025-01-16 13:25:00,-67.23000000000047,8.07841437499819,1,EXIT_PROFIT_TARGET_MET
2025-01-16 13:30:00,-67.04240000000027,3.145162499999884,1,EXIT_PROFIT_TARGET_MET
2025-01-16 13:35:00,-67.16079999999965,1.4396050000011638,1,EXIT_PROFIT_TARGET_MET
2025-01-16 13:40:00,-67.32219999999961,11.600527578126297,1,EXIT_PROFIT_TARGET_MET
2025-01-16 13:45:00,-67.30799999999999,1.6650245312495322,1,EXIT_PROFIT_TARGET_MET
2025-01-16 13:50:00,-67.19999999999982,119.92322296875076,1,EXIT_PROFIT_TARGET_MET
2025-01-16 13:55:00,-67.29600000000028,118.55237406250059,1,EXIT_PROFIT_TARGET_MET
2025-01-16 14:00:00,-67.35159999999996,110.12297749999831,1,EXIT_PROFIT_TARGET_MET
2025-01-16 14:05:00,-67.3132000000005,98.77415624999901,1,EXIT_PROFIT_TARGET_MET
2025-01-16 14:10:00,-67.4980000000005,39.379892499999755,1,EXIT_PROFIT_TARGET_MET
2025-01-16 14:15:00,-67.3793999999998,40.32347250000112,1,EXIT_PROFIT_TARGET_MET
2025-01-16 14:20:00,-67.35999999999967,63.459054999999324,1,EXIT_PROFIT_TARGET_MET
2025-01-16 14:25:00,-67.35879999999997,39.904722500002094,1,EXIT_PROFIT_TARGET_MET
2025-01-16 14:30:00,-67.3132000000005,23.79954249999912,1,EXIT_PROFIT_TARGET_MET
2025-01-16 14:35:00,-67.4431999999997,40.24494874999951,1,EXIT_PROFIT_TARGET_MET
2025-01-16 14:40:00,-67.50820000000022,0.00015519042968703545,1,EXIT_PROFIT_TARGET_MET
2025-01-16 14:45:00,-67.3742000000002,0.09373628051758091,1,EXIT_PROFIT_TARGET_MET
2025-01-16 14:50:00,-67.41979999999967,0.12960126220703835,1,EXIT_PROFIT_TARGET_MET
2025-01-16 14:55:00,-67.43159999999989,0.1931398730468743,1,EXIT_PROFIT_TARGET_MET
2025-01-16 15:00:00,-67.41039999999975,0.35584227294923537,1,EXIT_PROFIT_TARGET_MET
2025-01-16 15:05:00,-67.42299999999977,0.03550945312500153,1,EXIT_PROFIT_TARGET_MET
2025-01-16 15:10:00,-67.42299999999977,0.9554304125977092,1,EXIT_PROFIT_TARGET_MET
2025-01-16 15:15:00,-67.41039999999975,0.2225260327151084,1,EXIT_PROFIT_TARGET_MET
2025-01-16 15:20:00,-67.48059999999987,0.0009816650390625104,1,EXIT_PROFIT_TARGET_MET
2025-01-16 15:25:00,-67.48059999999987,0.0005875138664244738,1,EXIT_PROFIT_TARGET_MET
2025-01-16 15:30:00,-67.48239999999987,20.517962499999356,1,EXIT_PROFIT_TARGET_MET
2025-01-16 15:35:00,-67.35320000000047,20.021660156250356,1,EXIT_PROFIT_TARGET_MET
2025-01-16 15:40:00,-67.38919999999962,27.65949070312888,1,EXIT_PROFIT_TARGET_MET
2025-01-16 15:45:00,-67.38919999999962,27.343850703127202,1,EXIT_PROFIT_TARGET_MET
2025-01-16 15:50:00,-67.42000000000007,-97.86183460937218,-1,HOLD
2025-01-16 15:55:00,-67.3725999999997,-73.70420453125382,-1,HOLD
2025-01-16 16:00:00,-67.35000000000036,-65.18678578125082,1,HOLD
2025-01-16 16:05:00,-67.42519999999968,16.84189796875024,1,EXIT_PROFIT_TARGET_MET
2025-01-16 16:10:00,-67.38820000000032,17.05941921875001,1,EXIT_PROFIT_TARGET_MET
2025-01-16 16:15:00,-67.40059999999994,17.353465468750198,1,EXIT_PROFIT_TARGET_MET
2025-01-16 16:20:00,-67.40880000000016,-51.02309953125018,1,HOLD
2025-01-16 16:25:00,-67.57459999999992,26.067340624999673,1,EXIT_PROFIT_TARGET_MET
2025-01-16 16:30:00,-67.56680000000051,194.42664562500008,1,EXIT_PROFIT_TARGET_MET
2025-01-16 16:35:00,-67.61359999999968,6.482606699202847,1,EXIT_PROFIT_TARGET_MET
2025-01-16 16:40:00,-67.63420000000042,13.28926781250044,1,EXIT_PROFIT_TARGET_MET
2025-01-16 16:45:00,-67.53899999999976,-83.8892717187502,-1,NO_VALID_ACTION_DEFENSIVE_AVG
2025-01-16 16:50:00,-67.6176000000005,0.0865193749980051,1,EXIT_PROFIT_TARGET_MET
2025-01-16 16:55:00,-67.57700000000023,6.632240000000252,1,EXIT_PROFIT_TARGET_MET
2025-01-16 17:00:00,-67.65679999999975,22.624339999999847,1,EXIT_PROFIT_TARGET_MET
2025-01-16 17:05:00,-67.61899999999969,19.359142109376585,1,EXIT_PROFIT_TARGET_MET
2025-01-16 17:10:00,-67.72580000000016,1.5281399999981886,1,EXIT_PROFIT_TARGET_MET
2025-01-16 17:15:00,-67.65419999999995,0.3610054101562259,1,EXIT_PROFIT_TARGET_MET
2025-01-16 17:20:00,-67.65380000000005,0.36148197265626836,1,EXIT_PROFIT_TARGET_MET
2025-01-16 17:25:00,-67.65380000000005,0.36148197265626836,1,EXIT_PROFIT_TARGET_MET
2025-01-16 17:30:00,-67.64739999999983,0.36910697265624437,1,EXIT_PROFIT_TARGET_MET
2025-01-16 17:35:00,-67.66200000000026,0.3517124414062551,1,EXIT_PROFIT_TARGET_MET
2025-01-16 17:40:00,-67.61899999999969,0.4029429101562938,1,EXIT_PROFIT_TARGET_MET
2025-01-16 17:45:00,-67.61899999999969,0.4029429101562938,1,EXIT_PROFIT_TARGET_MET
2025-01-16 17:50:00,-67.61899999999969,0.4029429101562938,1,EXIT_PROFIT_TARGET_MET
2025-01-16 17:55:00,-67.61899999999969,0.4029429101562938,1,EXIT_PROFIT_TARGET_MET
2025-01-16 18:00:00,-67.61899999999969,0.4029429101562938,1,EXIT_PROFIT_TARGET_MET
2025-01-16 18:05:00,-67.6256000000003,0.3950796289062066,1,EXIT_PROFIT_TARGET_MET
2025-01-16 18:10:00,-67.57139999999981,0.4596538476562353,1,EXIT_PROFIT_TARGET_MET
2025-01-16 18:15:00,-67.36419999999998,0.706513222656274,1,EXIT_PROFIT_TARGET_MET
2025-01-16 18:20:00,-67.1228000000001,0.9941186914062246,1,EXIT_PROFIT_TARGET_MET
2025-01-16 18:25:00,-67.22379999999976,0.8737866601562874,1,EXIT_PROFIT_TARGET_MET
2025-01-16 18:30:00,-67.14540000000034,0.9671929101562493,1,EXIT_PROFIT_TARGET_MET
2025-01-16 18:35:00,-67.03800000000047,1.0951499414062464,1,EXIT_PROFIT_TARGET_MET
2025-01-16 18:40:00,-66.67740000000049,1.5247710351562418,1,EXIT_PROFIT_TARGET_MET
2025-01-16 18:45:00,-66.27480000000014,2.0044311914062476,1,EXIT_PROFIT_TARGET_MET
2025-01-16 18:50:00,-66.32520000000022,1.9443843164062287,1,EXIT_PROFIT_TARGET_MET
2025-01-16 18:55:00,-66.42380000000048,1.8269116601562625,1,EXIT_PROFIT_TARGET_MET
2025-01-16 19:00:00,-66.34760000000006,1.9176968164062167,1,EXIT_PROFIT_TARGET_MET
2025-01-16 19:05:00,-66.21360000000004,2.077345253906246,1,EXIT_PROFIT_TARGET_MET
2025-01-16 19:10:00,-66.21360000000004,2.077345253906246,1,EXIT_PROFIT_TARGET_MET
2025-01-16 19:15:00,-66.23760000000038,2.048751503906232,1,EXIT_PROFIT_TARGET_MET
2025-01-16 19:20:00,-66.1248000000005,2.183142128906261,1,EXIT_PROFIT_TARGET_MET
2025-01-16 19:25:00,-66.12920000000031,2.1778999414062334,1,EXIT_PROFIT_TARGET_MET
2025-01-16 19:30:00,-66.05199999999968,2.269876503906292,1,EXIT_PROFIT_TARGET_MET
2025-01-16 19:35:00,-66.3100000000004,1.9624936914062556,1,EXIT_PROFIT_TARGET_MET
2025-01-16 19:40:00,-66.35519999999997,1.9086421289062532,1,EXIT_PROFIT_TARGET_MET
2025-01-16 19:45:00,-66.61480000000029,1.599353066406235,1,EXIT_PROFIT_TARGET_MET
2025-01-16 19:50:00,-66.71399999999994,1.481165566406263,1,EXIT_PROFIT_TARGET_MET
2025-01-16 19:55:00,-66.71399999999994,1.481165566406263,1,EXIT_PROFIT_TARGET_MET
2025-01-16 20:00:00,-66.71399999999994,1.481165566406263,1,EXIT_PROFIT_TARGET_MET
2025-01-16 20:05:00,-66.65679999999975,1.5493140039062685,1,EXIT_PROFIT_TARGET_MET
2025-01-16 20:10:00,-66.75460000000021,1.4327944726562394,1,EXIT_PROFIT_TARGET_MET
2025-01-16 20:15:00,-66.75460000000021,1.4327944726562394,1,EXIT_PROFIT_TARGET_MET
2025-01-16 20:20:00,-66.75460000000021,1.4327944726562394,1,EXIT_PROFIT_TARGET_MET
2025-01-16 20:25:00,-66.73980000000029,1.4504272851562319,1,EXIT_PROFIT_TARGET_MET
2025-01-16 20:30:00,-66.73980000000029,1.4504272851562319,1,EXIT_PROFIT_TARGET_MET
2025-01-16 20:35:00,-66.84320000000025,1.3272358789062397,1,EXIT_PROFIT_TARGET_MET
2025-01-16 20:40:00,-66.73999999999978,1.4501890039062806,1,EXIT_PROFIT_TARGET_MET
2025-01-16 20:45:00,-66.65700000000015,1.5490757226562413,1,EXIT_PROFIT_TARGET_MET
2025-01-16 20:50:00,-66.67680000000018,1.5254858789062475,1,EXIT_PROFIT_TARGET_MET
2025-01-16 20:55:00,-66.67579999999998,1.5266772851562318,1,EXIT_PROFIT_TARGET_MET
2025-01-16 21:00:00,-66.63100000000031,1.5800522851562238,1,EXIT_PROFIT_TARGET_MET
2025-01-16 21:05:00,-66.61679999999978,1.5969702539062345,1,EXIT_PROFIT_TARGET_MET
2025-01-16 21:10:00,-66.8761999999997,1.2879194726562875,1,EXIT_PROFIT_TARGET_MET
2025-01-16 21:15:00,-66.54600000000028,1.681321816406221,1,EXIT_PROFIT_TARGET_MET
2025-01-16 21:20:00,-66.7511999999997,1.4368452539062586,1,EXIT_PROFIT_TARGET_MET
2025-01-16 21:25:00,-66.74219999999968,1.4475679101562728,1,EXIT_PROFIT_TARGET_MET
2025-01-16 21:30:00,-66.89080000000013,1.2705249414062343,1,EXIT_PROFIT_TARGET_MET
2025-01-16 21:35:00,-66.69880000000012,1.499274941406258,1,EXIT_PROFIT_TARGET_MET
2025-01-16 21:40:00,-66.90700000000015,1.251224160156223,1,EXIT_PROFIT_TARGET_MET
2025-01-16 21:45:00,-66.79780000000028,1.3813257226562374,1,EXIT_PROFIT_TARGET_MET
2025-01-16 21:50:00,-67.01379999999972,1.1239819726562876,1,EXIT_PROFIT_TARGET_MET
2025-01-16 21:55:00,-67.01900000000023,1.1177866601562592,1,EXIT_PROFIT_TARGET_MET
2025-01-16 22:00:00,-66.96839999999975,1.1780718164062733,1,EXIT_PROFIT_TARGET_MET
2025-01-16 22:05:00,-66.96280000000024,1.1847436914062364,1,EXIT_PROFIT_TARGET_MET
2025-01-16 22:10:00,-67.08780000000024,1.0358179101562213,1,EXIT_PROFIT_TARGET_MET
2025-01-16 22:15:00,-67.14819999999963,0.9638569726562478,1,EXIT_PROFIT_TARGET_MET
2025-01-16 22:20:00,-67.2444000000005,0.8492436914062726,1,EXIT_PROFIT_TARGET_MET
2025-01-16 22:25:00,-67.2444000000005,0.8492436914062726,1,EXIT_PROFIT_TARGET_MET
2025-01-16 22:30:00,-67.0645999999997,1.0634585351562662,1,EXIT_PROFIT_TARGET_MET
2025-01-16 22:35:00,-67.0645999999997,2.2282230468750095,1,EXIT_PROFIT_TARGET_MET
2025-01-16 22:40:00,-67.03080000000045,3.99645953124994,1,EXIT_PROFIT_TARGET_MET
2025-01-16 22:45:00,-67.15580000000045,1.3550848437499496,1,EXIT_PROFIT_TARGET_MET
2025-01-16 22:50:00,-67.20840000000044,14.226915624999812,1,EXIT_PROFIT_TARGET_MET
2025-01-16 22:55:00,-67.20840000000044,3.484595624999173,1,EXIT_PROFIT_TARGET_MET
2025-01-16 23:00:00,-67.0,19.660632500001498,1,EXIT_PROFIT_TARGET_MET
2025-01-16 23:05:00,-66.76040000000012,-217.65658499999927,-1,HOLD
2025-01-16 23:10:00,-66.7460000000001,41.170223750001384,1,EXIT_PROFIT_TARGET_MET
2025-01-16 23:15:00,-66.72479999999996,3.0265112500005102,1,EXIT_PROFIT_TARGET_MET
2025-01-16 23:20:00,-66.69440000000031,4.185511249998399,1,EXIT_PROFIT_TARGET_MET
2025-01-16 23:25:00,-66.27220000000034,33.385623749998075,1,EXIT_PROFIT_TARGET_MET
2025-01-16 23:30:00,-66.69999999999982,17.0757487500004,1,EXIT_PROFIT_TARGET_MET
2025-01-16 23:35:00,-66.57999999999993,21.650748750000076,1,EXIT_PROFIT_TARGET_MET
2025-01-16 23:40:00,-66.75420000000031,15.009373749999611,1,EXIT_PROFIT_TARGET_MET
2025-01-16 23:45:00,-66.74359999999979,15.413498750000258,1,EXIT_PROFIT_TARGET_MET
2025-01-16 23:50:00,-66.69959999999992,17.090998749999073,1,EXIT_PROFIT_TARGET_MET
2025-01-16 23:55:00,-66.71060000000034,16.671623749998474,1,EXIT_PROFIT_TARGET_MET
2025-01-17 00:00:00,-66.50420000000031,24.540623750000066,1,EXIT_PROFIT_TARGET_MET
2025-01-17 00:05:00,-66.36020000000008,30.03062374999942,1,EXIT_PROFIT_TARGET_MET
2025-01-17 00:10:00,-66.59580000000005,21.048373749999797,1,EXIT_PROFIT_TARGET_MET
2025-01-17 00:15:00,-66.67799999999988,17.914498749999808,1,EXIT_PROFIT_TARGET_MET
2025-01-17 00:20:00,-66.60940000000028,20.52987374999836,1,EXIT_PROFIT_TARGET_MET
2025-01-17 00:25:00,-66.84320000000025,11.616248750000182,1,EXIT_PROFIT_TARGET_MET
2025-01-17 00:30:00,-66.52260000000024,23.839123749999203,1,EXIT_PROFIT_TARGET_MET
2025-01-17 00:35:00,-66.45560000000023,26.393498749999736,1,EXIT_PROFIT_TARGET_MET
2025-01-17 00:40:00,-65.73620000000028,0.6772049999999581,1,EXIT_PROFIT_TARGET_MET
2025-01-17 00:45:00,-65.82600000000002,50.39699875000019,1,EXIT_PROFIT_TARGET_MET
2025-01-17 00:50:00,-65.89419999999973,47.79687375000108,1,EXIT_PROFIT_TARGET_MET
2025-01-17 00:55:00,-65.5598,5.219504999999572,1,EXIT_PROFIT_TARGET_MET
2025-01-17 01:00:00,-65.40920000000006,9.097454999999002,1,EXIT_PROFIT_TARGET_MET
2025-01-17 01:05:00,-65.90719999999965,47.30124874999919,1,EXIT_PROFIT_TARGET_MET
2025-01-17 01:10:00,-65.55040000000008,5.461555000001681,1,EXIT_PROFIT_TARGET_MET
2025-01-17 01:15:00,-65.91319999999996,47.0724987499994,1,EXIT_PROFIT_TARGET_MET
2025-01-17 01:20:00,-66.16420000000016,37.5031237499997,1,EXIT_PROFIT_TARGET_MET
2025-01-17 01:25:00,-66.11440000000039,39.40174875000051,1,EXIT_PROFIT_TARGET_MET
2025-01-17 01:30:00,-66.16179999999986,37.594623749999414,1,EXIT_PROFIT_TARGET_MET
2025-01-17 01:35:00,-66.28340000000026,51.37780437499855,1,EXIT_PROFIT_TARGET_MET
2025-01-17 01:40:00,-66.13159999999971,38.540196250000776,1,EXIT_PROFIT_TARGET_MET
2025-01-17 01:45:00,-66.15580000000045,10.752176250000161,1,EXIT_PROFIT_TARGET_MET
2025-01-17 01:50:00,-66.39059999999972,13.405566250000618,1,EXIT_PROFIT_TARGET_MET
2025-01-17 01:55:00,-66.39519999999993,8.480459483180077,1,EXIT_PROFIT_TARGET_MET
2025-01-17 02:00:00,-66.61400000000049,8.62300412259095,1,EXIT_PROFIT_TARGET_MET
2025-01-17 02:05:00,-67.19999999999982,3.426662959289353,1,EXIT_PROFIT_TARGET_MET
2025-01-17 02:10:00,-66.84320000000025,6.9835655204008775,1,EXIT_PROFIT_TARGET_MET
2025-01-17 02:15:00,-66.72839999999997,8.490289344634697,1,EXIT_PROFIT_TARGET_MET
2025-01-17 02:20:00,-66.72839999999997,9.522450739746013,1,EXIT_PROFIT_TARGET_MET
2025-01-17 02:25:00,-67.0655999999999,9.807429652404847,1,EXIT_PROFIT_TARGET_MET
2025-01-17 02:30:00,-67.05119999999988,10.92933131286595,1,EXIT_PROFIT_TARGET_MET
2025-01-17 02:35:00,-67.02679999999964,11.682544240722631,1,EXIT_PROFIT_TARGET_MET
2025-01-17 02:40:00,-67.10339999999997,10.361760598144265,1,EXIT_PROFIT_TARGET_MET
2025-01-17 02:45:00,-66.76040000000012,7.772951093751544,1,EXIT_PROFIT_TARGET_MET
2025-01-17 02:50:00,-67.08100000000013,10.152594931640557,1,EXIT_PROFIT_TARGET_MET
2025-01-17 02:55:00,-66.77400000000034,11.475638359374944,1,EXIT_PROFIT_TARGET_MET
2025-01-17 03:00:00,-66.89639999999963,10.39654070312501,1,EXIT_PROFIT_TARGET_MET
2025-01-17 03:05:00,-66.75979999999981,10.337070156249863,1,EXIT_PROFIT_TARGET_MET
2025-01-17 03:10:00,-66.72699999999986,7.983207968750033,1,EXIT_PROFIT_TARGET_MET
2025-01-17 03:15:00,-66.76900000000023,2.1189665624997005,1,EXIT_PROFIT_TARGET_MET
2025-01-17 03:20:00,-66.76900000000023,3.9506725000000813,1,EXIT_PROFIT_TARGET_MET
2025-01-17 03:25:00,-66.76900000000023,2.375812499999988,1,EXIT_PROFIT_TARGET_MET
2025-01-17 03:30:00,-66.86179999999968,4.592101562500133,1,EXIT_PROFIT_TARGET_MET
2025-01-17 03:35:00,-67.11200000000008,4.485844375000013,1,EXIT_PROFIT_TARGET_MET
2025-01-17 03:40:00,-67.08479999999963,4.038701406250148,1,EXIT_PROFIT_TARGET_MET
2025-01-17 03:45:00,-66.86059999999998,10.952688125000051,1,EXIT_PROFIT_TARGET_MET
2025-01-17 03:50:00,-66.84320000000025,16.918489375000533,1,EXIT_PROFIT_TARGET_MET
2025-01-17 03:55:00,-66.88640000000032,44.34530250000205,1,EXIT_PROFIT_TARGET_MET
2025-01-17 04:00:00,-66.88640000000032,-84.38581335937506,-1,ACTION_FORCED_CUT_LONG
2025-01-17 04:05:00,-66.87880000000041,20.86365749999848,1,EXIT_PROFIT_TARGET_MET
2025-01-17 04:10:00,-66.76040000000012,-74.78782249999989,-1,NO_VALID_ACTION_DEFENSIVE_AVG
2025-01-17 04:15:00,-66.5652,17.935373124999415,1,EXIT_PROFIT_TARGET_MET
2025-01-17 04:20:00,-66.65760000000046,13.840898124998873,1,EXIT_PROFIT_TARGET_MET
2025-01-17 04:25:00,-66.40859999999975,2.5259487500012767,1,EXIT_PROFIT_TARGET_MET
2025-01-17 04:30:00,-66.3072000000002,6.3918237500007535,1,EXIT_PROFIT_TARGET_MET
2025-01-17 04:35:00,-66.20820000000003,10.166198750000262,1,EXIT_PROFIT_TARGET_MET
2025-01-17 04:40:00,-66.20820000000003,10.166198750000262,1,EXIT_PROFIT_TARGET_MET
2025-01-17 04:45:00,-66.24179999999978,8.885198750001223,1,EXIT_PROFIT_TARGET_MET
2025-01-17 04:50:00,-66.54979999999978,18.617785625001147,1,EXIT_PROFIT_TARGET_MET
2025-01-17 04:55:00,-66.54979999999978,18.617785625001147,1,EXIT_PROFIT_TARGET_MET
2025-01-17 05:00:00,-66.43000000000029,1.7100737500011576,1,EXIT_PROFIT_TARGET_MET
2025-01-17 05:05:00,-66.50799999999981,20.47004812500066,1,EXIT_PROFIT_TARGET_MET
2025-01-17 05:10:00,-66.67360000000008,13.131898124997889,1,EXIT_PROFIT_TARGET_MET
2025-01-17 05:15:00,-66.61319999999978,15.80837312499915,1,EXIT_PROFIT_TARGET_MET
2025-01-17 05:20:00,-66.55659999999989,18.316460624999863,1,EXIT_PROFIT_TARGET_MET
2025-01-17 05:25:00,-66.55659999999989,18.316460624999863,1,EXIT_PROFIT_TARGET_MET
2025-01-17 05:30:00,-66.57480000000032,17.509973125001025,1,EXIT_PROFIT_TARGET_MET
2025-01-17 05:35:00,-66.61319999999978,15.80837312499915,1,EXIT_PROFIT_TARGET_MET
2025-01-17 05:40:00,-66.61440000000039,15.755198124999112,1,EXIT_PROFIT_TARGET_MET
2025-01-17 05:45:00,-66.61880000000019,15.560223124999183,1,EXIT_PROFIT_TARGET_MET
2025-01-17 05:50:00,-66.7539999999999,9.5691731249985,1,EXIT_PROFIT_TARGET_MET
2025-01-17 05:55:00,-66.86099999999988,4.827735624997828,1,EXIT_PROFIT_TARGET_MET
2025-01-17 06:00:00,-66.91499999999996,2.4348606249994162,1,EXIT_PROFIT_TARGET_MET
2025-01-17 06:05:00,-66.82200000000012,6.55592312500049,1,EXIT_PROFIT_TARGET_MET
2025-01-17 06:10:00,-66.85339999999997,5.164510624999181,1,EXIT_PROFIT_TARGET_MET
2025-01-17 06:15:00,-66.6905999999999,12.378585624999218,1,EXIT_PROFIT_TARGET_MET
2025-01-17 06:20:00,-66.57800000000043,17.3681731249996,1,EXIT_PROFIT_TARGET_MET
2025-01-17 06:25:00,-66.53380000000016,19.326785624997655,1,EXIT_PROFIT_TARGET_MET
2025-01-17 06:30:00,-66.79640000000018,7.690323124999864,1,EXIT_PROFIT_TARGET_MET
2025-01-17 06:35:00,-66.67360000000008,13.131898124997889,1,EXIT_PROFIT_TARGET_MET
2025-01-17 06:40:00,-66.7474000000002,9.86163562500063,1,EXIT_PROFIT_TARGET_MET
2025-01-17 06:45:00,-66.66600000000017,13.46867312499758,1,EXIT_PROFIT_TARGET_MET
2025-01-17 06:50:00,-66.72000000000025,11.075798124999167,1,EXIT_PROFIT_TARGET_MET
2025-01-17 06:55:00,-66.72000000000025,11.075798124999167,1,EXIT_PROFIT_TARGET_MET
2025-01-17 07:00:00,-66.44459999999981,1.1534487499994555,1,EXIT_PROFIT_TARGET_MET
2025-01-17 07:05:00,-66.60860000000048,16.012210624999767,1,EXIT_PROFIT_TARGET_MET
2025-01-17 07:10:00,-66.6855999999998,12.600148124998142,1,EXIT_PROFIT_TARGET_MET
2025-01-17 07:15:00,-66.51360000000022,20.221898124999413,1,EXIT_PROFIT_TARGET_MET
2025-01-17 07:20:00,-66.27999999999975,7.428823750001328,1,EXIT_PROFIT_TARGET_MET
2025-01-17 07:25:00,-66.27999999999975,7.428823750001328,1,EXIT_PROFIT_TARGET_MET
2025-01-17 07:30:00,-66.42900000000009,1.748198750001933,1,EXIT_PROFIT_TARGET_MET
2025-01-17 07:35:00,-66.42900000000009,1.748198750001933,1,EXIT_PROFIT_TARGET_MET
2025-01-17 07:40:00,-66.50500000000011,20.602985625001395,1,EXIT_PROFIT_TARGET_MET
2025-01-17 07:45:00,-66.44819999999982,1.0161987500009104,1,EXIT_PROFIT_TARGET_MET
2025-01-17 07:50:00,-66.38860000000022,3.2884487500009243,1,EXIT_PROFIT_TARGET_MET
2025-01-17 07:55:00,-66.38860000000022,3.2884487500009243,1,EXIT_PROFIT_TARGET_MET
2025-01-17 08:00:00,-66.30479999999989,6.4833237500007215,1,EXIT_PROFIT_TARGET_MET
2025-01-17 08:05:00,-66.28880000000026,7.093323750000337,1,EXIT_PROFIT_TARGET_MET
2025-01-17 08:10:00,-66.16420000000016,11.843698750002147,1,EXIT_PROFIT_TARGET_MET
2025-01-17 08:15:00,-66.04700000000048,16.311948749998578,1,EXIT_PROFIT_TARGET_MET
2025-01-17 08:20:00,-65.92519999999968,20.955573749998933,1,EXIT_PROFIT_TARGET_MET
2025-01-17 08:25:00,-65.8100000000004,25.347573750001743,1,EXIT_PROFIT_TARGET_MET
2025-01-17 08:30:00,-65.48580000000038,37.707698750000844,1,EXIT_PROFIT_TARGET_MET
2025-01-17 08:35:00,-65.65779999999995,31.15019875000101,1,EXIT_PROFIT_TARGET_MET
2025-01-17 08:40:00,-65.61160000000018,32.91157375000046,1,EXIT_PROFIT_TARGET_MET
2025-01-17 08:45:00,-65.8112000000001,25.301823750001887,1,EXIT_PROFIT_TARGET_MET
2025-01-17 08:50:00,-65.73980000000029,28.023948750000358,1,EXIT_PROFIT_TARGET_MET
2025-01-17 08:55:00,-65.89320000000043,25.346753749998868,1,EXIT_PROFIT_TARGET_MET
2025-01-17 09:00:00,-66.03359999999975,29.10248625000051,1,EXIT_PROFIT_TARGET_MET
2025-01-17 09:05:00,-66.05379999999968,20.453974999998564,1,EXIT_PROFIT_TARGET_MET
2025-01-17 09:10:00,-66.07759999999962,15.29948375000086,1,EXIT_PROFIT_TARGET_MET
2025-01-17 09:15:00,-66.09100000000035,99.50216000000108,1,EXIT_PROFIT_TARGET_MET
2025-01-17 09:20:00,-65.92820000000029,53.83602499999978,1,EXIT_PROFIT_TARGET_MET
2025-01-17 09:25:00,-65.92820000000029,34.99253000000067,1,EXIT_PROFIT_TARGET_MET
2025-01-17 09:30:00,-66.02580000000034,31.911477500000586,1,EXIT_PROFIT_TARGET_MET
2025-01-17 09:35:00,-66.02580000000034,8.745760000000189,1,EXIT_PROFIT_TARGET_MET
2025-01-17 09:40:00,-66.0018,34.97971124999782,1,EXIT_PROFIT_TARGET_MET
2025-01-17 09:45:00,-66.13079999999991,3.3858575000008955,1,EXIT_PROFIT_TARGET_MET
2025-01-17 09:50:00,-66.17500000000018,23.584398749998655,1,EXIT_PROFIT_TARGET_MET
2025-01-17 09:55:00,-66.22180000000026,21.800148750000176,1,EXIT_PROFIT_TARGET_MET
2025-01-17 10:00:00,-66.22460000000046,21.693398749999744,1,EXIT_PROFIT_TARGET_MET
2025-01-17 10:05:00,-66.2493999999997,20.747898750000672,1,EXIT_PROFIT_TARGET_MET
2025-01-17 10:10:00,-66.19740000000002,22.730398749999296,1,EXIT_PROFIT_TARGET_MET
2025-01-17 10:15:00,-66.2539999999999,23.32798625000109,1,EXIT_PROFIT_TARGET_MET
2025-01-17 10:20:00,-66.32440000000042,30.26735125000124,1,EXIT_PROFIT_TARGET_MET
2025-01-17 10:25:00,-66.28539999999975,1.3234280049800945e-07,1,EXIT_PROFIT_TARGET_MET
2025-01-17 10:30:00,-66.27720000000045,2.0757697522638178e-07,1,EXIT_PROFIT_TARGET_MET
2025-01-17 10:35:00,-66.27580000000034,5.043723136186632e-06,1,EXIT_PROFIT_TARGET_MET
2025-01-17 10:40:00,-66.31680000000051,2.333378493785841e-06,1,EXIT_PROFIT_TARGET_MET
2025-01-17 10:45:00,-66.20600000000013,4.181539267301539e-06,1,EXIT_PROFIT_TARGET_MET
2025-01-17 10:50:00,-66.28819999999996,-95.83452562499929,-1,NO_VALID_ACTION_DEFENSIVE_AVG
2025-01-17 10:55:00,-66.30339999999978,-125.23728343749727,-1,NO_VALID_ACTION_DEFENSIVE_AVG
2025-01-17 11:00:00,-66.33780000000024,-331.4891823437474,-1,ACTION_DEFENSIVE_AVG_SHORT
2025-01-17 11:05:00,-66.375,-394.40305890624154,-1,ACTION_DEFENSIVE_AVG_LONG
2025-01-17 11:10:00,-66.4431999999997,-147.36308179687325,-1,HOLD
2025-01-17 11:15:00,-66.47559999999976,-113.1964401562495,-1,HOLD
2025-01-17 11:20:00,-66.58619999999974,-73.72696031250001,-1,HOLD
2025-01-17 11:25:00,-66.77379999999994,-92.31592187500254,-1,HOLD
2025-01-17 11:30:00,-67.08500000000004,-93.02508937500602,-1,HOLD
2025-01-17 11:35:00,-67.38020000000051,35.91980859375074,1,EXIT_PROFIT_TARGET_MET
2025-01-17 11:40:00,-67.53459999999995,-129.1500953124982,-1,NO_VALID_ACTION_DEFENSIVE_AVG
2025-01-17 11:45:00,-67.35419999999976,28.260327812499646,1,EXIT_PROFIT_TARGET_MET
2025-01-17 11:50:00,-67.40899999999965,37.299958593750475,1,EXIT_PROFIT_TARGET_MET
2025-01-17 11:55:00,-67.71140000000014,0.5425316992187588,1,EXIT_PROFIT_TARGET_MET
2025-01-17 12:00:00,-67.64339999999993,5.574799726562574,1,EXIT_PROFIT_TARGET_MET
2025-01-17 12:05:00,-67.7474000000002,0.49964107421872184,1,EXIT_PROFIT_TARGET_MET
2025-01-17 12:10:00,-67.61620000000039,5.725462226562473,1,EXIT_PROFIT_TARGET_MET
2025-01-17 12:15:00,-67.86380000000008,0.36096138671875444,1,EXIT_PROFIT_TARGET_MET
2025-01-17 12:20:00,-67.76519999999982,0.4784340429687206,1,EXIT_PROFIT_TARGET_MET
2025-01-17 12:25:00,-67.76640000000043,0.4770043554687411,1,EXIT_PROFIT_TARGET_MET
2025-01-17 12:30:00,-67.70520000000033,0.5499184179687715,1,EXIT_PROFIT_TARGET_MET
2025-01-17 12:35:00,-67.48319999999967,40.85576171874888,1,EXIT_PROFIT_TARGET_MET
2025-01-17 12:40:00,-67.42100000000028,37.875021093748686,1,EXIT_PROFIT_TARGET_MET
2025-01-17 12:45:00,-67.22540000000026,-122.81006343750275,-1,HOLD
2025-01-17 12:50:00,-67.14639999999963,-127.06089156250388,-1,HOLD
2025-01-17 12:55:00,-67.28780000000006,6.9283840624980755,1,EXIT_PROFIT_TARGET_MET
2025-01-17 13:00:00,-67.48220000000038,40.807839843748,1,EXIT_PROFIT_TARGET_MET
2025-01-17 13:05:00,-67.39419999999973,36.59071484374921,1,EXIT_PROFIT_TARGET_MET
2025-01-17 13:10:00,-67.40200000000004,36.96450546874898,1,EXIT_PROFIT_TARGET_MET
2025-01-17 13:15:00,-67.44160000000011,38.86221171874955,1,EXIT_PROFIT_TARGET_MET
2025-01-17 13:20:00,-67.31800000000021,26.582684062499233,1,EXIT_PROFIT_TARGET_MET
2025-01-17 13:25:00,-67.27980000000025,6.557634062498792,1,EXIT_PROFIT_TARGET_MET
2025-01-17 13:30:00,-67.3743999999997,35.64186171874967,1,EXIT_PROFIT_TARGET_MET
2025-01-17 13:35:00,-67.51299999999992,-122.22358281249706,-1,HOLD
2025-01-17 13:40:00,-67.40139999999974,-172.37287398437456,-1,HOLD
2025-01-17 13:45:00,-67.33219999999983,-172.49500671874273,-1,NO_VALID_ACTION_DEFENSIVE_AVG
2025-01-17 13:50:00,-67.25759999999991,-170.5263395312457,-1,NO_VALID_ACTION_DEFENSIVE_AVG
2025-01-17 13:55:00,-67.21320000000014,-133.34481968750487,-1,HOLD
2025-01-17 14:00:00,-67.27660000000014,-173.86246453125142,-1,HOLD
2025-01-17 14:05:00,-67.1264000000001,-144.24581343749588,-1,HOLD
2025-01-17 14:10:00,-66.98620000000028,-78.03527750000137,-1,HOLD
2025-01-17 14:15:00,-67.05280000000039,15.610819375000467,1,EXIT_PROFIT_TARGET_MET
2025-01-17 14:20:00,-67.08899999999994,14.920756875000656,1,EXIT_PROFIT_TARGET_MET
2025-01-17 14:25:00,-67.03780000000006,7.657610000000091,1,EXIT_PROFIT_TARGET_MET
2025-01-17 14:30:00,-67.04039999999986,-195.1321997656322,-1,NO_VALID_ACTION_DEFENSIVE_AVG
2025-01-17 14:35:00,-67.13919999999962,-120.21050031249825,-1,NO_VALID_ACTION_DEFENSIVE_AVG
2025-01-17 14:40:00,-67.21519999999964,-112.02749156250019,-1,NO_VALID_ACTION_DEFENSIVE_AVG
2025-01-17 14:45:00,-67.19700000000012,-114.7406384375015,-1,NO_VALID_ACTION_DEFENSIVE_AVG
2025-01-17 14:50:00,-67.42100000000028,0.0035342225646972612,1,EXIT_PROFIT_TARGET_MET
2025-01-17 14:55:00,-67.33160000000044,0.005527454452514637,1,EXIT_PROFIT_TARGET_MET
2025-01-17 15:00:00,-67.3155999999999,0.010230611953735399,1,EXIT_PROFIT_TARGET_MET
2025-01-17 15:05:00,-67.33380000000034,0.010145910415649322,1,EXIT_PROFIT_TARGET_MET
2025-01-17 15:10:00,-67.36539999999968,-175.77940546875107,-1,NO_VALID_ACTION_DEFENSIVE_AVG
2025-01-17 15:15:00,-67.40899999999965,-182.45321546875283,-1,NO_VALID_ACTION_DEFENSIVE_AVG
2025-01-17 15:20:00,-67.36859999999979,-251.91982789062195,-1,NO_VALID_ACTION_DEFENSIVE_AVG
2025-01-17 15:25:00,-67.33219999999983,-171.96344421874272,-1,NO_VALID_ACTION_DEFENSIVE_AVG
2025-01-17 15:30:00,-67.33219999999983,-165.09110046874298,-1,NO_VALID_ACTION_DEFENSIVE_AVG
2025-01-17 15:35:00,-67.26540000000023,-174.0106660937522,-1,NO_VALID_ACTION_DEFENSIVE_AVG
2025-01-17 15:40:00,-67.15620000000035,-148.933710312499,-1,NO_VALID_ACTION_DEFENSIVE_AVG
2025-01-17 15:45:00,-67.15620000000035,-141.02355406249904,-1,NO_VALID_ACTION_DEFENSIVE_AVG
2025-01-17 15:50:00,-67.34720000000016,-177.15262390624855,-1,NO_VALID_ACTION_DEFENSIVE_AVG
2025-01-17 15:55:00,-67.36859999999979,-285.7215075781223,-1,NO_VALID_ACTION_DEFENSIVE_AVG
2025-01-17 16:00:00,-67.26479999999992,-212.2882239062492,-1,NO_VALID_ACTION_DEFENSIVE_AVG
2025-01-17 16:05:00,-67.40779999999995,-181.6339239843752,-1,NO_VALID_ACTION_DEFENSIVE_AVG
2025-01-17 16:10:00,-67.45200000000023,4.295558593749975,1,EXIT_PROFIT_TARGET_MET
2025-01-17 16:15:00,-67.45200000000023,4.295558593749975,1,EXIT_PROFIT_TARGET_MET
2025-01-17 16:20:00,-67.48099999999977,4.2722226562500065,1,EXIT_PROFIT_TARGET_MET
2025-01-17 16:25:00,-67.4431999999997,6.512363945312559,1,EXIT_PROFIT_TARGET_MET
2025-01-17 16:30:00,-67.45139999999992,9.918960234375152,1,EXIT_PROFIT_TARGET_MET
2025-01-17 16:35:00,-67.45139999999992,-161.36795109375328,-1,NO_VALID_ACTION_DEFENSIVE_AVG
2025-01-17 16:40:00,-67.45139999999992,10.866702968748246,1,EXIT_PROFIT_TARGET_MET
2025-01-17 16:45:00,-67.40560000000005,-189.36645367187396,-1,NO_VALID_ACTION_DEFENSIVE_AVG
2025-01-17 16:50:00,-67.35239999999976,-190.4579692187507,-1,NO_VALID_ACTION_DEFENSIVE_AVG
2025-01-17 16:55:00,-67.34979999999996,-194.36535515624962,-1,NO_VALID_ACTION_DEFENSIVE_AVG
2025-01-17 17:00:00,-67.29700000000048,-207.16944421874723,-1,NO_VALID_ACTION_DEFENSIVE_AVG
2025-01-17 17:05:00,-67.35999999999967,-278.2556239843791,-1,NO_VALID_ACTION_DEFENSIVE_AVG
2025-01-17 17:10:00,-67.4369999999999,-202.5490271093728,-1,NO_VALID_ACTION_DEFENSIVE_AVG
2025-01-17 17:15:00,-67.43419999999969,-198.51630210937594,-1,HOLD
2025-01-17 17:20:00,-67.41460000000006,-197.87152398437456,-1,HOLD
2025-01-17 17:25:00,-67.36040000000048,-285.8776427343764,-1,HOLD
2025-01-17 17:30:00,-67.3738000000003,-276.99548570312527,-1,HOLD
2025-01-17 17:35:00,-67.29259999999977,-194.08200359374507,-1,HOLD
2025-01-17 17:40:00,-67.63460000000032,-136.96953468749928,-1,HOLD
2025-01-17 17:45:00,-67.67299999999977,-133.5070846875003,-1,HOLD
2025-01-17 17:50:00,-67.55299999999988,-145.64075015624587,-1,HOLD
2025-01-17 17:55:00,-67.41840000000047,-201.99390523437808,-1,HOLD
2025-01-17 18:00:00,-67.48999999999978,45.35920749999997,1,EXIT_PROFIT_TARGET_MET
2025-01-17 18:05:00,-67.53139999999985,44.29315749999898,1,EXIT_PROFIT_TARGET_MET
2025-01-17 18:10:00,-67.53139999999985,44.29315749999898,1,EXIT_PROFIT_TARGET_MET
2025-01-17 18:15:00,-67.64080000000013,41.47610749999956,1,EXIT_PROFIT_TARGET_MET
2025-01-17 18:20:00,-67.65539999999964,41.1001575000011,1,EXIT_PROFIT_TARGET_MET
2025-01-17 18:25:00,-67.57420000000002,43.19105750000034,1,EXIT_PROFIT_TARGET_MET
2025-01-17 18:30:00,-67.8739999999998,35.47120750000016,1,EXIT_PROFIT_TARGET_MET
2025-01-17 18:35:00,-67.96420000000035,33.148557500000265,1,EXIT_PROFIT_TARGET_MET
2025-01-17 18:40:00,-67.88919999999962,35.079807499999276,1,EXIT_PROFIT_TARGET_MET
2025-01-17 18:45:00,-67.8134,37.03165749999965,1,EXIT_PROFIT_TARGET_MET
2025-01-17 18:50:00,-68.07440000000042,30.310907500001008,1,EXIT_PROFIT_TARGET_MET
2025-01-17 18:55:00,-68.13400000000001,28.776207500001306,1,EXIT_PROFIT_TARGET_MET
2025-01-17 19:00:00,-68.03319999999985,31.371807500001523,1,EXIT_PROFIT_TARGET_MET
2025-01-17 19:05:00,-68.15459999999985,28.245757500000025,1,EXIT_PROFIT_TARGET_MET
2025-01-17 19:10:00,-68.21460000000025,26.700757499999895,1,EXIT_PROFIT_TARGET_MET
2025-01-17 19:15:00,-68.15899999999965,28.13245749999993,1,EXIT_PROFIT_TARGET_MET
2025-01-17 19:20:00,-68.00640000000021,32.06190749999945,1,EXIT_PROFIT_TARGET_MET
2025-01-17 19:25:00,-68.11059999999998,29.37875750000046,1,EXIT_PROFIT_TARGET_MET
2025-01-17 19:30:00,-68.15440000000035,28.25090749999896,1,EXIT_PROFIT_TARGET_MET
2025-01-17 19:35:00,-68.15440000000035,28.25090749999896,1,EXIT_PROFIT_TARGET_MET
2025-01-17 19:40:00,-68.15440000000035,28.25090749999896,1,EXIT_PROFIT_TARGET_MET
2025-01-17 19:45:00,-68.10720000000038,29.466307499999232,1,EXIT_PROFIT_TARGET_MET
2025-01-17 19:50:00,-68.10720000000038,29.466307499999232,1,EXIT_PROFIT_TARGET_MET
2025-01-17 19:55:00,-68.10720000000038,29.466307499999232,1,EXIT_PROFIT_TARGET_MET
2025-01-17 20:00:00,-68.10720000000038,29.466307499999232,1,EXIT_PROFIT_TARGET_MET
2025-01-17 20:05:00,-68.10720000000038,29.466307499999232,1,EXIT_PROFIT_TARGET_MET
2025-01-17 20:10:00,-68.73139999999967,13.393157499998438,1,EXIT_PROFIT_TARGET_MET
2025-01-17 20:15:00,-68.5586000000003,17.842757500000857,1,EXIT_PROFIT_TARGET_MET
2025-01-17 20:20:00,-68.4980000000005,32.69544999999795,1,EXIT_PROFIT_TARGET_MET
2025-01-17 20:25:00,-68.47180000000026,16.65660999999946,1,EXIT_PROFIT_TARGET_MET
2025-01-17 20:30:00,-68.47980000000007,9.00898000000037,1,EXIT_PROFIT_TARGET_MET
2025-01-17 20:35:00,-68.51980000000003,0.6967040625002241,1,EXIT_PROFIT_TARGET_MET
2025-01-17 20:40:00,-68.3743999999997,0.03851135292571021,1,EXIT_PROFIT_TARGET_MET
2025-01-17 20:45:00,-68.50460000000021,0.020236863061783742,1,EXIT_PROFIT_TARGET_MET
2025-01-17 20:50:00,-68.50460000000021,0.13748813997339088,1,EXIT_PROFIT_TARGET_MET
2025-01-17 20:55:00,-68.50460000000021,0.2584498745521198,1,EXIT_PROFIT_TARGET_MET
2025-01-17 21:00:00,-68.54700000000048,0.49882949623503287,1,EXIT_PROFIT_TARGET_MET
2025-01-17 21:05:00,-68.54700000000048,0.890532757536069,1,EXIT_PROFIT_TARGET_MET
2025-01-17 21:10:00,-68.35639999999967,0.16105141769184866,1,EXIT_PROFIT_TARGET_MET
2025-01-17 21:15:00,-68.4364000000005,3.9930116569814667,1,EXIT_PROFIT_TARGET_MET
2025-01-17 21:20:00,-68.44840000000022,1.874621908698426,1,EXIT_PROFIT_TARGET_MET
2025-01-17 21:25:00,-68.61319999999978,-291.6611582031244,-1,HOLD
2025-01-17 21:30:00,-68.5685999999996,-202.15591093750038,-1,HOLD
2025-01-17 21:35:00,-68.57039999999961,-119.44146812500065,-1,HOLD
2025-01-17 21:40:00,-68.57039999999961,-119.15740562500059,-1,HOLD
2025-01-17 21:45:00,-68.57039999999961,-119.5849056250006,-1,HOLD
2025-01-17 21:50:00,-68.51180000000022,-121.5431431250006,-1,HOLD
2025-01-17 21:55:00,-68.51180000000022,-121.22814312500066,-1,HOLD
2025-01-17 22:00:00,-68.45160000000033,9.693454064617507,1,EXIT_PROFIT_TARGET_MET
2025-01-17 22:05:00,-68.44940000000042,-159.49819437500082,-1,HOLD
2025-01-17 22:10:00,-68.44940000000042,1.4325299158245774,1,EXIT_PROFIT_TARGET_MET
2025-01-17 22:15:00,-68.39860000000044,-123.47824312500035,-1,HOLD
2025-01-17 22:20:00,-68.39860000000044,-123.0310556250003,-1,HOLD
2025-01-17 22:25:00,-68.23739999999998,-100.20051374999906,-1,HOLD
2025-01-17 22:30:00,-68.09379999999965,-129.2872103124983,-1,HOLD
2025-01-17 22:35:00,-68.0572000000002,-124.38663531250131,-1,HOLD
2025-01-17 22:40:00,-68.19840000000022,-77.54783875000015,-1,HOLD
2025-01-17 22:45:00,-68.28359999999975,-87.29610062499984,-1,HOLD
2025-01-17 22:50:00,-68.23139999999967,-97.13038874999901,-1,HOLD
2025-01-17 22:55:00,-68.23139999999967,-96.395388749999,-1,HOLD
2025-01-17 23:00:00,-68.32660000000033,-89.7858506249994,-1,HOLD
2025-01-17 23:05:00,-68.26800000000003,-91.97752562499966,-1,HOLD
2025-01-17 23:10:00,-68.28880000000026,-92.22125062499993,-1,HOLD
2025-01-17 23:15:00,-68.28880000000026,-93.110000625,-1,HOLD
2025-01-17 23:20:00,-68.28880000000026,-88.76187562500002,-1,NO_VALID_ACTION_DEFENSIVE_AVG
2025-01-17 23:25:00,-68.39419999999973,-115.53556812499767,-1,NO_VALID_ACTION_DEFENSIVE_AVG
2025-01-17 23:30:00,-68.32600000000002,-87.17633812500031,-1,NO_VALID_ACTION_DEFENSIVE_AVG
2025-01-17 23:35:00,-67.9423999999999,-104.4626878125029,-1,NO_VALID_ACTION_DEFENSIVE_AVG
2025-01-17 23:40:00,-68.23739999999998,-95.92363874999899,-1,NO_VALID_ACTION_DEFENSIVE_AVG
2025-01-17 23:45:00,-68.20480000000043,-76.75138874999985,-1,NO_VALID_ACTION_DEFENSIVE_AVG
2025-01-17 23:50:00,-68.1242000000002,-138.07487406250078,-1,NO_VALID_ACTION_DEFENSIVE_AVG
2025-01-17 23:55:00,-68.1242000000002,-139.69487406250067,-1,NO_VALID_ACTION_DEFENSIVE_AVG
2025-01-18 00:00:00,-68.1242000000002,-141.52581156250073,-1,NO_VALID_ACTION_DEFENSIVE_AVG
2025-01-18 00:05:00,-68.18339999999989,-76.73408874999987,-1,NO_VALID_ACTION_DEFENSIVE_AVG
2025-01-18 00:10:00,-68.23880000000008,-91.35031374999832,-1,NO_VALID_ACTION_DEFENSIVE_AVG
2025-01-18 00:15:00,-68.3145999999997,-75.4490381249989,-1,NO_VALID_ACTION_DEFENSIVE_AVG
2025-01-18 00:20:00,-68.39419999999973,-105.64963062499777,-1,NO_VALID_ACTION_DEFENSIVE_AVG
2025-01-18 00:25:00,-68.53920000000016,-100.2180681249979,-1,NO_VALID_ACTION_DEFENSIVE_AVG
2025-01-18 00:30:00,-68.4362000000001,-105.64363062500064,-1,NO_VALID_ACTION_DEFENSIVE_AVG
2025-01-18 00:35:00,-68.38640000000032,-108.28003062500147,-1,NO_VALID_ACTION_DEFENSIVE_AVG
2025-01-18 00:40:00,-68.05159999999978,-112.11087281250076,-1,NO_VALID_ACTION_DEFENSIVE_AVG
2025-01-18 00:45:00,-68.23319999999967,-90.14923875000059,-1,NO_VALID_ACTION_DEFENSIVE_AVG
2025-01-18 00:50:00,-68.4355999999998,-105.09849312499904,-1,NO_VALID_ACTION_DEFENSIVE_AVG
2025-01-18 00:55:00,-68.46799999999985,-101.992480624998,-1,NO_VALID_ACTION_DEFENSIVE_AVG
2025-01-18 01:00:00,-68.60000000000036,-128.28043062499842,-1,NO_VALID_ACTION_DEFENSIVE_AVG
2025-01-18 01:05:00,-68.91520000000037,4.369818272704861,1,EXIT_PROFIT_TARGET_MET
2025-01-18 01:10:00,-68.97720000000027,7.438627171631228,1,EXIT_PROFIT_TARGET_MET
2025-01-18 01:15:00,-68.8096000000005,-125.44022437500092,-1,NO_VALID_ACTION_DEFENSIVE_AVG
2025-01-18 01:20:00,-68.41560000000027,-104.65536812500181,-1,NO_VALID_ACTION_DEFENSIVE_AVG
2025-01-18 01:25:00,-68.38540000000012,-105.46365562499918,-1,NO_VALID_ACTION_DEFENSIVE_AVG
2025-01-18 01:30:00,-68.20539999999983,-69.2012137499994,-1,NO_VALID_ACTION_DEFENSIVE_AVG
2025-01-18 01:35:00,-68.46420000000035,57.168866250000406,1,EXIT_PROFIT_TARGET_MET
2025-01-18 01:40:00,-68.54340000000047,-97.03934312500115,-1,NO_VALID_ACTION_DEFENSIVE_AVG
2025-01-18 01:45:00,-68.31900000000041,-71.21921312499933,-1,NO_VALID_ACTION_DEFENSIVE_AVG
2025-01-18 01:50:00,-68.3738000000003,-104.1362056250016,-1,NO_VALID_ACTION_DEFENSIVE_AVG
2025-01-18 01:55:00,-68.39779999999973,-103.55420562500171,-1,NO_VALID_ACTION_DEFENSIVE_AVG
2025-01-18 02:00:00,-68.39800000000014,-104.05279312500008,-1,NO_VALID_ACTION_DEFENSIVE_AVG
2025-01-18 02:05:00,-68.3706000000002,-104.9563056249998,-1,NO_VALID_ACTION_DEFENSIVE_AVG
2025-01-18 02:10:00,-68.6242000000002,-85.37390343749934,-1,NO_VALID_ACTION_DEFENSIVE_AVG
2025-01-18 02:15:00,-68.85440000000017,15.421431718748849,1,EXIT_PROFIT_TARGET_MET
2025-01-18 02:20:00,-68.89080000000013,18.47531554687413,1,EXIT_PROFIT_TARGET_MET
2025-01-18 02:25:00,-68.78240000000005,0.03850687500062122,1,EXIT_PROFIT_TARGET_MET
2025-01-18 02:30:00,-68.86139999999978,5.4854185937498485,1,EXIT_PROFIT_TARGET_MET
2025-01-18 02:35:00,-68.8127999999997,8.183026562500075,1,EXIT_PROFIT_TARGET_MET
2025-01-18 02:40:00,-68.8127999999997,5.741193749999908,1,EXIT_PROFIT_TARGET_MET
2025-01-18 02:45:00,-68.65099999999984,9.356163437500108,1,EXIT_PROFIT_TARGET_MET
2025-01-18 02:50:00,-68.85720000000038,11.893322812499811,1,EXIT_PROFIT_TARGET_MET
2025-01-18 02:55:00,-68.69000000000051,111.10347437499945,1,EXIT_PROFIT_TARGET_MET
2025-01-18 03:00:00,-68.72720000000027,92.0087187500017,1,EXIT_PROFIT_TARGET_MET
2025-01-18 03:05:00,-68.54820000000018,60.52085625000018,1,EXIT_PROFIT_TARGET_MET
2025-01-18 03:10:00,-68.6869999999999,21.34098499999959,1,EXIT_PROFIT_TARGET_MET
2025-01-18 03:15:00,-68.64840000000004,20.153637500000457,1,EXIT_PROFIT_TARGET_MET
2025-01-18 03:20:00,-68.6260000000002,9.569819999999936,1,EXIT_PROFIT_TARGET_MET
2025-01-18 03:25:00,-68.6869999999999,2.9725150000004987,1,EXIT_PROFIT_TARGET_MET
2025-01-18 03:30:00,-68.4998000000005,29.063671562498065,1,EXIT_PROFIT_TARGET_MET
2025-01-18 03:35:00,-68.44539999999961,26.273881874998963,1,EXIT_PROFIT_TARGET_MET
2025-01-18 03:40:00,-68.38540000000012,28.008045625000435,1,EXIT_PROFIT_TARGET_MET
2025-01-18 03:45:00,-68.46119999999974,25.877462499998984,1,EXIT_PROFIT_TARGET_MET
2025-01-18 03:50:00,-68.26640000000043,47.95233124999936,1,EXIT_PROFIT_TARGET_MET
2025-01-18 03:55:00,-68.26640000000043,23.18041562499974,1,EXIT_PROFIT_TARGET_MET
2025-01-18 04:00:00,-68.32620000000043,5.685968750001507,1,EXIT_PROFIT_TARGET_MET
2025-01-18 04:05:00,-68.3761999999997,29.108416874998966,1,EXIT_PROFIT_TARGET_MET
2025-01-18 04:10:00,-68.34860000000026,24.305653749997987,1,EXIT_PROFIT_TARGET_MET
2025-01-18 04:15:00,-68.49579999999969,5.488397187499,1,EXIT_PROFIT_TARGET_MET
2025-01-18 04:20:00,-68.5,13.72920843750017,1,EXIT_PROFIT_TARGET_MET
2025-01-18 04:25:00,-68.51080000000002,63.22969625000058,1,EXIT_PROFIT_TARGET_MET
2025-01-18 04:30:00,-68.4377999999997,74.65559437499941,1,EXIT_PROFIT_TARGET_MET
2025-01-18 04:35:00,-68.36560000000009,38.88068249999898,1,EXIT_PROFIT_TARGET_MET
2025-01-18 04:40:00,-68.42839999999978,17.655489999999418,1,EXIT_PROFIT_TARGET_MET
2025-01-18 04:45:00,-68.46060000000034,11.531880000000456,1,EXIT_PROFIT_TARGET_MET
2025-01-18 04:50:00,-68.41100000000006,46.7421800000005,1,EXIT_PROFIT_TARGET_MET
2025-01-18 04:55:00,-68.36719999999968,16.697377500001323,1,EXIT_PROFIT_TARGET_MET
2025-01-18 05:00:00,-68.39099999999962,40.661008749999525,1,EXIT_PROFIT_TARGET_MET
2025-01-18 05:05:00,-68.30420000000049,42.996267499999476,1,EXIT_PROFIT_TARGET_MET
2025-01-18 05:10:00,-68.48440000000028,16.656312499999274,1,EXIT_PROFIT_TARGET_MET
2025-01-18 05:15:00,-68.70120000000043,1.9631875000000605,1,EXIT_PROFIT_TARGET_MET
2025-01-18 05:20:00,-68.71079999999984,44.80892249999795,1,EXIT_PROFIT_TARGET_MET
2025-01-18 05:25:00,-68.60099999999966,49.16207000000105,1,EXIT_PROFIT_TARGET_MET
2025-01-18 05:30:00,-68.36620000000039,22.593561249999198,1,EXIT_PROFIT_TARGET_MET
2025-01-18 05:35:00,-68.40899999999965,9.757347500000634,1,EXIT_PROFIT_TARGET_MET
2025-01-18 05:40:00,-68.56959999999981,18.137180000000427,1,EXIT_PROFIT_TARGET_MET
2025-01-18 05:45:00,-68.5640000000003,13.63328374999773,1,EXIT_PROFIT_TARGET_MET
2025-01-18 05:50:00,-68.54439999999977,11.994557499999331,1,EXIT_PROFIT_TARGET_MET
2025-01-18 05:55:00,-68.69340000000011,10.101199999998357,1,EXIT_PROFIT_TARGET_MET
2025-01-18 06:00:00,-68.6927999999998,12.222503125000898,1,EXIT_PROFIT_TARGET_MET
2025-01-18 06:05:00,-68.69340000000011,1.345187500000776,1,EXIT_PROFIT_TARGET_MET
2025-01-18 06:10:00,-68.85860000000048,24.41501874999966,1,EXIT_PROFIT_TARGET_MET
2025-01-18 06:15:00,-69.28600000000006,14.994972499999221,1,EXIT_PROFIT_TARGET_MET
2025-01-18 06:20:00,-69.1884,56.89274625000229,1,EXIT_PROFIT_TARGET_MET
2025-01-18 06:25:00,-69.77279999999973,28.822882499999935,1,EXIT_PROFIT_TARGET_MET
2025-01-18 06:30:00,-70.03899999999976,157.55194500000135,1,EXIT_PROFIT_TARGET_MET
2025-01-18 06:35:00,-70.14320000000043,158.78542499999912,1,EXIT_PROFIT_TARGET_MET
2025-01-18 06:40:00,-70.14680000000044,77.63292000000149,1,EXIT_PROFIT_TARGET_MET
2025-01-18 06:45:00,-70.40239999999994,75.19602750000115,1,EXIT_PROFIT_TARGET_MET
2025-01-18 06:50:00,-70.50740000000042,79.42666000000116,1,EXIT_PROFIT_TARGET_MET
2025-01-18 06:55:00,-70.3119999999999,124.54097249999921,1,EXIT_PROFIT_TARGET_MET
2025-01-18 07:00:00,-70.29659999999967,39.23771749999992,1,EXIT_PROFIT_TARGET_MET
2025-01-18 07:05:00,-70.14339999999993,35.52261749999997,1,EXIT_PROFIT_TARGET_MET
2025-01-18 07:10:00,-70.1253999999999,35.086117499999546,1,EXIT_PROFIT_TARGET_MET
2025-01-18 07:15:00,-70.15599999999995,35.828167499999495,1,EXIT_PROFIT_TARGET_MET
2025-01-18 07:20:00,-70.1221999999998,35.00851750000038,1,EXIT_PROFIT_TARGET_MET
2025-01-18 07:25:00,-70.00759999999991,32.22946749999983,1,EXIT_PROFIT_TARGET_MET
2025-01-18 07:30:00,-69.94380000000001,30.68231750000035,1,EXIT_PROFIT_TARGET_MET
2025-01-18 07:35:00,-69.58479999999963,21.976567500000613,1,EXIT_PROFIT_TARGET_MET
2025-01-18 07:40:00,-69.5626000000002,21.438217500001542,1,EXIT_PROFIT_TARGET_MET
2025-01-18 07:45:00,-69.57899999999972,21.835917500000846,1,EXIT_PROFIT_TARGET_MET
2025-01-18 07:50:00,-69.47460000000046,19.304217499999424,1,EXIT_PROFIT_TARGET_MET
2025-01-18 07:55:00,-69.48880000000008,19.648567499999047,1,EXIT_PROFIT_TARGET_MET
2025-01-18 08:00:00,-69.64140000000043,23.349117500000432,1,EXIT_PROFIT_TARGET_MET
2025-01-18 08:05:00,-69.65560000000005,23.693467500000054,1,EXIT_PROFIT_TARGET_MET
2025-01-18 08:10:00,-69.68199999999979,24.333667500000843,1,EXIT_PROFIT_TARGET_MET
2025-01-18 08:15:00,-69.59960000000046,22.335467499998288,1,EXIT_PROFIT_TARGET_MET
2025-01-18 08:20:00,-69.64159999999993,23.35396750000166,1,EXIT_PROFIT_TARGET_MET
2025-01-18 08:25:00,-69.59400000000005,22.19966750000026,1,EXIT_PROFIT_TARGET_MET
2025-01-18 08:30:00,-69.63680000000022,23.237567499997795,1,EXIT_PROFIT_TARGET_MET
2025-01-18 08:35:00,-69.63000000000011,23.072667499999568,1,EXIT_PROFIT_TARGET_MET
2025-01-18 08:40:00,-69.63000000000011,23.072667499999568,1,EXIT_PROFIT_TARGET_MET
2025-01-18 08:45:00,-69.42020000000048,17.985017499998776,1,EXIT_PROFIT_TARGET_MET
2025-01-18 08:50:00,-69.4989999999998,19.895917500000223,1,EXIT_PROFIT_TARGET_MET
2025-01-18 08:55:00,-69.46740000000045,19.12961750000028,1,EXIT_PROFIT_TARGET_MET
2025-01-18 09:00:00,-69.28600000000006,14.730667499999242,1,EXIT_PROFIT_TARGET_MET
2025-01-18 09:05:00,-69.44999999999982,18.707667499999957,1,EXIT_PROFIT_TARGET_MET
2025-01-18 09:10:00,-69.44999999999982,18.707667499999957,1,EXIT_PROFIT_TARGET_MET
2025-01-18 09:15:00,-69.41280000000006,17.805567499998915,1,EXIT_PROFIT_TARGET_MET
2025-01-18 09:20:00,-69.59540000000015,22.23361750000015,1,EXIT_PROFIT_TARGET_MET
2025-01-18 09:25:00,-69.67500000000018,24.163917500000366,1,EXIT_PROFIT_TARGET_MET
2025-01-18 09:30:00,-69.4985999999999,19.886217499999304,1,EXIT_PROFIT_TARGET_MET
2025-01-18 09:35:00,-69.54539999999997,21.021117499999377,1,EXIT_PROFIT_TARGET_MET
2025-01-18 09:40:00,-69.55879999999979,21.346067499998696,1,EXIT_PROFIT_TARGET_MET
2025-01-18 09:45:00,-69.5648000000001,21.49156749999969,1,EXIT_PROFIT_TARGET_MET
2025-01-18 09:50:00,-69.54259999999977,20.95321750000113,1,EXIT_PROFIT_TARGET_MET
2025-01-18 09:55:00,-69.48459999999977,19.54671750000091,1,EXIT_PROFIT_TARGET_MET
2025-01-18 10:00:00,-69.6282000000001,23.02901749999876,1,EXIT_PROFIT_TARGET_MET
2025-01-18 10:05:00,-69.62660000000051,22.990217499999176,1,EXIT_PROFIT_TARGET_MET
2025-01-18 10:10:00,-69.50979999999981,20.15781749999894,1,EXIT_PROFIT_TARGET_MET
2025-01-18 10:15:00,-69.5612000000001,21.404267500000117,1,EXIT_PROFIT_TARGET_MET
2025-01-18 10:20:00,-69.54520000000048,21.01626749999764,1,EXIT_PROFIT_TARGET_MET
2025-01-18 10:25:00,-69.47940000000017,19.420617499999707,1,EXIT_PROFIT_TARGET_MET
2025-01-18 10:30:00,-69.6905999999999,24.54221749999988,1,EXIT_PROFIT_TARGET_MET
2025-01-18 10:35:00,-69.76280000000042,26.293067499999722,1,EXIT_PROFIT_TARGET_MET
2025-01-18 10:40:00,-69.77239999999983,26.525867500000288,1,EXIT_PROFIT_TARGET_MET
2025-01-18 10:45:00,-69.77000000000044,23.789939999997955,1,EXIT_PROFIT_TARGET_MET
2025-01-18 10:50:00,-69.75540000000001,8.489201545715404e-05,1,EXIT_PROFIT_TARGET_MET
2025-01-18 10:55:00,-69.89260000000013,5.528572082519009e-05,1,EXIT_PROFIT_TARGET_MET
2025-01-18 11:00:00,-69.53240000000005,0.00010411468505859339,1,EXIT_PROFIT_TARGET_MET
2025-01-18 11:05:00,-69.4431999999997,0.0002912938880920467,1,EXIT_PROFIT_TARGET_MET
2025-01-18 11:10:00,-69.81880000000001,0.00010792083740233027,1,EXIT_PROFIT_TARGET_MET
2025-01-18 11:15:00,-69.7529999999997,-248.37641999999937,-1,NO_VALID_ACTION_DEFENSIVE_AVG
2025-01-18 11:20:00,-69.33899999999994,-254.2183700000004,-1,NO_VALID_ACTION_DEFENSIVE_AVG
2025-01-18 11:25:00,-69.6252000000004,-256.5480200000005,-1,NO_VALID_ACTION_DEFENSIVE_AVG
2025-01-18 11:30:00,-69.27040000000034,-246.39192000000025,-1,NO_VALID_ACTION_DEFENSIVE_AVG
2025-01-18 11:35:00,-69.14519999999993,-236.21552000000042,-1,NO_VALID_ACTION_DEFENSIVE_AVG
2025-01-18 11:40:00,-69.47739999999976,-191.84804999999983,-1,NO_VALID_ACTION_DEFENSIVE_AVG
2025-01-18 11:45:00,-69.42579999999998,-195.24434999999994,-1,NO_VALID_ACTION_DEFENSIVE_AVG
2025-01-18 11:50:00,-69.30879999999979,-190.95159999999987,-1,NO_VALID_ACTION_DEFENSIVE_AVG
2025-01-18 11:55:00,-69.36099999999988,-187.63574999999992,-1,HOLD
2025-01-18 12:00:00,-69.42519999999968,-183.05389999999989,-1,HOLD
2025-01-18 12:05:00,-69.28899999999976,0.017126675415038983,1,EXIT_PROFIT_TARGET_MET
2025-01-18 12:10:00,-69.3797999999997,0.017664248657226572,1,EXIT_PROFIT_TARGET_MET
2025-01-18 12:15:00,-69.46780000000035,0.01818524475097634,1,EXIT_PROFIT_TARGET_MET
2025-01-18 12:20:00,-69.46560000000045,0.018172219848633042,1,EXIT_PROFIT_TARGET_MET
2025-01-18 12:25:00,-69.40639999999985,0.01782173156738319,1,EXIT_PROFIT_TARGET_MET
2025-01-18 12:30:00,-69.28279999999995,0.017089968872070316,1,EXIT_PROFIT_TARGET_MET
2025-01-18 12:35:00,-69.32780000000002,-206.78798000000052,-1,HOLD
2025-01-18 12:40:00,-69.35819999999967,0.01999267089843748,1,EXIT_PROFIT_TARGET_MET
2025-01-18 12:45:00,-69.32579999999962,-176.6043499999996,-1,HOLD
2025-01-18 12:50:00,-69.11819999999989,-179.73864999999978,-1,HOLD
2025-01-18 12:55:00,-69.2460000000001,-186.21950000000015,-1,HOLD
2025-01-18 13:00:00,-69.20219999999972,-155.56664999999975,-1,NO_VALID_ACTION_DEFENSIVE_AVG
2025-01-18 13:05:00,-69.15539999999964,-119.9115499999998,-1,NO_VALID_ACTION_DEFENSIVE_AVG
2025-01-18 13:10:00,-68.91359999999986,-116.21019999999976,-1,NO_VALID_ACTION_DEFENSIVE_AVG
2025-01-18 13:15:00,-68.80000000000018,-89.74000000000024,-1,NO_VALID_ACTION_DEFENSIVE_AVG
2025-01-18 13:20:00,-68.77059999999983,-93.53295000000003,-1,NO_VALID_ACTION_DEFENSIVE_AVG
2025-01-18 13:25:00,-68.72559999999976,-93.14419999999996,-1,NO_VALID_ACTION_DEFENSIVE_AVG
2025-01-18 13:30:00,-68.64959999999974,-89.60719999999992,-1,NO_VALID_ACTION_DEFENSIVE_AVG
2025-01-18 13:35:00,-68.58460000000014,-103.00345000000016,-1,NO_VALID_ACTION_DEFENSIVE_AVG
2025-01-18 13:40:00,-67.89660000000003,-67.78818250000074,1,NO_VALID_ACTION_DEFENSIVE_AVG
2025-01-18 13:45:00,-67.84220000000005,-64.60613250000063,1,NO_VALID_ACTION_DEFENSIVE_AVG
2025-01-18 13:50:00,-67.57219999999961,-107.21005078125073,-1,NO_VALID_ACTION_DEFENSIVE_AVG
2025-01-18 13:55:00,-67.70859999999993,-91.78267062499893,-1,ACTION_DEFENSIVE_AVG_SHORT
2025-01-18 14:00:00,-67.82679999999982,-70.74198124999862,-1,ACTION_DEFENSIVE_AVG_SHORT
2025-01-18 14:05:00,-67.91780000000017,-62.29988999999955,1,ACTION_DEFENSIVE_AVG_SHORT
2025-01-18 14:10:00,-67.89540000000034,-61.25328999999981,1,ACTION_DEFENSIVE_AVG_LONG
2025-01-18 14:15:00,-67.5614000000005,-141.30316171875432,-1,NO_VALID_ACTION_DEFENSIVE_AVG
2025-01-18 14:20:00,-67.39699999999993,-329.3843800488577,-1,NO_VALID_ACTION_DEFENSIVE_AVG
2025-01-18 14:25:00,-67.15139999999974,12.01132992188218,1,EXIT_PROFIT_TARGET_MET
2025-01-18 14:30:00,-67.41840000000047,-207.71603306640048,-1,NO_VALID_ACTION_DEFENSIVE_AVG
2025-01-18 14:35:00,-67.34659999999985,-167.49649980470156,-1,NO_VALID_ACTION_DEFENSIVE_AVG
2025-01-18 14:40:00,-67.4344000000001,-235.61503501954246,-1,NO_VALID_ACTION_DEFENSIVE_AVG
2025-01-18 14:45:00,-67.15139999999974,0.04691564941406362,1,EXIT_PROFIT_TARGET_MET
2025-01-18 14:50:00,-67.38439999999991,164.03516449214857,1,EXIT_PROFIT_TARGET_MET
2025-01-18 14:55:00,-67.38439999999991,164.03516449214857,1,EXIT_PROFIT_TARGET_MET
2025-01-18 15:00:00,-67.39519999999993,-344.6673195996311,-1,NO_VALID_ACTION_DEFENSIVE_AVG
2025-01-18 15:05:00,-67.32560000000012,-155.4336769921938,-1,NO_VALID_ACTION_DEFENSIVE_AVG
2025-01-18 15:10:00,-66.86599999999999,0.20120090820313086,1,EXIT_PROFIT_TARGET_MET
2025-01-18 15:15:00,-66.9998000000005,1.017621298828113,1,EXIT_PROFIT_TARGET_MET
2025-01-18 15:20:00,-67.09079999999994,13.57177992186837,1,EXIT_PROFIT_TARGET_MET
2025-01-18 15:25:00,-66.6927999999998,1.3119210742187235,1,EXIT_PROFIT_TARGET_MET
2025-01-18 15:30:00,-66.89379999999983,1.2916677343749772,1,EXIT_PROFIT_TARGET_MET
2025-01-18 15:35:00,-66.70600000000013,52.38032261718698,1,EXIT_PROFIT_TARGET_MET
2025-01-18 15:40:00,-66.54539999999997,4.244070624999978,1,EXIT_PROFIT_TARGET_MET
2025-01-18 15:45:00,-66.48260000000028,2.0951849999996313,1,EXIT_PROFIT_TARGET_MET
2025-01-18 15:50:00,-66.1864000000005,11.340853125000418,1,EXIT_PROFIT_TARGET_MET
2025-01-18 15:55:00,-65.94639999999981,6.601652500001421,1,EXIT_PROFIT_TARGET_MET
2025-01-18 16:00:00,-66.33259999999973,84.97988125000052,1,EXIT_PROFIT_TARGET_MET
2025-01-18 16:05:00,-66.35480000000007,77.67761875000005,1,EXIT_PROFIT_TARGET_MET
2025-01-18 16:10:00,-66.33839999999964,32.84967249999892,1,EXIT_PROFIT_TARGET_MET
2025-01-18 16:15:00,-66.38659999999982,28.683457499999463,1,EXIT_PROFIT_TARGET_MET
2025-01-18 16:20:00,-66.33839999999964,9.781585000002792,1,EXIT_PROFIT_TARGET_MET
2025-01-18 16:25:00,-66.39779999999973,25.36490749999882,1,EXIT_PROFIT_TARGET_MET
2025-01-18 16:30:00,-66.41679999999997,5.64536921875084,1,EXIT_PROFIT_TARGET_MET
2025-01-18 16:35:00,-66.72019999999975,1.1901300000006145,1,EXIT_PROFIT_TARGET_MET
2025-01-18 16:40:00,-66.5641999999998,0.3621228124999831,1,EXIT_PROFIT_TARGET_MET
2025-01-18 16:45:00,-66.42920000000049,12.621515468749601,1,EXIT_PROFIT_TARGET_MET
2025-01-18 16:50:00,-66.4359999999997,11.683938125001465,1,EXIT_PROFIT_TARGET_MET
2025-01-18 16:55:00,-66.34240000000045,40.179782070310246,1,EXIT_PROFIT_TARGET_MET
2025-01-18 17:00:00,-66.1210000000001,37.00884437500013,1,EXIT_PROFIT_TARGET_MET
2025-01-18 17:05:00,-66.00920000000042,29.539746562499428,1,EXIT_PROFIT_TARGET_MET
2025-01-18 17:10:00,-65.77459999999974,18.09789374999962,1,EXIT_PROFIT_TARGET_MET
2025-01-18 17:15:00,-65.98080000000027,19.16778750000107,1,EXIT_PROFIT_TARGET_MET
2025-01-18 17:20:00,-66.00900000000001,0.393987499998957,1,EXIT_PROFIT_TARGET_MET
2025-01-18 17:25:00,-65.85000000000036,26.81058062500152,1,EXIT_PROFIT_TARGET_MET
2025-01-18 17:30:00,-65.77620000000024,1.445127499998705,1,EXIT_PROFIT_TARGET_MET
2025-01-18 17:35:00,-66.00579999999991,1.8073809375001275,1,EXIT_PROFIT_TARGET_MET
2025-01-18 17:40:00,-66.00579999999991,6.797386093750799,1,EXIT_PROFIT_TARGET_MET
2025-01-18 17:45:00,-65.70240000000013,22.927270000000405,1,EXIT_PROFIT_TARGET_MET
2025-01-18 17:50:00,-65.72620000000006,31.02599125000023,1,EXIT_PROFIT_TARGET_MET
2025-01-18 17:55:00,-65.86580000000049,14.964863183594066,1,EXIT_PROFIT_TARGET_MET
2025-01-18 18:00:00,-65.60639999999967,23.716012500000303,1,EXIT_PROFIT_TARGET_MET
2025-01-18 18:05:00,-65.11920000000009,-191.1431675000017,-1,HOLD
2025-01-18 18:10:00,-65.61160000000018,65.50496421874907,1,EXIT_PROFIT_TARGET_MET
2025-01-18 18:15:00,-65.34360000000015,8.61585843749976,1,EXIT_PROFIT_TARGET_MET
2025-01-18 18:20:00,-65.21680000000015,14.626970937499223,1,EXIT_PROFIT_TARGET_MET
2025-01-18 18:25:00,-65.40779999999995,5.572377187500869,1,EXIT_PROFIT_TARGET_MET
2025-01-18 18:30:00,-65.65440000000035,63.40977046874875,1,EXIT_PROFIT_TARGET_MET
2025-01-18 18:35:00,-65.74179999999978,59.13126734374899,1,EXIT_PROFIT_TARGET_MET
2025-01-18 18:40:00,-65.61319999999978,65.4266392187491,1,EXIT_PROFIT_TARGET_MET
2025-01-18 18:45:00,-65.71360000000004,60.51174546875046,1,EXIT_PROFIT_TARGET_MET
2025-01-18 18:50:00,-65.8137999999999,55.60664234374952,1,EXIT_PROFIT_TARGET_MET
2025-01-18 18:55:00,-65.91700000000037,50.55467984374789,1,EXIT_PROFIT_TARGET_MET
2025-01-18 19:00:00,-66.0,46.49157046874955,1,EXIT_PROFIT_TARGET_MET
2025-01-18 19:05:00,-65.85959999999977,53.36458921875007,1,EXIT_PROFIT_TARGET_MET
2025-01-18 19:10:00,-65.60840000000007,65.66161421874898,1,EXIT_PROFIT_TARGET_MET
2025-01-18 19:15:00,-65.7464,58.90608296874989,1,EXIT_PROFIT_TARGET_MET
2025-01-18 19:20:00,-65.72620000000006,59.89493609375009,1,EXIT_PROFIT_TARGET_MET
2025-01-18 19:25:00,-65.71259999999984,60.56069859374966,1,EXIT_PROFIT_TARGET_MET
2025-01-18 19:30:00,-65.64879999999994,63.68390796875015,1,EXIT_PROFIT_TARGET_MET
2025-01-18 19:35:00,-65.26280000000042,12.446283437500448,1,EXIT_PROFIT_TARGET_MET
2025-01-18 19:40:00,-65.41259999999966,5.344827187499519,1,EXIT_PROFIT_TARGET_MET
2025-01-18 19:45:00,-65.5002000000004,1.1920396874989265,1,EXIT_PROFIT_TARGET_MET
2025-01-18 19:50:00,-65.60059999999976,66.0434485937495,1,EXIT_PROFIT_TARGET_MET
2025-01-18 19:55:00,-65.60059999999976,66.0434485937495,1,EXIT_PROFIT_TARGET_MET
2025-01-18 20:00:00,-65.6282000000001,64.6923423437503,1,EXIT_PROFIT_TARGET_MET
2025-01-18 20:05:00,-65.44000000000051,4.0458959375010295,1,EXIT_PROFIT_TARGET_MET
2025-01-18 20:10:00,-65.0,24.904645937500625,1,EXIT_PROFIT_TARGET_MET
2025-01-18 20:15:00,-65.43000000000029,4.519958437500705,1,EXIT_PROFIT_TARGET_MET
2025-01-18 20:20:00,-65.41259999999966,5.344827187499519,1,EXIT_PROFIT_TARGET_MET
2025-01-18 20:25:00,-65.39819999999963,6.0274771875005655,1,EXIT_PROFIT_TARGET_MET
2025-01-18 20:30:00,-65.39819999999963,6.0274771875005655,1,EXIT_PROFIT_TARGET_MET
2025-01-18 20:35:00,-64.90639999999985,1.8600362500011158,1,EXIT_PROFIT_TARGET_MET
2025-01-18 20:40:00,-65.19999999999982,15.42339593750021,1,EXIT_PROFIT_TARGET_MET
2025-01-18 20:45:00,-65.20340000000033,15.262214687499586,1,EXIT_PROFIT_TARGET_MET
2025-01-18 20:50:00,-65.35379999999986,8.132314687499296,1,EXIT_PROFIT_TARGET_MET
2025-01-18 20:55:00,-65.5612000000001,67.97220171875065,1,EXIT_PROFIT_TARGET_MET
2025-01-18 21:00:00,-65.2525999999998,12.929827187499441,1,EXIT_PROFIT_TARGET_MET
2025-01-18 21:05:00,-64.99539999999979,25.122714687499652,1,EXIT_PROFIT_TARGET_MET
2025-01-18 21:10:00,-65.35800000000017,7.933208437500184,1,EXIT_PROFIT_TARGET_MET
2025-01-18 21:15:00,-65.35800000000017,7.933208437500184,1,EXIT_PROFIT_TARGET_MET
2025-01-18 21:20:00,-65.34000000000015,8.786520937499702,1,EXIT_PROFIT_TARGET_MET
2025-01-18 21:25:00,-65.54799999999977,68.61838296874878,1,EXIT_PROFIT_TARGET_MET
2025-01-18 21:30:00,-65.39779999999973,6.046439687499074,1,EXIT_PROFIT_TARGET_MET
2025-01-18 21:35:00,-65.7543999999998,58.51445796875012,1,EXIT_PROFIT_TARGET_MET
2025-01-18 21:40:00,-66.35519999999997,29.103420468749047,1,EXIT_PROFIT_TARGET_MET
2025-01-18 21:45:00,-66.23260000000028,35.10507359374934,1,EXIT_PROFIT_TARGET_MET
2025-01-18 21:50:00,-66.14900000000034,39.19755484374997,1,EXIT_PROFIT_TARGET_MET
2025-01-18 21:55:00,-66.39999999999964,26.910320468748804,1,EXIT_PROFIT_TARGET_MET
2025-01-18 22:00:00,-66.39999999999964,26.910320468748804,1,EXIT_PROFIT_TARGET_MET
2025-01-18 22:05:00,-66.39999999999964,26.910320468748804,1,EXIT_PROFIT_TARGET_MET
2025-01-18 22:10:00,-66.39999999999964,26.910320468748804,1,EXIT_PROFIT_TARGET_MET
2025-01-18 22:15:00,-66.60059999999976,17.090323593749222,1,EXIT_PROFIT_TARGET_MET
2025-01-18 22:20:00,-66.23959999999988,34.76240171875031,1,EXIT_PROFIT_TARGET_MET
2025-01-18 22:25:00,-66.0,46.49157046874955,1,EXIT_PROFIT_TARGET_MET
2025-01-18 22:30:00,-66.0,46.49157046874955,1,EXIT_PROFIT_TARGET_MET
2025-01-18 22:35:00,-65.77199999999993,57.65288296875063,1,EXIT_PROFIT_TARGET_MET
2025-01-18 22:40:00,-66.00659999999971,46.16847984374894,1,EXIT_PROFIT_TARGET_MET
2025-01-18 22:45:00,-66.00820000000022,46.090154843749005,1,EXIT_PROFIT_TARGET_MET
2025-01-18 22:50:00,-66.00820000000022,46.090154843749005,1,EXIT_PROFIT_TARGET_MET
2025-01-18 22:55:00,-66.00820000000022,46.090154843749005,1,EXIT_PROFIT_TARGET_MET
2025-01-18 23:00:00,-65.83020000000033,54.803811093748486,1,EXIT_PROFIT_TARGET_MET
2025-01-18 23:05:00,-65.73099999999977,59.65996109374868,1,EXIT_PROFIT_TARGET_MET
2025-01-18 23:10:00,-65.73099999999977,59.65996109374868,1,EXIT_PROFIT_TARGET_MET
2025-01-18 23:15:00,-66.0039999999999,46.29575796874965,1,EXIT_PROFIT_TARGET_MET
2025-01-18 23:20:00,-65.92000000000007,50.40782046874876,1,EXIT_PROFIT_TARGET_MET
2025-01-18 23:25:00,-65.92000000000007,50.40782046874876,1,EXIT_PROFIT_TARGET_MET
2025-01-18 23:30:00,-66.31999999999971,30.82657046874958,1,EXIT_PROFIT_TARGET_MET
2025-01-18 23:35:00,-66.23080000000027,35.19318921875005,1,EXIT_PROFIT_TARGET_MET
2025-01-18 23:40:00,-66.33259999999973,30.209761093749176,1,EXIT_PROFIT_TARGET_MET
2025-01-18 23:45:00,-66.25879999999961,33.82250171874932,1,EXIT_PROFIT_TARGET_MET
2025-01-18 23:50:00,-66.25879999999961,33.82250171874932,1,EXIT_PROFIT_TARGET_MET
2025-01-18 23:55:00,-66.5608000000002,19.03865796874882,1,EXIT_PROFIT_TARGET_MET
2025-01-19 00:00:00,-66.31500000000051,31.07133609374866,1,EXIT_PROFIT_TARGET_MET
2025-01-19 00:05:00,-66.5637999999999,18.89179859374969,1,EXIT_PROFIT_TARGET_MET
2025-01-19 00:10:00,-66.31500000000051,31.07133609374866,1,EXIT_PROFIT_TARGET_MET
2025-01-19 00:15:00,-66.20840000000044,36.2897392187494,1,EXIT_PROFIT_TARGET_MET
2025-01-19 00:20:00,-66.5036,15.956005312499535,1,EXIT_PROFIT_TARGET_MET
2025-01-19 00:25:00,-66.5036,6.332983749998434,1,EXIT_PROFIT_TARGET_MET
2025-01-19 00:30:00,-66.1252000000004,13.328831249998842,1,EXIT_PROFIT_TARGET_MET
2025-01-19 00:35:00,-65.8100000000004,80.74116375000122,1,EXIT_PROFIT_TARGET_MET
2025-01-19 00:40:00,-66.00879999999961,30.026062500001046,1,EXIT_PROFIT_TARGET_MET
2025-01-19 00:45:00,-66.00900000000001,41.29521500000146,1,EXIT_PROFIT_TARGET_MET
2025-01-19 00:50:00,-66.00900000000001,16.805196562500186,1,EXIT_PROFIT_TARGET_MET
2025-01-19 00:55:00,-65.92900000000009,15.130541562500156,1,EXIT_PROFIT_TARGET_MET
2025-01-19 01:00:00,-65.73099999999977,4.41602531250188,1,EXIT_PROFIT_TARGET_MET
2025-01-19 01:05:00,-65.94580000000042,30.05713125000024,1,EXIT_PROFIT_TARGET_MET
2025-01-19 01:10:00,-66.0600000000004,8.259566875001042,1,EXIT_PROFIT_TARGET_MET
2025-01-19 01:15:00,-66.44459999999981,16.6416772363267,1,EXIT_PROFIT_TARGET_MET
2025-01-19 01:20:00,-66.40859999999975,10.735983593750044,1,EXIT_PROFIT_TARGET_MET
2025-01-19 01:25:00,-66.51400000000012,9.729907304687584,1,EXIT_PROFIT_TARGET_MET
2025-01-19 01:30:00,-66.72000000000025,24.33591593750089,1,EXIT_PROFIT_TARGET_MET
2025-01-19 01:35:00,-66.68119999999999,33.2312088671868,1,EXIT_PROFIT_TARGET_MET
2025-01-19 01:40:00,-66.60940000000028,26.94504570312443,1,EXIT_PROFIT_TARGET_MET
2025-01-19 01:45:00,-66.6866,23.28302921875052,1,EXIT_PROFIT_TARGET_MET
2025-01-19 01:50:00,-66.3086000000003,34.43797999999972,1,EXIT_PROFIT_TARGET_MET
2025-01-19 01:55:00,-66.13159999999971,36.572992499998705,1,EXIT_PROFIT_TARGET_MET
2025-01-19 02:00:00,-66.28319999999985,16.09822499999973,1,EXIT_PROFIT_TARGET_MET
2025-01-19 02:05:00,-66.0,35.656886249999644,1,EXIT_PROFIT_TARGET_MET
2025-01-19 02:10:00,-66.0,5.030069999999512,1,EXIT_PROFIT_TARGET_MET
2025-01-19 02:15:00,-65.78679999999986,11.99710859374937,1,EXIT_PROFIT_TARGET_MET
2025-01-19 02:20:00,-66.02000000000044,9.174430370330745e-05,1,EXIT_PROFIT_TARGET_MET
2025-01-19 02:25:00,-66.16480000000047,0.00038147648811340034,1,EXIT_PROFIT_TARGET_MET
2025-01-19 02:30:00,-65.93159999999989,0.00029415426254272284,1,EXIT_PROFIT_TARGET_MET
2025-01-19 02:35:00,-65.5600000000004,0.0006661826324463015,1,EXIT_PROFIT_TARGET_MET
2025-01-19 02:40:00,-65.8100000000004,0.00029651756286630526,1,EXIT_PROFIT_TARGET_MET
2025-01-19 02:45:00,-65.90300000000025,0.0036406723022459585,1,EXIT_PROFIT_TARGET_MET
2025-01-19 02:50:00,-65.3119999999999,1.426701250000761,1,EXIT_PROFIT_TARGET_MET
2025-01-19 02:55:00,-65.1253999999999,26.218460000000228,1,EXIT_PROFIT_TARGET_MET
2025-01-19 03:00:00,-65.61160000000018,16.524664687501122,1,EXIT_PROFIT_TARGET_MET
2025-01-19 03:05:00,-65.71159999999963,9.42666937499979,1,EXIT_PROFIT_TARGET_MET
2025-01-19 03:10:00,-65.65300000000025,10.391221874999317,1,EXIT_PROFIT_TARGET_MET
2025-01-19 03:15:00,-65.52480000000014,15.796621250000385,1,EXIT_PROFIT_TARGET_MET
2025-01-19 03:20:00,-65.5,0.20681782714845032,1,EXIT_PROFIT_TARGET_MET
2025-01-19 03:25:00,-65.53279999999995,0.9436300878906226,1,EXIT_PROFIT_TARGET_MET
2025-01-19 03:30:00,-65.61999999999989,1.3246945703125936,1,EXIT_PROFIT_TARGET_MET
2025-01-19 03:35:00,-65.61999999999989,2.711599003906273,1,EXIT_PROFIT_TARGET_MET
2025-01-19 03:40:00,-65.44980000000032,1.3504078906248933,1,EXIT_PROFIT_TARGET_MET
2025-01-19 03:45:00,-65.61999999999989,16.5523553125002,1,EXIT_PROFIT_TARGET_MET
2025-01-19 03:50:00,-65.53899999999976,46.84497749999966,1,EXIT_PROFIT_TARGET_MET
2025-01-19 03:55:00,-65.21680000000015,10.040677734374999,1,EXIT_PROFIT_TARGET_MET
2025-01-19 04:00:00,-65.41979999999967,18.489726250002633,1,EXIT_PROFIT_TARGET_MET
2025-01-19 04:05:00,-65.15599999999995,21.154676289063815,1,EXIT_PROFIT_TARGET_MET
2025-01-19 04:10:00,-65.24240000000009,104.21664249999716,1,EXIT_PROFIT_TARGET_MET
2025-01-19 04:15:00,-65.26599999999962,104.78894249999814,1,EXIT_PROFIT_TARGET_MET
2025-01-19 04:20:00,-65.3126000000002,105.91899249999699,1,EXIT_PROFIT_TARGET_MET
2025-01-19 04:25:00,-65.4328000000005,7.917676250000113,1,EXIT_PROFIT_TARGET_MET
2025-01-19 04:30:00,-65.4948000000004,3.3623837499976617,1,EXIT_PROFIT_TARGET_MET
2025-01-19 04:35:00,-65.53999999999996,2.0359124999995117,1,EXIT_PROFIT_TARGET_MET
2025-01-19 04:40:00,-65.65999999999985,4.22820468750007,1,EXIT_PROFIT_TARGET_MET
2025-01-19 04:45:00,-65.57999999999993,4.630458984375004,1,EXIT_PROFIT_TARGET_MET
2025-01-19 04:50:00,-65.17720000000008,0.022708125000061585,1,EXIT_PROFIT_TARGET_MET
2025-01-19 04:55:00,-65.30379999999968,66.05156499999845,1,EXIT_PROFIT_TARGET_MET
2025-01-19 05:00:00,-65.36220000000048,0.6186523437500142,1,EXIT_PROFIT_TARGET_MET
2025-01-19 05:05:00,-65.48000000000047,1.3358010937500246,1,EXIT_PROFIT_TARGET_MET
2025-01-19 05:10:00,-65.4971999999998,3.923369101562563,1,EXIT_PROFIT_TARGET_MET
2025-01-19 05:15:00,-65.58320000000003,3.913092031249972,1,EXIT_PROFIT_TARGET_MET
2025-01-19 05:20:00,-65.63420000000042,1.629021562499986,1,EXIT_PROFIT_TARGET_MET
2025-01-19 05:25:00,-65.65080000000034,3.0555654687500464,1,EXIT_PROFIT_TARGET_MET
2025-01-19 05:30:00,-65.75340000000051,1.921628828124918,1,EXIT_PROFIT_TARGET_MET
2025-01-19 05:35:00,-65.6866,2.4042289062500366,1,EXIT_PROFIT_TARGET_MET
2025-01-19 05:40:00,-65.78359999999975,25.760787812500162,1,EXIT_PROFIT_TARGET_MET
2025-01-19 05:45:00,-65.8152,5.984448750000041,1,EXIT_PROFIT_TARGET_MET
2025-01-19 05:50:00,-65.85400000000027,81.21431374999855,1,EXIT_PROFIT_TARGET_MET
2025-01-19 05:55:00,-65.72440000000006,50.609152499999084,1,EXIT_PROFIT_TARGET_MET
2025-01-19 06:00:00,-65.83160000000044,13.249069999999335,1,EXIT_PROFIT_TARGET_MET
2025-01-19 06:05:00,-65.65779999999995,54.726003750000814,1,EXIT_PROFIT_TARGET_MET
2025-01-19 06:10:00,-65.60180000000037,5.961432499999233,1,EXIT_PROFIT_TARGET_MET
2025-01-19 06:15:00,-65.53800000000047,3.6088074999993864,1,EXIT_PROFIT_TARGET_MET
2025-01-19 06:20:00,-65.49039999999968,1.8535574999994822,1,EXIT_PROFIT_TARGET_MET
2025-01-19 06:25:00,-65.19999999999982,58.181134999999855,1,EXIT_PROFIT_TARGET_MET
2025-01-19 06:30:00,-65.46759999999995,1.0128074999988144,1,EXIT_PROFIT_TARGET_MET
2025-01-19 06:35:00,-65.41340000000037,67.3973474999998,1,EXIT_PROFIT_TARGET_MET
2025-01-19 06:40:00,-65.46140000000014,0.7841825000001563,1,EXIT_PROFIT_TARGET_MET
2025-01-19 06:45:00,-65.26559999999972,61.014235000000326,1,EXIT_PROFIT_TARGET_MET
2025-01-19 06:50:00,-65.2462000000005,60.176397499998274,1,EXIT_PROFIT_TARGET_MET
2025-01-19 06:55:00,-65.35339999999997,64.80609749999947,1,EXIT_PROFIT_TARGET_MET
2025-01-19 07:00:00,-65.33880000000045,64.17555999999931,1,EXIT_PROFIT_TARGET_MET
2025-01-19 07:05:00,-65.45920000000024,0.7030575000004262,1,EXIT_PROFIT_TARGET_MET
2025-01-19 07:10:00,-65.58600000000024,5.378807499999823,1,EXIT_PROFIT_TARGET_MET
2025-01-19 07:15:00,-65.5601999999999,4.427432499999895,1,EXIT_PROFIT_TARGET_MET
2025-01-19 07:20:00,-65.61959999999999,6.617807500000026,1,EXIT_PROFIT_TARGET_MET
2025-01-19 07:25:00,-65.57639999999992,5.024807500001117,1,EXIT_PROFIT_TARGET_MET
2025-01-19 07:30:00,-65.5601999999999,4.427432499999895,1,EXIT_PROFIT_TARGET_MET
2025-01-19 07:35:00,-65.60279999999966,5.998307499998646,1,EXIT_PROFIT_TARGET_MET
2025-01-19 07:40:00,-65.57679999999982,5.0395575000001145,1,EXIT_PROFIT_TARGET_MET
2025-01-19 07:45:00,-65.59019999999964,5.533682499999912,1,EXIT_PROFIT_TARGET_MET
2025-01-19 07:50:00,-65.59019999999964,5.533682499999912,1,EXIT_PROFIT_TARGET_MET
2025-01-19 07:55:00,-65.46799999999985,1.0275574999996024,1,EXIT_PROFIT_TARGET_MET
2025-01-19 08:00:00,-65.54100000000017,3.719432500000437,1,EXIT_PROFIT_TARGET_MET
2025-01-19 08:05:00,-65.64639999999963,7.606057500000901,1,EXIT_PROFIT_TARGET_MET
2025-01-19 08:10:00,-65.59420000000046,5.68118249999884,1,EXIT_PROFIT_TARGET_MET
2025-01-19 08:15:00,-65.67219999999998,8.557432499999805,1,EXIT_PROFIT_TARGET_MET
2025-01-19 08:20:00,-65.65160000000014,7.797807499998868,1,EXIT_PROFIT_TARGET_MET
2025-01-19 08:25:00,-65.6869999999999,50.7600287499981,1,EXIT_PROFIT_TARGET_MET
2025-01-19 08:30:00,-65.73400000000038,15.151835000000176,1,EXIT_PROFIT_TARGET_MET
2025-01-19 08:35:00,-65.75420000000031,83.11078999999967,1,EXIT_PROFIT_TARGET_MET
2025-01-19 08:40:00,-65.72379999999976,98.65211499999873,1,EXIT_PROFIT_TARGET_MET
2025-01-19 08:45:00,-65.6855999999998,50.089489999999046,1,EXIT_PROFIT_TARGET_MET
2025-01-19 08:50:00,-65.70799999999963,66.1239000000001,1,EXIT_PROFIT_TARGET_MET
2025-01-19 08:55:00,-65.69459999999981,11.52052500000201,1,EXIT_PROFIT_TARGET_MET
2025-01-19 09:00:00,-65.75380000000041,9.390105122070201,1,EXIT_PROFIT_TARGET_MET
2025-01-19 09:05:00,-65.6880000000001,14.901510170898867,1,EXIT_PROFIT_TARGET_MET
2025-01-19 09:10:00,-65.74319999999989,31.295538496397313,1,EXIT_PROFIT_TARGET_MET
2025-01-19 09:15:00,-65.77499999999964,1.8879660937515936,1,EXIT_PROFIT_TARGET_MET
2025-01-19 09:20:00,-65.8739999999998,1.7849124999985548,1,EXIT_PROFIT_TARGET_MET
2025-01-19 09:25:00,-65.95359999999982,42.66003687499786,1,EXIT_PROFIT_TARGET_MET
2025-01-19 09:30:00,-66.22800000000007,51.60206624999927,1,EXIT_PROFIT_TARGET_MET
2025-01-19 09:35:00,-66.28359999999975,28.195679999999584,1,EXIT_PROFIT_TARGET_MET
2025-01-19 09:40:00,-66.40639999999985,2.338845000001811,1,EXIT_PROFIT_TARGET_MET
2025-01-19 09:45:00,-66.21699999999964,7.109427499999754,1,EXIT_PROFIT_TARGET_MET
2025-01-19 09:50:00,-66.29539999999997,33.876412500001095,1,EXIT_PROFIT_TARGET_MET
2025-01-19 09:55:00,-66.15520000000015,22.777070000000492,1,EXIT_PROFIT_TARGET_MET
2025-01-19 10:00:00,-66.10040000000026,4.561532499999998,1,EXIT_PROFIT_TARGET_MET
2025-01-19 10:05:00,-66.04719999999998,13.337777500000001,1,EXIT_PROFIT_TARGET_MET
2025-01-19 10:10:00,-65.98400000000038,79.68715500000066,1,EXIT_PROFIT_TARGET_MET
2025-01-19 10:15:00,-66.29320000000007,88.26603250000102,1,EXIT_PROFIT_TARGET_MET
2025-01-19 10:20:00,-66.3155999999999,26.23166750000263,1,EXIT_PROFIT_TARGET_MET
2025-01-19 10:25:00,-66.34180000000015,44.636130000002424,1,EXIT_PROFIT_TARGET_MET
2025-01-19 10:30:00,-66.3774000000003,59.1877662499993,1,EXIT_PROFIT_TARGET_MET
2025-01-19 10:35:00,-66.33020000000033,22.108492499999045,1,EXIT_PROFIT_TARGET_MET
2025-01-19 10:40:00,-66.35199999999986,10.879082500000607,1,EXIT_PROFIT_TARGET_MET
2025-01-19 10:45:00,-66.44980000000032,32.73824250000109,1,EXIT_PROFIT_TARGET_MET
2025-01-19 10:50:00,-66.3730000000005,18.082792499999698,1,EXIT_PROFIT_TARGET_MET
2025-01-19 10:55:00,-66.28620000000046,18.883152499998914,1,EXIT_PROFIT_TARGET_MET
2025-01-19 11:00:00,-66.40920000000006,64.34888500000193,1,EXIT_PROFIT_TARGET_MET
2025-01-19 11:05:00,-66.8144000000002,67.4620099999999,1,EXIT_PROFIT_TARGET_MET
2025-01-19 11:10:00,-67.19539999999961,63.965677499998606,1,EXIT_PROFIT_TARGET_MET
2025-01-19 11:15:00,-67.01860000000033,16.94687999999809,1,EXIT_PROFIT_TARGET_MET
2025-01-19 11:20:00,-67.15480000000025,90.26567249999891,1,EXIT_PROFIT_TARGET_MET
2025-01-19 11:25:00,-66.94660000000022,32.946307500002206,1,EXIT_PROFIT_TARGET_MET
2025-01-19 11:30:00,-66.84500000000025,52.559726250001745,1,EXIT_PROFIT_TARGET_MET
2025-01-19 11:35:00,-66.8163999999997,0.3907774999993876,1,EXIT_PROFIT_TARGET_MET
2025-01-19 11:40:00,-66.95700000000033,58.86619249999879,1,EXIT_PROFIT_TARGET_MET
2025-01-19 11:45:00,-66.98639999999978,8.7027374999995,1,EXIT_PROFIT_TARGET_MET
2025-01-19 11:50:00,-67.15139999999974,13.627640000000213,1,EXIT_PROFIT_TARGET_MET
2025-01-19 11:55:00,-67.01540000000023,19.842874999999253,1,EXIT_PROFIT_TARGET_MET
2025-01-19 12:00:00,-67.00340000000051,9.513046250001992,1,EXIT_PROFIT_TARGET_MET
2025-01-19 12:05:00,-67.05240000000049,29.12954624999972,1,EXIT_PROFIT_TARGET_MET
2025-01-19 12:10:00,-67.05240000000049,4.052862500000003,1,EXIT_PROFIT_TARGET_MET
2025-01-19 12:15:00,-67.05240000000049,4.270217499999831,1,EXIT_PROFIT_TARGET_MET
2025-01-19 12:20:00,-67.04700000000048,34.52749812499938,1,EXIT_PROFIT_TARGET_MET
2025-01-19 12:25:00,-67.15580000000045,4.429379999999114,1,EXIT_PROFIT_TARGET_MET
2025-01-19 12:30:00,-67.10339999999997,57.78105999999934,1,EXIT_PROFIT_TARGET_MET
2025-01-19 12:35:00,-67.3735999999999,38.939090000000306,1,EXIT_PROFIT_TARGET_MET
2025-01-19 12:40:00,-67.48859999999968,12.248963124999833,1,EXIT_PROFIT_TARGET_MET
2025-01-19 12:45:00,-67.16139999999996,16.902620937499627,1,EXIT_PROFIT_TARGET_MET
2025-01-19 12:50:00,-67.16139999999996,3.4293087500007005,1,EXIT_PROFIT_TARGET_MET
2025-01-19 12:55:00,-67.1256000000003,4.351158750000536,1,EXIT_PROFIT_TARGET_MET
2025-01-19 13:00:00,-67.10860000000048,4.78890875000161,1,EXIT_PROFIT_TARGET_MET
2025-01-19 13:05:00,-67.19000000000051,2.6928587499983223,1,EXIT_PROFIT_TARGET_MET
2025-01-19 13:10:00,-66.89959999999974,4.658918750002613,1,EXIT_PROFIT_TARGET_MET
2025-01-19 13:15:00,-66.98620000000028,59.33627187499846,1,EXIT_PROFIT_TARGET_MET
2025-01-19 13:20:00,-66.88299999999981,5.0863687500011,1,EXIT_PROFIT_TARGET_MET
2025-01-19 13:25:00,-66.69779999999992,12.137687500000425,1,EXIT_PROFIT_TARGET_MET
2025-01-19 13:30:00,-66.88659999999982,4.993668750000097,1,EXIT_PROFIT_TARGET_MET
2025-01-19 13:35:00,-66.72620000000006,11.406387500001756,1,EXIT_PROFIT_TARGET_MET
2025-01-19 13:40:00,-66.64620000000014,13.466387499997978,1,EXIT_PROFIT_TARGET_MET
2025-01-19 13:45:00,-66.96799999999985,32.72538781250228,1,EXIT_PROFIT_TARGET_MET
2025-01-19 13:50:00,-66.95799999999963,32.98288781250119,1,EXIT_PROFIT_TARGET_MET
2025-01-19 13:55:00,-66.71560000000045,11.679337500000969,1,EXIT_PROFIT_TARGET_MET
2025-01-19 14:00:00,-66.6832000000004,0.28481499999952575,1,EXIT_PROFIT_TARGET_MET
2025-01-19 14:05:00,-66.63559999999961,0.8180649999986827,1,EXIT_PROFIT_TARGET_MET
2025-01-19 14:10:00,-66.58659999999963,29.207815000000693,1,EXIT_PROFIT_TARGET_MET
2025-01-19 14:15:00,-66.01440000000002,34.84775500000032,1,EXIT_PROFIT_TARGET_MET
2025-01-19 14:20:00,-66.09799999999996,21.412602499999878,1,EXIT_PROFIT_TARGET_MET
2025-01-19 14:25:00,-65.98819999999978,16.485475000001543,1,EXIT_PROFIT_TARGET_MET
2025-01-19 14:30:00,-65.66240000000016,101.34778500000073,1,EXIT_PROFIT_TARGET_MET
2025-01-19 14:35:00,-65.95480000000043,77.11569250000085,1,EXIT_PROFIT_TARGET_MET
2025-01-19 14:40:00,-66.0032000000001,3.6769523437491944,1,EXIT_PROFIT_TARGET_MET
2025-01-19 14:45:00,-66.0,17.181442499998873,1,EXIT_PROFIT_TARGET_MET
2025-01-19 14:50:00,-65.8100000000004,4.9253939062494645,1,EXIT_PROFIT_TARGET_MET
2025-01-19 14:55:00,-65.65440000000035,12.215568750000159,1,EXIT_PROFIT_TARGET_MET
2025-01-19 15:00:00,-65.5600000000004,6.486462499999192,1,EXIT_PROFIT_TARGET_MET
2025-01-19 15:05:00,-65.90539999999964,5.614260000000769,1,EXIT_PROFIT_TARGET_MET
2025-01-19 15:10:00,-65.3119999999999,0.17539374999952884,1,EXIT_PROFIT_TARGET_MET
2025-01-19 15:15:00,-65.31680000000051,13.66074124999875,1,EXIT_PROFIT_TARGET_MET
2025-01-19 15:20:00,-65.48720000000048,43.546703750000006,1,EXIT_PROFIT_TARGET_MET
2025-01-19 15:25:00,-65.60739999999987,5.864005000002123,1,EXIT_PROFIT_TARGET_MET
2025-01-19 15:30:00,-65.4975999999997,80.35063125000036,1,EXIT_PROFIT_TARGET_MET
2025-01-19 15:35:00,-65.64300000000003,22.929039999999134,1,EXIT_PROFIT_TARGET_MET
2025-01-19 15:40:00,-65.63580000000002,79.81664240234375,1,EXIT_PROFIT_TARGET_MET
2025-01-19 15:45:00,-65.68199999999979,162.84358994140595,1,EXIT_PROFIT_TARGET_MET
2025-01-19 15:50:00,-65.84060000000045,192.2873441015631,1,EXIT_PROFIT_TARGET_MET
2025-01-19 15:55:00,-65.91380000000026,173.07057304687572,1,EXIT_PROFIT_TARGET_MET
2025-01-19 16:00:00,-65.82399999999961,12.937775000001011,1,EXIT_PROFIT_TARGET_MET
2025-01-19 16:05:00,-65.98440000000028,0.0060850000003256355,1,EXIT_PROFIT_TARGET_MET
2025-01-19 16:10:00,-65.90639999999985,36.86374000000103,1,EXIT_PROFIT_TARGET_MET
2025-01-19 16:15:00,-65.82999999999993,12.716347500001746,1,EXIT_PROFIT_TARGET_MET
2025-01-19 16:20:00,-65.82999999999993,12.716347500001746,1,EXIT_PROFIT_TARGET_MET
2025-01-19 16:25:00,-65.92699999999968,37.36328999999898,1,EXIT_PROFIT_TARGET_MET
2025-01-19 16:30:00,-65.95460000000003,2.394198750000953,1,EXIT_PROFIT_TARGET_MET
2025-01-19 16:35:00,-65.9362000000001,1.9479987500001243,1,EXIT_PROFIT_TARGET_MET
2025-01-19 16:40:00,-65.9362000000001,1.9479987500001243,1,EXIT_PROFIT_TARGET_MET
2025-01-19 16:45:00,-66.0002000000004,3.4999987499996905,1,EXIT_PROFIT_TARGET_MET
2025-01-19 16:50:00,-65.75380000000041,10.868497499998966,1,EXIT_PROFIT_TARGET_MET
2025-01-19 16:55:00,-65.75619999999981,10.92669750000104,1,EXIT_PROFIT_TARGET_MET
2025-01-19 17:00:00,-65.75619999999981,10.92669750000104,1,EXIT_PROFIT_TARGET_MET
2025-01-19 17:05:00,-65.75380000000041,10.868497499998966,1,EXIT_PROFIT_TARGET_MET
2025-01-19 17:10:00,-65.60999999999967,57.10235000000125,1,EXIT_PROFIT_TARGET_MET
2025-01-19 17:15:00,-65.60999999999967,57.10235000000125,1,EXIT_PROFIT_TARGET_MET
2025-01-19 17:20:00,-65.35260000000017,2.603555937502044,1,EXIT_PROFIT_TARGET_MET
2025-01-19 17:25:00,-65.35279999999966,2.6084059374996897,1,EXIT_PROFIT_TARGET_MET
2025-01-19 17:30:00,-65.49459999999999,54.303900000000056,1,EXIT_PROFIT_TARGET_MET
2025-01-19 17:35:00,-65.38439999999991,3.374705937502,1,EXIT_PROFIT_TARGET_MET
2025-01-19 17:40:00,-65.4967999999999,54.35725000000201,1,EXIT_PROFIT_TARGET_MET
2025-01-19 17:45:00,-65.61400000000049,57.19935000000072,1,EXIT_PROFIT_TARGET_MET
2025-01-19 17:50:00,-65.63820000000032,57.78619999999944,1,EXIT_PROFIT_TARGET_MET
2025-01-19 17:55:00,-65.60980000000018,57.097499999999,1,EXIT_PROFIT_TARGET_MET
2025-01-19 18:00:00,-65.57660000000033,56.29240000000135,1,EXIT_PROFIT_TARGET_MET
2025-01-19 18:05:00,-65.44819999999982,53.17870000000062,1,EXIT_PROFIT_TARGET_MET
2025-01-19 18:10:00,-65.31680000000051,1.7354059375014046,1,EXIT_PROFIT_TARGET_MET
2025-01-19 18:15:00,-65.48639999999978,54.10505000000063,1,EXIT_PROFIT_TARGET_MET
2025-01-19 18:20:00,-65.0,17.680009531249567,1,EXIT_PROFIT_TARGET_MET
2025-01-19 18:25:00,-64.80000000000018,12.830009531252323,1,EXIT_PROFIT_TARGET_MET
2025-01-19 18:30:00,-65.19920000000002,31.666398437501712,1,EXIT_PROFIT_TARGET_MET
2025-01-19 18:35:00,-65.18159999999989,31.239598437501513,1,EXIT_PROFIT_TARGET_MET
2025-01-19 18:40:00,-64.71420000000035,10.655828906250179,1,EXIT_PROFIT_TARGET_MET
2025-01-19 18:45:00,-64.6264000000001,8.526678906254475,1,EXIT_PROFIT_TARGET_MET
2025-01-19 18:50:00,-64.74319999999989,11.452609531249777,1,EXIT_PROFIT_TARGET_MET
2025-01-19 18:55:00,-64.63799999999992,8.807978906252217,1,EXIT_PROFIT_TARGET_MET
2025-01-19 19:00:00,-64.27999999999975,5.4806718750020025,1,EXIT_PROFIT_TARGET_MET
2025-01-19 19:05:00,-63.6271999999999,36.88084625000067,1,EXIT_PROFIT_TARGET_MET
2025-01-19 19:10:00,-63.26640000000043,-168.55185374999985,-1,HOLD
2025-01-19 19:15:00,-63.35639999999967,-164.47935375000026,-1,HOLD
2025-01-19 19:20:00,-63.06620000000021,-113.31241499999982,-1,HOLD
2025-01-19 19:25:00,-63.453199999999924,32.6613462499995,1,EXIT_PROFIT_TARGET_MET
2025-01-19 19:30:00,-63.491399999999885,33.587696250000135,1,EXIT_PROFIT_TARGET_MET
2025-01-19 19:35:00,-63.81999999999971,3.3372493750006242,1,EXIT_PROFIT_TARGET_MET
2025-01-19 19:40:00,-63.91700000000037,5.689499374999883,1,EXIT_PROFIT_TARGET_MET
2025-01-19 19:45:00,-64.33820000000014,31.960292812498636,1,EXIT_PROFIT_TARGET_MET
2025-01-19 19:50:00,-64.63220000000001,8.667328906253346,1,EXIT_PROFIT_TARGET_MET
2025-01-19 19:55:00,-64.63220000000001,8.667328906253346,1,EXIT_PROFIT_TARGET_MET
2025-01-19 20:00:00,-64.16380000000026,11.674399375001514,1,EXIT_PROFIT_TARGET_MET
2025-01-19 20:05:00,-63.935999999999694,6.1502493750020335,1,EXIT_PROFIT_TARGET_MET
2025-01-19 20:10:00,-64.03099999999995,8.453999374999881,1,EXIT_PROFIT_TARGET_MET
2025-01-19 20:15:00,-63.972999999999956,7.047499375001777,1,EXIT_PROFIT_TARGET_MET
2025-01-19 20:20:00,-63.746799999999894,1.761676250001159,1,EXIT_PROFIT_TARGET_MET
2025-01-19 20:25:00,-63.746799999999894,1.761676250001159,1,EXIT_PROFIT_TARGET_MET
2025-01-19 20:30:00,-63.746799999999894,1.761676250001159,1,EXIT_PROFIT_TARGET_MET
2025-01-19 20:35:00,-64.09640000000036,10.039949375000106,1,EXIT_PROFIT_TARGET_MET
2025-01-19 20:40:00,-64.04219999999987,8.725599375000613,1,EXIT_PROFIT_TARGET_MET
2025-01-19 20:45:00,-64.04619999999977,8.822599375000152,1,EXIT_PROFIT_TARGET_MET
2025-01-19 20:50:00,-63.5614000000005,35.2851962499999,1,EXIT_PROFIT_TARGET_MET
2025-01-19 20:55:00,-63.530800000000454,34.54314624999904,1,EXIT_PROFIT_TARGET_MET
2025-01-19 21:00:00,-63.914600000000064,5.631299375002243,1,EXIT_PROFIT_TARGET_MET
2025-01-19 21:05:00,-63.57960000000003,35.72654625000018,1,EXIT_PROFIT_TARGET_MET
2025-01-19 21:10:00,-63.707000000000335,0.7965262499988768,1,EXIT_PROFIT_TARGET_MET
2025-01-19 21:15:00,-63.34720000000016,-114.91276625000069,-1,HOLD
2025-01-19 21:20:00,-63.60400000000027,36.31824625000013,1,EXIT_PROFIT_TARGET_MET
2025-01-19 21:25:00,-63.21640000000025,-98.79131499999994,-1,HOLD
2025-01-19 21:30:00,-63.19180000000051,-104.78786500000012,-1,HOLD
2025-01-19 21:35:00,-62.80699999999979,-132.8052499999999,-1,HOLD
2025-01-19 21:40:00,-63.1264000000001,-109.50881499999957,-1,HOLD
2025-01-19 21:45:00,-63.08100000000013,-110.60976499999958,-1,HOLD
2025-01-19 21:50:00,-62.77419999999984,-136.89064999999982,-1,HOLD
2025-01-19 21:55:00,-62.951600000000326,-96.67933000000039,-1,HOLD
2025-01-19 22:00:00,-63.26059999999961,-159.6812537499993,-1,HOLD
2025-01-19 22:05:00,-63.21479999999974,-109.60386500000038,-1,HOLD
2025-01-19 22:10:00,-63.45520000000033,32.70984625000017,1,EXIT_PROFIT_TARGET_MET
2025-01-19 22:15:00,-63.284599999999955,-140.241441249998,-1,HOLD
2025-01-19 22:20:00,-63.41899999999987,31.83199625000043,1,EXIT_PROFIT_TARGET_MET
2025-01-19 22:25:00,-63.44620000000032,32.4915962500005,1,EXIT_PROFIT_TARGET_MET
2025-01-19 22:30:00,-63.63159999999971,36.98754625000038,1,EXIT_PROFIT_TARGET_MET
2025-01-19 22:35:00,-63.887800000000425,14.831764062498365,1,EXIT_PROFIT_TARGET_MET
2025-01-19 22:40:00,-63.69880000000012,0.5976762500010153,1,EXIT_PROFIT_TARGET_MET
2025-01-19 22:45:00,-63.75,35.0139956869496,1,EXIT_PROFIT_TARGET_MET
2025-01-19 22:50:00,-63.9364000000005,114.63174343750177,1,EXIT_PROFIT_TARGET_MET
2025-01-19 22:55:00,-64.1858000000002,3.0532275000012703,1,EXIT_PROFIT_TARGET_MET
2025-01-19 23:00:00,-64.22559999999976,25.95752588134718,1,EXIT_PROFIT_TARGET_MET
2025-01-19 23:05:00,-64.3132000000005,0.38968414062677437,1,EXIT_PROFIT_TARGET_MET
2025-01-19 23:10:00,-64.13439999999991,25.262528900146926,1,EXIT_PROFIT_TARGET_MET
2025-01-19 23:15:00,-64.03279999999995,32.7005111682124,1,EXIT_PROFIT_TARGET_MET
2025-01-19 23:20:00,-64.33320000000003,9.982695390624833,1,EXIT_PROFIT_TARGET_MET
2025-01-19 23:25:00,-64.33820000000014,34.63019392578316,1,EXIT_PROFIT_TARGET_MET
2025-01-19 23:30:00,-64.30299999999988,31.643469375000237,1,EXIT_PROFIT_TARGET_MET
2025-01-19 23:35:00,-64.21939999999995,5.017144375002303,1,EXIT_PROFIT_TARGET_MET
2025-01-19 23:40:00,-64.34140000000025,43.661112499999675,1,EXIT_PROFIT_TARGET_MET
2025-01-19 23:45:00,-64.0021999999999,26.83828296874998,1,EXIT_PROFIT_TARGET_MET
2025-01-19 23:50:00,-63.8746000000001,54.85618687500096,1,EXIT_PROFIT_TARGET_MET
2025-01-19 23:55:00,-65.05559999999969,66.23327374999873,1,EXIT_PROFIT_TARGET_MET
2025-01-20 00:00:00,-66.4336000000003,5.936954999998704,1,EXIT_PROFIT_TARGET_MET
2025-01-20 00:05:00,-66.33259999999973,30.842022499999757,1,EXIT_PROFIT_TARGET_MET
2025-01-20 00:10:00,-67.27440000000024,36.136687499998686,1,EXIT_PROFIT_TARGET_MET
2025-01-20 00:15:00,-67.09240000000045,60.88682249999937,1,EXIT_PROFIT_TARGET_MET
2025-01-20 00:20:00,-67.0616,59.99817750000068,1,EXIT_PROFIT_TARGET_MET
2025-01-20 00:25:00,-67.1248000000005,79.18864562499931,1,EXIT_PROFIT_TARGET_MET
2025-01-20 00:30:00,-66.52199999999993,12.609962500000847,1,EXIT_PROFIT_TARGET_MET
2025-01-20 00:35:00,-67.17740000000049,124.98088499999972,1,EXIT_PROFIT_TARGET_MET
2025-01-20 00:40:00,-67.27239999999983,0.003025559766585985,1,EXIT_PROFIT_TARGET_MET
2025-01-20 00:45:00,-67.38280000000032,71.510502499999,1,EXIT_PROFIT_TARGET_MET
2025-01-20 00:50:00,-67.5564000000004,6.538472720421844e-08,1,EXIT_PROFIT_TARGET_MET
2025-01-20 00:55:00,-67.82679999999982,0.0037608110809326002,1,EXIT_PROFIT_TARGET_MET
2025-01-20 01:00:00,-68.39999999999964,0.005050895919799849,1,EXIT_PROFIT_TARGET_MET
2025-01-20 01:05:00,-67.82399999999961,0.0037545092010497867,1,EXIT_PROFIT_TARGET_MET
2025-01-20 01:10:00,-68.10699999999997,0.004391449203491228,1,EXIT_PROFIT_TARGET_MET
2025-01-20 01:15:00,-67.66920000000027,0.003406105270385782,1,EXIT_PROFIT_TARGET_MET
2025-01-20 01:20:00,-67.28480000000036,0.0025409471893310595,1,EXIT_PROFIT_TARGET_MET
2025-01-20 01:25:00,-67.48819999999978,0.0029987337493897178,1,EXIT_PROFIT_TARGET_MET
2025-01-20 01:30:00,-67.64779999999973,0.0033579409027099955,1,EXIT_PROFIT_TARGET_MET
2025-01-20 01:35:00,-67.65980000000036,0.0033849489593505803,1,EXIT_PROFIT_TARGET_MET
2025-01-20 01:40:00,-67.6221999999998,0.003300323715209977,1,EXIT_PROFIT_TARGET_MET
2025-01-20 01:45:00,-67.4402,0.0028907015228271287,1,EXIT_PROFIT_TARGET_MET
2025-01-20 01:50:00,-67.52499999999964,0.0030815584564209434,1,EXIT_PROFIT_TARGET_MET
2025-01-20 01:55:00,-67.73300000000017,0.003549698104858382,1,EXIT_PROFIT_TARGET_MET
2025-01-20 02:00:00,-67.6221999999998,0.003300323715209977,1,EXIT_PROFIT_TARGET_MET
2025-01-20 02:05:00,-68.02340000000004,0.004203293075561542,1,EXIT_PROFIT_TARGET_MET
2025-01-20 02:10:00,-67.84060000000045,0.0037918703460693625,1,EXIT_PROFIT_TARGET_MET
2025-01-20 02:15:00,-68.1854000000003,0.004567901840209936,1,EXIT_PROFIT_TARGET_MET
2025-01-20 02:20:00,-68.33219999999983,0.004898300399780283,1,EXIT_PROFIT_TARGET_MET
2025-01-20 02:25:00,-68.21219999999994,0.004628219833374068,1,EXIT_PROFIT_TARGET_MET
2025-01-20 02:30:00,-68.03840000000037,0.004237053146362308,1,EXIT_PROFIT_TARGET_MET
2025-01-20 02:35:00,-68.16359999999986,0.004518837203979477,1,EXIT_PROFIT_TARGET_MET
2025-01-20 02:40:00,-68.12960000000021,0.004442314376831018,1,EXIT_PROFIT_TARGET_MET
2025-01-20 02:45:00,-68.21339999999964,0.004630920639038095,1,EXIT_PROFIT_TARGET_MET
2025-01-20 02:50:00,-68.38839999999982,0.0050247881317139215,1,EXIT_PROFIT_TARGET_MET
2025-01-20 02:55:00,-68.3680000000004,0.004978874435424771,1,EXIT_PROFIT_TARGET_MET
2025-01-20 03:00:00,-68.33799999999974,0.0049113542938232155,1,EXIT_PROFIT_TARGET_MET
2025-01-20 03:05:00,-68.23739999999998,0.00468493675231939,1,EXIT_PROFIT_TARGET_MET
2025-01-20 03:10:00,-68.31999999999971,0.0048708422088623304,1,EXIT_PROFIT_TARGET_MET
2025-01-20 03:15:00,-67.75659999999971,0.00360281394958498,1,EXIT_PROFIT_TARGET_MET
2025-01-20 03:20:00,-68.10639999999967,0.004390098800659202,1,EXIT_PROFIT_TARGET_MET
2025-01-20 03:25:00,-68.60500000000047,0.005512283554077083,1,EXIT_PROFIT_TARGET_MET
2025-01-20 03:30:00,-68.42680000000018,0.0051112139129638945,1,EXIT_PROFIT_TARGET_MET
2025-01-20 03:35:00,-68.45200000000023,0.005167930831909216,1,EXIT_PROFIT_TARGET_MET
2025-01-20 03:40:00,-68.44380000000001,0.005149475326538081,1,EXIT_PROFIT_TARGET_MET
2025-01-20 03:45:00,-68.47779999999966,0.00522599815368654,1,EXIT_PROFIT_TARGET_MET
2025-01-20 03:50:00,-68.80559999999969,-172.77925500000083,-1,HOLD
2025-01-20 03:55:00,-68.92380000000048,-171.23853000000065,-1,HOLD
2025-01-20 04:00:00,-68.6868000000004,-188.16444750000005,-1,HOLD
2025-01-20 04:05:00,-68.63299999999981,-186.02534749999978,-1,HOLD
2025-01-20 04:10:00,-68.80159999999978,-164.00250499999913,-1,HOLD
2025-01-20 04:15:00,-68.56800000000021,0.005429008712768591,1,EXIT_PROFIT_TARGET_MET
2025-01-20 04:20:00,-68.30000000000018,0.004825828781127939,1,EXIT_PROFIT_TARGET_MET
2025-01-20 04:25:00,-68.33979999999974,0.0049154055023193305,1,EXIT_PROFIT_TARGET_MET
2025-01-20 04:30:00,-68.15740000000005,0.0045048830413818245,1,EXIT_PROFIT_TARGET_MET
2025-01-20 04:35:00,-68.30919999999969,0.004846534957885773,1,EXIT_PROFIT_TARGET_MET
2025-01-20 04:40:00,-68.36539999999968,0.004973022689819349,1,EXIT_PROFIT_TARGET_MET
2025-01-20 04:45:00,-68.17560000000049,0.004545845260620101,1,EXIT_PROFIT_TARGET_MET
2025-01-20 04:50:00,-68.44300000000021,0.00514767478942875,1,EXIT_PROFIT_TARGET_MET
2025-01-20 04:55:00,-68.65020000000004,-198.78699750000033,-1,HOLD
2025-01-20 05:00:00,-68.44740000000002,0.005157577743530288,1,EXIT_PROFIT_TARGET_MET
2025-01-20 05:05:00,-68.44380000000001,0.005149475326538081,1,EXIT_PROFIT_TARGET_MET
2025-01-20 05:10:00,-68.44779999999992,0.005158478012084922,1,EXIT_PROFIT_TARGET_MET
2025-01-20 05:15:00,-68.44779999999992,0.005158478012084922,1,EXIT_PROFIT_TARGET_MET
2025-01-20 05:20:00,-68.5,0.0052759630584717195,1,EXIT_PROFIT_TARGET_MET
2025-01-20 05:25:00,-68.5,0.0052759630584717195,1,EXIT_PROFIT_TARGET_MET
2025-01-20 05:30:00,-68.61380000000008,-189.468447499999,-1,HOLD
2025-01-20 05:35:00,-68.59299999999985,0.005485275497436545,1,EXIT_PROFIT_TARGET_MET
2025-01-20 05:40:00,-68.2466000000004,0.004705642929077138,1,EXIT_PROFIT_TARGET_MET
2025-01-20 05:45:00,-68.2539999999999,0.004722297897338856,1,EXIT_PROFIT_TARGET_MET
2025-01-20 05:50:00,-68.51220000000012,0.005303421249389672,1,EXIT_PROFIT_TARGET_MET
2025-01-20 05:55:00,-68.4967999999999,0.005268760910034209,1,EXIT_PROFIT_TARGET_MET
2025-01-20 06:00:00,-68.64819999999963,-188.88612249999903,-1,HOLD
2025-01-20 06:05:00,-68.62960000000021,-185.4877975000012,-1,HOLD
2025-01-20 06:10:00,-68.2521999999999,0.004718246688842827,1,EXIT_PROFIT_TARGET_MET
2025-01-20 06:15:00,-68.61560000000009,-184.48042249999924,-1,HOLD
2025-01-20 06:20:00,-68.23739999999998,0.00468493675231939,1,EXIT_PROFIT_TARGET_MET
2025-01-20 06:25:00,-68.49340000000029,0.005261108627319308,1,EXIT_PROFIT_TARGET_MET
2025-01-20 06:30:00,-68.48580000000038,0.005244003524780284,1,EXIT_PROFIT_TARGET_MET
2025-01-20 06:35:00,-68.15899999999965,0.004508484115600634,1,EXIT_PROFIT_TARGET_MET
2025-01-20 06:40:00,-68.46579999999994,0.005198990097045955,1,EXIT_PROFIT_TARGET_MET
2025-01-20 06:45:00,-67.9980000000005,0.0041461260223388755,1,EXIT_PROFIT_TARGET_MET
2025-01-20 06:50:00,-67.55060000000049,0.003637655029296843,1,EXIT_PROFIT_TARGET_MET
2025-01-20 06:55:00,-67.5616,0.016531181640624882,1,EXIT_PROFIT_TARGET_MET
2025-01-20 07:00:00,-67.3775999999998,0.02862218994140661,1,EXIT_PROFIT_TARGET_MET
2025-01-20 07:05:00,-67.10860000000048,0.03462798095703036,1,EXIT_PROFIT_TARGET_MET
2025-01-20 07:10:00,-67.39559999999983,0.013288969726562572,1,EXIT_PROFIT_TARGET_MET
2025-01-20 07:15:00,-67.3757999999998,1.75307757812433,1,EXIT_PROFIT_TARGET_MET
2025-01-20 07:20:00,-67.19419999999991,17.59047375000003,1,EXIT_PROFIT_TARGET_MET
2025-01-20 07:25:00,-64.89360000000033,5.386607499998547,1,EXIT_PROFIT_TARGET_MET
2025-01-20 07:30:00,-65.80420000000049,7.134922500000698,1,EXIT_PROFIT_TARGET_MET
2025-01-20 07:35:00,-65.36679999999978,6.9969799999997235,1,EXIT_PROFIT_TARGET_MET
2025-01-20 07:40:00,-65.1238000000003,26.46896499999866,1,EXIT_PROFIT_TARGET_MET
2025-01-20 07:45:00,-64.82819999999992,37.017832499998406,1,EXIT_PROFIT_TARGET_MET
2025-01-20 07:50:00,-64.32780000000002,0.0033442153522954435,1,EXIT_PROFIT_TARGET_MET
2025-01-20 07:55:00,-64.67720000000008,32.09123843749907,1,EXIT_PROFIT_TARGET_MET
2025-01-20 08:00:00,-64.5677999999998,53.724498750000194,1,EXIT_PROFIT_TARGET_MET
2025-01-20 08:05:00,-64.67119999999977,0.007357830415568347,1,EXIT_PROFIT_TARGET_MET
2025-01-20 08:10:00,-65.11920000000009,0.0097558781017666,1,EXIT_PROFIT_TARGET_MET
2025-01-20 08:15:00,-66.00680000000011,0.009357281907179877,1,EXIT_PROFIT_TARGET_MET
2025-01-20 08:20:00,-65.46439999999984,-11.634736250001595,1,HOLD
2025-01-20 08:25:00,-65.77139999999963,0.0074598519023740305,1,EXIT_PROFIT_TARGET_MET
2025-01-20 08:30:00,-65.7507999999998,0.007397615322400822,1,EXIT_PROFIT_TARGET_MET
2025-01-20 08:35:00,-64.60320000000047,-95.48838328124778,-1,HOLD
2025-01-20 08:40:00,-65.02019999999993,-32.964812812499616,1,HOLD
2025-01-20 08:45:00,-64.1858000000002,-75.12268249999977,-1,HOLD
2025-01-20 08:50:00,-64.89360000000033,-69.90037453124835,-1,HOLD
2025-01-20 08:55:00,-65.15660000000025,-35.162581562502936,1,HOLD
2025-01-20 09:00:00,-64.46479999999974,-144.07163593749675,-1,HOLD
2025-01-20 09:05:00,-64.82420000000002,-103.53862843750123,-1,HOLD
2025-01-20 09:10:00,-64.53499999999985,-106.50085937499898,-1,HOLD
2025-01-20 09:15:00,-64.18339999999989,-85.90213249999962,-1,HOLD
2025-01-20 09:20:00,-64.1828000000005,-81.7598074999998,-1,HOLD
2025-01-20 09:25:00,-63.7488000000003,-93.85160000000019,-1,HOLD
2025-01-20 09:30:00,-64.44520000000011,-166.02459218749635,-1,HOLD
2025-01-20 09:35:00,-63.530800000000454,-103.2131000000004,-1,HOLD
2025-01-20 09:40:00,-64.48679999999968,-127.09812374999865,-1,HOLD
2025-01-20 09:45:00,-64.5614000000005,-117.97269062499919,-1,HOLD
2025-01-20 09:50:00,-64.16380000000026,-89.41493250000096,-1,HOLD
2025-01-20 09:55:00,-64.41640000000007,-91.8393824999992,-1,HOLD
2025-01-20 10:00:00,-64.0,-89.42814500000026,-1,HOLD
2025-01-20 10:05:00,-64.46519999999964,-184.99224843749894,-1,HOLD
2025-01-20 10:10:00,-64.31880000000001,-88.62618250000006,-1,HOLD
2025-01-20 10:15:00,-63.887800000000425,-82.76286000000027,-1,HOLD
2025-01-20 10:20:00,-64.16899999999987,-94.35133249999924,-1,HOLD
2025-01-20 10:25:00,-64.05000000000018,-89.69314500000002,-1,HOLD
2025-01-20 10:30:00,-64.03179999999975,-90.13449499999928,-1,HOLD
2025-01-20 10:35:00,-63.658400000000256,-106.50880000000006,-1,HOLD
2025-01-20 10:40:00,-63.93419999999969,-79.64765999999952,-1,HOLD
2025-01-20 10:45:00,-63.32520000000022,-117.24390000000017,-1,HOLD
2025-01-20 10:50:00,-63.59600000000046,-106.41200000000026,-1,HOLD
2025-01-20 10:55:00,-63.77559999999994,-85.13120999999978,-1,HOLD
2025-01-20 11:00:00,-63.69660000000022,-109.78245000000015,-1,HOLD
2025-01-20 11:05:00,-63.953199999999924,-80.84190999999998,-1,HOLD
2025-01-20 11:10:00,-64.01140000000032,-86.04294500000026,-1,HOLD
2025-01-20 11:15:00,-63.871399999999994,-81.80305999999996,-1,NO_VALID_ACTION_DEFENSIVE_AVG
2025-01-20 11:20:00,-63.865999999999985,-87.31650999999977,-1,NO_VALID_ACTION_DEFENSIVE_AVG
2025-01-20 11:25:00,-63.85320000000047,-85.5944100000005,-1,NO_VALID_ACTION_DEFENSIVE_AVG
2025-01-20 11:30:00,-64.11719999999968,-103.72998250000035,-1,NO_VALID_ACTION_DEFENSIVE_AVG
2025-01-20 11:35:00,-64.28120000000035,-92.40110750000082,-1,NO_VALID_ACTION_DEFENSIVE_AVG
2025-01-20 11:40:00,-63.85440000000017,-82.70531000000028,-1,NO_VALID_ACTION_DEFENSIVE_AVG
2025-01-20 11:45:00,-63.78179999999975,-84.4658599999998,-1,NO_VALID_ACTION_DEFENSIVE_AVG
2025-01-20 11:50:00,-63.908400000000256,-81.66580999999985,-1,NO_VALID_ACTION_DEFENSIVE_AVG
2025-01-20 11:55:00,-63.8771999999999,-82.58990999999958,-1,NO_VALID_ACTION_DEFENSIVE_AVG
2025-01-20 12:00:00,-64.39360000000033,-92.58353249999999,-1,HOLD
2025-01-20 12:05:00,-64.53520000000026,-142.2119468750044,-1,HOLD
2025-01-20 12:10:00,-64.63220000000001,-162.08474265625136,-1,NO_VALID_ACTION_DEFENSIVE_AVG
2025-01-20 12:15:00,-64.8797999999997,-176.08673578125075,-1,NO_VALID_ACTION_DEFENSIVE_AVG
2025-01-20 12:20:00,-65.11920000000009,-110.14656281250137,-1,NO_VALID_ACTION_DEFENSIVE_AVG
2025-01-20 12:25:00,-65.27819999999974,-128.83233343750328,-1,NO_VALID_ACTION_DEFENSIVE_AVG
2025-01-20 12:30:00,-65.44080000000031,3.223102499999044,1,EXIT_PROFIT_TARGET_MET
2025-01-20 12:35:00,-65.28399999999965,2.216466144409195,1,EXIT_PROFIT_TARGET_MET
2025-01-20 12:40:00,-64.75939999999991,-197.44934921874966,-1,NO_VALID_ACTION_DEFENSIVE_AVG
2025-01-20 12:45:00,-65.04320000000007,-88.44893781249817,-1,NO_VALID_ACTION_DEFENSIVE_AVG
2025-01-20 12:50:00,-64.96000000000004,-108.86239718749772,-1,NO_VALID_ACTION_DEFENSIVE_AVG
2025-01-20 12:55:00,-64.97239999999965,-98.25318156249796,-1,HOLD
2025-01-20 13:00:00,-64.96619999999984,-98.40353156250319,-1,HOLD
2025-01-20 13:05:00,-64.96500000000015,-110.69653781250236,-1,HOLD
2025-01-20 13:10:00,-65.02019999999993,-115.33801593749934,-1,HOLD
2025-01-20 13:15:00,-65.29460000000017,-113.63116093750119,-1,HOLD
2025-01-20 13:20:00,-65.35500000000047,-115.03310156250177,-1,HOLD
2025-01-20 13:25:00,-64.95520000000033,-150.26981281249675,-1,HOLD
2025-01-20 13:30:00,-65.11359999999968,-163.9891596875018,-1,NO_VALID_ACTION_DEFENSIVE_AVG
2025-01-20 13:35:00,-65.49359999999979,15.796941250000643,1,EXIT_PROFIT_TARGET_MET
2025-01-20 13:40:00,-65.35440000000017,-109.1245265624998,-1,NO_VALID_ACTION_DEFENSIVE_AVG
2025-01-20 13:45:00,-65.24200000000019,-105.90811718750723,-1,NO_VALID_ACTION_DEFENSIVE_AVG
2025-01-20 13:50:00,-65.3738000000003,-112.7926703125006,-1,NO_VALID_ACTION_DEFENSIVE_AVG
2025-01-20 13:55:00,-65.3738000000003,2.590494374999807,1,EXIT_PROFIT_TARGET_MET
2025-01-20 14:00:00,-65.21680000000015,0.7557713038825993,1,EXIT_PROFIT_TARGET_MET
2025-01-20 14:05:00,-65.21479999999974,1.6473892637443603,1,EXIT_PROFIT_TARGET_MET
2025-01-20 14:10:00,-65.30000000000018,3.2552932397842467,1,EXIT_PROFIT_TARGET_MET
2025-01-20 14:15:00,-65.40400000000045,3.2503837055969407,1,EXIT_PROFIT_TARGET_MET
2025-01-20 14:20:00,-65.30000000000018,8.53209624999863,1,EXIT_PROFIT_TARGET_MET
2025-01-20 14:25:00,-65.11880000000019,5.486202519531312,1,EXIT_PROFIT_TARGET_MET
2025-01-20 14:30:00,-65.35819999999967,-90.86432968750282,-1,NO_VALID_ACTION_DEFENSIVE_AVG
2025-01-20 14:35:00,-65.56680000000051,2.2745387499996497,1,EXIT_PROFIT_TARGET_MET
2025-01-20 14:40:00,-65.4948000000004,9.620043750001415,1,EXIT_PROFIT_TARGET_MET
2025-01-20 14:45:00,-65.85559999999987,7.764760000000749,1,EXIT_PROFIT_TARGET_MET
2025-01-20 14:50:00,-65.44920000000002,-70.62242343750577,-1,NO_VALID_ACTION_DEFENSIVE_AVG
2025-01-20 14:55:00,-65.64379999999983,2.7668150000010456,1,EXIT_PROFIT_TARGET_MET
2025-01-20 15:00:00,-65.64159999999993,2.7134650000023868,1,EXIT_PROFIT_TARGET_MET
2025-01-20 15:05:00,-66.1895999999997,121.60293304687532,1,EXIT_PROFIT_TARGET_MET
2025-01-20 15:10:00,-66.0645999999997,115.51406585937534,1,EXIT_PROFIT_TARGET_MET
2025-01-20 15:15:00,-65.86920000000009,28.464522499997955,1,EXIT_PROFIT_TARGET_MET
2025-01-20 15:20:00,-66.00900000000001,1.0404637500035534,1,EXIT_PROFIT_TARGET_MET
2025-01-20 15:25:00,-65.69679999999971,0.8632974999980547,1,EXIT_PROFIT_TARGET_MET
2025-01-20 15:30:00,-65.44920000000002,-159.39336093750615,-1,NO_VALID_ACTION_DEFENSIVE_AVG
2025-01-20 15:35:00,-65.6868000000004,0.6207974999995116,1,EXIT_PROFIT_TARGET_MET
2025-01-20 15:40:00,-65.77000000000044,-34.96225250000178,1,NO_VALID_ACTION_DEFENSIVE_AVG
2025-01-20 15:45:00,-65.8100000000004,6.658960000001514,1,EXIT_PROFIT_TARGET_MET
2025-01-20 15:50:00,-65.98239999999987,0.3954137500010262,1,EXIT_PROFIT_TARGET_MET
2025-01-20 15:55:00,-65.75839999999971,-34.981990000001105,1,NO_VALID_ACTION_DEFENSIVE_AVG
2025-01-20 16:00:00,-66.11700000000019,81.42363343749543,1,EXIT_PROFIT_TARGET_MET
2025-01-20 16:05:00,-66.04460000000017,7.295133750001639,1,EXIT_PROFIT_TARGET_MET
2025-01-20 16:10:00,-66.1239999999998,114.40446585937534,1,EXIT_PROFIT_TARGET_MET
2025-01-20 16:15:00,-66.23120000000017,13.756745000002127,1,EXIT_PROFIT_TARGET_MET
2025-01-20 16:20:00,-66.19480000000021,94.98210999999708,1,EXIT_PROFIT_TARGET_MET
2025-01-20 16:25:00,-66.00900000000001,0.5313350000002615,1,EXIT_PROFIT_TARGET_MET
2025-01-20 16:30:00,-66.17500000000018,4.556835000002245,1,EXIT_PROFIT_TARGET_MET
2025-01-20 16:35:00,-66.44459999999981,52.759769374995926,1,EXIT_PROFIT_TARGET_MET
2025-01-20 16:40:00,-66.97559999999976,35.27367874999837,1,EXIT_PROFIT_TARGET_MET
2025-01-20 16:45:00,-67.92000000000007,-127.25536999999997,-1,HOLD
2025-01-20 16:50:00,-68.24579999999969,-93.40423000000033,-1,HOLD
2025-01-20 16:55:00,-68.39999999999964,-90.2199999999998,-1,HOLD
2025-01-20 17:00:00,-68.83539999999994,19.82463249999944,1,EXIT_PROFIT_TARGET_MET
2025-01-20 17:05:00,-68.79960000000028,153.30127000000095,1,EXIT_PROFIT_TARGET_MET
2025-01-20 17:10:00,-68.7444000000005,13.395824999999547,1,EXIT_PROFIT_TARGET_MET
2025-01-20 17:15:00,-68.30000000000018,80.4714287499982,1,EXIT_PROFIT_TARGET_MET
2025-01-20 17:20:00,-67.76000000000022,65.00946750000054,1,EXIT_PROFIT_TARGET_MET
2025-01-20 17:25:00,-68.08160000000044,36.751683906252154,1,EXIT_PROFIT_TARGET_MET
2025-01-20 17:30:00,-67.3786,21.96366062500048,1,EXIT_PROFIT_TARGET_MET
2025-01-20 17:35:00,-67.40679999999975,5.166828999023413,1,EXIT_PROFIT_TARGET_MET
2025-01-20 17:40:00,-67.41840000000047,22.94960750000203,1,EXIT_PROFIT_TARGET_MET
2025-01-20 17:45:00,-67.6862000000001,8.359819902343736,1,EXIT_PROFIT_TARGET_MET
2025-01-20 17:50:00,-67.7507999999998,8.380807499999634,1,EXIT_PROFIT_TARGET_MET
2025-01-20 17:55:00,-67.80000000000018,6.072968749999854,1,EXIT_PROFIT_TARGET_MET
2025-01-20 18:00:00,-67.85599999999977,47.07611249999944,1,EXIT_PROFIT_TARGET_MET
2025-01-20 18:05:00,-67.86300000000028,1.5631026562498604,1,EXIT_PROFIT_TARGET_MET
2025-01-20 18:10:00,-67.9948000000004,6.269809687500054,1,EXIT_PROFIT_TARGET_MET
2025-01-20 18:15:00,-68.08399999999983,4.940980468749906,1,EXIT_PROFIT_TARGET_MET
2025-01-20 18:20:00,-68.05299999999988,4.876812499999986,1,EXIT_PROFIT_TARGET_MET
2025-01-20 18:25:00,-68.15160000000014,6.108158124999989,1,EXIT_PROFIT_TARGET_MET
2025-01-20 18:30:00,-68.20420000000013,0.6538089062499601,1,EXIT_PROFIT_TARGET_MET
2025-01-20 18:35:00,-68.20420000000013,4.201647499999801,1,EXIT_PROFIT_TARGET_MET
2025-01-20 18:40:00,-67.9967999999999,-97.68699000000026,-1,HOLD
2025-01-20 18:45:00,-67.67720000000008,-91.73265000000026,-1,HOLD
2025-01-20 18:50:00,-67.90779999999995,-82.56084999999985,-1,HOLD
2025-01-20 18:55:00,-67.72820000000047,-77.51115000000027,-1,HOLD
2025-01-20 19:00:00,-67.75420000000031,-78.18065000000024,-1,HOLD
2025-01-20 19:05:00,-68.20719999999983,-88.29039999999986,-1,HOLD
2025-01-20 19:10:00,-68.03980000000047,13.596143749999925,1,EXIT_PROFIT_TARGET_MET
2025-01-20 19:15:00,-67.97659999999996,11.265643749998958,1,EXIT_PROFIT_TARGET_MET
2025-01-20 19:20:00,-67.82880000000023,5.815518749999114,1,EXIT_PROFIT_TARGET_MET
2025-01-20 19:25:00,-67.64620000000014,143.35179062500134,1,EXIT_PROFIT_TARGET_MET
2025-01-20 19:30:00,-67.4372000000003,134.32560312500078,1,EXIT_PROFIT_TARGET_MET
2025-01-20 19:35:00,-67.10760000000028,120.09100312500105,1,EXIT_PROFIT_TARGET_MET
2025-01-20 19:40:00,-67.34540000000015,130.3609906250012,1,EXIT_PROFIT_TARGET_MET
2025-01-20 19:45:00,-67.46460000000025,135.50894062500066,1,EXIT_PROFIT_TARGET_MET
2025-01-20 19:50:00,-67.32620000000043,129.5317906250004,1,EXIT_PROFIT_TARGET_MET
2025-01-20 19:55:00,-67.34839999999986,130.4905531250023,1,EXIT_PROFIT_TARGET_MET
2025-01-20 20:00:00,-67.35239999999976,130.6633031249998,1,EXIT_PROFIT_TARGET_MET
2025-01-20 20:05:00,-67.45759999999973,135.2066281250007,1,EXIT_PROFIT_TARGET_MET
2025-01-20 20:10:00,-67.51540000000023,137.70286562499973,1,EXIT_PROFIT_TARGET_MET
2025-01-20 20:15:00,-67.57520000000022,140.28547812500045,1,EXIT_PROFIT_TARGET_MET
2025-01-20 20:20:00,-67.63379999999961,142.81626562500236,1,EXIT_PROFIT_TARGET_MET
2025-01-20 20:25:00,-67.78960000000006,4.370018749999133,1,EXIT_PROFIT_TARGET_MET
2025-01-20 20:30:00,-67.75799999999981,3.2047687500010795,1,EXIT_PROFIT_TARGET_MET
2025-01-20 20:35:00,-67.54539999999997,138.99849062499996,1,EXIT_PROFIT_TARGET_MET
2025-01-20 20:40:00,-67.4989999999998,136.9945906250004,1,EXIT_PROFIT_TARGET_MET
2025-01-20 20:45:00,-67.46540000000005,135.54349062500046,1,EXIT_PROFIT_TARGET_MET
2025-01-20 20:50:00,-67.32899999999972,129.65271562499896,1,EXIT_PROFIT_TARGET_MET
2025-01-20 20:55:00,-67.07719999999972,118.77810312500176,1,EXIT_PROFIT_TARGET_MET
2025-01-20 21:00:00,-67.08500000000004,119.11496562500153,1,EXIT_PROFIT_TARGET_MET
2025-01-20 21:05:00,-67.07719999999972,118.77810312500176,1,EXIT_PROFIT_TARGET_MET
2025-01-20 21:10:00,-66.85559999999987,109.2077531249998,1,EXIT_PROFIT_TARGET_MET
2025-01-20 21:15:00,-67.11700000000019,120.49696562500039,1,EXIT_PROFIT_TARGET_MET
2025-01-20 21:20:00,-67.4390000000003,134.40334062499855,1,EXIT_PROFIT_TARGET_MET
2025-01-20 21:25:00,-67.19999999999982,124.08152812500096,1,EXIT_PROFIT_TARGET_MET
2025-01-20 21:30:00,-67.2444000000005,125.99905312500022,1,EXIT_PROFIT_TARGET_MET
2025-01-20 21:35:00,-67.45399999999972,135.05115312499942,1,EXIT_PROFIT_TARGET_MET
2025-01-20 21:40:00,-67.4366,134.2996906250006,1,EXIT_PROFIT_TARGET_MET
2025-01-20 21:45:00,-67.41679999999997,133.44457812500116,1,EXIT_PROFIT_TARGET_MET
2025-01-20 21:50:00,-67.41820000000007,133.50504062500113,1,EXIT_PROFIT_TARGET_MET
2025-01-20 21:55:00,-67.61999999999989,142.22027812500045,1,EXIT_PROFIT_TARGET_MET
2025-01-20 22:00:00,-67.41939999999977,133.55686562499858,1,EXIT_PROFIT_TARGET_MET
2025-01-20 22:05:00,-67.16579999999976,122.60451562500081,1,EXIT_PROFIT_TARGET_MET
2025-01-20 22:10:00,-66.61380000000008,98.76501562500073,1,EXIT_PROFIT_TARGET_MET
2025-01-20 22:15:00,-66.22599999999966,82.01690312500122,1,EXIT_PROFIT_TARGET_MET
2025-01-20 22:20:00,-65.96979999999985,70.95226562500005,1,EXIT_PROFIT_TARGET_MET
2025-01-20 22:25:00,-66.23499999999967,82.40559062500137,1,EXIT_PROFIT_TARGET_MET
2025-01-20 22:30:00,-66.33259999999973,86.62069062500069,1,EXIT_PROFIT_TARGET_MET
2025-01-20 22:35:00,-65.69340000000011,59.01524062500165,1,EXIT_PROFIT_TARGET_MET
2025-01-20 22:40:00,-65.8096000000005,64.03362812499992,1,EXIT_PROFIT_TARGET_MET
2025-01-20 22:45:00,-66.20399999999972,81.06677812499895,1,EXIT_PROFIT_TARGET_MET
2025-01-20 22:50:00,-66.20399999999972,81.06677812499895,1,EXIT_PROFIT_TARGET_MET
2025-01-20 22:55:00,-66.19080000000031,80.49670312500017,1,EXIT_PROFIT_TARGET_MET
2025-01-20 23:00:00,-66.38360000000011,88.82325312500087,1,EXIT_PROFIT_TARGET_MET
2025-01-20 23:05:00,-66.17479999999978,79.8057031250031,1,EXIT_PROFIT_TARGET_MET
2025-01-20 23:10:00,-66.17479999999978,79.8057031250031,1,EXIT_PROFIT_TARGET_MET
2025-01-20 23:15:00,-66.25420000000031,83.23479062500076,1,EXIT_PROFIT_TARGET_MET
2025-01-20 23:20:00,-66.3748000000005,88.4432031250002,1,EXIT_PROFIT_TARGET_MET
2025-01-20 23:25:00,-66.51440000000002,94.47217812500237,1,EXIT_PROFIT_TARGET_MET
2025-01-20 23:30:00,-66.84259999999995,108.64631562500074,1,EXIT_PROFIT_TARGET_MET
2025-01-20 23:35:00,-66.57539999999972,97.10661562500054,1,EXIT_PROFIT_TARGET_MET
2025-01-20 23:40:00,-66.51440000000002,94.47217812500237,1,EXIT_PROFIT_TARGET_MET
2025-01-20 23:45:00,-66.45480000000043,91.89820312499957,1,EXIT_PROFIT_TARGET_MET
2025-01-20 23:50:00,-66.57300000000032,97.0029656250012,1,EXIT_PROFIT_TARGET_MET
2025-01-20 23:55:00,-66.89480000000003,110.9007031249999,1,EXIT_PROFIT_TARGET_MET
2025-01-21 00:00:00,-66.72220000000016,103.44654062499923,1,EXIT_PROFIT_TARGET_MET
2025-01-21 00:05:00,-66.97739999999976,114.46799062499974,1,EXIT_PROFIT_TARGET_MET
2025-01-21 00:10:00,-67.1228000000001,113.30280125000073,1,EXIT_PROFIT_TARGET_MET
2025-01-21 00:15:00,-66.90020000000004,44.51850500000131,1,EXIT_PROFIT_TARGET_MET
2025-01-21 00:20:00,-67.03420000000006,47.76800500000064,1,EXIT_PROFIT_TARGET_MET
2025-01-21 00:25:00,-67.03420000000006,71.37740500000012,1,EXIT_PROFIT_TARGET_MET
2025-01-21 00:30:00,-66.80519999999979,10.613366874998988,1,EXIT_PROFIT_TARGET_MET
2025-01-21 00:35:00,-66.9964,4.724362500000893,1,EXIT_PROFIT_TARGET_MET
2025-01-21 00:40:00,-66.89840000000004,25.964372500001588,1,EXIT_PROFIT_TARGET_MET
2025-01-21 00:45:00,-67.01100000000042,3.8298975000000155,1,EXIT_PROFIT_TARGET_MET
2025-01-21 00:50:00,-67.10699999999997,6.048524999999927,1,EXIT_PROFIT_TARGET_MET
2025-01-21 00:55:00,-67.11440000000039,49.172359999998605,1,EXIT_PROFIT_TARGET_MET
2025-01-21 01:00:00,-66.88799999999992,8.391192500000443,1,EXIT_PROFIT_TARGET_MET
2025-01-21 01:05:00,-67.2444000000005,0.7958362499997236,1,EXIT_PROFIT_TARGET_MET
2025-01-21 01:10:00,-67.38000000000011,52.36926249999976,1,EXIT_PROFIT_TARGET_MET
2025-01-21 01:15:00,-67.35199999999986,6.061679999998944,1,EXIT_PROFIT_TARGET_MET
2025-01-21 01:20:00,-67.03939999999966,32.55045249999863,1,EXIT_PROFIT_TARGET_MET
2025-01-21 01:25:00,-67.49459999999999,12.749988749998408,1,EXIT_PROFIT_TARGET_MET
2025-01-21 01:30:00,-67.10660000000007,10.023651250000427,1,EXIT_PROFIT_TARGET_MET
2025-01-21 01:35:00,-67.25160000000051,0.03712410766601633,1,EXIT_PROFIT_TARGET_MET
2025-01-21 01:40:00,-67.38900000000012,0.1165215374755828,1,EXIT_PROFIT_TARGET_MET
2025-01-21 01:45:00,-66.88180000000011,0.49172128906242873,1,EXIT_PROFIT_TARGET_MET
2025-01-21 01:50:00,-66.82600000000002,0.48779935546861,1,EXIT_PROFIT_TARGET_MET
2025-01-21 01:55:00,-66.60180000000037,1.3061631249999786,1,EXIT_PROFIT_TARGET_MET
2025-01-21 02:00:00,-66.9980000000005,0.2874890820312239,1,EXIT_PROFIT_TARGET_MET
2025-01-21 02:05:00,-66.74539999999979,0.4428039648437425,1,EXIT_PROFIT_TARGET_MET
2025-01-21 02:10:00,-66.22760000000017,0.01426849609373404,1,EXIT_PROFIT_TARGET_MET
2025-01-21 02:15:00,-66.60000000000036,0.023257620849608807,1,EXIT_PROFIT_TARGET_MET
2025-01-21 02:20:00,-66.7464,-35.94704624999573,1,HOLD
2025-01-21 02:25:00,-67.01479999999992,-64.65784375000088,1,HOLD
2025-01-21 02:30:00,-66.84519999999975,-63.05482890625331,1,HOLD
2025-01-21 02:35:00,-67.34680000000026,-79.64185499999903,-1,HOLD
2025-01-21 02:40:00,-67.34019999999964,-79.47190499999888,-1,HOLD
2025-01-21 02:45:00,-67.57660000000033,-68.2474500000003,-1,HOLD
2025-01-21 02:50:00,-67.5685999999996,-68.04144999999971,-1,HOLD
2025-01-21 02:55:00,-67.57480000000032,-74.81610000000023,-1,HOLD
2025-01-21 03:00:00,-66.40859999999975,0.02502972656249547,1,EXIT_PROFIT_TARGET_MET
2025-01-21 03:05:00,-66.92720000000008,-77.24364406250076,-1,HOLD
2025-01-21 03:10:00,-66.44459999999981,0.010545351562518235,1,EXIT_PROFIT_TARGET_MET
2025-01-21 03:15:00,-66.28300000000036,0.07556410156249704,1,EXIT_PROFIT_TARGET_MET
2025-01-21 03:20:00,-67.0,-76.0048065625025,-1,HOLD
2025-01-21 03:25:00,-66.46960000000036,0.0004867578124887473,1,EXIT_PROFIT_TARGET_MET
2025-01-21 03:30:00,-66.40599999999995,0.026075820312510878,1,EXIT_PROFIT_TARGET_MET
2025-01-21 03:35:00,-64.9423999999999,1.010330781249749,1,EXIT_PROFIT_TARGET_MET
2025-01-21 03:40:00,-65.0025999999998,0.3434276562499896,1,EXIT_PROFIT_TARGET_MET
2025-01-21 03:45:00,-65.52599999999984,0.3801383203125033,1,EXIT_PROFIT_TARGET_MET
2025-01-21 03:50:00,-65.89379999999983,0.23215628906250885,1,EXIT_PROFIT_TARGET_MET
2025-01-21 03:55:00,-65.51680000000033,0.38383988281247294,1,EXIT_PROFIT_TARGET_MET
2025-01-21 04:00:00,-66.29299999999967,0.07154066406251403,1,EXIT_PROFIT_TARGET_MET
2025-01-21 04:05:00,-66.12960000000021,0.13728363281252687,1,EXIT_PROFIT_TARGET_MET
2025-01-21 04:10:00,-66.04839999999967,0.16995394531249897,1,EXIT_PROFIT_TARGET_MET
2025-01-21 04:15:00,-65.7543999999998,0.2882430078125209,1,EXIT_PROFIT_TARGET_MET
2025-01-21 04:20:00,-66.42200000000048,0.019638320312491686,1,EXIT_PROFIT_TARGET_MET
2025-01-21 04:25:00,-66.14900000000034,0.12947816406251889,1,EXIT_PROFIT_TARGET_MET
2025-01-21 04:30:00,-66.16380000000026,0.1235234765625357,1,EXIT_PROFIT_TARGET_MET
2025-01-21 04:35:00,-66.46200000000044,0.0035445703125036587,1,EXIT_PROFIT_TARGET_MET
2025-01-21 04:40:00,-66.08280000000013,0.15611332031250846,1,EXIT_PROFIT_TARGET_MET
2025-01-21 04:45:00,-66.34640000000036,0.050055507812498234,1,EXIT_PROFIT_TARGET_MET
2025-01-21 04:50:00,-66.6217999999999,0.024042655029297533,1,EXIT_PROFIT_TARGET_MET
2025-01-21 04:55:00,-66.51419999999962,0.020167899169923842,1,EXIT_PROFIT_TARGET_MET
2025-01-21 05:00:00,-66.34360000000015,0.051182070312497,1,EXIT_PROFIT_TARGET_MET
2025-01-21 05:05:00,-66.34360000000015,0.051182070312497,1,EXIT_PROFIT_TARGET_MET
2025-01-21 05:10:00,-66.34360000000015,0.051182070312497,1,EXIT_PROFIT_TARGET_MET
2025-01-21 05:15:00,-66.47239999999965,0.0032661669921872916,1,EXIT_PROFIT_TARGET_MET
2025-01-21 05:20:00,-66.58899999999994,0.022861502685547624,1,EXIT_PROFIT_TARGET_MET
2025-01-21 05:25:00,-66.97379999999976,-99.5921878125005,-1,HOLD
2025-01-21 05:30:00,-66.88580000000002,-168.95098203124303,-1,HOLD
2025-01-21 05:35:00,-67.21640000000025,-161.78217062500087,-1,HOLD
2025-01-21 05:40:00,-66.9318000000003,-115.06506281250188,-1,NO_VALID_ACTION_DEFENSIVE_AVG
2025-01-21 05:45:00,-66.8778000000002,-165.92580234375095,-1,HOLD
2025-01-21 05:50:00,-67.16539999999986,-135.85438750000378,-1,HOLD
2025-01-21 05:55:00,-67.16539999999986,-135.85438750000378,-1,HOLD
2025-01-21 06:00:00,-66.7471999999998,-114.81924781250032,-1,HOLD
2025-01-21 06:05:00,-66.64720000000034,0.024957327880859692,1,EXIT_PROFIT_TARGET_MET
2025-01-21 06:10:00,-66.60239999999976,0.023344046630859677,1,EXIT_PROFIT_TARGET_MET
2025-01-21 06:15:00,-66.34360000000015,0.051182070312497,1,EXIT_PROFIT_TARGET_MET
2025-01-21 06:20:00,-66.34360000000015,0.051182070312497,1,EXIT_PROFIT_TARGET_MET
2025-01-21 06:25:00,-66.67960000000039,0.02612407592773558,1,EXIT_PROFIT_TARGET_MET
2025-01-21 06:30:00,-66.67540000000008,0.025972830810546493,1,EXIT_PROFIT_TARGET_MET
2025-01-21 06:35:00,-66.69999999999982,0.02685869506836036,1,EXIT_PROFIT_TARGET_MET
2025-01-21 06:40:00,-66.69999999999982,0.02685869506836036,1,EXIT_PROFIT_TARGET_MET
2025-01-21 06:45:00,-66.80320000000029,-179.8136729687518,-1,NO_VALID_ACTION_DEFENSIVE_AVG
2025-01-21 06:50:00,-66.78060000000005,-140.56157625000262,-1,HOLD
2025-01-21 06:55:00,-66.49499999999989,0.019476492919921623,1,EXIT_PROFIT_TARGET_MET
2025-01-21 07:00:00,-66.59979999999996,0.02325041870117342,1,EXIT_PROFIT_TARGET_MET
2025-01-21 07:05:00,-66.58640000000014,0.022767874755861117,1,EXIT_PROFIT_TARGET_MET
2025-01-21 07:10:00,-66.54399999999987,0.021241019287110474,1,EXIT_PROFIT_TARGET_MET
2025-01-21 07:15:00,-66.52599999999984,0.020592825927736563,1,EXIT_PROFIT_TARGET_MET
2025-01-21 07:20:00,-66.75920000000042,-170.88535718750347,-1,NO_VALID_ACTION_DEFENSIVE_AVG
2025-01-21 07:25:00,-66.61999999999989,0.023977835693359567,1,EXIT_PROFIT_TARGET_MET
2025-01-21 07:30:00,-66.54119999999966,0.021140189208985583,1,EXIT_PROFIT_TARGET_MET
2025-01-21 07:35:00,-66.40639999999985,0.025914882812536177,1,EXIT_PROFIT_TARGET_MET
2025-01-21 07:40:00,-66.3775999999998,0.03750238281249718,1,EXIT_PROFIT_TARGET_MET
2025-01-21 07:45:00,-66.26599999999962,0.08240394531249695,1,EXIT_PROFIT_TARGET_MET
2025-01-21 07:50:00,-66.14580000000024,0.13076566406252432,1,EXIT_PROFIT_TARGET_MET
2025-01-21 07:55:00,-65.73099999999977,0.2976578515625077,1,EXIT_PROFIT_TARGET_MET
2025-01-21 08:00:00,-65.21600000000035,0.5048648828124964,1,EXIT_PROFIT_TARGET_MET
2025-01-21 08:05:00,-65.83460000000014,0.2559750390624975,1,EXIT_PROFIT_TARGET_MET
2025-01-21 08:10:00,-65.42219999999998,0.4219016015625128,1,EXIT_PROFIT_TARGET_MET
2025-01-21 08:15:00,-65.60040000000026,0.3502039453124768,1,EXIT_PROFIT_TARGET_MET
2025-01-21 08:20:00,-65.76339999999982,0.28462191406252657,1,EXIT_PROFIT_TARGET_MET
2025-01-21 08:25:00,-66.05140000000029,0.16874691406250886,1,EXIT_PROFIT_TARGET_MET
2025-01-21 08:30:00,-66.23499999999967,0.09487660156252264,1,EXIT_PROFIT_TARGET_MET
2025-01-21 08:35:00,-66.21860000000015,0.10147503906247657,1,EXIT_PROFIT_TARGET_MET
2025-01-21 08:40:00,-66.21860000000015,0.10147503906247657,1,EXIT_PROFIT_TARGET_MET
2025-01-21 08:45:00,-66.36660000000029,0.0419281640624769,1,EXIT_PROFIT_TARGET_MET
2025-01-21 08:50:00,-66.40859999999975,0.02502972656249547,1,EXIT_PROFIT_TARGET_MET
2025-01-21 08:55:00,-66.4336000000003,0.014971132812513943,1,EXIT_PROFIT_TARGET_MET
2025-01-21 09:00:00,-66.33799999999974,0.053435195312526496,1,EXIT_PROFIT_TARGET_MET
2025-01-21 09:05:00,-66.17380000000048,0.11950003906250473,1,EXIT_PROFIT_TARGET_MET
2025-01-21 09:10:00,-65.98660000000018,0.19481878906252703,1,EXIT_PROFIT_TARGET_MET
2025-01-21 09:15:00,-65.73700000000008,0.2952437890625115,1,EXIT_PROFIT_TARGET_MET
2025-01-21 09:20:00,-66.00900000000001,0.18580628906253693,1,EXIT_PROFIT_TARGET_MET
2025-01-21 09:25:00,-66.10739999999987,0.14621566406252562,1,EXIT_PROFIT_TARGET_MET
2025-01-21 09:30:00,-66.0601999999999,0.1652062890624899,1,EXIT_PROFIT_TARGET_MET
2025-01-21 09:35:00,-66.0601999999999,0.1652062890624899,1,EXIT_PROFIT_TARGET_MET
2025-01-21 09:40:00,-66.03120000000035,0.1768742578125062,1,EXIT_PROFIT_TARGET_MET
2025-01-21 09:45:00,-65.33179999999993,0.4582734765625265,1,EXIT_PROFIT_TARGET_MET
2025-01-21 09:50:00,-65.60599999999977,0.34795082031251123,1,EXIT_PROFIT_TARGET_MET
2025-01-21 09:55:00,-65.54259999999977,0.37345941406248606,1,EXIT_PROFIT_TARGET_MET
2025-01-21 10:00:00,-65.7471999999998,0.2911398828125291,1,EXIT_PROFIT_TARGET_MET
2025-01-21 10:05:00,-65.19599999999991,0.5129117578125184,1,EXIT_PROFIT_TARGET_MET
2025-01-21 10:10:00,-65.50879999999961,0.3870586328125105,1,EXIT_PROFIT_TARGET_MET
2025-01-21 10:15:00,-65.53319999999985,0.37724144531249504,1,EXIT_PROFIT_TARGET_MET
2025-01-21 10:20:00,-65.15760000000046,0.5283617578125277,1,EXIT_PROFIT_TARGET_MET
2025-01-21 10:25:00,-65.28179999999975,0.47839066406249753,1,EXIT_PROFIT_TARGET_MET
2025-01-21 10:30:00,-65.22860000000037,0.49979535156249,1,EXIT_PROFIT_TARGET_MET
2025-01-21 10:35:00,-65.30659999999989,0.46841253906253133,1,EXIT_PROFIT_TARGET_MET
2025-01-21 10:40:00,-65.33579999999984,0.4566641015624917,1,EXIT_PROFIT_TARGET_MET
2025-01-21 10:45:00,-65.41380000000026,0.42528128906253304,1,EXIT_PROFIT_TARGET_MET
2025-01-21 10:50:00,-64.60320000000047,13.688998124998989,1,EXIT_PROFIT_TARGET_MET
2025-01-21 10:55:00,-64.48679999999968,3.7096912500016685,1,EXIT_PROFIT_TARGET_MET
2025-01-21 11:00:00,-64.95820000000003,0.835296406250059,1,EXIT_PROFIT_TARGET_MET
2025-01-21 11:05:00,-65.17680000000018,0.5206367578125111,1,EXIT_PROFIT_TARGET_MET
2025-01-21 11:10:00,-65.04799999999977,0.5724586328125021,1,EXIT_PROFIT_TARGET_MET
2025-01-21 11:15:00,-64.85320000000047,2.6108731250000687,1,EXIT_PROFIT_TARGET_MET
2025-01-21 11:20:00,-64.74340000000029,7.476385624999125,1,EXIT_PROFIT_TARGET_MET
2025-01-21 11:25:00,-64.28039999999964,11.578691249998656,1,EXIT_PROFIT_TARGET_MET
2025-01-21 11:30:00,-64.60919999999987,13.423123125000842,1,EXIT_PROFIT_TARGET_MET
2025-01-21 11:35:00,-64.78480000000036,5.641848124998177,1,EXIT_PROFIT_TARGET_MET
2025-01-21 11:40:00,-64.88979999999992,0.989035625000426,1,EXIT_PROFIT_TARGET_MET
2025-01-21 11:45:00,-64.67740000000049,10.401010625000353,1,EXIT_PROFIT_TARGET_MET
2025-01-21 11:50:00,-64.89459999999963,0.77633562500219,1,EXIT_PROFIT_TARGET_MET
2025-01-21 11:55:00,-64.9975999999997,0.398818281249401,1,EXIT_PROFIT_TARGET_MET
2025-01-21 12:00:00,-64.86139999999978,2.2475106250011265,1,EXIT_PROFIT_TARGET_MET
2025-01-21 12:05:00,-64.95840000000044,0.8330807812502066,1,EXIT_PROFIT_TARGET_MET
2025-01-21 12:10:00,-65.27880000000005,0.47959769531249563,1,EXIT_PROFIT_TARGET_MET
2025-01-21 12:15:00,-65.27059999999983,-6.191266882524238e-08,1,HOLD
2025-01-21 12:20:00,-65.21680000000015,-7.384669759630918e-08,1,HOLD
2025-01-21 12:25:00,-65.30519999999979,-7.087759615387751e-08,1,HOLD
2025-01-21 12:30:00,-64.8797999999997,-5.186067515751314e-08,1,HOLD
2025-01-21 12:35:00,-64.93040000000019,-3.991971316281791e-08,1,HOLD
2025-01-21 12:40:00,-64.98660000000018,-7.796074089128544e-08,1,ACTION_AVG_SHORT_TREND
2025-01-21 12:45:00,-64.95579999999973,-94.0566125,-1,NO_VALID_ACTION_DEFENSIVE_AVG
2025-01-21 12:50:00,-65.07060000000001,-124.84525437500109,-1,NO_VALID_ACTION_DEFENSIVE_AVG
2025-01-21 12:55:00,-64.86020000000008,-71.77514999999994,-1,NO_VALID_ACTION_DEFENSIVE_AVG
2025-01-21 13:00:00,-65.02019999999993,-65.40014999999994,-1,NO_VALID_ACTION_DEFENSIVE_AVG
2025-01-21 13:05:00,-65.1866,-71.36088937499876,-1,ACTION_DEFENSIVE_AVG_LONG
2025-01-21 13:10:00,-65.2503999999999,-101.25792406250139,-1,ACTION_DEFENSIVE_AVG_SHORT
2025-01-21 13:15:00,-65.2503999999999,-4.919783677905733e-08,1,NO_ACTION_FORCED_CUT_NO_TREND
2025-01-21 13:20:00,-65.33479999999963,-5.085870157927197e-08,1,NO_ACTION_FORCED_CUT_NO_TREND
2025-01-21 13:25:00,-65.33479999999963,-215.06283070312247,-1,NO_VALID_ACTION_DEFENSIVE_AVG
2025-01-21 13:30:00,-65.09739999999965,-70.99798499999986,-1,NO_VALID_ACTION_DEFENSIVE_AVG
2025-01-21 13:35:00,-65.02639999999974,-73.96479999999974,-1,NO_VALID_ACTION_DEFENSIVE_AVG
2025-01-21 13:40:00,-65.02639999999974,-71.1447999999998,-1,NO_VALID_ACTION_DEFENSIVE_AVG
2025-01-21 13:45:00,-65.09979999999996,-4.48988366406414e-08,1,ACTION_AVG_SHORT_TREND
2025-01-21 13:50:00,-65.09979999999996,-339.3991214062694,-1,NO_VALID_ACTION_DEFENSIVE_AVG
2025-01-21 13:55:00,-65.28740000000016,-6.855862360680562e-08,1,NO_ACTION_FORCED_CUT_NO_TREND
2025-01-21 14:00:00,-65.28740000000016,-9.696541732410063e-08,1,NO_ACTION_FORCED_CUT_NO_TREND
2025-01-21 14:05:00,-64.71519999999964,-146.3847323437491,-1,NO_VALID_ACTION_DEFENSIVE_AVG
2025-01-21 14:10:00,-64.84640000000036,-228.9300947656207,-1,NO_VALID_ACTION_DEFENSIVE_AVG
2025-01-21 14:15:00,-64.84640000000036,-228.9300947656207,-1,NO_VALID_ACTION_DEFENSIVE_AVG
2025-01-21 14:20:00,-65.18239999999969,-389.44495332034325,-1,NO_VALID_ACTION_DEFENSIVE_AVG
2025-01-21 14:25:00,-64.90020000000004,-387.7679340185397,-1,ACTION_DEFENSIVE_AVG_LONG
2025-01-21 14:30:00,-64.5622000000003,-72.8594750000002,-1,NO_VALID_ACTION_DEFENSIVE_AVG
2025-01-21 14:35:00,-64.8068000000003,-70.2601000000002,-1,NO_VALID_ACTION_DEFENSIVE_AVG
2025-01-21 14:40:00,-64.62880000000041,-74.01160000000027,-1,NO_VALID_ACTION_DEFENSIVE_AVG
2025-01-21 14:45:00,-64.63379999999961,-73.28034999999977,-1,NO_VALID_ACTION_DEFENSIVE_AVG
2025-01-21 14:50:00,-64.79680000000008,-69.6676,-1,NO_VALID_ACTION_DEFENSIVE_AVG
2025-01-21 14:55:00,-64.90660000000025,-69.30495000000019,-1,NO_VALID_ACTION_DEFENSIVE_AVG
2025-01-21 15:00:00,-64.93339999999989,-65.29504999999995,-1,NO_VALID_ACTION_DEFENSIVE_AVG
2025-01-21 15:05:00,-64.94220000000041,-62.26713000000029,1,ACTION_DEFENSIVE_AVG_LONG
2025-01-21 15:10:00,-64.88799999999992,-63.13599999999997,1,NO_VALID_ACTION_DEFENSIVE_AVG
2025-01-21 15:15:00,-64.89639999999963,-62.01641999999936,1,ACTION_DEFENSIVE_AVG_LONG
2025-01-21 15:20:00,-64.82420000000002,-62.78628999999978,1,ACTION_DEFENSIVE_AVG_LONG
2025-01-21 15:25:00,-64.82420000000002,-65.41628999999978,-1,NO_VALID_ACTION_DEFENSIVE_AVG
2025-01-21 15:30:00,-64.5047999999997,-74.76859999999988,-1,NO_VALID_ACTION_DEFENSIVE_AVG
2025-01-21 15:35:00,-64.77859999999964,-71.04894999999988,-1,NO_VALID_ACTION_DEFENSIVE_AVG
2025-01-21 15:40:00,-64.77859999999964,-70.79394999999977,-1,NO_VALID_ACTION_DEFENSIVE_AVG
2025-01-21 15:45:00,-64.5568000000003,-72.38260000000014,-1,NO_VALID_ACTION_DEFENSIVE_AVG
2025-01-21 15:50:00,-64.49539999999979,-73.29154999999992,-1,NO_VALID_ACTION_DEFENSIVE_AVG
2025-01-21 15:55:00,-64.44880000000012,-75.19659999999999,-1,NO_VALID_ACTION_DEFENSIVE_AVG
2025-01-21 16:00:00,-64.53319999999985,-73.2699,-1,HOLD
2025-01-21 16:05:00,-64.77379999999994,-1.0141242062672918e-07,1,HOLD
2025-01-21 16:10:00,-64.85320000000047,1.0680549312386935e-08,1,EXIT_PROFIT_TARGET_MET
2025-01-21 16:15:00,-64.88079999999991,-9.610994253307424e-08,1,HOLD
2025-01-21 16:20:00,-64.82420000000002,-7.938329596072568e-08,1,HOLD
2025-01-21 16:25:00,-64.79340000000047,-331.13801338866176,-1,HOLD
2025-01-21 16:30:00,-64.71339999999964,-93.98506999999863,-1,HOLD
2025-01-21 16:35:00,-64.5622000000003,-73.80665000000022,-1,HOLD
2025-01-21 16:40:00,-64.33839999999964,-79.23379999999975,-1,HOLD
2025-01-21 16:45:00,-64.33839999999964,-79.23379999999975,-1,HOLD
2025-01-21 16:50:00,-64.84559999999965,-234.06256345701752,-1,HOLD
2025-01-21 16:55:00,-64.84559999999965,-66.67483999999968,-1,HOLD
2025-01-21 17:00:00,-64.94940000000042,-73.44623999999982,-1,HOLD
2025-01-21 17:05:00,-64.67299999999977,-76.76474999999982,-1,HOLD
2025-01-21 17:10:00,-64.97239999999965,-78.98529000000067,-1,HOLD
2025-01-21 17:15:00,-64.7529999999997,-70.37974999999983,-1,HOLD
2025-01-21 17:20:00,-65.11920000000009,-122.0509837499981,-1,HOLD
2025-01-21 17:25:00,-64.85300000000007,-70.14788000000004,-1,HOLD
2025-01-21 17:30:00,-64.89339999999993,-64.70942999999971,1,HOLD
2025-01-21 17:35:00,-64.93299999999999,-68.87143999999938,-1,HOLD
2025-01-21 17:40:00,-65.07399999999961,-80.85501999999983,-1,HOLD
2025-01-21 17:45:00,-65.15499999999975,-178.79846250000645,-1,HOLD
2025-01-21 17:50:00,-65.15499999999975,-178.79846250000645,-1,HOLD
2025-01-21 17:55:00,-65.03600000000006,-73.39299000000099,-1,HOLD
2025-01-21 18:00:00,-64.99099999999999,-55.29174000000006,1,HOLD
2025-01-21 18:05:00,-65.00160000000051,-75.58913187499978,-1,ACTION_DEFENSIVE_AVG_LONG
2025-01-21 18:10:00,-65.21680000000015,-324.8794658203005,-1,NO_VALID_ACTION_DEFENSIVE_AVG
2025-01-21 18:15:00,-65.2493999999997,-283.6275915039132,-1,NO_VALID_ACTION_DEFENSIVE_AVG
2025-01-21 18:20:00,-65.14940000000024,-190.32839011719548,-1,NO_VALID_ACTION_DEFENSIVE_AVG
2025-01-21 18:25:00,-65.14940000000024,-184.2344057421952,-1,NO_VALID_ACTION_DEFENSIVE_AVG
2025-01-21 18:30:00,-65.14940000000024,-215.99522714844036,-1,ACTION_DEFENSIVE_AVG_SHORT
2025-01-21 18:35:00,-65.14940000000024,-226.81032658202776,-1,ACTION_DEFENSIVE_AVG_LONG
2025-01-21 18:40:00,-65.04619999999977,-101.383429687497,-1,NO_VALID_ACTION_DEFENSIVE_AVG
2025-01-21 18:45:00,-64.83759999999984,-75.09062749999987,-1,HOLD
2025-01-21 18:50:00,-64.98739999999998,-118.2752671875027,-1,HOLD
2025-01-21 18:55:00,-64.98739999999998,-103.94839218750249,-1,HOLD
2025-01-21 19:00:00,-65.02580000000034,-112.7625046875002,-1,HOLD
2025-01-21 19:05:00,-65.38280000000032,-686.8770667529498,-1,HOLD
2025-01-21 19:10:00,-65.38280000000032,-719.6740577197445,-1,HOLD
2025-01-21 19:15:00,-65.38280000000032,-762.8507557177933,-1,HOLD
2025-01-21 19:20:00,-65.23779999999988,-250.71945791016591,-1,HOLD
2025-01-21 19:25:00,-65.21680000000015,-349.0505785253855,-1,HOLD
2025-01-21 19:30:00,-65.21680000000015,-330.629802158198,-1,HOLD
2025-01-21 19:35:00,-65.35580000000027,-680.2516055713045,-1,HOLD
2025-01-21 19:40:00,-65.35580000000027,-684.792727397477,-1,HOLD
2025-01-21 19:45:00,-65.35580000000027,-740.4394900927882,-1,HOLD
2025-01-21 19:50:00,-65.41380000000026,-507.6998508008109,-1,HOLD
2025-01-21 19:55:00,-65.41399999999976,-541.4290486523573,-1,HOLD
2025-01-21 20:00:00,-65.59580000000005,-321.151056767579,-1,HOLD
2025-01-21 20:05:00,-65.65359999999964,-271.20369915042306,-1,HOLD
2025-01-21 20:10:00,-65.73700000000008,-270.9432364550752,-1,NO_VALID_ACTION_DEFENSIVE_AVG
2025-01-21 20:15:00,-65.58920000000035,-369.7497395800707,-1,HOLD
2025-01-21 20:20:00,-65.59040000000005,-380.2284911425729,-1,HOLD
2025-01-21 20:25:00,-65.75340000000051,-366.18036450686986,-1,HOLD
2025-01-21 20:30:00,-65.75340000000051,-337.636170170932,-1,HOLD
2025-01-21 20:35:00,-65.84500000000025,-173.29650364259396,-1,HOLD
2025-01-21 20:40:00,-65.84500000000025,-182.2345846972812,-1,HOLD
2025-01-21 20:45:00,-65.84500000000025,-182.2345846972812,-1,HOLD
2025-01-21 20:50:00,-66.14900000000034,0.007268848876955031,1,EXIT_PROFIT_TARGET_MET
2025-01-21 20:55:00,-66.02999999999975,0.027867237548829665,1,EXIT_PROFIT_TARGET_MET
2025-01-21 21:00:00,-66.0608000000002,0.022535889892577876,1,EXIT_PROFIT_TARGET_MET
2025-01-21 21:05:00,-65.95060000000012,0.11830670898437567,1,EXIT_PROFIT_TARGET_MET
2025-01-21 21:10:00,-66.15440000000035,0.006334132080079852,1,EXIT_PROFIT_TARGET_MET
2025-01-21 21:15:00,-66.02499999999964,0.02873271606445646,1,EXIT_PROFIT_TARGET_MET
2025-01-21 21:20:00,-66.10879999999997,0.014227296142579587,1,EXIT_PROFIT_TARGET_MET
2025-01-21 21:25:00,-66.10879999999997,0.014227296142579587,1,EXIT_PROFIT_TARGET_MET
2025-01-21 21:30:00,-66.00900000000001,0.03150224731445131,1,EXIT_PROFIT_TARGET_MET
2025-01-21 21:35:00,-65.9952000000003,0.033890968017577544,1,EXIT_PROFIT_TARGET_MET
2025-01-21 21:40:00,-66.11520000000019,0.013119483642575452,1,EXIT_PROFIT_TARGET_MET
2025-01-21 21:45:00,-65.94459999999981,0.12188092773437842,1,EXIT_PROFIT_TARGET_MET
2025-01-21 21:50:00,-66.1261999999997,0.011215430908204899,1,EXIT_PROFIT_TARGET_MET
2025-01-21 21:55:00,-66.17699999999968,0.0024221691894549258,1,EXIT_PROFIT_TARGET_MET
2025-01-21 22:00:00,-66.1275999999998,0.010973096923829057,1,EXIT_PROFIT_TARGET_MET
2025-01-21 22:05:00,-65.86419999999998,2.078361914062511,1,EXIT_PROFIT_TARGET_MET
2025-01-21 22:10:00,-66.04579999999987,0.02513232543945576,1,EXIT_PROFIT_TARGET_MET
2025-01-21 22:15:00,-66.47640000000047,0.0040093090820312975,1,EXIT_PROFIT_TARGET_MET
2025-01-21 22:20:00,-66.3137999999999,0.003277390747070442,1,EXIT_PROFIT_TARGET_MET
2025-01-21 22:25:00,-66.3137999999999,0.003277390747070442,1,EXIT_PROFIT_TARGET_MET
2025-01-21 22:30:00,-66.05240000000049,0.023989893798827433,1,EXIT_PROFIT_TARGET_MET
2025-01-21 22:35:00,-66.08500000000004,0.018346973876952166,1,EXIT_PROFIT_TARGET_MET
2025-01-21 22:40:00,-66.08500000000004,0.018346973876952166,1,EXIT_PROFIT_TARGET_MET
2025-01-21 22:45:00,-66.10660000000007,0.014608106689453948,1,EXIT_PROFIT_TARGET_MET
2025-01-21 22:50:00,-66.11999999999989,0.012288624267579346,1,EXIT_PROFIT_TARGET_MET
2025-01-21 22:55:00,-66.15580000000045,0.00609179809570401,1,EXIT_PROFIT_TARGET_MET
2025-01-21 23:00:00,-66.21799999999985,0.0028461621093749147,1,EXIT_PROFIT_TARGET_MET
2025-01-21 23:05:00,-65.92579999999998,0.13313862304686142,1,EXIT_PROFIT_TARGET_MET
2025-01-21 23:10:00,-66.04460000000017,0.066891279296877,1,EXIT_PROFIT_TARGET_MET
2025-01-21 23:15:00,-66.19419999999991,0.2482728515624839,1,EXIT_PROFIT_TARGET_MET
2025-01-21 23:20:00,-66.15480000000025,1.0782603515625246,1,EXIT_PROFIT_TARGET_MET
2025-01-21 23:25:00,-66.00900000000001,3.9269812499999626,1,EXIT_PROFIT_TARGET_MET
2025-01-21 23:30:00,-65.90120000000024,0.05112320312486851,1,EXIT_PROFIT_TARGET_MET
2025-01-21 23:35:00,-65.94620000000032,12.81214000000081,1,EXIT_PROFIT_TARGET_MET
2025-01-21 23:40:00,-65.94620000000032,11.23996750000073,1,EXIT_PROFIT_TARGET_MET
2025-01-21 23:45:00,-66.14000000000033,22.099659062500457,1,EXIT_PROFIT_TARGET_MET
2025-01-21 23:50:00,-66.03139999999985,9.800393125000454,1,EXIT_PROFIT_TARGET_MET
2025-01-21 23:55:00,-66.03139999999985,0.0002870772838592236,1,EXIT_PROFIT_TARGET_MET
2025-01-22 00:00:00,-66.16060000000016,26.267368906250358,1,EXIT_PROFIT_TARGET_MET
2025-01-22 00:05:00,-66.22360000000026,0.0019639858245848445,1,EXIT_PROFIT_TARGET_MET
2025-01-22 00:10:00,-66.22360000000026,3.068707636718789,1,EXIT_PROFIT_TARGET_MET
2025-01-22 00:15:00,-66.25380000000041,0.0007444549560530339,1,EXIT_PROFIT_TARGET_MET
2025-01-22 00:20:00,-66.57499999999982,0.018416232299803936,1,EXIT_PROFIT_TARGET_MET
2025-01-22 00:25:00,-66.76000000000022,0.02507821960449179,1,EXIT_PROFIT_TARGET_MET
2025-01-22 00:30:00,-66.23019999999997,0.005999728393554005,1,EXIT_PROFIT_TARGET_MET
2025-01-22 00:35:00,-66.1913999999997,0.004602511596679668,1,EXIT_PROFIT_TARGET_MET
2025-01-22 00:40:00,-66.12880000000041,0.0023482391357411286,1,EXIT_PROFIT_TARGET_MET
2025-01-22 00:45:00,-66.23499999999967,0.006172579956054122,1,EXIT_PROFIT_TARGET_MET
2025-01-22 00:50:00,-66.20380000000023,0.005049044799803795,1,EXIT_PROFIT_TARGET_MET
2025-01-22 00:55:00,-66.10660000000007,0.006865432128905419,1,EXIT_PROFIT_TARGET_MET
2025-01-22 01:00:00,-65.78120000000035,0.23498203124996087,1,EXIT_PROFIT_TARGET_MET
2025-01-22 01:05:00,-65.74380000000019,0.7970502148437486,1,EXIT_PROFIT_TARGET_MET
2025-01-22 01:10:00,-65.58560000000034,0.9283393164063929,1,EXIT_PROFIT_TARGET_MET
2025-01-22 01:15:00,-65.6261999999997,2.640668945312452,1,EXIT_PROFIT_TARGET_MET
2025-01-22 01:20:00,-65.8100000000004,21.65878210937499,1,EXIT_PROFIT_TARGET_MET
2025-01-22 01:25:00,-66.0,22.8367671875005,1,EXIT_PROFIT_TARGET_MET
2025-01-22 01:30:00,-65.89919999999984,0.3643567968749917,1,EXIT_PROFIT_TARGET_MET
2025-01-22 01:35:00,-65.84400000000005,-217.15552662109621,-1,HOLD
2025-01-22 01:40:00,-65.92519999999968,0.5484136718747319,1,EXIT_PROFIT_TARGET_MET
2025-01-22 01:45:00,-65.8100000000004,-200.1556821679751,-1,HOLD
2025-01-22 01:50:00,-65.76860000000033,-201.1596321679699,-1,HOLD
2025-01-22 01:55:00,-65.76900000000023,-201.59843802733826,-1,HOLD
2025-01-22 02:00:00,-65.89440000000013,0.05331737581253226,1,EXIT_PROFIT_TARGET_MET
2025-01-22 02:05:00,-66.05439999999999,0.565967539062477,1,EXIT_PROFIT_TARGET_MET
2025-01-22 02:10:00,-66.3746000000001,1.9915284765625572,1,EXIT_PROFIT_TARGET_MET
2025-01-22 02:15:00,-66.81999999999971,11.29923125000019,1,EXIT_PROFIT_TARGET_MET
2025-01-22 02:20:00,-66.69679999999971,6.756231250000724,1,EXIT_PROFIT_TARGET_MET
2025-01-22 02:25:00,-66.7452000000003,8.540981250000414,1,EXIT_PROFIT_TARGET_MET
2025-01-22 02:30:00,-66.31720000000041,1.4522244677734506,1,EXIT_PROFIT_TARGET_MET
2025-01-22 02:35:00,-66.40620000000035,0.3960203027343381,1,EXIT_PROFIT_TARGET_MET
2025-01-22 02:40:00,-66.16820000000007,1.8844728906243793,1,EXIT_PROFIT_TARGET_MET
2025-01-22 02:45:00,-66.35339999999997,0.0797359277343701,1,EXIT_PROFIT_TARGET_MET
2025-01-22 02:50:00,-66.39999999999964,0.3588808496093898,1,EXIT_PROFIT_TARGET_MET
2025-01-22 02:55:00,-66.22379999999976,0.8835242724608539,1,EXIT_PROFIT_TARGET_MET
2025-01-22 03:00:00,-66.22379999999976,0.8835242724608539,1,EXIT_PROFIT_TARGET_MET
2025-01-22 03:05:00,-66.47040000000015,34.66817812500112,1,EXIT_PROFIT_TARGET_MET
2025-01-22 03:10:00,-66.46320000000014,34.357228125000006,1,EXIT_PROFIT_TARGET_MET
2025-01-22 03:15:00,-66.51320000000032,36.516603124999406,1,EXIT_PROFIT_TARGET_MET
2025-01-22 03:20:00,-66.50839999999971,36.30930312499905,1,EXIT_PROFIT_TARGET_MET
2025-01-22 03:25:00,-66.43159999999989,0.5481722558594073,1,EXIT_PROFIT_TARGET_MET
2025-01-22 03:30:00,-66.23679999999968,0.9626795458983695,1,EXIT_PROFIT_TARGET_MET
2025-01-22 03:35:00,-66.3132000000005,1.4278689990233961,1,EXIT_PROFIT_TARGET_MET
2025-01-22 03:40:00,-66.3132000000005,1.4278689990233961,1,EXIT_PROFIT_TARGET_MET
2025-01-22 03:45:00,-66.69740000000002,6.778356250000883,1,EXIT_PROFIT_TARGET_MET
2025-01-22 03:50:00,-66.84320000000025,12.154731249998576,1,EXIT_PROFIT_TARGET_MET
2025-01-22 03:55:00,-67.11539999999968,22.19210624999846,1,EXIT_PROFIT_TARGET_MET
2025-01-22 04:00:00,-66.82499999999982,11.483606250001856,1,EXIT_PROFIT_TARGET_MET
2025-01-22 04:05:00,-66.90700000000015,14.507356249998168,1,EXIT_PROFIT_TARGET_MET
2025-01-22 04:10:00,-66.73440000000028,8.142731250000878,1,EXIT_PROFIT_TARGET_MET
2025-01-22 04:15:00,-66.86260000000038,12.870106250000475,1,EXIT_PROFIT_TARGET_MET
2025-01-22 04:20:00,-66.91880000000037,14.942481249998394,1,EXIT_PROFIT_TARGET_MET
2025-01-22 04:25:00,-66.66660000000047,5.642606249999034,1,EXIT_PROFIT_TARGET_MET
2025-01-22 04:30:00,-67.1228000000001,22.464981250000505,1,EXIT_PROFIT_TARGET_MET
2025-01-22 04:35:00,-67.15419999999995,23.62285625000098,1,EXIT_PROFIT_TARGET_MET
2025-01-22 04:40:00,-67.04839999999967,19.721481250001005,1,EXIT_PROFIT_TARGET_MET
2025-01-22 04:45:00,-67.01280000000042,18.408731250000955,1,EXIT_PROFIT_TARGET_MET
2025-01-22 04:50:00,-67.01800000000003,18.60048124999892,1,EXIT_PROFIT_TARGET_MET
2025-01-22 04:55:00,-66.98639999999978,17.435231249999333,1,EXIT_PROFIT_TARGET_MET
2025-01-22 05:00:00,-66.84320000000025,12.154731249998576,1,EXIT_PROFIT_TARGET_MET
2025-01-22 05:05:00,-66.66660000000047,5.642606249999034,1,EXIT_PROFIT_TARGET_MET
2025-01-22 05:10:00,-66.59199999999964,2.8917312500004186,1,EXIT_PROFIT_TARGET_MET
2025-01-22 05:15:00,-66.70139999999992,6.925856250001345,1,EXIT_PROFIT_TARGET_MET
2025-01-22 05:20:00,-66.58160000000044,2.5082312499986017,1,EXIT_PROFIT_TARGET_MET
2025-01-22 05:25:00,-66.64540000000034,4.860856249999728,1,EXIT_PROFIT_TARGET_MET
2025-01-22 05:30:00,-66.46339999999964,34.36586562500126,1,EXIT_PROFIT_TARGET_MET
2025-01-22 05:35:00,-66.42200000000048,0.4906660058593648,1,EXIT_PROFIT_TARGET_MET
2025-01-22 05:40:00,-66.45759999999973,34.11537812499999,1,EXIT_PROFIT_TARGET_MET
2025-01-22 05:45:00,-66.64260000000013,4.757606250001373,1,EXIT_PROFIT_TARGET_MET
2025-01-22 05:50:00,-66.65959999999995,5.384481249999311,1,EXIT_PROFIT_TARGET_MET
2025-01-22 05:55:00,-66.65959999999995,5.384481249999311,1,EXIT_PROFIT_TARGET_MET
2025-01-22 06:00:00,-66.72180000000026,7.678106250000866,1,EXIT_PROFIT_TARGET_MET
2025-01-22 06:05:00,-66.65779999999995,5.3181062499985785,1,EXIT_PROFIT_TARGET_MET
2025-01-22 06:10:00,-66.65779999999995,5.3181062499985785,1,EXIT_PROFIT_TARGET_MET
2025-01-22 06:15:00,-66.4996000000001,35.929253125001566,1,EXIT_PROFIT_TARGET_MET
2025-01-22 06:20:00,-66.4996000000001,35.929253125001566,1,EXIT_PROFIT_TARGET_MET
2025-01-22 06:25:00,-66.44819999999982,33.70941562500066,1,EXIT_PROFIT_TARGET_MET
2025-01-22 06:30:00,-66.26659999999993,1.1441277880858836,1,EXIT_PROFIT_TARGET_MET
2025-01-22 06:35:00,-66.26820000000043,1.1538699755858286,1,EXIT_PROFIT_TARGET_MET
2025-01-22 06:40:00,-66.13159999999971,0.06321525585175998,1,EXIT_PROFIT_TARGET_MET
2025-01-22 06:45:00,-66.10159999999996,0.04002368938447196,1,EXIT_PROFIT_TARGET_MET
2025-01-22 06:50:00,-66.33500000000004,2.231775468749426,1,EXIT_PROFIT_TARGET_MET
2025-01-22 06:55:00,-66.28539999999975,1.0824504687493643,1,EXIT_PROFIT_TARGET_MET
2025-01-22 07:00:00,-66.3096000000005,1.6432098437488776,1,EXIT_PROFIT_TARGET_MET
2025-01-22 07:05:00,-66.23760000000038,0.145158790702822,1,EXIT_PROFIT_TARGET_MET
2025-01-22 07:10:00,-66.15200000000004,0.07898552104951011,1,EXIT_PROFIT_TARGET_MET
2025-01-22 07:15:00,-66.23760000000038,0.145158790702822,1,EXIT_PROFIT_TARGET_MET
2025-01-22 07:20:00,-66.23599999999988,0.143921907157907,1,EXIT_PROFIT_TARGET_MET
2025-01-22 07:25:00,-66.3155999999999,1.7822410937499917,1,EXIT_PROFIT_TARGET_MET
2025-01-22 07:30:00,-66.30839999999989,1.6154035937502087,1,EXIT_PROFIT_TARGET_MET
2025-01-22 07:35:00,-66.45719999999983,1.2904153076171392,1,EXIT_PROFIT_TARGET_MET
2025-01-22 07:40:00,-66.51400000000012,0.04120643554690551,1,EXIT_PROFIT_TARGET_MET
2025-01-22 07:45:00,-66.58280000000013,32.05399000000111,1,EXIT_PROFIT_TARGET_MET
2025-01-22 07:50:00,-66.67200000000048,35.343239999998815,1,EXIT_PROFIT_TARGET_MET
2025-01-22 07:55:00,-66.6206000000002,-82.07693000000017,-1,HOLD
2025-01-22 08:00:00,-66.65359999999964,-82.92667999999958,-1,HOLD
2025-01-22 08:05:00,-66.64760000000024,-108.56478000000064,-1,HOLD
2025-01-22 08:10:00,-66.57279999999992,0.04049415771480391,1,EXIT_PROFIT_TARGET_MET
2025-01-22 08:15:00,-66.63839999999982,-80.22527999999988,-1,HOLD
2025-01-22 08:20:00,-66.65999999999985,0.3180701806640651,1,EXIT_PROFIT_TARGET_MET
2025-01-22 08:25:00,-66.65999999999985,0.3698620410156145,1,EXIT_PROFIT_TARGET_MET
2025-01-22 08:30:00,-66.64040000000023,0.0470349853515889,1,EXIT_PROFIT_TARGET_MET
2025-01-22 08:35:00,-66.73379999999997,1.4993061279296027,1,EXIT_PROFIT_TARGET_MET
2025-01-22 08:40:00,-66.6894000000002,2.126632714843477,1,EXIT_PROFIT_TARGET_MET
2025-01-22 08:45:00,-66.92740000000049,-107.19373999999999,-1,HOLD
2025-01-22 08:50:00,-66.82380000000012,-88.81932999999981,-1,HOLD
2025-01-22 08:55:00,-66.83100000000013,-90.9872300000003,-1,HOLD
2025-01-22 09:00:00,-66.50740000000042,2.7819042187500047,1,EXIT_PROFIT_TARGET_MET
2025-01-22 09:05:00,-66.50799999999981,1.6383131250000122,1,EXIT_PROFIT_TARGET_MET
2025-01-22 09:10:00,-66.55439999999999,-116.34968500000053,-1,HOLD
2025-01-22 09:15:00,-66.26440000000002,20.766837499999454,1,EXIT_PROFIT_TARGET_MET
2025-01-22 09:20:00,-66.42540000000008,30.066232499999643,1,EXIT_PROFIT_TARGET_MET
2025-01-22 09:25:00,-66.38339999999971,28.517482499998238,1,EXIT_PROFIT_TARGET_MET
2025-01-22 09:30:00,-66.44940000000042,8.713053750000824,1,EXIT_PROFIT_TARGET_MET
2025-01-22 09:35:00,-66.30199999999968,3.2776787500002342,1,EXIT_PROFIT_TARGET_MET
2025-01-22 09:40:00,-66.32480000000032,4.118428749999367,1,EXIT_PROFIT_TARGET_MET
2025-01-22 09:45:00,-66.45600000000013,8.956428750000015,1,EXIT_PROFIT_TARGET_MET
2025-01-22 09:50:00,-66.45600000000013,8.956428750000015,1,EXIT_PROFIT_TARGET_MET
2025-01-22 09:55:00,-66.39300000000003,6.633303750001744,1,EXIT_PROFIT_TARGET_MET
2025-01-22 10:00:00,-66.66160000000036,16.537928750000418,1,EXIT_PROFIT_TARGET_MET
2025-01-22 10:05:00,-66.66160000000036,16.537928750000418,1,EXIT_PROFIT_TARGET_MET
2025-01-22 10:10:00,-66.66160000000036,16.537928750000418,1,EXIT_PROFIT_TARGET_MET
2025-01-22 10:15:00,-66.50200000000041,10.652678750000348,1,EXIT_PROFIT_TARGET_MET
2025-01-22 10:20:00,-66.59280000000035,14.000928750000696,1,EXIT_PROFIT_TARGET_MET
2025-01-22 10:25:00,-66.61040000000048,14.649928750000583,1,EXIT_PROFIT_TARGET_MET
2025-01-22 10:30:00,-66.45859999999993,9.052303750000789,1,EXIT_PROFIT_TARGET_MET
2025-01-22 10:35:00,-66.45859999999993,9.052303750000789,1,EXIT_PROFIT_TARGET_MET
2025-01-22 10:40:00,-66.45859999999993,9.052303750000789,1,EXIT_PROFIT_TARGET_MET
2025-01-22 10:45:00,-66.48620000000028,10.070053749999914,1,EXIT_PROFIT_TARGET_MET
2025-01-22 10:50:00,-66.79359999999997,-128.62656000000015,-1,HOLD
2025-01-22 10:55:00,-66.76080000000002,-129.44375999999988,-1,HOLD
2025-01-22 11:00:00,-66.97140000000036,-129.65436000000068,-1,HOLD
2025-01-22 11:05:00,-66.93199999999979,-126.62995999999976,-1,HOLD
2025-01-22 11:10:00,-66.68059999999969,17.23855375000153,1,EXIT_PROFIT_TARGET_MET
2025-01-22 11:15:00,-66.94840000000022,-133.1013600000008,-1,HOLD
2025-01-22 11:20:00,-66.94840000000022,-137.25636000000077,-1,HOLD
2025-01-22 11:25:00,-66.75540000000001,-137.06335999999942,-1,HOLD
2025-01-22 11:30:00,-66.6854000000003,17.415553750002033,1,EXIT_PROFIT_TARGET_MET
2025-01-22 11:35:00,-66.77999999999975,-130.75295999999912,-1,HOLD
2025-01-22 11:40:00,-66.52180000000044,11.3828037500015,1,EXIT_PROFIT_TARGET_MET
2025-01-22 11:45:00,-66.66399999999976,16.62642875000131,1,EXIT_PROFIT_TARGET_MET
2025-01-22 11:50:00,-66.52559999999994,11.522928750000801,1,EXIT_PROFIT_TARGET_MET
2025-01-22 11:55:00,-66.52559999999994,7.566637500000411,1,EXIT_PROFIT_TARGET_MET
2025-01-22 12:00:00,-66.47180000000026,5.58276250000057,1,EXIT_PROFIT_TARGET_MET
2025-01-22 12:05:00,-66.50640000000021,6.858637500001208,1,EXIT_PROFIT_TARGET_MET
2025-01-22 12:10:00,-66.6214,11.099262500000634,1,EXIT_PROFIT_TARGET_MET
2025-01-22 12:15:00,-66.69660000000022,13.87226249999992,1,EXIT_PROFIT_TARGET_MET
2025-01-22 12:20:00,-66.58160000000044,9.63163749999896,1,EXIT_PROFIT_TARGET_MET
2025-01-22 12:25:00,-66.71020000000044,14.373762499999344,1,EXIT_PROFIT_TARGET_MET
2025-01-22 12:30:00,-66.7485999999999,15.789762499999796,1,EXIT_PROFIT_TARGET_MET
2025-01-22 12:35:00,-66.6862000000001,13.488762499999893,1,EXIT_PROFIT_TARGET_MET
2025-01-22 12:40:00,-66.71939999999995,14.713012500000843,1,EXIT_PROFIT_TARGET_MET
2025-01-22 12:45:00,-66.74039999999968,15.487387499999244,1,EXIT_PROFIT_TARGET_MET
2025-01-22 12:50:00,-66.8756000000003,20.47288749999882,1,EXIT_PROFIT_TARGET_MET
2025-01-22 12:55:00,-66.83960000000025,19.145387500000794,1,EXIT_PROFIT_TARGET_MET
2025-01-22 13:00:00,-66.85360000000037,19.661637499999472,1,EXIT_PROFIT_TARGET_MET
2025-01-22 13:05:00,-66.77300000000014,16.68951249999978,1,EXIT_PROFIT_TARGET_MET
2025-01-22 13:10:00,-66.79619999999977,10.573597812499848,1,EXIT_PROFIT_TARGET_MET
2025-01-22 13:15:00,-66.77099999999973,9.405735312502998,1,EXIT_PROFIT_TARGET_MET
2025-01-22 13:20:00,-66.88519999999971,14.698191562501108,1,EXIT_PROFIT_TARGET_MET
2025-01-22 13:25:00,-66.88519999999971,14.698191562501108,1,EXIT_PROFIT_TARGET_MET
2025-01-22 13:30:00,-66.8739999999998,14.17914156249963,1,EXIT_PROFIT_TARGET_MET
2025-01-22 13:35:00,-66.8739999999998,14.17914156249963,1,EXIT_PROFIT_TARGET_MET
2025-01-22 13:40:00,-66.8739999999998,1.458752500000287,1,EXIT_PROFIT_TARGET_MET
2025-01-22 13:45:00,-66.8739999999998,0.6243622167968297,1,EXIT_PROFIT_TARGET_MET
2025-01-22 13:50:00,-66.60940000000028,0.12001832031242987,1,EXIT_PROFIT_TARGET_MET
2025-01-22 13:55:00,-66.66719999999987,0.13169953124999267,1,EXIT_PROFIT_TARGET_MET
2025-01-22 14:00:00,-66.56580000000031,0.21367260742181238,1,EXIT_PROFIT_TARGET_MET
2025-01-22 14:05:00,-66.63860000000022,0.10309361328123012,1,EXIT_PROFIT_TARGET_MET
2025-01-22 14:10:00,-66.57319999999982,0.8880625585937154,1,EXIT_PROFIT_TARGET_MET
2025-01-22 14:15:00,-66.59860000000026,4.885815273437596,1,EXIT_PROFIT_TARGET_MET
2025-01-22 14:20:00,-66.60559999999987,2.8914401562499066,1,EXIT_PROFIT_TARGET_MET
2025-01-22 14:25:00,-66.56660000000011,-93.25004000000001,-1,NO_VALID_ACTION_DEFENSIVE_AVG
2025-01-22 14:30:00,-66.52180000000044,-130.56956000000105,-1,NO_VALID_ACTION_DEFENSIVE_AVG
2025-01-22 14:35:00,-66.40539999999964,2.1180284374996496,1,EXIT_PROFIT_TARGET_MET
2025-01-22 14:40:00,-66.46879999999965,2.540101875000373,1,EXIT_PROFIT_TARGET_MET
2025-01-22 14:45:00,-66.46879999999965,3.209782656249521,1,EXIT_PROFIT_TARGET_MET
2025-01-22 14:50:00,-66.51959999999963,0.11885531249948755,1,EXIT_PROFIT_TARGET_MET
2025-01-22 14:55:00,-66.59400000000005,16.193673750000343,1,EXIT_PROFIT_TARGET_MET
2025-01-22 15:00:00,-66.69580000000042,-114.22485000000154,-1,NO_VALID_ACTION_DEFENSIVE_AVG
2025-01-22 15:05:00,-66.75759999999991,-84.43820000000005,-1,NO_VALID_ACTION_DEFENSIVE_AVG
2025-01-22 15:10:00,-66.70719999999983,-83.56961999999976,-1,NO_VALID_ACTION_DEFENSIVE_AVG
2025-01-22 15:15:00,-66.71100000000024,2.810471874998811,1,EXIT_PROFIT_TARGET_MET
2025-01-22 15:20:00,-66.61999999999989,22.82651500000091,1,EXIT_PROFIT_TARGET_MET
2025-01-22 15:25:00,-66.5659999999998,6.113535000000013,1,EXIT_PROFIT_TARGET_MET
2025-01-22 15:30:00,-66.48499999999967,2.230097499999175,1,EXIT_PROFIT_TARGET_MET
2025-01-22 15:35:00,-66.49399999999969,8.594532499999673,1,EXIT_PROFIT_TARGET_MET
2025-01-22 15:40:00,-66.50200000000041,8.421227499998452,1,EXIT_PROFIT_TARGET_MET
2025-01-22 15:45:00,-66.42579999999998,3.3805226562510233,1,EXIT_PROFIT_TARGET_MET
2025-01-22 15:50:00,-66.46659999999974,9.800820976560463,1,EXIT_PROFIT_TARGET_MET
2025-01-22 15:55:00,-66.34659999999985,60.60159015625165,1,EXIT_PROFIT_TARGET_MET
2025-01-22 16:00:00,-66.30220000000008,0.520415000000078,1,EXIT_PROFIT_TARGET_MET
2025-01-22 16:05:00,-66.47339999999986,8.329131250000469,1,EXIT_PROFIT_TARGET_MET
2025-01-22 16:10:00,-66.36359999999968,12.056224375000568,1,EXIT_PROFIT_TARGET_MET
2025-01-22 16:15:00,-66.30079999999998,1.7005662499997953,1,EXIT_PROFIT_TARGET_MET
2025-01-22 16:20:00,-66.34299999999985,60.16860937500101,1,EXIT_PROFIT_TARGET_MET
2025-01-22 16:25:00,-66.14879999999994,34.870453750000564,1,EXIT_PROFIT_TARGET_MET
2025-01-22 16:30:00,-66.14059999999972,1.8517925000007835,1,EXIT_PROFIT_TARGET_MET
2025-01-22 16:35:00,-66.16859999999997,1.8178246874988915,1,EXIT_PROFIT_TARGET_MET
2025-01-22 16:40:00,-66.16859999999997,21.27182234374998,1,EXIT_PROFIT_TARGET_MET
2025-01-22 16:45:00,-66.17600000000039,15.689516562500934,1,EXIT_PROFIT_TARGET_MET
2025-01-22 16:50:00,-66.17600000000039,10.131735624999578,1,EXIT_PROFIT_TARGET_MET
2025-01-22 16:55:00,-66.21720000000005,3.5587356249998265,1,EXIT_PROFIT_TARGET_MET
2025-01-22 17:00:00,-66.21720000000005,3.5587356249998265,1,EXIT_PROFIT_TARGET_MET
2025-01-22 17:05:00,-66.23379999999997,3.864798125000064,1,EXIT_PROFIT_TARGET_MET
2025-01-22 17:10:00,-66.19999999999982,3.2416106249993817,1,EXIT_PROFIT_TARGET_MET
2025-01-22 17:15:00,-66.20740000000023,3.3780481250005323,1,EXIT_PROFIT_TARGET_MET
2025-01-22 17:20:00,-66.14620000000014,2.2496731250002284,1,EXIT_PROFIT_TARGET_MET
2025-01-22 17:25:00,-66.02620000000024,0.037173124999810625,1,EXIT_PROFIT_TARGET_MET
2025-01-22 17:30:00,-66.00659999999971,8.655277656249922,1,EXIT_PROFIT_TARGET_MET
2025-01-22 17:35:00,-65.98620000000028,8.561246406249982,1,EXIT_PROFIT_TARGET_MET
2025-01-22 17:40:00,-65.83899999999994,7.882746406249861,1,EXIT_PROFIT_TARGET_MET
2025-01-22 17:45:00,-65.86580000000049,8.006277656249747,1,EXIT_PROFIT_TARGET_MET
2025-01-22 17:50:00,-66.41899999999987,7.27942312500025,1,EXIT_PROFIT_TARGET_MET
2025-01-22 17:55:00,-65.84580000000005,7.914090156250065,1,EXIT_PROFIT_TARGET_MET
2025-01-22 18:00:00,-65.82560000000012,7.820980781249855,1,EXIT_PROFIT_TARGET_MET
2025-01-22 18:05:00,-65.83160000000044,7.848637031250117,1,EXIT_PROFIT_TARGET_MET
2025-01-22 18:10:00,-65.82499999999982,7.818215156249835,1,EXIT_PROFIT_TARGET_MET
2025-01-22 18:15:00,-65.82560000000012,7.820980781249855,1,EXIT_PROFIT_TARGET_MET
2025-01-22 18:20:00,-65.74020000000019,7.427340156249862,1,EXIT_PROFIT_TARGET_MET
2025-01-22 18:25:00,-65.57080000000042,6.64651203124971,1,EXIT_PROFIT_TARGET_MET
2025-01-22 18:30:00,-65.70280000000002,7.254949531249988,1,EXIT_PROFIT_TARGET_MET
2025-01-22 18:35:00,-65.6260000000002,6.900949531249939,1,EXIT_PROFIT_TARGET_MET
2025-01-22 18:40:00,-65.6260000000002,6.900949531249939,1,EXIT_PROFIT_TARGET_MET
2025-01-22 18:45:00,-65.8100000000004,7.749074531249914,1,EXIT_PROFIT_TARGET_MET
2025-01-22 18:50:00,-65.98940000000039,8.575996406250034,1,EXIT_PROFIT_TARGET_MET
2025-01-22 18:55:00,-65.98940000000039,8.575996406250034,1,EXIT_PROFIT_TARGET_MET
2025-01-22 19:00:00,-65.84960000000046,7.931605781249978,1,EXIT_PROFIT_TARGET_MET
2025-01-22 19:05:00,-65.84960000000046,8.988366874999837,1,EXIT_PROFIT_TARGET_MET
2025-01-22 19:10:00,-65.84960000000046,15.266280624999744,1,EXIT_PROFIT_TARGET_MET
2025-01-22 19:15:00,-65.84960000000046,6.300361874999751,1,EXIT_PROFIT_TARGET_MET
2025-01-22 19:20:00,-65.8096000000005,2.6150853124999216,1,EXIT_PROFIT_TARGET_MET
2025-01-22 19:25:00,-65.8096000000005,1.5221726562502198,1,EXIT_PROFIT_TARGET_MET
2025-01-22 19:30:00,-65.86179999999968,9.244861875000808,1,EXIT_PROFIT_TARGET_MET
2025-01-22 19:35:00,-65.89339999999993,-40.21471230468764,1,NO_VALID_ACTION_DEFENSIVE_AVG
2025-01-22 19:40:00,-66.04839999999967,-0.019610829709237318,1,ACTION_FORCED_CUT_SHORT
2025-01-22 19:45:00,-65.94260000000031,-0.03245462455743375,1,ACTION_FORCED_CUT_SHORT
2025-01-22 19:50:00,-66.01720000000023,-0.05824907843119176,1,ACTION_FORCED_CUT_SHORT
2025-01-22 19:55:00,-66.01720000000023,-0.1345820619780816,1,NO_ACTION_FORCED_CUT_NO_TREND
2025-01-22 20:00:00,-66.01720000000023,-0.05697486882989049,1,ACTION_FORCED_CUT_LONG
2025-01-22 20:05:00,-65.82200000000012,-0.029140979487872806,1,ACTION_FORCED_CUT_LONG
2025-01-22 20:10:00,-65.82200000000012,-0.01448533833317932,1,ACTION_FORCED_CUT_LONG
2025-01-22 20:15:00,-65.8717999999999,-0.009763582356439444,1,ACTION_FORCED_CUT_LONG
2025-01-22 20:20:00,-65.8717999999999,-0.006843851245909438,1,ACTION_FORCED_CUT_LONG
2025-01-22 20:25:00,-66.02819999999974,-0.003026930867356715,1,ACTION_FORCED_CUT_LONG
2025-01-22 20:30:00,-66.0025999999998,-0.0013380260316166199,1,ACTION_FORCED_CUT_LONG
2025-01-22 20:35:00,-65.94859999999971,-0.0007511600591032708,1,ACTION_FORCED_CUT_LONG
2025-01-22 20:40:00,-65.94859999999971,-0.00032426755546359183,1,ACTION_FORCED_CUT_LONG
2025-01-22 20:45:00,-65.94859999999971,-0.00014288115602685054,1,ACTION_FORCED_CUT_LONG
2025-01-22 20:50:00,-66.01360000000022,-7.859288146486487e-05,1,ACTION_FORCED_CUT_LONG
2025-01-22 20:55:00,-66.03340000000026,-4.430509337922538e-05,1,ACTION_FORCED_CUT_LONG
2025-01-22 21:00:00,-66.03340000000026,-1.70862460206263e-05,1,ACTION_FORCED_CUT_LONG
2025-01-22 21:05:00,-66.30240000000049,-101.73808250000081,-1,NO_VALID_ACTION_DEFENSIVE_AVG
2025-01-22 21:10:00,-66.11359999999968,-73.79681999999957,-1,NO_VALID_ACTION_DEFENSIVE_AVG
2025-01-22 21:15:00,-66.13360000000011,-72.42932000000047,-1,NO_VALID_ACTION_DEFENSIVE_AVG
2025-01-22 21:20:00,-66.26000000000022,-68.71890000000008,-1,NO_VALID_ACTION_DEFENSIVE_AVG
2025-01-22 21:25:00,-66.21720000000005,-64.39537999999948,1,ACTION_DEFENSIVE_AVG_SHORT
2025-01-22 21:30:00,-66.19300000000021,-72.35518999999945,-1,ACTION_DEFENSIVE_AVG_LONG
2025-01-22 21:35:00,-66.17380000000048,-72.6832887500005,-1,ACTION_DEFENSIVE_AVG_SHORT
2025-01-22 21:40:00,-66.1935999999996,-82.86795874999885,-1,ACTION_DEFENSIVE_AVG_LONG
2025-01-22 21:45:00,-66.24319999999989,-83.46337500000037,-1,ACTION_DEFENSIVE_AVG_SHORT
2025-01-22 21:50:00,-66.55919999999969,-64.84825500000011,1,HOLD
2025-01-22 21:55:00,-66.5594000000001,-64.93840499999982,1,HOLD
2025-01-22 22:00:00,-66.58420000000024,-59.02998500000001,1,HOLD
2025-01-22 22:05:00,-66.54680000000008,-64.69758250000046,1,HOLD
2025-01-22 22:10:00,-66.49420000000009,-58.77563250000037,1,HOLD
2025-01-22 22:15:00,-66.4344000000001,-59.84953249999995,1,HOLD
2025-01-22 22:20:00,-66.3735999999999,-78.80235499999938,-1,HOLD
2025-01-22 22:25:00,-66.25839999999971,-92.28102499999935,-1,HOLD
2025-01-22 22:30:00,-66.27900000000045,-92.21522500000181,-1,HOLD
2025-01-22 22:35:00,-66.31700000000001,-57.34847874999849,1,HOLD
2025-01-22 22:40:00,-66.39459999999963,2.6051375000000974,1,EXIT_PROFIT_TARGET_MET
2025-01-22 22:45:00,-66.34839999999986,0.9015125000016724,1,EXIT_PROFIT_TARGET_MET
2025-01-22 22:50:00,-66.29439999999977,73.80920875000001,1,EXIT_PROFIT_TARGET_MET
2025-01-22 22:55:00,-66.29439999999977,73.80920875000001,1,EXIT_PROFIT_TARGET_MET
2025-01-22 23:00:00,-66.37920000000031,54.970742500000995,1,EXIT_PROFIT_TARGET_MET
2025-01-22 23:05:00,-66.20160000000033,8.569534999999348,1,EXIT_PROFIT_TARGET_MET
2025-01-22 23:10:00,-66.20160000000033,24.887224999999546,1,EXIT_PROFIT_TARGET_MET
2025-01-22 23:15:00,-66.17020000000048,17.390962500000086,1,EXIT_PROFIT_TARGET_MET
2025-01-22 23:20:00,-66.16560000000027,26.095400000001092,1,EXIT_PROFIT_TARGET_MET
2025-01-22 23:25:00,-66.08399999999983,13.31682375000102,1,EXIT_PROFIT_TARGET_MET
2025-01-22 23:30:00,-66.04839999999967,0.36628558593709837,1,EXIT_PROFIT_TARGET_MET
2025-01-22 23:35:00,-65.94639999999981,33.8425945703128,1,EXIT_PROFIT_TARGET_MET
2025-01-22 23:40:00,-66.10620000000017,41.6896484765637,1,EXIT_PROFIT_TARGET_MET
2025-01-22 23:45:00,-65.95359999999982,34.19615394531388,1,EXIT_PROFIT_TARGET_MET
2025-01-22 23:50:00,-65.78539999999975,25.936614101562984,1,EXIT_PROFIT_TARGET_MET
2025-01-22 23:55:00,-65.6855999999998,21.035888320312438,1,EXIT_PROFIT_TARGET_MET
2025-01-23 00:00:00,-65.60739999999987,17.195840664063635,1,EXIT_PROFIT_TARGET_MET
2025-01-23 00:05:00,-65.64840000000004,19.209164882812708,1,EXIT_PROFIT_TARGET_MET
2025-01-23 00:10:00,-65.8100000000004,27.144608632812734,1,EXIT_PROFIT_TARGET_MET
2025-01-23 00:15:00,-65.78679999999986,26.00536175781298,1,EXIT_PROFIT_TARGET_MET
2025-01-23 00:20:00,-65.71979999999985,22.71529535156416,1,EXIT_PROFIT_TARGET_MET
2025-01-23 00:25:00,-65.89459999999963,31.298931289062864,1,EXIT_PROFIT_TARGET_MET
2025-01-23 00:30:00,-66.03420000000006,38.15405472656357,1,EXIT_PROFIT_TARGET_MET
2025-01-23 00:35:00,-65.92140000000018,32.61495785156392,1,EXIT_PROFIT_TARGET_MET
2025-01-23 00:40:00,-65.67280000000028,20.4073383203129,1,EXIT_PROFIT_TARGET_MET
2025-01-23 00:45:00,-65.64739999999983,19.16005941406336,1,EXIT_PROFIT_TARGET_MET
2025-01-23 00:50:00,-65.68080000000009,20.80018207031376,1,EXIT_PROFIT_TARGET_MET
2025-01-23 00:55:00,-65.97000000000025,35.0014836328132,1,EXIT_PROFIT_TARGET_MET
2025-01-23 01:00:00,-65.8100000000004,27.144608632812734,1,EXIT_PROFIT_TARGET_MET
2025-01-23 01:05:00,-66.04839999999967,38.85135238281312,1,EXIT_PROFIT_TARGET_MET
2025-01-23 01:10:00,-66.04839999999967,38.85135238281312,1,EXIT_PROFIT_TARGET_MET
2025-01-23 01:15:00,-65.80159999999978,26.73212269531429,1,EXIT_PROFIT_TARGET_MET
2025-01-23 01:20:00,-65.61580000000049,17.60832660156208,1,EXIT_PROFIT_TARGET_MET
2025-01-23 01:25:00,-65.61160000000018,17.402083632813625,1,EXIT_PROFIT_TARGET_MET
2025-01-23 01:30:00,-65.67299999999977,20.41715941406399,1,EXIT_PROFIT_TARGET_MET
2025-01-23 01:35:00,-65.65040000000045,19.307375820312927,1,EXIT_PROFIT_TARGET_MET
2025-01-23 01:40:00,-65.6260000000002,18.109202382812725,1,EXIT_PROFIT_TARGET_MET
2025-01-23 01:45:00,-65.63960000000043,18.777036757813583,1,EXIT_PROFIT_TARGET_MET
2025-01-23 01:50:00,-65.73160000000007,23.294739882814365,1,EXIT_PROFIT_TARGET_MET
2025-01-23 01:55:00,-65.59720000000016,16.694964882814517,1,EXIT_PROFIT_TARGET_MET
2025-01-23 02:00:00,-65.41920000000027,7.954191445312097,1,EXIT_PROFIT_TARGET_MET
2025-01-23 02:05:00,-65.46680000000015,10.29161175781204,1,EXIT_PROFIT_TARGET_MET
2025-01-23 02:10:00,-65.36480000000029,6.648616015625921,1,EXIT_PROFIT_TARGET_MET
2025-01-23 02:15:00,-65.32560000000012,4.739147265625965,1,EXIT_PROFIT_TARGET_MET
2025-01-23 02:20:00,-65.53600000000006,33.89690125000173,1,EXIT_PROFIT_TARGET_MET
2025-01-23 02:25:00,-65.5604000000003,33.11603531249933,1,EXIT_PROFIT_TARGET_MET
2025-01-23 02:30:00,-65.67720000000008,42.62199749999985,1,EXIT_PROFIT_TARGET_MET
2025-01-23 02:35:00,-65.66700000000037,42.18148499999933,1,EXIT_PROFIT_TARGET_MET
2025-01-23 02:40:00,-65.51540000000023,35.63426000000028,1,EXIT_PROFIT_TARGET_MET
2025-01-23 02:45:00,-65.49219999999968,34.63231000000057,1,EXIT_PROFIT_TARGET_MET
2025-01-23 02:50:00,-65.52319999999963,35.97112250000018,1,EXIT_PROFIT_TARGET_MET
2025-01-23 02:55:00,-65.52800000000025,36.17842250000028,1,EXIT_PROFIT_TARGET_MET
2025-01-23 03:00:00,-65.61160000000018,39.78889749999951,1,EXIT_PROFIT_TARGET_MET
2025-01-23 03:05:00,-65.67619999999988,42.5788100000006,1,EXIT_PROFIT_TARGET_MET
2025-01-23 03:10:00,-65.53520000000026,36.489372500001394,1,EXIT_PROFIT_TARGET_MET
2025-01-23 03:15:00,-65.53520000000026,23.27842874999942,1,EXIT_PROFIT_TARGET_MET
2025-01-23 03:20:00,-65.53520000000026,10.973285000000999,1,EXIT_PROFIT_TARGET_MET
2025-01-23 03:25:00,-65.61679999999978,2.529402499998696,1,EXIT_PROFIT_TARGET_MET
2025-01-23 03:30:00,-65.57759999999962,19.664775312499543,1,EXIT_PROFIT_TARGET_MET
2025-01-23 03:35:00,-65.57759999999962,18.1010174999996,1,EXIT_PROFIT_TARGET_MET
2025-01-23 03:40:00,-65.57759999999962,29.61444812500106,1,EXIT_PROFIT_TARGET_MET
2025-01-23 03:45:00,-65.57759999999962,22.07157249999821,1,EXIT_PROFIT_TARGET_MET
2025-01-23 03:50:00,-65.67820000000029,26.229203749998874,1,EXIT_PROFIT_TARGET_MET
2025-01-23 03:55:00,-65.64940000000024,28.43036874999956,1,EXIT_PROFIT_TARGET_MET
2025-01-23 04:00:00,-65.80339999999978,84.24226249999995,1,EXIT_PROFIT_TARGET_MET
2025-01-23 04:05:00,-65.69999999999982,29.55267750000064,1,EXIT_PROFIT_TARGET_MET
2025-01-23 04:10:00,-65.6256000000003,0.7036574999996787,1,EXIT_PROFIT_TARGET_MET
2025-01-23 04:15:00,-65.4348,3.6772200000000055,1,EXIT_PROFIT_TARGET_MET
2025-01-23 04:20:00,-65.70439999999962,33.031907499999505,1,EXIT_PROFIT_TARGET_MET
2025-01-23 04:25:00,-65.46659999999974,5.942382499999784,1,EXIT_PROFIT_TARGET_MET
2025-01-23 04:30:00,-65.38420000000042,5.366449375000153,1,EXIT_PROFIT_TARGET_MET
2025-01-23 04:35:00,-65.58960000000025,2.4996614062499454,1,EXIT_PROFIT_TARGET_MET
2025-01-23 04:40:00,-65.5644000000002,2.490154374999861,1,EXIT_PROFIT_TARGET_MET
2025-01-23 04:45:00,-65.5644000000002,5.831152187500209,1,EXIT_PROFIT_TARGET_MET
2025-01-23 04:50:00,-65.5560000000005,4.157523749999633,1,EXIT_PROFIT_TARGET_MET
2025-01-23 04:55:00,-64.8735999999999,2.720028906250363,1,EXIT_PROFIT_TARGET_MET
2025-01-23 05:00:00,-65.40819999999985,7.193111875000056,1,EXIT_PROFIT_TARGET_MET
2025-01-23 05:05:00,-65.04899999999998,7.094137031250426,1,EXIT_PROFIT_TARGET_MET
2025-01-23 05:10:00,-65.04899999999998,0.2463776544940534,1,EXIT_PROFIT_TARGET_MET
2025-01-23 05:15:00,-65.32819999999992,41.796456015620805,1,EXIT_PROFIT_TARGET_MET
2025-01-23 05:20:00,-65.41380000000026,-469.5762223242168,-1,NO_VALID_ACTION_DEFENSIVE_AVG
2025-01-23 05:25:00,-65.49160000000029,137.72008904296843,1,EXIT_PROFIT_TARGET_MET
2025-01-23 05:30:00,-65.34619999999995,141.46413904297248,1,EXIT_PROFIT_TARGET_MET
2025-01-23 05:35:00,-65.34619999999995,141.46413904297248,1,EXIT_PROFIT_TARGET_MET
2025-01-23 05:40:00,-65.60339999999997,10.983506757805824,1,EXIT_PROFIT_TARGET_MET
2025-01-23 05:45:00,-65.59060000000045,59.66960367188014,1,EXIT_PROFIT_TARGET_MET
2025-01-23 05:50:00,-65.36419999999998,141.00063904295962,1,EXIT_PROFIT_TARGET_MET
2025-01-23 05:55:00,-65.51820000000043,61.533903671873134,1,EXIT_PROFIT_TARGET_MET
2025-01-23 06:00:00,-65.51820000000043,61.533903671873134,1,EXIT_PROFIT_TARGET_MET
2025-01-23 06:05:00,-65.42720000000008,139.37838904295876,1,EXIT_PROFIT_TARGET_MET
2025-01-23 06:10:00,-65.30739999999969,61.59253882812794,1,EXIT_PROFIT_TARGET_MET
2025-01-23 06:15:00,-65.35980000000018,141.11393904296858,1,EXIT_PROFIT_TARGET_MET
2025-01-23 06:20:00,-65.35080000000016,141.34568904296043,1,EXIT_PROFIT_TARGET_MET
2025-01-23 06:25:00,-65.46579999999994,138.3844390429664,1,EXIT_PROFIT_TARGET_MET
2025-01-23 06:30:00,-65.53840000000037,61.013753671869836,1,EXIT_PROFIT_TARGET_MET
2025-01-23 06:35:00,-65.52580000000034,61.33820367187553,1,EXIT_PROFIT_TARGET_MET
2025-01-23 06:40:00,-65.3714,140.8152390429546,1,EXIT_PROFIT_TARGET_MET
2025-01-23 06:45:00,-65.32679999999982,61.092988828118706,1,EXIT_PROFIT_TARGET_MET
2025-01-23 06:50:00,-65.1864000000005,14.41527105468765,1,EXIT_PROFIT_TARGET_MET
2025-01-23 06:55:00,-65.26900000000023,62.58133882812274,1,EXIT_PROFIT_TARGET_MET
2025-01-23 07:00:00,-64.97760000000017,70.16740410156079,1,EXIT_PROFIT_TARGET_MET
2025-01-23 07:05:00,-64.96659999999974,70.45065410157441,1,EXIT_PROFIT_TARGET_MET
2025-01-23 07:10:00,-64.96659999999974,70.45065410157441,1,EXIT_PROFIT_TARGET_MET
2025-01-23 07:15:00,-64.90099999999984,72.13985410156262,1,EXIT_PROFIT_TARGET_MET
2025-01-23 07:20:00,-64.95939999999973,70.63605410155621,1,EXIT_PROFIT_TARGET_MET
2025-01-23 07:25:00,-65.07819999999992,-481.33664537109416,-1,HOLD
2025-01-23 07:30:00,-65.19260000000031,14.25562105467742,1,EXIT_PROFIT_TARGET_MET
2025-01-23 07:35:00,-65.13680000000022,15.69247105468392,1,EXIT_PROFIT_TARGET_MET
2025-01-23 07:40:00,-65.13680000000022,15.69247105468392,1,EXIT_PROFIT_TARGET_MET
2025-01-23 07:45:00,-65.1202000000003,16.11992105469571,1,EXIT_PROFIT_TARGET_MET
2025-01-23 07:50:00,-65.3076000000001,61.58738882812585,1,EXIT_PROFIT_TARGET_MET
2025-01-23 07:55:00,-65.14440000000013,15.49677105469408,1,EXIT_PROFIT_TARGET_MET
2025-01-23 08:00:00,-65.1319999999996,15.816071054693168,1,EXIT_PROFIT_TARGET_MET
2025-01-23 08:05:00,-65.17519999999968,14.70367105468975,1,EXIT_PROFIT_TARGET_MET
2025-01-23 08:10:00,-65.17519999999968,14.70367105468975,1,EXIT_PROFIT_TARGET_MET
2025-01-23 08:15:00,-64.8735999999999,55.57913207031468,1,EXIT_PROFIT_TARGET_MET
2025-01-23 08:20:00,-64.84519999999975,57.00784066406386,1,EXIT_PROFIT_TARGET_MET
2025-01-23 08:25:00,-64.84519999999975,57.00784066406386,1,EXIT_PROFIT_TARGET_MET
2025-01-23 08:30:00,-65.08200000000033,-504.84222974609565,-1,HOLD
2025-01-23 08:35:00,-65.2521999999999,2.214270078123178,1,EXIT_PROFIT_TARGET_MET
2025-01-23 08:40:00,-65.2521999999999,2.214270078123178,1,EXIT_PROFIT_TARGET_MET
2025-01-23 08:45:00,-65.27999999999975,62.29808882812472,1,EXIT_PROFIT_TARGET_MET
2025-01-23 08:50:00,-65.0594000000001,-491.06139302734164,-1,HOLD
2025-01-23 08:55:00,-65.09339999999975,-481.5571859960928,-1,HOLD
2025-01-23 09:00:00,-64.89199999999983,72.37160410156123,1,EXIT_PROFIT_TARGET_MET
2025-01-23 09:05:00,-64.58500000000004,0.6753495019531096,1,EXIT_PROFIT_TARGET_MET
2025-01-23 09:10:00,-64.66359999999986,31.07858384765798,1,EXIT_PROFIT_TARGET_MET
2025-01-23 09:15:00,-64.83200000000033,57.671888320311936,1,EXIT_PROFIT_TARGET_MET
2025-01-23 09:20:00,-64.82200000000012,69.8565830761735,1,EXIT_PROFIT_TARGET_MET
2025-01-23 09:25:00,-64.82399999999961,69.75567975585952,1,EXIT_PROFIT_TARGET_MET
2025-01-23 09:30:00,-64.80040000000008,70.94633893554787,1,EXIT_PROFIT_TARGET_MET
2025-01-23 09:35:00,-64.80040000000008,70.94633893554787,1,EXIT_PROFIT_TARGET_MET
2025-01-23 09:40:00,-64.90760000000046,71.96990410155213,1,EXIT_PROFIT_TARGET_MET
2025-01-23 09:45:00,-64.90760000000046,71.96990410155213,1,EXIT_PROFIT_TARGET_MET
2025-01-23 09:50:00,-64.82380000000012,69.76577008789,1,EXIT_PROFIT_TARGET_MET
2025-01-23 09:55:00,-64.80000000000018,70.96651959960883,1,EXIT_PROFIT_TARGET_MET
2025-01-23 10:00:00,-64.80000000000018,70.96651959960883,1,EXIT_PROFIT_TARGET_MET
2025-01-23 10:05:00,-65.10419999999976,-508.10491490235745,-1,HOLD
2025-01-23 10:10:00,-65.10419999999976,-507.8486258398566,-1,HOLD
2025-01-23 10:15:00,-64.88519999999971,54.995575039063475,1,EXIT_PROFIT_TARGET_MET
2025-01-23 10:20:00,-64.92259999999987,71.58365410155899,1,EXIT_PROFIT_TARGET_MET
2025-01-23 10:25:00,-64.9391999999998,71.156204101555,1,EXIT_PROFIT_TARGET_MET
2025-01-23 10:30:00,-64.97779999999966,1.305814642639194,1,EXIT_PROFIT_TARGET_MET
2025-01-23 10:35:00,-65.00659999999971,1.1241886660766698,1,EXIT_PROFIT_TARGET_MET
2025-01-23 10:40:00,-64.97440000000006,0.0011926757813323086,1,EXIT_PROFIT_TARGET_MET
2025-01-23 10:45:00,-64.90580000000045,1.4335251916501082,1,EXIT_PROFIT_TARGET_MET
2025-01-23 10:50:00,-65.05420000000049,136.39569115233812,1,EXIT_PROFIT_TARGET_MET
2025-01-23 10:55:00,-65.13900000000012,32.27094803907943,1,EXIT_PROFIT_TARGET_MET
2025-01-23 11:00:00,-65.04439999999977,-483.90484029297477,-1,HOLD
2025-01-23 11:05:00,-65.15099999999984,6.237202807616346,1,EXIT_PROFIT_TARGET_MET
2025-01-23 11:10:00,-65.15099999999984,133.62839615236115,1,EXIT_PROFIT_TARGET_MET
2025-01-23 11:15:00,-64.90959999999995,17.82182162109387,1,EXIT_PROFIT_TARGET_MET
2025-01-23 11:20:00,-65.01059999999961,29.710195703119695,1,EXIT_PROFIT_TARGET_MET
2025-01-23 11:25:00,-65.14639999999963,15.445271054681001,1,EXIT_PROFIT_TARGET_MET
2025-01-23 11:30:00,-65.13839999999982,15.651271054688635,1,EXIT_PROFIT_TARGET_MET
2025-01-23 11:35:00,-64.95480000000043,70.75450410155366,1,EXIT_PROFIT_TARGET_MET
2025-01-23 11:40:00,-64.90700000000015,53.042180273437296,1,EXIT_PROFIT_TARGET_MET
2025-01-23 11:45:00,-64.63379999999961,34.715865781249306,1,EXIT_PROFIT_TARGET_MET
2025-01-23 11:50:00,-64.64699999999993,34.05437046875124,1,EXIT_PROFIT_TARGET_MET
2025-01-23 11:55:00,-64.58560000000034,37.13132593750023,1,EXIT_PROFIT_TARGET_MET
2025-01-23 12:00:00,-64.67280000000028,32.76144781249813,1,EXIT_PROFIT_TARGET_MET
2025-01-23 12:05:00,-64.40760000000046,7.17339531250018,1,EXIT_PROFIT_TARGET_MET
2025-01-23 12:10:00,-64.38020000000051,8.535903125000136,1,EXIT_PROFIT_TARGET_MET
2025-01-23 12:15:00,-64.24579999999969,5.06502749999899,1,EXIT_PROFIT_TARGET_MET
2025-01-23 12:20:00,-64.33259999999973,1.2187025000002052,1,EXIT_PROFIT_TARGET_MET
2025-01-23 12:25:00,-64.47820000000047,3.6626999999999104,1,EXIT_PROFIT_TARGET_MET
2025-01-23 12:30:00,-64.47820000000047,3.6626999999999104,1,EXIT_PROFIT_TARGET_MET
2025-01-23 12:35:00,-64.29320000000007,2.9646149999997675,1,EXIT_PROFIT_TARGET_MET
2025-01-23 12:40:00,-64.36419999999998,9.331528125001213,1,EXIT_PROFIT_TARGET_MET
2025-01-23 12:45:00,-64.36419999999998,9.331528125001213,1,EXIT_PROFIT_TARGET_MET
2025-01-23 12:50:00,-64.35999999999967,0.004540000000133659,1,EXIT_PROFIT_TARGET_MET
2025-01-23 12:55:00,-64.27620000000024,3.7179274999999734,1,EXIT_PROFIT_TARGET_MET
2025-01-23 13:00:00,-64.55360000000019,17.393392187500112,1,EXIT_PROFIT_TARGET_MET
2025-01-23 13:05:00,-64.6840000000002,13.280481562498387,1,EXIT_PROFIT_TARGET_MET
2025-01-23 13:10:00,-64.36859999999979,30.63694718749864,1,EXIT_PROFIT_TARGET_MET
2025-01-23 13:15:00,-64.38040000000001,17.895767499999522,1,EXIT_PROFIT_TARGET_MET
2025-01-23 13:20:00,-64.78219999999965,75.19895410154965,1,EXIT_PROFIT_TARGET_MET
2025-01-23 13:25:00,-64.7480000000005,63.04994613281119,1,EXIT_PROFIT_TARGET_MET
2025-01-23 13:30:00,-64.73859999999968,57.630989179688704,1,EXIT_PROFIT_TARGET_MET
2025-01-23 13:35:00,-64.82399999999961,33.930928359375784,1,EXIT_PROFIT_TARGET_MET
2025-01-23 13:40:00,-64.80919999999969,49.31592906250059,1,EXIT_PROFIT_TARGET_MET
2025-01-23 13:45:00,-64.64660000000003,31.190572499999455,1,EXIT_PROFIT_TARGET_MET
2025-01-23 13:50:00,-64.34159999999974,57.41906250000169,1,EXIT_PROFIT_TARGET_MET
2025-01-23 13:55:00,-64.48779999999988,21.178290000000402,1,EXIT_PROFIT_TARGET_MET
2025-01-23 14:00:00,-64.52239999999983,7.167059999999367,1,EXIT_PROFIT_TARGET_MET
2025-01-23 14:05:00,-64.60620000000017,15.5738449999983,1,EXIT_PROFIT_TARGET_MET
2025-01-23 14:10:00,-64.60620000000017,38.9549900000016,1,EXIT_PROFIT_TARGET_MET
2025-01-23 14:15:00,-64.42560000000049,20.52373249999971,1,EXIT_PROFIT_TARGET_MET
2025-01-23 14:20:00,-64.28639999999996,0.40026875000125983,1,EXIT_PROFIT_TARGET_MET
2025-01-23 14:25:00,-64.22620000000006,14.504747499999553,1,EXIT_PROFIT_TARGET_MET
2025-01-23 14:30:00,-64.17759999999998,17.457290208130566,1,EXIT_PROFIT_TARGET_MET
2025-01-23 14:35:00,-63.779999999999745,19.781071093747666,1,EXIT_PROFIT_TARGET_MET
2025-01-23 14:40:00,-63.98000000000047,18.459763747556575,1,EXIT_PROFIT_TARGET_MET
2025-01-23 14:45:00,-63.994400000000496,22.85781929687327,1,EXIT_PROFIT_TARGET_MET
2025-01-23 14:50:00,-63.966599999999744,3.8502462500020798,1,EXIT_PROFIT_TARGET_MET
2025-01-23 14:55:00,-63.899999999999636,10.740217500001194,1,EXIT_PROFIT_TARGET_MET
2025-01-23 15:00:00,-64.10739999999987,9.022590000000775,1,EXIT_PROFIT_TARGET_MET
2025-01-23 15:05:00,-64.13400000000001,22.79612499999911,1,EXIT_PROFIT_TARGET_MET
2025-01-23 15:10:00,-64.15340000000015,31.187717499998115,1,EXIT_PROFIT_TARGET_MET
2025-01-23 15:15:00,-64.13400000000001,28.220293750000195,1,EXIT_PROFIT_TARGET_MET
2025-01-23 15:20:00,-64.22879999999986,10.80488624999984,1,EXIT_PROFIT_TARGET_MET
2025-01-23 15:25:00,-64.15480000000025,21.348062499997496,1,EXIT_PROFIT_TARGET_MET
2025-01-23 15:30:00,-64.19580000000042,34.049467500000304,1,EXIT_PROFIT_TARGET_MET
2025-01-23 15:35:00,-64.3132000000005,53.35812124999978,1,EXIT_PROFIT_TARGET_MET
2025-01-23 15:40:00,-64.35320000000047,7.497877499999049,1,EXIT_PROFIT_TARGET_MET
2025-01-23 15:45:00,-64.3746000000001,3.5819500000006883,1,EXIT_PROFIT_TARGET_MET
2025-01-23 15:50:00,-64.32179999999971,8.08685750000015,1,EXIT_PROFIT_TARGET_MET
2025-01-23 15:55:00,-64.3096000000005,8.727292499998384,1,EXIT_PROFIT_TARGET_MET
2025-01-23 16:00:00,-64.3756000000003,9.429853409528745e-06,1,EXIT_PROFIT_TARGET_MET
2025-01-23 16:05:00,-64.29219999999987,0.335737499999027,1,EXIT_PROFIT_TARGET_MET
2025-01-23 16:10:00,-64.39300000000003,4.087314009669927e-08,1,EXIT_PROFIT_TARGET_MET
2025-01-23 16:15:00,-64.39919999999984,1.2677533984374314,1,EXIT_PROFIT_TARGET_MET
2025-01-23 16:20:00,-64.39919999999984,5.415397499999995,1,EXIT_PROFIT_TARGET_MET
2025-01-23 16:25:00,-64.52980000000025,17.954519257812446,1,EXIT_PROFIT_TARGET_MET
2025-01-23 16:30:00,-64.38119999999981,34.06658753906249,1,EXIT_PROFIT_TARGET_MET
2025-01-23 16:35:00,-64.38600000000042,60.24571578124924,1,EXIT_PROFIT_TARGET_MET
2025-01-23 16:40:00,-64.26119999999992,108.81547234374989,1,EXIT_PROFIT_TARGET_MET
2025-01-23 16:45:00,-64.19899999999961,73.32557375000191,1,EXIT_PROFIT_TARGET_MET
2025-01-23 16:50:00,-64.10220000000027,-259.78119687500146,-1,HOLD
2025-01-23 16:55:00,-64.22620000000006,39.63514124999779,1,EXIT_PROFIT_TARGET_MET
2025-01-23 17:00:00,-64.09019999999964,-111.99685500000021,-1,HOLD
2025-01-23 17:05:00,-64.10699999999997,-112.49320499999993,-1,HOLD
2025-01-23 17:10:00,-64.25,12.257284687499936,1,EXIT_PROFIT_TARGET_MET
2025-01-23 17:15:00,-64.27139999999963,12.133467812500271,1,EXIT_PROFIT_TARGET_MET
2025-01-23 17:20:00,-64.28420000000006,0.35629075195312276,1,EXIT_PROFIT_TARGET_MET
2025-01-23 17:25:00,-64.21579999999994,0.3615435644531211,1,EXIT_PROFIT_TARGET_MET
2025-01-23 17:30:00,-64.34420000000046,-168.1510924999992,-1,HOLD
2025-01-23 17:35:00,-64.47440000000006,12.569622500000946,1,EXIT_PROFIT_TARGET_MET
2025-01-23 17:40:00,-64.47440000000006,12.569622500000946,1,EXIT_PROFIT_TARGET_MET
2025-01-23 17:45:00,-64.59400000000005,9.489922499998556,1,EXIT_PROFIT_TARGET_MET
2025-01-23 17:50:00,-64.61400000000049,8.97492250000073,1,EXIT_PROFIT_TARGET_MET
2025-01-23 17:55:00,-64.60140000000047,9.29937250000063,1,EXIT_PROFIT_TARGET_MET
2025-01-23 18:00:00,-64.60140000000047,9.29937250000063,1,EXIT_PROFIT_TARGET_MET
2025-01-23 18:05:00,-64.60140000000047,9.29937250000063,1,EXIT_PROFIT_TARGET_MET
2025-01-23 18:10:00,-64.60140000000047,9.29937250000063,1,EXIT_PROFIT_TARGET_MET
2025-01-23 18:15:00,-64.60140000000047,9.29937250000063,1,EXIT_PROFIT_TARGET_MET
2025-01-23 18:20:00,-64.4340000000002,13.609922500000096,1,EXIT_PROFIT_TARGET_MET
2025-01-23 18:25:00,-64.4340000000002,13.609922500000096,1,EXIT_PROFIT_TARGET_MET
2025-01-23 18:30:00,-64.35120000000006,-166.3557175000014,-1,HOLD
2025-01-23 18:35:00,-64.44660000000022,13.285472499999685,1,EXIT_PROFIT_TARGET_MET
2025-01-23 18:40:00,-64.38439999999991,14.887122500001396,1,EXIT_PROFIT_TARGET_MET
2025-01-23 18:45:00,-64.32639999999992,-156.82649249999864,-1,HOLD
2025-01-23 18:50:00,-64.2462000000005,-125.3037250000001,-1,HOLD
2025-01-23 18:55:00,-64.2462000000005,-123.70622500000019,-1,HOLD
2025-01-23 19:00:00,-64.33880000000045,-155.02391749999902,-1,HOLD
2025-01-23 19:05:00,-64.3104000000003,-155.83074250000058,-1,HOLD
2025-01-23 19:10:00,-64.4310000000005,13.687172500000486,1,EXIT_PROFIT_TARGET_MET
2025-01-23 19:15:00,-64.4310000000005,13.687172500000486,1,EXIT_PROFIT_TARGET_MET
2025-01-23 19:20:00,-64.35660000000007,15.602972500000135,1,EXIT_PROFIT_TARGET_MET
2025-01-23 19:25:00,-64.29640000000018,-144.43086749999904,-1,NO_VALID_ACTION_DEFENSIVE_AVG
2025-01-23 19:30:00,-64.1862000000001,-121.13747500000125,-1,NO_VALID_ACTION_DEFENSIVE_AVG
2025-01-23 19:35:00,-64.22540000000026,-115.31937500000055,-1,NO_VALID_ACTION_DEFENSIVE_AVG
2025-01-23 19:40:00,-64.14680000000044,-117.86667500000044,-1,NO_VALID_ACTION_DEFENSIVE_AVG
2025-01-23 19:45:00,-64.1253999999999,-119.16937499999995,-1,NO_VALID_ACTION_DEFENSIVE_AVG
2025-01-23 19:50:00,-63.96680000000015,-155.78122999999982,-1,NO_VALID_ACTION_DEFENSIVE_AVG
2025-01-23 19:55:00,-63.905399999999645,-132.18174,-1,NO_VALID_ACTION_DEFENSIVE_AVG
2025-01-23 20:00:00,-63.899999999999636,-115.11999999999966,-1,NO_VALID_ACTION_DEFENSIVE_AVG
2025-01-23 20:05:00,-63.990600000000086,-88.29658000000018,-1,NO_VALID_ACTION_DEFENSIVE_AVG
2025-01-23 20:10:00,-63.944000000000415,-90.52913000000046,-1,NO_VALID_ACTION_DEFENSIVE_AVG
2025-01-23 20:15:00,-64.02400000000034,-140.76445000000092,-1,NO_VALID_ACTION_DEFENSIVE_AVG
2025-01-23 20:20:00,-64.23980000000029,0.0023491299438475957,1,EXIT_PROFIT_TARGET_MET
2025-01-23 20:25:00,-64.13320000000022,0.0007904765319823349,1,EXIT_PROFIT_TARGET_MET
2025-01-23 20:30:00,-64.13320000000022,5.732925468749297,1,EXIT_PROFIT_TARGET_MET
2025-01-23 20:35:00,-63.970000000000255,5.976718124998968,1,EXIT_PROFIT_TARGET_MET
2025-01-23 20:40:00,-63.85779999999977,0.004566812744140725,1,EXIT_PROFIT_TARGET_MET
2025-01-23 20:45:00,-63.96240000000034,-225.28237593750094,-1,NO_VALID_ACTION_DEFENSIVE_AVG
2025-01-23 20:50:00,-63.89419999999973,-99.9111800000008,-1,NO_VALID_ACTION_DEFENSIVE_AVG
2025-01-23 20:55:00,-63.89419999999973,-113.81564999999978,-1,NO_VALID_ACTION_DEFENSIVE_AVG
2025-01-23 21:00:00,-64.09199999999964,-85.4676300000001,-1,NO_VALID_ACTION_DEFENSIVE_AVG
2025-01-23 21:05:00,-63.92879999999968,-114.94659999999976,-1,NO_VALID_ACTION_DEFENSIVE_AVG
2025-01-23 21:10:00,-64.1275999999998,-83.3268300000002,-1,NO_VALID_ACTION_DEFENSIVE_AVG
2025-01-23 21:15:00,-64.02139999999963,-118.7686599999995,-1,HOLD
2025-01-23 21:20:00,-64.17839999999978,-138.62389999999948,-1,HOLD
2025-01-23 21:25:00,-64.13339999999971,-139.50950499999988,-1,HOLD
2025-01-23 21:30:00,-64.17360000000008,-116.74511000000007,-1,HOLD
2025-01-23 21:35:00,-64.20319999999992,-112.18268000000035,-1,HOLD
2025-01-23 21:40:00,-64.32660000000033,-147.43558500000086,-1,HOLD
2025-01-23 21:45:00,-64.21900000000005,-136.0967450000004,-1,HOLD
2025-01-23 21:50:00,-64.1850000000004,-118.54103000000032,-1,HOLD
2025-01-23 21:55:00,-64.1850000000004,-107.8887500000003,-1,HOLD
2025-01-23 22:00:00,-64.30439999999999,14.63189000000068,1,EXIT_PROFIT_TARGET_MET
2025-01-23 22:05:00,-64.27080000000024,35.39461000000017,1,EXIT_PROFIT_TARGET_MET
2025-01-23 22:10:00,-64.04619999999977,3.9142700000004993,1,EXIT_PROFIT_TARGET_MET
2025-01-23 22:15:00,-63.88000000000011,11.763337499999807,1,EXIT_PROFIT_TARGET_MET
2025-01-23 22:20:00,-63.88000000000011,68.54061875000014,1,EXIT_PROFIT_TARGET_MET
2025-01-23 22:25:00,-63.88000000000011,36.97147874999956,1,EXIT_PROFIT_TARGET_MET
2025-01-23 22:30:00,-64.13339999999971,74.52242250000131,1,EXIT_PROFIT_TARGET_MET
2025-01-23 22:35:00,-64.14000000000033,-107.96619500000043,-1,HOLD
2025-01-23 22:40:00,-64.06900000000041,44.531432500001074,1,EXIT_PROFIT_TARGET_MET
2025-01-23 22:45:00,-64.04920000000038,-103.08190000000036,-1,HOLD
2025-01-23 22:50:00,-64.04920000000038,-101.80690000000027,-1,HOLD
2025-01-23 22:55:00,-64.27400000000034,-95.98050000000035,-1,HOLD
2025-01-23 23:00:00,-64.23980000000029,-98.43485000000032,-1,HOLD
2025-01-23 23:05:00,-64.3122000000003,-97.18915000000015,-1,HOLD
2025-01-23 23:10:00,-64.20439999999962,-99.86829999999986,-1,HOLD
2025-01-23 23:15:00,-64.09659999999985,-97.80244999999991,-1,HOLD
2025-01-23 23:20:00,-64.10000000000036,-94.99000000000024,-1,NO_VALID_ACTION_DEFENSIVE_AVG
2025-01-23 23:25:00,-64.19380000000001,-94.79534999999987,-1,HOLD
2025-01-23 23:30:00,-64.47519999999986,-86.88139999999976,-1,HOLD
2025-01-23 23:35:00,-64.58500000000004,-78.37875000000008,-1,NO_VALID_ACTION_DEFENSIVE_AVG
2025-01-23 23:40:00,-64.45319999999992,-80.28989999999999,-1,NO_VALID_ACTION_DEFENSIVE_AVG
2025-01-23 23:45:00,-64.53300000000036,-75.89975000000027,-1,NO_VALID_ACTION_DEFENSIVE_AVG
2025-01-23 23:50:00,-64.59339999999975,-77.12504999999987,-1,NO_VALID_ACTION_DEFENSIVE_AVG
2025-01-23 23:55:00,-64.82160000000022,-66.53620000000024,-1,NO_VALID_ACTION_DEFENSIVE_AVG
2025-01-24 00:00:00,-64.5572000000002,-74.22289999999998,-1,NO_VALID_ACTION_DEFENSIVE_AVG
2025-01-24 00:05:00,-64.76720000000023,-69.21040000000016,-1,NO_VALID_ACTION_DEFENSIVE_AVG
2025-01-24 00:10:00,-64.60000000000036,-77.83000000000038,-1,NO_VALID_ACTION_DEFENSIVE_AVG
2025-01-24 00:15:00,-64.60000000000036,-77.79000000000019,-1,NO_VALID_ACTION_DEFENSIVE_AVG
2025-01-24 00:20:00,-64.59199999999964,-80.16899999999987,-1,NO_VALID_ACTION_DEFENSIVE_AVG
2025-01-24 00:25:00,-64.75839999999971,-76.95379999999977,-1,NO_VALID_ACTION_DEFENSIVE_AVG
2025-01-24 00:30:00,-65.21680000000015,-89.60834812500069,-1,NO_VALID_ACTION_DEFENSIVE_AVG
2025-01-24 00:35:00,-65.05339999999978,-69.35350999999957,-1,NO_VALID_ACTION_DEFENSIVE_AVG
2025-01-24 00:40:00,-65.21680000000015,-94.60334812500075,-1,NO_VALID_ACTION_DEFENSIVE_AVG
2025-01-24 00:45:00,-65.52379999999994,-109.54879419677626,-1,ACTION_FORCED_CUT_LONG
2025-01-24 00:50:00,-65.48160000000007,-107.03584968749914,-1,NO_VALID_ACTION_DEFENSIVE_AVG
2025-01-24 00:55:00,-65.30180000000018,-111.10092187499941,-1,HOLD
2025-01-24 01:00:00,-65.46360000000004,-107.49766218749903,-1,HOLD
2025-01-24 01:05:00,-64.98520000000008,-70.97389999999996,-1,HOLD
2025-01-24 01:10:00,-64.78639999999996,-75.83479999999986,-1,HOLD
2025-01-24 01:15:00,-64.64639999999963,-79.83979999999974,-1,HOLD
2025-01-24 01:20:00,-64.83439999999973,-76.36079999999993,-1,HOLD
2025-01-24 01:25:00,-64.63919999999962,-82.7243999999996,-1,HOLD
2025-01-24 01:30:00,-64.7506000000003,-80.02295000000004,-1,HOLD
2025-01-24 01:35:00,-65.01059999999961,-74.40794999999957,-1,HOLD
2025-01-24 01:40:00,-65.11920000000009,-81.88385874999935,-1,HOLD
2025-01-24 01:45:00,-65.26280000000042,-114.8647968750005,-1,HOLD
2025-01-24 01:50:00,-65.2478000000001,-87.41378562500068,-1,HOLD
2025-01-24 01:55:00,-65.2478000000001,-90.78878562500068,-1,HOLD
2025-01-24 02:00:00,-65.38280000000032,-106.88385937500053,-1,HOLD
2025-01-24 02:05:00,-65.50600000000031,-71.11443588745063,-1,HOLD
2025-01-24 02:10:00,-65.75600000000031,-58.74097702514646,1,HOLD
2025-01-24 02:15:00,-65.47140000000036,-99.06929343749849,-1,HOLD
2025-01-24 02:20:00,-65.54839999999967,-82.61604039184677,-1,HOLD
2025-01-24 02:25:00,-65.39999999999964,-114.0436343749985,-1,HOLD
2025-01-24 02:30:00,-65.58899999999994,-119.21344858276497,-1,HOLD
2025-01-24 02:35:00,-65.50740000000042,-140.8682118396008,-1,HOLD
2025-01-24 02:40:00,-65.52999999999975,-142.9556402331538,-1,HOLD
2025-01-24 02:45:00,-65.45300000000043,-120.20025937500095,-1,HOLD
2025-01-24 02:50:00,-65.1253999999999,-93.68663374999815,-1,HOLD
2025-01-24 02:55:00,-65.3060000000005,-129.49407187499904,-1,HOLD
2025-01-24 03:00:00,-64.98679999999968,-82.9100999999996,-1,HOLD
2025-01-24 03:05:00,-64.84680000000026,-87.41510000000017,-1,HOLD
2025-01-24 03:10:00,-64.8130000000001,-88.23475000000008,-1,HOLD
2025-01-24 03:15:00,-64.7528000000002,-89.69460000000026,-1,HOLD
2025-01-24 03:20:00,-64.7528000000002,-85.97960000000012,-1,HOLD
2025-01-24 03:25:00,-64.82719999999972,-83.15039999999976,-1,HOLD
2025-01-24 03:30:00,-65.04140000000007,66.70817375000055,1,EXIT_PROFIT_TARGET_MET
2025-01-24 03:35:00,-65.0598,66.00667374999969,1,EXIT_PROFIT_TARGET_MET
2025-01-24 03:40:00,-65.08820000000014,64.92392375000054,1,EXIT_PROFIT_TARGET_MET
2025-01-24 03:45:00,-65.21680000000015,60.02104875000049,1,EXIT_PROFIT_TARGET_MET
2025-01-24 03:50:00,-65.41200000000026,52.579048749999856,1,EXIT_PROFIT_TARGET_MET
2025-01-24 03:55:00,-65.41200000000026,52.579048749999856,1,EXIT_PROFIT_TARGET_MET
2025-01-24 04:00:00,-65.36679999999978,54.30229874999853,1,EXIT_PROFIT_TARGET_MET
2025-01-24 04:05:00,-65.06500000000051,65.8084237499998,1,EXIT_PROFIT_TARGET_MET
2025-01-24 04:10:00,-65.01100000000042,67.86717374999819,1,EXIT_PROFIT_TARGET_MET
2025-01-24 04:15:00,-64.97360000000026,69.2930487499992,1,EXIT_PROFIT_TARGET_MET
2025-01-24 04:20:00,-64.92720000000008,71.06204874999978,1,EXIT_PROFIT_TARGET_MET
2025-01-24 04:25:00,-65.20039999999972,60.64629875000006,1,EXIT_PROFIT_TARGET_MET
2025-01-24 04:30:00,-65.1854000000003,61.21817375000043,1,EXIT_PROFIT_TARGET_MET
2025-01-24 04:35:00,-65.17320000000018,61.68329875000089,1,EXIT_PROFIT_TARGET_MET
2025-01-24 04:40:00,-64.8735999999999,73.10554874999974,1,EXIT_PROFIT_TARGET_MET
2025-01-24 04:45:00,-64.82420000000002,74.98892375000085,1,EXIT_PROFIT_TARGET_MET
2025-01-24 04:50:00,-64.82420000000002,74.98892375000085,1,EXIT_PROFIT_TARGET_MET
2025-01-24 04:55:00,-64.82420000000002,74.98892375000085,1,EXIT_PROFIT_TARGET_MET
2025-01-24 05:00:00,-64.9435999999996,70.43679875000021,1,EXIT_PROFIT_TARGET_MET
2025-01-24 05:05:00,-64.81540000000041,75.32442374999877,1,EXIT_PROFIT_TARGET_MET
2025-01-24 05:10:00,-64.80400000000009,75.75904875000086,1,EXIT_PROFIT_TARGET_MET
2025-01-24 05:15:00,-64.23980000000029,30.382662500000777,1,EXIT_PROFIT_TARGET_MET
2025-01-24 05:20:00,-64.58680000000004,52.771047499998645,1,EXIT_PROFIT_TARGET_MET
2025-01-24 05:25:00,-64.42420000000038,48.25408999999951,1,EXIT_PROFIT_TARGET_MET
2025-01-24 05:30:00,-64.38739999999962,62.08052750000053,1,EXIT_PROFIT_TARGET_MET
2025-01-24 05:35:00,-64.4340000000002,32.16981000000072,1,EXIT_PROFIT_TARGET_MET
2025-01-24 05:40:00,-64.51379999999972,46.80640749999941,1,EXIT_PROFIT_TARGET_MET
2025-01-24 05:45:00,-64.17420000000038,28.308717499999318,1,EXIT_PROFIT_TARGET_MET
2025-01-24 05:50:00,-63.95920000000024,1.3668325000011237,1,EXIT_PROFIT_TARGET_MET
2025-01-24 05:55:00,-64.22680000000037,38.94787999999909,1,EXIT_PROFIT_TARGET_MET
2025-01-24 06:00:00,-64.16179999999986,34.06163500000139,1,EXIT_PROFIT_TARGET_MET
2025-01-24 06:05:00,-64.23980000000029,35.82419999999928,1,EXIT_PROFIT_TARGET_MET
2025-01-24 06:10:00,-64.78440000000046,25.449593749998343,1,EXIT_PROFIT_TARGET_MET
2025-01-24 06:15:00,-64.60639999999967,2.155740000000094,1,EXIT_PROFIT_TARGET_MET
2025-01-24 06:20:00,-64.96100000000024,48.67400249999943,1,EXIT_PROFIT_TARGET_MET
2025-01-24 06:25:00,-65.55739999999969,45.69108625000209,1,EXIT_PROFIT_TARGET_MET
2025-01-24 06:30:00,-65.42619999999988,5.72082500000073,1,EXIT_PROFIT_TARGET_MET
2025-01-24 06:35:00,-65.70799999999963,24.071152500002142,1,EXIT_PROFIT_TARGET_MET
2025-01-24 06:40:00,-65.59839999999986,32.467715000000794,1,EXIT_PROFIT_TARGET_MET
2025-01-24 06:45:00,-65.46420000000035,48.660416250001504,1,EXIT_PROFIT_TARGET_MET
2025-01-24 06:50:00,-65.0010000000002,10.373197499998525,1,EXIT_PROFIT_TARGET_MET
2025-01-24 06:55:00,-65.1261999999997,12.091604999999277,1,EXIT_PROFIT_TARGET_MET
2025-01-24 07:00:00,-64.77160000000003,7.405755000000397,1,EXIT_PROFIT_TARGET_MET
2025-01-24 07:05:00,-64.77779999999984,10.154179999999656,1,EXIT_PROFIT_TARGET_MET
2025-01-24 07:10:00,-64.82620000000043,8.907880000000148,1,EXIT_PROFIT_TARGET_MET
2025-01-24 07:15:00,-64.44520000000011,18.7186300000011,1,EXIT_PROFIT_TARGET_MET
2025-01-24 07:20:00,-64.64540000000034,13.56347999999781,1,EXIT_PROFIT_TARGET_MET
2025-01-24 07:25:00,-64.77400000000034,10.252029999999365,1,EXIT_PROFIT_TARGET_MET
2025-01-24 07:30:00,-64.63020000000051,13.954879999997672,1,EXIT_PROFIT_TARGET_MET
2025-01-24 07:35:00,-64.78960000000006,9.850329999999076,1,EXIT_PROFIT_TARGET_MET
2025-01-24 07:40:00,-64.90920000000006,6.770630000000267,1,EXIT_PROFIT_TARGET_MET
2025-01-24 07:45:00,-64.83960000000025,8.562829999999906,1,EXIT_PROFIT_TARGET_MET
2025-01-24 07:50:00,-64.72059999999965,11.627080000000376,1,EXIT_PROFIT_TARGET_MET
2025-01-24 07:55:00,-64.97239999999965,5.1432299999997895,1,EXIT_PROFIT_TARGET_MET
2025-01-24 08:00:00,-65.05379999999968,3.0471800000016174,1,EXIT_PROFIT_TARGET_MET
2025-01-24 08:05:00,-65.17339999999967,53.32659499999829,1,EXIT_PROFIT_TARGET_MET
2025-01-24 08:10:00,-65.27379999999994,49.49884499999985,1,EXIT_PROFIT_TARGET_MET
2025-01-24 08:15:00,-65.3735999999999,45.693970000000434,1,EXIT_PROFIT_TARGET_MET
2025-01-24 08:20:00,-65.82880000000023,28.33946999999978,1,EXIT_PROFIT_TARGET_MET
2025-01-24 08:25:00,-65.84600000000046,27.683719999998516,1,EXIT_PROFIT_TARGET_MET
2025-01-24 08:30:00,-66.01479999999992,21.2482200000006,1,EXIT_PROFIT_TARGET_MET
2025-01-24 08:35:00,-66.17339999999967,15.201594999998008,1,EXIT_PROFIT_TARGET_MET
2025-01-24 08:40:00,-66.08719999999994,18.48796999999803,1,EXIT_PROFIT_TARGET_MET
2025-01-24 08:45:00,-66.09900000000016,18.038094999998805,1,EXIT_PROFIT_TARGET_MET
2025-01-24 08:50:00,-66.11260000000038,17.519594999999413,1,EXIT_PROFIT_TARGET_MET
2025-01-24 08:55:00,-66.39999999999964,6.562469999999479,1,EXIT_PROFIT_TARGET_MET
2025-01-24 09:00:00,-66.27000000000044,11.518719999998467,1,EXIT_PROFIT_TARGET_MET
2025-01-24 09:05:00,-66.51360000000022,2.2314700000010816,1,EXIT_PROFIT_TARGET_MET
2025-01-24 09:10:00,-66.3742000000002,7.5460949999975355,1,EXIT_PROFIT_TARGET_MET
2025-01-24 09:15:00,-66.53380000000016,1.461344999999028,1,EXIT_PROFIT_TARGET_MET
2025-01-24 09:20:00,-66.6864000000005,2.4313400000014838,1,EXIT_PROFIT_TARGET_MET
2025-01-24 09:25:00,-66.64400000000023,4.3101899999987126,1,EXIT_PROFIT_TARGET_MET
2025-01-24 09:30:00,-66.71820000000025,1.0222024999985422,1,EXIT_PROFIT_TARGET_MET
2025-01-24 09:35:00,-66.86419999999998,0.5438456249991042,1,EXIT_PROFIT_TARGET_MET
2025-01-24 09:40:00,-66.88479999999981,0.08641730561256127,1,EXIT_PROFIT_TARGET_MET
2025-01-24 09:45:00,-66.67320000000018,3.0162649999996063,1,EXIT_PROFIT_TARGET_MET
2025-01-24 09:50:00,-66.64019999999982,4.478577500001052,1,EXIT_PROFIT_TARGET_MET
2025-01-24 09:55:00,-66.64019999999982,4.478577500001052,1,EXIT_PROFIT_TARGET_MET
2025-01-24 10:00:00,-66.72800000000007,0.5879400000011259,1,EXIT_PROFIT_TARGET_MET
2025-01-24 10:05:00,-66.64019999999982,4.478577500001052,1,EXIT_PROFIT_TARGET_MET
2025-01-24 10:10:00,-66.64919999999984,4.079765000000506,1,EXIT_PROFIT_TARGET_MET
2025-01-24 10:15:00,-66.44459999999981,4.862094999999584,1,EXIT_PROFIT_TARGET_MET
2025-01-24 10:20:00,-66.3710000000001,7.668094999999454,1,EXIT_PROFIT_TARGET_MET
2025-01-24 10:25:00,-66.32340000000022,9.482844999999628,1,EXIT_PROFIT_TARGET_MET
2025-01-24 10:30:00,-66.16259999999966,15.613345000001061,1,EXIT_PROFIT_TARGET_MET
2025-01-24 10:35:00,-66.11880000000019,17.28321999999875,1,EXIT_PROFIT_TARGET_MET
2025-01-24 10:40:00,-66.02639999999974,20.805969999999178,1,EXIT_PROFIT_TARGET_MET
2025-01-24 10:45:00,-65.91319999999996,25.121719999998902,1,EXIT_PROFIT_TARGET_MET
2025-01-24 10:50:00,-65.92640000000029,24.618469999997927,1,EXIT_PROFIT_TARGET_MET
2025-01-24 10:55:00,-65.78620000000046,29.96359499999761,1,EXIT_PROFIT_TARGET_MET
2025-01-24 11:00:00,-65.88900000000012,26.044344999999197,1,EXIT_PROFIT_TARGET_MET
2025-01-24 11:05:00,-66.10840000000007,17.679720000000316,1,EXIT_PROFIT_TARGET_MET
2025-01-24 11:10:00,-66.08299999999963,18.64809499999842,1,EXIT_PROFIT_TARGET_MET
2025-01-24 11:15:00,-65.92799999999988,24.55746999999812,1,EXIT_PROFIT_TARGET_MET
2025-01-24 11:20:00,-66.13360000000011,16.71896999999899,1,EXIT_PROFIT_TARGET_MET
2025-01-24 11:25:00,-66.33259999999973,9.132094999997918,1,EXIT_PROFIT_TARGET_MET
2025-01-24 11:30:00,-66.38040000000001,7.309719999998919,1,EXIT_PROFIT_TARGET_MET
2025-01-24 11:35:00,-66.39400000000023,6.791219999999015,1,EXIT_PROFIT_TARGET_MET
2025-01-24 11:40:00,-66.20840000000044,13.867219999999776,1,EXIT_PROFIT_TARGET_MET
2025-01-24 11:45:00,-66.04380000000037,20.142594999997556,1,EXIT_PROFIT_TARGET_MET
2025-01-24 11:50:00,-65.81620000000021,28.81984499999865,1,EXIT_PROFIT_TARGET_MET
2025-01-24 11:55:00,-65.85959999999977,27.165219999999124,1,EXIT_PROFIT_TARGET_MET
2025-01-24 12:00:00,-65.92619999999988,24.626095000000078,1,EXIT_PROFIT_TARGET_MET
2025-01-24 12:05:00,-66.14159999999993,16.413970000000973,1,EXIT_PROFIT_TARGET_MET
2025-01-24 12:10:00,-66.07840000000033,18.823469999999276,1,EXIT_PROFIT_TARGET_MET
2025-01-24 12:15:00,-66.19440000000031,14.400969999999631,1,EXIT_PROFIT_TARGET_MET
2025-01-24 12:20:00,-66.1274000000003,16.95534499999812,1,EXIT_PROFIT_TARGET_MET
2025-01-24 12:25:00,-66.15279999999984,15.986969999998479,1,EXIT_PROFIT_TARGET_MET
2025-01-24 12:30:00,-66.15279999999984,15.986969999998479,1,EXIT_PROFIT_TARGET_MET
2025-01-24 12:35:00,-66.1895999999997,14.583969999999312,1,EXIT_PROFIT_TARGET_MET
2025-01-24 12:40:00,-66.0582000000004,19.593595000000818,1,EXIT_PROFIT_TARGET_MET
2025-01-24 12:45:00,-66.00640000000021,21.56846999999857,1,EXIT_PROFIT_TARGET_MET
2025-01-24 12:50:00,-65.84600000000046,27.683719999998516,1,EXIT_PROFIT_TARGET_MET
2025-01-24 12:55:00,-65.69300000000021,33.51684499999948,1,EXIT_PROFIT_TARGET_MET
2025-01-24 13:00:00,-66.13519999999971,16.657969999999438,1,EXIT_PROFIT_TARGET_MET
2025-01-24 13:05:00,-65.89339999999993,9.69198500000067,1,EXIT_PROFIT_TARGET_MET
2025-01-24 13:10:00,-65.8173999999999,21.918047500000853,1,EXIT_PROFIT_TARGET_MET
2025-01-24 13:15:00,-65.83560000000034,14.28111374999878,1,EXIT_PROFIT_TARGET_MET
2025-01-24 13:20:00,-65.59000000000015,9.262312500001258,1,EXIT_PROFIT_TARGET_MET
2025-01-24 13:25:00,-66.14779999999973,2.504401840790495,1,EXIT_PROFIT_TARGET_MET
2025-01-24 13:30:00,-66.04860000000008,3.9458795614580353,1,EXIT_PROFIT_TARGET_MET
2025-01-24 13:35:00,-66.04299999999967,7.5585548031451335,1,EXIT_PROFIT_TARGET_MET
2025-01-24 13:40:00,-66.14260000000013,13.602729618530576,1,EXIT_PROFIT_TARGET_MET
2025-01-24 13:45:00,-66.05519999999979,10.72852224913916,1,EXIT_PROFIT_TARGET_MET
2025-01-24 13:50:00,-66.05519999999979,5.631234411380182,1,EXIT_PROFIT_TARGET_MET
2025-01-24 13:55:00,-65.9966000000004,-163.89428828125094,-1,HOLD
2025-01-24 14:00:00,-65.84720000000016,-143.66750156249896,-1,NO_VALID_ACTION_DEFENSIVE_AVG
2025-01-24 14:05:00,-65.99279999999999,-221.18415906250115,-1,NO_VALID_ACTION_DEFENSIVE_AVG
2025-01-24 14:10:00,-66.15480000000025,-111.69133250000253,-1,NO_VALID_ACTION_DEFENSIVE_AVG
2025-01-24 14:15:00,-66.14480000000003,-120.31864874999846,-1,ACTION_DEFENSIVE_AVG_SHORT
2025-01-24 14:20:00,-66.03340000000026,-209.01012734374854,-1,NO_VALID_ACTION_DEFENSIVE_AVG
2025-01-24 14:25:00,-65.93199999999979,-183.111674375,-1,NO_VALID_ACTION_DEFENSIVE_AVG
2025-01-24 14:30:00,-65.94480000000021,-165.95362593750605,-1,NO_VALID_ACTION_DEFENSIVE_AVG
2025-01-24 14:35:00,-66.29399999999987,-158.8358149999976,-1,NO_VALID_ACTION_DEFENSIVE_AVG
2025-01-24 14:40:00,-66.3734000000004,-271.4452803124913,-1,NO_VALID_ACTION_DEFENSIVE_AVG
2025-01-24 14:45:00,-66.55199999999968,-270.82253167969725,-1,ACTION_DEFENSIVE_AVG_LONG
2025-01-24 14:50:00,-66.60159999999996,-271.02932152342373,-1,NO_VALID_ACTION_DEFENSIVE_AVG
2025-01-24 14:55:00,-66.73859999999968,-227.34062742186543,-1,ACTION_DEFENSIVE_AVG_SHORT
2025-01-24 15:00:00,-66.73859999999968,-217.40942624999218,-1,NO_VALID_ACTION_DEFENSIVE_AVG
2025-01-24 15:05:00,-66.8134,-229.30227347657976,-1,NO_VALID_ACTION_DEFENSIVE_AVG
2025-01-24 15:10:00,-67.01440000000002,-64.33297625000202,1,NO_VALID_ACTION_DEFENSIVE_AVG
2025-01-24 15:15:00,-67.19419999999991,27.720373425291406,1,EXIT_PROFIT_TARGET_MET
2025-01-24 15:20:00,-67.34799999999996,35.331577209471355,1,EXIT_PROFIT_TARGET_MET
2025-01-24 15:25:00,-67.39379999999983,37.59811253662061,1,EXIT_PROFIT_TARGET_MET
2025-01-24 15:30:00,-67.38839999999982,37.33087911376862,1,EXIT_PROFIT_TARGET_MET
2025-01-24 15:35:00,-67.4998000000005,44.83634954345799,1,EXIT_PROFIT_TARGET_MET
2025-01-24 15:40:00,-67.33320000000003,32.674352094726245,1,EXIT_PROFIT_TARGET_MET
2025-01-24 15:45:00,-67.58560000000034,55.26351498046896,1,EXIT_PROFIT_TARGET_MET
2025-01-24 15:50:00,-67.78939999999966,72.96103732421821,1,EXIT_PROFIT_TARGET_MET
2025-01-24 15:55:00,-67.91420000000016,76.84050320312282,1,EXIT_PROFIT_TARGET_MET
2025-01-24 16:00:00,-68.01959999999963,83.48081812500038,1,EXIT_PROFIT_TARGET_MET
2025-01-24 16:05:00,-67.92060000000038,79.86537359375043,1,EXIT_PROFIT_TARGET_MET
2025-01-24 16:10:00,-68.10400000000027,86.17889500000109,1,EXIT_PROFIT_TARGET_MET
2025-01-24 16:15:00,-67.86999999999989,65.59424875000013,1,EXIT_PROFIT_TARGET_MET
2025-01-24 16:20:00,-67.75640000000021,51.66213250000092,1,EXIT_PROFIT_TARGET_MET
2025-01-24 16:25:00,-67.98700000000008,8.404830000000118,1,EXIT_PROFIT_TARGET_MET
2025-01-24 16:30:00,-68.00640000000021,10.282467499999598,1,EXIT_PROFIT_TARGET_MET
2025-01-24 16:35:00,-67.66920000000027,11.133783749997974,1,EXIT_PROFIT_TARGET_MET
2025-01-24 16:40:00,-67.625,2.8517749999997477,1,EXIT_PROFIT_TARGET_MET
2025-01-24 16:45:00,-67.70399999999972,20.584012500000313,1,EXIT_PROFIT_TARGET_MET
2025-01-24 16:50:00,-67.70399999999972,20.584012500000313,1,EXIT_PROFIT_TARGET_MET
2025-01-24 16:55:00,-67.78499999999985,23.570887500000538,1,EXIT_PROFIT_TARGET_MET
2025-01-24 17:00:00,-67.91020000000026,10.572502499999757,1,EXIT_PROFIT_TARGET_MET
2025-01-24 17:05:00,-67.91020000000026,21.969876250000198,1,EXIT_PROFIT_TARGET_MET
2025-01-24 17:10:00,-67.94560000000001,23.2752512499996,1,EXIT_PROFIT_TARGET_MET
2025-01-24 17:15:00,-67.83299999999963,19.123126249999274,1,EXIT_PROFIT_TARGET_MET
2025-01-24 17:20:00,-67.83299999999963,19.123126249999274,1,EXIT_PROFIT_TARGET_MET
2025-01-24 17:25:00,-67.73099999999977,15.361876250000392,1,EXIT_PROFIT_TARGET_MET
2025-01-24 17:30:00,-67.64519999999993,12.198001249999919,1,EXIT_PROFIT_TARGET_MET
2025-01-24 17:35:00,-67.69899999999961,14.181876250001551,1,EXIT_PROFIT_TARGET_MET
2025-01-24 17:40:00,-67.50500000000011,7.028126250002259,1,EXIT_PROFIT_TARGET_MET
2025-01-24 17:45:00,-67.57459999999992,9.59462624999972,1,EXIT_PROFIT_TARGET_MET
2025-01-24 17:50:00,-67.57459999999992,9.59462624999972,1,EXIT_PROFIT_TARGET_MET
2025-01-24 17:55:00,-67.70399999999972,14.366251249998612,1,EXIT_PROFIT_TARGET_MET
2025-01-24 18:00:00,-67.66340000000037,12.869126249999965,1,EXIT_PROFIT_TARGET_MET
2025-01-24 18:05:00,-67.57459999999992,9.59462624999972,1,EXIT_PROFIT_TARGET_MET
2025-01-24 18:10:00,-67.71420000000035,14.742376249999268,1,EXIT_PROFIT_TARGET_MET
2025-01-24 18:15:00,-67.85440000000017,19.91225124999974,1,EXIT_PROFIT_TARGET_MET
2025-01-24 18:20:00,-67.92619999999988,22.55987625000077,1,EXIT_PROFIT_TARGET_MET
2025-01-24 18:25:00,-68.01419999999962,25.80487625000123,1,EXIT_PROFIT_TARGET_MET
2025-01-24 18:30:00,-68.07420000000002,28.017376249999728,1,EXIT_PROFIT_TARGET_MET
2025-01-24 18:35:00,-68.1246000000001,29.87587624999952,1,EXIT_PROFIT_TARGET_MET
2025-01-24 18:40:00,-68.11840000000029,29.64725124999933,1,EXIT_PROFIT_TARGET_MET
2025-01-24 18:45:00,-67.92699999999968,22.58937625000209,1,EXIT_PROFIT_TARGET_MET
2025-01-24 18:50:00,-67.92560000000049,22.5377512500001,1,EXIT_PROFIT_TARGET_MET
2025-01-24 18:55:00,-68.0007999999998,25.31075125000143,1,EXIT_PROFIT_TARGET_MET
2025-01-24 19:00:00,-68.03020000000015,26.394876250001033,1,EXIT_PROFIT_TARGET_MET
2025-01-24 19:05:00,-68.11840000000029,29.64725124999933,1,EXIT_PROFIT_TARGET_MET
2025-01-24 19:10:00,-68.11840000000029,29.64725124999933,1,EXIT_PROFIT_TARGET_MET
2025-01-24 19:15:00,-68.11840000000029,29.64725124999933,1,EXIT_PROFIT_TARGET_MET
2025-01-24 19:20:00,-68.15440000000035,30.974751249998633,1,EXIT_PROFIT_TARGET_MET
2025-01-24 19:25:00,-68.14540000000034,30.642876250000086,1,EXIT_PROFIT_TARGET_MET
2025-01-24 19:30:00,-67.94679999999971,23.31950125000145,1,EXIT_PROFIT_TARGET_MET
2025-01-24 19:35:00,-68.02180000000044,26.08512624999932,1,EXIT_PROFIT_TARGET_MET
2025-01-24 19:40:00,-68.02180000000044,26.08512624999932,1,EXIT_PROFIT_TARGET_MET
2025-01-24 19:45:00,-68.02180000000044,26.08512624999932,1,EXIT_PROFIT_TARGET_MET
2025-01-24 19:50:00,-67.92460000000028,22.500876250000942,1,EXIT_PROFIT_TARGET_MET
2025-01-24 19:55:00,-67.94980000000032,23.430126250000967,1,EXIT_PROFIT_TARGET_MET
2025-01-24 20:00:00,-68.07819999999992,28.164876249998912,1,EXIT_PROFIT_TARGET_MET
2025-01-24 20:05:00,-67.9336000000003,22.832751249999745,1,EXIT_PROFIT_TARGET_MET
2025-01-24 20:10:00,-68.07099999999991,27.89937625000212,1,EXIT_PROFIT_TARGET_MET
2025-01-24 20:15:00,-68.07099999999991,27.89937625000212,1,EXIT_PROFIT_TARGET_MET
2025-01-24 20:20:00,-67.90499999999975,21.778126250000952,1,EXIT_PROFIT_TARGET_MET
2025-01-24 20:25:00,-67.81999999999971,0.8077650000005576,1,EXIT_PROFIT_TARGET_MET
2025-01-24 20:30:00,-67.94620000000032,2.4055812499987326,1,EXIT_PROFIT_TARGET_MET
2025-01-24 20:35:00,-68.01419999999962,1.3788309960937717,1,EXIT_PROFIT_TARGET_MET
2025-01-24 20:40:00,-68.09799999999996,6.160828124999682,1,EXIT_PROFIT_TARGET_MET
2025-01-24 20:45:00,-68.09799999999996,3.977052421874788,1,EXIT_PROFIT_TARGET_MET
2025-01-24 20:50:00,-68.23180000000048,9.802248124998926,1,EXIT_PROFIT_TARGET_MET
2025-01-24 20:55:00,-68.17380000000048,12.03667062499752,1,EXIT_PROFIT_TARGET_MET
2025-01-24 21:00:00,-68.17060000000038,24.854124375001795,1,EXIT_PROFIT_TARGET_MET
2025-01-24 21:05:00,-68.16820000000007,4.012559999998501,1,EXIT_PROFIT_TARGET_MET
2025-01-24 21:10:00,-68.05379999999968,0.7610487500015211,1,EXIT_PROFIT_TARGET_MET
2025-01-24 21:15:00,-68.14940000000024,33.49559750000043,1,EXIT_PROFIT_TARGET_MET
2025-01-24 21:20:00,-68.14800000000014,12.168366249998428,1,EXIT_PROFIT_TARGET_MET
2025-01-24 21:25:00,-68.14800000000014,11.101510000000246,1,EXIT_PROFIT_TARGET_MET
2025-01-24 21:30:00,-68.05580000000009,12.879710000001296,1,EXIT_PROFIT_TARGET_MET
2025-01-24 21:35:00,-68.03179999999975,86.89381000000029,1,EXIT_PROFIT_TARGET_MET
2025-01-24 21:40:00,-68.03179999999975,36.2405425000008,1,EXIT_PROFIT_TARGET_MET
2025-01-24 21:45:00,-67.98559999999998,51.55929999999785,1,EXIT_PROFIT_TARGET_MET
2025-01-24 21:50:00,-67.98419999999987,26.827292500001022,1,EXIT_PROFIT_TARGET_MET
2025-01-24 21:55:00,-67.95840000000044,33.801254999999514,1,EXIT_PROFIT_TARGET_MET
2025-01-24 22:00:00,-68.04740000000038,6.58291749999961,1,EXIT_PROFIT_TARGET_MET
2025-01-24 22:05:00,-67.91439999999966,18.123727500001223,1,EXIT_PROFIT_TARGET_MET
2025-01-24 22:10:00,-68.04799999999977,10.968710000000783,1,EXIT_PROFIT_TARGET_MET
2025-01-24 22:15:00,-67.92579999999998,8.005359999999655,1,EXIT_PROFIT_TARGET_MET
2025-01-24 22:20:00,-67.90599999999995,7.525209999999447,1,EXIT_PROFIT_TARGET_MET
2025-01-24 22:25:00,-67.80519999999979,5.080810000000156,1,EXIT_PROFIT_TARGET_MET
2025-01-24 22:30:00,-67.78939999999966,4.697659999998905,1,EXIT_PROFIT_TARGET_MET
2025-01-24 22:35:00,-67.78639999999996,4.624909999999431,1,EXIT_PROFIT_TARGET_MET
2025-01-24 22:40:00,-67.78639999999996,4.624909999999431,1,EXIT_PROFIT_TARGET_MET
2025-01-24 22:45:00,-67.9402,8.35455999999948,1,EXIT_PROFIT_TARGET_MET
2025-01-24 22:50:00,-67.90279999999984,7.447610000000793,1,EXIT_PROFIT_TARGET_MET
2025-01-24 22:55:00,-68.01040000000012,10.056909999999334,1,EXIT_PROFIT_TARGET_MET
2025-01-24 23:00:00,-68.13460000000032,13.06875999999994,1,EXIT_PROFIT_TARGET_MET
2025-01-24 23:05:00,-68.21479999999974,15.013609999998721,1,EXIT_PROFIT_TARGET_MET
2025-01-24 23:10:00,-67.92079999999987,7.884109999999168,1,EXIT_PROFIT_TARGET_MET
2025-01-24 23:15:00,-68.05360000000019,11.104509999999834,1,EXIT_PROFIT_TARGET_MET
2025-01-24 23:20:00,-68.01599999999962,10.192710000000432,1,EXIT_PROFIT_TARGET_MET
2025-01-24 23:25:00,-68.03840000000037,10.735910000000729,1,EXIT_PROFIT_TARGET_MET
2025-01-24 23:30:00,-67.96619999999984,8.985060000000885,1,EXIT_PROFIT_TARGET_MET
2025-01-24 23:35:00,-68.04119999999966,10.803810000001022,1,EXIT_PROFIT_TARGET_MET
2025-01-24 23:40:00,-68.0003999999999,9.814410000000919,1,EXIT_PROFIT_TARGET_MET
2025-01-24 23:45:00,-67.96799999999985,9.02871000000016,1,EXIT_PROFIT_TARGET_MET
2025-01-24 23:50:00,-67.98480000000018,9.436109999998337,1,EXIT_PROFIT_TARGET_MET
2025-01-24 23:55:00,-67.83420000000024,5.784059999999499,1,EXIT_PROFIT_TARGET_MET
2025-01-25 00:00:00,-67.86179999999968,6.453359999999975,1,EXIT_PROFIT_TARGET_MET
2025-01-25 00:05:00,-67.82600000000002,5.585210000000359,1,EXIT_PROFIT_TARGET_MET
2025-01-25 00:10:00,-67.80519999999979,5.080810000000156,1,EXIT_PROFIT_TARGET_MET
2025-01-25 00:15:00,-67.77000000000044,4.227210000000127,1,EXIT_PROFIT_TARGET_MET
2025-01-25 00:20:00,-67.89999999999964,1.7354237499993133,1,EXIT_PROFIT_TARGET_MET
2025-01-25 00:25:00,-67.89999999999964,1.7354237499993133,1,EXIT_PROFIT_TARGET_MET
2025-01-25 00:30:00,-67.60000000000036,7.277874375000067,1,EXIT_PROFIT_TARGET_MET
2025-01-25 00:35:00,-68.08119999999963,16.764080000001655,1,EXIT_PROFIT_TARGET_MET
2025-01-25 00:40:00,-68.27440000000024,0.6069937500007256,1,EXIT_PROFIT_TARGET_MET
2025-01-25 00:45:00,-68.21579999999994,9.913838750000224,1,EXIT_PROFIT_TARGET_MET
2025-01-25 00:50:00,-68.03160000000025,15.57086890625065,1,EXIT_PROFIT_TARGET_MET
2025-01-25 00:55:00,-67.95679999999993,2.400343125000532,1,EXIT_PROFIT_TARGET_MET
2025-01-25 01:00:00,-67.89400000000023,17.549464062501166,1,EXIT_PROFIT_TARGET_MET
2025-01-25 01:05:00,-68.09360000000015,29.145328125001186,1,EXIT_PROFIT_TARGET_MET
2025-01-25 01:10:00,-67.92740000000049,12.691736250000702,1,EXIT_PROFIT_TARGET_MET
2025-01-25 01:15:00,-67.66920000000027,76.10500000000002,1,EXIT_PROFIT_TARGET_MET
2025-01-25 01:20:00,-67.86040000000048,39.33908500000098,1,EXIT_PROFIT_TARGET_MET
2025-01-25 01:25:00,-67.96600000000035,16.561004999998772,1,EXIT_PROFIT_TARGET_MET
2025-01-25 01:30:00,-67.82620000000043,35.42915624999753,1,EXIT_PROFIT_TARGET_MET
2025-01-25 01:35:00,-67.63640000000032,1.655210000000352,1,EXIT_PROFIT_TARGET_MET
2025-01-25 01:40:00,-67.38600000000042,20.757885000000527,1,EXIT_PROFIT_TARGET_MET
2025-01-25 01:45:00,-67.48120000000017,13.948446249998739,1,EXIT_PROFIT_TARGET_MET
2025-01-25 01:50:00,-67.57859999999982,0.2695874201949296,1,EXIT_PROFIT_TARGET_MET
2025-01-25 01:55:00,-67.63540000000012,-1.0281944996677352e-07,1,ACTION_AVG_SHORT_TREND
2025-01-25 02:00:00,-67.61279999999988,0.05369992098333904,1,EXIT_PROFIT_TARGET_MET
2025-01-25 02:05:00,-67.71460000000025,-6.011003570165602e-08,1,ACTION_FORCED_CUT_SHORT
2025-01-25 02:10:00,-67.82679999999982,-6.217739719431755e-08,1,ACTION_AVG_LONG_TREND
2025-01-25 02:15:00,-67.70280000000002,-6.538989662658453e-08,1,ACTION_AVG_LONG_TREND
2025-01-25 02:20:00,-67.68299999999999,-7.268895482411527e-08,1,ACTION_AVG_LONG_TREND
2025-01-25 02:25:00,-67.77999999999975,-6.856556778075345e-08,1,NO_ACTION_FORCED_CUT_NO_TREND
2025-01-25 02:30:00,-67.77999999999975,-6.920206855284244e-08,1,HOLD
2025-01-25 02:35:00,-67.74359999999979,-6.448690459364951e-08,1,NO_ACTION_FORCED_CUT_NO_TREND
2025-01-25 02:40:00,-67.8779999999997,-5.7558746484574226e-08,1,NO_ACTION_FORCED_CUT_NO_TREND
2025-01-25 02:45:00,-67.8779999999997,-4.065611487021708e-08,1,NO_ACTION_FORCED_CUT_NO_TREND
2025-01-25 02:50:00,-67.90340000000015,-4.129661159822689e-08,1,NO_ACTION_FORCED_CUT_NO_TREND
2025-01-25 02:55:00,-67.60199999999986,0.12187492073429358,1,EXIT_PROFIT_TARGET_MET
2025-01-25 03:00:00,-67.64860000000044,-4.656891309423569e-08,1,NO_ACTION_FORCED_CUT_NO_TREND
2025-01-25 03:05:00,-67.63780000000042,-4.643941269023407e-08,1,NO_ACTION_FORCED_CUT_NO_TREND
2025-01-25 03:10:00,-67.73520000000008,-4.861510737100674e-08,1,HOLD
2025-01-25 03:15:00,-67.85360000000037,-4.345764085883494e-08,1,HOLD
2025-01-25 03:20:00,-67.85360000000037,-4.8019229725470966e-08,1,HOLD
2025-01-25 03:25:00,-67.78260000000046,-3.815079020569304e-08,1,NO_ACTION_FORCED_CUT_NO_TREND
2025-01-25 03:30:00,-67.77620000000024,-1.4700326428284089e-08,1,NO_ACTION_FORCED_CUT_NO_TREND
2025-01-25 03:35:00,-67.8072000000002,-2.0040282688568518e-08,1,NO_ACTION_FORCED_CUT_NO_TREND
2025-01-25 03:40:00,-67.8072000000002,-2.4318982323165352e-08,1,NO_ACTION_FORCED_CUT_NO_TREND
2025-01-25 03:45:00,-68.0,2.1981549999995025,1,EXIT_PROFIT_TARGET_MET
2025-01-25 03:50:00,-68.08219999999983,5.229280000000301,1,EXIT_PROFIT_TARGET_MET
2025-01-25 03:55:00,-67.98959999999988,1.8146550000010109,1,EXIT_PROFIT_TARGET_MET
2025-01-25 04:00:00,-68.03780000000006,3.5920299999995393,1,EXIT_PROFIT_TARGET_MET
2025-01-25 04:05:00,-68.08340000000044,5.273530000000619,1,EXIT_PROFIT_TARGET_MET
2025-01-25 04:10:00,-67.80500000000029,-3.960398229537441e-08,1,NO_ACTION_FORCED_CUT_NO_TREND
2025-01-25 04:15:00,-67.80500000000029,-3.960398229537441e-08,1,NO_ACTION_FORCED_CUT_NO_TREND
2025-01-25 04:20:00,-67.88460000000032,-5.417313470388859e-08,1,ACTION_FORCED_CUT_LONG
2025-01-25 04:25:00,-67.88460000000032,-5.4173134703888596e-08,1,HOLD
2025-01-25 04:30:00,-67.88040000000001,-5.417215681518635e-08,1,HOLD
2025-01-25 04:35:00,-67.88780000000042,-5.4173879761947486e-08,1,HOLD
2025-01-25 04:40:00,-67.80580000000009,-5.415478764916754e-08,1,HOLD
2025-01-25 04:45:00,-67.6858000000002,-5.4126847971928094e-08,1,HOLD
2025-01-25 04:50:00,-67.64239999999972,-5.4116743121994954e-08,1,HOLD
2025-01-25 04:55:00,-67.5600000000004,0.3869999197660961,1,EXIT_PROFIT_TARGET_MET
2025-01-25 05:00:00,-67.61639999999989,0.030974921066268927,1,EXIT_PROFIT_TARGET_MET
2025-01-25 05:05:00,-67.51059999999961,0.698837418627524,1,EXIT_PROFIT_TARGET_MET
2025-01-25 05:10:00,-67.66300000000047,-5.4121539433254965e-08,1,HOLD
2025-01-25 05:15:00,-67.66300000000047,-5.412153943325495e-08,1,HOLD
2025-01-25 05:20:00,-67.76620000000003,-5.414556755567819e-08,1,HOLD
2025-01-25 05:25:00,-67.82679999999982,-5.4159677092684406e-08,1,HOLD
2025-01-25 05:30:00,-67.73880000000008,-5.413918799604273e-08,1,HOLD
2025-01-25 05:35:00,-67.7492000000002,-5.414160943473555e-08,1,HOLD
2025-01-25 05:40:00,-67.46659999999974,0.9765874176132828,1,EXIT_PROFIT_TARGET_MET
2025-01-25 05:45:00,-67.40539999999964,0.30259750808185226,1,EXIT_PROFIT_TARGET_MET
2025-01-25 05:50:00,-67.32020000000011,0.8404224452377073,1,EXIT_PROFIT_TARGET_MET
2025-01-25 05:55:00,-67.41319999999996,0.2533600138351868,1,EXIT_PROFIT_TARGET_MET
2025-01-25 06:00:00,-67.41740000000027,0.22684751693318536,1,EXIT_PROFIT_TARGET_MET
2025-01-25 06:05:00,-67.42699999999968,0.1662475240142518,1,EXIT_PROFIT_TARGET_MET
2025-01-25 06:10:00,-67.41600000000017,0.2356850159004339,1,EXIT_PROFIT_TARGET_MET
2025-01-25 06:15:00,-67.25799999999981,1.2330598993584574,1,EXIT_PROFIT_TARGET_MET
2025-01-25 06:20:00,-67.0,2.8616847090558837,1,EXIT_PROFIT_TARGET_MET
2025-01-25 06:25:00,-67.10559999999987,2.195084786947231,1,EXIT_PROFIT_TARGET_MET
2025-01-25 06:30:00,-66.84600000000046,0.8216202681706536,1,EXIT_PROFIT_TARGET_MET
2025-01-25 06:35:00,-66.88020000000051,0.6057328186229687,1,EXIT_PROFIT_TARGET_MET
2025-01-25 06:40:00,-66.92200000000048,0.3418703802870089,1,EXIT_PROFIT_TARGET_MET
2025-01-25 06:45:00,-66.6217999999999,0.48187863012888527,1,EXIT_PROFIT_TARGET_MET
2025-01-25 06:50:00,-66.82939999999962,0.9264077436821851,1,EXIT_PROFIT_TARGET_MET
2025-01-25 06:55:00,-66.58780000000024,0.6965035298143373,1,EXIT_PROFIT_TARGET_MET
2025-01-25 07:00:00,-66.63140000000021,0.42127865845291923,1,EXIT_PROFIT_TARGET_MET
2025-01-25 07:05:00,-66.71960000000036,1.6195200817034103,1,EXIT_PROFIT_TARGET_MET
2025-01-25 07:10:00,-66.61599999999999,0.5184911130163389,1,EXIT_PROFIT_TARGET_MET
2025-01-25 07:15:00,-66.8108000000002,1.0438202162430879,1,EXIT_PROFIT_TARGET_MET
2025-01-25 07:20:00,-66.7460000000001,1.4528701206491805,1,EXIT_PROFIT_TARGET_MET
2025-01-25 07:25:00,-66.92299999999977,0.3355578817622594,1,EXIT_PROFIT_TARGET_MET
2025-01-25 07:30:00,-66.77120000000014,1.2937951578246245,1,EXIT_PROFIT_TARGET_MET
2025-01-25 07:35:00,-66.79979999999978,1.1132577000157156,1,EXIT_PROFIT_TARGET_MET
2025-01-25 07:40:00,-66.75520000000051,1.3947951342211273,1,EXIT_PROFIT_TARGET_MET
2025-01-25 07:45:00,-66.63159999999971,0.4200161590430379,1,EXIT_PROFIT_TARGET_MET
2025-01-25 07:50:00,-66.52999999999975,1.0613658592793753,1,EXIT_PROFIT_TARGET_MET
2025-01-25 07:55:00,-66.60180000000037,0.6081285711202148,1,EXIT_PROFIT_TARGET_MET
2025-01-25 08:00:00,-66.60879999999997,0.5639410917732175,1,EXIT_PROFIT_TARGET_MET
2025-01-25 08:05:00,-66.4996000000001,1.253265769586324,1,EXIT_PROFIT_TARGET_MET
2025-01-25 08:10:00,-66.50619999999981,1.2116032890592172,1,EXIT_PROFIT_TARGET_MET
2025-01-25 08:15:00,-66.48300000000017,1.3580532206091596,1,EXIT_PROFIT_TARGET_MET
2025-01-25 08:20:00,-66.70300000000043,1.724307557214942,1,EXIT_PROFIT_TARGET_MET
2025-01-25 08:25:00,-66.60379999999986,0.5955035770211458,1,EXIT_PROFIT_TARGET_MET
2025-01-25 08:30:00,-66.57920000000013,0.7507910044405129,1,EXIT_PROFIT_TARGET_MET
2025-01-25 08:35:00,-66.68080000000009,0.10944130420430342,1,EXIT_PROFIT_TARGET_MET
2025-01-25 08:40:00,-66.68080000000009,0.10944130420430342,1,EXIT_PROFIT_TARGET_MET
2025-01-25 08:45:00,-66.76540000000023,1.3304076492683248,1,EXIT_PROFIT_TARGET_MET
2025-01-25 08:50:00,-66.57499999999982,0.7773034920487881,1,EXIT_PROFIT_TARGET_MET
2025-01-25 08:55:00,-66.53980000000047,0.9995033881936559,1,EXIT_PROFIT_TARGET_MET
2025-01-25 09:00:00,-66.34659999999985,0.6862063161874192,1,EXIT_PROFIT_TARGET_MET
2025-01-25 09:05:00,-66.2532000000001,1.2757916116261363,1,EXIT_PROFIT_TARGET_MET
2025-01-25 09:10:00,-66.23000000000047,1.4222410640262602,1,EXIT_PROFIT_TARGET_MET
2025-01-25 09:15:00,-66.22159999999985,1.4752658657574034,1,EXIT_PROFIT_TARGET_MET
2025-01-25 09:20:00,-66.27999999999975,1.1066172441983433,1,EXIT_PROFIT_TARGET_MET
2025-01-25 09:25:00,-66.19000000000051,1.6747401198887983,1,EXIT_PROFIT_TARGET_MET
2025-01-25 09:30:00,-66.22440000000006,1.4575909318471076,1,EXIT_PROFIT_TARGET_MET
2025-01-25 09:35:00,-66.22379999999976,1.4613784176849458,1,EXIT_PROFIT_TARGET_MET
2025-01-25 09:40:00,-66.2510000000002,1.2896790596985939,1,EXIT_PROFIT_TARGET_MET
2025-01-25 09:45:00,-66.19999999999982,1.6116153559231639,1,EXIT_PROFIT_TARGET_MET
2025-01-25 09:50:00,-66.1850000000004,1.7063025018715516,1,EXIT_PROFIT_TARGET_MET
2025-01-25 09:55:00,-66.25,1.2959915360951189,1,EXIT_PROFIT_TARGET_MET
2025-01-25 10:00:00,-66.27040000000034,1.167217017605291,1,EXIT_PROFIT_TARGET_MET
2025-01-25 10:05:00,-66.27300000000014,1.1508045789742747,1,EXIT_PROFIT_TARGET_MET
2025-01-25 10:10:00,-66.08579999999984,0.7030671289063573,1,EXIT_PROFIT_TARGET_MET
2025-01-25 10:15:00,-65.97659999999996,4.794562717285264,1,EXIT_PROFIT_TARGET_MET
2025-01-25 10:20:00,-66.0598,16.25611008957349,1,EXIT_PROFIT_TARGET_MET
2025-01-25 10:25:00,-66.01620000000003,12.67277208984585,1,EXIT_PROFIT_TARGET_MET
2025-01-25 10:30:00,-65.78260000000046,16.830675488279514,1,EXIT_PROFIT_TARGET_MET
2025-01-25 10:35:00,-65.73120000000017,16.300707861328426,1,EXIT_PROFIT_TARGET_MET
2025-01-25 10:40:00,-65.63299999999981,17.73059716796785,1,EXIT_PROFIT_TARGET_MET
2025-01-25 10:45:00,-65.74060000000009,6.026651093752438,1,EXIT_PROFIT_TARGET_MET
2025-01-25 10:50:00,-65.53840000000037,16.8676507812505,1,EXIT_PROFIT_TARGET_MET
2025-01-25 10:55:00,-65.58939999999984,15.393299218749949,1,EXIT_PROFIT_TARGET_MET
2025-01-25 11:00:00,-65.59259999999995,12.697289062500303,1,EXIT_PROFIT_TARGET_MET
2025-01-25 11:05:00,-65.77520000000004,1.3852843750007082,1,EXIT_PROFIT_TARGET_MET
2025-01-25 11:10:00,-65.77360000000044,30.516243249510442,1,EXIT_PROFIT_TARGET_MET
2025-01-25 11:15:00,-65.86099999999988,28.91785322265561,1,EXIT_PROFIT_TARGET_MET
2025-01-25 11:20:00,-65.89379999999983,17.660037539061065,1,EXIT_PROFIT_TARGET_MET
2025-01-25 11:25:00,-65.95420000000013,6.82541609374972,1,EXIT_PROFIT_TARGET_MET
2025-01-25 11:30:00,-66.08240000000023,12.641350732423774,1,EXIT_PROFIT_TARGET_MET
2025-01-25 11:35:00,-66.07260000000042,13.135777001953974,1,EXIT_PROFIT_TARGET_MET
2025-01-25 11:40:00,-66.07260000000042,14.759961699219453,1,EXIT_PROFIT_TARGET_MET
2025-01-25 11:45:00,-65.96939999999995,2.3154579687483263,1,EXIT_PROFIT_TARGET_MET
2025-01-25 11:50:00,-65.96979999999985,0.3965606250008591,1,EXIT_PROFIT_TARGET_MET
2025-01-25 11:55:00,-65.96979999999985,25.310901796874894,1,EXIT_PROFIT_TARGET_MET
2025-01-25 12:00:00,-65.8746000000001,3.361948125000467,1,EXIT_PROFIT_TARGET_MET
2025-01-25 12:05:00,-65.8761999999997,23.607745312500462,1,EXIT_PROFIT_TARGET_MET
2025-01-25 12:10:00,-65.90059999999994,15.574526250000119,1,EXIT_PROFIT_TARGET_MET
2025-01-25 12:15:00,-65.94380000000001,16.47474312499905,1,EXIT_PROFIT_TARGET_MET
2025-01-25 12:20:00,-66.00900000000001,4.512178750001311,1,EXIT_PROFIT_TARGET_MET
2025-01-25 12:25:00,-66.00900000000001,30.80171749999971,1,EXIT_PROFIT_TARGET_MET
2025-01-25 12:30:00,-66.03660000000036,29.749467500000463,1,EXIT_PROFIT_TARGET_MET
2025-01-25 12:35:00,-66.03660000000036,29.749467500000463,1,EXIT_PROFIT_TARGET_MET
2025-01-25 12:40:00,-66.03660000000036,29.749467500000463,1,EXIT_PROFIT_TARGET_MET
2025-01-25 12:45:00,-65.92000000000007,34.194842499999396,1,EXIT_PROFIT_TARGET_MET
2025-01-25 12:50:00,-66.0,30.136677499999735,1,EXIT_PROFIT_TARGET_MET
2025-01-25 12:55:00,-65.91640000000007,3.1215599999996186,1,EXIT_PROFIT_TARGET_MET
2025-01-25 13:00:00,-65.83960000000025,6.049560000000639,1,EXIT_PROFIT_TARGET_MET
2025-01-25 13:05:00,-65.83960000000025,6.049560000000639,1,EXIT_PROFIT_TARGET_MET
2025-01-25 13:10:00,-65.83960000000025,6.049560000000639,1,EXIT_PROFIT_TARGET_MET
2025-01-25 13:15:00,-65.92020000000048,2.976684999999179,1,EXIT_PROFIT_TARGET_MET
2025-01-25 13:20:00,-66.09600000000046,25.882677499999332,1,EXIT_PROFIT_TARGET_MET
2025-01-25 13:25:00,-66.14900000000034,23.534115000000014,1,EXIT_PROFIT_TARGET_MET
2025-01-25 13:30:00,-66.25340000000051,18.907889999998446,1,EXIT_PROFIT_TARGET_MET
2025-01-25 13:35:00,-66.27239999999983,18.065952499999923,1,EXIT_PROFIT_TARGET_MET
2025-01-25 13:40:00,-66.27239999999983,18.065952499999923,1,EXIT_PROFIT_TARGET_MET
2025-01-25 13:45:00,-66.46159999999963,9.682027499999165,1,EXIT_PROFIT_TARGET_MET
2025-01-25 13:50:00,-66.40819999999985,12.048314999999988,1,EXIT_PROFIT_TARGET_MET
2025-01-25 13:55:00,-66.35360000000037,14.467777499999059,1,EXIT_PROFIT_TARGET_MET
2025-01-25 14:00:00,-66.39800000000014,12.50030249999891,1,EXIT_PROFIT_TARGET_MET
2025-01-25 14:05:00,-66.39800000000014,12.50030249999891,1,EXIT_PROFIT_TARGET_MET
2025-01-25 14:10:00,-66.39800000000014,12.50030249999891,1,EXIT_PROFIT_TARGET_MET
2025-01-25 14:15:00,-66.2493999999997,19.08513999999994,1,EXIT_PROFIT_TARGET_MET
2025-01-25 14:20:00,-66.20840000000044,20.90195249999951,1,EXIT_PROFIT_TARGET_MET
2025-01-25 14:25:00,-66.10419999999976,25.519314999998855,1,EXIT_PROFIT_TARGET_MET
2025-01-25 14:30:00,-66.08560000000034,26.34352749999907,1,EXIT_PROFIT_TARGET_MET
2025-01-25 14:35:00,-66.10800000000017,25.350927499999713,1,EXIT_PROFIT_TARGET_MET
2025-01-25 14:40:00,-66.10800000000017,25.350927499999713,1,EXIT_PROFIT_TARGET_MET
2025-01-25 14:45:00,-66.20840000000044,20.90195249999951,1,EXIT_PROFIT_TARGET_MET
2025-01-25 14:50:00,-66.1810000000005,4.239835000000056,1,EXIT_PROFIT_TARGET_MET
2025-01-25 14:55:00,-66.04839999999967,9.295209999998605,1,EXIT_PROFIT_TARGET_MET
2025-01-25 15:00:00,-65.98679999999968,11.293654999998122,1,EXIT_PROFIT_TARGET_MET
2025-01-25 15:05:00,-65.81980000000021,21.698244687498317,1,EXIT_PROFIT_TARGET_MET
2025-01-25 15:10:00,-65.78139999999985,10.03567285156278,1,EXIT_PROFIT_TARGET_MET
2025-01-25 15:15:00,-65.8786,6.710665156249977,1,EXIT_PROFIT_TARGET_MET
2025-01-25 15:20:00,-65.8786,1.0747612499991348,1,EXIT_PROFIT_TARGET_MET
2025-01-25 15:25:00,-65.98300000000017,12.977437812501623,1,EXIT_PROFIT_TARGET_MET
2025-01-25 15:30:00,-65.89459999999963,8.835200625000411,1,EXIT_PROFIT_TARGET_MET
2025-01-25 15:35:00,-66.03440000000046,1.9852382421867771,1,EXIT_PROFIT_TARGET_MET
2025-01-25 15:40:00,-66.02580000000034,2.7110615624994967,1,EXIT_PROFIT_TARGET_MET
2025-01-25 15:45:00,-65.98440000000028,2.8931778124992285,1,EXIT_PROFIT_TARGET_MET
2025-01-25 15:50:00,-65.94959999999992,0.7938375488284141,1,EXIT_PROFIT_TARGET_MET
2025-01-25 15:55:00,-65.94959999999992,-7.516522173318746e-08,1,HOLD
2025-01-25 16:00:00,-66.00200000000041,1.7252407812479778,1,EXIT_PROFIT_TARGET_MET
2025-01-25 16:05:00,-66.01540000000023,-7.778600065648659e-08,1,HOLD
2025-01-25 16:10:00,-65.96000000000004,1.5382178906234198,1,EXIT_PROFIT_TARGET_MET
2025-01-25 16:15:00,-65.73720000000048,3.591112041015933,1,EXIT_PROFIT_TARGET_MET
2025-01-25 16:20:00,-65.77019999999993,5.574723124998826,1,EXIT_PROFIT_TARGET_MET
2025-01-25 16:25:00,-65.81999999999971,4.609888515624486,1,EXIT_PROFIT_TARGET_MET
2025-01-25 16:30:00,-65.79659999999967,9.416628046874658,1,EXIT_PROFIT_TARGET_MET
2025-01-25 16:35:00,-65.79740000000038,4.860696718749757,1,EXIT_PROFIT_TARGET_MET
2025-01-25 16:40:00,-65.79740000000038,2.427449062498283,1,EXIT_PROFIT_TARGET_MET
2025-01-25 16:45:00,-65.77739999999994,1.263150479645897e-09,1,EXIT_PROFIT_TARGET_MET
2025-01-25 16:50:00,-65.77739999999994,6.653761956840665e-09,1,EXIT_PROFIT_TARGET_MET
2025-01-25 16:55:00,-65.77739999999994,4.667199682444816e-09,1,EXIT_PROFIT_TARGET_MET
2025-01-25 17:00:00,-65.77739999999994,1.3934681192046622e-09,1,EXIT_PROFIT_TARGET_MET
2025-01-25 17:05:00,-65.77739999999994,-3.163663081068018e-08,1,NO_ACTION_FORCED_CUT_NO_TREND
2025-01-25 17:10:00,-65.80320000000029,-2.293919707881171e-08,1,NO_ACTION_FORCED_CUT_NO_TREND
2025-01-25 17:15:00,-65.78899999999976,1.2854216620326624e-08,1,EXIT_PROFIT_TARGET_MET
2025-01-25 17:20:00,-65.72019999999975,1.899492926895771e-08,1,EXIT_PROFIT_TARGET_MET
2025-01-25 17:25:00,-65.72019999999975,-360.66497552736035,-1,NO_VALID_ACTION_DEFENSIVE_AVG
2025-01-25 17:30:00,-65.84699999999975,-385.6000203710823,-1,NO_VALID_ACTION_DEFENSIVE_AVG
2025-01-25 17:35:00,-65.86819999999989,-423.0483643749942,-1,NO_VALID_ACTION_DEFENSIVE_AVG
2025-01-25 17:40:00,-65.78499999999985,-511.9151569921843,-1,NO_VALID_ACTION_DEFENSIVE_AVG
2025-01-25 17:45:00,-65.84839999999986,-1693.5601377490166,-1,NO_VALID_ACTION_DEFENSIVE_AVG
2025-01-25 17:50:00,-65.84839999999986,-1606.8463352587773,-1,NO_VALID_ACTION_DEFENSIVE_AVG
2025-01-25 17:55:00,-65.79320000000007,-507.16717613281435,-1,NO_VALID_ACTION_DEFENSIVE_AVG
2025-01-25 18:00:00,-65.79320000000007,-507.4875374609378,-1,NO_VALID_ACTION_DEFENSIVE_AVG
2025-01-25 18:05:00,-65.89819999999963,-269.16687015625286,-1,NO_VALID_ACTION_DEFENSIVE_AVG
2025-01-25 18:10:00,-65.90760000000046,0.07439293945311265,1,EXIT_PROFIT_TARGET_MET
2025-01-25 18:15:00,-66.00900000000001,0.004185322265622626,1,EXIT_PROFIT_TARGET_MET
2025-01-25 18:20:00,-65.8714,-408.1059987499877,-1,HOLD
2025-01-25 18:25:00,-65.8100000000004,-660.6962075585827,-1,NO_VALID_ACTION_DEFENSIVE_AVG
2025-01-25 18:30:00,-65.8105999999998,-662.6999339257706,-1,NO_VALID_ACTION_DEFENSIVE_AVG
2025-01-25 18:35:00,-65.6868000000004,-328.6712939453249,-1,NO_VALID_ACTION_DEFENSIVE_AVG
2025-01-25 18:40:00,-65.6868000000004,-339.264575195325,-1,NO_VALID_ACTION_DEFENSIVE_AVG
2025-01-25 18:45:00,-65.79520000000048,-686.5238331445296,-1,HOLD
2025-01-25 18:50:00,-65.79520000000048,-710.9353663476542,-1,HOLD
2025-01-25 18:55:00,-65.79520000000048,-757.8362647851552,-1,NO_VALID_ACTION_DEFENSIVE_AVG
2025-01-25 19:00:00,-65.84619999999995,-1588.0864662646602,-1,NO_VALID_ACTION_DEFENSIVE_AVG
2025-01-25 19:05:00,-65.84619999999995,-1549.5950526904371,-1,NO_VALID_ACTION_DEFENSIVE_AVG
2025-01-25 19:10:00,-65.84619999999995,-1588.9514418505967,-1,NO_VALID_ACTION_DEFENSIVE_AVG
2025-01-25 19:15:00,-65.84619999999995,-1588.9514418505967,-1,HOLD
2025-01-25 19:20:00,-65.84820000000036,-1588.9029418505538,-1,NO_VALID_ACTION_DEFENSIVE_AVG
2025-01-25 19:25:00,-65.84820000000036,-1588.9029418505538,-1,HOLD
2025-01-25 19:30:00,-65.79799999999977,-736.3361919335696,-1,HOLD
2025-01-25 19:35:00,-65.80439999999999,-715.9021198632552,-1,HOLD
2025-01-25 19:40:00,-65.76180000000022,-479.9931183202999,-1,HOLD
2025-01-25 19:45:00,-65.76180000000022,-496.5878351171759,-1,HOLD
2025-01-25 19:50:00,-65.65440000000035,-246.32858289062932,-1,HOLD
2025-01-25 19:55:00,-65.7543999999998,-456.46583003905175,-1,HOLD
2025-01-25 20:00:00,-65.53440000000046,-132.36470281249882,-1,HOLD
2025-01-25 20:05:00,-65.46839999999975,-73.7050324999999,-1,NO_VALID_ACTION_DEFENSIVE_AVG
2025-01-25 20:10:00,-65.63799999999992,-202.78694695312055,-1,NO_VALID_ACTION_DEFENSIVE_AVG
2025-01-25 20:15:00,-65.63799999999992,-189.14667351562062,-1,NO_VALID_ACTION_DEFENSIVE_AVG
2025-01-25 20:20:00,-65.6279999999997,-243.81146457031144,-1,NO_VALID_ACTION_DEFENSIVE_AVG
2025-01-25 20:25:00,-65.57399999999961,-145.9792179687512,-1,NO_VALID_ACTION_DEFENSIVE_AVG
2025-01-25 20:30:00,-65.54880000000048,-117.56206531249788,-1,NO_VALID_ACTION_DEFENSIVE_AVG
2025-01-25 20:35:00,-65.76959999999963,-340.318646054689,-1,NO_VALID_ACTION_DEFENSIVE_AVG
2025-01-25 20:40:00,-65.76959999999963,-337.7557554296884,-1,NO_VALID_ACTION_DEFENSIVE_AVG
2025-01-25 20:45:00,-65.8743999999997,-266.5952601171786,-1,ACTION_DEFENSIVE_AVG_LONG
2025-01-25 20:50:00,-65.84100000000035,-924.8433274584964,-1,ACTION_DEFENSIVE_AVG_LONG
2025-01-25 20:55:00,-65.89500000000044,-241.96591664062112,-1,NO_VALID_ACTION_DEFENSIVE_AVG
2025-01-25 21:00:00,-65.93000000000029,0.058883564453122705,1,EXIT_PROFIT_TARGET_MET
2025-01-25 21:05:00,-66.0,0.010416767578114161,1,EXIT_PROFIT_TARGET_MET
2025-01-25 21:10:00,-65.96699999999964,0.03326540039062775,1,EXIT_PROFIT_TARGET_MET
2025-01-25 21:15:00,-65.85300000000007,-311.6764708593734,-1,NO_VALID_ACTION_DEFENSIVE_AVG
2025-01-25 21:20:00,-65.85300000000007,-290.78891226562354,-1,NO_VALID_ACTION_DEFENSIVE_AVG
2025-01-25 21:25:00,-65.85300000000007,-292.8392247656231,-1,NO_VALID_ACTION_DEFENSIVE_AVG
2025-01-25 21:30:00,-65.85300000000007,-284.0292882421856,-1,NO_VALID_ACTION_DEFENSIVE_AVG
2025-01-25 21:35:00,-66.00600000000031,0.006262470703107148,1,EXIT_PROFIT_TARGET_MET
2025-01-25 21:40:00,-66.00600000000031,0.006262470703107148,1,EXIT_PROFIT_TARGET_MET
2025-01-25 21:45:00,-66.07279999999992,2.2103744149206856e-05,1,EXIT_PROFIT_TARGET_MET
2025-01-25 21:50:00,-66.20840000000044,5.833113007245896e-07,1,EXIT_PROFIT_TARGET_MET
2025-01-25 21:55:00,-66.20840000000044,5.833113007245896e-07,1,EXIT_PROFIT_TARGET_MET
2025-01-25 22:00:00,-66.08780000000024,2.0835953354834475e-05,1,EXIT_PROFIT_TARGET_MET
2025-01-25 22:05:00,-66.00600000000031,0.006262470703107148,1,EXIT_PROFIT_TARGET_MET
2025-01-25 22:10:00,-66.01460000000043,0.0003079785156061554,1,EXIT_PROFIT_TARGET_MET
2025-01-25 22:15:00,-66.01460000000043,0.0003079785156061554,1,EXIT_PROFIT_TARGET_MET
2025-01-25 22:20:00,-65.95660000000044,0.040466181640609666,1,EXIT_PROFIT_TARGET_MET
2025-01-25 22:25:00,-65.95660000000044,0.040466181640609666,1,EXIT_PROFIT_TARGET_MET
2025-01-25 22:30:00,-65.9369999999999,0.05403688476562185,1,EXIT_PROFIT_TARGET_MET
2025-01-25 22:35:00,-65.94000000000051,0.05195973632812134,1,EXIT_PROFIT_TARGET_MET
2025-01-25 22:40:00,-65.94000000000051,0.05195973632812134,1,EXIT_PROFIT_TARGET_MET
2025-01-25 22:45:00,-66.1256000000003,3.4264590777456357e-06,1,EXIT_PROFIT_TARGET_MET
2025-01-25 22:50:00,-66.11340000000018,1.2804611027241704e-06,1,EXIT_PROFIT_TARGET_MET
2025-01-25 22:55:00,-66.11319999999978,1.2849821150302721e-06,1,EXIT_PROFIT_TARGET_MET
2025-01-25 23:00:00,-66.11319999999978,1.2849821150302721e-06,1,EXIT_PROFIT_TARGET_MET
2025-01-25 23:05:00,-66.09360000000015,2.0731206536293197e-05,1,EXIT_PROFIT_TARGET_MET
2025-01-25 23:10:00,-66.09360000000015,2.0844228863716396e-05,1,EXIT_PROFIT_TARGET_MET
2025-01-25 23:15:00,-66.08179999999993,2.208068907260695e-05,1,EXIT_PROFIT_TARGET_MET
2025-01-25 23:20:00,-66.08179999999993,2.180467665195297e-05,1,EXIT_PROFIT_TARGET_MET
2025-01-25 23:25:00,-66.08179999999993,7.379353940486468e-05,1,EXIT_PROFIT_TARGET_MET
2025-01-25 23:30:00,-66.08179999999993,4.8361604213713696e-05,1,EXIT_PROFIT_TARGET_MET
2025-01-25 23:35:00,-66.07920000000013,0.1311563378906252,1,EXIT_PROFIT_TARGET_MET
2025-01-25 23:40:00,-66.07920000000013,0.2996676562499587,1,EXIT_PROFIT_TARGET_MET
2025-01-25 23:45:00,-66.1818000000003,0.5510089453123714,1,EXIT_PROFIT_TARGET_MET
2025-01-25 23:50:00,-66.1818000000003,0.5510089453123714,1,EXIT_PROFIT_TARGET_MET
2025-01-25 23:55:00,-66.10620000000017,1.0136159765624126,1,EXIT_PROFIT_TARGET_MET
2025-01-26 00:00:00,-66.14419999999973,1.703614853515619,1,EXIT_PROFIT_TARGET_MET
2025-01-26 00:05:00,-66.11099999999988,2.11634532226551,1,EXIT_PROFIT_TARGET_MET
2025-01-26 00:10:00,-66.03620000000046,0.13199876953124656,1,EXIT_PROFIT_TARGET_MET
2025-01-26 00:15:00,-65.97839999999997,3.0373310156249063,1,EXIT_PROFIT_TARGET_MET
2025-01-26 00:20:00,-66.07859999999982,6.906159785156003,1,EXIT_PROFIT_TARGET_MET
2025-01-26 00:25:00,-66.07859999999982,9.933412187499744,1,EXIT_PROFIT_TARGET_MET
2025-01-26 00:30:00,-66.1220000000003,0.5099235937496331,1,EXIT_PROFIT_TARGET_MET
2025-01-26 00:35:00,-66.07859999999982,6.471357500000654,1,EXIT_PROFIT_TARGET_MET
2025-01-26 00:40:00,-66.04880000000048,1.0146175000005329,1,EXIT_PROFIT_TARGET_MET
2025-01-26 00:45:00,-66.1846000000005,0.0014563096618657768,1,EXIT_PROFIT_TARGET_MET
2025-01-26 00:50:00,-66.20179999999982,0.0156857540130617,1,EXIT_PROFIT_TARGET_MET
2025-01-26 00:55:00,-66.36620000000039,0.010005202026366795,1,EXIT_PROFIT_TARGET_MET
2025-01-26 01:00:00,-66.33520000000044,0.005813041687010731,1,EXIT_PROFIT_TARGET_MET
2025-01-26 01:05:00,-66.20840000000044,0.005114382324218014,1,EXIT_PROFIT_TARGET_MET
2025-01-26 01:10:00,-66.47519999999986,0.003944656448364163,1,EXIT_PROFIT_TARGET_MET
2025-01-26 01:15:00,-66.60000000000036,6.775367736836652e-05,1,EXIT_PROFIT_TARGET_MET
2025-01-26 01:20:00,-66.8141999999998,0.01896574508666969,1,EXIT_PROFIT_TARGET_MET
2025-01-26 01:25:00,-66.70179999999982,0.017259817962646005,1,EXIT_PROFIT_TARGET_MET
2025-01-26 01:30:00,-66.8136000000004,0.014671918182372998,1,EXIT_PROFIT_TARGET_MET
2025-01-26 01:35:00,-66.79479999999967,0.015404054870605317,1,EXIT_PROFIT_TARGET_MET
2025-01-26 01:40:00,-66.69880000000012,0.00935277465820375,1,EXIT_PROFIT_TARGET_MET
2025-01-26 01:45:00,-66.69000000000051,0.004707851867675361,1,EXIT_PROFIT_TARGET_MET
2025-01-26 01:50:00,-66.79820000000018,0.012358285827638982,1,EXIT_PROFIT_TARGET_MET
2025-01-26 01:55:00,-66.76720000000023,0.0750100015258771,1,EXIT_PROFIT_TARGET_MET
2025-01-26 02:00:00,-66.72000000000025,0.15887896911621266,1,EXIT_PROFIT_TARGET_MET
2025-01-26 02:05:00,-66.7532000000001,0.39963779266358357,1,EXIT_PROFIT_TARGET_MET
2025-01-26 02:10:00,-66.8108000000002,0.6062808630371158,1,EXIT_PROFIT_TARGET_MET
2025-01-26 02:15:00,-66.88960000000043,1.0930303512573118,1,EXIT_PROFIT_TARGET_MET
2025-01-26 02:20:00,-66.71740000000045,0.22971236022949593,1,EXIT_PROFIT_TARGET_MET
2025-01-26 02:25:00,-66.83860000000004,5.797066214294418,1,EXIT_PROFIT_TARGET_MET
2025-01-26 02:30:00,-66.76299999999992,14.75944270751966,1,EXIT_PROFIT_TARGET_MET
2025-01-26 02:35:00,-66.84240000000045,24.745389978942324,1,EXIT_PROFIT_TARGET_MET
2025-01-26 02:40:00,-66.79200000000037,2.3160961132816102,1,EXIT_PROFIT_TARGET_MET
2025-01-26 02:45:00,-66.76059999999961,3.2656334814463652,1,EXIT_PROFIT_TARGET_MET
2025-01-26 02:50:00,-66.7502000000004,5.100810527343862,1,EXIT_PROFIT_TARGET_MET
2025-01-26 02:55:00,-66.78859999999986,1.573666386719343,1,EXIT_PROFIT_TARGET_MET
2025-01-26 03:00:00,-66.80799999999999,43.75867970703412,1,EXIT_PROFIT_TARGET_MET
2025-01-26 03:05:00,-66.82819999999992,41.56436882812471,1,EXIT_PROFIT_TARGET_MET
2025-01-26 03:10:00,-66.73239999999987,39.22732656250022,1,EXIT_PROFIT_TARGET_MET
2025-01-26 03:15:00,-66.71219999999994,26.17455078124988,1,EXIT_PROFIT_TARGET_MET
2025-01-26 03:20:00,-66.71540000000005,18.516901562500422,1,EXIT_PROFIT_TARGET_MET
2025-01-26 03:25:00,-66.83240000000023,5.022422500000616,1,EXIT_PROFIT_TARGET_MET
2025-01-26 03:30:00,-66.79460000000017,6.697435000000553,1,EXIT_PROFIT_TARGET_MET
2025-01-26 03:35:00,-66.69560000000001,0.2695156250014037,1,EXIT_PROFIT_TARGET_MET
2025-01-26 03:40:00,-66.69560000000001,1.3972746875011524,1,EXIT_PROFIT_TARGET_MET
2025-01-26 03:45:00,-66.69560000000001,0.015287438964844614,1,EXIT_PROFIT_TARGET_MET
2025-01-26 03:50:00,-66.82020000000011,0.0069958715820319095,1,EXIT_PROFIT_TARGET_MET
2025-01-26 03:55:00,-66.88259999999991,0.060565227050785264,1,EXIT_PROFIT_TARGET_MET
2025-01-26 04:00:00,-66.88259999999991,0.11272673339844486,1,EXIT_PROFIT_TARGET_MET
2025-01-26 04:05:00,-66.90099999999984,0.2927167578125007,1,EXIT_PROFIT_TARGET_MET
2025-01-26 04:10:00,-66.84280000000035,0.25918355468749965,1,EXIT_PROFIT_TARGET_MET
2025-01-26 04:15:00,-66.82420000000002,0.2484667578125086,1,EXIT_PROFIT_TARGET_MET
2025-01-26 04:20:00,-66.88339999999971,0.2825761328125105,1,EXIT_PROFIT_TARGET_MET
2025-01-26 04:25:00,-66.83579999999984,0.46566968750001125,1,EXIT_PROFIT_TARGET_MET
2025-01-26 04:30:00,-66.88860000000022,0.8600209765624296,1,EXIT_PROFIT_TARGET_MET
2025-01-26 04:35:00,-66.88860000000022,1.8616694531248807,1,EXIT_PROFIT_TARGET_MET
2025-01-26 04:40:00,-66.88860000000022,1.9656168749997889,1,EXIT_PROFIT_TARGET_MET
2025-01-26 04:45:00,-66.82660000000033,1.4064446875002972,1,EXIT_PROFIT_TARGET_MET
2025-01-26 04:50:00,-66.82359999999971,25.002492812498957,1,EXIT_PROFIT_TARGET_MET
2025-01-26 04:55:00,-66.84180000000015,11.267607499999713,1,EXIT_PROFIT_TARGET_MET
2025-01-26 05:00:00,-66.89099999999962,19.897211250000026,1,EXIT_PROFIT_TARGET_MET
2025-01-26 05:05:00,-66.82260000000042,29.42533875000035,1,EXIT_PROFIT_TARGET_MET
2025-01-26 05:10:00,-66.8779999999997,2.4943175000028646,1,EXIT_PROFIT_TARGET_MET
2025-01-26 05:15:00,-66.87660000000051,4.718428750000612,1,EXIT_PROFIT_TARGET_MET
2025-01-26 05:20:00,-66.87880000000041,3.6898159375013506,1,EXIT_PROFIT_TARGET_MET
2025-01-26 05:25:00,-66.87880000000041,3.6898159375013506,1,EXIT_PROFIT_TARGET_MET
2025-01-26 05:30:00,-66.8134,0.6589346875021107,1,EXIT_PROFIT_TARGET_MET
2025-01-26 05:35:00,-66.79100000000017,2.465292343750569,1,EXIT_PROFIT_TARGET_MET
2025-01-26 05:40:00,-66.79100000000017,2.465292343750569,1,EXIT_PROFIT_TARGET_MET
2025-01-26 05:45:00,-66.76779999999962,1.3535048437523294,1,EXIT_PROFIT_TARGET_MET
2025-01-26 05:50:00,-66.71900000000005,0.3803336718769721,1,EXIT_PROFIT_TARGET_MET
2025-01-26 05:55:00,-66.77419999999984,1.6602048437505417,1,EXIT_PROFIT_TARGET_MET
2025-01-26 06:00:00,-66.77739999999994,1.8135548437496958,1,EXIT_PROFIT_TARGET_MET
2025-01-26 06:05:00,-66.77739999999994,1.8135548437496958,1,EXIT_PROFIT_TARGET_MET
2025-01-26 06:10:00,-66.88280000000032,3.875190937498658,1,EXIT_PROFIT_TARGET_MET
2025-01-26 06:15:00,-66.96000000000004,1.230606874999694,1,EXIT_PROFIT_TARGET_MET
2025-01-26 06:20:00,-66.98700000000008,2.3966693750016645,1,EXIT_PROFIT_TARGET_MET
2025-01-26 06:25:00,-66.98700000000008,2.3966693750016645,1,EXIT_PROFIT_TARGET_MET
2025-01-26 06:30:00,-66.9962000000005,2.793994374999997,1,EXIT_PROFIT_TARGET_MET
2025-01-26 06:35:00,-66.89239999999972,4.3200909375007015,1,EXIT_PROFIT_TARGET_MET
2025-01-26 06:40:00,-66.86999999999989,3.281990937502222,1,EXIT_PROFIT_TARGET_MET
2025-01-26 06:45:00,-66.8738000000003,3.4580971875014868,1,EXIT_PROFIT_TARGET_MET
2025-01-26 06:50:00,-66.92060000000038,5.626984687500105,1,EXIT_PROFIT_TARGET_MET
2025-01-26 06:55:00,-66.77599999999984,1.7464642187497041,1,EXIT_PROFIT_TARGET_MET
2025-01-26 07:00:00,-66.77379999999994,1.641036093749932,1,EXIT_PROFIT_TARGET_MET
2025-01-26 07:05:00,-66.70640000000003,2.1840857958993842,1,EXIT_PROFIT_TARGET_MET
2025-01-26 07:10:00,-66.69000000000051,1.3730945849579568,1,EXIT_PROFIT_TARGET_MET
2025-01-26 07:15:00,-66.69000000000051,1.3730945849579568,1,EXIT_PROFIT_TARGET_MET
2025-01-26 07:20:00,-66.71619999999984,0.24394304687543134,1,EXIT_PROFIT_TARGET_MET
2025-01-26 07:25:00,-66.71619999999984,0.24394304687543134,1,EXIT_PROFIT_TARGET_MET
2025-01-26 07:30:00,-66.70579999999973,2.1544153857413813,1,EXIT_PROFIT_TARGET_MET
2025-01-26 07:35:00,-66.76080000000002,1.0180517187492697,1,EXIT_PROFIT_TARGET_MET
2025-01-26 07:40:00,-66.77080000000024,1.497270468751914,1,EXIT_PROFIT_TARGET_MET
2025-01-26 07:45:00,-66.77080000000024,1.497270468751914,1,EXIT_PROFIT_TARGET_MET
2025-01-26 07:50:00,-66.78539999999975,2.196929843749004,1,EXIT_PROFIT_TARGET_MET
2025-01-26 07:55:00,-66.79619999999977,2.7144860937483593,1,EXIT_PROFIT_TARGET_MET
2025-01-26 08:00:00,-66.88180000000011,3.828847187502433,1,EXIT_PROFIT_TARGET_MET
2025-01-26 08:05:00,-66.8734000000004,3.439559687499326,1,EXIT_PROFIT_TARGET_MET
2025-01-26 08:10:00,-66.85940000000028,2.790747187500884,1,EXIT_PROFIT_TARGET_MET
2025-01-26 08:15:00,-66.8114000000005,0.5662471875002595,1,EXIT_PROFIT_TARGET_MET
2025-01-26 08:20:00,-66.8114000000005,0.5662471875002595,1,EXIT_PROFIT_TARGET_MET
2025-01-26 08:25:00,-66.8145999999997,0.7145471875009193,1,EXIT_PROFIT_TARGET_MET
2025-01-26 08:30:00,-66.78099999999995,1.9860735937509943,1,EXIT_PROFIT_TARGET_MET
2025-01-26 08:35:00,-66.77120000000014,1.5164392187494542,1,EXIT_PROFIT_TARGET_MET
2025-01-26 08:40:00,-66.72820000000047,0.8284742968752035,1,EXIT_PROFIT_TARGET_MET
2025-01-26 08:45:00,-66.69520000000011,1.6302381396478622,1,EXIT_PROFIT_TARGET_MET
2025-01-26 08:50:00,-66.69520000000011,1.6302381396478622,1,EXIT_PROFIT_TARGET_MET
2025-01-26 08:55:00,-66.7467999999999,0.3471454687508242,1,EXIT_PROFIT_TARGET_MET
2025-01-26 09:00:00,-66.56580000000031,2.046332461759422e-08,1,EXIT_PROFIT_TARGET_MET
2025-01-26 09:05:00,-66.63060000000041,2.1926804911344015e-08,1,EXIT_PROFIT_TARGET_MET
2025-01-26 09:10:00,-66.64959999999974,2.2355911787599914e-08,1,EXIT_PROFIT_TARGET_MET
2025-01-26 09:15:00,-66.6898000000001,1.363204448242716,1,EXIT_PROFIT_TARGET_MET
2025-01-26 09:20:00,-66.64339999999993,2.221588743850584e-08,1,EXIT_PROFIT_TARGET_MET
2025-01-26 09:25:00,-66.55259999999998,1.9047413952648012e-07,1,EXIT_PROFIT_TARGET_MET
2025-01-26 09:30:00,-66.5564000000004,1.6399168409404008e-07,1,EXIT_PROFIT_TARGET_MET
2025-01-26 09:35:00,-66.43019999999979,5.743389204145103e-07,1,EXIT_PROFIT_TARGET_MET
2025-01-26 09:40:00,-66.43019999999979,1.5540844947100338e-06,1,EXIT_PROFIT_TARGET_MET
2025-01-26 09:45:00,-66.43019999999979,1.7115432024016497e-06,1,EXIT_PROFIT_TARGET_MET
2025-01-26 09:50:00,-66.39999999999964,2.342114090919862e-05,1,EXIT_PROFIT_TARGET_MET
2025-01-26 09:55:00,-66.34140000000025,6.573503732680563e-05,1,EXIT_PROFIT_TARGET_MET
2025-01-26 10:00:00,-66.36560000000009,0.00012219778537750413,1,EXIT_PROFIT_TARGET_MET
2025-01-26 10:05:00,-66.33700000000044,0.00021023709297180804,1,EXIT_PROFIT_TARGET_MET
2025-01-26 10:10:00,-66.33680000000004,0.00040437288284301794,1,EXIT_PROFIT_TARGET_MET
2025-01-26 10:15:00,-66.33839999999964,0.001403670921325673,1,EXIT_PROFIT_TARGET_MET
2025-01-26 10:20:00,-66.31919999999991,0.002449000320434498,1,EXIT_PROFIT_TARGET_MET
2025-01-26 10:25:00,-66.35199999999986,0.002811809387207237,1,EXIT_PROFIT_TARGET_MET
2025-01-26 10:30:00,-66.34299999999985,0.008184564132690217,1,EXIT_PROFIT_TARGET_MET
2025-01-26 10:35:00,-66.46640000000025,0.011150660018921512,1,EXIT_PROFIT_TARGET_MET
2025-01-26 10:40:00,-66.42960000000039,0.0005189622497558284,1,EXIT_PROFIT_TARGET_MET
2025-01-26 10:45:00,-66.53899999999976,0.01747363075256294,1,EXIT_PROFIT_TARGET_MET
2025-01-26 10:50:00,-66.52720000000045,0.01861967262268195,1,EXIT_PROFIT_TARGET_MET
2025-01-26 10:55:00,-66.45439999999962,0.004723672027587694,1,EXIT_PROFIT_TARGET_MET
2025-01-26 11:00:00,-66.48440000000028,0.0018553248596157451,1,EXIT_PROFIT_TARGET_MET
2025-01-26 11:05:00,-66.53340000000026,0.011597897949215619,1,EXIT_PROFIT_TARGET_MET
2025-01-26 11:10:00,-66.54719999999998,0.010570310058593102,1,EXIT_PROFIT_TARGET_MET
2025-01-26 11:15:00,-66.5586000000003,0.009721433105470023,1,EXIT_PROFIT_TARGET_MET
2025-01-26 11:20:00,-66.61120000000028,1.9662733789061706,1,EXIT_PROFIT_TARGET_MET
2025-01-26 11:25:00,-66.61120000000028,0.025746022338866484,1,EXIT_PROFIT_TARGET_MET
2025-01-26 11:30:00,-66.70160000000033,4.310092109373667,1,EXIT_PROFIT_TARGET_MET
2025-01-26 11:35:00,-66.71619999999984,7.591368750001152,1,EXIT_PROFIT_TARGET_MET
2025-01-26 11:40:00,-66.66120000000046,0.012487319335920927,1,EXIT_PROFIT_TARGET_MET
2025-01-26 11:45:00,-66.53060000000005,0.11238229003906344,1,EXIT_PROFIT_TARGET_MET
2025-01-26 11:50:00,-66.6261999999997,0.14525224975586667,1,EXIT_PROFIT_TARGET_MET
2025-01-26 11:55:00,-66.59000000000015,0.20150542358398355,1,EXIT_PROFIT_TARGET_MET
2025-01-26 12:00:00,-66.59820000000036,0.1224982177733619,1,EXIT_PROFIT_TARGET_MET
2025-01-26 12:05:00,-66.4409999999998,1.8992965234375188,1,EXIT_PROFIT_TARGET_MET
2025-01-26 12:10:00,-66.45420000000013,1.4465640624998208,1,EXIT_PROFIT_TARGET_MET
2025-01-26 12:15:00,-66.54179999999997,2.2854943750003827,1,EXIT_PROFIT_TARGET_MET
2025-01-26 12:20:00,-66.48880000000008,1.8906190625010453,1,EXIT_PROFIT_TARGET_MET
2025-01-26 12:25:00,-66.53340000000026,16.006040156250755,1,EXIT_PROFIT_TARGET_MET
2025-01-26 12:30:00,-66.52160000000003,0.4371690625008,1,EXIT_PROFIT_TARGET_MET
2025-01-26 12:35:00,-66.35019999999986,28.565025000001242,1,EXIT_PROFIT_TARGET_MET
2025-01-26 12:40:00,-66.42259999999987,22.29266124999944,1,EXIT_PROFIT_TARGET_MET
2025-01-26 12:45:00,-66.47100000000046,20.447411250002432,1,EXIT_PROFIT_TARGET_MET
2025-01-26 12:50:00,-66.4435999999996,21.492036250000808,1,EXIT_PROFIT_TARGET_MET
2025-01-26 12:55:00,-66.50939999999991,18.9834112500032,1,EXIT_PROFIT_TARGET_MET
2025-01-26 13:00:00,-66.65880000000016,13.287536250000784,1,EXIT_PROFIT_TARGET_MET
2025-01-26 13:05:00,-66.58200000000033,16.215536250000014,1,EXIT_PROFIT_TARGET_MET
2025-01-26 13:10:00,-66.52819999999974,18.26666125000085,1,EXIT_PROFIT_TARGET_MET
2025-01-26 13:15:00,-66.53859999999986,17.870161250001075,1,EXIT_PROFIT_TARGET_MET
2025-01-26 13:20:00,-66.59839999999986,18.730256250000565,1,EXIT_PROFIT_TARGET_MET
2025-01-26 13:25:00,-66.59119999999984,19.004756250000213,1,EXIT_PROFIT_TARGET_MET
2025-01-26 13:30:00,-66.63960000000043,3.8431141210938953,1,EXIT_PROFIT_TARGET_MET
2025-01-26 13:35:00,-66.73620000000028,1.184944659471521e-06,1,EXIT_PROFIT_TARGET_MET
2025-01-26 13:40:00,-66.92740000000049,1.387526810169181e-05,1,EXIT_PROFIT_TARGET_MET
2025-01-26 13:45:00,-66.92360000000008,1.3797013163566401e-05,1,EXIT_PROFIT_TARGET_MET
2025-01-26 13:50:00,-66.82939999999962,8.319507241248918e-06,1,EXIT_PROFIT_TARGET_MET
2025-01-26 13:55:00,-66.82939999999962,8.319507241248918e-06,1,EXIT_PROFIT_TARGET_MET
2025-01-26 14:00:00,-66.82939999999962,8.319507241248918e-06,1,EXIT_PROFIT_TARGET_MET
2025-01-26 14:05:00,-66.81800000000021,8.202124834060578e-06,1,EXIT_PROFIT_TARGET_MET
2025-01-26 14:10:00,-66.89239999999972,1.3154498934745983e-05,1,EXIT_PROFIT_TARGET_MET
2025-01-26 14:15:00,-66.84079999999994,8.436889648437457e-06,1,EXIT_PROFIT_TARGET_MET
2025-01-26 14:20:00,-66.9427999999998,1.6156077384948275e-07,1,EXIT_PROFIT_TARGET_MET
2025-01-26 14:25:00,-67.20719999999983,-787.0628776562489,-1,NO_VALID_ACTION_DEFENSIVE_AVG
2025-01-26 14:30:00,-67.15099999999984,-753.0100635937479,-1,NO_VALID_ACTION_DEFENSIVE_AVG
2025-01-26 14:35:00,-67.10260000000017,-2435.547975078117,-1,NO_VALID_ACTION_DEFENSIVE_AVG
2025-01-26 14:40:00,-67.13400000000001,-2310.474543203094,-1,NO_VALID_ACTION_DEFENSIVE_AVG
2025-01-26 14:45:00,-67.13400000000001,-2294.808874257781,-1,NO_VALID_ACTION_DEFENSIVE_AVG
2025-01-26 14:50:00,-67.02300000000014,1.5717470645904762e-06,1,EXIT_PROFIT_TARGET_MET
2025-01-26 14:55:00,-67.06620000000021,-2389.920269804692,-1,NO_VALID_ACTION_DEFENSIVE_AVG
2025-01-26 15:00:00,-67.02040000000034,1.5260303020472605e-06,1,EXIT_PROFIT_TARGET_MET
2025-01-26 15:05:00,-66.92939999999999,1.3916454911231559e-05,1,EXIT_PROFIT_TARGET_MET
2025-01-26 15:10:00,-66.92939999999999,1.3916454911231559e-05,1,EXIT_PROFIT_TARGET_MET
2025-01-26 15:15:00,-66.86719999999968,1.2635545134543958e-05,1,EXIT_PROFIT_TARGET_MET
2025-01-26 15:20:00,-66.86679999999978,1.2627307772636508e-05,1,EXIT_PROFIT_TARGET_MET
2025-01-26 15:25:00,-66.86679999999978,1.2627307772636508e-05,1,EXIT_PROFIT_TARGET_MET
2025-01-26 15:30:00,-66.78179999999975,7.829384207725621e-06,1,EXIT_PROFIT_TARGET_MET
2025-01-26 15:35:00,-66.78179999999975,7.829384207725621e-06,1,EXIT_PROFIT_TARGET_MET
2025-01-26 15:40:00,-66.79979999999978,8.014724850654569e-06,1,EXIT_PROFIT_TARGET_MET
2025-01-26 15:45:00,-66.9364000000005,4.902720451387528e-08,1,EXIT_PROFIT_TARGET_MET
2025-01-26 15:50:00,-66.92979999999989,1.3924692273139405e-05,1,EXIT_PROFIT_TARGET_MET
2025-01-26 15:55:00,-66.86380000000008,1.2565527558326579e-05,1,EXIT_PROFIT_TARGET_MET
2025-01-26 16:00:00,-66.7547999999997,7.551373243331932e-06,1,EXIT_PROFIT_TARGET_MET
2025-01-26 16:05:00,-66.86779999999999,1.2647901177406291e-05,1,EXIT_PROFIT_TARGET_MET
2025-01-26 16:10:00,-66.90200000000004,1.3352195620536639e-05,1,EXIT_PROFIT_TARGET_MET
2025-01-26 16:15:00,-66.89519999999993,1.3212160468101699e-05,1,EXIT_PROFIT_TARGET_MET
2025-01-26 16:20:00,-66.90139999999974,1.3339839577674702e-05,1,EXIT_PROFIT_TARGET_MET
2025-01-26 16:25:00,-66.85540000000037,1.239254295825934e-05,1,EXIT_PROFIT_TARGET_MET
2025-01-26 16:30:00,-66.85540000000037,1.239254295825934e-05,1,EXIT_PROFIT_TARGET_MET
2025-01-26 16:35:00,-66.82219999999961,1.1776628494262558e-05,1,EXIT_PROFIT_TARGET_MET
2025-01-26 16:40:00,-66.92860000000019,1.2897551059722737e-05,1,EXIT_PROFIT_TARGET_MET
2025-01-26 16:45:00,-66.90359999999964,1.1867880821227662e-05,1,EXIT_PROFIT_TARGET_MET
2025-01-26 16:50:00,-66.90359999999964,1.1867880821227662e-05,1,EXIT_PROFIT_TARGET_MET
2025-01-26 16:55:00,-66.86999999999989,1.0484004020690475e-05,1,EXIT_PROFIT_TARGET_MET
2025-01-26 17:00:00,-66.86999999999989,1.0484004020690475e-05,1,EXIT_PROFIT_TARGET_MET
2025-01-26 17:05:00,-66.83640000000014,9.10012722015347e-06,1,EXIT_PROFIT_TARGET_MET
2025-01-26 17:10:00,-66.83479999999963,9.034228324890396e-06,1,EXIT_PROFIT_TARGET_MET
2025-01-26 17:15:00,-66.83479999999963,9.034228324890396e-06,1,EXIT_PROFIT_TARGET_MET
2025-01-26 17:20:00,-66.78160000000025,6.843090057373182e-06,1,EXIT_PROFIT_TARGET_MET
2025-01-26 17:25:00,-66.72500000000036,4.511916637421211e-06,1,EXIT_PROFIT_TARGET_MET
2025-01-26 17:30:00,-66.65099999999984,1.464092731476955e-06,1,EXIT_PROFIT_TARGET_MET
2025-01-26 17:35:00,-66.71119999999974,3.943538665771682e-06,1,EXIT_PROFIT_TARGET_MET
2025-01-26 17:40:00,-66.71119999999974,3.943538665771682e-06,1,EXIT_PROFIT_TARGET_MET
2025-01-26 17:45:00,-66.73199999999997,4.800224304198907e-06,1,EXIT_PROFIT_TARGET_MET
2025-01-26 17:50:00,-66.73199999999997,4.082465171801231e-07,1,EXIT_PROFIT_TARGET_MET
2025-01-26 17:55:00,-66.78960000000006,6.769370913505722e-05,1,EXIT_PROFIT_TARGET_MET
2025-01-26 18:00:00,-66.77419999999984,1.4265112876894531e-05,1,EXIT_PROFIT_TARGET_MET
2025-01-26 18:05:00,-66.8706000000002,6.625685691831907e-05,1,EXIT_PROFIT_TARGET_MET
2025-01-26 18:10:00,-66.75879999999961,0.00010930723190306739,1,EXIT_PROFIT_TARGET_MET
2025-01-26 18:15:00,-66.76959999999963,0.0006937403106689376,1,EXIT_PROFIT_TARGET_MET
2025-01-26 18:20:00,-66.68019999999979,0.0025640486907959684,1,EXIT_PROFIT_TARGET_MET
2025-01-26 18:25:00,-66.6246000000001,0.0012846817016600523,1,EXIT_PROFIT_TARGET_MET
2025-01-26 18:30:00,-66.4952000000003,0.009824428863525397,1,EXIT_PROFIT_TARGET_MET
2025-01-26 18:35:00,-66.54579999999987,0.014686167602539185,1,EXIT_PROFIT_TARGET_MET
2025-01-26 18:40:00,-66.54579999999987,0.024956682128905783,1,EXIT_PROFIT_TARGET_MET
2025-01-26 18:45:00,-66.51699999999983,0.061587818603517114,1,EXIT_PROFIT_TARGET_MET
2025-01-26 18:50:00,-66.61040000000048,0.053239514160150214,1,EXIT_PROFIT_TARGET_MET
2025-01-26 18:55:00,-66.65040000000045,0.1514495800781217,1,EXIT_PROFIT_TARGET_MET
2025-01-26 19:00:00,-66.60059999999976,0.26973381835937915,1,EXIT_PROFIT_TARGET_MET
2025-01-26 19:05:00,-66.60059999999976,0.21948887695312658,1,EXIT_PROFIT_TARGET_MET
2025-01-26 19:10:00,-66.60059999999976,0.667206630859378,1,EXIT_PROFIT_TARGET_MET
2025-01-26 19:15:00,-66.5632000000005,0.43680068359374347,1,EXIT_PROFIT_TARGET_MET
2025-01-26 19:20:00,-66.40419999999995,1.2327961230469433,1,EXIT_PROFIT_TARGET_MET
2025-01-26 19:25:00,-66.15959999999995,1.8932267822266882,1,EXIT_PROFIT_TARGET_MET
2025-01-26 19:30:00,-66.11020000000008,3.488145581054877,1,EXIT_PROFIT_TARGET_MET
2025-01-26 19:35:00,-66.1221999999998,8.461738842773599,1,EXIT_PROFIT_TARGET_MET
2025-01-26 19:40:00,-65.97800000000007,10.322131752930112,1,EXIT_PROFIT_TARGET_MET
2025-01-26 19:45:00,-66.04640000000018,13.701185268554445,1,EXIT_PROFIT_TARGET_MET
2025-01-26 19:50:00,-65.9966000000004,11.24099718261774,1,EXIT_PROFIT_TARGET_MET
2025-01-26 19:55:00,-65.9966000000004,4.8883573828113285,1,EXIT_PROFIT_TARGET_MET
2025-01-26 20:00:00,-65.98900000000049,14.755293789063305,1,EXIT_PROFIT_TARGET_MET
2025-01-26 20:05:00,-65.98900000000049,8.862775156250747,1,EXIT_PROFIT_TARGET_MET
2025-01-26 20:10:00,-65.98900000000049,5.910863964841441,1,EXIT_PROFIT_TARGET_MET
2025-01-26 20:15:00,-65.98900000000049,5.910863964841441,1,EXIT_PROFIT_TARGET_MET
2025-01-26 20:20:00,-66.0586000000003,11.867522890622702,1,EXIT_PROFIT_TARGET_MET
2025-01-26 20:25:00,-66.10419999999976,1.203230624999513,1,EXIT_PROFIT_TARGET_MET
2025-01-26 20:30:00,-66.10419999999976,1.203230624999513,1,EXIT_PROFIT_TARGET_MET
2025-01-26 20:35:00,-66.10419999999976,1.203230624999513,1,EXIT_PROFIT_TARGET_MET
2025-01-26 20:40:00,-65.98220000000038,8.11586507812454,1,EXIT_PROFIT_TARGET_MET
2025-01-26 20:45:00,-65.98220000000038,8.11586507812454,1,EXIT_PROFIT_TARGET_MET
2025-01-26 20:50:00,-65.9980000000005,8.891731484373647,1,EXIT_PROFIT_TARGET_MET
2025-01-26 20:55:00,-65.9980000000005,8.891731484373647,1,EXIT_PROFIT_TARGET_MET
2025-01-26 21:00:00,-66.14900000000034,3.2794306249994776,1,EXIT_PROFIT_TARGET_MET
2025-01-26 21:05:00,-66.1176000000005,10.933597031249256,1,EXIT_PROFIT_TARGET_MET
2025-01-26 21:10:00,-66.1176000000005,5.792762499999739,1,EXIT_PROFIT_TARGET_MET
2025-01-26 21:15:00,-66.17579999999998,4.488481250000348,1,EXIT_PROFIT_TARGET_MET
2025-01-26 21:20:00,-66.33200000000033,42.65693749999935,1,EXIT_PROFIT_TARGET_MET
2025-01-26 21:25:00,-66.33200000000033,27.875362500000634,1,EXIT_PROFIT_TARGET_MET
2025-01-26 21:30:00,-66.24139999999989,7.500582500000064,1,EXIT_PROFIT_TARGET_MET
2025-01-26 21:35:00,-66.24139999999989,18.04259732177667,1,EXIT_PROFIT_TARGET_MET
2025-01-26 21:40:00,-66.20340000000033,8.842089033201812,1,EXIT_PROFIT_TARGET_MET
2025-01-26 21:45:00,-66.15459999999985,41.68186712890821,1,EXIT_PROFIT_TARGET_MET
2025-01-26 21:50:00,-66.15459999999985,48.557523242188246,1,EXIT_PROFIT_TARGET_MET
2025-01-26 21:55:00,-66.26900000000023,52.19785528320286,1,EXIT_PROFIT_TARGET_MET
2025-01-26 22:00:00,-66.17399999999998,50.40649087890629,1,EXIT_PROFIT_TARGET_MET
2025-01-26 22:05:00,-66.05919999999969,46.15603761718994,1,EXIT_PROFIT_TARGET_MET
2025-01-26 22:10:00,-66.05919999999969,0.02592468750092536,1,EXIT_PROFIT_TARGET_MET
2025-01-26 22:15:00,-66.1225999999997,3.2106728124986006,1,EXIT_PROFIT_TARGET_MET
2025-01-26 22:20:00,-66.1225999999997,6.530147499999828,1,EXIT_PROFIT_TARGET_MET
2025-01-26 22:25:00,-66.09839999999986,55.08714250000064,1,EXIT_PROFIT_TARGET_MET
2025-01-26 22:30:00,-66.00900000000001,35.67741250000009,1,EXIT_PROFIT_TARGET_MET
2025-01-26 22:35:00,-66.07759999999962,31.604282499997964,1,EXIT_PROFIT_TARGET_MET
2025-01-26 22:40:00,-66.05580000000009,54.33364000000057,1,EXIT_PROFIT_TARGET_MET
2025-01-26 22:45:00,-66.05580000000009,60.183206249999074,1,EXIT_PROFIT_TARGET_MET
2025-01-26 22:50:00,-66.11459999999988,22.07912250000055,1,EXIT_PROFIT_TARGET_MET
2025-01-26 22:55:00,-66.16660000000047,36.04739999999953,1,EXIT_PROFIT_TARGET_MET
2025-01-26 23:00:00,-66.16660000000047,34.47738124999981,1,EXIT_PROFIT_TARGET_MET
2025-01-26 23:05:00,-66.15760000000046,39.987696249999715,1,EXIT_PROFIT_TARGET_MET
2025-01-26 23:10:00,-66.02379999999994,0.8370237500012934,1,EXIT_PROFIT_TARGET_MET
2025-01-26 23:15:00,-66.08280000000013,11.534572500001588,1,EXIT_PROFIT_TARGET_MET
2025-01-26 23:20:00,-66.10180000000037,13.68661999999992,1,EXIT_PROFIT_TARGET_MET
2025-01-26 23:25:00,-66.01119999999992,11.806497500000233,1,EXIT_PROFIT_TARGET_MET
2025-01-26 23:30:00,-66.07579999999962,34.82276937500082,1,EXIT_PROFIT_TARGET_MET
2025-01-26 23:35:00,-66.10639999999967,24.799755625000444,1,EXIT_PROFIT_TARGET_MET
2025-01-26 23:40:00,-66.13360000000011,8.001157500000716,1,EXIT_PROFIT_TARGET_MET
2025-01-26 23:45:00,-66.13360000000011,41.96784125000019,1,EXIT_PROFIT_TARGET_MET
2025-01-26 23:50:00,-66.1242000000002,17.551016250000657,1,EXIT_PROFIT_TARGET_MET
2025-01-26 23:55:00,-66.15520000000015,20.88206874999966,1,EXIT_PROFIT_TARGET_MET
2025-01-27 00:00:00,-66.09439999999995,2.5854749999999456,1,EXIT_PROFIT_TARGET_MET
2025-01-27 00:05:00,-66.05699999999979,15.250070000001813,1,EXIT_PROFIT_TARGET_MET
2025-01-27 00:10:00,-66.05699999999979,19.946113750000706,1,EXIT_PROFIT_TARGET_MET
2025-01-27 00:15:00,-66.05699999999979,21.509311250000252,1,EXIT_PROFIT_TARGET_MET
2025-01-27 00:20:00,-66.02959999999985,12.0771762500016,1,EXIT_PROFIT_TARGET_MET
2025-01-27 00:25:00,-66.02959999999985,19.613206250001014,1,EXIT_PROFIT_TARGET_MET
2025-01-27 00:30:00,-66.02959999999985,30.31654999999938,1,EXIT_PROFIT_TARGET_MET
2025-01-27 00:35:00,-66.0681999999997,83.34813625000018,1,EXIT_PROFIT_TARGET_MET
2025-01-27 00:40:00,-66.10120000000006,33.48145500000015,1,EXIT_PROFIT_TARGET_MET
2025-01-27 00:45:00,-66.1286,6.466594999999984,1,EXIT_PROFIT_TARGET_MET
2025-01-27 00:50:00,-66.22400000000016,0.09068624999844133,1,EXIT_PROFIT_TARGET_MET
2025-01-27 00:55:00,-66.23999999999978,6.880797499999659,1,EXIT_PROFIT_TARGET_MET
2025-01-27 01:00:00,-66.20420000000013,32.12698187499946,1,EXIT_PROFIT_TARGET_MET
2025-01-27 01:05:00,-66.26360000000022,22.1048362499983,1,EXIT_PROFIT_TARGET_MET
2025-01-27 01:10:00,-66.26360000000022,29.905580000000754,1,EXIT_PROFIT_TARGET_MET
2025-01-27 01:15:00,-66.42460000000028,0.4007000000004268,1,EXIT_PROFIT_TARGET_MET
2025-01-27 01:20:00,-66.35480000000007,37.3373287499993,1,EXIT_PROFIT_TARGET_MET
2025-01-27 01:25:00,-66.33799999999974,79.89558625000029,1,EXIT_PROFIT_TARGET_MET
2025-01-27 01:30:00,-66.34479999999985,26.527280000000644,1,EXIT_PROFIT_TARGET_MET
2025-01-27 01:35:00,-66.33420000000024,15.753827500001421,1,EXIT_PROFIT_TARGET_MET
2025-01-27 01:40:00,-66.2448000000004,48.276191249999044,1,EXIT_PROFIT_TARGET_MET
2025-01-27 01:45:00,-66.26580000000013,12.60854500000056,1,EXIT_PROFIT_TARGET_MET
2025-01-27 01:50:00,-66.3137999999999,9.501940000000786,1,EXIT_PROFIT_TARGET_MET
2025-01-27 01:55:00,-66.3185999999996,80.5485000000001,1,EXIT_PROFIT_TARGET_MET
2025-01-27 02:00:00,-66.27620000000024,15.287997500000188,1,EXIT_PROFIT_TARGET_MET
2025-01-27 02:05:00,-66.27620000000024,28.05231999999762,1,EXIT_PROFIT_TARGET_MET
2025-01-27 02:10:00,-66.20840000000044,21.116829999999624,1,EXIT_PROFIT_TARGET_MET
2025-01-27 02:15:00,-66.20240000000013,59.210608750000375,1,EXIT_PROFIT_TARGET_MET
2025-01-27 02:20:00,-66.1869999999999,12.892429999999877,1,EXIT_PROFIT_TARGET_MET
2025-01-27 02:25:00,-66.22500000000036,3.621817500001498,1,EXIT_PROFIT_TARGET_MET
2025-01-27 02:30:00,-66.35860000000048,12.276270000000125,1,EXIT_PROFIT_TARGET_MET
2025-01-27 02:35:00,-66.3132000000005,11.938356250000027,1,EXIT_PROFIT_TARGET_MET
2025-01-27 02:40:00,-66.3132000000005,152.0007625000013,1,EXIT_PROFIT_TARGET_MET
2025-01-27 02:45:00,-66.35379999999986,98.7562975000007,1,EXIT_PROFIT_TARGET_MET
2025-01-27 02:50:00,-66.35379999999986,96.23985000000084,1,EXIT_PROFIT_TARGET_MET
2025-01-27 02:55:00,-66.34240000000045,29.20330500000074,1,EXIT_PROFIT_TARGET_MET
2025-01-27 03:00:00,-66.35080000000016,95.25519249999985,1,EXIT_PROFIT_TARGET_MET
2025-01-27 03:05:00,-66.35459999999966,115.38763500000113,1,EXIT_PROFIT_TARGET_MET
2025-01-27 03:10:00,-66.40859999999975,90.18865000000085,1,EXIT_PROFIT_TARGET_MET
2025-01-27 03:15:00,-66.42060000000038,41.178382500000566,1,EXIT_PROFIT_TARGET_MET
2025-01-27 03:20:00,-66.40319999999974,40.75643249999922,1,EXIT_PROFIT_TARGET_MET
2025-01-27 03:25:00,-66.40539999999964,40.8097824999989,1,EXIT_PROFIT_TARGET_MET
2025-01-27 03:30:00,-66.52819999999974,43.78768249999962,1,EXIT_PROFIT_TARGET_MET
2025-01-27 03:35:00,-66.55479999999989,44.43273249999959,1,EXIT_PROFIT_TARGET_MET
2025-01-27 03:40:00,-66.60940000000028,45.75678250000095,1,EXIT_PROFIT_TARGET_MET
2025-01-27 03:45:00,-66.79100000000017,50.160582500000146,1,EXIT_PROFIT_TARGET_MET
2025-01-27 03:50:00,-66.85800000000017,51.78533250000186,1,EXIT_PROFIT_TARGET_MET
2025-01-27 03:55:00,-66.85800000000017,51.78533250000186,1,EXIT_PROFIT_TARGET_MET
2025-01-27 04:00:00,-66.73199999999997,48.72983250000095,1,EXIT_PROFIT_TARGET_MET
2025-01-27 04:05:00,-66.80000000000018,50.37883249999908,1,EXIT_PROFIT_TARGET_MET
2025-01-27 04:10:00,-66.72839999999997,48.64253250000087,1,EXIT_PROFIT_TARGET_MET
2025-01-27 04:15:00,-66.74499999999989,49.04508249999833,1,EXIT_PROFIT_TARGET_MET
2025-01-27 04:20:00,-66.70660000000044,48.11388249999965,1,EXIT_PROFIT_TARGET_MET
2025-01-27 04:25:00,-66.78780000000006,50.08298250000098,1,EXIT_PROFIT_TARGET_MET
2025-01-27 04:30:00,-66.78780000000006,50.08298250000098,1,EXIT_PROFIT_TARGET_MET
2025-01-27 04:35:00,-66.78480000000036,50.01023250000151,1,EXIT_PROFIT_TARGET_MET
2025-01-27 04:40:00,-66.86300000000028,51.90658249999876,1,EXIT_PROFIT_TARGET_MET
2025-01-27 04:45:00,-66.78279999999995,49.96173249999947,1,EXIT_PROFIT_TARGET_MET
2025-01-27 04:50:00,-66.77059999999983,49.66588250000035,1,EXIT_PROFIT_TARGET_MET
2025-01-27 04:55:00,-66.77160000000003,49.690132499999834,1,EXIT_PROFIT_TARGET_MET
2025-01-27 05:00:00,-66.77160000000003,49.690132499999834,1,EXIT_PROFIT_TARGET_MET
2025-01-27 05:05:00,-66.77499999999964,49.772582499999714,1,EXIT_PROFIT_TARGET_MET
2025-01-27 05:10:00,-66.73019999999997,48.68618249999963,1,EXIT_PROFIT_TARGET_MET
2025-01-27 05:15:00,-66.74139999999989,48.95778249999978,1,EXIT_PROFIT_TARGET_MET
2025-01-27 05:20:00,-66.60940000000028,45.75678250000095,1,EXIT_PROFIT_TARGET_MET
2025-01-27 05:25:00,-66.61359999999968,45.8586324999996,1,EXIT_PROFIT_TARGET_MET
2025-01-27 05:30:00,-66.63559999999961,46.39213250000205,1,EXIT_PROFIT_TARGET_MET
2025-01-27 05:35:00,-66.6851999999999,47.59493250000037,1,EXIT_PROFIT_TARGET_MET
2025-01-27 05:40:00,-66.66240000000016,47.04203249999864,1,EXIT_PROFIT_TARGET_MET
2025-01-27 05:45:00,-66.71320000000014,48.27393250000023,1,EXIT_PROFIT_TARGET_MET
2025-01-27 05:50:00,-66.8108000000002,50.64073250000138,1,EXIT_PROFIT_TARGET_MET
2025-01-27 05:55:00,-66.76540000000023,49.539782500001195,1,EXIT_PROFIT_TARGET_MET
2025-01-27 06:00:00,-66.72980000000007,55.68754750000022,1,EXIT_PROFIT_TARGET_MET
2025-01-27 06:05:00,-66.76620000000003,76.1853775000007,1,EXIT_PROFIT_TARGET_MET
2025-01-27 06:10:00,-66.76620000000003,101.29734749999864,1,EXIT_PROFIT_TARGET_MET
2025-01-27 06:15:00,-66.76620000000003,94.1414524999999,1,EXIT_PROFIT_TARGET_MET
2025-01-27 06:20:00,-66.76620000000003,67.06854999999945,1,EXIT_PROFIT_TARGET_MET
2025-01-27 06:25:00,-66.76620000000003,86.27666000000175,1,EXIT_PROFIT_TARGET_MET
2025-01-27 06:30:00,-66.72400000000016,84.95514500000064,1,EXIT_PROFIT_TARGET_MET
2025-01-27 06:35:00,-66.68339999999989,58.934894999998846,1,EXIT_PROFIT_TARGET_MET
2025-01-27 06:40:00,-66.73520000000008,74.04635749999966,1,EXIT_PROFIT_TARGET_MET
2025-01-27 06:45:00,-66.6902,117.57065000000006,1,EXIT_PROFIT_TARGET_MET
2025-01-27 06:50:00,-66.60940000000028,108.44731999999988,1,EXIT_PROFIT_TARGET_MET
2025-01-27 06:55:00,-66.57960000000003,142.74525000000068,1,EXIT_PROFIT_TARGET_MET
2025-01-27 07:00:00,-66.4382000000005,101.97168249999851,1,EXIT_PROFIT_TARGET_MET
2025-01-27 07:05:00,-66.38159999999971,35.33678749999916,1,EXIT_PROFIT_TARGET_MET
2025-01-27 07:10:00,-66.28579999999965,31.255450000000792,1,EXIT_PROFIT_TARGET_MET
2025-01-27 07:15:00,-66.23800000000028,7.336535000001902,1,EXIT_PROFIT_TARGET_MET
2025-01-27 07:20:00,-66.35120000000006,39.76390499999832,1,EXIT_PROFIT_TARGET_MET
2025-01-27 07:25:00,-66.35120000000006,22.321002499998826,1,EXIT_PROFIT_TARGET_MET
2025-01-27 07:30:00,-66.2480000000005,93.80449249999987,1,EXIT_PROFIT_TARGET_MET
2025-01-27 07:35:00,-66.23999999999978,61.06757250000089,1,EXIT_PROFIT_TARGET_MET
2025-01-27 07:40:00,-66.10159999999996,57.03890499999966,1,EXIT_PROFIT_TARGET_MET
2025-01-27 07:45:00,-65.95399999999972,71.47668249999913,1,EXIT_PROFIT_TARGET_MET
2025-01-27 07:50:00,-66.0011999999997,50.645517500001574,1,EXIT_PROFIT_TARGET_MET
2025-01-27 07:55:00,-66.0,28.158810000001097,1,EXIT_PROFIT_TARGET_MET
2025-01-27 08:00:00,-65.89999999999964,82.72714750000051,1,EXIT_PROFIT_TARGET_MET
2025-01-27 08:05:00,-65.65440000000035,79.42214999999891,1,EXIT_PROFIT_TARGET_MET
2025-01-27 08:10:00,-65.82340000000022,86.19641250000109,1,EXIT_PROFIT_TARGET_MET
2025-01-27 08:15:00,-65.95380000000023,64.82847249999998,1,EXIT_PROFIT_TARGET_MET
2025-01-27 08:20:00,-65.9409999999998,27.39450500000123,1,EXIT_PROFIT_TARGET_MET
2025-01-27 08:25:00,-65.9960000000001,36.87109500000156,1,EXIT_PROFIT_TARGET_MET
2025-01-27 08:30:00,-66.07579999999962,9.082614999999976,1,EXIT_PROFIT_TARGET_MET
2025-01-27 08:35:00,-66.03120000000035,6.866266590077424e-07,1,EXIT_PROFIT_TARGET_MET
2025-01-27 08:40:00,-66.13400000000001,1.3610309106297701e-06,1,EXIT_PROFIT_TARGET_MET
2025-01-27 08:45:00,-66.17399999999998,1.2459795526228862e-06,1,EXIT_PROFIT_TARGET_MET
2025-01-27 08:50:00,-66.0564000000004,1.135344882495687e-06,1,EXIT_PROFIT_TARGET_MET
2025-01-27 08:55:00,-65.8100000000004,-63.07962750000104,1,HOLD
2025-01-27 09:00:00,-65.70060000000012,-63.48615250000006,1,HOLD
2025-01-27 09:05:00,-65.38780000000042,-85.05585000000019,-1,HOLD
2025-01-27 09:10:00,-65.34240000000045,-83.88680000000022,-1,HOLD
2025-01-27 09:15:00,-65.13299999999981,-71.12390500000004,-1,HOLD
2025-01-27 09:20:00,-64.92060000000038,-64.23960500000044,1,HOLD
2025-01-27 09:25:00,-65.02019999999993,-66.80430500000034,-1,HOLD
2025-01-27 09:30:00,-64.88240000000042,-62.73345500000016,1,HOLD
2025-01-27 09:35:00,-64.80519999999979,-61.07555500000012,1,HOLD
2025-01-27 09:40:00,-64.70840000000044,-58.58295500000054,1,HOLD
2025-01-27 09:45:00,-64.83479999999963,-63.892754999999624,1,HOLD
2025-01-27 09:50:00,-64.7514000000001,-62.472705000000246,1,HOLD
2025-01-27 09:55:00,-64.62880000000041,-59.22075500000051,1,HOLD
2025-01-27 10:00:00,-64.67860000000019,-60.50310499999989,1,HOLD
2025-01-27 10:05:00,-64.98459999999977,-68.3826049999999,-1,HOLD
2025-01-27 10:10:00,-64.83619999999974,-62.943805,1,HOLD
2025-01-27 10:15:00,-64.61319999999978,-57.20155499999953,1,HOLD
2025-01-27 10:20:00,-64.48400000000038,-53.87465499999996,1,HOLD
2025-01-27 10:25:00,-64.57939999999962,-58.42870499999958,1,HOLD
2025-01-27 10:30:00,-64.54219999999987,-57.470805000000155,1,HOLD
2025-01-27 10:35:00,-64.57539999999972,-59.77320499999985,1,HOLD
2025-01-27 10:40:00,-64.52379999999994,-59.09950500000002,1,HOLD
2025-01-27 10:45:00,-64.41840000000047,-56.38545500000032,1,HOLD
2025-01-27 10:50:00,-64.41460000000006,-55.98760500000037,1,HOLD
2025-01-27 10:55:00,-64.41460000000006,-55.295105000000376,1,HOLD
2025-01-27 11:00:00,-64.34979999999996,-53.62650499999995,1,HOLD
2025-01-27 11:05:00,-64.25740000000042,-51.14470500000016,1,HOLD
2025-01-27 11:10:00,-63.87079999999969,-84.64453218749985,-1,HOLD
2025-01-27 11:15:00,-64.0586000000003,-52.75821250000155,1,HOLD
2025-01-27 11:20:00,-64.25619999999981,-51.563805,1,HOLD
2025-01-27 11:25:00,-64.25520000000051,-52.100555000000554,1,HOLD
2025-01-27 11:30:00,-64.29020000000037,-53.084305000000654,1,HOLD
2025-01-27 11:35:00,-64.34659999999985,-56.099104999999895,1,HOLD
2025-01-27 11:40:00,-64.1814000000004,-65.85406250000113,-1,NO_VALID_ACTION_DEFENSIVE_AVG
2025-01-27 11:45:00,-64.11560000000009,-63.43971250000135,1,NO_VALID_ACTION_DEFENSIVE_AVG
2025-01-27 11:50:00,-64.11560000000009,-66.23533750000149,-1,NO_VALID_ACTION_DEFENSIVE_AVG
2025-01-27 11:55:00,-64.10580000000027,-66.14611249999996,-1,NO_VALID_ACTION_DEFENSIVE_AVG
2025-01-27 12:00:00,-63.796800000000076,-110.99586531250019,-1,NO_VALID_ACTION_DEFENSIVE_AVG
2025-01-27 12:05:00,-63.89440000000013,-103.8189509375004,-1,NO_VALID_ACTION_DEFENSIVE_AVG
2025-01-27 12:10:00,-63.85320000000047,-68.7359837500012,-1,NO_VALID_ACTION_DEFENSIVE_AVG
2025-01-27 12:15:00,-63.8082000000004,-63.04629625000099,1,NO_VALID_ACTION_DEFENSIVE_AVG
2025-01-27 12:20:00,-63.70759999999973,-161.06563617187126,-1,NO_VALID_ACTION_DEFENSIVE_AVG
2025-01-27 12:25:00,-63.909599999999955,-77.60471562499946,-1,NO_VALID_ACTION_DEFENSIVE_AVG
2025-01-27 12:30:00,-63.5614000000005,-166.5558689843797,-1,NO_VALID_ACTION_DEFENSIVE_AVG
2025-01-27 12:35:00,-63.57679999999982,-156.91443070312613,-1,NO_VALID_ACTION_DEFENSIVE_AVG
2025-01-27 12:40:00,-63.87079999999969,-102.79359468749945,-1,NO_VALID_ACTION_DEFENSIVE_AVG
2025-01-27 12:45:00,-63.757800000000316,-159.6957275781317,-1,NO_VALID_ACTION_DEFENSIVE_AVG
2025-01-27 12:50:00,-63.56500000000051,-154.1331197656291,-1,HOLD
2025-01-27 12:55:00,-63.63879999999972,-156.03346976562892,-1,HOLD
2025-01-27 13:00:00,-63.53219999999965,-180.57407851562667,-1,ACTION_DEFENSIVE_AVG_LONG
2025-01-27 13:05:00,-63.6864000000005,-187.44933789062446,-1,HOLD
2025-01-27 13:10:00,-63.865999999999985,-102.77193656250054,-1,NO_VALID_ACTION_DEFENSIVE_AVG
2025-01-27 13:15:00,-63.86400000000049,-116.33856156250215,-1,NO_VALID_ACTION_DEFENSIVE_AVG
2025-01-27 13:20:00,-63.97360000000026,-76.33475250000077,-1,NO_VALID_ACTION_DEFENSIVE_AVG
2025-01-27 13:25:00,-63.82039999999961,-109.68691546875203,-1,NO_VALID_ACTION_DEFENSIVE_AVG
2025-01-27 13:30:00,-63.71259999999984,-169.50031601562887,-1,NO_VALID_ACTION_DEFENSIVE_AVG
2025-01-27 13:35:00,-63.71320000000014,-203.17506289062976,-1,NO_VALID_ACTION_DEFENSIVE_AVG
2025-01-27 13:40:00,-63.71320000000014,-172.59123476562846,-1,NO_VALID_ACTION_DEFENSIVE_AVG
2025-01-27 13:45:00,-63.660799999999654,-211.2230285156288,-1,NO_VALID_ACTION_DEFENSIVE_AVG
2025-01-27 13:50:00,-63.660799999999654,6.0763330459607514e-05,1,EXIT_PROFIT_TARGET_MET
2025-01-27 13:55:00,-63.660799999999654,0.00017300759315490473,1,EXIT_PROFIT_TARGET_MET
2025-01-27 14:00:00,-63.527000000000044,9.223126471042749e-05,1,EXIT_PROFIT_TARGET_MET
2025-01-27 14:05:00,-63.41939999999977,0.3378811712647176,1,EXIT_PROFIT_TARGET_MET
2025-01-27 14:10:00,-63.37700000000041,1.5260571874986937,1,EXIT_PROFIT_TARGET_MET
2025-01-27 14:15:00,-63.250200000000405,2.378834072265791,1,EXIT_PROFIT_TARGET_MET
2025-01-27 14:20:00,-63.2521999999999,-117.71956386718927,-1,NO_VALID_ACTION_DEFENSIVE_AVG
2025-01-27 14:25:00,-63.30379999999968,-148.73480136718922,-1,NO_VALID_ACTION_DEFENSIVE_AVG
2025-01-27 14:30:00,-63.30379999999968,-135.00919679688462,-1,NO_VALID_ACTION_DEFENSIVE_AVG
2025-01-27 14:35:00,-63.30000000000018,-153.63468664062685,-1,NO_VALID_ACTION_DEFENSIVE_AVG
2025-01-27 14:40:00,-63.29520000000048,-154.05214132813143,-1,NO_VALID_ACTION_DEFENSIVE_AVG
2025-01-27 14:45:00,-63.27319999999963,-135.72005898438107,-1,NO_VALID_ACTION_DEFENSIVE_AVG
2025-01-27 14:50:00,-63.159599999999955,0.07306182617187273,1,EXIT_PROFIT_TARGET_MET
2025-01-27 14:55:00,-63.159599999999955,0.22813049804687047,1,EXIT_PROFIT_TARGET_MET
2025-01-27 15:00:00,-63.13659999999982,0.23092762695313207,1,EXIT_PROFIT_TARGET_MET
2025-01-27 15:05:00,-63.11859999999979,0.2304585253906204,1,EXIT_PROFIT_TARGET_MET
2025-01-27 15:10:00,-63.04200000000037,3.1633510156249285,1,EXIT_PROFIT_TARGET_MET
2025-01-27 15:15:00,-63.1271999999999,0.8824918554687287,1,EXIT_PROFIT_TARGET_MET
2025-01-27 15:20:00,-63.126000000000204,2.9953858593750082,1,EXIT_PROFIT_TARGET_MET
2025-01-27 15:25:00,-63.11319999999978,2.1610887500000615,1,EXIT_PROFIT_TARGET_MET
2025-01-27 15:30:00,-63.0,8.801480312500036,1,EXIT_PROFIT_TARGET_MET
2025-01-27 15:35:00,-62.797199999999975,13.408573750000059,1,EXIT_PROFIT_TARGET_MET
2025-01-27 15:40:00,-62.806000000000495,48.44237687499931,1,EXIT_PROFIT_TARGET_MET
2025-01-27 15:45:00,-62.4978000000001,52.21898749999761,1,EXIT_PROFIT_TARGET_MET
2025-01-27 15:50:00,-62.40260000000035,1.7402450000000158,1,EXIT_PROFIT_TARGET_MET
2025-01-27 15:55:00,-62.82840000000033,29.055627499999787,1,EXIT_PROFIT_TARGET_MET
2025-01-27 16:00:00,-62.828199999999924,41.13341124999832,1,EXIT_PROFIT_TARGET_MET
2025-01-27 16:05:00,-62.95340000000033,29.36510499999929,1,EXIT_PROFIT_TARGET_MET
2025-01-27 16:10:00,-62.560199999999895,33.221448750000874,1,EXIT_PROFIT_TARGET_MET
2025-01-27 16:15:00,-62.11359999999968,2.8912615625013167,1,EXIT_PROFIT_TARGET_MET
2025-01-27 16:20:00,-62.28740000000016,4.0726656249998,1,EXIT_PROFIT_TARGET_MET
2025-01-27 16:25:00,-62.38000000000011,8.364096874999277,1,EXIT_PROFIT_TARGET_MET
2025-01-27 16:30:00,-62.33420000000024,6.241553124999953,1,EXIT_PROFIT_TARGET_MET
2025-01-27 16:35:00,-62.100000000000364,0.1735989404296832,1,EXIT_PROFIT_TARGET_MET
2025-01-27 16:40:00,-61.858799999999974,0.4484568652343812,1,EXIT_PROFIT_TARGET_MET
2025-01-27 16:45:00,-61.72559999999976,1.2853916796874967,1,EXIT_PROFIT_TARGET_MET
2025-01-27 16:50:00,-61.89800000000014,0.940508281249997,1,EXIT_PROFIT_TARGET_MET
2025-01-27 16:55:00,-61.64879999999994,9.12647949218751,1,EXIT_PROFIT_TARGET_MET
2025-01-27 17:00:00,-61.69539999999961,12.212476796874881,1,EXIT_PROFIT_TARGET_MET
2025-01-27 17:05:00,-61.69539999999961,16.944540156250277,1,EXIT_PROFIT_TARGET_MET
2025-01-27 17:10:00,-61.655800000000454,22.73006125000002,1,EXIT_PROFIT_TARGET_MET
2025-01-27 17:15:00,-61.119800000000396,-130.83544500000062,-1,HOLD
2025-01-27 17:20:00,-61.245200000000295,-112.50505000000089,-1,HOLD
2025-01-27 17:25:00,-60.612600000000384,-113.7994500000002,-1,HOLD
2025-01-27 17:30:00,-61.093799999999646,-102.67034999999964,-1,HOLD
2025-01-27 17:35:00,-61.163400000000365,-100.39755000000014,-1,HOLD
2025-01-27 17:40:00,-61.61740000000009,143.92319749999916,1,EXIT_PROFIT_TARGET_MET
2025-01-27 17:45:00,-61.43080000000009,148.7281475000002,1,EXIT_PROFIT_TARGET_MET
2025-01-27 17:50:00,-61.64019999999982,143.33609749999988,1,EXIT_PROFIT_TARGET_MET
2025-01-27 17:55:00,-61.45560000000023,148.08954749999776,1,EXIT_PROFIT_TARGET_MET
2025-01-27 18:00:00,-61.1836000000003,155.0935474999992,1,EXIT_PROFIT_TARGET_MET
2025-01-27 18:05:00,-61.2485999999999,153.41979750000064,1,EXIT_PROFIT_TARGET_MET
2025-01-27 18:10:00,-61.340799999999945,151.04564749999912,1,EXIT_PROFIT_TARGET_MET
2025-01-27 18:15:00,-61.132400000000416,156.41194749999914,1,EXIT_PROFIT_TARGET_MET
2025-01-27 18:20:00,-61.33939999999984,151.08169750000036,1,EXIT_PROFIT_TARGET_MET
2025-01-27 18:25:00,-61.430599999999686,148.73329749999965,1,EXIT_PROFIT_TARGET_MET
2025-01-27 18:30:00,-61.02520000000004,159.17234749999903,1,EXIT_PROFIT_TARGET_MET
2025-01-27 18:35:00,-60.947400000000016,161.17569749999797,1,EXIT_PROFIT_TARGET_MET
2025-01-27 18:40:00,-60.818599999999606,164.49229750000046,1,EXIT_PROFIT_TARGET_MET
2025-01-27 18:45:00,-61.026600000000144,159.13629750000035,1,EXIT_PROFIT_TARGET_MET
2025-01-27 18:50:00,-61.206199999999626,154.5115975000009,1,EXIT_PROFIT_TARGET_MET
2025-01-27 18:55:00,-61.29860000000008,152.13229749999942,1,EXIT_PROFIT_TARGET_MET
2025-01-27 19:00:00,-61.49359999999979,147.11104749999964,1,EXIT_PROFIT_TARGET_MET
2025-01-27 19:05:00,-61.792599999999766,139.4117974999993,1,EXIT_PROFIT_TARGET_MET
2025-01-27 19:10:00,-61.61620000000039,143.9540974999989,1,EXIT_PROFIT_TARGET_MET
2025-01-27 19:15:00,-61.58359999999993,144.7935474999992,1,EXIT_PROFIT_TARGET_MET
2025-01-27 19:20:00,-61.525800000000345,146.2818974999998,1,EXIT_PROFIT_TARGET_MET
2025-01-27 19:25:00,-61.439800000000105,148.49639749999955,1,EXIT_PROFIT_TARGET_MET
2025-01-27 19:30:00,-61.439800000000105,148.49639749999955,1,EXIT_PROFIT_TARGET_MET
2025-01-27 19:35:00,-61.47540000000026,147.57969749999938,1,EXIT_PROFIT_TARGET_MET
2025-01-27 19:40:00,-61.47140000000036,147.68269749999905,1,EXIT_PROFIT_TARGET_MET
2025-01-27 19:45:00,-61.44260000000031,148.42429749999962,1,EXIT_PROFIT_TARGET_MET
2025-01-27 19:50:00,-61.63760000000002,143.40304749999984,1,EXIT_PROFIT_TARGET_MET
2025-01-27 19:55:00,-61.595400000000154,144.4896974999986,1,EXIT_PROFIT_TARGET_MET
2025-01-27 20:00:00,-61.435199999999895,148.61484750000062,1,EXIT_PROFIT_TARGET_MET
2025-01-27 20:05:00,-61.534200000000055,146.0655974999995,1,EXIT_PROFIT_TARGET_MET
2025-01-27 20:10:00,-61.46939999999995,147.73419749999914,1,EXIT_PROFIT_TARGET_MET
2025-01-27 20:15:00,-61.21100000000024,154.38799749999987,1,EXIT_PROFIT_TARGET_MET
2025-01-27 20:20:00,-61.380199999999604,150.03109749999976,1,EXIT_PROFIT_TARGET_MET
2025-01-27 20:25:00,-61.380199999999604,150.03109749999976,1,EXIT_PROFIT_TARGET_MET
2025-01-27 20:30:00,-61.08399999999983,157.6582475000002,1,EXIT_PROFIT_TARGET_MET
2025-01-27 20:35:00,-61.06760000000031,158.08054749999877,1,EXIT_PROFIT_TARGET_MET
2025-01-27 20:40:00,-60.97580000000016,160.44439749999884,1,EXIT_PROFIT_TARGET_MET
2025-01-27 20:45:00,-61.0612000000001,158.24534749999947,1,EXIT_PROFIT_TARGET_MET
2025-01-27 20:50:00,-60.819400000000314,58.84879250000205,1,EXIT_PROFIT_TARGET_MET
2025-01-27 20:55:00,-60.819400000000314,26.212934550778442,1,EXIT_PROFIT_TARGET_MET
2025-01-27 21:00:00,-61.086199999999735,8.04731093750081,1,EXIT_PROFIT_TARGET_MET
2025-01-27 21:05:00,-61.1268,7.492653828124427,1,EXIT_PROFIT_TARGET_MET
2025-01-27 21:10:00,-61.0015999999996,21.817284999999202,1,EXIT_PROFIT_TARGET_MET
2025-01-27 21:15:00,-61.29320000000007,26.33995718749992,1,EXIT_PROFIT_TARGET_MET
2025-01-27 21:20:00,-61.3728000000001,12.846948750000706,1,EXIT_PROFIT_TARGET_MET
2025-01-27 21:25:00,-61.3728000000001,31.106661249999405,1,EXIT_PROFIT_TARGET_MET
2025-01-27 21:30:00,-61.487200000000485,14.556999999998595,1,EXIT_PROFIT_TARGET_MET
2025-01-27 21:35:00,-61.42039999999997,43.67232687499913,1,EXIT_PROFIT_TARGET_MET
2025-01-27 21:40:00,-61.42039999999997,30.26525499999937,1,EXIT_PROFIT_TARGET_MET
2025-01-27 21:45:00,-61.302200000000084,16.760447499999614,1,EXIT_PROFIT_TARGET_MET
2025-01-27 21:50:00,-61.36419999999998,13.98816249999976,1,EXIT_PROFIT_TARGET_MET
2025-01-27 21:55:00,-61.189400000000205,20.18968249999898,1,EXIT_PROFIT_TARGET_MET
2025-01-27 22:00:00,-61.17979999999989,16.22988249999969,1,EXIT_PROFIT_TARGET_MET
2025-01-27 22:05:00,-61.42060000000038,29.114437499999752,1,EXIT_PROFIT_TARGET_MET
2025-01-27 22:10:00,-61.42060000000038,10.707557499999325,1,EXIT_PROFIT_TARGET_MET
2025-01-27 22:15:00,-61.42060000000038,5.113119999998389,1,EXIT_PROFIT_TARGET_MET
2025-01-27 22:20:00,-61.14900000000034,10.231035000000361,1,EXIT_PROFIT_TARGET_MET
2025-01-27 22:25:00,-61.106800000000476,5.822812500000907,1,EXIT_PROFIT_TARGET_MET
2025-01-27 22:30:00,-61.23999999999978,47.64422750000091,1,EXIT_PROFIT_TARGET_MET
2025-01-27 22:35:00,-61.40760000000046,2.8644191217604904e-07,1,EXIT_PROFIT_TARGET_MET
2025-01-27 22:40:00,-61.65819999999985,1.3281199592165272e-06,1,EXIT_PROFIT_TARGET_MET
2025-01-27 22:45:00,-61.73700000000008,2.113666089717316e-06,1,EXIT_PROFIT_TARGET_MET
2025-01-27 22:50:00,-62.14180000000033,-65.4090937500007,-1,NO_VALID_ACTION_DEFENSIVE_AVG
2025-01-27 22:55:00,-62.09519999999975,5.556517126970095e-06,1,EXIT_PROFIT_TARGET_MET
2025-01-27 23:00:00,-62.06779999999981,-93.924061249999,-1,NO_VALID_ACTION_DEFENSIVE_AVG
2025-01-27 23:05:00,-62.45380000000023,-87.87447562499864,-1,NO_VALID_ACTION_DEFENSIVE_AVG
2025-01-27 23:10:00,-62.620200000000295,-59.328318750000165,1,NO_VALID_ACTION_DEFENSIVE_AVG
2025-01-27 23:15:00,-62.370600000000195,-74.35392437499976,-1,NO_VALID_ACTION_DEFENSIVE_AVG
2025-01-27 23:20:00,-62.41219999999976,-88.58796312499803,-1,NO_VALID_ACTION_DEFENSIVE_AVG
2025-01-27 23:25:00,-62.39419999999973,-88.43805687499722,-1,NO_VALID_ACTION_DEFENSIVE_AVG
2025-01-27 23:30:00,-62.40520000000015,-87.5089631250004,-1,NO_VALID_ACTION_DEFENSIVE_AVG
2025-01-27 23:35:00,-62.4372000000003,-82.34124437500171,-1,NO_VALID_ACTION_DEFENSIVE_AVG
2025-01-27 23:40:00,-62.21339999999964,-89.83071624999941,-1,ACTION_DEFENSIVE_AVG_SHORT
2025-01-27 23:45:00,-62.13619999999992,-105.95161484374829,-1,ACTION_DEFENSIVE_AVG_LONG
2025-01-27 23:50:00,-61.91480000000047,-122.83496796875444,-1,ACTION_DEFENSIVE_AVG_SHORT
2025-01-27 23:55:00,-62.03399999999965,-122.26046171875024,-1,NO_VALID_ACTION_DEFENSIVE_AVG
2025-01-28 00:00:00,-62.02139999999963,-121.54085546874529,-1,HOLD
2025-01-28 00:05:00,-62.007800000000316,-135.61534296874746,-1,HOLD
2025-01-28 00:10:00,-61.70300000000043,-138.09066593749526,-1,HOLD
2025-01-28 00:15:00,-61.892799999999625,-128.0386242187457,-1,HOLD
2025-01-28 00:20:00,-62.11059999999998,-122.75697421874898,-1,HOLD
2025-01-28 00:25:00,-62.11059999999998,-126.40197421874912,-1,HOLD
2025-01-28 00:30:00,-62.32260000000042,-103.94722421875147,-1,HOLD
2025-01-28 00:35:00,-62.41780000000017,-103.66566328124551,-1,HOLD
2025-01-28 00:40:00,-62.46380000000045,-105.35352265624725,-1,HOLD
2025-01-28 00:45:00,-62.702800000000025,-50.37525562499886,1,HOLD
2025-01-28 00:50:00,-62.639000000000124,-52.57804375000026,1,HOLD
2025-01-28 00:55:00,-62.83359999999993,-36.758416406248216,1,HOLD
2025-01-28 01:00:00,-62.64099999999962,-48.76609312500034,1,HOLD
2025-01-28 01:05:00,-62.54460000000017,-93.20584140625303,-1,HOLD
2025-01-28 01:10:00,-62.73580000000038,-27.954597656250144,1,HOLD
2025-01-28 01:15:00,-62.296400000000176,-139.4378867187493,-1,HOLD
2025-01-28 01:20:00,-62.518200000000434,-92.15643203124955,-1,HOLD
2025-01-28 01:25:00,-62.74719999999979,-33.44306953125147,1,HOLD
2025-01-28 01:30:00,-62.67699999999968,-47.89309312500103,1,HOLD
2025-01-28 01:35:00,-62.93299999999999,136.31015371091974,1,EXIT_PROFIT_TARGET_MET
2025-01-28 01:40:00,-62.96560000000045,170.20774417967982,1,EXIT_PROFIT_TARGET_MET
2025-01-28 01:45:00,-62.86440000000039,15.259932343744708,1,EXIT_PROFIT_TARGET_MET
2025-01-28 01:50:00,-62.77000000000044,-35.022747656253614,1,HOLD
2025-01-28 01:55:00,-62.64720000000034,-48.63543062500047,1,HOLD
2025-01-28 02:00:00,-62.590000000000146,-95.8384851562467,-1,HOLD
2025-01-28 02:05:00,-62.42619999999988,-99.81063515625377,-1,HOLD
2025-01-28 02:10:00,-62.30760000000009,-128.59198984374808,-1,HOLD
2025-01-28 02:15:00,-62.534599999999955,-92.36623203124906,-1,HOLD
2025-01-28 02:20:00,-62.53399999999965,-95.47523515625112,-1,HOLD
2025-01-28 02:25:00,-62.3724000000002,-100.235675781252,-1,HOLD
2025-01-28 02:30:00,-62.08719999999994,-129.64622109374966,-1,HOLD
2025-01-28 02:35:00,-61.74719999999979,-137.72123781250568,-1,HOLD
2025-01-28 02:40:00,-61.75759999999991,-142.32903781249829,-1,HOLD
2025-01-28 02:45:00,-62.014000000000124,-143.6092898437491,-1,HOLD
2025-01-28 02:50:00,-61.52520000000004,-513.9361838671771,-1,HOLD
2025-01-28 02:55:00,-61.608400000000074,-385.33200152343784,-1,HOLD
2025-01-28 03:00:00,-61.90440000000035,-165.09958984375072,-1,HOLD
2025-01-28 03:05:00,-61.60480000000007,-411.3899265234361,-1,HOLD
2025-01-28 03:10:00,-61.89840000000004,-167.4662617187533,-1,HOLD
2025-01-28 03:15:00,-61.663400000000365,-194.37238531249864,-1,HOLD
2025-01-28 03:20:00,-61.59699999999975,-417.73001402344187,-1,HOLD
2025-01-28 03:25:00,-61.767399999999725,-173.35865343750402,-1,HOLD
2025-01-28 03:30:00,-61.85480000000007,-175.7566085937491,-1,HOLD
2025-01-28 03:35:00,-61.86440000000039,-177.5741210937483,-1,HOLD
2025-01-28 03:40:00,-61.73019999999997,-166.85684718750133,-1,HOLD
2025-01-28 03:45:00,-61.73019999999997,-154.04239406250133,-1,HOLD
2025-01-28 03:50:00,-61.68419999999969,-187.60314156250274,-1,HOLD
2025-01-28 03:55:00,-61.465400000000045,-351.67585750000364,-1,HOLD
2025-01-28 04:00:00,-61.581600000000435,-379.7028194921925,-1,HOLD
2025-01-28 04:05:00,-61.651200000000244,-378.78388667969557,-1,HOLD
2025-01-28 04:10:00,-61.6220000000003,-384.74591246093564,-1,HOLD
2025-01-28 04:15:00,-61.61899999999969,-389.60272496093535,-1,HOLD
2025-01-28 04:20:00,-61.61120000000028,-390.0908788671934,-1,HOLD
2025-01-28 04:25:00,-61.521600000000035,-500.05572996093645,-1,HOLD
2025-01-28 04:30:00,-61.521600000000035,-477.56636472656,-1,HOLD
2025-01-28 04:35:00,-61.36340000000018,-203.40034312500467,-1,HOLD
2025-01-28 04:40:00,-61.23959999999988,-210.39720500000294,-1,HOLD
2025-01-28 04:45:00,-61.20480000000043,-211.24110500000137,-1,HOLD
2025-01-28 04:50:00,-61.085799999999836,-210.8425581249981,-1,HOLD
2025-01-28 04:55:00,-61.04320000000007,-225.31654562500097,-1,HOLD
2025-01-28 05:00:00,-61.3771999999999,-314.29614390624965,-1,HOLD
2025-01-28 05:05:00,-61.310599999999795,-213.8312118749978,-1,HOLD
2025-01-28 05:10:00,-61.30000000000018,-335.3548834374959,-1,HOLD
2025-01-28 05:15:00,-61.28099999999995,-346.52282093749693,-1,HOLD
2025-01-28 05:20:00,-61.45179999999982,-400.1880012499993,-1,HOLD
2025-01-28 05:25:00,-61.49300000000039,-610.6332155078189,-1,HOLD
2025-01-28 05:30:00,-61.46560000000045,-436.37454265624615,-1,HOLD
2025-01-28 05:35:00,-61.59820000000036,-464.0038046484475,-1,HOLD
2025-01-28 05:40:00,-61.56700000000001,-472.72518289062293,-1,HOLD
2025-01-28 05:45:00,-61.474600000000464,-453.0713707812537,-1,HOLD
2025-01-28 05:50:00,-61.46399999999994,-423.89789343750056,-1,HOLD
2025-01-28 05:55:00,-61.35040000000026,-230.7113743750013,-1,HOLD
2025-01-28 06:00:00,-61.720000000000255,-182.50052531250265,-1,HOLD
2025-01-28 06:05:00,-61.49459999999999,-605.8530678515676,-1,HOLD
2025-01-28 06:10:00,-61.71600000000035,-181.30658781249628,-1,HOLD
2025-01-28 06:15:00,-61.728399999999965,-181.0058878125014,-1,HOLD
2025-01-28 06:20:00,-62.09299999999985,-176.68174296875145,-1,HOLD
2025-01-28 06:25:00,-61.9368000000004,-191.3856085937492,-1,HOLD
2025-01-28 06:30:00,-62.24380000000019,-183.94085859375235,-1,HOLD
2025-01-28 06:35:00,-62.44959999999992,-77.04412265625186,-1,HOLD
2025-01-28 06:40:00,-62.40400000000045,-73.59367265624695,-1,HOLD
2025-01-28 06:45:00,-62.613000000000284,-70.05050078124998,-1,HOLD
2025-01-28 06:50:00,-62.69999999999982,-36.36096812500115,1,HOLD
2025-01-28 06:55:00,-62.93339999999989,136.31985371093128,1,EXIT_PROFIT_TARGET_MET
2025-01-28 07:00:00,-63.02099999999973,168.55681167969453,1,EXIT_PROFIT_TARGET_MET
2025-01-28 07:05:00,-63.38720000000012,3.7033719189454355,1,EXIT_PROFIT_TARGET_MET
2025-01-28 07:10:00,-63.71979999999985,11.264719375001164,1,EXIT_PROFIT_TARGET_MET
2025-01-28 07:15:00,-64.66619999999966,34.229696250000075,1,EXIT_PROFIT_TARGET_MET
2025-01-28 07:20:00,-63.85580000000027,4.346196250000617,1,EXIT_PROFIT_TARGET_MET
2025-01-28 07:25:00,-63.64440000000013,8.008381875000765,1,EXIT_PROFIT_TARGET_MET
2025-01-28 07:30:00,-63.353000000000065,3.2809902294922657,1,EXIT_PROFIT_TARGET_MET
2025-01-28 07:35:00,-63.15859999999975,-199.22330645509152,-1,HOLD
2025-01-28 07:40:00,-63.00340000000051,168.130011679679,1,EXIT_PROFIT_TARGET_MET
2025-01-28 07:45:00,-63.232200000000375,-204.35831114255984,-1,HOLD
2025-01-28 07:50:00,-63.04020000000037,264.78146535156077,1,EXIT_PROFIT_TARGET_MET
2025-01-28 07:55:00,-63.25960000000032,-228.36168340819756,-1,NO_VALID_ACTION_DEFENSIVE_AVG
2025-01-28 08:00:00,-63.41480000000047,4.0442413525390135,1,EXIT_PROFIT_TARGET_MET
2025-01-28 08:05:00,-63.41640000000007,9.071948545532193,1,EXIT_PROFIT_TARGET_MET
2025-01-28 08:10:00,-63.14480000000003,-252.83404532227337,-1,NO_VALID_ACTION_DEFENSIVE_AVG
2025-01-28 08:15:00,-63.33740000000034,3.0883248974607462,1,EXIT_PROFIT_TARGET_MET
2025-01-28 08:20:00,-62.927599999999984,-286.3412807128843,-1,NO_VALID_ACTION_DEFENSIVE_AVG
2025-01-28 08:25:00,-63.193199999999706,-267.99877305662426,-1,NO_VALID_ACTION_DEFENSIVE_AVG
2025-01-28 08:30:00,-63.31779999999981,2.9007986083980173,1,EXIT_PROFIT_TARGET_MET
2025-01-28 08:35:00,-63.33299999999963,2.494338999023729,1,EXIT_PROFIT_TARGET_MET
2025-01-28 08:40:00,-63.41939999999977,1.6252661523432288,1,EXIT_PROFIT_TARGET_MET
2025-01-28 08:45:00,-63.53359999999975,3.0272272851556403,1,EXIT_PROFIT_TARGET_MET
2025-01-28 08:50:00,-63.47860000000037,2.3520270898433733,1,EXIT_PROFIT_TARGET_MET
2025-01-28 08:55:00,-63.52300000000014,2.8970977929681974,1,EXIT_PROFIT_TARGET_MET
2025-01-28 09:00:00,-63.45880000000034,2.10895501953099,1,EXIT_PROFIT_TARGET_MET
2025-01-28 09:05:00,-63.45880000000034,2.10895501953099,1,EXIT_PROFIT_TARGET_MET
2025-01-28 09:10:00,-63.46900000000005,2.2341739648436514,1,EXIT_PROFIT_TARGET_MET
2025-01-28 09:15:00,-63.375,1.0801954492184047,1,EXIT_PROFIT_TARGET_MET
2025-01-28 09:20:00,-63.43339999999989,1.7971352929682245,1,EXIT_PROFIT_TARGET_MET
2025-01-28 09:25:00,-63.46699999999964,2.2096212304685983,1,EXIT_PROFIT_TARGET_MET
2025-01-28 09:30:00,-63.23999999999978,9.796027541153798e-06,1,EXIT_PROFIT_TARGET_MET
2025-01-28 09:35:00,-63.34659999999985,0.73154662109325,1,EXIT_PROFIT_TARGET_MET
2025-01-28 09:40:00,-63.34659999999985,0.73154662109325,1,EXIT_PROFIT_TARGET_MET
2025-01-28 09:45:00,-63.431000000000495,1.7676720117180038,1,EXIT_PROFIT_TARGET_MET
2025-01-28 09:50:00,-63.45340000000033,2.0426626367179983,1,EXIT_PROFIT_TARGET_MET
2025-01-28 09:55:00,-63.594200000000455,3.771175136718286,1,EXIT_PROFIT_TARGET_MET
2025-01-28 10:00:00,-63.98940000000039,8.622795449218335,1,EXIT_PROFIT_TARGET_MET
2025-01-28 10:05:00,-64.0673999999999,0.3882251171870954,1,EXIT_PROFIT_TARGET_MET
2025-01-28 10:10:00,-63.80000000000018,6.29765150390611,1,EXIT_PROFIT_TARGET_MET
2025-01-28 10:15:00,-63.63960000000043,4.328522207030828,1,EXIT_PROFIT_TARGET_MET
2025-01-28 10:20:00,-63.58880000000045,3.704882753906062,1,EXIT_PROFIT_TARGET_MET
2025-01-28 10:25:00,-63.54060000000027,3.113161855468522,1,EXIT_PROFIT_TARGET_MET
2025-01-28 10:30:00,-63.52639999999974,2.9388374414061356,1,EXIT_PROFIT_TARGET_MET
2025-01-28 10:35:00,-63.464600000000246,2.18015794921838,1,EXIT_PROFIT_TARGET_MET
2025-01-28 10:40:00,-63.56720000000041,3.439713222656012,1,EXIT_PROFIT_TARGET_MET
2025-01-28 10:45:00,-63.48700000000008,2.4551485742183723,1,EXIT_PROFIT_TARGET_MET
2025-01-28 10:50:00,-63.386999999999716,1.227511855468347,1,EXIT_PROFIT_TARGET_MET
2025-01-28 10:55:00,-63.36660000000029,0.9770739648434077,1,EXIT_PROFIT_TARGET_MET
2025-01-28 11:00:00,-63.36660000000029,0.9770739648434077,1,EXIT_PROFIT_TARGET_MET
2025-01-28 11:05:00,-63.28620000000046,2.710462629794355e-05,1,EXIT_PROFIT_TARGET_MET
2025-01-28 11:10:00,-63.335799999999836,0.598961855468416,1,EXIT_PROFIT_TARGET_MET
2025-01-28 11:15:00,-63.41979999999967,1.6301766992183921,1,EXIT_PROFIT_TARGET_MET
2025-01-28 11:20:00,-63.2470000000003,1.2418542504292047e-05,1,EXIT_PROFIT_TARGET_MET
2025-01-28 11:25:00,-63.08719999999994,0.0002756219641864288,1,EXIT_PROFIT_TARGET_MET
2025-01-28 11:30:00,-63.176800000000185,0.0003093924300372581,1,EXIT_PROFIT_TARGET_MET
2025-01-28 11:35:00,-63.2511999999997,1.3992051482193756e-05,1,EXIT_PROFIT_TARGET_MET
2025-01-28 11:40:00,-63.2511999999997,1.3992051482193756e-05,1,EXIT_PROFIT_TARGET_MET
2025-01-28 11:45:00,-63.27760000000035,2.388267934321974e-05,1,EXIT_PROFIT_TARGET_MET
2025-01-28 11:50:00,-63.468799999999646,2.231718691405879,1,EXIT_PROFIT_TARGET_MET
2025-01-28 11:55:00,-63.49380000000019,2.5386278710934813,1,EXIT_PROFIT_TARGET_MET
2025-01-28 12:00:00,-63.423399999999674,1.6743716210933375,1,EXIT_PROFIT_TARGET_MET
2025-01-28 12:05:00,-63.54320000000007,3.145080410155746,1,EXIT_PROFIT_TARGET_MET
2025-01-28 12:10:00,-63.57719999999972,3.562476894531285,1,EXIT_PROFIT_TARGET_MET
2025-01-28 12:15:00,-63.65340000000015,4.4979360742184324,1,EXIT_PROFIT_TARGET_MET
2025-01-28 12:20:00,-63.788000000000466,6.150335097655784,1,EXIT_PROFIT_TARGET_MET
2025-01-28 12:25:00,-63.74080000000049,5.57089056640558,1,EXIT_PROFIT_TARGET_MET
2025-01-28 12:30:00,-63.74080000000049,5.57089056640558,1,EXIT_PROFIT_TARGET_MET
2025-01-28 12:35:00,-63.71680000000015,5.2762577539056945,1,EXIT_PROFIT_TARGET_MET
2025-01-28 12:40:00,-63.8775999999998,8.017964316406282,1,EXIT_PROFIT_TARGET_MET
2025-01-28 12:45:00,-63.893200000000434,7.381549648437382,1,EXIT_PROFIT_TARGET_MET
2025-01-28 12:50:00,-63.76760000000013,6.672402187499944,1,EXIT_PROFIT_TARGET_MET
2025-01-28 12:55:00,-63.76760000000013,5.348440937499401,1,EXIT_PROFIT_TARGET_MET
2025-01-28 13:00:00,-63.625200000000405,1.996083281249895,1,EXIT_PROFIT_TARGET_MET
2025-01-28 13:05:00,-63.54359999999997,3.258931484374914,1,EXIT_PROFIT_TARGET_MET
2025-01-28 13:10:00,-63.64339999999993,31.255125624997902,1,EXIT_PROFIT_TARGET_MET
2025-01-28 13:15:00,-63.649999999999636,18.531245624999613,1,EXIT_PROFIT_TARGET_MET
2025-01-28 13:20:00,-63.95399999999972,21.98812499999829,1,EXIT_PROFIT_TARGET_MET
2025-01-28 13:25:00,-64.01980000000003,5.454410000000365,1,EXIT_PROFIT_TARGET_MET
2025-01-28 13:30:00,-64.07480000000032,2.733428281250063,1,EXIT_PROFIT_TARGET_MET
2025-01-28 13:35:00,-64.09439999999995,9.922039031985859e-05,1,EXIT_PROFIT_TARGET_MET
2025-01-28 13:40:00,-64.33579999999984,0.000446486167907734,1,EXIT_PROFIT_TARGET_MET
2025-01-28 13:45:00,-64.26620000000003,3.969450712204027e-05,1,EXIT_PROFIT_TARGET_MET
2025-01-28 13:50:00,-64.25640000000021,3.958118677139342e-05,1,EXIT_PROFIT_TARGET_MET
2025-01-28 13:55:00,-64.09159999999974,3.7675554752349724e-05,1,EXIT_PROFIT_TARGET_MET
2025-01-28 14:00:00,-64.07600000000002,0.11475104492192734,1,EXIT_PROFIT_TARGET_MET
2025-01-28 14:05:00,-64.04460000000017,0.20778581054691792,1,EXIT_PROFIT_TARGET_MET
2025-01-28 14:10:00,-64.00600000000031,0.16755770996098218,1,EXIT_PROFIT_TARGET_MET
2025-01-28 14:15:00,-64.0043999999998,3.13521019531275,1,EXIT_PROFIT_TARGET_MET
2025-01-28 14:20:00,-64.16499999999996,7.62928962707527e-05,1,EXIT_PROFIT_TARGET_MET
2025-01-28 14:25:00,-64.0612000000001,0.07583437499878443,1,EXIT_PROFIT_TARGET_MET
2025-01-28 14:30:00,-64.0612000000001,7.268305301666239e-05,1,EXIT_PROFIT_TARGET_MET
2025-01-28 14:35:00,-64.40020000000004,-97.18781000000001,-1,NO_VALID_ACTION_DEFENSIVE_AVG
2025-01-28 14:40:00,-64.29820000000018,1.87018499999974,1,EXIT_PROFIT_TARGET_MET
2025-01-28 14:45:00,-64.23980000000029,-204.4964778124998,-1,NO_VALID_ACTION_DEFENSIVE_AVG
2025-01-28 14:50:00,-64.26119999999992,0.0006879706573486412,1,EXIT_PROFIT_TARGET_MET
2025-01-28 14:55:00,-64.26119999999992,-125.32573999999917,-1,NO_VALID_ACTION_DEFENSIVE_AVG
2025-01-28 15:00:00,-64.26119999999992,-126.27636499999895,-1,NO_VALID_ACTION_DEFENSIVE_AVG
2025-01-28 15:05:00,-64.3753999999999,-142.0643499999993,-1,NO_VALID_ACTION_DEFENSIVE_AVG
2025-01-28 15:10:00,-64.3098,-106.35976999999986,-1,NO_VALID_ACTION_DEFENSIVE_AVG
2025-01-28 15:15:00,-64.22199999999975,-129.63380249999963,-1,NO_VALID_ACTION_DEFENSIVE_AVG
2025-01-28 15:20:00,-64.24120000000039,0.6089455859374651,1,EXIT_PROFIT_TARGET_MET
2025-01-28 15:25:00,-64.27260000000024,1.5690143750000534,1,EXIT_PROFIT_TARGET_MET
2025-01-28 15:30:00,-64.28920000000016,-152.65649500000063,-1,NO_VALID_ACTION_DEFENSIVE_AVG
2025-01-28 15:35:00,-64.32340000000022,-151.10291000000018,-1,NO_VALID_ACTION_DEFENSIVE_AVG
2025-01-28 15:40:00,-64.32800000000043,-136.62517000000048,-1,NO_VALID_ACTION_DEFENSIVE_AVG
2025-01-28 15:45:00,-64.32800000000043,-119.68864000000076,-1,NO_VALID_ACTION_DEFENSIVE_AVG
2025-01-28 15:50:00,-64.32800000000043,-111.83100000000036,-1,NO_VALID_ACTION_DEFENSIVE_AVG
2025-01-28 15:55:00,-64.23999999999978,-112.75632999999993,-1,NO_VALID_ACTION_DEFENSIVE_AVG
2025-01-28 16:00:00,-64.13100000000031,-115.29833999999983,-1,NO_VALID_ACTION_DEFENSIVE_AVG
2025-01-28 16:05:00,-64.27459999999974,58.27800781250084,1,EXIT_PROFIT_TARGET_MET
2025-01-28 16:10:00,-64.19679999999971,51.02992062499911,1,EXIT_PROFIT_TARGET_MET
2025-01-28 16:15:00,-64.1212000000005,25.28017874999898,1,EXIT_PROFIT_TARGET_MET
2025-01-28 16:20:00,-64.17020000000048,6.354878125000198,1,EXIT_PROFIT_TARGET_MET
2025-01-28 16:25:00,-64.11539999999968,2.7199000000003366,1,EXIT_PROFIT_TARGET_MET
2025-01-28 16:30:00,-64.11539999999968,0.7906224999999987,1,EXIT_PROFIT_TARGET_MET
2025-01-28 16:35:00,-64.00420000000031,1.3612189062499862,1,EXIT_PROFIT_TARGET_MET
2025-01-28 16:40:00,-63.84659999999985,0.7553149218750317,1,EXIT_PROFIT_TARGET_MET
2025-01-28 16:45:00,-63.871799999999894,1.0735091796875125,1,EXIT_PROFIT_TARGET_MET
2025-01-28 16:50:00,-63.94940000000042,0.8633795507812345,1,EXIT_PROFIT_TARGET_MET
2025-01-28 16:55:00,-63.89459999999963,2.609781328125057,1,EXIT_PROFIT_TARGET_MET
2025-01-28 17:00:00,-63.89959999999974,7.211144296875007,1,EXIT_PROFIT_TARGET_MET
2025-01-28 17:05:00,-64.03060000000005,15.037295781249938,1,EXIT_PROFIT_TARGET_MET
2025-01-28 17:10:00,-64.04619999999977,-131.8179550000009,-1,NO_VALID_ACTION_DEFENSIVE_AVG
2025-01-28 17:15:00,-64.10239999999976,-127.87211500000012,-1,NO_VALID_ACTION_DEFENSIVE_AVG
2025-01-28 17:20:00,-64.23980000000029,-100.83985000000007,-1,NO_VALID_ACTION_DEFENSIVE_AVG
2025-01-28 17:25:00,-64.23980000000029,-104.14485000000013,-1,NO_VALID_ACTION_DEFENSIVE_AVG
2025-01-28 17:30:00,-64.22260000000006,-98.89195000000018,-1,NO_VALID_ACTION_DEFENSIVE_AVG
2025-01-28 17:35:00,-64.16439999999966,-96.34607000000028,-1,NO_VALID_ACTION_DEFENSIVE_AVG
2025-01-28 17:40:00,-64.00420000000031,34.88595249999878,1,EXIT_PROFIT_TARGET_MET
2025-01-28 17:45:00,-63.901200000000244,20.40845499999932,1,EXIT_PROFIT_TARGET_MET
2025-01-28 17:50:00,-63.95480000000043,54.56676250000007,1,EXIT_PROFIT_TARGET_MET
2025-01-28 17:55:00,-63.95480000000043,52.2726224999999,1,EXIT_PROFIT_TARGET_MET
2025-01-28 18:00:00,-63.78600000000006,46.048122499998584,1,EXIT_PROFIT_TARGET_MET
2025-01-28 18:05:00,-63.68339999999989,42.264747500001334,1,EXIT_PROFIT_TARGET_MET
2025-01-28 18:10:00,-63.68339999999989,42.264747500001334,1,EXIT_PROFIT_TARGET_MET
2025-01-28 18:15:00,-63.9336000000003,51.4908724999988,1,EXIT_PROFIT_TARGET_MET
2025-01-28 18:20:00,-64.03359999999975,1.773457499998358,1,EXIT_PROFIT_TARGET_MET
2025-01-28 18:25:00,-63.921400000000176,51.04099749999932,1,EXIT_PROFIT_TARGET_MET
2025-01-28 18:30:00,-63.921400000000176,51.04099749999932,1,EXIT_PROFIT_TARGET_MET
2025-01-28 18:35:00,-63.826200000000426,47.53049749999951,1,EXIT_PROFIT_TARGET_MET
2025-01-28 18:40:00,-63.826200000000426,47.53049749999951,1,EXIT_PROFIT_TARGET_MET
2025-01-28 18:45:00,-63.85320000000047,48.52612250000027,1,EXIT_PROFIT_TARGET_MET
2025-01-28 18:50:00,-63.85320000000047,48.52612250000027,1,EXIT_PROFIT_TARGET_MET
2025-01-28 18:55:00,-63.9358000000002,51.5719975000016,1,EXIT_PROFIT_TARGET_MET
2025-01-28 19:00:00,-63.9358000000002,51.5719975000016,1,EXIT_PROFIT_TARGET_MET
2025-01-28 19:05:00,-63.84979999999996,48.400747499999966,1,EXIT_PROFIT_TARGET_MET
2025-01-28 19:10:00,-63.84979999999996,48.400747499999966,1,EXIT_PROFIT_TARGET_MET
2025-01-28 19:15:00,-63.84979999999996,48.400747499999966,1,EXIT_PROFIT_TARGET_MET
2025-01-28 19:20:00,-63.92320000000018,51.107372500001844,1,EXIT_PROFIT_TARGET_MET
2025-01-28 19:25:00,-63.92320000000018,51.107372500001844,1,EXIT_PROFIT_TARGET_MET
2025-01-28 19:30:00,-63.706600000000435,43.120247499999465,1,EXIT_PROFIT_TARGET_MET
2025-01-28 19:35:00,-63.82939999999962,47.64849750000019,1,EXIT_PROFIT_TARGET_MET
2025-01-28 19:40:00,-63.82939999999962,47.64849750000019,1,EXIT_PROFIT_TARGET_MET
2025-01-28 19:45:00,-63.781200000000354,45.871122499998336,1,EXIT_PROFIT_TARGET_MET
2025-01-28 19:50:00,-63.84940000000006,48.38599750000097,1,EXIT_PROFIT_TARGET_MET
2025-01-28 19:55:00,-63.94719999999961,51.992372499999504,1,EXIT_PROFIT_TARGET_MET
2025-01-28 20:00:00,-63.94719999999961,51.992372499999504,1,EXIT_PROFIT_TARGET_MET
2025-01-28 20:05:00,-63.94719999999961,51.992372499999504,1,EXIT_PROFIT_TARGET_MET
2025-01-28 20:10:00,-63.94719999999961,51.992372499999504,1,EXIT_PROFIT_TARGET_MET
2025-01-28 20:15:00,-64.0604000000003,2.423357499999554,1,EXIT_PROFIT_TARGET_MET
2025-01-28 20:20:00,-64.0604000000003,2.423357499999554,1,EXIT_PROFIT_TARGET_MET
2025-01-28 20:25:00,-64.10220000000027,3.437007499999652,1,EXIT_PROFIT_TARGET_MET
2025-01-28 20:30:00,-64.07579999999962,2.796807500001421,1,EXIT_PROFIT_TARGET_MET
2025-01-28 20:35:00,-64.07579999999962,2.796807500001421,1,EXIT_PROFIT_TARGET_MET
2025-01-28 20:40:00,-63.91139999999996,50.67224750000136,1,EXIT_PROFIT_TARGET_MET
2025-01-28 20:45:00,-63.85320000000047,48.52612250000027,1,EXIT_PROFIT_TARGET_MET
2025-01-28 20:50:00,-63.86080000000038,48.80637250000041,1,EXIT_PROFIT_TARGET_MET
2025-01-28 20:55:00,-63.86080000000038,7.587480000000994,1,EXIT_PROFIT_TARGET_MET
2025-01-28 21:00:00,-63.86080000000038,0.5228174999994053,1,EXIT_PROFIT_TARGET_MET
2025-01-28 21:05:00,-63.990200000000186,42.869665000000055,1,EXIT_PROFIT_TARGET_MET
2025-01-28 21:10:00,-63.990200000000186,45.56200500000074,1,EXIT_PROFIT_TARGET_MET
2025-01-28 21:15:00,-63.990200000000186,16.58374499999917,1,EXIT_PROFIT_TARGET_MET
2025-01-28 21:20:00,-63.822400000000016,26.496577499998693,1,EXIT_PROFIT_TARGET_MET
2025-01-28 21:25:00,-63.822400000000016,42.45738000000057,1,EXIT_PROFIT_TARGET_MET
2025-01-28 21:30:00,-63.706600000000435,50.09466999999944,1,EXIT_PROFIT_TARGET_MET
2025-01-28 21:35:00,-63.654199999999946,18.511685000000057,1,EXIT_PROFIT_TARGET_MET
2025-01-28 21:40:00,-63.654199999999946,26.653146250000475,1,EXIT_PROFIT_TARGET_MET
2025-01-28 21:45:00,-63.67820000000029,7.253461249997798,1,EXIT_PROFIT_TARGET_MET
2025-01-28 21:50:00,-63.73360000000048,14.312074999999055,1,EXIT_PROFIT_TARGET_MET
2025-01-28 21:55:00,-63.73360000000048,17.63700374999894,1,EXIT_PROFIT_TARGET_MET
2025-01-28 22:00:00,-63.741799999999785,20.792430000000792,1,EXIT_PROFIT_TARGET_MET
2025-01-28 22:05:00,-63.85320000000047,21.553908749999778,1,EXIT_PROFIT_TARGET_MET
2025-01-28 22:10:00,-63.85320000000047,53.02631468750068,1,EXIT_PROFIT_TARGET_MET
2025-01-28 22:15:00,-63.705799999999726,39.3954450000012,1,EXIT_PROFIT_TARGET_MET
2025-01-28 22:20:00,-63.660799999999654,19.586422499999657,1,EXIT_PROFIT_TARGET_MET
2025-01-28 22:25:00,-63.654199999999946,0.3576100000014435,1,EXIT_PROFIT_TARGET_MET
2025-01-28 22:30:00,-63.529199999999946,9.873874999999444,1,EXIT_PROFIT_TARGET_MET
2025-01-28 22:35:00,-63.5,31.76746187500011,1,EXIT_PROFIT_TARGET_MET
2025-01-28 22:40:00,-63.52559999999994,27.810931250000664,1,EXIT_PROFIT_TARGET_MET
2025-01-28 22:45:00,-63.42619999999988,33.5889724999995,1,EXIT_PROFIT_TARGET_MET
2025-01-28 22:50:00,-63.42039999999997,39.04467624999967,1,EXIT_PROFIT_TARGET_MET
2025-01-28 22:55:00,-63.498999999999796,66.98195250000006,1,EXIT_PROFIT_TARGET_MET
2025-01-28 23:00:00,-63.559799999999996,21.479827499999317,1,EXIT_PROFIT_TARGET_MET
2025-01-28 23:05:00,-63.521200000000135,8.402677499998902,1,EXIT_PROFIT_TARGET_MET
2025-01-28 23:10:00,-63.59280000000035,21.061346249998422,1,EXIT_PROFIT_TARGET_MET
2025-01-28 23:15:00,-63.603799999999865,20.986357499998462,1,EXIT_PROFIT_TARGET_MET
2025-01-28 23:20:00,-63.660799999999654,8.73693375000039,1,EXIT_PROFIT_TARGET_MET
2025-01-28 23:25:00,-63.733799999999974,7.65845749999923,1,EXIT_PROFIT_TARGET_MET
2025-01-28 23:30:00,-63.59280000000035,4.1761612499972784,1,EXIT_PROFIT_TARGET_MET
2025-01-28 23:35:00,-63.5663999999997,5.792636249999589,1,EXIT_PROFIT_TARGET_MET
2025-01-28 23:40:00,-63.5663999999997,16.70782900390646,1,EXIT_PROFIT_TARGET_MET
2025-01-28 23:45:00,-63.55799999999999,30.381331879883966,1,EXIT_PROFIT_TARGET_MET
2025-01-28 23:50:00,-63.55799999999999,31.62956691406298,1,EXIT_PROFIT_TARGET_MET
2025-01-28 23:55:00,-63.43379999999979,33.904225996094134,1,EXIT_PROFIT_TARGET_MET
2025-01-29 00:00:00,-63.42020000000048,23.48870187499884,1,EXIT_PROFIT_TARGET_MET
2025-01-29 00:05:00,-63.35540000000037,23.534266875006324,1,EXIT_PROFIT_TARGET_MET
2025-01-29 00:10:00,-63.14019999999982,-18.65752781249813,1,HOLD
2025-01-29 00:15:00,-63.1868000000004,-31.970254374999115,1,HOLD
2025-01-29 00:20:00,-63.26080000000002,-39.600598124999564,1,HOLD
2025-01-29 00:25:00,-63.507400000000416,-68.56250249999971,-1,HOLD
2025-01-29 00:30:00,-63.34979999999996,-67.25844124999934,-1,HOLD
2025-01-29 00:35:00,-63.49300000000039,-69.23795250000043,-1,HOLD
2025-01-29 00:40:00,-63.30580000000009,-39.637160624999915,1,HOLD
2025-01-29 00:45:00,-63.33359999999993,-65.80910374999864,-1,HOLD
2025-01-29 00:50:00,-63.401200000000244,-66.40230374999975,-1,HOLD
2025-01-29 00:55:00,-63.45380000000023,-48.87552125000023,1,HOLD
2025-01-29 01:00:00,-63.59320000000025,-82.33462999999938,-1,HOLD
2025-01-29 01:05:00,-63.826600000000326,-68.85353000000043,-1,HOLD
2025-01-29 01:10:00,-63.5,-46.81110874999926,1,HOLD
2025-01-29 01:15:00,-63.51180000000022,-82.25322999999992,-1,HOLD
2025-01-29 01:20:00,-63.854199999999764,-67.18922999999984,-1,HOLD
2025-01-29 01:25:00,-63.77340000000004,-64.01275999999996,-1,HOLD
2025-01-29 01:30:00,-64.03639999999996,-74.8873000000001,-1,HOLD
2025-01-29 01:35:00,-64.04399999999987,-73.10299999999984,-1,HOLD
2025-01-29 01:40:00,-63.87700000000041,-66.23633000000007,-1,HOLD
2025-01-29 01:45:00,-63.8127999999997,-64.58317999999986,-1,HOLD
2025-01-29 01:50:00,-63.660799999999654,-82.40222999999992,-1,HOLD
2025-01-29 01:55:00,-63.62660000000051,-82.36803000000032,-1,HOLD
2025-01-29 02:00:00,-63.546800000000076,-82.28823000000023,-1,HOLD
2025-01-29 02:05:00,-63.344600000000355,6.119683749998643,1,EXIT_PROFIT_TARGET_MET
2025-01-29 02:10:00,-63.344600000000355,6.119683749998643,1,EXIT_PROFIT_TARGET_MET
2025-01-29 02:15:00,-63.1850000000004,0.2344337499988285,1,EXIT_PROFIT_TARGET_MET
2025-01-29 02:20:00,-63.29020000000037,4.113683749998387,1,EXIT_PROFIT_TARGET_MET
2025-01-29 02:25:00,-63.22699999999986,1.7831837499989547,1,EXIT_PROFIT_TARGET_MET
2025-01-29 02:30:00,-63.22699999999986,1.7831837499989547,1,EXIT_PROFIT_TARGET_MET
2025-01-29 02:35:00,-63.22699999999986,1.7831837499989547,1,EXIT_PROFIT_TARGET_MET
2025-01-29 02:40:00,-63.11880000000019,9.745734374998449,1,EXIT_PROFIT_TARGET_MET
2025-01-29 02:45:00,-63.32920000000013,5.551808749998997,1,EXIT_PROFIT_TARGET_MET
2025-01-29 02:50:00,-62.86959999999999,16.379972294921085,1,EXIT_PROFIT_TARGET_MET
2025-01-29 02:55:00,-63.08640000000014,8.346459375000407,1,EXIT_PROFIT_TARGET_MET
2025-01-29 03:00:00,-63.08680000000004,8.363734374999595,1,EXIT_PROFIT_TARGET_MET
2025-01-29 03:05:00,-63.28780000000006,4.02518374999903,1,EXIT_PROFIT_TARGET_MET
2025-01-29 03:10:00,-63.49380000000019,-64.3223962500003,-1,NO_VALID_ACTION_DEFENSIVE_AVG
2025-01-29 03:15:00,-63.600000000000364,-13.042381250000119,1,ACTION_FORCED_CUT_SHORT
2025-01-29 03:20:00,-63.594200000000455,-2.7827193750004326,1,ACTION_FORCED_CUT_SHORT
2025-01-29 03:25:00,-63.533400000000256,48.0006743750022,1,EXIT_PROFIT_TARGET_MET
2025-01-29 03:30:00,-63.533400000000256,48.0006743750022,1,EXIT_PROFIT_TARGET_MET
2025-01-29 03:35:00,-63.533400000000256,48.0006743750022,1,EXIT_PROFIT_TARGET_MET
2025-01-29 03:40:00,-63.426000000000386,-60.97060875000027,1,NO_VALID_ACTION_DEFENSIVE_AVG
2025-01-29 03:45:00,-63.22820000000047,1.8274337499992725,1,EXIT_PROFIT_TARGET_MET
2025-01-29 03:50:00,-63.20759999999973,1.0678087500001254,1,EXIT_PROFIT_TARGET_MET
2025-01-29 03:55:00,-63.20759999999973,1.0678087500001254,1,EXIT_PROFIT_TARGET_MET
2025-01-29 04:00:00,-63.41399999999976,-62.42504625000126,1,HOLD
2025-01-29 04:05:00,-63.30280000000039,4.578308749998399,1,EXIT_PROFIT_TARGET_MET
2025-01-29 04:10:00,-63.46640000000025,-62.31184625000023,1,HOLD
2025-01-29 04:15:00,-63.52419999999984,48.436811875000444,1,EXIT_PROFIT_TARGET_MET
2025-01-29 04:20:00,-63.34619999999995,6.178683750000005,1,EXIT_PROFIT_TARGET_MET
2025-01-29 04:25:00,-63.36779999999999,6.975183750000099,1,EXIT_PROFIT_TARGET_MET
2025-01-29 04:30:00,-63.34439999999995,6.112308749999272,1,EXIT_PROFIT_TARGET_MET
2025-01-29 04:35:00,-63.16859999999997,11.89647187499979,1,EXIT_PROFIT_TARGET_MET
2025-01-29 04:40:00,-63.08640000000014,8.346459375000407,1,EXIT_PROFIT_TARGET_MET
2025-01-29 04:45:00,-62.98000000000047,3.7513093749989963,1,EXIT_PROFIT_TARGET_MET
2025-01-29 04:50:00,-63.0,4.615059374999703,1,EXIT_PROFIT_TARGET_MET
2025-01-29 04:55:00,-62.922599999999875,1.2723468750006788,1,EXIT_PROFIT_TARGET_MET
2025-01-29 05:00:00,-62.84699999999975,15.26350139648405,1,EXIT_PROFIT_TARGET_MET
2025-01-29 05:05:00,-62.707400000000234,8.367070537109871,1,EXIT_PROFIT_TARGET_MET
2025-01-29 05:10:00,-62.54740000000038,0.4628517871093991,1,EXIT_PROFIT_TARGET_MET
2025-01-29 05:15:00,-62.746000000000095,10.273963310547105,1,EXIT_PROFIT_TARGET_MET
2025-01-29 05:20:00,-62.746799999999894,10.313484404296887,1,EXIT_PROFIT_TARGET_MET
2025-01-29 05:25:00,-62.83259999999973,14.552121708984943,1,EXIT_PROFIT_TARGET_MET
2025-01-29 05:30:00,-62.83259999999973,14.552121708984943,1,EXIT_PROFIT_TARGET_MET
2025-01-29 05:35:00,-62.8768,16.735662138672176,1,EXIT_PROFIT_TARGET_MET
2025-01-29 05:40:00,-62.79939999999988,12.911996318359106,1,EXIT_PROFIT_TARGET_MET
2025-01-29 05:45:00,-62.9332000000004,1.7301343749988547,1,EXIT_PROFIT_TARGET_MET
2025-01-29 05:50:00,-62.9332000000004,1.7301343749988547,1,EXIT_PROFIT_TARGET_MET
2025-01-29 05:55:00,-62.896600000000035,0.14947187499949166,1,EXIT_PROFIT_TARGET_MET
2025-01-29 06:00:00,-62.896600000000035,0.14947187499949166,1,EXIT_PROFIT_TARGET_MET
2025-01-29 06:05:00,-62.896600000000035,0.14947187499949166,1,EXIT_PROFIT_TARGET_MET
2025-01-29 06:10:00,-63.03480000000036,6.117984374998628,1,EXIT_PROFIT_TARGET_MET
2025-01-29 06:15:00,-63.060999999999694,7.249496875000943,1,EXIT_PROFIT_TARGET_MET
2025-01-29 06:20:00,-62.75380000000041,10.659293974609376,1,EXIT_PROFIT_TARGET_MET
2025-01-29 06:25:00,-62.75380000000041,10.659293974609376,1,EXIT_PROFIT_TARGET_MET
2025-01-29 06:30:00,-62.586599999999635,2.3993853808593553,1,EXIT_PROFIT_TARGET_MET
2025-01-29 06:35:00,-62.65279999999984,5.6697558886724355,1,EXIT_PROFIT_TARGET_MET
2025-01-29 06:40:00,-62.539999999999964,0.09728166992125109,1,EXIT_PROFIT_TARGET_MET
2025-01-29 06:45:00,-62.5018,2.404184651775174,1,EXIT_PROFIT_TARGET_MET
2025-01-29 06:50:00,-62.34699999999975,0.48856447278967846,1,EXIT_PROFIT_TARGET_MET
2025-01-29 06:55:00,-62.14720000000034,1.9902325182245,1,EXIT_PROFIT_TARGET_MET
2025-01-29 07:00:00,-62.065599999999904,0.011717456398048907,1,EXIT_PROFIT_TARGET_MET
2025-01-29 07:05:00,-62.14000000000033,1.901133211736191,1,EXIT_PROFIT_TARGET_MET
2025-01-29 07:10:00,-62.23459999999977,3.0717990997598688,1,EXIT_PROFIT_TARGET_MET
2025-01-29 07:15:00,-62.232200000000375,3.0420993309303044,1,EXIT_PROFIT_TARGET_MET
2025-01-29 07:20:00,-62.02000000000044,102.13092208983505,1,EXIT_PROFIT_TARGET_MET
2025-01-29 07:25:00,-61.90359999999964,76.46110785155861,1,EXIT_PROFIT_TARGET_MET
2025-01-29 07:30:00,-61.865999999999985,22.768272949234074,1,EXIT_PROFIT_TARGET_MET
2025-01-29 07:35:00,-61.5,234.78031568848405,1,EXIT_PROFIT_TARGET_MET
2025-01-29 07:40:00,-61.42740000000049,222.86428416496562,1,EXIT_PROFIT_TARGET_MET
2025-01-29 07:45:00,-61.49300000000039,234.6105656884364,1,EXIT_PROFIT_TARGET_MET
2025-01-29 07:50:00,-61.34699999999975,26.242308867165036,1,EXIT_PROFIT_TARGET_MET
2025-01-29 07:55:00,-61.10660000000007,126.67204976563517,1,EXIT_PROFIT_TARGET_MET
2025-01-29 08:00:00,-60.9381999999996,102.93514843749847,1,EXIT_PROFIT_TARGET_MET
2025-01-29 08:05:00,-61.0608000000002,125.56139976562417,1,EXIT_PROFIT_TARGET_MET
2025-01-29 08:10:00,-61.32099999999991,25.61180886717375,1,EXIT_PROFIT_TARGET_MET
2025-01-29 08:15:00,-61.23319999999967,47.72327269531519,1,EXIT_PROFIT_TARGET_MET
2025-01-29 08:20:00,-61.39180000000033,16.210769453129842,1,EXIT_PROFIT_TARGET_MET
2025-01-29 08:25:00,-61.39180000000033,16.210769453129842,1,EXIT_PROFIT_TARGET_MET
2025-01-29 08:30:00,-61.3131999999996,-244.21813281250013,-1,HOLD
2025-01-29 08:35:00,-61.39599999999973,16.312619453117918,1,EXIT_PROFIT_TARGET_MET
2025-01-29 08:40:00,-61.39599999999973,16.312619453117918,1,EXIT_PROFIT_TARGET_MET
2025-01-29 08:45:00,-61.642399999999725,29.98686676758012,1,EXIT_PROFIT_TARGET_MET
2025-01-29 08:50:00,-61.76860000000033,44.78505738280529,1,EXIT_PROFIT_TARGET_MET
2025-01-29 08:55:00,-61.4377999999997,21.205251875006894,1,EXIT_PROFIT_TARGET_MET
2025-01-29 09:00:00,-61.5612000000001,69.76795984374803,1,EXIT_PROFIT_TARGET_MET
2025-01-29 09:05:00,-61.84060000000045,135.48529944340135,1,EXIT_PROFIT_TARGET_MET
2025-01-29 09:10:00,-61.71839999999975,43.56770738281375,1,EXIT_PROFIT_TARGET_MET
2025-01-29 09:15:00,-61.517799999999625,44.35921031249666,1,EXIT_PROFIT_TARGET_MET
2025-01-29 09:20:00,-61.503999999999905,44.02456031248795,1,EXIT_PROFIT_TARGET_MET
2025-01-29 09:25:00,-61.466199999999844,43.107910312484876,1,EXIT_PROFIT_TARGET_MET
2025-01-29 09:30:00,-61.22640000000047,-189.44441187499893,-1,HOLD
2025-01-29 09:35:00,-61.326600000000326,-255.79638593749678,-1,HOLD
2025-01-29 09:40:00,-61.34720000000016,15.129219453127206,1,EXIT_PROFIT_TARGET_MET
2025-01-29 09:45:00,-61.440200000000004,21.263451875004705,1,EXIT_PROFIT_TARGET_MET
2025-01-29 09:50:00,-61.45460000000003,21.61265187500115,1,EXIT_PROFIT_TARGET_MET
2025-01-29 09:55:00,-61.49359999999979,43.77236031248037,1,EXIT_PROFIT_TARGET_MET
2025-01-29 10:00:00,-61.58680000000004,70.38875984374522,1,EXIT_PROFIT_TARGET_MET
2025-01-29 10:05:00,-61.53260000000046,69.07440984374102,1,EXIT_PROFIT_TARGET_MET
2025-01-29 10:10:00,-61.57039999999961,69.9910598437645,1,EXIT_PROFIT_TARGET_MET
2025-01-29 10:15:00,-61.60080000000016,70.72825984374947,1,EXIT_PROFIT_TARGET_MET
2025-01-29 10:20:00,-61.628600000000006,71.40240984373617,1,EXIT_PROFIT_TARGET_MET
2025-01-29 10:25:00,-61.659999999999854,3.2728101318475638,1,EXIT_PROFIT_TARGET_MET
2025-01-29 10:30:00,-61.86819999999989,13.00912031249828,1,EXIT_PROFIT_TARGET_MET
2025-01-29 10:35:00,-62.01640000000043,4.563981406249081,1,EXIT_PROFIT_TARGET_MET
2025-01-29 10:40:00,-62.05540000000019,13.250891249998467,1,EXIT_PROFIT_TARGET_MET
2025-01-29 10:45:00,-62.189000000000306,5.657941249999816,1,EXIT_PROFIT_TARGET_MET
2025-01-29 10:50:00,-62.21339999999964,6.788728750000082,1,EXIT_PROFIT_TARGET_MET
2025-01-29 10:55:00,-62.20259999999962,6.288216250000701,1,EXIT_PROFIT_TARGET_MET
2025-01-29 11:00:00,-62.34739999999965,12.998791250000757,1,EXIT_PROFIT_TARGET_MET
2025-01-29 11:05:00,-62.34320000000025,12.804147500000802,1,EXIT_PROFIT_TARGET_MET
2025-01-29 11:10:00,-62.23819999999978,7.938053750000911,1,EXIT_PROFIT_TARGET_MET
2025-01-29 11:15:00,-62.23819999999978,7.938053750000911,1,EXIT_PROFIT_TARGET_MET
2025-01-29 11:20:00,-62.276600000000144,9.717653749999556,1,EXIT_PROFIT_TARGET_MET
2025-01-29 11:25:00,-62.094200000000455,1.264553750000637,1,EXIT_PROFIT_TARGET_MET
2025-01-29 11:30:00,-62.094200000000455,1.264553750000637,1,EXIT_PROFIT_TARGET_MET
2025-01-29 11:35:00,-62.00560000000041,2.8465621874989253,1,EXIT_PROFIT_TARGET_MET
2025-01-29 11:40:00,-62.00560000000041,2.8465621874989253,1,EXIT_PROFIT_TARGET_MET
2025-01-29 11:45:00,-62.20399999999972,6.353097500000686,1,EXIT_PROFIT_TARGET_MET
2025-01-29 11:50:00,-62.20520000000033,6.4087100000010935,1,EXIT_PROFIT_TARGET_MET
2025-01-29 11:55:00,-62.22659999999996,7.400466250000214,1,EXIT_PROFIT_TARGET_MET
2025-01-29 12:00:00,-62.32759999999962,12.081185000001263,1,EXIT_PROFIT_TARGET_MET
2025-01-29 12:05:00,-62.55839999999989,22.777322499999833,1,EXIT_PROFIT_TARGET_MET
2025-01-29 12:10:00,-62.46140000000014,18.281978750000825,1,EXIT_PROFIT_TARGET_MET
2025-01-29 12:15:00,-62.38100000000031,14.555941250000714,1,EXIT_PROFIT_TARGET_MET
2025-01-29 12:20:00,-62.3761999999997,14.333491250000492,1,EXIT_PROFIT_TARGET_MET
2025-01-29 12:25:00,-62.22659999999996,16.41562640624923,1,EXIT_PROFIT_TARGET_MET
2025-01-29 12:30:00,-62.37660000000051,18.44828343749804,1,EXIT_PROFIT_TARGET_MET
2025-01-29 12:35:00,-62.3137999999999,9.033080000000169,1,EXIT_PROFIT_TARGET_MET
2025-01-29 12:40:00,-62.30879999999979,4.436790000001125,1,EXIT_PROFIT_TARGET_MET
2025-01-29 12:45:00,-62.30879999999979,10.744518750000566,1,EXIT_PROFIT_TARGET_MET
2025-01-29 12:50:00,-62.22519999999986,9.797097036133954,1,EXIT_PROFIT_TARGET_MET
2025-01-29 12:55:00,-62.20960000000014,0.8288795336913332,1,EXIT_PROFIT_TARGET_MET
2025-01-29 13:00:00,-62.20960000000014,0.23971109680194103,1,EXIT_PROFIT_TARGET_MET
2025-01-29 13:05:00,-62.350000000000364,5.6530718011471714,1,EXIT_PROFIT_TARGET_MET
2025-01-29 13:10:00,-62.361799999999675,2.784763278808768,1,EXIT_PROFIT_TARGET_MET
2025-01-29 13:15:00,-62.264000000000124,6.667163652343072,1,EXIT_PROFIT_TARGET_MET
2025-01-29 13:20:00,-62.23739999999998,9.835699663085881,1,EXIT_PROFIT_TARGET_MET
2025-01-29 13:25:00,-62.30479999999989,8.52687611328107,1,EXIT_PROFIT_TARGET_MET
2025-01-29 13:30:00,-62.35059999999976,1.2624491406258294,1,EXIT_PROFIT_TARGET_MET
2025-01-29 13:35:00,-62.40179999999964,3.008048203125341,1,EXIT_PROFIT_TARGET_MET
2025-01-29 13:40:00,-62.4332000000004,2.3805818750002032,1,EXIT_PROFIT_TARGET_MET
2025-01-29 13:45:00,-62.594600000000355,2.9804218749994646,1,EXIT_PROFIT_TARGET_MET
2025-01-29 13:50:00,-62.50680000000011,13.667788906249886,1,EXIT_PROFIT_TARGET_MET
2025-01-29 13:55:00,-62.63159999999971,16.70174031249922,1,EXIT_PROFIT_TARGET_MET
2025-01-29 14:00:00,-62.62840000000051,12.54128999999979,1,EXIT_PROFIT_TARGET_MET
2025-01-29 14:05:00,-62.654999999999745,0.5143837499997232,1,EXIT_PROFIT_TARGET_MET
2025-01-29 14:10:00,-62.63040000000001,5.470371298828921,1,EXIT_PROFIT_TARGET_MET
2025-01-29 14:15:00,-62.65719999999965,21.052784218367222,1,EXIT_PROFIT_TARGET_MET
2025-01-29 14:20:00,-62.73120000000017,0.0007008239746093825,1,EXIT_PROFIT_TARGET_MET
2025-01-29 14:25:00,-62.73120000000017,4.24570962967004,1,EXIT_PROFIT_TARGET_MET
2025-01-29 14:30:00,-62.75280000000021,0.027464074096678934,1,EXIT_PROFIT_TARGET_MET
2025-01-29 14:35:00,-62.65319999999974,5.229735614013916,1,EXIT_PROFIT_TARGET_MET
2025-01-29 14:40:00,-62.518200000000434,15.195154848631493,1,EXIT_PROFIT_TARGET_MET
2025-01-29 14:45:00,-62.564400000000205,19.977551699220157,1,EXIT_PROFIT_TARGET_MET
2025-01-29 14:50:00,-62.47739999999976,21.58593326171857,1,EXIT_PROFIT_TARGET_MET
2025-01-29 14:55:00,-62.47739999999976,25.220086552733537,1,EXIT_PROFIT_TARGET_MET
2025-01-29 15:00:00,-62.48099999999977,25.796800820313848,1,EXIT_PROFIT_TARGET_MET
2025-01-29 15:05:00,-62.50560000000041,17.730987500000193,1,EXIT_PROFIT_TARGET_MET
2025-01-29 15:10:00,-62.52800000000025,23.628019921873133,1,EXIT_PROFIT_TARGET_MET
2025-01-29 15:15:00,-62.52940000000035,17.89354328124871,1,EXIT_PROFIT_TARGET_MET
2025-01-29 15:20:00,-62.551000000000386,20.215693437498985,1,EXIT_PROFIT_TARGET_MET
2025-01-29 15:25:00,-62.48080000000027,3.34438937499948,1,EXIT_PROFIT_TARGET_MET
2025-01-29 15:30:00,-62.53099999999995,39.05980468750125,1,EXIT_PROFIT_TARGET_MET
2025-01-29 15:35:00,-62.419200000000274,22.94325312500132,1,EXIT_PROFIT_TARGET_MET
2025-01-29 15:40:00,-62.419200000000274,18.718932499999653,1,EXIT_PROFIT_TARGET_MET
2025-01-29 15:45:00,-62.38460000000032,8.598916015624749,1,EXIT_PROFIT_TARGET_MET
2025-01-29 15:50:00,-62.526200000000244,23.747575312499208,1,EXIT_PROFIT_TARGET_MET
2025-01-29 15:55:00,-62.53359999999975,17.34965113281155,1,EXIT_PROFIT_TARGET_MET
2025-01-29 16:00:00,-62.62740000000031,7.352238124998323,1,EXIT_PROFIT_TARGET_MET
2025-01-29 16:05:00,-62.62780000000021,17.633689531249516,1,EXIT_PROFIT_TARGET_MET
2025-01-29 16:10:00,-62.70300000000043,29.21580999999918,1,EXIT_PROFIT_TARGET_MET
2025-01-29 16:15:00,-62.70300000000043,21.67426687499953,1,EXIT_PROFIT_TARGET_MET
2025-01-29 16:20:00,-62.89400000000023,6.814707499999997,1,EXIT_PROFIT_TARGET_MET
2025-01-29 16:25:00,-62.873999999999796,14.534567499999213,1,EXIT_PROFIT_TARGET_MET
2025-01-29 16:30:00,-62.873999999999796,6.490019857883758e-05,1,EXIT_PROFIT_TARGET_MET
2025-01-29 16:35:00,-62.953199999999924,0.00016353324949741618,1,EXIT_PROFIT_TARGET_MET
2025-01-29 16:40:00,-62.953199999999924,0.025449947509760644,1,EXIT_PROFIT_TARGET_MET
2025-01-29 16:45:00,-62.81540000000041,0.1572233659362803,1,EXIT_PROFIT_TARGET_MET
2025-01-29 16:50:00,-62.81540000000041,12.858902499998877,1,EXIT_PROFIT_TARGET_MET
2025-01-29 16:55:00,-62.81540000000041,0.19313263793944188,1,EXIT_PROFIT_TARGET_MET
2025-01-29 17:00:00,-62.87920000000031,0.048414401855454536,1,EXIT_PROFIT_TARGET_MET
2025-01-29 17:05:00,-62.801800000000185,0.00014797821998596477,1,EXIT_PROFIT_TARGET_MET
2025-01-29 17:10:00,-62.801800000000185,32.0946571874983,1,EXIT_PROFIT_TARGET_MET
2025-01-29 17:15:00,-62.801800000000185,0.16781469970703378,1,EXIT_PROFIT_TARGET_MET
2025-01-29 17:20:00,-62.91679999999997,8.240950624999975,1,EXIT_PROFIT_TARGET_MET
2025-01-29 17:25:00,-62.91679999999997,0.5764635937498213,1,EXIT_PROFIT_TARGET_MET
2025-01-29 17:30:00,-62.91120000000046,0.883089375000182,1,EXIT_PROFIT_TARGET_MET
2025-01-29 17:35:00,-63.055199999999786,11.600127500001747,1,EXIT_PROFIT_TARGET_MET
2025-01-29 17:40:00,-63.00699999999961,11.340592499999957,1,EXIT_PROFIT_TARGET_MET
2025-01-29 17:45:00,-63.00699999999961,12.422752500000684,1,EXIT_PROFIT_TARGET_MET
2025-01-29 17:50:00,-63.04560000000038,12.409407499999759,1,EXIT_PROFIT_TARGET_MET
2025-01-29 17:55:00,-63.15380000000005,-83.61635750000102,-1,HOLD
2025-01-29 18:00:00,-63.20759999999973,1.6247683593750128,1,EXIT_PROFIT_TARGET_MET
2025-01-29 18:05:00,-63.21299999999974,1.2725607812499842,1,EXIT_PROFIT_TARGET_MET
2025-01-29 18:10:00,-63.167599999999766,1.6896607031250204,1,EXIT_PROFIT_TARGET_MET
2025-01-29 18:15:00,-63.05799999999999,6.085235468749962,1,EXIT_PROFIT_TARGET_MET
2025-01-29 18:20:00,-63.02459999999974,9.457811875001312,1,EXIT_PROFIT_TARGET_MET
2025-01-29 18:25:00,-63.06919999999991,-149.71830312499924,-1,HOLD
2025-01-29 18:30:00,-63.09400000000005,-109.35806437499832,-1,HOLD
2025-01-29 18:35:00,-63.09400000000005,-111.29447062499838,-1,HOLD
2025-01-29 18:40:00,-63.05079999999998,-114.0447749999986,-1,HOLD
2025-01-29 18:45:00,-62.98900000000049,11.858497500001533,1,EXIT_PROFIT_TARGET_MET
2025-01-29 18:50:00,-62.89680000000044,65.57147466796823,1,EXIT_PROFIT_TARGET_MET
2025-01-29 18:55:00,-62.906200000000354,65.33594224609375,1,EXIT_PROFIT_TARGET_MET
2025-01-29 19:00:00,-62.82539999999972,2.5530529589843107,1,EXIT_PROFIT_TARGET_MET
2025-01-29 19:05:00,-62.76140000000032,9.087886582031116,1,EXIT_PROFIT_TARGET_MET
2025-01-29 19:10:00,-62.728399999999965,20.920601250000388,1,EXIT_PROFIT_TARGET_MET
2025-01-29 19:15:00,-62.681800000000294,38.468155000000024,1,EXIT_PROFIT_TARGET_MET
2025-01-29 19:20:00,-62.65940000000046,21.062293906249096,1,EXIT_PROFIT_TARGET_MET
2025-01-29 19:25:00,-62.48660000000018,2.1705701562493367,1,EXIT_PROFIT_TARGET_MET
2025-01-29 19:30:00,-62.48660000000018,41.786324375000504,1,EXIT_PROFIT_TARGET_MET
2025-01-29 19:35:00,-62.63519999999971,29.32609375000007,1,EXIT_PROFIT_TARGET_MET
2025-01-29 19:40:00,-62.719200000000455,7.868224335937069,1,EXIT_PROFIT_TARGET_MET
2025-01-29 19:45:00,-62.671800000000076,5.2543358984370565,1,EXIT_PROFIT_TARGET_MET
2025-01-29 19:50:00,-62.654199999999946,-139.13939874999937,-1,NO_VALID_ACTION_DEFENSIVE_AVG
2025-01-29 19:55:00,-62.654199999999946,31.58321999999913,1,EXIT_PROFIT_TARGET_MET
2025-01-29 20:00:00,-62.444000000000415,52.05091999999809,1,EXIT_PROFIT_TARGET_MET
2025-01-29 20:05:00,-62.52440000000024,11.172515429687866,1,EXIT_PROFIT_TARGET_MET
2025-01-29 20:10:00,-62.52440000000024,8.848923593749763,1,EXIT_PROFIT_TARGET_MET
2025-01-29 20:15:00,-62.67439999999988,1.1985584375000649,1,EXIT_PROFIT_TARGET_MET
2025-01-29 20:20:00,-62.67920000000049,1.725420625000396,1,EXIT_PROFIT_TARGET_MET
2025-01-29 20:25:00,-62.67920000000049,0.07561687500042069,1,EXIT_PROFIT_TARGET_MET
2025-01-29 20:30:00,-62.793800000000374,50.45572874999942,1,EXIT_PROFIT_TARGET_MET
2025-01-29 20:35:00,-62.83460000000014,34.475246250000424,1,EXIT_PROFIT_TARGET_MET
2025-01-29 20:40:00,-62.83460000000014,50.743488749998846,1,EXIT_PROFIT_TARGET_MET
2025-01-29 20:45:00,-62.83460000000014,35.55514000000005,1,EXIT_PROFIT_TARGET_MET
2025-01-29 20:50:00,-62.83460000000014,6.708514999997988,1,EXIT_PROFIT_TARGET_MET
2025-01-29 20:55:00,-62.83460000000014,-173.5413400000001,-1,HOLD
2025-01-29 21:00:00,-62.67659999999978,29.272004999998416,1,EXIT_PROFIT_TARGET_MET
2025-01-29 21:05:00,-62.67659999999978,-130.15125999999987,-1,HOLD
2025-01-29 21:10:00,-62.67659999999978,9.047864999998865,1,EXIT_PROFIT_TARGET_MET
2025-01-29 21:15:00,-62.67659999999978,9.047864999998865,1,EXIT_PROFIT_TARGET_MET
2025-01-29 21:20:00,-62.67659999999978,9.047864999998865,1,EXIT_PROFIT_TARGET_MET
2025-01-29 21:25:00,-62.67659999999978,9.047864999998865,1,EXIT_PROFIT_TARGET_MET
2025-01-29 21:30:00,-62.67659999999978,9.047864999998865,1,EXIT_PROFIT_TARGET_MET
2025-01-29 21:35:00,-62.67659999999978,9.047864999998865,1,EXIT_PROFIT_TARGET_MET
2025-01-29 21:40:00,-62.850000000000364,47.67614171874958,1,EXIT_PROFIT_TARGET_MET
2025-01-29 21:45:00,-62.850000000000364,47.67614171874958,1,EXIT_PROFIT_TARGET_MET
2025-01-29 21:50:00,-62.850000000000364,47.67614171874958,1,EXIT_PROFIT_TARGET_MET
2025-01-29 21:55:00,-62.850000000000364,47.67614171874958,1,EXIT_PROFIT_TARGET_MET
2025-01-29 22:00:00,-62.63159999999971,0.42076718749938635,1,EXIT_PROFIT_TARGET_MET
2025-01-29 22:05:00,-62.676000000000386,56.32856359374917,1,EXIT_PROFIT_TARGET_MET
2025-01-29 22:10:00,-62.75960000000032,52.171422968750036,1,EXIT_PROFIT_TARGET_MET
2025-01-29 22:15:00,-62.80420000000049,49.953618281250556,1,EXIT_PROFIT_TARGET_MET
2025-01-29 22:20:00,-62.56999999999971,3.4362796875006474,1,EXIT_PROFIT_TARGET_MET
2025-01-29 22:25:00,-62.50619999999981,6.559489062499598,1,EXIT_PROFIT_TARGET_MET
2025-01-29 22:30:00,-62.50619999999981,6.559489062499598,1,EXIT_PROFIT_TARGET_MET
2025-01-29 22:35:00,-62.3771999999999,12.874442187499696,1,EXIT_PROFIT_TARGET_MET
2025-01-29 22:40:00,-62.28300000000036,0.030242499999701522,1,EXIT_PROFIT_TARGET_MET
2025-01-29 22:45:00,-62.326200000000426,2.191230625000678,1,EXIT_PROFIT_TARGET_MET
2025-01-29 22:50:00,-62.34360000000015,1.3663618750019282,1,EXIT_PROFIT_TARGET_MET
2025-01-29 22:55:00,-62.34360000000015,1.3663618750019282,1,EXIT_PROFIT_TARGET_MET
2025-01-29 23:00:00,-62.19959999999992,3.2098674999995467,1,EXIT_PROFIT_TARGET_MET
2025-01-29 23:05:00,-62.01440000000002,2.37540000000007,1,EXIT_PROFIT_TARGET_MET
2025-01-29 23:10:00,-62.132800000000316,5.756617499998953,1,EXIT_PROFIT_TARGET_MET
2025-01-29 23:15:00,-61.95060000000012,4.018250000000421,1,EXIT_PROFIT_TARGET_MET
2025-01-29 23:20:00,-61.91480000000047,4.940100000001564,1,EXIT_PROFIT_TARGET_MET
2025-01-29 23:25:00,-61.81779999999981,7.437849999999514,1,EXIT_PROFIT_TARGET_MET
2025-01-29 23:30:00,-62.047199999999975,1.530800000000852,1,EXIT_PROFIT_TARGET_MET
2025-01-29 23:35:00,-62.047199999999975,1.530800000000852,1,EXIT_PROFIT_TARGET_MET
2025-01-29 23:40:00,-62.047199999999975,1.530800000000852,1,EXIT_PROFIT_TARGET_MET
2025-01-29 23:45:00,-61.985999999999876,3.1067000000007283,1,EXIT_PROFIT_TARGET_MET
2025-01-29 23:50:00,-61.972999999999956,3.441450000001055,1,EXIT_PROFIT_TARGET_MET
2025-01-29 23:55:00,-62.05360000000019,1.3659999999996444,1,EXIT_PROFIT_TARGET_MET
2025-01-30 00:00:00,-62.0600000000004,1.2011999999999716,1,EXIT_PROFIT_TARGET_MET
2025-01-30 00:05:00,-62.02260000000024,2.164250000000777,1,EXIT_PROFIT_TARGET_MET
2025-01-30 00:10:00,-62.02260000000024,2.164250000000777,1,EXIT_PROFIT_TARGET_MET
2025-01-30 00:15:00,-62.13640000000032,5.6193675000006635,1,EXIT_PROFIT_TARGET_MET
2025-01-30 00:20:00,-62.24120000000039,1.6238674999991645,1,EXIT_PROFIT_TARGET_MET
2025-01-30 00:25:00,-62.26900000000023,0.5639925000005803,1,EXIT_PROFIT_TARGET_MET
2025-01-30 00:30:00,-62.246799999999894,1.4103675000026499,1,EXIT_PROFIT_TARGET_MET
2025-01-30 00:35:00,-61.818199999999706,7.427550000001133,1,EXIT_PROFIT_TARGET_MET
2025-01-30 00:40:00,-62.03219999999965,1.9170500000017796,1,EXIT_PROFIT_TARGET_MET
2025-01-30 00:45:00,-61.69520000000011,10.594799999998713,1,EXIT_PROFIT_TARGET_MET
2025-01-30 00:50:00,-61.89919999999984,5.341800000001342,1,EXIT_PROFIT_TARGET_MET
2025-01-30 00:55:00,-62.064000000000306,1.0981999999997925,1,EXIT_PROFIT_TARGET_MET
2025-01-30 01:00:00,-62.12960000000021,5.878617499999081,1,EXIT_PROFIT_TARGET_MET
2025-01-30 01:05:00,-62.21439999999984,2.645617499999787,1,EXIT_PROFIT_TARGET_MET
2025-01-30 01:10:00,-62.1862000000001,3.720742499998323,1,EXIT_PROFIT_TARGET_MET
2025-01-30 01:15:00,-62.1228000000001,6.137867500000311,1,EXIT_PROFIT_TARGET_MET
2025-01-30 01:20:00,-62.1228000000001,6.137867500000311,1,EXIT_PROFIT_TARGET_MET
2025-01-30 01:25:00,-61.96860000000015,3.554750000000638,1,EXIT_PROFIT_TARGET_MET
2025-01-30 01:30:00,-62.077800000000025,0.7428499999996347,1,EXIT_PROFIT_TARGET_MET
2025-01-30 01:35:00,-62.13220000000001,5.779492500001311,1,EXIT_PROFIT_TARGET_MET
2025-01-30 01:40:00,-62.13220000000001,5.779492500001311,1,EXIT_PROFIT_TARGET_MET
2025-01-30 01:45:00,-62.025800000000345,2.081849999999406,1,EXIT_PROFIT_TARGET_MET
2025-01-30 01:50:00,-62.03899999999976,1.7419499999980985,1,EXIT_PROFIT_TARGET_MET
2025-01-30 01:55:00,-62.005200000000514,2.6122999999996637,1,EXIT_PROFIT_TARGET_MET
2025-01-30 02:00:00,-62.13100000000031,5.825242499998097,1,EXIT_PROFIT_TARGET_MET
2025-01-30 02:05:00,-61.8163999999997,7.473900000000754,1,EXIT_PROFIT_TARGET_MET
2025-01-30 02:10:00,-61.89500000000044,5.449950000000456,1,EXIT_PROFIT_TARGET_MET
2025-01-30 02:15:00,-61.66740000000027,11.31065000000001,1,EXIT_PROFIT_TARGET_MET
2025-01-30 02:20:00,-61.767799999999625,8.725350000001242,1,EXIT_PROFIT_TARGET_MET
2025-01-30 02:25:00,-61.814000000000306,7.535700000000247,1,EXIT_PROFIT_TARGET_MET
2025-01-30 02:30:00,-61.90819999999985,5.110049999999148,1,EXIT_PROFIT_TARGET_MET
2025-01-30 02:35:00,-61.970000000000255,3.5187000000019566,1,EXIT_PROFIT_TARGET_MET
2025-01-30 02:40:00,-61.72599999999966,9.80170000000112,1,EXIT_PROFIT_TARGET_MET
2025-01-30 02:45:00,-61.784599999999955,8.292749999998648,1,EXIT_PROFIT_TARGET_MET
2025-01-30 02:50:00,-61.813200000000506,7.556300000000078,1,EXIT_PROFIT_TARGET_MET
2025-01-30 02:55:00,-61.6271999999999,12.345799999999713,1,EXIT_PROFIT_TARGET_MET
2025-01-30 03:00:00,-61.6271999999999,12.345799999999713,1,EXIT_PROFIT_TARGET_MET
2025-01-30 03:05:00,-61.897799999999734,5.37785000000207,1,EXIT_PROFIT_TARGET_MET
2025-01-30 03:10:00,-62.01080000000002,2.468099999999822,1,EXIT_PROFIT_TARGET_MET
2025-01-30 03:15:00,-62.28620000000046,4.0874806249995075,1,EXIT_PROFIT_TARGET_MET
2025-01-30 03:20:00,-62.259799999999814,0.9147425000005001,1,EXIT_PROFIT_TARGET_MET
2025-01-30 03:25:00,-62.44959999999992,9.330235937500245,1,EXIT_PROFIT_TARGET_MET
2025-01-30 03:30:00,-62.577400000000125,3.074026562500098,1,EXIT_PROFIT_TARGET_MET
2025-01-30 03:35:00,-62.54880000000048,4.4740859375015525,1,EXIT_PROFIT_TARGET_MET
2025-01-30 03:40:00,-62.47620000000006,8.028082812500244,1,EXIT_PROFIT_TARGET_MET
2025-01-30 03:45:00,-62.38979999999992,12.257632812502361,1,EXIT_PROFIT_TARGET_MET
2025-01-30 03:50:00,-62.46560000000045,8.546985937499162,1,EXIT_PROFIT_TARGET_MET
2025-01-30 03:55:00,-62.23499999999967,1.8602425000013625,1,EXIT_PROFIT_TARGET_MET
2025-01-30 04:00:00,-61.80000000000018,16.48390187499944,1,EXIT_PROFIT_TARGET_MET
2025-01-30 04:05:00,-62.012800000000425,12.230666875000878,1,EXIT_PROFIT_TARGET_MET
2025-01-30 04:10:00,-62.13339999999971,59.5237881249988,1,EXIT_PROFIT_TARGET_MET
2025-01-30 04:15:00,-62.13339999999971,50.40756499999918,1,EXIT_PROFIT_TARGET_MET
2025-01-30 04:20:00,-62.0011999999997,12.8718549999993,1,EXIT_PROFIT_TARGET_MET
2025-01-30 04:25:00,-62.193599999999606,8.754839999999433,1,EXIT_PROFIT_TARGET_MET
2025-01-30 04:30:00,-62.3732,13.545144999999934,1,EXIT_PROFIT_TARGET_MET
2025-01-30 04:35:00,-62.263600000000224,21.459072499999195,1,EXIT_PROFIT_TARGET_MET
2025-01-30 04:40:00,-62.23840000000018,60.560412499998705,1,EXIT_PROFIT_TARGET_MET
2025-01-30 04:45:00,-62.399999999999636,18.159885000000486,1,EXIT_PROFIT_TARGET_MET
2025-01-30 04:50:00,-62.388600000000224,1.7285900000007928,1,EXIT_PROFIT_TARGET_MET
2025-01-30 04:55:00,-62.638600000000224,14.765009999998739,1,EXIT_PROFIT_TARGET_MET
2025-01-30 05:00:00,-61.600000000000364,22.035039999999128,1,EXIT_PROFIT_TARGET_MET
2025-01-30 05:05:00,-61.986399999999776,12.085239999999317,1,EXIT_PROFIT_TARGET_MET
2025-01-30 05:10:00,-61.707400000000234,19.26948999999979,1,EXIT_PROFIT_TARGET_MET
2025-01-30 05:15:00,-61.427599999999984,26.474340000000097,1,EXIT_PROFIT_TARGET_MET
2025-01-30 05:20:00,-61.34940000000006,28.487989999999968,1,EXIT_PROFIT_TARGET_MET
2025-01-30 05:25:00,-61.19639999999981,32.42774000000145,1,EXIT_PROFIT_TARGET_MET
2025-01-30 05:30:00,-61.44959999999992,25.907839999999112,1,EXIT_PROFIT_TARGET_MET
2025-01-30 05:35:00,-62.100000000000364,9.160039999999753,1,EXIT_PROFIT_TARGET_MET
2025-01-30 05:40:00,-62.33060000000023,3.222089999999298,1,EXIT_PROFIT_TARGET_MET
2025-01-30 05:45:00,-62.995200000000295,1.1696349999991753,1,EXIT_PROFIT_TARGET_MET
2025-01-30 05:50:00,-62.6876000000002,12.896884999997837,1,EXIT_PROFIT_TARGET_MET
2025-01-30 05:55:00,-62.443199999999706,0.32264000000054693,1,EXIT_PROFIT_TARGET_MET
2025-01-30 06:00:00,-61.84220000000005,15.798390000000609,1,EXIT_PROFIT_TARGET_MET
2025-01-30 06:05:00,-62.32719999999972,3.3096400000001154,1,EXIT_PROFIT_TARGET_MET
2025-01-30 06:10:00,-62.112200000000485,8.845890000000793,1,EXIT_PROFIT_TARGET_MET
2025-01-30 06:15:00,-62.26500000000033,4.911289999998758,1,EXIT_PROFIT_TARGET_MET
2025-01-30 06:20:00,-62.75500000000011,10.327259999999143,1,EXIT_PROFIT_TARGET_MET
2025-01-30 06:25:00,-63.279999999999745,64.70727093750081,1,EXIT_PROFIT_TARGET_MET
2025-01-30 06:30:00,-63.443199999999706,56.59189593750092,1,EXIT_PROFIT_TARGET_MET
2025-01-30 06:35:00,-62.90679999999975,4.539884999999828,1,EXIT_PROFIT_TARGET_MET
2025-01-30 06:40:00,-62.69660000000022,12.553759999998789,1,EXIT_PROFIT_TARGET_MET
2025-01-30 06:45:00,-62.693599999999606,12.66813500000137,1,EXIT_PROFIT_TARGET_MET
2025-01-30 06:50:00,-62.78819999999996,9.06151000000159,1,EXIT_PROFIT_TARGET_MET
2025-01-30 06:55:00,-62.78200000000015,9.297885000000718,1,EXIT_PROFIT_TARGET_MET
2025-01-30 07:00:00,-62.51299999999992,19.553510000000045,1,EXIT_PROFIT_TARGET_MET
2025-01-30 07:05:00,-62.29320000000007,4.185140000000615,1,EXIT_PROFIT_TARGET_MET
2025-01-30 07:10:00,-62.5608000000002,17.73113500000028,1,EXIT_PROFIT_TARGET_MET
2025-01-30 07:15:00,-62.632800000000316,14.98613499999945,1,EXIT_PROFIT_TARGET_MET
2025-01-30 07:20:00,-62.960399999999936,2.4963849999996057,1,EXIT_PROFIT_TARGET_MET
2025-01-30 07:25:00,-62.94239999999991,3.1826349999992374,1,EXIT_PROFIT_TARGET_MET
2025-01-30 07:30:00,-63.17939999999999,2.5336187500016507,1,EXIT_PROFIT_TARGET_MET
2025-01-30 07:35:00,-63.21720000000005,0.7416625000004373,1,EXIT_PROFIT_TARGET_MET
2025-01-30 07:40:00,-63.01839999999993,0.28513499999991154,1,EXIT_PROFIT_TARGET_MET
2025-01-30 07:45:00,-62.91939999999977,4.05950999999942,1,EXIT_PROFIT_TARGET_MET
2025-01-30 07:50:00,-62.90440000000035,4.63138499999954,1,EXIT_PROFIT_TARGET_MET
2025-01-30 07:55:00,-62.90440000000035,4.63138499999954,1,EXIT_PROFIT_TARGET_MET
2025-01-30 08:00:00,-62.8141999999998,8.070260000000872,1,EXIT_PROFIT_TARGET_MET
2025-01-30 08:05:00,-62.60599999999977,16.007884999998794,1,EXIT_PROFIT_TARGET_MET
2025-01-30 08:10:00,-62.518200000000434,19.3552599999999,1,EXIT_PROFIT_TARGET_MET
2025-01-30 08:15:00,-62.585399999999936,16.793260000000288,1,EXIT_PROFIT_TARGET_MET
2025-01-30 08:20:00,-62.780800000000454,9.34363499999904,1,EXIT_PROFIT_TARGET_MET
2025-01-30 08:25:00,-62.71240000000034,11.951384999998766,1,EXIT_PROFIT_TARGET_MET
2025-01-30 08:30:00,-63.03139999999985,2.9307075000004517,1,EXIT_PROFIT_TARGET_MET
2025-01-30 08:35:00,-63.10159999999996,6.221825000000159,1,EXIT_PROFIT_TARGET_MET
2025-01-30 08:40:00,-62.86779999999999,6.026759999999371,1,EXIT_PROFIT_TARGET_MET
2025-01-30 08:45:00,-62.85919999999987,6.354634999999746,1,EXIT_PROFIT_TARGET_MET
2025-01-30 08:50:00,-62.766599999999926,9.885009999999511,1,EXIT_PROFIT_TARGET_MET
2025-01-30 08:55:00,-62.69220000000041,11.040042499998975,1,EXIT_PROFIT_TARGET_MET
2025-01-30 09:00:00,-62.6913999999997,11.075492500000578,1,EXIT_PROFIT_TARGET_MET
2025-01-30 09:05:00,-62.72540000000026,9.568867500000039,1,EXIT_PROFIT_TARGET_MET
2025-01-30 09:10:00,-62.59259999999995,0.16284249999924327,1,EXIT_PROFIT_TARGET_MET
2025-01-30 09:15:00,-62.900400000000445,1.8141800000011017,1,EXIT_PROFIT_TARGET_MET
2025-01-30 09:20:00,-62.60500000000047,14.904092500001056,1,EXIT_PROFIT_TARGET_MET
2025-01-30 09:25:00,-62.58640000000014,0.3992175000011855,1,EXIT_PROFIT_TARGET_MET
2025-01-30 09:30:00,-62.69180000000051,11.05776750000048,1,EXIT_PROFIT_TARGET_MET
2025-01-30 09:35:00,-62.61660000000029,77.51363218750103,1,EXIT_PROFIT_TARGET_MET
2025-01-30 09:40:00,-62.399999999999636,79.11433812500206,1,EXIT_PROFIT_TARGET_MET
2025-01-30 09:45:00,-62.375,62.677174999999494,1,EXIT_PROFIT_TARGET_MET
2025-01-30 09:50:00,-62.30420000000049,21.39554500000014,1,EXIT_PROFIT_TARGET_MET
2025-01-30 09:55:00,-62.22659999999996,65.6377699999993,1,EXIT_PROFIT_TARGET_MET
2025-01-30 10:00:00,-62.18220000000019,34.48359250000067,1,EXIT_PROFIT_TARGET_MET
2025-01-30 10:05:00,-62.09820000000036,57.02136249999893,1,EXIT_PROFIT_TARGET_MET
2025-01-30 10:10:00,-62.07920000000013,37.20970750000083,1,EXIT_PROFIT_TARGET_MET
2025-01-30 10:15:00,-62.16539999999986,6.150825000001532,1,EXIT_PROFIT_TARGET_MET
2025-01-30 10:20:00,-62.07980000000043,3.911677500000735,1,EXIT_PROFIT_TARGET_MET
2025-01-30 10:25:00,-62.02900000000045,5.219777500000248,1,EXIT_PROFIT_TARGET_MET
2025-01-30 10:30:00,-61.93299999999999,7.691777500000455,1,EXIT_PROFIT_TARGET_MET
2025-01-30 10:35:00,-62.18299999999999,1.2542775000000006,1,EXIT_PROFIT_TARGET_MET
2025-01-30 10:40:00,-62.07560000000012,4.019827499999849,1,EXIT_PROFIT_TARGET_MET
2025-01-30 10:45:00,-62.35360000000037,49.313940000001395,1,EXIT_PROFIT_TARGET_MET
2025-01-30 10:50:00,-62.49759999999969,43.82393999999948,1,EXIT_PROFIT_TARGET_MET
2025-01-30 10:55:00,-62.49759999999969,43.82393999999948,1,EXIT_PROFIT_TARGET_MET
2025-01-30 11:00:00,-62.57340000000022,40.93406499999924,1,EXIT_PROFIT_TARGET_MET
2025-01-30 11:05:00,-62.61120000000028,39.492939999999805,1,EXIT_PROFIT_TARGET_MET
2025-01-30 11:10:00,-62.511999999999716,43.27494000000121,1,EXIT_PROFIT_TARGET_MET
2025-01-30 11:15:00,-62.783400000000256,32.92781500000089,1,EXIT_PROFIT_TARGET_MET
2025-01-30 11:20:00,-62.84780000000046,30.472564999999662,1,EXIT_PROFIT_TARGET_MET
2025-01-30 11:25:00,-62.9387999999999,27.003190000000217,1,EXIT_PROFIT_TARGET_MET
2025-01-30 11:30:00,-62.95939999999973,26.21781500000128,1,EXIT_PROFIT_TARGET_MET
2025-01-30 11:35:00,-62.73019999999997,34.956064999999114,1,EXIT_PROFIT_TARGET_MET
2025-01-30 11:40:00,-62.86539999999968,29.801564999999982,1,EXIT_PROFIT_TARGET_MET
2025-01-30 11:45:00,-62.783800000000156,32.91256500000094,1,EXIT_PROFIT_TARGET_MET
2025-01-30 11:50:00,-62.86359999999968,29.870189999999383,1,EXIT_PROFIT_TARGET_MET
2025-01-30 11:55:00,-62.86359999999968,29.870189999999383,1,EXIT_PROFIT_TARGET_MET
2025-01-30 12:00:00,-62.65819999999985,37.7010650000002,1,EXIT_PROFIT_TARGET_MET
2025-01-30 12:05:00,-62.63220000000001,38.692314999999894,1,EXIT_PROFIT_TARGET_MET
2025-01-30 12:10:00,-62.884399999999914,29.077190000000087,1,EXIT_PROFIT_TARGET_MET
2025-01-30 12:15:00,-62.84820000000036,30.457315000001245,1,EXIT_PROFIT_TARGET_MET
2025-01-30 12:20:00,-62.792999999999665,32.56181499999974,1,EXIT_PROFIT_TARGET_MET
2025-01-30 12:25:00,-62.962000000000444,26.11869000000044,1,EXIT_PROFIT_TARGET_MET
2025-01-30 12:30:00,-63.04119999999966,23.0991900000015,1,EXIT_PROFIT_TARGET_MET
2025-01-30 12:35:00,-62.97140000000036,25.760315000000418,1,EXIT_PROFIT_TARGET_MET
2025-01-30 12:40:00,-62.97140000000036,25.760315000000418,1,EXIT_PROFIT_TARGET_MET
2025-01-30 12:45:00,-62.856800000000476,30.12943999999908,1,EXIT_PROFIT_TARGET_MET
2025-01-30 12:50:00,-62.99420000000009,24.891065000001106,1,EXIT_PROFIT_TARGET_MET
2025-01-30 12:55:00,-63.05760000000009,22.473940000001676,1,EXIT_PROFIT_TARGET_MET
2025-01-30 13:00:00,-63.1261999999997,19.858565000000056,1,EXIT_PROFIT_TARGET_MET
2025-01-30 13:05:00,-63.20960000000014,16.67894000000021,1,EXIT_PROFIT_TARGET_MET
2025-01-30 13:10:00,-63.448199999999815,7.5823150000018416,1,EXIT_PROFIT_TARGET_MET
2025-01-30 13:15:00,-63.30159999999978,22.935643750000622,1,EXIT_PROFIT_TARGET_MET
2025-01-30 13:20:00,-63.32520000000022,42.709487500001075,1,EXIT_PROFIT_TARGET_MET
2025-01-30 13:25:00,-63.32520000000022,17.62795250000022,1,EXIT_PROFIT_TARGET_MET
2025-01-30 13:30:00,-63.32520000000022,41.11756000000099,1,EXIT_PROFIT_TARGET_MET
2025-01-30 13:35:00,-63.29140000000007,43.636795000000376,1,EXIT_PROFIT_TARGET_MET
2025-01-30 13:40:00,-63.48540000000048,4.146079999999472,1,EXIT_PROFIT_TARGET_MET
2025-01-30 13:45:00,-63.526200000000244,6.716331874999483,1,EXIT_PROFIT_TARGET_MET
2025-01-30 13:50:00,-63.52019999999993,5.886905624999407,1,EXIT_PROFIT_TARGET_MET
2025-01-30 13:55:00,-63.9996000000001,31.72840437499978,1,EXIT_PROFIT_TARGET_MET
2025-01-30 14:00:00,-64.14019999999982,19.967511874999012,1,EXIT_PROFIT_TARGET_MET
2025-01-30 14:05:00,-63.88879999999972,27.94099312499992,1,EXIT_PROFIT_TARGET_MET
2025-01-30 14:10:00,-63.88879999999972,17.153330000002427,1,EXIT_PROFIT_TARGET_MET
2025-01-30 14:15:00,-63.91399999999976,43.34061875000208,1,EXIT_PROFIT_TARGET_MET
2025-01-30 14:20:00,-64.21020000000044,5.755994999999757,1,EXIT_PROFIT_TARGET_MET
2025-01-30 14:25:00,-64.08659999999963,24.380612500000964,1,EXIT_PROFIT_TARGET_MET
2025-01-30 14:30:00,-63.87840000000051,11.344756249998568,1,EXIT_PROFIT_TARGET_MET
2025-01-30 14:35:00,-63.77459999999974,11.787859999999199,1,EXIT_PROFIT_TARGET_MET
2025-01-30 14:40:00,-63.77459999999974,2.763821250000376,1,EXIT_PROFIT_TARGET_MET
2025-01-30 14:45:00,-63.835799999999836,2.0982015624997743,1,EXIT_PROFIT_TARGET_MET
2025-01-30 14:50:00,-63.85320000000047,4.6324987499996055,1,EXIT_PROFIT_TARGET_MET
2025-01-30 14:55:00,-63.899999999999636,1.1027255095541884e-08,1,EXIT_PROFIT_TARGET_MET
2025-01-30 15:00:00,-63.79600000000028,4.030981508551278e-09,1,EXIT_PROFIT_TARGET_MET
2025-01-30 15:05:00,-63.79600000000028,2.4904446601857672e-05,1,EXIT_PROFIT_TARGET_MET
2025-01-30 15:10:00,-63.79600000000028,6.042134482411368e-09,1,EXIT_PROFIT_TARGET_MET
2025-01-30 15:15:00,-63.83740000000034,-179.40511500000014,-1,NO_VALID_ACTION_DEFENSIVE_AVG
2025-01-30 15:20:00,-63.746000000000095,-142.0088349999993,-1,NO_VALID_ACTION_DEFENSIVE_AVG
2025-01-30 15:25:00,-63.7525999999998,-155.18944999999985,-1,NO_VALID_ACTION_DEFENSIVE_AVG
2025-01-30 15:30:00,-63.746799999999894,-152.6800999999998,-1,NO_VALID_ACTION_DEFENSIVE_AVG
2025-01-30 15:35:00,-63.68000000000029,3.2267202623188634e-08,1,EXIT_PROFIT_TARGET_MET
2025-01-30 15:40:00,-63.71140000000014,2.0520989317446894e-07,1,EXIT_PROFIT_TARGET_MET
2025-01-30 15:45:00,-63.7529999999997,-177.1990249999987,-1,NO_VALID_ACTION_DEFENSIVE_AVG
2025-01-30 15:50:00,-63.839600000000246,-157.0093324999997,-1,NO_VALID_ACTION_DEFENSIVE_AVG
2025-01-30 15:55:00,-63.85080000000016,-154.1831000000002,-1,NO_VALID_ACTION_DEFENSIVE_AVG
2025-01-30 16:00:00,-63.94340000000011,-150.23755000000006,-1,NO_VALID_ACTION_DEFENSIVE_AVG
2025-01-30 16:05:00,-64.03399999999965,-145.7104999999999,-1,NO_VALID_ACTION_DEFENSIVE_AVG
2025-01-30 16:10:00,-64.09460000000036,-102.11545000000012,-1,NO_VALID_ACTION_DEFENSIVE_AVG
2025-01-30 16:15:00,-64.09460000000036,-103.48795000000018,-1,NO_VALID_ACTION_DEFENSIVE_AVG
2025-01-30 16:20:00,-63.98559999999998,0.1610697265625014,1,EXIT_PROFIT_TARGET_MET
2025-01-30 16:25:00,-63.98059999999987,-175.18144499999954,-1,HOLD
2025-01-30 16:30:00,-63.98059999999987,-147.01544999999987,-1,HOLD
2025-01-30 16:35:00,-63.87740000000031,-147.48305000000028,-1,HOLD
2025-01-30 16:40:00,-63.827000000000226,-144.66025000000013,-1,HOLD
2025-01-30 16:45:00,-63.797199999999975,-144.35789999999997,-1,HOLD
2025-01-30 16:50:00,-63.78319999999985,-144.64239999999995,-1,HOLD
2025-01-30 16:55:00,-63.72400000000016,-144.00300000000016,-1,HOLD
2025-01-30 17:00:00,-63.72400000000016,-143.77300000000014,-1,HOLD
2025-01-30 17:05:00,-63.89400000000023,-134.36050000000023,-1,HOLD
2025-01-30 17:10:00,-63.60500000000047,-142.90875000000028,-1,HOLD
2025-01-30 17:15:00,-63.759000000000015,-143.67425000000003,-1,HOLD
2025-01-30 17:20:00,-63.76519999999982,-139.1338999999998,-1,HOLD
2025-01-30 17:25:00,-63.66660000000047,-136.16495000000032,-1,NO_VALID_ACTION_DEFENSIVE_AVG
2025-01-30 17:30:00,-63.66660000000047,-130.51995000000034,-1,NO_VALID_ACTION_DEFENSIVE_AVG
2025-01-30 17:35:00,-63.58320000000003,-121.75240000000008,-1,NO_VALID_ACTION_DEFENSIVE_AVG
2025-01-30 17:40:00,-63.580799999999726,-118.15559999999982,-1,NO_VALID_ACTION_DEFENSIVE_AVG
2025-01-30 17:45:00,-63.590799999999945,-111.36310000000003,-1,NO_VALID_ACTION_DEFENSIVE_AVG
2025-01-30 17:50:00,-63.590799999999945,-118.06310000000008,-1,NO_VALID_ACTION_DEFENSIVE_AVG
2025-01-30 17:55:00,-63.651200000000244,-110.9534000000001,-1,NO_VALID_ACTION_DEFENSIVE_AVG
2025-01-30 18:00:00,-63.9354000000003,-104.56655000000023,-1,NO_VALID_ACTION_DEFENSIVE_AVG
2025-01-30 18:05:00,-63.78139999999985,-114.7010499999999,-1,NO_VALID_ACTION_DEFENSIVE_AVG
2025-01-30 18:10:00,-63.70460000000003,-110.25845000000004,-1,NO_VALID_ACTION_DEFENSIVE_AVG
2025-01-30 18:15:00,-63.70460000000003,-118.26845000000003,-1,NO_VALID_ACTION_DEFENSIVE_AVG
2025-01-30 18:20:00,-63.78139999999985,-115.16604999999981,-1,NO_VALID_ACTION_DEFENSIVE_AVG
2025-01-30 18:25:00,-63.853399999999965,-111.25004999999987,-1,NO_VALID_ACTION_DEFENSIVE_AVG
2025-01-30 18:30:00,-63.853399999999965,-112.04004999999984,-1,NO_VALID_ACTION_DEFENSIVE_AVG
2025-01-30 18:35:00,-63.79240000000027,-120.07930000000033,-1,NO_VALID_ACTION_DEFENSIVE_AVG
2025-01-30 18:40:00,-63.79240000000027,-114.09930000000031,-1,NO_VALID_ACTION_DEFENSIVE_AVG
2025-01-30 18:45:00,-64.0007999999998,-108.46059999999989,-1,NO_VALID_ACTION_DEFENSIVE_AVG
2025-01-30 18:50:00,-64.17540000000008,-102.46733000000035,-1,NO_VALID_ACTION_DEFENSIVE_AVG
2025-01-30 18:55:00,-64.17540000000008,-106.2698300000003,-1,NO_VALID_ACTION_DEFENSIVE_AVG
2025-01-30 19:00:00,-64.08420000000024,-89.43515000000002,-1,NO_VALID_ACTION_DEFENSIVE_AVG
2025-01-30 19:05:00,-64.08420000000024,-87.67015000000004,-1,NO_VALID_ACTION_DEFENSIVE_AVG
2025-01-30 19:10:00,-64.16120000000046,-103.95543000000072,-1,NO_VALID_ACTION_DEFENSIVE_AVG
2025-01-30 19:15:00,-64.21020000000044,0.001974443359374481,1,EXIT_PROFIT_TARGET_MET
2025-01-30 19:20:00,-64.19679999999971,0.002142924804687474,1,EXIT_PROFIT_TARGET_MET
2025-01-30 19:25:00,-64.08619999999974,-76.41164999999967,-1,NO_VALID_ACTION_DEFENSIVE_AVG
2025-01-30 19:30:00,-64.17439999999988,-98.43782999999985,-1,NO_VALID_ACTION_DEFENSIVE_AVG
2025-01-30 19:35:00,-64.38320000000022,4.881111250000302,1,EXIT_PROFIT_TARGET_MET
2025-01-30 19:40:00,-64.36880000000019,5.155611250000014,1,EXIT_PROFIT_TARGET_MET
2025-01-30 19:45:00,-64.3712000000005,5.109861249999966,1,EXIT_PROFIT_TARGET_MET
2025-01-30 19:50:00,-64.51580000000013,0.3593569335937732,1,EXIT_PROFIT_TARGET_MET
2025-01-30 19:55:00,-64.51620000000003,0.35880302734375413,1,EXIT_PROFIT_TARGET_MET
2025-01-30 20:00:00,-64.39279999999962,4.698111250000302,1,EXIT_PROFIT_TARGET_MET
2025-01-30 20:05:00,-64.32099999999991,6.066798750000025,1,EXIT_PROFIT_TARGET_MET
2025-01-30 20:10:00,-64.32099999999991,6.066798750000025,1,EXIT_PROFIT_TARGET_MET
2025-01-30 20:15:00,-64.22699999999986,0.0017632128906252126,1,EXIT_PROFIT_TARGET_MET
2025-01-30 20:20:00,-64.21619999999984,0.0018990039062504738,1,EXIT_PROFIT_TARGET_MET
2025-01-30 20:25:00,-64.21619999999984,0.0018990039062504738,1,EXIT_PROFIT_TARGET_MET
2025-01-30 20:30:00,-64.21159999999963,0.001956840820312375,1,EXIT_PROFIT_TARGET_MET
2025-01-30 20:35:00,-64.1884,0.002248540039062233,1,EXIT_PROFIT_TARGET_MET
2025-01-30 20:40:00,-64.1884,0.002248540039062233,1,EXIT_PROFIT_TARGET_MET
2025-01-30 20:45:00,-64.1884,0.002248540039062233,1,EXIT_PROFIT_TARGET_MET
2025-01-30 20:50:00,-64.1884,-99.90957999999989,-1,NO_VALID_ACTION_DEFENSIVE_AVG
2025-01-30 20:55:00,-64.36679999999978,29.03208968750019,1,EXIT_PROFIT_TARGET_MET
2025-01-30 21:00:00,-64.39120000000003,9.792517500000429,1,EXIT_PROFIT_TARGET_MET
2025-01-30 21:05:00,-64.35800000000017,2.640008750000817,1,EXIT_PROFIT_TARGET_MET
2025-01-30 21:10:00,-64.35800000000017,0.8742899999999842,1,EXIT_PROFIT_TARGET_MET
2025-01-30 21:15:00,-64.43379999999979,3.0339549999993665,1,EXIT_PROFIT_TARGET_MET
2025-01-30 21:20:00,-64.4944000000005,0.3568173437497997,1,EXIT_PROFIT_TARGET_MET
2025-01-30 21:25:00,-64.4944000000005,0.3568173437497997,1,EXIT_PROFIT_TARGET_MET
2025-01-30 21:30:00,-64.4944000000005,0.3568173437497997,1,EXIT_PROFIT_TARGET_MET
2025-01-30 21:35:00,-64.49139999999989,0.3734345312498917,1,EXIT_PROFIT_TARGET_MET
2025-01-30 21:40:00,-64.49139999999989,0.3734345312498917,1,EXIT_PROFIT_TARGET_MET
2025-01-30 21:45:00,-64.49139999999989,0.3734345312498917,1,EXIT_PROFIT_TARGET_MET
2025-01-30 21:50:00,-64.49139999999989,0.3734345312498917,1,EXIT_PROFIT_TARGET_MET
2025-01-30 21:55:00,-64.51320000000032,0.25268296875008645,1,EXIT_PROFIT_TARGET_MET
2025-01-30 22:00:00,-64.45179999999982,0.592781406249955,1,EXIT_PROFIT_TARGET_MET
2025-01-30 22:05:00,-64.35339999999997,0.37620437499996484,1,EXIT_PROFIT_TARGET_MET
2025-01-30 22:10:00,-64.28719999999976,0.6916887500000755,1,EXIT_PROFIT_TARGET_MET
2025-01-30 22:15:00,-64.2462000000005,0.8870793749999883,1,EXIT_PROFIT_TARGET_MET
2025-01-30 22:20:00,-64.2529999999997,0.8546731250002182,1,EXIT_PROFIT_TARGET_MET
2025-01-30 22:25:00,-64.29920000000038,0.6345012500000635,1,EXIT_PROFIT_TARGET_MET
2025-01-30 22:30:00,-64.26760000000013,0.7850950000001973,1,EXIT_PROFIT_TARGET_MET
2025-01-30 22:35:00,-64.3698000000004,0.29804812500001887,1,EXIT_PROFIT_TARGET_MET
2025-01-30 22:40:00,-64.32080000000042,0.5315637499999717,1,EXIT_PROFIT_TARGET_MET
2025-01-30 22:45:00,-64.3774000000003,0.26182937500006886,1,EXIT_PROFIT_TARGET_MET
2025-01-30 22:50:00,-64.42119999999977,0.13194558593740968,1,EXIT_PROFIT_TARGET_MET
2025-01-30 22:55:00,-64.42119999999977,6.522152499999933,1,EXIT_PROFIT_TARGET_MET
2025-01-30 23:00:00,-64.41060000000016,6.7734056249996595,1,EXIT_PROFIT_TARGET_MET
2025-01-30 23:05:00,-64.32139999999981,11.269809374999994,1,EXIT_PROFIT_TARGET_MET
2025-01-30 23:10:00,-64.69560000000001,4.120274999999225,1,EXIT_PROFIT_TARGET_MET
2025-01-30 23:15:00,-65.01379999999972,5.062266250000228,1,EXIT_PROFIT_TARGET_MET
2025-01-30 23:20:00,-64.95759999999973,7.726497500000875,1,EXIT_PROFIT_TARGET_MET
2025-01-30 23:25:00,-65.17280000000028,0.0005237171936034908,1,EXIT_PROFIT_TARGET_MET
2025-01-30 23:30:00,-65.07819999999992,2.009303750000484,1,EXIT_PROFIT_TARGET_MET
2025-01-30 23:35:00,-64.97239999999965,7.0248849999997205,1,EXIT_PROFIT_TARGET_MET
2025-01-30 23:40:00,-64.89999999999964,10.457097500000714,1,EXIT_PROFIT_TARGET_MET
2025-01-30 23:45:00,-65.0,5.7164724999990355,1,EXIT_PROFIT_TARGET_MET
2025-01-30 23:50:00,-65.14999999999964,0.0005416340637207501,1,EXIT_PROFIT_TARGET_MET
2025-01-30 23:55:00,-65.23019999999997,0.0004786106872558607,1,EXIT_PROFIT_TARGET_MET
2025-01-31 00:00:00,-65.11099999999988,0.45437874999993966,1,EXIT_PROFIT_TARGET_MET
2025-01-31 00:05:00,-65.30000000000018,0.001430445404052719,1,EXIT_PROFIT_TARGET_MET
2025-01-31 00:10:00,-65.34199999999964,0.010566883087160504,1,EXIT_PROFIT_TARGET_MET
2025-01-31 00:15:00,-64.97239999999965,0.0026977954101562104,1,EXIT_PROFIT_TARGET_MET
2025-01-31 00:20:00,-65.01860000000033,0.09061414413452996,1,EXIT_PROFIT_TARGET_MET
2025-01-31 00:25:00,-65.1228000000001,0.03291742034912249,1,EXIT_PROFIT_TARGET_MET
2025-01-31 00:30:00,-64.97860000000037,0.05979993515015115,1,EXIT_PROFIT_TARGET_MET
2025-01-31 00:35:00,-65.07639999999992,0.19094130371095408,1,EXIT_PROFIT_TARGET_MET
2025-01-31 00:40:00,-65.07639999999992,0.23816849609378998,1,EXIT_PROFIT_TARGET_MET
2025-01-31 00:45:00,-65.28420000000006,0.047497187499942584,1,EXIT_PROFIT_TARGET_MET
2025-01-31 00:50:00,-65.48599999999988,3.782803750001335,1,EXIT_PROFIT_TARGET_MET
2025-01-31 00:55:00,-65.32499999999982,34.91049625000025,1,EXIT_PROFIT_TARGET_MET
2025-01-31 01:00:00,-65.26900000000023,2.634207812499934,1,EXIT_PROFIT_TARGET_MET
2025-01-31 01:05:00,-65.37880000000041,1.358501813964657,1,EXIT_PROFIT_TARGET_MET
2025-01-31 01:10:00,-65.34879999999976,0.3441671582032456,1,EXIT_PROFIT_TARGET_MET
2025-01-31 01:15:00,-65.31760000000031,0.04480308959960913,1,EXIT_PROFIT_TARGET_MET
2025-01-31 01:20:00,-65.29659999999967,0.041399742431641295,1,EXIT_PROFIT_TARGET_MET
2025-01-31 01:25:00,-65.00340000000051,0.05109775146484359,1,EXIT_PROFIT_TARGET_MET
2025-01-31 01:30:00,-65.23440000000028,0.042497287597655295,1,EXIT_PROFIT_TARGET_MET
2025-01-31 01:35:00,-65.36220000000048,2.434288466796516,1,EXIT_PROFIT_TARGET_MET
2025-01-31 01:40:00,-65.40700000000015,3.5386697167964902,1,EXIT_PROFIT_TARGET_MET
2025-01-31 01:45:00,-65.4926000000005,5.64882674804622,1,EXIT_PROFIT_TARGET_MET
2025-01-31 01:50:00,-65.19080000000031,0.04412057861328031,1,EXIT_PROFIT_TARGET_MET
2025-01-31 01:55:00,-65.1261999999997,0.046525729980468736,1,EXIT_PROFIT_TARGET_MET
2025-01-31 02:00:00,-65.1261999999997,0.046525729980468736,1,EXIT_PROFIT_TARGET_MET
2025-01-31 02:05:00,-65.1895999999997,0.04416525634765604,1,EXIT_PROFIT_TARGET_MET
2025-01-31 02:10:00,-65.08140000000003,0.048193698730468484,1,EXIT_PROFIT_TARGET_MET
2025-01-31 02:15:00,-65.0648000000001,0.048811740722655664,1,EXIT_PROFIT_TARGET_MET
2025-01-31 02:20:00,-65.33240000000023,1.6996777246094739,1,EXIT_PROFIT_TARGET_MET
2025-01-31 02:25:00,-65.25780000000032,0.04162607177734254,1,EXIT_PROFIT_TARGET_MET
2025-01-31 02:30:00,-65.23639999999978,0.04242282470703053,1,EXIT_PROFIT_TARGET_MET
2025-01-31 02:35:00,-65.2478000000001,0.041998386230467866,1,EXIT_PROFIT_TARGET_MET
2025-01-31 02:40:00,-65.1877999999997,0.04423227294921908,1,EXIT_PROFIT_TARGET_MET
2025-01-31 02:45:00,-65.30699999999979,1.073532998047207,1,EXIT_PROFIT_TARGET_MET
2025-01-31 02:50:00,-65.38040000000001,2.882943349609006,1,EXIT_PROFIT_TARGET_MET
2025-01-31 02:55:00,-65.51440000000002,6.186226552734366,1,EXIT_PROFIT_TARGET_MET
2025-01-31 03:00:00,-65.49240000000009,5.64389647460894,1,EXIT_PROFIT_TARGET_MET
2025-01-31 03:05:00,-65.43339999999989,4.189465810547461,1,EXIT_PROFIT_TARGET_MET
2025-01-31 03:10:00,-65.34739999999965,2.0694482324216366,1,EXIT_PROFIT_TARGET_MET
2025-01-31 03:15:00,-65.5600000000004,0.7226846874998785,1,EXIT_PROFIT_TARGET_MET
2025-01-31 03:20:00,-65.61400000000049,1.2797898535156103,1,EXIT_PROFIT_TARGET_MET
2025-01-31 03:25:00,-65.36059999999998,1.9021620703128246,1,EXIT_PROFIT_TARGET_MET
2025-01-31 03:30:00,-65.32179999999971,0.9571698828131794,1,EXIT_PROFIT_TARGET_MET
2025-01-31 03:35:00,-65.19940000000042,0.2006822192382804,1,EXIT_PROFIT_TARGET_MET
2025-01-31 03:40:00,-65.26460000000043,0.19097225830077746,1,EXIT_PROFIT_TARGET_MET
2025-01-31 03:45:00,-65.29420000000027,0.2849589453127548,1,EXIT_PROFIT_TARGET_MET
2025-01-31 03:50:00,-65.26180000000022,0.19138925048827915,1,EXIT_PROFIT_TARGET_MET
2025-01-31 03:55:00,-65.40059999999994,2.8763808203126926,1,EXIT_PROFIT_TARGET_MET
2025-01-31 04:00:00,-65.34640000000036,1.5563144140622835,1,EXIT_PROFIT_TARGET_MET
2025-01-31 04:05:00,-65.4948000000004,5.170665976562202,1,EXIT_PROFIT_TARGET_MET
2025-01-31 04:10:00,-65.43040000000019,3.6021737890622374,1,EXIT_PROFIT_TARGET_MET
2025-01-31 04:15:00,-65.39999999999964,2.861767539062585,1,EXIT_PROFIT_TARGET_MET
2025-01-31 04:20:00,-65.47839999999997,4.771236289062541,1,EXIT_PROFIT_TARGET_MET
2025-01-31 04:25:00,-65.13739999999962,0.20991561767578432,1,EXIT_PROFIT_TARGET_MET
2025-01-31 04:30:00,-65.3119999999999,0.7184862890616461,1,EXIT_PROFIT_TARGET_MET
2025-01-31 04:35:00,-65.41280000000006,3.1735175390623533,1,EXIT_PROFIT_TARGET_MET
2025-01-31 04:40:00,-65.48840000000018,5.014790976562314,1,EXIT_PROFIT_TARGET_MET
2025-01-31 04:45:00,-65.38900000000012,2.5938573828116045,1,EXIT_PROFIT_TARGET_MET
2025-01-31 04:50:00,-65.34119999999984,1.429665976561851,1,EXIT_PROFIT_TARGET_MET
2025-01-31 04:55:00,-65.35680000000048,1.809611289061614,1,EXIT_PROFIT_TARGET_MET
2025-01-31 05:00:00,-65.4372000000003,3.76779097656245,1,EXIT_PROFIT_TARGET_MET
2025-01-31 05:05:00,-65.4382000000005,3.792146445312123,1,EXIT_PROFIT_TARGET_MET
2025-01-31 05:10:00,-65.50500000000011,5.41909175781175,1,EXIT_PROFIT_TARGET_MET
2025-01-31 05:15:00,-65.40319999999974,2.9397050390621455,1,EXIT_PROFIT_TARGET_MET
2025-01-31 05:20:00,-65.32020000000011,0.9182011328126318,1,EXIT_PROFIT_TARGET_MET
2025-01-31 05:25:00,-65.2478000000001,0.19347421142578358,1,EXIT_PROFIT_TARGET_MET
2025-01-31 05:30:00,-65.33960000000025,1.3906972265620707,1,EXIT_PROFIT_TARGET_MET
2025-01-31 05:35:00,-65.21360000000004,0.19856747314453205,1,EXIT_PROFIT_TARGET_MET
2025-01-31 05:40:00,-65.21920000000046,0.19773348876952718,1,EXIT_PROFIT_TARGET_MET
2025-01-31 05:45:00,-65.21920000000046,0.19773348876952718,1,EXIT_PROFIT_TARGET_MET
2025-01-31 05:50:00,-65.35720000000038,1.8193534765619468,1,EXIT_PROFIT_TARGET_MET
2025-01-31 05:55:00,-65.47959999999966,4.8004628515619885,1,EXIT_PROFIT_TARGET_MET
2025-01-31 06:00:00,-65.33560000000034,1.293275351561845,1,EXIT_PROFIT_TARGET_MET
2025-01-31 06:05:00,-65.33560000000034,1.293275351561845,1,EXIT_PROFIT_TARGET_MET
2025-01-31 06:10:00,-65.33560000000034,1.293275351561845,1,EXIT_PROFIT_TARGET_MET
2025-01-31 06:15:00,-65.33560000000034,1.293275351561845,1,EXIT_PROFIT_TARGET_MET
2025-01-31 06:20:00,-65.21680000000015,0.19809091064453155,1,EXIT_PROFIT_TARGET_MET
2025-01-31 06:25:00,-65.18419999999969,0.20294589111328376,1,EXIT_PROFIT_TARGET_MET
2025-01-31 06:30:00,-65.10720000000038,0.21441317626952666,1,EXIT_PROFIT_TARGET_MET
2025-01-31 06:35:00,-64.85180000000037,0.2524488208007789,1,EXIT_PROFIT_TARGET_MET
2025-01-31 06:40:00,-64.6271999999999,0.2858975512695341,1,EXIT_PROFIT_TARGET_MET
2025-01-31 06:45:00,-64.81760000000031,0.25754208251952987,1,EXIT_PROFIT_TARGET_MET
2025-01-31 06:50:00,-64.91499999999996,0.24303671142577754,1,EXIT_PROFIT_TARGET_MET
2025-01-31 06:55:00,-64.6238000000003,0.286403898925781,1,EXIT_PROFIT_TARGET_MET
2025-01-31 07:00:00,-64.73840000000018,0.26933700439452923,1,EXIT_PROFIT_TARGET_MET
2025-01-31 07:05:00,-64.73840000000018,0.26933700439452923,1,EXIT_PROFIT_TARGET_MET
2025-01-31 07:10:00,-64.73840000000018,0.26933700439452923,1,EXIT_PROFIT_TARGET_MET
2025-01-31 07:15:00,-64.8130000000001,0.2582271411132812,1,EXIT_PROFIT_TARGET_MET
2025-01-31 07:20:00,-64.82260000000042,0.2567974536132772,1,EXIT_PROFIT_TARGET_MET
2025-01-31 07:25:00,-64.88780000000042,0.2470874926757783,1,EXIT_PROFIT_TARGET_MET
2025-01-31 07:30:00,-64.82260000000042,0.2567974536132772,1,EXIT_PROFIT_TARGET_MET
2025-01-31 07:35:00,-64.82260000000042,0.2567974536132772,1,EXIT_PROFIT_TARGET_MET
2025-01-31 07:40:00,-64.82260000000042,0.37943395019530757,1,EXIT_PROFIT_TARGET_MET
2025-01-31 07:45:00,-64.82260000000042,0.6709245410156264,1,EXIT_PROFIT_TARGET_MET
2025-01-31 07:50:00,-64.77440000000024,1.1361079296874834,1,EXIT_PROFIT_TARGET_MET
2025-01-31 07:55:00,-64.8676000000005,1.026414980468767,1,EXIT_PROFIT_TARGET_MET
2025-01-31 08:00:00,-64.8676000000005,0.9512006249999283,1,EXIT_PROFIT_TARGET_MET
2025-01-31 08:05:00,-64.77040000000034,2.539654609374809,1,EXIT_PROFIT_TARGET_MET
2025-01-31 08:10:00,-64.77040000000034,2.539654609374809,1,EXIT_PROFIT_TARGET_MET
2025-01-31 08:15:00,-64.9373999999998,1.7437952343750585,1,EXIT_PROFIT_TARGET_MET
2025-01-31 08:20:00,-64.94499999999971,10.829031328124854,1,EXIT_PROFIT_TARGET_MET
2025-01-31 08:25:00,-64.88280000000032,32.091917031249466,1,EXIT_PROFIT_TARGET_MET
2025-01-31 08:30:00,-65.04520000000048,64.54637179687408,1,EXIT_PROFIT_TARGET_MET
2025-01-31 08:35:00,-65.10400000000027,89.03009562499996,1,EXIT_PROFIT_TARGET_MET
2025-01-31 08:40:00,-65.3123999999998,47.62640062500047,1,EXIT_PROFIT_TARGET_MET
2025-01-31 08:45:00,-65.32899999999972,40.51168874999786,1,EXIT_PROFIT_TARGET_MET
2025-01-31 08:50:00,-65.21759999999995,31.185044999999917,1,EXIT_PROFIT_TARGET_MET
2025-01-31 08:55:00,-65.17939999999999,9.21038499999969,1,EXIT_PROFIT_TARGET_MET
2025-01-31 09:00:00,-65.22900000000027,7.933185000001458,1,EXIT_PROFIT_TARGET_MET
2025-01-31 09:05:00,-65.3819999999996,3.9934350000004883,1,EXIT_PROFIT_TARGET_MET
2025-01-31 09:10:00,-65.3819999999996,3.9934350000004883,1,EXIT_PROFIT_TARGET_MET
2025-01-31 09:15:00,-65.28999999999996,6.362435000001028,1,EXIT_PROFIT_TARGET_MET
2025-01-31 09:20:00,-65.3116,5.806234999999958,1,EXIT_PROFIT_TARGET_MET
2025-01-31 09:25:00,-65.3116,5.806234999999958,1,EXIT_PROFIT_TARGET_MET
2025-01-31 09:30:00,-65.13220000000001,10.425785000000474,1,EXIT_PROFIT_TARGET_MET
2025-01-31 09:35:00,-65.1230000000005,60.3270224999992,1,EXIT_PROFIT_TARGET_MET
2025-01-31 09:40:00,-65.13720000000012,31.1583774999998,1,EXIT_PROFIT_TARGET_MET
2025-01-31 09:45:00,-65.03480000000036,22.730592500001194,1,EXIT_PROFIT_TARGET_MET
2025-01-31 09:50:00,-64.98279999999977,15.607912500000623,1,EXIT_PROFIT_TARGET_MET
2025-01-31 09:55:00,-64.90419999999995,32.95299000000068,1,EXIT_PROFIT_TARGET_MET
2025-01-31 10:00:00,-65.1253999999999,24.51974000000061,1,EXIT_PROFIT_TARGET_MET
2025-01-31 10:05:00,-64.90620000000035,32.87674000000041,1,EXIT_PROFIT_TARGET_MET
2025-01-31 10:10:00,-64.7460000000001,38.984365,1,EXIT_PROFIT_TARGET_MET
2025-01-31 10:15:00,-64.86080000000038,34.60761499999995,1,EXIT_PROFIT_TARGET_MET
2025-01-31 10:20:00,-64.9368000000004,31.710115000000627,1,EXIT_PROFIT_TARGET_MET
2025-01-31 10:25:00,-65.13020000000051,24.33674000000093,1,EXIT_PROFIT_TARGET_MET
2025-01-31 10:30:00,-65.15800000000036,23.27686500000081,1,EXIT_PROFIT_TARGET_MET
2025-01-31 10:35:00,-65.04960000000028,27.40961499999932,1,EXIT_PROFIT_TARGET_MET
2025-01-31 10:40:00,-65.23400000000038,20.379365000001485,1,EXIT_PROFIT_TARGET_MET
2025-01-31 10:45:00,-65.28459999999995,18.450240000000775,1,EXIT_PROFIT_TARGET_MET
2025-01-31 10:50:00,-65.31580000000031,17.260740000001448,1,EXIT_PROFIT_TARGET_MET
2025-01-31 10:55:00,-65.33579999999984,16.498240000000777,1,EXIT_PROFIT_TARGET_MET
2025-01-31 11:00:00,-65.39419999999973,14.271740000000875,1,EXIT_PROFIT_TARGET_MET
2025-01-31 11:05:00,-65.35500000000047,15.76624000000129,1,EXIT_PROFIT_TARGET_MET
2025-01-31 11:10:00,-65.24240000000009,8.854238750000349,1,EXIT_PROFIT_TARGET_MET
2025-01-31 11:15:00,-65.15120000000024,11.038542500001995,1,EXIT_PROFIT_TARGET_MET
2025-01-31 11:20:00,-65.11859999999979,19.177727499999975,1,EXIT_PROFIT_TARGET_MET
2025-01-31 11:25:00,-65.13600000000042,25.468609999999444,1,EXIT_PROFIT_TARGET_MET
2025-01-31 11:30:00,-65.29759999999987,7.586879999999056,1,EXIT_PROFIT_TARGET_MET
2025-01-31 11:35:00,-65.32340000000022,36.57460124999912,1,EXIT_PROFIT_TARGET_MET
2025-01-31 11:40:00,-65.33420000000024,24.428501249996998,1,EXIT_PROFIT_TARGET_MET
2025-01-31 11:45:00,-65.34619999999995,31.052479999999434,1,EXIT_PROFIT_TARGET_MET
2025-01-31 11:50:00,-65.34619999999995,4.519834999999716,1,EXIT_PROFIT_TARGET_MET
2025-01-31 11:55:00,-65.38299999999981,39.108137499998804,1,EXIT_PROFIT_TARGET_MET
2025-01-31 12:00:00,-65.40520000000015,2.8839474999990102,1,EXIT_PROFIT_TARGET_MET
2025-01-31 12:05:00,-65.48019999999997,11.661567499999464,1,EXIT_PROFIT_TARGET_MET
2025-01-31 12:10:00,-65.40980000000036,31.682258124999848,1,EXIT_PROFIT_TARGET_MET
2025-01-31 12:15:00,-65.40800000000036,8.874749999999295,1,EXIT_PROFIT_TARGET_MET
2025-01-31 12:20:00,-65.19539999999961,19.833711250000306,1,EXIT_PROFIT_TARGET_MET
2025-01-31 12:25:00,-65.17979999999989,17.469385000000415,1,EXIT_PROFIT_TARGET_MET
2025-01-31 12:30:00,-65.01119999999992,22.022937500001376,1,EXIT_PROFIT_TARGET_MET
2025-01-31 12:35:00,-65.05019999999968,41.25965874999906,1,EXIT_PROFIT_TARGET_MET
2025-01-31 12:40:00,-65.01339999999982,0.10339499999935242,1,EXIT_PROFIT_TARGET_MET
2025-01-31 12:45:00,-65.10660000000007,20.0748274999994,1,EXIT_PROFIT_TARGET_MET
2025-01-31 12:50:00,-65.10660000000007,21.23502999999971,1,EXIT_PROFIT_TARGET_MET
2025-01-31 12:55:00,-64.98440000000028,0.2117750000008698,1,EXIT_PROFIT_TARGET_MET
2025-01-31 13:00:00,-64.84619999999995,34.28507249999788,1,EXIT_PROFIT_TARGET_MET
2025-01-31 13:05:00,-64.6858000000002,20.273729999999688,1,EXIT_PROFIT_TARGET_MET
2025-01-31 13:10:00,-64.80280000000039,28.004663749999082,1,EXIT_PROFIT_TARGET_MET
2025-01-31 13:15:00,-64.63159999999971,23.838932500000197,1,EXIT_PROFIT_TARGET_MET
2025-01-31 13:20:00,-64.57999999999993,5.547484999998915,1,EXIT_PROFIT_TARGET_MET
2025-01-31 13:25:00,-64.57999999999993,30.537503749998905,1,EXIT_PROFIT_TARGET_MET
2025-01-31 13:30:00,-64.48639999999978,2.6135500000012826,1,EXIT_PROFIT_TARGET_MET
2025-01-31 13:35:00,-64.4409999999998,31.502443750001078,1,EXIT_PROFIT_TARGET_MET
2025-01-31 13:40:00,-64.4409999999998,64.27659875000009,1,EXIT_PROFIT_TARGET_MET
2025-01-31 13:45:00,-64.67799999999988,10.839079999999115,1,EXIT_PROFIT_TARGET_MET
2025-01-31 13:50:00,-64.62880000000041,34.46377812499962,1,EXIT_PROFIT_TARGET_MET
2025-01-31 13:55:00,-64.63060000000041,3.644037499998774,1,EXIT_PROFIT_TARGET_MET
2025-01-31 14:00:00,-64.50600000000031,43.39520749999778,1,EXIT_PROFIT_TARGET_MET
2025-01-31 14:05:00,-64.52540000000045,44.827869999999564,1,EXIT_PROFIT_TARGET_MET
2025-01-31 14:10:00,-64.57819999999992,42.8148699999995,1,EXIT_PROFIT_TARGET_MET
2025-01-31 14:15:00,-64.42140000000018,48.792869999999624,1,EXIT_PROFIT_TARGET_MET
2025-01-31 14:20:00,-64.54200000000037,44.19499500000066,1,EXIT_PROFIT_TARGET_MET
2025-01-31 14:25:00,-64.59839999999986,42.044744999999494,1,EXIT_PROFIT_TARGET_MET
2025-01-31 14:30:00,-64.61120000000028,41.55674499999796,1,EXIT_PROFIT_TARGET_MET
2025-01-31 14:35:00,-64.61120000000028,5.020829999999819,1,EXIT_PROFIT_TARGET_MET
2025-01-31 14:40:00,-64.49139999999989,64.51588749999826,1,EXIT_PROFIT_TARGET_MET
2025-01-31 14:45:00,-64.47800000000007,16.897572500001502,1,EXIT_PROFIT_TARGET_MET
2025-01-31 14:50:00,-64.37920000000031,78.89447749999914,1,EXIT_PROFIT_TARGET_MET
2025-01-31 14:55:00,-64.36520000000019,63.81804999999923,1,EXIT_PROFIT_TARGET_MET
2025-01-31 15:00:00,-64.3789999999999,70.39735500000063,1,EXIT_PROFIT_TARGET_MET
2025-01-31 15:05:00,-64.59960000000046,67.46250499999815,1,EXIT_PROFIT_TARGET_MET
2025-01-31 15:10:00,-64.72299999999996,33.40000749999945,1,EXIT_PROFIT_TARGET_MET
2025-01-31 15:15:00,-64.8134,25.952657499999702,1,EXIT_PROFIT_TARGET_MET
2025-01-31 15:20:00,-64.79880000000048,15.335434999997574,1,EXIT_PROFIT_TARGET_MET
2025-01-31 15:25:00,-64.79899999999998,56.45723500000253,1,EXIT_PROFIT_TARGET_MET
2025-01-31 15:30:00,-64.79899999999998,61.380112500000166,1,EXIT_PROFIT_TARGET_MET
2025-01-31 15:35:00,-64.79140000000007,34.34752750000041,1,EXIT_PROFIT_TARGET_MET
2025-01-31 15:40:00,-64.79140000000007,18.735667500001227,1,EXIT_PROFIT_TARGET_MET
2025-01-31 15:45:00,-64.79439999999977,15.984324999999615,1,EXIT_PROFIT_TARGET_MET
2025-01-31 15:50:00,-64.9340000000002,20.357779999998684,1,EXIT_PROFIT_TARGET_MET
2025-01-31 15:55:00,-64.8730000000005,38.521588749999154,1,EXIT_PROFIT_TARGET_MET
2025-01-31 16:00:00,-64.8730000000005,17.356327499999026,1,EXIT_PROFIT_TARGET_MET
2025-01-31 16:05:00,-64.95520000000033,37.44333999999955,1,EXIT_PROFIT_TARGET_MET
2025-01-31 16:10:00,-64.95520000000033,59.475587500001296,1,EXIT_PROFIT_TARGET_MET
2025-01-31 16:15:00,-64.95520000000033,24.654037500001323,1,EXIT_PROFIT_TARGET_MET
2025-01-31 16:20:00,-64.95520000000033,16.200320000001,1,EXIT_PROFIT_TARGET_MET
2025-01-31 16:25:00,-64.85279999999966,14.33007500000042,1,EXIT_PROFIT_TARGET_MET
2025-01-31 16:30:00,-65.01800000000003,21.0428325000004,1,EXIT_PROFIT_TARGET_MET
2025-01-31 16:35:00,-65.0596000000005,37.85532375000116,1,EXIT_PROFIT_TARGET_MET
2025-01-31 16:40:00,-65.23319999999967,20.904298749999043,1,EXIT_PROFIT_TARGET_MET
2025-01-31 16:45:00,-65.28520000000026,3.7384373437503386,1,EXIT_PROFIT_TARGET_MET
2025-01-31 16:50:00,-65.30540000000019,7.815170429687377,1,EXIT_PROFIT_TARGET_MET
2025-01-31 16:55:00,-65.22419999999966,11.949368281249935,1,EXIT_PROFIT_TARGET_MET
2025-01-31 17:00:00,-65.1862000000001,9.427841562498855,1,EXIT_PROFIT_TARGET_MET
2025-01-31 17:05:00,-65.32480000000032,16.03513625000008,1,EXIT_PROFIT_TARGET_MET
2025-01-31 17:10:00,-65.32480000000032,-90.27460578125778,-1,HOLD
2025-01-31 17:15:00,-65.32039999999961,-100.44528562500062,-1,HOLD
2025-01-31 17:20:00,-65.44300000000021,-75.49370343749996,-1,HOLD
2025-01-31 17:25:00,-65.39180000000033,-83.19507312500215,-1,HOLD
2025-01-31 17:30:00,-65.39180000000033,-82.46101062500196,-1,HOLD
2025-01-31 17:35:00,-65.08380000000034,-279.14988580563727,-1,HOLD
2025-01-31 17:40:00,-65.01820000000043,-59.6961992480322,1,HOLD
2025-01-31 17:45:00,-64.89800000000014,-90.37948150876971,-1,HOLD
2025-01-31 17:50:00,-64.80699999999979,-141.55337697265145,-1,HOLD
2025-01-31 17:55:00,-64.80699999999979,-108.62023244140228,-1,HOLD
2025-01-31 18:00:00,-64.78579999999965,-111.74714124998862,-1,NO_VALID_ACTION_DEFENSIVE_AVG
2025-01-31 18:05:00,-64.78579999999965,-132.50239061522333,-1,ACTION_DEFENSIVE_AVG_LONG
2025-01-31 18:10:00,-64.92159999999967,69.49248890140689,1,EXIT_PROFIT_TARGET_MET
2025-01-31 18:15:00,-64.83780000000024,112.78114475836696,1,EXIT_PROFIT_TARGET_MET
2025-01-31 18:20:00,-64.97080000000005,29.30402848632724,1,EXIT_PROFIT_TARGET_MET
2025-01-31 18:25:00,-64.71820000000025,-198.1657106542881,-1,NO_VALID_ACTION_DEFENSIVE_AVG
2025-01-31 18:30:00,-64.81959999999981,112.33979475834542,1,EXIT_PROFIT_TARGET_MET
2025-01-31 18:35:00,-64.79340000000047,-216.11297087400567,-1,NO_VALID_ACTION_DEFENSIVE_AVG
2025-01-31 18:40:00,-64.79340000000047,-293.2399606201002,-1,NO_VALID_ACTION_DEFENSIVE_AVG
2025-01-31 18:45:00,-64.78160000000025,-273.0826829980308,-1,NO_VALID_ACTION_DEFENSIVE_AVG
2025-01-31 18:50:00,-64.70700000000033,-291.50227647460724,-1,NO_VALID_ACTION_DEFENSIVE_AVG
2025-01-31 18:55:00,-64.70700000000033,-258.0565538183571,-1,NO_VALID_ACTION_DEFENSIVE_AVG
2025-01-31 19:00:00,-64.70700000000033,-258.0565538183571,-1,NO_VALID_ACTION_DEFENSIVE_AVG
2025-01-31 19:05:00,-64.70700000000033,-283.6854600683571,-1,NO_VALID_ACTION_DEFENSIVE_AVG
2025-01-31 19:10:00,-64.70700000000033,-288.9073497167949,-1,NO_VALID_ACTION_DEFENSIVE_AVG
2025-01-31 19:15:00,-64.69459999999981,-328.7406376074132,-1,NO_VALID_ACTION_DEFENSIVE_AVG
2025-01-31 19:20:00,-64.71960000000036,-311.47559854492215,-1,NO_VALID_ACTION_DEFENSIVE_AVG
2025-01-31 19:25:00,-64.93299999999999,69.76893890136853,1,EXIT_PROFIT_TARGET_MET
2025-01-31 19:30:00,-65.28920000000016,-129.12466343750208,-1,NO_VALID_ACTION_DEFENSIVE_AVG
2025-01-31 19:35:00,-65.30460000000039,-132.41308843750159,-1,NO_VALID_ACTION_DEFENSIVE_AVG
2025-01-31 19:40:00,-65.23480000000018,-161.16152015625437,-1,NO_VALID_ACTION_DEFENSIVE_AVG
2025-01-31 19:45:00,-65.21920000000046,-156.07864828125173,-1,NO_VALID_ACTION_DEFENSIVE_AVG
2025-01-31 19:50:00,-65.21920000000046,0.02776065842367432,1,EXIT_PROFIT_TARGET_MET
2025-01-31 19:55:00,-65.21920000000046,17.638981124268174,1,EXIT_PROFIT_TARGET_MET
2025-01-31 20:00:00,-65.21920000000046,-141.95392249999668,-1,NO_VALID_ACTION_DEFENSIVE_AVG
2025-01-31 20:05:00,-65.21920000000046,-148.403373906252,-1,NO_VALID_ACTION_DEFENSIVE_AVG
2025-01-31 20:10:00,-65.21920000000046,-149.4910701562518,-1,NO_VALID_ACTION_DEFENSIVE_AVG
2025-01-31 20:15:00,-65.33860000000004,-122.64061968750144,-1,NO_VALID_ACTION_DEFENSIVE_AVG
2025-01-31 20:20:00,-65.15819999999985,-327.7099933984407,-1,NO_VALID_ACTION_DEFENSIVE_AVG
2025-01-31 20:25:00,-65.15819999999985,-448.63456398435665,-1,NO_VALID_ACTION_DEFENSIVE_AVG
2025-01-31 20:30:00,-65.16200000000026,-448.54241398435715,-1,NO_VALID_ACTION_DEFENSIVE_AVG
2025-01-31 20:35:00,-65.21320000000014,-508.36821849610715,-1,NO_VALID_ACTION_DEFENSIVE_AVG
2025-01-31 20:40:00,-65.21320000000014,-504.7801716211061,-1,NO_VALID_ACTION_DEFENSIVE_AVG
2025-01-31 20:45:00,-65.35860000000048,-126.41742156250132,-1,NO_VALID_ACTION_DEFENSIVE_AVG
2025-01-31 20:50:00,-65.36560000000009,-131.03595281249903,-1,NO_VALID_ACTION_DEFENSIVE_AVG
2025-01-31 20:55:00,-65.36560000000009,-134.36454656249919,-1,NO_VALID_ACTION_DEFENSIVE_AVG
2025-01-31 21:00:00,-65.45380000000023,-128.46502218750157,-1,NO_VALID_ACTION_DEFENSIVE_AVG
2025-01-31 21:05:00,-65.89900000000034,0.2442839746092813,1,EXIT_PROFIT_TARGET_MET
2025-01-31 21:10:00,-65.91200000000026,5.429417631835808,1,EXIT_PROFIT_TARGET_MET
2025-01-31 21:15:00,-66.14660000000003,2.1481318750000593,1,EXIT_PROFIT_TARGET_MET
2025-01-31 21:20:00,-66.32359999999971,0.04807703125014129,1,EXIT_PROFIT_TARGET_MET
2025-01-31 21:25:00,-66.5641999999998,0.9986918750000271,1,EXIT_PROFIT_TARGET_MET
2025-01-31 21:30:00,-66.46759999999995,3.9325731249999905,1,EXIT_PROFIT_TARGET_MET
2025-01-31 21:35:00,-66.44000000000051,8.579975156250093,1,EXIT_PROFIT_TARGET_MET
2025-01-31 21:40:00,-66.58640000000014,2.440221249999823,1,EXIT_PROFIT_TARGET_MET
2025-01-31 21:45:00,-66.49120000000039,7.973287343749693,1,EXIT_PROFIT_TARGET_MET
2025-01-31 21:50:00,-66.57560000000012,-185.8729499999995,-1,NO_VALID_ACTION_DEFENSIVE_AVG
2025-01-31 21:55:00,-66.68019999999979,-198.5497349999988,-1,HOLD
2025-01-31 22:00:00,-66.48880000000008,-198.35833499999876,-1,HOLD
2025-01-31 22:05:00,-66.61520000000019,-208.60223499999904,-1,HOLD
2025-01-31 22:10:00,-66.60000000000036,-211.03203499999938,-1,HOLD
2025-01-31 22:15:00,-66.79979999999978,-214.77396999999962,-1,NO_VALID_ACTION_DEFENSIVE_AVG
2025-01-31 22:20:00,-66.92079999999987,-217.94222000000013,-1,HOLD
2025-01-31 22:25:00,-67.04060000000027,-227.91207000000065,-1,NO_VALID_ACTION_DEFENSIVE_AVG
2025-01-31 22:30:00,-67.07480000000032,-222.90522000000033,-1,NO_VALID_ACTION_DEFENSIVE_AVG
2025-01-31 22:35:00,-67.04380000000037,-216.31696999999951,-1,NO_VALID_ACTION_DEFENSIVE_AVG
2025-01-31 22:40:00,-66.92720000000008,-206.44452,-1,NO_VALID_ACTION_DEFENSIVE_AVG
2025-01-31 22:45:00,-66.90760000000046,-204.23731999999973,-1,NO_VALID_ACTION_DEFENSIVE_AVG
2025-01-31 22:50:00,-67.04860000000008,-207.86806999999965,-1,HOLD
2025-01-31 22:55:00,-67.04960000000028,-220.27632000000062,-1,NO_VALID_ACTION_DEFENSIVE_AVG
2025-01-31 23:00:00,-67.03999999999996,-219.8341200000001,-1,NO_VALID_ACTION_DEFENSIVE_AVG
2025-01-31 23:05:00,-67.0608000000002,-217.4972200000002,-1,NO_VALID_ACTION_DEFENSIVE_AVG
2025-01-31 23:10:00,-67.1935999999996,-212.5693199999987,-1,NO_VALID_ACTION_DEFENSIVE_AVG
2025-01-31 23:15:00,-67.07160000000022,-207.11782000000028,-1,NO_VALID_ACTION_DEFENSIVE_AVG
2025-01-31 23:20:00,-67.07160000000022,-202.75282000000016,-1,NO_VALID_ACTION_DEFENSIVE_AVG
2025-01-31 23:25:00,-67.15419999999995,-204.72976999999992,-1,NO_VALID_ACTION_DEFENSIVE_AVG
2025-01-31 23:30:00,-66.92000000000007,-196.08162000000038,-1,NO_VALID_ACTION_DEFENSIVE_AVG
2025-01-31 23:35:00,-67.16579999999976,-199.47096999999997,-1,NO_VALID_ACTION_DEFENSIVE_AVG
2025-01-31 23:40:00,-67.02099999999973,-194.06987000000015,-1,NO_VALID_ACTION_DEFENSIVE_AVG
2025-01-31 23:45:00,-67.03740000000016,-193.37466999999992,-1,HOLD
2025-01-31 23:50:00,-67.07579999999962,-190.98846999999932,-1,HOLD
2025-01-31 23:55:00,-67.07579999999962,-196.20846999999935,-1,HOLD
2025-02-01 00:00:00,-67.07579999999962,-199.47846999999945,-1,HOLD
2025-02-01 00:05:00,-67.07399999999961,-199.13211999999976,-1,HOLD
2025-02-01 00:10:00,-67.07999999999993,-199.28661999999986,-1,HOLD
2025-02-01 00:15:00,-67.22540000000026,-203.03066999999953,-1,HOLD
2025-02-01 00:20:00,-67.23779999999988,-194.79997000000026,-1,HOLD
2025-02-01 00:25:00,-67.21079999999984,-191.79471999999953,-1,HOLD
2025-02-01 00:30:00,-67.0677999999998,-189.85246999999913,-1,HOLD
2025-02-01 00:35:00,-67.02000000000044,-188.62161999999967,-1,HOLD
2025-02-01 00:40:00,-67.23679999999968,-194.20421999999962,-1,HOLD
2025-02-01 00:45:00,-66.92079999999987,-189.5247199999999,-1,HOLD
2025-02-01 00:50:00,-66.80079999999998,-187.53721999999982,-1,HOLD
2025-02-01 00:55:00,-66.93119999999999,-191.10502000000008,-1,HOLD
2025-02-01 01:00:00,-67.02660000000014,-195.27156999999988,-1,HOLD
2025-02-01 01:05:00,-67.07359999999971,-196.48181999999986,-1,HOLD
2025-02-01 01:10:00,-67.03819999999996,-200.61026999999967,-1,HOLD
2025-02-01 01:15:00,-67.21219999999994,-206.61326999999994,-1,HOLD
2025-02-01 01:20:00,-67.70579999999973,-225.78847000000007,-1,HOLD
2025-02-01 01:25:00,-67.69580000000042,-219.35847000000047,-1,HOLD
2025-02-01 01:30:00,-67.98000000000047,-224.22412000000054,-1,HOLD
2025-02-01 01:35:00,-67.98980000000029,-224.47647000000018,-1,HOLD
2025-02-01 01:40:00,-67.9970000000003,-239.08436999999935,-1,HOLD
2025-02-01 01:45:00,-67.88979999999992,-236.3239699999998,-1,HOLD
2025-02-01 01:50:00,-68.0,-241.60661999999957,-1,HOLD
2025-02-01 01:55:00,-68.28020000000015,-252.06927000000007,-1,HOLD
2025-02-01 02:00:00,-68.46159999999963,-257.8278199999995,-1,HOLD
2025-02-01 02:05:00,-68.3072000000002,-245.0995199999993,-1,HOLD
2025-02-01 02:10:00,-68.26299999999992,-249.8638700000007,-1,HOLD
2025-02-01 02:15:00,-68.1891999999998,-263.7435199999999,-1,NO_VALID_ACTION_DEFENSIVE_AVG
2025-02-01 02:20:00,-68.04759999999987,-262.36981999999887,-1,NO_VALID_ACTION_DEFENSIVE_AVG
2025-02-01 02:25:00,-67.94160000000011,-268.3853200000003,-1,NO_VALID_ACTION_DEFENSIVE_AVG
2025-02-01 02:30:00,-68.02819999999974,-272.70776999999975,-1,NO_VALID_ACTION_DEFENSIVE_AVG
2025-02-01 02:35:00,-67.85320000000047,-262.45651999999995,-1,NO_VALID_ACTION_DEFENSIVE_AVG
2025-02-01 02:40:00,-67.94000000000051,-262.88412000000085,-1,NO_VALID_ACTION_DEFENSIVE_AVG
2025-02-01 02:45:00,-68.09600000000046,-269.2861200000002,-1,NO_VALID_ACTION_DEFENSIVE_AVG
2025-02-01 02:50:00,-68.10260000000017,-267.9710699999995,-1,NO_VALID_ACTION_DEFENSIVE_AVG
2025-02-01 02:55:00,-68.03459999999995,-267.8400700000004,-1,NO_VALID_ACTION_DEFENSIVE_AVG
2025-02-01 03:00:00,-67.9413999999997,-275.72266999999965,-1,NO_VALID_ACTION_DEFENSIVE_AVG
2025-02-01 03:05:00,-67.80360000000019,-261.5993199999991,-1,NO_VALID_ACTION_DEFENSIVE_AVG
2025-02-01 03:10:00,-67.91340000000037,-263.4066700000004,-1,NO_VALID_ACTION_DEFENSIVE_AVG
2025-02-01 03:15:00,-67.8173999999999,-257.55217000000005,-1,NO_VALID_ACTION_DEFENSIVE_AVG
2025-02-01 03:20:00,-67.83799999999974,-259.3651199999998,-1,NO_VALID_ACTION_DEFENSIVE_AVG
2025-02-01 03:25:00,-67.94180000000051,-251.23046999999985,-1,NO_VALID_ACTION_DEFENSIVE_AVG
2025-02-01 03:30:00,-67.86040000000048,-249.13442000000066,-1,NO_VALID_ACTION_DEFENSIVE_AVG
2025-02-01 03:35:00,-67.69859999999971,-248.42556999999977,-1,NO_VALID_ACTION_DEFENSIVE_AVG
2025-02-01 03:40:00,-67.65760000000046,-254.27731999999958,-1,NO_VALID_ACTION_DEFENSIVE_AVG
2025-02-01 03:45:00,-67.65539999999964,-248.61816999999985,-1,NO_VALID_ACTION_DEFENSIVE_AVG
2025-02-01 03:50:00,-67.57240000000002,-240.73592000000042,-1,NO_VALID_ACTION_DEFENSIVE_AVG
2025-02-01 03:55:00,-67.5632000000005,-244.97651999999982,-1,NO_VALID_ACTION_DEFENSIVE_AVG
2025-02-01 04:00:00,-67.35159999999996,-237.1203200000001,-1,NO_VALID_ACTION_DEFENSIVE_AVG
2025-02-01 04:05:00,-67.41319999999996,-240.95651999999973,-1,NO_VALID_ACTION_DEFENSIVE_AVG
2025-02-01 04:10:00,-67.59320000000025,-239.77152000000046,-1,NO_VALID_ACTION_DEFENSIVE_AVG
2025-02-01 04:15:00,-67.41759999999977,-240.18481999999995,-1,NO_VALID_ACTION_DEFENSIVE_AVG
2025-02-01 04:20:00,-67.20319999999992,-232.79651999999896,-1,NO_VALID_ACTION_DEFENSIVE_AVG
2025-02-01 04:25:00,-66.97739999999976,-224.4696699999996,-1,HOLD
2025-02-01 04:30:00,-66.54579999999987,-223.5103349999995,-1,HOLD
2025-02-01 04:35:00,-66.39959999999974,11.63269562500001,1,EXIT_PROFIT_TARGET_MET
2025-02-01 04:40:00,-66.13760000000002,0.31757062500076927,1,EXIT_PROFIT_TARGET_MET
2025-02-01 04:45:00,-66.40560000000005,11.89182062500062,1,EXIT_PROFIT_TARGET_MET
2025-02-01 04:50:00,-66.17979999999989,2.140083124998611,1,EXIT_PROFIT_TARGET_MET
2025-02-01 04:55:00,-66.19999999999982,3.0124706250004465,1,EXIT_PROFIT_TARGET_MET
2025-02-01 05:00:00,-66.45600000000013,14.068470625000614,1,EXIT_PROFIT_TARGET_MET
2025-02-01 05:05:00,-66.20380000000023,3.176583124999766,1,EXIT_PROFIT_TARGET_MET
2025-02-01 05:10:00,-66.52419999999984,-211.35373499999957,-1,HOLD
2025-02-01 05:15:00,-66.47460000000046,14.871758124999687,1,EXIT_PROFIT_TARGET_MET
2025-02-01 05:20:00,-66.38780000000042,11.123083124999667,1,EXIT_PROFIT_TARGET_MET
2025-02-01 05:25:00,-66.41939999999977,12.48780812499946,1,EXIT_PROFIT_TARGET_MET
2025-02-01 05:30:00,-66.6818000000003,-201.94133499999987,-1,HOLD
2025-02-01 05:35:00,-66.44260000000031,13.489758125000833,1,EXIT_PROFIT_TARGET_MET
2025-02-01 05:40:00,-66.41920000000027,12.479170625001402,1,EXIT_PROFIT_TARGET_MET
2025-02-01 05:45:00,-66.47000000000025,14.673095624998922,1,EXIT_PROFIT_TARGET_MET
2025-02-01 05:50:00,-66.67280000000028,-216.93233500000008,-1,HOLD
2025-02-01 05:55:00,-66.76900000000023,-216.02837000000034,-1,HOLD
2025-02-01 06:00:00,-66.6278000000002,-220.5173349999999,-1,HOLD
2025-02-01 06:05:00,-66.53099999999995,-220.93053499999962,-1,HOLD
2025-02-01 06:10:00,-66.38600000000042,11.045345625000635,1,EXIT_PROFIT_TARGET_MET
2025-02-01 06:15:00,-66.36400000000049,10.095220624998234,1,EXIT_PROFIT_TARGET_MET
2025-02-01 06:20:00,-65.73099999999977,38.04226781249958,1,EXIT_PROFIT_TARGET_MET
2025-02-01 06:25:00,-66.25380000000041,5.335958124999038,1,EXIT_PROFIT_TARGET_MET
2025-02-01 06:30:00,-66.41719999999987,12.392795624999707,1,EXIT_PROFIT_TARGET_MET
2025-02-01 06:35:00,-66.33719999999994,8.937795625000206,1,EXIT_PROFIT_TARGET_MET
2025-02-01 06:40:00,-66.33200000000033,8.71322062499938,1,EXIT_PROFIT_TARGET_MET
2025-02-01 06:45:00,-66.52199999999993,-236.43153499999937,-1,HOLD
2025-02-01 06:50:00,-66.52180000000044,-236.4313350000009,-1,HOLD
2025-02-01 06:55:00,-66.30000000000018,-226.4330199999996,-1,HOLD
2025-02-01 07:00:00,-66.28139999999985,-224.11192000000142,-1,HOLD
2025-02-01 07:05:00,-66.0636000000004,18.850567499999414,1,EXIT_PROFIT_TARGET_MET
2025-02-01 07:10:00,-65.91600000000017,38.152083750000116,1,EXIT_PROFIT_TARGET_MET
2025-02-01 07:15:00,-65.96879999999965,3.2192924999997103,1,EXIT_PROFIT_TARGET_MET
2025-02-01 07:20:00,-65.67740000000049,4.575422890625569,1,EXIT_PROFIT_TARGET_MET
2025-02-01 07:25:00,-65.83420000000024,8.959881953125006,1,EXIT_PROFIT_TARGET_MET
2025-02-01 07:30:00,-65.78600000000006,6.583490156249841,1,EXIT_PROFIT_TARGET_MET
2025-02-01 07:35:00,-66.23499999999967,14.268963750000808,1,EXIT_PROFIT_TARGET_MET
2025-02-01 07:40:00,-66.23760000000038,0.07212499999955924,1,EXIT_PROFIT_TARGET_MET
2025-02-01 07:45:00,-66.35040000000026,13.299182187499753,1,EXIT_PROFIT_TARGET_MET
2025-02-01 07:50:00,-66.27700000000004,1.209135781248012,1,EXIT_PROFIT_TARGET_MET
2025-02-01 07:55:00,-66.29939999999988,15.107018437500574,1,EXIT_PROFIT_TARGET_MET
2025-02-01 08:00:00,-66.34019999999964,17.062230937501628,1,EXIT_PROFIT_TARGET_MET
2025-02-01 08:05:00,-66.14599999999973,7.755802812500971,1,EXIT_PROFIT_TARGET_MET
2025-02-01 08:10:00,-66.00579999999991,1.0371559375000317,1,EXIT_PROFIT_TARGET_MET
2025-02-01 08:15:00,-65.93239999999969,16.767459921873606,1,EXIT_PROFIT_TARGET_MET
2025-02-01 08:20:00,-65.91939999999977,16.129088828124495,1,EXIT_PROFIT_TARGET_MET
2025-02-01 08:25:00,-66.1935999999996,10.036884062499375,1,EXIT_PROFIT_TARGET_MET
2025-02-01 08:30:00,-66.22140000000036,4.7307868749986355,1,EXIT_PROFIT_TARGET_MET
2025-02-01 08:35:00,-66.29700000000048,11.405773124998206,1,EXIT_PROFIT_TARGET_MET
2025-02-01 08:40:00,-66.29700000000048,4.491102499999869,1,EXIT_PROFIT_TARGET_MET
2025-02-01 08:45:00,-66.01339999999982,13.79599187500098,1,EXIT_PROFIT_TARGET_MET
2025-02-01 08:50:00,-65.72620000000006,12.356447499998708,1,EXIT_PROFIT_TARGET_MET
2025-02-01 08:55:00,-65.89720000000034,5.210947499998923,1,EXIT_PROFIT_TARGET_MET
2025-02-01 09:00:00,-65.89720000000034,24.81970000000112,1,EXIT_PROFIT_TARGET_MET
2025-02-01 09:05:00,-65.72559999999976,12.979877500000782,1,EXIT_PROFIT_TARGET_MET
2025-02-01 09:10:00,-65.90539999999964,44.29566375000255,1,EXIT_PROFIT_TARGET_MET
2025-02-01 09:15:00,-65.98300000000017,30.749049999997283,1,EXIT_PROFIT_TARGET_MET
2025-02-01 09:20:00,-65.9978000000001,8.292881249999084,1,EXIT_PROFIT_TARGET_MET
2025-02-01 09:25:00,-65.96280000000024,10.10261499999892,1,EXIT_PROFIT_TARGET_MET
2025-02-01 09:30:00,-65.72680000000037,4.5150663330063665,1,EXIT_PROFIT_TARGET_MET
2025-02-01 09:35:00,-65.62660000000051,12.292839843749062,1,EXIT_PROFIT_TARGET_MET
2025-02-01 09:40:00,-65.62660000000051,1.6978288476558276,1,EXIT_PROFIT_TARGET_MET
2025-02-01 09:45:00,-65.75820000000022,14.612717187500078,1,EXIT_PROFIT_TARGET_MET
2025-02-01 09:50:00,-65.89339999999993,15.823700312500197,1,EXIT_PROFIT_TARGET_MET
2025-02-01 09:55:00,-65.95399999999972,4.7547303124994045,1,EXIT_PROFIT_TARGET_MET
2025-02-01 10:00:00,-65.8100000000004,2.1448631250013364,1,EXIT_PROFIT_TARGET_MET
2025-02-01 10:05:00,-66.02580000000034,25.09878125000067,1,EXIT_PROFIT_TARGET_MET
2025-02-01 10:10:00,-66.04460000000017,17.722132499998878,1,EXIT_PROFIT_TARGET_MET
2025-02-01 10:15:00,-66.07219999999961,30.450434999999345,1,EXIT_PROFIT_TARGET_MET
2025-02-01 10:20:00,-66.02940000000035,22.701270000000875,1,EXIT_PROFIT_TARGET_MET
2025-02-01 10:25:00,-65.8732,0.45160249999980806,1,EXIT_PROFIT_TARGET_MET
2025-02-01 10:30:00,-66.03679999999986,7.951609755860385,1,EXIT_PROFIT_TARGET_MET
2025-02-01 10:35:00,-66.20539999999983,10.748066162109403,1,EXIT_PROFIT_TARGET_MET
2025-02-01 10:40:00,-66.20340000000033,8.836383515624698,1,EXIT_PROFIT_TARGET_MET
2025-02-01 10:45:00,-66.26019999999971,9.055862275390334,1,EXIT_PROFIT_TARGET_MET
2025-02-01 10:50:00,-66.22800000000007,12.273247753905867,1,EXIT_PROFIT_TARGET_MET
2025-02-01 10:55:00,-66.34180000000015,3.9828857031244222,1,EXIT_PROFIT_TARGET_MET
2025-02-01 11:00:00,-66.42339999999967,15.699473437498375,1,EXIT_PROFIT_TARGET_MET
2025-02-01 11:05:00,-66.49279999999999,-228.01885500000049,-1,NO_VALID_ACTION_DEFENSIVE_AVG
2025-02-01 11:10:00,-66.4962000000005,22.06355437499989,1,EXIT_PROFIT_TARGET_MET
2025-02-01 11:15:00,-66.40959999999995,-172.72219999999993,-1,NO_VALID_ACTION_DEFENSIVE_AVG
2025-02-01 11:20:00,-66.47599999999966,10.646432499999406,1,EXIT_PROFIT_TARGET_MET
2025-02-01 11:25:00,-66.47599999999966,10.646432499999406,1,EXIT_PROFIT_TARGET_MET
2025-02-01 11:30:00,-66.4384,9.25993250000053,1,EXIT_PROFIT_TARGET_MET
2025-02-01 11:35:00,-66.57060000000001,14.134807500000846,1,EXIT_PROFIT_TARGET_MET
2025-02-01 11:40:00,-66.5,11.531432499999113,1,EXIT_PROFIT_TARGET_MET
2025-02-01 11:45:00,-66.47140000000036,10.47680750000032,1,EXIT_PROFIT_TARGET_MET
2025-02-01 11:50:00,-66.36239999999998,6.457432499998646,1,EXIT_PROFIT_TARGET_MET
2025-02-01 11:55:00,-66.28560000000016,3.625432499999789,1,EXIT_PROFIT_TARGET_MET
2025-02-01 12:00:00,-66.32359999999971,5.026682500000732,1,EXIT_PROFIT_TARGET_MET
2025-02-01 12:05:00,-66.32359999999971,5.026682500000732,1,EXIT_PROFIT_TARGET_MET
2025-02-01 12:10:00,-66.32359999999971,5.026682500000732,1,EXIT_PROFIT_TARGET_MET
2025-02-01 12:15:00,-66.44160000000011,9.377932500001464,1,EXIT_PROFIT_TARGET_MET
2025-02-01 12:20:00,-66.40480000000025,8.02093249999777,1,EXIT_PROFIT_TARGET_MET
2025-02-01 12:25:00,-66.40480000000025,8.02093249999777,1,EXIT_PROFIT_TARGET_MET
2025-02-01 12:30:00,-66.27980000000025,3.4115574999988496,1,EXIT_PROFIT_TARGET_MET
2025-02-01 12:35:00,-66.3112000000001,4.569432500001881,1,EXIT_PROFIT_TARGET_MET
2025-02-01 12:40:00,-66.32300000000032,5.004557500002107,1,EXIT_PROFIT_TARGET_MET
2025-02-01 12:45:00,-66.40200000000004,7.9176824999991595,1,EXIT_PROFIT_TARGET_MET
2025-02-01 12:50:00,-66.3155999999999,4.731682499999806,1,EXIT_PROFIT_TARGET_MET
2025-02-01 12:55:00,-66.1319999999996,35.23124250000187,1,EXIT_PROFIT_TARGET_MET
2025-02-01 13:00:00,-66.0564000000004,31.96626750000047,1,EXIT_PROFIT_TARGET_MET
2025-02-01 13:05:00,-65.97220000000016,28.329880000000927,1,EXIT_PROFIT_TARGET_MET
2025-02-01 13:10:00,-66.04240000000027,31.36164249999743,1,EXIT_PROFIT_TARGET_MET
2025-02-01 13:15:00,-65.88519999999971,24.57256750000144,1,EXIT_PROFIT_TARGET_MET
2025-02-01 13:20:00,-65.91380000000026,25.807729999998628,1,EXIT_PROFIT_TARGET_MET
2025-02-01 13:25:00,-65.88839999999982,24.71076749999763,1,EXIT_PROFIT_TARGET_MET
2025-02-01 13:30:00,-65.7543999999998,18.923642499999943,1,EXIT_PROFIT_TARGET_MET
2025-02-01 13:35:00,-65.72659999999996,17.723029999999596,1,EXIT_PROFIT_TARGET_MET
2025-02-01 13:40:00,-65.76460000000043,19.364155000000466,1,EXIT_PROFIT_TARGET_MET
2025-02-01 13:45:00,-65.78300000000036,20.158804999998537,1,EXIT_PROFIT_TARGET_MET
2025-02-01 13:50:00,-65.7466000000004,18.586780000000175,1,EXIT_PROFIT_TARGET_MET
2025-02-01 13:55:00,-65.81840000000011,21.68764249999765,1,EXIT_PROFIT_TARGET_MET
2025-02-01 14:00:00,-65.89860000000044,25.151279999998152,1,EXIT_PROFIT_TARGET_MET
2025-02-01 14:05:00,-65.81840000000011,21.68764249999765,1,EXIT_PROFIT_TARGET_MET
2025-02-01 14:10:00,-65.80079999999998,20.927542500000897,1,EXIT_PROFIT_TARGET_MET
2025-02-01 14:15:00,-65.72640000000047,9.79185375000057,1,EXIT_PROFIT_TARGET_MET
2025-02-01 14:20:00,-65.90279999999984,19.8024225000012,1,EXIT_PROFIT_TARGET_MET
2025-02-01 14:25:00,-65.91539999999986,21.560460000000887,1,EXIT_PROFIT_TARGET_MET
2025-02-01 14:30:00,-66.0622000000003,13.133644999998381,1,EXIT_PROFIT_TARGET_MET
2025-02-01 14:35:00,-66.03319999999985,34.16627874999989,1,EXIT_PROFIT_TARGET_MET
2025-02-01 14:40:00,-66.09640000000036,12.286843749999605,1,EXIT_PROFIT_TARGET_MET
2025-02-01 14:45:00,-66.01540000000023,3.6229187499982913,1,EXIT_PROFIT_TARGET_MET
2025-02-01 14:50:00,-65.92259999999987,0.05346668380737206,1,EXIT_PROFIT_TARGET_MET
2025-02-01 14:55:00,-65.89959999999974,0.025898814392091307,1,EXIT_PROFIT_TARGET_MET
2025-02-01 15:00:00,-65.89959999999974,0.03316065826415872,1,EXIT_PROFIT_TARGET_MET
2025-02-01 15:05:00,-65.91780000000017,0.05287487426758357,1,EXIT_PROFIT_TARGET_MET
2025-02-01 15:10:00,-65.91780000000017,4.5266113278708e-05,1,EXIT_PROFIT_TARGET_MET
2025-02-01 15:15:00,-65.95719999999983,0.07906299316406445,1,EXIT_PROFIT_TARGET_MET
2025-02-01 15:20:00,-65.94260000000031,0.06468208984375512,1,EXIT_PROFIT_TARGET_MET
2025-02-01 15:25:00,-65.96100000000024,0.10926815429687908,1,EXIT_PROFIT_TARGET_MET
2025-02-01 15:30:00,-65.90419999999995,0.17763153808594323,1,EXIT_PROFIT_TARGET_MET
2025-02-01 15:35:00,-65.94300000000021,0.049368535156249393,1,EXIT_PROFIT_TARGET_MET
2025-02-01 15:40:00,-65.95499999999993,0.10218316406249994,1,EXIT_PROFIT_TARGET_MET
2025-02-01 15:45:00,-66.00759999999991,0.21666429199218917,1,EXIT_PROFIT_TARGET_MET
2025-02-01 15:50:00,-66.01379999999972,0.22640604492187744,1,EXIT_PROFIT_TARGET_MET
2025-02-01 15:55:00,-66.01379999999972,-251.13154499999928,-1,NO_VALID_ACTION_DEFENSIVE_AVG
2025-02-01 16:00:00,-66.01379999999972,-260.85721499999966,-1,NO_VALID_ACTION_DEFENSIVE_AVG
2025-02-01 16:05:00,-66.10080000000016,-191.43060000000014,-1,NO_VALID_ACTION_DEFENSIVE_AVG
2025-02-01 16:10:00,-66.05699999999979,-188.2077499999998,-1,NO_VALID_ACTION_DEFENSIVE_AVG
2025-02-01 16:15:00,-66.05699999999979,-256.5724349999996,-1,NO_VALID_ACTION_DEFENSIVE_AVG
2025-02-01 16:20:00,-65.83659999999963,-180.53744999999958,-1,NO_VALID_ACTION_DEFENSIVE_AVG
2025-02-01 16:25:00,-65.82260000000042,-200.97137000000043,-1,NO_VALID_ACTION_DEFENSIVE_AVG
2025-02-01 16:30:00,-65.82260000000042,-193.44637000000034,-1,NO_VALID_ACTION_DEFENSIVE_AVG
2025-02-01 16:35:00,-65.78840000000037,4.4172224999997525,1,EXIT_PROFIT_TARGET_MET
2025-02-01 16:40:00,-65.65679999999975,1.2259224999997969,1,EXIT_PROFIT_TARGET_MET
2025-02-01 16:45:00,-65.61139999999978,17.367112499999934,1,EXIT_PROFIT_TARGET_MET
2025-02-01 16:50:00,-65.88559999999961,29.209124999999986,1,EXIT_PROFIT_TARGET_MET
2025-02-01 16:55:00,-65.89339999999993,29.54598749999937,1,EXIT_PROFIT_TARGET_MET
2025-02-01 17:00:00,-65.98959999999988,31.54712999999842,1,EXIT_PROFIT_TARGET_MET
2025-02-01 17:05:00,-65.97699999999986,-288.6437199999999,-1,NO_VALID_ACTION_DEFENSIVE_AVG
2025-02-01 17:10:00,-65.92920000000049,1.9697225000002732,1,EXIT_PROFIT_TARGET_MET
2025-02-01 17:15:00,-65.80079999999998,-210.4652000000001,-1,NO_VALID_ACTION_DEFENSIVE_AVG
2025-02-01 17:20:00,-65.77400000000034,10.118137499998909,1,EXIT_PROFIT_TARGET_MET
2025-02-01 17:25:00,-65.78420000000006,10.36548750000162,1,EXIT_PROFIT_TARGET_MET
2025-02-01 17:30:00,-65.8739999999998,12.543137499999432,1,EXIT_PROFIT_TARGET_MET
2025-02-01 17:35:00,-65.71339999999964,8.648587500000133,1,EXIT_PROFIT_TARGET_MET
2025-02-01 17:40:00,-65.63500000000022,6.747387500000116,1,EXIT_PROFIT_TARGET_MET
2025-02-01 17:45:00,-65.61160000000018,6.179937500001358,1,EXIT_PROFIT_TARGET_MET
2025-02-01 17:50:00,-65.58140000000003,5.447587500000793,1,EXIT_PROFIT_TARGET_MET
2025-02-01 17:55:00,-65.58520000000044,5.5397375000005695,1,EXIT_PROFIT_TARGET_MET
2025-02-01 18:00:00,-65.58520000000044,5.5397375000005695,1,EXIT_PROFIT_TARGET_MET
2025-02-01 18:05:00,-65.58520000000044,5.5397375000005695,1,EXIT_PROFIT_TARGET_MET
2025-02-01 18:10:00,-65.66219999999976,7.406987500000696,1,EXIT_PROFIT_TARGET_MET
2025-02-01 18:15:00,-65.51540000000023,3.8470875000001,1,EXIT_PROFIT_TARGET_MET
2025-02-01 18:20:00,-65.55360000000019,4.773437499999602,1,EXIT_PROFIT_TARGET_MET
2025-02-01 18:25:00,-65.26800000000003,14.755506250000309,1,EXIT_PROFIT_TARGET_MET
2025-02-01 18:30:00,-65.0641999999998,7.240381249999359,1,EXIT_PROFIT_TARGET_MET
2025-02-01 18:35:00,-65.21939999999995,12.963381249998434,1,EXIT_PROFIT_TARGET_MET
2025-02-01 18:40:00,-65.21680000000015,12.867506249999195,1,EXIT_PROFIT_TARGET_MET
2025-02-01 18:45:00,-65.21680000000015,12.867506249999195,1,EXIT_PROFIT_TARGET_MET
2025-02-01 18:50:00,-65.2482,14.025381249999413,1,EXIT_PROFIT_TARGET_MET
2025-02-01 18:55:00,-65.35279999999966,17.882506250000603,1,EXIT_PROFIT_TARGET_MET
2025-02-01 19:00:00,-65.21860000000015,46.65353500000066,1,EXIT_PROFIT_TARGET_MET
2025-02-01 19:05:00,-65.23840000000018,42.621871249998804,1,EXIT_PROFIT_TARGET_MET
2025-02-01 19:10:00,-65.23840000000018,10.915190000000848,1,EXIT_PROFIT_TARGET_MET
2025-02-01 19:15:00,-65.14959999999974,0.2842762499997775,1,EXIT_PROFIT_TARGET_MET
2025-02-01 19:20:00,-65.14959999999974,2.113894999999502,1,EXIT_PROFIT_TARGET_MET
2025-02-01 19:25:00,-65.04619999999977,17.495098750001873,1,EXIT_PROFIT_TARGET_MET
2025-02-01 19:30:00,-64.94520000000011,13.375239999998655,1,EXIT_PROFIT_TARGET_MET
2025-02-01 19:35:00,-64.78700000000026,28.20495499999808,1,EXIT_PROFIT_TARGET_MET
2025-02-01 19:40:00,-64.76479999999992,10.563759999999917,1,EXIT_PROFIT_TARGET_MET
2025-02-01 19:45:00,-64.5598,26.649482500000516,1,EXIT_PROFIT_TARGET_MET
2025-02-01 19:50:00,-64.57679999999982,27.18066875000062,1,EXIT_PROFIT_TARGET_MET
2025-02-01 19:55:00,-64.71979999999985,7.748305000000471,1,EXIT_PROFIT_TARGET_MET
2025-02-01 20:00:00,-64.82480000000032,3.755614999999466,1,EXIT_PROFIT_TARGET_MET
2025-02-01 20:05:00,-64.94200000000001,3.5991450000014424,1,EXIT_PROFIT_TARGET_MET
2025-02-01 20:10:00,-64.78420000000006,15.6175237499981,1,EXIT_PROFIT_TARGET_MET
2025-02-01 20:15:00,-64.73139999999967,3.160791250001182,1,EXIT_PROFIT_TARGET_MET
2025-02-01 20:20:00,-64.96799999999985,23.18130437500034,1,EXIT_PROFIT_TARGET_MET
2025-02-01 20:25:00,-64.96799999999985,9.514529843751092,1,EXIT_PROFIT_TARGET_MET
2025-02-01 20:30:00,-64.9967999999999,16.101501249999792,1,EXIT_PROFIT_TARGET_MET
2025-02-01 20:35:00,-65.01760000000013,12.972953124999464,1,EXIT_PROFIT_TARGET_MET
2025-02-01 20:40:00,-64.78679999999986,2.7184540625004274,1,EXIT_PROFIT_TARGET_MET
2025-02-01 20:45:00,-64.70079999999962,0.3477087499994127,1,EXIT_PROFIT_TARGET_MET
2025-02-01 20:50:00,-64.60400000000027,37.41308749999813,1,EXIT_PROFIT_TARGET_MET
2025-02-01 20:55:00,-64.60400000000027,19.382385000001165,1,EXIT_PROFIT_TARGET_MET
2025-02-01 21:00:00,-64.70660000000044,26.141492499999742,1,EXIT_PROFIT_TARGET_MET
2025-02-01 21:05:00,-64.70660000000044,48.05316812499895,1,EXIT_PROFIT_TARGET_MET
2025-02-01 21:10:00,-64.83179999999993,25.022301249998378,1,EXIT_PROFIT_TARGET_MET
2025-02-01 21:15:00,-64.9348,49.38349000000008,1,EXIT_PROFIT_TARGET_MET
2025-02-01 21:20:00,-64.9348,11.521017499999402,1,EXIT_PROFIT_TARGET_MET
2025-02-01 21:25:00,-64.9348,8.802927499999441,1,EXIT_PROFIT_TARGET_MET
2025-02-01 21:30:00,-64.94160000000011,4.4987250000001495,1,EXIT_PROFIT_TARGET_MET
2025-02-01 21:35:00,-65.0047999999997,56.58313625000244,1,EXIT_PROFIT_TARGET_MET
2025-02-01 21:40:00,-65.0047999999997,30.79896749999932,1,EXIT_PROFIT_TARGET_MET
2025-02-01 21:45:00,-64.97059999999965,10.199232499999994,1,EXIT_PROFIT_TARGET_MET
2025-02-01 21:50:00,-64.97059999999965,3.168544999999085,1,EXIT_PROFIT_TARGET_MET
2025-02-01 21:55:00,-64.97059999999965,13.399797500000432,1,EXIT_PROFIT_TARGET_MET
2025-02-01 22:00:00,-65.0652,34.29691000000031,1,EXIT_PROFIT_TARGET_MET
2025-02-01 22:05:00,-65.07480000000032,19.85395249999968,1,EXIT_PROFIT_TARGET_MET
2025-02-01 22:10:00,-65.0655999999999,14.930809999999042,1,EXIT_PROFIT_TARGET_MET
2025-02-01 22:15:00,-65.02419999999984,90.6719300000004,1,EXIT_PROFIT_TARGET_MET
2025-02-01 22:20:00,-65.16380000000026,51.31166499999944,1,EXIT_PROFIT_TARGET_MET
2025-02-01 22:25:00,-65.20780000000013,66.76828000000091,1,EXIT_PROFIT_TARGET_MET
2025-02-01 22:30:00,-65.28420000000006,27.337312500000166,1,EXIT_PROFIT_TARGET_MET
2025-02-01 22:35:00,-65.35540000000037,8.697442499999056,1,EXIT_PROFIT_TARGET_MET
2025-02-01 22:40:00,-65.31880000000001,16.920357499999227,1,EXIT_PROFIT_TARGET_MET
2025-02-01 22:45:00,-65.28420000000006,64.85805625000074,1,EXIT_PROFIT_TARGET_MET
2025-02-01 22:50:00,-65.41880000000037,23.574055000000556,1,EXIT_PROFIT_TARGET_MET
2025-02-01 22:55:00,-65.41880000000037,23.574055000000556,1,EXIT_PROFIT_TARGET_MET
2025-02-01 23:00:00,-65.2456000000002,19.373955000000194,1,EXIT_PROFIT_TARGET_MET
2025-02-01 23:05:00,-65.3114000000005,20.96960499999966,1,EXIT_PROFIT_TARGET_MET
2025-02-01 23:10:00,-65.3114000000005,20.96960499999966,1,EXIT_PROFIT_TARGET_MET
2025-02-01 23:15:00,-65.3114000000005,18.687622499999236,1,EXIT_PROFIT_TARGET_MET
2025-02-01 23:20:00,-65.33100000000013,19.162922500000263,1,EXIT_PROFIT_TARGET_MET
2025-02-01 23:25:00,-65.43080000000009,2.4155674999990993,1,EXIT_PROFIT_TARGET_MET
2025-02-01 23:30:00,-65.28179999999975,15.08000125000163,1,EXIT_PROFIT_TARGET_MET
2025-02-01 23:35:00,-65.28179999999975,12.05120187500016,1,EXIT_PROFIT_TARGET_MET
2025-02-01 23:40:00,-65.1848,5.923812499999315,1,EXIT_PROFIT_TARGET_MET
2025-02-01 23:45:00,-65.02599999999984,15.031926249999714,1,EXIT_PROFIT_TARGET_MET
2025-02-01 23:50:00,-64.8735999999999,14.108001250000058,1,EXIT_PROFIT_TARGET_MET
2025-02-01 23:55:00,-64.8735999999999,19.031932499999897,1,EXIT_PROFIT_TARGET_MET
2025-02-02 00:00:00,-64.99579999999969,26.198062500000077,1,EXIT_PROFIT_TARGET_MET
2025-02-02 00:05:00,-65.11700000000019,31.747674374999974,1,EXIT_PROFIT_TARGET_MET
2025-02-02 00:10:00,-64.84500000000025,8.304695624999567,1,EXIT_PROFIT_TARGET_MET
2025-02-02 00:15:00,-64.9355999999998,34.86775125000116,1,EXIT_PROFIT_TARGET_MET
2025-02-02 00:20:00,-64.9355999999998,-363.8139050000003,-1,NO_VALID_ACTION_DEFENSIVE_AVG
2025-02-02 00:25:00,-65.07600000000002,-375.96236999999996,-1,NO_VALID_ACTION_DEFENSIVE_AVG
2025-02-02 00:30:00,-65.11580000000049,-284.51685000000043,-1,NO_VALID_ACTION_DEFENSIVE_AVG
2025-02-02 00:35:00,-65.08600000000024,-281.83450000000016,-1,NO_VALID_ACTION_DEFENSIVE_AVG
2025-02-02 00:40:00,-65.08600000000024,20.05329500000107,1,EXIT_PROFIT_TARGET_MET
2025-02-02 00:45:00,-64.89760000000024,15.484594999998535,1,EXIT_PROFIT_TARGET_MET
2025-02-02 00:50:00,-64.7460000000001,11.808294999999703,1,EXIT_PROFIT_TARGET_MET
2025-02-02 00:55:00,-64.72739999999976,11.357245000000717,1,EXIT_PROFIT_TARGET_MET
2025-02-02 01:00:00,-64.65819999999985,9.679145000000858,1,EXIT_PROFIT_TARGET_MET
2025-02-02 01:05:00,-64.81760000000031,13.544594999999447,1,EXIT_PROFIT_TARGET_MET
2025-02-02 01:10:00,-64.81760000000031,13.544594999999447,1,EXIT_PROFIT_TARGET_MET
2025-02-02 01:15:00,-64.6210000000001,8.777044999998793,1,EXIT_PROFIT_TARGET_MET
2025-02-02 01:20:00,-64.69800000000032,10.644294999999431,1,EXIT_PROFIT_TARGET_MET
2025-02-02 01:25:00,-64.86139999999978,14.606744999999535,1,EXIT_PROFIT_TARGET_MET
2025-02-02 01:30:00,-65.09799999999996,20.344294999999477,1,EXIT_PROFIT_TARGET_MET
2025-02-02 01:35:00,-65.07399999999961,19.76229500000062,1,EXIT_PROFIT_TARGET_MET
2025-02-02 01:40:00,-65.09760000000006,20.334595000000604,1,EXIT_PROFIT_TARGET_MET
2025-02-02 01:45:00,-65.13379999999961,21.212444999999093,1,EXIT_PROFIT_TARGET_MET
2025-02-02 01:50:00,-65.03819999999996,18.894144999997422,1,EXIT_PROFIT_TARGET_MET
2025-02-02 01:55:00,-65.03819999999996,18.894144999997422,1,EXIT_PROFIT_TARGET_MET
2025-02-02 02:00:00,-65.04299999999967,19.010545000000263,1,EXIT_PROFIT_TARGET_MET
2025-02-02 02:05:00,-65.21579999999994,23.20094500000073,1,EXIT_PROFIT_TARGET_MET
2025-02-02 02:10:00,-65.17259999999987,22.153345000001764,1,EXIT_PROFIT_TARGET_MET
2025-02-02 02:15:00,-65.04359999999997,19.025095000000874,1,EXIT_PROFIT_TARGET_MET
2025-02-02 02:20:00,-65.10199999999986,20.441294999998433,1,EXIT_PROFIT_TARGET_MET
2025-02-02 02:25:00,-65.27540000000045,24.646245000000533,1,EXIT_PROFIT_TARGET_MET
2025-02-02 02:30:00,-65.27540000000045,24.646245000000533,1,EXIT_PROFIT_TARGET_MET
2025-02-02 02:35:00,-65.21519999999964,23.186394999999095,1,EXIT_PROFIT_TARGET_MET
2025-02-02 02:40:00,-65.21519999999964,23.186394999999095,1,EXIT_PROFIT_TARGET_MET
2025-02-02 02:45:00,-65.21519999999964,23.186394999999095,1,EXIT_PROFIT_TARGET_MET
2025-02-02 02:50:00,-65.21519999999964,23.186394999999095,1,EXIT_PROFIT_TARGET_MET
2025-02-02 02:55:00,-64.83619999999974,13.995645000001502,1,EXIT_PROFIT_TARGET_MET
2025-02-02 03:00:00,-64.88540000000012,15.18874500000095,1,EXIT_PROFIT_TARGET_MET
2025-02-02 03:05:00,-65.0627999999997,19.490694999998937,1,EXIT_PROFIT_TARGET_MET
2025-02-02 03:10:00,-65.08960000000025,20.14059499999962,1,EXIT_PROFIT_TARGET_MET
2025-02-02 03:15:00,-65.28800000000047,19.64492250000211,1,EXIT_PROFIT_TARGET_MET
2025-02-02 03:20:00,-65.29219999999987,20.744935000000055,1,EXIT_PROFIT_TARGET_MET
2025-02-02 03:25:00,-65.29219999999987,53.503210000000195,1,EXIT_PROFIT_TARGET_MET
2025-02-02 03:30:00,-65.15139999999974,16.033089999998253,1,EXIT_PROFIT_TARGET_MET
2025-02-02 03:35:00,-65.15220000000045,1.8924174999991692,1,EXIT_PROFIT_TARGET_MET
2025-02-02 03:40:00,-65.15220000000045,9.02765499999856,1,EXIT_PROFIT_TARGET_MET
2025-02-02 03:45:00,-65.21360000000004,1.860134999997456,1,EXIT_PROFIT_TARGET_MET
2025-02-02 03:50:00,-65.26580000000013,30.30056750000034,1,EXIT_PROFIT_TARGET_MET
2025-02-02 03:55:00,-65.26580000000013,32.909618749999595,1,EXIT_PROFIT_TARGET_MET
2025-02-02 04:00:00,-65.14379999999983,9.50283250000058,1,EXIT_PROFIT_TARGET_MET
2025-02-02 04:05:00,-65.26760000000013,26.081875000000878,1,EXIT_PROFIT_TARGET_MET
2025-02-02 04:10:00,-65.32459999999992,18.945477500000152,1,EXIT_PROFIT_TARGET_MET
2025-02-02 04:15:00,-65.33399999999983,54.37516500000103,1,EXIT_PROFIT_TARGET_MET
2025-02-02 04:20:00,-65.17740000000049,14.089667500000814,1,EXIT_PROFIT_TARGET_MET
2025-02-02 04:25:00,-65.20060000000012,7.484300000000246,1,EXIT_PROFIT_TARGET_MET
2025-02-02 04:30:00,-65.32499999999982,13.267947499999764,1,EXIT_PROFIT_TARGET_MET
2025-02-02 04:35:00,-65.04600000000028,55.81388374999827,1,EXIT_PROFIT_TARGET_MET
2025-02-02 04:40:00,-65.07939999999962,2.536635000000217,1,EXIT_PROFIT_TARGET_MET
2025-02-02 04:45:00,-64.96339999999964,11.681434999998544,1,EXIT_PROFIT_TARGET_MET
2025-02-02 04:50:00,-64.86059999999998,49.6238849999998,1,EXIT_PROFIT_TARGET_MET
2025-02-02 04:55:00,-64.85840000000007,94.1402674999988,1,EXIT_PROFIT_TARGET_MET
2025-02-02 05:00:00,-64.72900000000027,61.36120750000015,1,EXIT_PROFIT_TARGET_MET
2025-02-02 05:05:00,-64.67759999999998,72.53286499999928,1,EXIT_PROFIT_TARGET_MET
2025-02-02 05:10:00,-64.54700000000048,19.70861249999888,1,EXIT_PROFIT_TARGET_MET
2025-02-02 05:15:00,-64.40120000000024,20.92010249999896,1,EXIT_PROFIT_TARGET_MET
2025-02-02 05:20:00,-64.3122000000003,15.623695000001021,1,EXIT_PROFIT_TARGET_MET
2025-02-02 05:25:00,-64.13860000000022,11.413895000001276,1,EXIT_PROFIT_TARGET_MET
2025-02-02 05:30:00,-64.24459999999999,13.984395000000745,1,EXIT_PROFIT_TARGET_MET
2025-02-02 05:35:00,-63.92360000000008,6.200145000001839,1,EXIT_PROFIT_TARGET_MET
2025-02-02 05:40:00,-63.85199999999986,4.463845000001072,1,EXIT_PROFIT_TARGET_MET
2025-02-02 05:45:00,-63.73120000000017,1.5344450000003462,1,EXIT_PROFIT_TARGET_MET
2025-02-02 05:50:00,-63.94000000000051,6.5978450000011435,1,EXIT_PROFIT_TARGET_MET
2025-02-02 05:55:00,-63.94000000000051,6.5978450000011435,1,EXIT_PROFIT_TARGET_MET
2025-02-02 06:00:00,-63.779999999999745,2.7178450000009207,1,EXIT_PROFIT_TARGET_MET
2025-02-02 06:05:00,-63.7474000000002,1.9272950000020046,1,EXIT_PROFIT_TARGET_MET
2025-02-02 06:10:00,-63.500600000000304,28.569290000001132,1,EXIT_PROFIT_TARGET_MET
2025-02-02 06:15:00,-63.604599999999664,32.40429000000012,1,EXIT_PROFIT_TARGET_MET
2025-02-02 06:20:00,-63.40340000000015,24.985040000000964,1,EXIT_PROFIT_TARGET_MET
2025-02-02 06:25:00,-63.302200000000084,21.25329000000187,1,EXIT_PROFIT_TARGET_MET
2025-02-02 06:30:00,-63.128600000000006,14.851790000000562,1,EXIT_PROFIT_TARGET_MET
2025-02-02 06:35:00,-63.193199999999706,17.23391500000173,1,EXIT_PROFIT_TARGET_MET
2025-02-02 06:40:00,-63.36580000000049,23.59854000000209,1,EXIT_PROFIT_TARGET_MET
2025-02-02 06:45:00,-63.15679999999975,15.891665000001638,1,EXIT_PROFIT_TARGET_MET
2025-02-02 06:50:00,-63.26940000000013,20.043790000000428,1,EXIT_PROFIT_TARGET_MET
2025-02-02 06:55:00,-63.44980000000032,26.69604000000055,1,EXIT_PROFIT_TARGET_MET
2025-02-02 07:00:00,-63.460799999999836,27.10166500000099,1,EXIT_PROFIT_TARGET_MET
2025-02-02 07:05:00,-63.573999999999614,31.27591500000122,1,EXIT_PROFIT_TARGET_MET
2025-02-02 07:10:00,-63.55280000000039,30.494165000000123,1,EXIT_PROFIT_TARGET_MET
2025-02-02 07:15:00,-63.36400000000049,23.53216499999982,1,EXIT_PROFIT_TARGET_MET
2025-02-02 07:20:00,-63.46339999999964,27.197540000001254,1,EXIT_PROFIT_TARGET_MET
2025-02-02 07:25:00,-63.46339999999964,27.197540000001254,1,EXIT_PROFIT_TARGET_MET
2025-02-02 07:30:00,-63.202800000000025,17.58791500000069,1,EXIT_PROFIT_TARGET_MET
2025-02-02 07:35:00,-63.22519999999986,18.41391500000185,1,EXIT_PROFIT_TARGET_MET
2025-02-02 07:40:00,-63.38420000000042,24.27704000000176,1,EXIT_PROFIT_TARGET_MET
2025-02-02 07:45:00,-63.15719999999965,15.906415000002426,1,EXIT_PROFIT_TARGET_MET
2025-02-02 07:50:00,-62.999399999999696,10.087540000001809,1,EXIT_PROFIT_TARGET_MET
2025-02-02 07:55:00,-62.92020000000048,7.16704000000027,1,EXIT_PROFIT_TARGET_MET
2025-02-02 08:00:00,-63.20960000000014,17.838665000000788,1,EXIT_PROFIT_TARGET_MET
2025-02-02 08:05:00,-63.19419999999991,17.270790000001142,1,EXIT_PROFIT_TARGET_MET
2025-02-02 08:10:00,-62.75579999999991,1.104790000001998,1,EXIT_PROFIT_TARGET_MET
2025-02-02 08:15:00,-62.8163999999997,3.3394150000024467,1,EXIT_PROFIT_TARGET_MET
2025-02-02 08:20:00,-62.73279999999977,0.2566650000001687,1,EXIT_PROFIT_TARGET_MET
2025-02-02 08:25:00,-62.69040000000041,18.771754375001105,1,EXIT_PROFIT_TARGET_MET
2025-02-02 08:30:00,-62.76479999999992,1.4366650000020798,1,EXIT_PROFIT_TARGET_MET
2025-02-02 08:35:00,-62.76640000000043,1.495665000001651,1,EXIT_PROFIT_TARGET_MET
2025-02-02 08:40:00,-62.893200000000434,6.1714150000013035,1,EXIT_PROFIT_TARGET_MET
2025-02-02 08:45:00,-62.85559999999987,4.784915000000893,1,EXIT_PROFIT_TARGET_MET
2025-02-02 08:50:00,-62.83759999999984,4.121165000002009,1,EXIT_PROFIT_TARGET_MET
2025-02-02 08:55:00,-62.83759999999984,4.121165000002009,1,EXIT_PROFIT_TARGET_MET
2025-02-02 09:00:00,-62.56779999999981,12.89653250000151,1,EXIT_PROFIT_TARGET_MET
2025-02-02 09:05:00,-62.5025999999998,9.772026250001794,1,EXIT_PROFIT_TARGET_MET
2025-02-02 09:10:00,-62.30500000000029,0.3026637499993754,1,EXIT_PROFIT_TARGET_MET
2025-02-02 09:15:00,-62.30360000000019,0.23557312500091854,1,EXIT_PROFIT_TARGET_MET
2025-02-02 09:20:00,-62.11999999999989,20.110549218749785,1,EXIT_PROFIT_TARGET_MET
2025-02-02 09:25:00,-62.277000000000044,27.8201078125007,1,EXIT_PROFIT_TARGET_MET
2025-02-02 09:30:00,-62.431400000000394,6.359988750001406,1,EXIT_PROFIT_TARGET_MET
2025-02-02 09:35:00,-62.61459999999988,15.139276250001668,1,EXIT_PROFIT_TARGET_MET
2025-02-02 09:40:00,-62.659999999999854,17.3149293750003,1,EXIT_PROFIT_TARGET_MET
2025-02-02 09:45:00,-62.659999999999854,17.3149293750003,1,EXIT_PROFIT_TARGET_MET
2025-02-02 09:50:00,-62.32980000000043,1.4911262500002138,1,EXIT_PROFIT_TARGET_MET
2025-02-02 09:55:00,-62.335000000000036,1.7403200000010735,1,EXIT_PROFIT_TARGET_MET
2025-02-02 10:00:00,-62.41160000000036,5.411135625000323,1,EXIT_PROFIT_TARGET_MET
2025-02-02 10:05:00,-62.63420000000042,16.078545000001615,1,EXIT_PROFIT_TARGET_MET
2025-02-02 10:10:00,-62.69580000000042,19.0305325,1,EXIT_PROFIT_TARGET_MET
2025-02-02 10:15:00,-62.8122000000003,3.1845400000008226,1,EXIT_PROFIT_TARGET_MET
2025-02-02 10:20:00,-62.81620000000021,3.332040000001541,1,EXIT_PROFIT_TARGET_MET
2025-02-02 10:25:00,-62.88600000000042,5.905915000000164,1,EXIT_PROFIT_TARGET_MET
2025-02-02 10:30:00,-62.96439999999984,8.796915000001917,1,EXIT_PROFIT_TARGET_MET
2025-02-02 10:35:00,-63.009000000000015,10.44154000000077,1,EXIT_PROFIT_TARGET_MET
2025-02-02 10:40:00,-63.038800000000265,11.540415000001161,1,EXIT_PROFIT_TARGET_MET
2025-02-02 10:45:00,-63.12880000000041,14.859165000001724,1,EXIT_PROFIT_TARGET_MET
2025-02-02 10:50:00,-62.98959999999988,9.726165000001686,1,EXIT_PROFIT_TARGET_MET
2025-02-02 10:55:00,-62.90239999999994,6.510665000001012,1,EXIT_PROFIT_TARGET_MET
2025-02-02 11:00:00,-62.910399999999754,6.805665000000658,1,EXIT_PROFIT_TARGET_MET
2025-02-02 11:05:00,-62.910399999999754,6.805665000000658,1,EXIT_PROFIT_TARGET_MET
2025-02-02 11:10:00,-62.910399999999754,6.805665000000658,1,EXIT_PROFIT_TARGET_MET
2025-02-02 11:15:00,-63.13839999999982,15.213165000000686,1,EXIT_PROFIT_TARGET_MET
2025-02-02 11:20:00,-63.19999999999982,17.48466500000208,1,EXIT_PROFIT_TARGET_MET
2025-02-02 11:25:00,-63.15359999999964,15.77366500000096,1,EXIT_PROFIT_TARGET_MET
2025-02-02 11:30:00,-63.15359999999964,15.77366500000096,1,EXIT_PROFIT_TARGET_MET
2025-02-02 11:35:00,-63.15359999999964,20.345368125001905,1,EXIT_PROFIT_TARGET_MET
2025-02-02 11:40:00,-63.0614000000005,20.477886250000907,1,EXIT_PROFIT_TARGET_MET
2025-02-02 11:45:00,-63.03200000000015,1.667979374999149,1,EXIT_PROFIT_TARGET_MET
2025-02-02 11:50:00,-63.02639999999974,3.1453749999976424,1,EXIT_PROFIT_TARGET_MET
2025-02-02 11:55:00,-62.98080000000027,31.49276875000146,1,EXIT_PROFIT_TARGET_MET
2025-02-02 12:00:00,-62.98080000000027,17.51721249999835,1,EXIT_PROFIT_TARGET_MET
2025-02-02 12:05:00,-62.84640000000036,21.158488750000345,1,EXIT_PROFIT_TARGET_MET
2025-02-02 12:10:00,-62.80580000000009,15.033169999999984,1,EXIT_PROFIT_TARGET_MET
2025-02-02 12:15:00,-62.63339999999971,19.68160624999996,1,EXIT_PROFIT_TARGET_MET
2025-02-02 12:20:00,-62.797999999999774,21.50412624999842,1,EXIT_PROFIT_TARGET_MET
2025-02-02 12:25:00,-62.86340000000018,0.37558250000219573,1,EXIT_PROFIT_TARGET_MET
2025-02-02 12:30:00,-62.86340000000018,3.9650678124986527,1,EXIT_PROFIT_TARGET_MET
2025-02-02 12:35:00,-62.478799999999865,0.015979503173828444,1,EXIT_PROFIT_TARGET_MET
2025-02-02 12:40:00,-62.478799999999865,0.015447042846679457,1,EXIT_PROFIT_TARGET_MET
2025-02-02 12:45:00,-62.41359999999986,0.01110835388183569,1,EXIT_PROFIT_TARGET_MET
2025-02-02 12:50:00,-62.327000000000226,0.013481846313476237,1,EXIT_PROFIT_TARGET_MET
2025-02-02 12:55:00,-62.297999999999774,0.010059246826171278,1,EXIT_PROFIT_TARGET_MET
2025-02-02 13:00:00,-62.53139999999985,0.02949274719238293,1,EXIT_PROFIT_TARGET_MET
2025-02-02 13:05:00,-62.373999999999796,0.040369420776367,1,EXIT_PROFIT_TARGET_MET
2025-02-02 13:10:00,-61.953199999999924,0.05166284790039047,1,EXIT_PROFIT_TARGET_MET
2025-02-02 13:15:00,-61.89260000000013,13.10865874999942,1,EXIT_PROFIT_TARGET_MET
2025-02-02 13:20:00,-61.65940000000046,9.679062968749403,1,EXIT_PROFIT_TARGET_MET
2025-02-02 13:25:00,-61.60360000000037,7.1941421875007805,1,EXIT_PROFIT_TARGET_MET
2025-02-02 13:30:00,-61.75680000000011,4.599821562498249,1,EXIT_PROFIT_TARGET_MET
2025-02-02 13:35:00,-61.80500000000029,0.6565315624999919,1,EXIT_PROFIT_TARGET_MET
2025-02-02 13:40:00,-61.741399999999885,1.5308745703125415,1,EXIT_PROFIT_TARGET_MET
2025-02-02 13:45:00,-61.78099999999995,2.029563554687515,1,EXIT_PROFIT_TARGET_MET
2025-02-02 13:50:00,-61.73779999999988,4.613740546874915,1,EXIT_PROFIT_TARGET_MET
2025-02-02 13:55:00,-61.46360000000004,15.329989140624855,1,EXIT_PROFIT_TARGET_MET
2025-02-02 14:00:00,-61.745600000000195,6.868862812499948,1,EXIT_PROFIT_TARGET_MET
2025-02-02 14:05:00,-61.772799999999734,35.01026218749943,1,EXIT_PROFIT_TARGET_MET
2025-02-02 14:10:00,-61.863000000000284,56.01306624999947,1,EXIT_PROFIT_TARGET_MET
2025-02-02 14:15:00,-61.82880000000023,-428.08008500000096,-1,NO_VALID_ACTION_DEFENSIVE_AVG
2025-02-02 14:20:00,-62.11700000000019,98.16726500000075,1,EXIT_PROFIT_TARGET_MET
2025-02-02 14:25:00,-62.11700000000019,-284.4277100000004,-1,NO_VALID_ACTION_DEFENSIVE_AVG
2025-02-02 14:30:00,-62.02480000000014,25.085330000000226,1,EXIT_PROFIT_TARGET_MET
2025-02-02 14:35:00,-61.84060000000045,20.61847999999941,1,EXIT_PROFIT_TARGET_MET
2025-02-02 14:40:00,-61.98999999999978,24.241430000000094,1,EXIT_PROFIT_TARGET_MET
2025-02-02 14:45:00,-62.143200000000434,27.95652999999851,1,EXIT_PROFIT_TARGET_MET
2025-02-02 14:50:00,-62.02379999999994,25.06107999999972,1,EXIT_PROFIT_TARGET_MET
2025-02-02 14:55:00,-62.08799999999974,26.61792999999807,1,EXIT_PROFIT_TARGET_MET
2025-02-02 15:00:00,-62.02800000000025,25.162930000000927,1,EXIT_PROFIT_TARGET_MET
2025-02-02 15:05:00,-62.1832000000004,28.92652999999831,1,EXIT_PROFIT_TARGET_MET
2025-02-02 15:10:00,-62.05159999999978,25.735229999999888,1,EXIT_PROFIT_TARGET_MET
2025-02-02 15:15:00,-62.10140000000047,26.9428799999979,1,EXIT_PROFIT_TARGET_MET
2025-02-02 15:20:00,-62.168400000000474,28.567629999998587,1,EXIT_PROFIT_TARGET_MET
2025-02-02 15:25:00,-62.168400000000474,28.567629999998587,1,EXIT_PROFIT_TARGET_MET
2025-02-02 15:30:00,-62.24579999999969,30.444580000000656,1,EXIT_PROFIT_TARGET_MET
2025-02-02 15:35:00,-62.353000000000065,33.04417999999879,1,EXIT_PROFIT_TARGET_MET
2025-02-02 15:40:00,-62.39900000000034,34.159680000000606,1,EXIT_PROFIT_TARGET_MET
2025-02-02 15:45:00,-62.39900000000034,34.159680000000606,1,EXIT_PROFIT_TARGET_MET
2025-02-02 15:50:00,-62.408800000000156,34.397329999997794,1,EXIT_PROFIT_TARGET_MET
2025-02-02 15:55:00,-62.45139999999992,35.43037999999922,1,EXIT_PROFIT_TARGET_MET
2025-02-02 16:00:00,-62.38220000000001,33.75227999999885,1,EXIT_PROFIT_TARGET_MET
2025-02-02 16:05:00,-62.49200000000019,36.41492999999758,1,EXIT_PROFIT_TARGET_MET
2025-02-02 16:10:00,-62.53359999999975,37.42372999999901,1,EXIT_PROFIT_TARGET_MET
2025-02-02 16:15:00,-62.5637999999999,38.15607999999804,1,EXIT_PROFIT_TARGET_MET
2025-02-02 16:20:00,-62.74719999999979,42.60352999999958,1,EXIT_PROFIT_TARGET_MET
2025-02-02 16:25:00,-62.74719999999979,29.102569999999957,1,EXIT_PROFIT_TARGET_MET
2025-02-02 16:30:00,-62.51100000000042,29.315429999998514,1,EXIT_PROFIT_TARGET_MET
2025-02-02 16:35:00,-62.44580000000042,7.891672499999089,1,EXIT_PROFIT_TARGET_MET
2025-02-02 16:40:00,-62.32800000000043,15.077986249998872,1,EXIT_PROFIT_TARGET_MET
2025-02-02 16:45:00,-62.34720000000016,77.59589125000016,1,EXIT_PROFIT_TARGET_MET
2025-02-02 16:50:00,-62.2503999999999,39.02622500000081,1,EXIT_PROFIT_TARGET_MET
2025-02-02 16:55:00,-62.2503999999999,1.9729425000011815,1,EXIT_PROFIT_TARGET_MET
2025-02-02 17:00:00,-62.236799999999675,41.92287375000075,1,EXIT_PROFIT_TARGET_MET
2025-02-02 17:05:00,-62.14360000000033,26.78645249999994,1,EXIT_PROFIT_TARGET_MET
2025-02-02 17:10:00,-62.14360000000033,6.883514999998511,1,EXIT_PROFIT_TARGET_MET
2025-02-02 17:15:00,-62.08320000000003,59.90639000000033,1,EXIT_PROFIT_TARGET_MET
2025-02-02 17:20:00,-62.08939999999984,37.96500500000195,1,EXIT_PROFIT_TARGET_MET
2025-02-02 17:25:00,-61.83680000000004,32.04451750000021,1,EXIT_PROFIT_TARGET_MET
2025-02-02 17:30:00,-61.83680000000004,40.493775000001136,1,EXIT_PROFIT_TARGET_MET
2025-02-02 17:35:00,-61.75560000000041,23.457925000001637,1,EXIT_PROFIT_TARGET_MET
2025-02-02 17:40:00,-61.823199999999815,57.45642125000026,1,EXIT_PROFIT_TARGET_MET
2025-02-02 17:45:00,-61.823199999999815,2.6118974999999978,1,EXIT_PROFIT_TARGET_MET
2025-02-02 17:50:00,-61.97519999999986,33.15598250000147,1,EXIT_PROFIT_TARGET_MET
2025-02-02 17:55:00,-62.03660000000036,63.91349000000085,1,EXIT_PROFIT_TARGET_MET
2025-02-02 18:00:00,-62.05699999999979,32.32952499999993,1,EXIT_PROFIT_TARGET_MET
2025-02-02 18:05:00,-62.04479999999967,65.33922499999949,1,EXIT_PROFIT_TARGET_MET
2025-02-02 18:10:00,-61.86740000000009,88.79955999999845,1,EXIT_PROFIT_TARGET_MET
2025-02-02 18:15:00,-61.86740000000009,56.696500000001095,1,EXIT_PROFIT_TARGET_MET
2025-02-02 18:20:00,-62.11920000000009,58.16148249999861,1,EXIT_PROFIT_TARGET_MET
2025-02-02 18:25:00,-62.11920000000009,62.37146250000046,1,EXIT_PROFIT_TARGET_MET
2025-02-02 18:30:00,-62.26260000000002,39.27592750000082,1,EXIT_PROFIT_TARGET_MET
2025-02-02 18:35:00,-62.29659999999967,42.47763500000127,1,EXIT_PROFIT_TARGET_MET
2025-02-02 18:40:00,-62.39980000000014,29.622670000000767,1,EXIT_PROFIT_TARGET_MET
2025-02-02 18:45:00,-62.39980000000014,58.90789999999862,1,EXIT_PROFIT_TARGET_MET
2025-02-02 18:50:00,-62.22199999999975,59.300869999999975,1,EXIT_PROFIT_TARGET_MET
2025-02-02 18:55:00,-62.218799999999646,14.111542499999473,1,EXIT_PROFIT_TARGET_MET
2025-02-02 19:00:00,-62.09519999999975,2.759930585937494,1,EXIT_PROFIT_TARGET_MET
2025-02-02 19:05:00,-62.08420000000024,0.034363281249992994,1,EXIT_PROFIT_TARGET_MET
2025-02-02 19:10:00,-62.08420000000024,0.9071681640624938,1,EXIT_PROFIT_TARGET_MET
2025-02-02 19:15:00,-61.96820000000025,0.19108953125000205,1,EXIT_PROFIT_TARGET_MET
2025-02-02 19:20:00,-61.98940000000039,1.0305875781249885,1,EXIT_PROFIT_TARGET_MET
2025-02-02 19:25:00,-62.043400000000474,2.4635433593749703,1,EXIT_PROFIT_TARGET_MET
2025-02-02 19:30:00,-62.043400000000474,-294.6260050000003,-1,HOLD
2025-02-02 19:35:00,-62.18080000000009,-304.3829199999999,-1,HOLD
2025-02-02 19:40:00,-62.164200000000164,-237.11815000000024,-1,HOLD
2025-02-02 19:45:00,-62.20960000000014,-244.67720000000008,-1,HOLD
2025-02-02 19:50:00,-62.11359999999968,-240.33519999999976,-1,HOLD
2025-02-02 19:55:00,-62.1887999999999,-244.44159999999988,-1,HOLD
2025-02-02 20:00:00,-62.1887999999999,66.4621974999994,1,EXIT_PROFIT_TARGET_MET
2025-02-02 20:05:00,-62.1268,-315.49072999999976,-1,HOLD
2025-02-02 20:10:00,-62.1268,-321.7004149999997,-1,HOLD
2025-02-02 20:15:00,-61.98660000000018,-242.89995,-1,HOLD
2025-02-02 20:20:00,-61.866399999999885,-240.57979999999998,-1,HOLD
2025-02-02 20:25:00,-61.866399999999885,79.98811000000023,1,EXIT_PROFIT_TARGET_MET
2025-02-02 20:30:00,-61.84299999999985,79.42066000000045,1,EXIT_PROFIT_TARGET_MET
2025-02-02 20:35:00,-61.89800000000014,80.75440999999915,1,EXIT_PROFIT_TARGET_MET
2025-02-02 20:40:00,-62.1220000000003,86.18640999999906,1,EXIT_PROFIT_TARGET_MET
2025-02-02 20:45:00,-62.1220000000003,86.18640999999906,1,EXIT_PROFIT_TARGET_MET
2025-02-02 20:50:00,-61.99719999999979,83.16001000000142,1,EXIT_PROFIT_TARGET_MET
2025-02-02 20:55:00,-61.99719999999979,83.16001000000142,1,EXIT_PROFIT_TARGET_MET
2025-02-02 21:00:00,-62.197000000000116,88.00515999999766,1,EXIT_PROFIT_TARGET_MET
2025-02-02 21:05:00,-62.20399999999972,88.17490999999916,1,EXIT_PROFIT_TARGET_MET
2025-02-02 21:10:00,-62.20399999999972,88.17490999999916,1,EXIT_PROFIT_TARGET_MET
2025-02-02 21:15:00,-62.08420000000024,85.26975999999945,1,EXIT_PROFIT_TARGET_MET
2025-02-02 21:20:00,-62.0,83.22790999999967,1,EXIT_PROFIT_TARGET_MET
2025-02-02 21:25:00,-61.70439999999962,76.05960999999951,1,EXIT_PROFIT_TARGET_MET
2025-02-02 21:30:00,-61.59680000000026,73.45031000000046,1,EXIT_PROFIT_TARGET_MET
2025-02-02 21:35:00,-61.31999999999971,66.73790999999949,1,EXIT_PROFIT_TARGET_MET
2025-02-02 21:40:00,-61.248999999999796,65.01615999999933,1,EXIT_PROFIT_TARGET_MET
2025-02-02 21:45:00,-61.150400000000445,62.625110000000234,1,EXIT_PROFIT_TARGET_MET
2025-02-02 21:50:00,-61.399999999999636,68.6779099999996,1,EXIT_PROFIT_TARGET_MET
2025-02-02 21:55:00,-61.29560000000038,66.14620999999971,1,EXIT_PROFIT_TARGET_MET
2025-02-02 22:00:00,-61.35980000000018,67.70305999999857,1,EXIT_PROFIT_TARGET_MET
2025-02-02 22:05:00,-61.3724000000002,68.00860999999861,1,EXIT_PROFIT_TARGET_MET
2025-02-02 22:10:00,-61.49300000000039,70.93315999999913,1,EXIT_PROFIT_TARGET_MET
2025-02-02 22:15:00,-61.513600000000224,71.43271000000016,1,EXIT_PROFIT_TARGET_MET
2025-02-02 22:20:00,-61.37700000000041,68.12015999999767,1,EXIT_PROFIT_TARGET_MET
2025-02-02 22:25:00,-61.44679999999971,69.8128100000012,1,EXIT_PROFIT_TARGET_MET
2025-02-02 22:30:00,-61.215400000000045,64.2013599999994,1,EXIT_PROFIT_TARGET_MET
2025-02-02 22:35:00,-61.301800000000185,149.93962499999964,1,EXIT_PROFIT_TARGET_MET
2025-02-02 22:40:00,-61.279999999999745,28.52749500000084,1,EXIT_PROFIT_TARGET_MET
2025-02-02 22:45:00,-61.19999999999982,63.52615249999985,1,EXIT_PROFIT_TARGET_MET
2025-02-02 22:50:00,-61.19999999999982,82.53596499999924,1,EXIT_PROFIT_TARGET_MET
2025-02-02 22:55:00,-61.1268,117.12244000000226,1,EXIT_PROFIT_TARGET_MET
2025-02-02 23:00:00,-61.309400000000096,51.82541750000058,1,EXIT_PROFIT_TARGET_MET
2025-02-02 23:05:00,-61.33439999999973,10.831802499999242,1,EXIT_PROFIT_TARGET_MET
2025-02-02 23:10:00,-61.47059999999965,20.313712500001827,1,EXIT_PROFIT_TARGET_MET
2025-02-02 23:15:00,-61.440200000000004,1.9610674999991033,1,EXIT_PROFIT_TARGET_MET
2025-02-02 23:20:00,-61.39800000000014,43.58292625000081,1,EXIT_PROFIT_TARGET_MET
2025-02-02 23:25:00,-61.5011999999997,9.544605000001184,1,EXIT_PROFIT_TARGET_MET
2025-02-02 23:30:00,-61.40139999999974,31.102287500000045,1,EXIT_PROFIT_TARGET_MET
2025-02-02 23:35:00,-61.44200000000001,43.79108999999954,1,EXIT_PROFIT_TARGET_MET
2025-02-02 23:40:00,-61.550600000000486,47.02586250000161,1,EXIT_PROFIT_TARGET_MET
2025-02-02 23:45:00,-61.603000000000065,108.56602000000015,1,EXIT_PROFIT_TARGET_MET
2025-02-02 23:50:00,-61.705799999999726,150.30410749999942,1,EXIT_PROFIT_TARGET_MET
2025-02-02 23:55:00,-61.73319999999967,63.76915500000007,1,EXIT_PROFIT_TARGET_MET
2025-02-03 00:00:00,-61.753600000000006,58.76846250000108,1,EXIT_PROFIT_TARGET_MET
2025-02-03 00:05:00,-61.793800000000374,99.99501250000009,1,EXIT_PROFIT_TARGET_MET
2025-02-03 00:10:00,-61.89300000000003,168.2808849999999,1,EXIT_PROFIT_TARGET_MET
2025-02-03 00:15:00,-61.972999999999956,88.11934000000099,1,EXIT_PROFIT_TARGET_MET
2025-02-03 00:20:00,-61.83140000000003,30.565582500000744,1,EXIT_PROFIT_TARGET_MET
2025-02-03 00:25:00,-61.914200000000164,84.88610499999862,1,EXIT_PROFIT_TARGET_MET
2025-02-03 00:30:00,-61.914200000000164,34.27476249999944,1,EXIT_PROFIT_TARGET_MET
2025-02-03 00:35:00,-62.03600000000006,92.09122000000065,1,EXIT_PROFIT_TARGET_MET
2025-02-03 00:40:00,-62.03600000000006,29.31452500000165,1,EXIT_PROFIT_TARGET_MET
2025-02-03 00:45:00,-61.960000000000036,131.3086249999988,1,EXIT_PROFIT_TARGET_MET
2025-02-03 00:50:00,-61.83140000000003,164.881677500001,1,EXIT_PROFIT_TARGET_MET
2025-02-03 00:55:00,-61.83140000000003,128.778327500001,1,EXIT_PROFIT_TARGET_MET
2025-02-03 01:00:00,-61.550600000000486,128.17785499999866,1,EXIT_PROFIT_TARGET_MET
2025-02-03 01:05:00,-61.56680000000051,102.66512750000129,1,EXIT_PROFIT_TARGET_MET
2025-02-03 01:10:00,-61.66020000000026,151.63636250000053,1,EXIT_PROFIT_TARGET_MET
2025-02-03 01:15:00,-61.65760000000046,405.7564349999989,1,EXIT_PROFIT_TARGET_MET
2025-02-03 01:20:00,-61.65639999999985,65.48703500000033,1,EXIT_PROFIT_TARGET_MET
2025-02-03 01:25:00,-61.39459999999963,464.38049250000086,1,EXIT_PROFIT_TARGET_MET
2025-02-03 01:30:00,-61.40400000000045,25.217909999999392,1,EXIT_PROFIT_TARGET_MET
2025-02-03 01:35:00,-61.634399999999914,12.788822499999696,1,EXIT_PROFIT_TARGET_MET
2025-02-03 01:40:00,-61.634399999999914,30.13735500000007,1,EXIT_PROFIT_TARGET_MET
2025-02-03 01:45:00,-61.663400000000365,51.166259999998886,1,EXIT_PROFIT_TARGET_MET
2025-02-03 01:50:00,-61.6876000000002,105.64049999999997,1,EXIT_PROFIT_TARGET_MET
2025-02-03 01:55:00,-61.72199999999975,131.22904750000038,1,EXIT_PROFIT_TARGET_MET
2025-02-03 02:00:00,-61.53600000000006,36.34396000000038,1,EXIT_PROFIT_TARGET_MET
2025-02-03 02:05:00,-61.5011999999997,174.6913624999995,1,EXIT_PROFIT_TARGET_MET
2025-02-03 02:10:00,-61.30400000000009,181.49165999999974,1,EXIT_PROFIT_TARGET_MET
2025-02-03 02:15:00,-61.24759999999969,246.15655000000083,1,EXIT_PROFIT_TARGET_MET
2025-02-03 02:20:00,-61.448599999999715,219.54083500000013,1,EXIT_PROFIT_TARGET_MET
2025-02-03 02:25:00,-61.19959999999992,227.13849749999912,1,EXIT_PROFIT_TARGET_MET
2025-02-03 02:30:00,-61.15440000000035,158.6704625000005,1,EXIT_PROFIT_TARGET_MET
2025-02-03 02:35:00,-60.9399999999996,160.17895250000174,1,EXIT_PROFIT_TARGET_MET
2025-02-03 02:40:00,-61.038400000000365,219.9748774999984,1,EXIT_PROFIT_TARGET_MET
2025-02-03 02:45:00,-60.5,161.47662749999944,1,EXIT_PROFIT_TARGET_MET
2025-02-03 02:50:00,-60.58640000000014,124.18852250000009,1,EXIT_PROFIT_TARGET_MET
2025-02-03 02:55:00,-60.29979999999978,137.64236500000015,1,EXIT_PROFIT_TARGET_MET
2025-02-03 03:00:00,-60.42659999999978,233.3309450000006,1,EXIT_PROFIT_TARGET_MET
2025-02-03 03:05:00,-60.51040000000012,197.17236250000008,1,EXIT_PROFIT_TARGET_MET
2025-02-03 03:10:00,-60.538000000000466,177.14865750000035,1,EXIT_PROFIT_TARGET_MET
2025-02-03 03:15:00,-60.59019999999964,0.06851989501953293,1,EXIT_PROFIT_TARGET_MET
2025-02-03 03:20:00,-60.0,0.0616507592773442,1,EXIT_PROFIT_TARGET_MET
2025-02-03 03:25:00,-60.301000000000386,0.1118237255859384,1,EXIT_PROFIT_TARGET_MET
2025-02-03 03:30:00,-60.11859999999979,0.13872814453125093,1,EXIT_PROFIT_TARGET_MET
2025-02-03 03:35:00,-60.0637999999999,-27.10093375000079,1,HOLD
2025-02-03 03:40:00,-59.90340000000015,-35.083757656256466,1,HOLD
2025-02-03 03:45:00,-59.599600000000464,-129.06970000000047,-1,HOLD
2025-02-03 03:50:00,-59.5,-131.55500000000006,-1,HOLD
2025-02-03 03:55:00,-59.44220000000041,-133.11165000000028,-1,HOLD
2025-02-03 04:00:00,-59.672199999999975,-137.76414999999997,-1,HOLD
2025-02-03 04:05:00,-59.63199999999961,-149.41899999999964,-1,NO_VALID_ACTION_DEFENSIVE_AVG
2025-02-03 04:10:00,-59.63199999999961,-150.42399999999975,-1,NO_VALID_ACTION_DEFENSIVE_AVG
2025-02-03 04:15:00,-59.46219999999994,-159.66665000000012,-1,NO_VALID_ACTION_DEFENSIVE_AVG
2025-02-03 04:20:00,-59.58740000000034,-189.90555000000018,-1,NO_VALID_ACTION_DEFENSIVE_AVG
2025-02-03 04:25:00,-59.62740000000031,-189.52055000000018,-1,NO_VALID_ACTION_DEFENSIVE_AVG
2025-02-03 04:30:00,-59.32579999999962,-172.79434999999967,-1,NO_VALID_ACTION_DEFENSIVE_AVG
2025-02-03 04:35:00,-58.96339999999964,-183.14754999999968,-1,NO_VALID_ACTION_DEFENSIVE_AVG
2025-02-03 04:40:00,-58.61999999999989,-111.2211850000001,-1,NO_VALID_ACTION_DEFENSIVE_AVG
2025-02-03 04:45:00,-58.73660000000018,-168.04245000000014,-1,NO_VALID_ACTION_DEFENSIVE_AVG
2025-02-03 04:50:00,-58.590000000000146,-104.19868500000041,-1,NO_VALID_ACTION_DEFENSIVE_AVG
2025-02-03 04:55:00,-58.590000000000146,-104.60368500000038,-1,NO_VALID_ACTION_DEFENSIVE_AVG
2025-02-03 05:00:00,-58.59280000000035,-107.0107850000004,-1,NO_VALID_ACTION_DEFENSIVE_AVG
2025-02-03 05:05:00,-58.59280000000035,-104.21828500000038,-1,NO_VALID_ACTION_DEFENSIVE_AVG
2025-02-03 05:10:00,-58.59280000000035,-103.6982850000004,-1,NO_VALID_ACTION_DEFENSIVE_AVG
2025-02-03 05:15:00,-58.3742000000002,-95.91433500000039,-1,NO_VALID_ACTION_DEFENSIVE_AVG
2025-02-03 05:20:00,-58.30079999999998,-93.06678499999987,-1,NO_VALID_ACTION_DEFENSIVE_AVG
2025-02-03 05:25:00,-58.59240000000045,-105.85048500000028,-1,NO_VALID_ACTION_DEFENSIVE_AVG
2025-02-03 05:30:00,-59.026200000000244,-171.54465000000005,-1,NO_VALID_ACTION_DEFENSIVE_AVG
2025-02-03 05:35:00,-59.10599999999977,-168.19949999999994,-1,NO_VALID_ACTION_DEFENSIVE_AVG
2025-02-03 05:40:00,-59.543400000000474,-182.4725500000004,-1,NO_VALID_ACTION_DEFENSIVE_AVG
2025-02-03 05:45:00,-59.443599999999606,-171.87769999999955,-1,NO_VALID_ACTION_DEFENSIVE_AVG
2025-02-03 05:50:00,-59.27139999999963,-164.9835499999997,-1,NO_VALID_ACTION_DEFENSIVE_AVG
2025-02-03 05:55:00,-59.37219999999979,-167.72415,-1,NO_VALID_ACTION_DEFENSIVE_AVG
2025-02-03 06:00:00,-59.51260000000002,-169.2944500000001,-1,NO_VALID_ACTION_DEFENSIVE_AVG
2025-02-03 06:05:00,-59.600000000000364,-168.70000000000027,-1,NO_VALID_ACTION_DEFENSIVE_AVG
2025-02-03 06:10:00,-59.612600000000384,-174.54945000000043,-1,NO_VALID_ACTION_DEFENSIVE_AVG
2025-02-03 06:15:00,-59.69999999999982,-177.4849999999999,-1,HOLD
2025-02-03 06:20:00,-59.61319999999978,-169.4898999999998,-1,HOLD
2025-02-03 06:25:00,-59.615600000000086,-175.6767000000002,-1,HOLD
2025-02-03 06:30:00,-59.51159999999982,-177.79369999999972,-1,HOLD
2025-02-03 06:35:00,-59.26919999999973,-173.0568999999998,-1,HOLD
2025-02-03 06:40:00,-59.142399999999725,-167.38679999999977,-1,HOLD
2025-02-03 06:45:00,-59.18419999999969,-173.56314999999972,-1,HOLD
2025-02-03 06:50:00,-59.18379999999979,-177.3028499999998,-1,HOLD
2025-02-03 06:55:00,-59.13940000000002,-179.02954999999997,-1,HOLD
2025-02-03 07:00:00,-59.09820000000036,-170.49365000000012,-1,HOLD
2025-02-03 07:05:00,-59.08100000000013,-175.8207500000001,-1,HOLD
2025-02-03 07:10:00,-59.0,-161.64499999999998,-1,HOLD
2025-02-03 07:15:00,-59.0,-161.98000000000002,-1,HOLD
2025-02-03 07:20:00,-58.802200000000084,-161.68165000000022,-1,HOLD
2025-02-03 07:25:00,-58.521600000000035,-101.54488500000025,-1,HOLD
2025-02-03 07:30:00,-58.67879999999968,-105.1702849999997,-1,HOLD
2025-02-03 07:35:00,-58.57020000000011,-105.80383500000005,-1,HOLD
2025-02-03 07:40:00,-58.20020000000022,-124.92791750000077,-1,HOLD
2025-02-03 07:45:00,-58.23779999999988,-128.254867500001,-1,HOLD
2025-02-03 07:50:00,-58.25600000000031,-127.33976750000056,-1,HOLD
2025-02-03 07:55:00,-58.10860000000048,-130.09119750000025,-1,HOLD
2025-02-03 08:00:00,-58.4395999999997,-102.38838499999997,-1,HOLD
2025-02-03 08:05:00,-58.44200000000001,-101.19768499999986,-1,HOLD
2025-02-03 08:10:00,-58.63040000000001,-106.12648499999989,-1,HOLD
2025-02-03 08:15:00,-58.41439999999966,-101.47448499999973,-1,HOLD
2025-02-03 08:20:00,-58.13140000000021,-124.9182975000005,-1,HOLD
2025-02-03 08:25:00,-58.20480000000043,-115.90011750000019,-1,HOLD
2025-02-03 08:30:00,-57.32099999999991,-178.31809437499845,-1,HOLD
2025-02-03 08:35:00,-57.1216000000004,41.20433718749882,1,EXIT_PROFIT_TARGET_MET
2025-02-03 08:40:00,-56.41520000000037,-62.997535000000255,-1,HOLD
2025-02-03 08:45:00,-57.151600000000144,109.5654425000019,1,EXIT_PROFIT_TARGET_MET
2025-02-03 08:50:00,-56.96600000000035,105.06464250000016,1,EXIT_PROFIT_TARGET_MET
2025-02-03 08:55:00,-57.46640000000025,117.1993424999996,1,EXIT_PROFIT_TARGET_MET
2025-02-03 09:00:00,-56.6268,96.83904250000012,1,EXIT_PROFIT_TARGET_MET
2025-02-03 09:05:00,-56.44340000000011,92.39159250000012,1,EXIT_PROFIT_TARGET_MET
2025-02-03 09:10:00,-56.715000000000146,98.9778925000009,1,EXIT_PROFIT_TARGET_MET
2025-02-03 09:15:00,-56.785799999999654,100.69479250000086,1,EXIT_PROFIT_TARGET_MET
2025-02-03 09:20:00,-56.40679999999975,91.50404250000122,1,EXIT_PROFIT_TARGET_MET
2025-02-03 09:25:00,-56.21699999999964,86.90139249999982,1,EXIT_PROFIT_TARGET_MET
2025-02-03 09:30:00,-56.5604000000003,95.22884250000106,1,EXIT_PROFIT_TARGET_MET
2025-02-03 09:35:00,-56.85140000000047,102.28559250000012,1,EXIT_PROFIT_TARGET_MET
2025-02-03 09:40:00,-56.92579999999998,104.08979249999965,1,EXIT_PROFIT_TARGET_MET
2025-02-03 09:45:00,-57.164999999999964,109.89039250000172,1,EXIT_PROFIT_TARGET_MET
2025-02-03 09:50:00,-57.29320000000007,112.99924249999924,1,EXIT_PROFIT_TARGET_MET
2025-02-03 09:55:00,-57.27400000000034,112.53364249999964,1,EXIT_PROFIT_TARGET_MET
2025-02-03 10:00:00,-57.15340000000015,109.60909250000014,1,EXIT_PROFIT_TARGET_MET
2025-02-03 10:05:00,-57.154199999999946,109.62849250000045,1,EXIT_PROFIT_TARGET_MET
2025-02-03 10:10:00,-57.124399999999696,108.90584249999978,1,EXIT_PROFIT_TARGET_MET
2025-02-03 10:15:00,-56.641599999999926,97.19794249999984,1,EXIT_PROFIT_TARGET_MET
2025-02-03 10:20:00,-56.268200000000434,88.14299249999925,1,EXIT_PROFIT_TARGET_MET
2025-02-03 10:25:00,-56.8167999999996,101.44654250000121,1,EXIT_PROFIT_TARGET_MET
2025-02-03 10:30:00,-56.72320000000036,99.17674249999851,1,EXIT_PROFIT_TARGET_MET
2025-02-03 10:35:00,-56.54439999999977,94.84084250000012,1,EXIT_PROFIT_TARGET_MET
2025-02-03 10:40:00,-55.74340000000029,75.41659249999952,1,EXIT_PROFIT_TARGET_MET
2025-02-03 10:45:00,-56.516599999999926,94.16669249999944,1,EXIT_PROFIT_TARGET_MET
2025-02-03 10:50:00,-56.452800000000025,92.61954249999997,1,EXIT_PROFIT_TARGET_MET
2025-02-03 10:55:00,-56.57999999999993,95.70414250000005,1,EXIT_PROFIT_TARGET_MET
2025-02-03 11:00:00,-56.60159999999996,96.22794250000004,1,EXIT_PROFIT_TARGET_MET
2025-02-03 11:05:00,-56.494800000000396,93.63804249999924,1,EXIT_PROFIT_TARGET_MET
2025-02-03 11:10:00,-56.757400000000416,100.00609249999854,1,EXIT_PROFIT_TARGET_MET
2025-02-03 11:15:00,-55.9984000000004,81.60034249999825,1,EXIT_PROFIT_TARGET_MET
2025-02-03 11:20:00,-55.80000000000018,76.78914249999934,1,EXIT_PROFIT_TARGET_MET
2025-02-03 11:25:00,-55.688600000000406,74.08769249999847,1,EXIT_PROFIT_TARGET_MET
2025-02-03 11:30:00,-55.76519999999982,75.94524250000075,1,EXIT_PROFIT_TARGET_MET
2025-02-03 11:35:00,-55.667599999999766,73.57844250000011,1,EXIT_PROFIT_TARGET_MET
2025-02-03 11:40:00,-55.38600000000042,66.74964249999886,1,EXIT_PROFIT_TARGET_MET
2025-02-03 11:45:00,-52.88180000000011,6.022792499999412,1,EXIT_PROFIT_TARGET_MET
2025-02-03 11:50:00,-51.931400000000394,3.7697000000004834,1,EXIT_PROFIT_TARGET_MET
2025-02-03 11:55:00,-50.905399999999645,-199.95616874999928,-1,NO_VALID_ACTION_DEFENSIVE_AVG
2025-02-03 12:00:00,-50.0007999999998,-194.35559999999987,-1,NO_VALID_ACTION_DEFENSIVE_AVG
2025-02-03 12:05:00,-45.98559999999998,-293.63419999999996,-1,NO_VALID_ACTION_DEFENSIVE_AVG
2025-02-03 12:10:00,-49.496000000000095,-209.10699999999997,-1,NO_VALID_ACTION_DEFENSIVE_AVG
2025-02-03 12:15:00,-50.3145999999997,-193.5809499999998,-1,NO_VALID_ACTION_DEFENSIVE_AVG
2025-02-03 12:20:00,-49.698999999999614,-208.0542499999999,-1,NO_VALID_ACTION_DEFENSIVE_AVG
2025-02-03 12:25:00,-50.0,-204.0250000000001,-1,NO_VALID_ACTION_DEFENSIVE_AVG
2025-02-03 12:30:00,-49.779999999999745,-208.66999999999985,-1,NO_VALID_ACTION_DEFENSIVE_AVG
2025-02-03 12:35:00,-49.780399999999645,-204.32029999999963,-1,NO_VALID_ACTION_DEFENSIVE_AVG
2025-02-03 12:40:00,-50.0,-200.21000000000004,-1,NO_VALID_ACTION_DEFENSIVE_AVG
2025-02-03 12:45:00,-49.80019999999968,-206.34514999999965,-1,NO_VALID_ACTION_DEFENSIVE_AVG
2025-02-03 12:50:00,-49.94639999999981,-197.6397999999997,-1,NO_VALID_ACTION_DEFENSIVE_AVG
2025-02-03 12:55:00,-49.78020000000015,-195.92515000000003,-1,NO_VALID_ACTION_DEFENSIVE_AVG
2025-02-03 13:00:00,-50.50960000000032,-171.87220000000025,-1,NO_VALID_ACTION_DEFENSIVE_AVG
2025-02-03 13:05:00,-50.2518,-184.03385000000003,-1,NO_VALID_ACTION_DEFENSIVE_AVG
2025-02-03 13:10:00,-50.25280000000021,-180.07960000000026,-1,NO_VALID_ACTION_DEFENSIVE_AVG
2025-02-03 13:15:00,-50.29039999999986,-169.8177999999998,-1,NO_VALID_ACTION_DEFENSIVE_AVG
2025-02-03 13:20:00,-50.977600000000166,-258.800004687502,-1,NO_VALID_ACTION_DEFENSIVE_AVG
2025-02-03 13:25:00,-50.610999999999876,-110.93570749999981,-1,NO_VALID_ACTION_DEFENSIVE_AVG
2025-02-03 13:30:00,-50.315200000000004,-182.31139999999982,-1,NO_VALID_ACTION_DEFENSIVE_AVG
2025-02-03 13:35:00,-50.3122000000003,-199.08415000000014,-1,NO_VALID_ACTION_DEFENSIVE_AVG
2025-02-03 13:40:00,-50.634399999999914,-125.19575750000052,-1,NO_VALID_ACTION_DEFENSIVE_AVG
2025-02-03 13:45:00,-50.651200000000244,-121.39085750000032,-1,NO_VALID_ACTION_DEFENSIVE_AVG
2025-02-03 13:50:00,-50.68119999999999,-154.0187225000006,-1,NO_VALID_ACTION_DEFENSIVE_AVG
2025-02-03 13:55:00,-50.47320000000036,-190.85490000000027,-1,NO_VALID_ACTION_DEFENSIVE_AVG
2025-02-03 14:00:00,-51.19499999999971,9.856039062499839,1,EXIT_PROFIT_TARGET_MET
2025-02-03 14:05:00,-50.88640000000032,-144.68522124999947,-1,NO_VALID_ACTION_DEFENSIVE_AVG
2025-02-03 14:10:00,-50.38940000000002,-186.3520500000002,-1,NO_VALID_ACTION_DEFENSIVE_AVG
2025-02-03 14:15:00,-50.401200000000244,-170.2909000000002,-1,NO_VALID_ACTION_DEFENSIVE_AVG
2025-02-03 14:20:00,-50.2478000000001,-159.2958500000002,-1,NO_VALID_ACTION_DEFENSIVE_AVG
2025-02-03 14:25:00,-50.0,-172.30999999999995,-1,NO_VALID_ACTION_DEFENSIVE_AVG
2025-02-03 14:30:00,-49.59339999999975,69.19419124999862,1,EXIT_PROFIT_TARGET_MET
2025-02-03 14:35:00,-49.81999999999971,25.594047500001466,1,EXIT_PROFIT_TARGET_MET
2025-02-03 14:40:00,-49.57679999999982,41.00896250000028,1,EXIT_PROFIT_TARGET_MET
2025-02-03 14:45:00,-49.55959999999959,54.85325000000023,1,EXIT_PROFIT_TARGET_MET
2025-02-03 14:50:00,-49.55959999999959,110.15522500000174,1,EXIT_PROFIT_TARGET_MET
2025-02-03 14:55:00,-49.047599999999875,91.6656999999991,1,EXIT_PROFIT_TARGET_MET
2025-02-03 15:00:00,-49.55799999999999,142.88123500000046,1,EXIT_PROFIT_TARGET_MET
2025-02-03 15:05:00,-49.51980000000003,86.39355499999874,1,EXIT_PROFIT_TARGET_MET
2025-02-03 15:10:00,-49.36660000000029,127.52914999999837,1,EXIT_PROFIT_TARGET_MET
2025-02-03 15:15:00,-49.88220000000001,181.0823775000017,1,EXIT_PROFIT_TARGET_MET
2025-02-03 15:20:00,-49.42439999999988,43.57418500000114,1,EXIT_PROFIT_TARGET_MET
2025-02-03 15:25:00,-49.57539999999972,91.30841250000043,1,EXIT_PROFIT_TARGET_MET
2025-02-03 15:30:00,-50.003200000000106,48.83159500000016,1,EXIT_PROFIT_TARGET_MET
2025-02-03 15:35:00,-49.939000000000306,43.766502500000655,1,EXIT_PROFIT_TARGET_MET
2025-02-03 15:40:00,-49.81999999999971,34.226247500001534,1,EXIT_PROFIT_TARGET_MET
2025-02-03 15:45:00,-49.81999999999971,50.66528000000028,1,EXIT_PROFIT_TARGET_MET
2025-02-03 15:50:00,-49.82179999999971,98.91958499999993,1,EXIT_PROFIT_TARGET_MET
2025-02-03 15:55:00,-50.28060000000005,63.84074499999974,1,EXIT_PROFIT_TARGET_MET
2025-02-03 16:00:00,-50.17460000000028,24.588932500001306,1,EXIT_PROFIT_TARGET_MET
2025-02-03 16:05:00,-50.284599999999955,58.8425524999999,1,EXIT_PROFIT_TARGET_MET
2025-02-03 16:10:00,-50.284599999999955,74.86862750000171,1,EXIT_PROFIT_TARGET_MET
