Timestamp,Open,High,Low,Close,Volume
2023-01-09 08:00:00,1311.66,1311.71,1308.32,1308.36,677.4674
2023-01-09 08:15:00,1308.36,1309.64,1308.14,1309.28,743.8878
2023-01-09 08:30:00,1309.28,1311.22,1308.23,1311.13,1048.6013
2023-01-09 08:45:00,1311.13,1317.39,1309.42,1309.94,1077.0792
2023-01-09 09:00:00,1309.94,1312.74,1309.41,1312.34,922.7694
2023-01-09 09:15:00,1312.34,1315.46,1312.0,1314.87,637.2061
2023-01-09 09:30:00,1314.87,1323.01,1314.52,1319.7,820.6263
2023-01-09 09:45:00,1319.7,1320.19,1316.03,1317.16,588.7719
2023-01-09 10:00:00,1317.16,1318.68,1316.4,1318.36,647.5841
2023-01-09 10:15:00,1318.36,1326.5,1318.2,1323.09,809.0447
2023-01-09 10:30:00,1323.09,1327.07,1322.55,1324.19,751.8819
2023-01-09 10:45:00,1324.19,1325.0,1322.06,1322.76,673.8775
2023-01-09 11:00:00,1322.76,1324.22,1322.04,1322.04,719.6028
2023-01-09 11:15:00,1322.04,1323.21,1320.12,1323.21,760.7634
2023-01-09 11:30:00,1323.21,1323.65,1320.73,1321.0,824.5548
2023-01-09 11:45:00,1321.0,1321.78,1317.85,1318.29,775.4661
2023-01-09 12:00:00,1318.29,1320.12,1318.29,1320.12,490.0431
2023-01-09 12:15:00,1320.12,1322.37,1319.72,1319.72,483.4918
2023-01-09 12:30:00,1319.72,1320.4,1316.4,1318.32,471.9243
2023-01-09 12:45:00,1318.32,1320.0,1317.75,1319.98,361.5674
2023-01-09 13:00:00,1319.98,1321.38,1319.03,1320.99,664.3621
2023-01-09 13:15:00,1320.99,1322.19,1320.74,1321.58,749.0999
2023-01-09 13:30:00,1321.58,1325.34,1321.56,1323.38,763.4576
2023-01-09 13:45:00,1323.38,1324.48,1316.46,1319.56,1072.061
2023-01-09 14:00:00,1319.56,1321.5,1316.46,1320.77,656.2771
2023-01-09 14:15:00,1320.77,1324.1,1320.12,1322.98,656.0592
2023-01-09 14:30:00,1322.98,1327.08,1320.5,1324.66,1007.8186
2023-01-09 14:45:00,1324.66,1329.73,1324.62,1325.95,612.6491
2023-01-09 15:00:00,1325.95,1331.28,1325.1,1326.11,1167.4677
2023-01-09 15:15:00,1326.11,1327.68,1323.1,1324.62,868.2285
2023-01-09 15:30:00,1324.62,1331.31,1324.58,1331.31,1139.7439
2023-01-09 15:45:00,1331.31,1341.24,1331.26,1335.6,1529.4779
2023-01-09 16:00:00,1335.6,1341.39,1335.59,1340.16,1274.4903
2023-01-09 16:15:00,1340.16,1342.68,1336.73,1339.52,1099.6762
2023-01-09 16:30:00,1339.52,1344.0,1337.59,1338.63,1197.0603
2023-01-09 16:45:00,1338.63,1342.86,1336.89,1337.64,1141.601
2023-01-09 17:00:00,1337.64,1340.72,1336.41,1340.11,829.4601
2023-01-09 17:15:00,1340.11,1344.16,1339.38,1342.42,740.9769
2023-01-09 17:30:00,1342.42,1342.42,1338.07,1338.4,591.5561
2023-01-09 17:45:00,1338.4,1342.3,1337.17,1341.3,534.0906
2023-01-09 18:00:00,1341.3,1344.48,1340.57,1343.33,687.2518
2023-01-09 18:15:00,1343.33,1344.32,1339.58,1339.58,751.5215
2023-01-09 18:30:00,1339.58,1341.05,1334.79,1335.23,736.556
2023-01-09 18:45:00,1335.23,1338.31,1331.89,1334.97,881.776
2023-01-09 19:00:00,1334.97,1335.4,1330.38,1332.97,725.0455
2023-01-09 19:15:00,1332.97,1333.98,1331.5,1332.53,642.7206
2023-01-09 19:30:00,1332.53,1333.71,1331.15,1332.11,709.4105
2023-01-09 19:45:00,1332.11,1333.58,1330.28,1330.28,807.7715
2023-01-09 20:00:00,1330.28,1331.62,1323.18,1323.21,883.1158
2023-01-09 20:15:00,1323.21,1326.82,1322.84,1324.82,689.6678
2023-01-09 20:30:00,1324.82,1325.07,1319.52,1321.82,504.5854
2023-01-09 20:45:00,1321.82,1321.92,1316.84,1321.28,641.4049
2023-01-09 21:00:00,1321.28,1323.75,1318.92,1323.5,683.9734
2023-01-09 21:15:00,1323.5,1325.07,1321.72,1323.65,703.0596
2023-01-09 21:30:00,1323.65,1323.65,1318.03,1320.53,729.7665
2023-01-09 21:45:00,1320.53,1320.54,1316.52,1318.65,859.9206
2023-01-09 22:00:00,1318.65,1322.33,1317.81,1322.17,504.1039
2023-01-09 22:15:00,1322.17,1323.2,1320.08,1322.97,438.4952
2023-01-09 22:30:00,1322.97,1324.05,1321.63,1322.22,454.6062
2023-01-09 22:45:00,1322.22,1323.9,1320.0,1321.02,390.4673
2023-01-09 23:00:00,1321.02,1321.04,1315.4,1318.48,725.9736
2023-01-09 23:15:00,1318.48,1320.72,1317.83,1319.52,885.6916
2023-01-09 23:30:00,1319.52,1323.0,1319.45,1322.03,902.2091
2023-01-09 23:45:00,1322.03,1322.72,1319.89,1320.39,759.6742
2023-01-10 00:00:00,1320.39,1322.49,1320.27,1321.29,621.2959
2023-01-10 00:15:00,1321.29,1324.13,1320.51,1323.85,673.04
2023-01-10 00:30:00,1323.85,1326.97,1323.13,1325.15,524.5666
2023-01-10 00:45:00,1325.15,1327.46,1323.91,1327.39,684.8394
2023-01-10 01:00:00,1327.39,1329.26,1325.0,1325.01,783.7251
2023-01-10 01:15:00,1325.01,1327.17,1323.77,1323.77,932.3264
2023-01-10 01:30:00,1323.77,1326.33,1322.7,1325.56,923.7231
2023-01-10 01:45:00,1325.56,1326.19,1323.83,1324.64,978.1337
2023-01-10 02:00:00,1324.64,1328.0,1323.61,1327.95,474.742
2023-01-10 02:15:00,1327.95,1328.26,1322.68,1323.48,348.7865
2023-01-10 02:30:00,1323.48,1323.9,1316.91,1319.31,469.2151
2023-01-10 02:45:00,1319.31,1322.62,1318.62,1321.21,398.3597
2023-01-10 03:00:00,1321.21,1321.91,1319.37,1321.6,663.071
2023-01-10 03:15:00,1321.6,1322.44,1320.9,1322.4,495.083
2023-01-10 03:30:00,1322.4,1322.44,1321.57,1322.33,661.1971
2023-01-10 03:45:00,1322.33,1324.95,1322.16,1324.91,549.7602
2023-01-10 04:00:00,1324.91,1325.74,1323.77,1324.68,420.7696
2023-01-10 04:15:00,1324.68,1324.81,1323.66,1324.01,401.8845
2023-01-10 04:30:00,1324.01,1324.59,1322.88,1324.59,334.6592
2023-01-10 04:45:00,1324.59,1328.31,1324.59,1327.75,392.1727
2023-01-10 05:00:00,1327.75,1328.36,1325.69,1325.69,610.4391
2023-01-10 05:15:00,1325.69,1326.49,1323.75,1324.92,929.5382
2023-01-10 05:30:00,1324.92,1327.02,1323.64,1326.36,650.517
2023-01-10 05:45:00,1326.36,1327.78,1326.24,1327.12,631.0707
2023-01-10 06:00:00,1327.12,1327.37,1324.72,1325.06,570.7216
2023-01-10 06:15:00,1325.06,1326.05,1324.54,1324.58,530.1505
2023-01-10 06:30:00,1324.58,1324.72,1322.69,1323.58,602.4232
2023-01-10 06:45:00,1323.58,1325.47,1323.58,1324.93,588.3544
2023-01-10 07:00:00,1324.93,1325.27,1323.79,1324.0,526.4728
2023-01-10 07:15:00,1324.0,1324.06,1323.04,1323.04,445.0928
2023-01-10 07:30:00,1323.04,1324.18,1322.47,1324.17,553.6699
2023-01-10 07:45:00,1324.17,1324.49,1323.74,1323.74,260.5547
2023-01-10 08:00:00,1323.74,1323.79,1321.96,1322.44,520.0515
2023-01-10 08:15:00,1322.44,1331.02,1322.44,1328.97,791.029
2023-01-10 08:30:00,1328.97,1329.87,1325.89,1326.25,785.4058
2023-01-10 08:45:00,1326.25,1329.11,1325.84,1328.27,612.1333
2023-01-10 09:00:00,1328.27,1328.47,1326.91,1328.19,538.2036
2023-01-10 09:15:00,1328.19,1330.64,1328.19,1330.31,581.1644
2023-01-10 09:30:00,1330.31,1330.32,1328.0,1329.76,573.558
2023-01-10 09:45:00,1329.76,1331.85,1329.42,1329.89,510.6472
2023-01-10 10:00:00,1329.89,1330.37,1328.86,1328.92,401.5557
2023-01-10 10:15:00,1328.92,1333.33,1328.92,1333.3,365.8305
2023-01-10 10:30:00,1333.3,1334.47,1331.77,1332.02,314.3371
2023-01-10 10:45:00,1332.02,1334.03,1331.6,1333.71,383.6367
2023-01-10 11:00:00,1333.71,1333.84,1332.88,1332.88,545.212
2023-01-10 11:15:00,1332.88,1333.3,1330.99,1331.02,671.3235
2023-01-10 11:30:00,1331.02,1331.43,1328.61,1328.61,668.7988
2023-01-10 11:45:00,1328.61,1330.0,1328.56,1329.34,694.4009
2023-01-10 12:00:00,1329.34,1330.13,1328.62,1329.88,548.1672
2023-01-10 12:15:00,1329.88,1329.9,1325.08,1327.36,436.4232
2023-01-10 12:30:00,1327.36,1328.37,1325.43,1326.94,462.9661
2023-01-10 12:45:00,1326.94,1327.62,1325.4,1325.64,472.7247
2023-01-10 13:00:00,1325.64,1328.92,1325.64,1327.96,617.4026
2023-01-10 13:15:00,1327.96,1328.6,1327.49,1328.27,632.7088
2023-01-10 13:30:00,1328.27,1328.33,1323.08,1326.42,779.973
2023-01-10 13:45:00,1326.42,1329.07,1326.0,1328.33,740.2558
2023-01-10 14:00:00,1328.33,1336.72,1328.33,1334.41,1149.0657
2023-01-10 14:15:00,1334.41,1334.69,1329.5,1331.44,470.8348
2023-01-10 14:30:00,1331.44,1336.63,1331.38,1332.95,628.0104
2023-01-10 14:45:00,1332.95,1333.73,1324.64,1332.14,620.152
2023-01-10 15:00:00,1332.14,1339.66,1330.02,1337.22,974.7241
2023-01-10 15:15:00,1337.22,1340.26,1334.89,1335.22,984.8395
2023-01-10 15:30:00,1335.22,1335.32,1329.08,1329.09,954.1761
2023-01-10 15:45:00,1329.09,1334.48,1328.65,1333.96,799.7152
2023-01-10 16:00:00,1333.96,1334.56,1332.0,1332.65,747.6269
2023-01-10 16:15:00,1332.65,1333.67,1331.02,1331.24,1026.1169
2023-01-10 16:30:00,1331.24,1332.0,1328.39,1328.86,786.9711
2023-01-10 16:45:00,1328.86,1331.14,1328.08,1330.08,742.4848
2023-01-10 17:00:00,1330.08,1331.99,1329.01,1331.68,468.3044
2023-01-10 17:15:00,1331.68,1331.69,1329.76,1330.24,387.7181
2023-01-10 17:30:00,1330.24,1332.44,1329.35,1331.84,393.6971
2023-01-10 17:45:00,1331.84,1332.25,1331.32,1331.88,351.1175
2023-01-10 18:00:00,1331.88,1333.37,1331.43,1333.13,551.7164
2023-01-10 18:15:00,1333.13,1337.03,1332.9,1335.8,714.0958
2023-01-10 18:30:00,1335.8,1339.95,1335.79,1337.54,683.8772
2023-01-10 18:45:00,1337.54,1341.52,1337.45,1340.87,701.2914
2023-01-10 19:00:00,1340.87,1343.48,1338.21,1343.08,742.0489
2023-01-10 19:15:00,1343.08,1343.75,1338.19,1340.25,886.0827
2023-01-10 19:30:00,1340.25,1340.75,1338.57,1338.88,714.363
2023-01-10 19:45:00,1338.88,1340.35,1338.41,1339.26,780.7034
2023-01-10 20:00:00,1339.26,1339.89,1335.54,1339.2,645.3634
2023-01-10 20:15:00,1339.2,1346.35,1339.15,1341.51,894.0442
2023-01-10 20:30:00,1341.51,1342.43,1338.18,1338.75,676.4289
2023-01-10 20:45:00,1338.75,1342.47,1338.63,1341.83,604.8438
2023-01-10 21:00:00,1341.83,1342.24,1338.72,1338.98,788.4264
2023-01-10 21:15:00,1338.98,1340.81,1338.65,1339.93,795.3535
2023-01-10 21:30:00,1339.93,1342.99,1339.5,1341.25,928.5288
2023-01-10 21:45:00,1341.25,1341.25,1338.6,1338.6,794.9321
2023-01-10 22:00:00,1338.6,1339.29,1337.55,1337.9,704.678
2023-01-10 22:15:00,1337.9,1338.67,1337.21,1338.64,414.7058
2023-01-10 22:30:00,1338.64,1338.68,1336.53,1337.37,550.8285
2023-01-10 22:45:00,1337.37,1338.95,1334.81,1334.81,474.2237
2023-01-10 23:00:00,1334.81,1337.91,1334.45,1337.02,744.2567
2023-01-10 23:15:00,1337.02,1337.04,1334.85,1336.22,898.4512
2023-01-10 23:30:00,1336.22,1336.53,1333.58,1335.34,804.0326
2023-01-10 23:45:00,1335.34,1336.2,1334.56,1335.39,840.6908
2023-01-11 00:00:00,1335.39,1336.34,1334.63,1335.98,474.2507
2023-01-11 00:15:00,1335.98,1337.6,1334.12,1334.13,415.8196
2023-01-11 00:30:00,1334.13,1336.28,1334.13,1336.28,420.7625
2023-01-11 00:45:00,1336.28,1340.26,1336.28,1337.65,497.7874
2023-01-11 01:00:00,1337.65,1341.45,1337.52,1340.25,570.0635
2023-01-11 01:15:00,1340.25,1340.79,1335.27,1335.43,638.7906
2023-01-11 01:30:00,1335.43,1336.97,1335.01,1336.9,665.3065
2023-01-11 01:45:00,1336.9,1338.57,1336.43,1337.91,636.355
2023-01-11 02:00:00,1337.91,1338.2,1335.55,1335.78,627.2618
2023-01-11 02:15:00,1335.78,1335.97,1332.01,1333.01,842.5137
2023-01-11 02:30:00,1333.01,1334.37,1332.47,1333.17,740.7079
2023-01-11 02:45:00,1333.17,1334.42,1330.3,1330.3,736.6733
2023-01-11 03:00:00,1330.3,1332.07,1329.6,1331.48,588.0828
2023-01-11 03:15:00,1331.48,1331.85,1327.46,1331.14,480.6643
2023-01-11 03:30:00,1331.14,1331.51,1329.12,1330.26,498.3949
2023-01-11 03:45:00,1330.26,1331.48,1329.5,1330.98,341.9985
2023-01-11 04:00:00,1330.98,1332.48,1330.0,1332.31,441.5469
2023-01-11 04:15:00,1332.31,1332.31,1330.1,1330.28,438.5148
2023-01-11 04:30:00,1330.28,1331.34,1329.05,1331.22,458.0542
2023-01-11 04:45:00,1331.22,1331.35,1329.42,1330.69,412.1394
2023-01-11 05:00:00,1330.69,1332.98,1329.92,1332.5,408.5337
2023-01-11 05:15:00,1332.5,1334.0,1332.47,1333.04,496.503
2023-01-11 05:30:00,1333.04,1334.16,1332.24,1333.92,492.2146
2023-01-11 05:45:00,1333.92,1333.92,1330.2,1330.88,472.6448
2023-01-11 06:00:00,1330.88,1333.29,1327.74,1332.73,564.1196
2023-01-11 06:15:00,1332.73,1333.36,1331.89,1332.89,495.3502
2023-01-11 06:30:00,1332.89,1333.59,1332.48,1332.49,464.5721
2023-01-11 06:45:00,1332.49,1333.79,1332.09,1333.46,560.0267
2023-01-11 07:00:00,1333.46,1333.83,1332.84,1333.83,762.9734
2023-01-11 07:15:00,1333.83,1335.42,1333.78,1335.31,835.7966
2023-01-11 07:30:00,1335.31,1335.63,1333.49,1335.29,770.0275
2023-01-11 07:45:00,1335.29,1335.4,1334.18,1335.35,842.1035
2023-01-11 08:00:00,1335.35,1335.71,1334.09,1334.38,608.9914
2023-01-11 08:15:00,1334.38,1334.38,1331.62,1332.48,640.2494
2023-01-11 08:30:00,1332.48,1333.25,1331.53,1331.64,613.979
2023-01-11 08:45:00,1331.64,1334.58,1331.64,1334.58,535.621
2023-01-11 09:00:00,1334.58,1335.14,1334.44,1334.46,365.352
2023-01-11 09:15:00,1334.46,1336.78,1334.43,1335.46,330.6732
2023-01-11 09:30:00,1335.46,1337.48,1335.25,1337.1,363.698
2023-01-11 09:45:00,1337.1,1337.11,1334.66,1334.82,340.6474
2023-01-19 17:45:00,1532.78,1534.72,1523.23,1528.98,298.5226
2023-01-19 18:00:00,1528.98,1533.32,1527.85,1531.01,373.1754
2023-01-19 18:15:00,1531.01,1535.48,1528.86,1534.21,489.7662
2023-01-19 18:30:00,1534.21,1541.41,1532.85,1540.5,651.028
2023-01-19 18:45:00,1540.5,1543.05,1538.37,1539.32,517.5134
2023-01-19 19:00:00,1539.32,1543.05,1537.03,1543.05,370.5318
2023-01-19 19:15:00,1543.05,1548.94,1540.72,1545.27,350.6141
2023-01-19 19:30:00,1545.27,1552.06,1545.03,1549.3,320.5122
2023-01-19 19:45:00,1549.3,1554.29,1549.3,1551.86,306.9468
2023-01-19 20:00:00,1551.86,1557.53,1551.86,1554.68,524.1305
2023-01-19 20:15:00,1554.68,1563.9,1554.66,1557.41,504.4091
2023-01-19 20:30:00,1557.41,1558.47,1553.47,1554.94,476.4393
2023-01-19 20:45:00,1554.94,1558.1,1554.94,1557.4,612.2853
2023-01-19 21:00:00,1557.4,1559.0,1550.67,1551.76,635.5815
2023-01-19 21:15:00,1551.76,1554.69,1550.91,1554.58,608.194
2023-01-19 21:30:00,1554.58,1555.11,1547.78,1548.18,750.472
2023-01-19 21:45:00,1548.18,1549.49,1545.0,1545.01,640.4938
2023-01-19 22:00:00,1545.01,1551.16,1544.48,1550.71,656.1392
2023-01-19 22:15:00,1550.71,1551.87,1548.13,1549.42,599.2136
2023-01-19 22:30:00,1549.42,1552.17,1546.21,1550.62,515.5751
2023-01-19 22:45:00,1550.62,1551.98,1549.03,1551.28,539.8595
2023-01-19 23:00:00,1551.28,1551.73,1547.81,1548.2,426.6458
2023-01-19 23:15:00,1548.2,1550.78,1546.54,1550.5,251.5985
2023-01-19 23:30:00,1550.5,1551.48,1548.41,1550.86,248.8164
2023-01-19 23:45:00,1550.86,1555.29,1548.95,1551.1,277.2886
2023-01-20 00:00:00,1551.1,1551.99,1546.51,1548.8,434.4691
2023-01-20 00:15:00,1548.8,1554.1,1546.88,1553.18,455.5151
2023-01-20 00:30:00,1553.18,1554.44,1547.78,1548.26,583.5354
2023-01-20 00:45:00,1548.26,1550.08,1546.2,1548.16,447.6313
2023-01-20 01:00:00,1548.16,1549.0,1545.51,1549.0,431.9646
2023-01-20 01:15:00,1549.0,1557.96,1548.97,1556.46,433.498
2023-01-20 01:30:00,1556.46,1557.04,1552.56,1553.22,376.9274
2023-01-20 01:45:00,1553.22,1558.01,1552.9,1556.18,381.8689
2023-01-20 02:00:00,1556.18,1559.42,1554.29,1554.31,480.6354
2023-01-20 02:15:00,1554.31,1560.6,1554.31,1558.83,611.2188
2023-01-20 02:30:00,1558.83,1563.12,1555.53,1555.6,588.2352
2023-01-20 02:45:00,1555.6,1556.21,1553.5,1553.51,619.9251
2023-01-20 03:00:00,1553.51,1555.6,1553.35,1554.79,621.9338
2023-01-20 03:15:00,1554.79,1555.94,1551.38,1554.71,574.1835
2023-01-20 03:30:00,1554.71,1555.26,1552.48,1554.45,737.1145
2023-01-20 03:45:00,1554.45,1554.9,1553.14,1554.3,727.9291
2023-01-20 04:00:00,1554.3,1555.51,1553.57,1555.51,668.1416
2023-01-20 04:15:00,1555.51,1556.59,1554.63,1556.49,560.9402
2023-01-20 04:30:00,1556.49,1556.56,1549.7,1549.83,624.5913
2023-01-20 04:45:00,1549.83,1551.91,1546.02,1546.77,562.7939
2023-01-20 05:00:00,1546.77,1550.2,1543.92,1548.98,484.4724
2023-01-20 05:15:00,1548.98,1550.87,1546.8,1548.31,332.2239
2023-01-20 05:30:00,1548.31,1548.46,1544.99,1546.3,350.7432
2023-01-20 05:45:00,1546.3,1548.51,1545.36,1546.89,353.6094
2023-01-20 06:00:00,1546.89,1548.12,1544.14,1546.74,335.5259
2023-01-20 06:15:00,1546.74,1548.21,1543.38,1547.75,313.1031
2023-01-20 06:30:00,1547.75,1549.21,1546.06,1546.93,349.6671
2023-01-20 06:45:00,1546.93,1547.3,1543.91,1545.04,283.2134
2023-01-20 07:00:00,1545.04,1546.77,1543.68,1545.45,552.5773
2023-01-20 07:15:00,1545.45,1550.26,1542.5,1549.99,642.1057
2023-01-20 07:30:00,1549.99,1552.77,1548.57,1552.77,693.2844
2023-01-20 07:45:00,1552.77,1553.04,1549.8,1550.29,705.2049
2023-01-20 08:00:00,1550.29,1550.84,1548.82,1548.9,471.4463
2023-01-20 08:15:00,1548.9,1551.03,1546.6,1547.71,319.3711
2023-01-20 08:30:00,1547.71,1552.05,1545.45,1552.05,346.5657
2023-01-20 08:45:00,1552.05,1552.05,1549.63,1551.47,330.1025
2023-01-20 09:00:00,1551.47,1551.61,1548.72,1549.02,394.9481
2023-01-20 09:15:00,1549.02,1553.0,1548.27,1553.0,480.3078
2023-01-20 09:30:00,1553.0,1555.53,1551.35,1551.37,567.0663
2023-01-20 09:45:00,1551.37,1554.25,1551.09,1552.49,426.9671
2023-01-20 10:00:00,1552.49,1552.93,1549.5,1551.17,356.5312
2023-01-20 10:15:00,1551.17,1551.18,1548.59,1548.83,355.2551
2023-01-20 10:30:00,1548.83,1551.07,1548.7,1549.57,433.0996
2023-01-20 10:45:00,1549.57,1553.29,1549.54,1552.77,502.474
2023-01-20 11:00:00,1552.77,1553.96,1551.2,1551.21,470.3754
2023-01-20 11:15:00,1551.21,1552.66,1548.97,1550.15,441.98
2023-01-20 11:30:00,1550.15,1551.0,1548.92,1549.88,504.0124
2023-01-20 11:45:00,1549.88,1551.41,1549.42,1549.5,497.4216
2023-01-20 12:00:00,1549.5,1552.04,1549.1,1552.04,607.3443
2023-01-20 12:15:00,1552.04,1554.75,1551.36,1554.75,552.9735
2023-01-20 12:30:00,1554.75,1556.93,1553.75,1555.31,497.2289
2023-01-20 12:45:00,1555.31,1560.11,1555.31,1558.08,661.3472
2023-01-20 13:00:00,1558.08,1562.22,1557.16,1557.75,564.678
2023-01-20 13:15:00,1557.75,1559.14,1555.75,1556.06,474.8258
2023-01-20 13:30:00,1556.06,1558.64,1555.1,1556.84,413.8224
2023-01-20 13:45:00,1556.84,1557.32,1552.45,1554.04,494.0975
2023-01-20 14:00:00,1554.04,1557.05,1553.86,1556.35,517.5662
2023-01-20 14:15:00,1556.35,1556.98,1553.31,1556.51,628.5786
2023-01-20 14:30:00,1556.51,1566.14,1551.48,1562.03,680.3362
2023-01-20 14:45:00,1562.03,1563.89,1557.56,1560.57,712.054
2023-01-20 15:00:00,1560.57,1566.67,1559.22,1564.61,535.9936
2023-01-20 15:15:00,1564.61,1569.12,1561.53,1564.74,579.2912
2023-01-20 15:30:00,1564.74,1565.7,1562.41,1562.41,578.6691
2023-01-20 15:45:00,1562.41,1563.93,1560.86,1563.36,553.1079
2023-01-20 16:00:00,1563.36,1564.25,1561.49,1563.94,504.6088
2023-01-20 16:15:00,1563.94,1568.5,1563.94,1568.27,675.6067
2023-01-20 16:30:00,1568.27,1585.73,1567.31,1584.7,615.6717
2023-01-20 16:45:00,1584.7,1593.07,1581.44,1585.42,481.7895
2023-01-20 17:00:00,1585.42,1591.26,1585.42,1587.32,671.0273
2023-01-20 17:15:00,1587.32,1591.44,1586.98,1587.42,720.4374
2023-01-20 17:30:00,1587.42,1590.78,1585.58,1588.66,543.4401
2023-01-20 17:45:00,1588.66,1595.65,1587.14,1592.01,501.2959
2023-01-20 18:00:00,1592.01,1598.43,1587.62,1591.93,610.8547
2023-01-20 18:15:00,1591.93,1595.22,1585.58,1587.01,551.127
2023-01-20 18:30:00,1587.01,1593.78,1584.28,1593.2,657.8806
2023-01-20 18:45:00,1593.2,1594.18,1589.63,1591.99,517.8478
2023-01-20 19:00:00,1591.99,1593.67,1589.07,1592.31,472.6524
2023-01-20 19:15:00,1592.31,1594.31,1589.68,1592.15,430.2434
2023-01-20 19:30:00,1592.15,1599.3,1591.09,1593.39,589.2285
2023-01-20 19:45:00,1593.39,1601.14,1590.51,1600.52,428.276
2023-01-20 20:00:00,1600.52,1631.08,1600.52,1623.17,689.6901
2023-01-20 20:15:00,1623.17,1637.94,1623.08,1625.43,663.1037
2023-01-20 20:30:00,1625.43,1644.01,1623.68,1634.09,666.2172
2023-01-20 20:45:00,1634.09,1643.49,1633.16,1641.1,645.9218
2023-01-20 21:00:00,1641.1,1649.65,1635.94,1635.94,502.0722
2023-01-20 21:15:00,1635.94,1642.2,1635.94,1640.4,368.4273
2023-01-20 21:30:00,1640.4,1640.9,1636.22,1637.82,424.0743
2023-01-20 21:45:00,1637.82,1639.73,1635.52,1636.8,301.5714
2023-01-20 22:00:00,1636.8,1639.83,1635.92,1639.29,369.7917
2023-01-20 22:15:00,1639.29,1668.73,1638.29,1650.99,466.8095
2023-01-20 22:30:00,1650.99,1654.98,1645.27,1650.96,357.8688
2023-01-20 22:45:00,1650.96,1655.31,1650.32,1651.87,328.9425
2023-01-20 23:00:00,1651.87,1653.95,1649.96,1653.86,569.9903
2023-01-20 23:15:00,1653.86,1661.36,1652.61,1658.42,683.082
2023-01-20 23:30:00,1658.42,1661.16,1652.88,1661.01,674.8197
2023-01-20 23:45:00,1661.01,1661.9,1657.55,1658.82,716.3016
2023-01-21 00:00:00,1658.82,1676.01,1654.36,1657.38,526.0966
2023-01-21 00:15:00,1657.38,1662.93,1653.38,1661.45,648.9491
2023-01-21 00:30:00,1661.45,1665.0,1659.02,1660.01,660.3651
2023-01-21 00:45:00,1660.01,1660.51,1654.13,1654.53,539.1383
2023-01-21 01:00:00,1654.53,1657.76,1652.7,1653.21,396.0251
2023-01-21 01:15:00,1653.21,1658.11,1652.92,1655.1,334.7022
2023-01-21 01:30:00,1655.1,1657.43,1653.84,1653.99,305.3484
2023-01-21 01:45:00,1653.99,1654.72,1652.27,1652.27,326.7582
2023-01-21 02:00:00,1652.27,1656.09,1652.27,1654.64,466.2562
2023-01-21 02:15:00,1654.64,1656.86,1654.54,1656.7,549.912
2023-01-21 02:30:00,1656.7,1656.74,1652.56,1653.26,508.5415
2023-01-21 02:45:00,1653.26,1653.42,1642.86,1648.24,484.9537
2023-01-21 03:00:00,1648.24,1649.11,1644.9,1645.25,420.6938
2023-01-21 03:15:00,1645.25,1649.72,1645.25,1648.82,351.7908
2023-01-21 03:30:00,1648.82,1650.18,1648.41,1650.1,383.7736
2023-01-21 03:45:00,1650.1,1650.15,1648.2,1648.8,377.0085
2023-01-21 04:00:00,1648.8,1652.23,1647.3,1651.39,309.3276
2023-01-21 04:15:00,1651.39,1653.33,1651.39,1653.31,273.8082
2023-01-21 04:30:00,1653.31,1654.46,1652.64,1653.72,236.8071
2023-01-21 04:45:00,1653.72,1654.46,1649.05,1650.21,281.1679
2023-01-21 05:00:00,1650.21,1650.28,1647.89,1647.9,256.4644
2023-01-21 05:15:00,1647.9,1649.7,1647.89,1649.7,252.178
2023-01-21 05:30:00,1649.7,1649.85,1648.61,1649.44,269.1047
2023-01-21 05:45:00,1649.44,1649.44,1645.57,1645.91,299.4991
2023-01-21 06:00:00,1645.91,1648.44,1645.04,1647.85,460.4493
2023-01-21 06:15:00,1647.85,1650.31,1647.85,1650.22,709.8409
2023-01-21 06:30:00,1650.22,1651.97,1649.86,1650.74,523.9803
2023-01-21 06:45:00,1650.74,1654.12,1650.71,1652.92,688.7737
2023-01-21 07:00:00,1652.92,1653.3,1652.09,1652.78,509.1289
2023-01-21 07:15:00,1652.78,1653.39,1651.51,1652.76,440.5282
2023-01-21 07:30:00,1652.76,1653.96,1649.49,1653.53,468.6244
2023-01-21 07:45:00,1653.53,1653.55,1651.1,1651.1,456.4418
2023-01-21 08:00:00,1651.1,1653.67,1650.77,1653.49,332.1271
2023-01-21 08:15:00,1653.49,1653.49,1650.34,1650.54,284.3764
2023-01-21 08:30:00,1650.54,1653.61,1650.21,1652.55,215.9057
2023-01-21 08:45:00,1652.55,1652.58,1646.29,1647.54,239.5375
2023-01-21 09:00:00,1647.54,1649.23,1645.45,1646.7,490.3273
2023-01-21 09:15:00,1646.7,1648.13,1645.83,1646.56,498.554
2023-01-21 09:30:00,1646.56,1658.06,1646.54,1653.03,545.5926
2023-01-21 09:45:00,1653.03,1663.69,1649.17,1662.18,592.9509
2023-01-21 10:00:00,1662.18,1678.29,1659.55,1676.18,607.2319
2023-01-21 10:15:00,1676.18,1677.97,1619.98,1634.5,767.6283
2023-01-21 10:30:00,1634.5,1643.28,1620.97,1641.38,886.0555
2023-01-21 10:45:00,1641.38,1643.93,1634.89,1641.18,724.4403
2023-01-21 11:00:00,1641.18,1642.99,1632.98,1634.47,684.2868
2023-01-21 11:15:00,1634.47,1643.74,1634.4,1643.24,620.8862
2023-01-21 11:30:00,1643.24,1647.18,1641.65,1646.87,520.2505
2023-01-21 11:45:00,1646.87,1649.1,1645.09,1646.54,518.7278
2023-01-21 12:00:00,1646.54,1653.69,1645.01,1648.69,610.8245
2023-01-21 12:15:00,1648.69,1656.52,1647.54,1653.2,615.5118
2023-01-21 12:30:00,1653.2,1655.92,1648.28,1654.06,678.3985
2023-01-21 12:45:00,1654.06,1659.63,1652.05,1658.48,608.5308
2023-01-21 13:00:00,1658.48,1658.48,1654.18,1654.18,517.3807
2023-01-21 13:15:00,1654.18,1654.18,1649.65,1651.15,533.7694
2023-01-21 13:30:00,1651.15,1652.36,1646.02,1648.31,639.3294
2023-01-21 13:45:00,1648.31,1651.28,1646.31,1650.27,874.4472
2023-01-21 14:00:00,1650.27,1652.69,1647.83,1648.28,439.1681
2023-01-21 14:15:00,1648.28,1649.74,1646.66,1649.73,314.6653
2023-01-21 14:30:00,1649.73,1653.57,1649.52,1652.38,289.0601
2023-01-21 14:45:00,1652.38,1653.97,1647.02,1648.86,293.7303
2023-01-21 15:00:00,1648.86,1655.56,1648.79,1654.79,491.4222
2023-01-21 15:15:00,1654.79,1663.38,1654.54,1661.85,656.3149
2023-01-21 15:30:00,1661.85,1667.0,1660.56,1662.4,662.8279
2023-01-21 15:45:00,1662.4,1662.64,1644.23,1646.87,580.5056
2023-01-21 16:00:00,1646.87,1656.0,1646.21,1654.02,538.8989
2023-01-21 16:15:00,1654.02,1657.39,1650.79,1654.96,578.4286
2023-01-21 16:30:00,1654.96,1660.17,1654.88,1658.04,568.5393
2023-01-21 16:45:00,1658.04,1661.1,1655.41,1657.62,541.2664
2023-01-21 17:00:00,1657.62,1659.42,1652.27,1658.26,548.3908
2023-01-21 17:15:00,1658.26,1659.42,1652.99,1656.28,621.8429
2023-01-21 17:30:00,1656.28,1659.48,1653.25,1659.0,623.4963
2023-01-21 17:45:00,1659.0,1660.72,1647.76,1655.12,672.6262
2023-01-21 18:00:00,1655.12,1656.75,1651.39,1652.63,613.4286
2023-01-21 18:15:00,1652.63,1656.29,1650.39,1654.47,577.1299
2023-01-21 18:30:00,1654.47,1657.81,1654.22,1656.63,558.4516
2023-01-21 18:45:00,1656.63,1661.72,1656.38,1661.14,499.0236
2023-01-21 19:00:00,1661.14,1667.59,1661.14,1661.54,534.6353
2023-01-21 19:15:00,1661.54,1664.54,1661.34,1662.9,649.0026
2023-01-21 19:30:00,1662.9,1663.94,1658.33,1662.79,693.7323
2023-01-30 03:30:00,1635.15,1636.91,1634.29,1636.88,718.0916
2023-01-30 03:45:00,1636.88,1638.22,1635.42,1637.94,765.0605
2023-01-30 04:00:00,1637.94,1641.21,1637.67,1638.77,497.4832
2023-01-30 04:15:00,1638.77,1641.37,1638.48,1640.49,314.4636
2023-01-30 04:30:00,1640.49,1640.52,1638.71,1638.79,306.2928
2023-01-30 04:45:00,1638.79,1638.79,1635.05,1636.4,226.7893
2023-01-30 05:00:00,1636.4,1636.4,1632.62,1634.25,340.5105
2023-01-30 05:15:00,1634.25,1635.21,1632.35,1633.79,369.1389
2023-01-30 05:30:00,1633.79,1635.45,1632.35,1635.38,280.5509
2023-01-30 05:45:00,1635.38,1636.11,1632.82,1636.08,379.9532
2023-01-30 06:00:00,1636.08,1636.9,1634.84,1635.85,492.3619
2023-01-30 06:15:00,1635.85,1636.25,1633.93,1635.73,552.3893
2023-01-30 06:30:00,1635.73,1636.14,1625.95,1628.93,720.6166
2023-01-30 06:45:00,1628.93,1630.66,1628.72,1629.56,580.3363
2023-01-30 07:00:00,1629.56,1632.04,1627.96,1628.04,595.247
2023-01-30 07:15:00,1628.04,1628.74,1622.34,1625.51,457.3995
2023-01-30 07:30:00,1625.51,1628.8,1625.41,1626.3,448.3271
2023-01-30 07:45:00,1626.3,1627.98,1626.0,1627.67,602.3042
2023-01-30 08:00:00,1627.67,1630.08,1626.04,1629.37,626.1487
2023-01-30 08:15:00,1629.37,1629.5,1616.88,1618.83,642.4741
2023-01-30 08:30:00,1618.83,1622.55,1615.81,1620.85,417.0372
2023-01-30 08:45:00,1620.85,1622.65,1618.29,1620.04,409.1905
2023-01-30 09:00:00,1620.04,1620.59,1598.16,1598.16,490.9508
2023-01-30 09:15:00,1598.16,1602.67,1591.67,1596.75,695.3661
2023-01-30 09:30:00,1596.75,1600.08,1586.57,1589.15,662.5669
2023-01-30 09:45:00,1589.15,1591.53,1582.0,1587.9,594.1452
2023-01-30 10:00:00,1587.9,1593.3,1580.74,1593.3,528.3582
2023-01-30 10:15:00,1593.3,1595.37,1591.22,1594.52,537.7667
2023-01-30 10:30:00,1594.52,1594.71,1592.37,1592.6,342.6067
2023-01-30 10:45:00,1592.6,1594.23,1577.94,1585.68,504.8355
2023-01-30 11:00:00,1585.68,1586.92,1583.35,1585.96,658.5401
2023-01-30 11:15:00,1585.96,1587.43,1583.86,1586.8,701.7277
2023-01-30 11:30:00,1586.8,1588.45,1578.51,1588.43,675.716
2023-01-30 11:45:00,1588.43,1588.89,1580.09,1581.89,822.6553
2023-01-30 12:00:00,1581.89,1584.77,1575.31,1583.76,918.1297
2023-01-30 12:15:00,1583.76,1584.38,1579.91,1583.05,752.7425
2023-01-30 12:30:00,1583.05,1583.6,1568.67,1574.78,664.2381
2023-01-30 12:45:00,1574.78,1578.84,1574.66,1577.44,432.9519
2023-01-30 13:00:00,1577.44,1580.15,1576.4,1580.01,490.3731
2023-01-30 13:15:00,1580.01,1581.52,1578.84,1581.39,527.5773
2023-01-30 13:30:00,1581.39,1581.39,1577.56,1580.17,657.6776
2023-01-30 13:45:00,1580.17,1580.3,1577.18,1577.29,649.964
2023-01-30 14:00:00,1577.29,1585.77,1575.39,1585.76,727.2501
2023-01-30 14:15:00,1585.76,1586.66,1583.14,1584.68,681.9405
2023-01-30 14:30:00,1584.68,1589.48,1584.0,1589.4,682.1504
2023-01-30 14:45:00,1589.4,1596.15,1589.13,1596.15,401.1835
2023-01-30 15:00:00,1596.15,1596.67,1588.36,1590.18,568.8819
2023-01-30 15:15:00,1590.18,1590.44,1586.01,1587.86,456.6754
2023-01-30 15:30:00,1587.86,1587.89,1572.37,1578.8,464.296
2023-01-30 15:45:00,1578.8,1584.91,1576.28,1584.91,446.0448
2023-01-30 16:00:00,1584.91,1588.47,1582.67,1587.29,327.6863
2023-01-30 16:15:00,1587.29,1590.36,1581.05,1584.2,498.6293
2023-01-30 16:30:00,1584.2,1585.54,1581.81,1582.14,448.6766
2023-01-30 16:45:00,1582.14,1584.55,1578.25,1583.13,523.0125
2023-01-30 17:00:00,1583.13,1586.02,1581.76,1586.02,438.3827
2023-01-30 17:15:00,1586.02,1588.54,1582.66,1585.49,382.3622
2023-01-30 17:30:00,1585.49,1586.57,1582.37,1585.07,277.6719
2023-01-30 17:45:00,1585.07,1585.07,1579.87,1581.17,329.4552
2023-01-30 18:00:00,1581.17,1581.26,1577.3,1581.26,367.7589
2023-01-30 18:15:00,1581.26,1583.89,1578.2,1578.82,355.5429
2023-01-30 18:30:00,1578.82,1580.51,1574.02,1575.72,377.7344
2023-01-30 18:45:00,1575.72,1579.33,1574.82,1578.2,360.9145
2023-01-30 19:00:00,1578.2,1578.37,1536.66,1549.37,708.2329
2023-01-30 19:15:00,1549.37,1556.34,1545.01,1554.11,467.1928
2023-01-30 19:30:00,1554.11,1557.53,1548.48,1550.44,596.7312
2023-01-30 19:45:00,1550.44,1554.25,1548.74,1554.23,554.123
2023-01-30 20:00:00,1554.23,1554.61,1550.0,1550.21,463.6569
2023-01-30 20:15:00,1550.21,1550.78,1537.54,1544.74,555.9575
2023-01-30 20:30:00,1544.74,1550.79,1544.53,1549.97,660.1467
2023-01-30 20:45:00,1549.97,1553.12,1547.38,1553.12,736.7514
2023-01-30 21:00:00,1553.12,1560.45,1552.91,1560.1,544.6613
2023-01-30 21:15:00,1560.1,1561.07,1558.67,1558.7,583.3308
2023-01-30 21:30:00,1558.7,1560.07,1555.17,1556.96,501.1737
2023-01-30 21:45:00,1556.96,1557.41,1552.6,1556.76,560.2356
2023-01-30 22:00:00,1556.76,1557.37,1553.51,1555.35,579.7606
2023-01-30 22:15:00,1555.35,1557.71,1553.19,1553.47,472.8207
2023-01-30 22:30:00,1553.47,1566.88,1545.69,1560.61,411.2332
2023-01-30 22:45:00,1560.61,1564.15,1558.02,1564.0,414.6325
2023-01-30 23:00:00,1564.0,1564.42,1560.72,1562.44,400.299
2023-01-30 23:15:00,1562.44,1566.67,1561.78,1566.67,244.2416
2023-01-30 23:30:00,1566.67,1567.89,1564.01,1566.91,280.5962
2023-01-30 23:45:00,1566.91,1567.46,1564.22,1566.1,239.2295
2023-01-31 00:00:00,1566.1,1568.3,1564.84,1565.33,266.18
2023-01-31 00:15:00,1565.33,1570.5,1565.01,1566.21,351.6328
2023-01-31 00:30:00,1566.21,1566.21,1561.85,1564.27,328.1188
2023-01-31 00:45:00,1564.27,1575.68,1564.27,1570.3,369.4803
2023-01-31 01:00:00,1570.3,1571.74,1567.49,1568.18,344.9785
2023-01-31 01:15:00,1568.18,1569.7,1565.53,1566.79,330.3667
2023-01-31 01:30:00,1566.79,1574.84,1563.57,1574.34,318.7062
2023-01-31 01:45:00,1574.34,1574.76,1570.06,1570.14,281.7504
2023-01-31 02:00:00,1570.14,1575.38,1569.45,1575.37,344.3773
2023-01-31 02:15:00,1575.37,1575.41,1572.8,1574.08,386.3733
2023-01-31 02:30:00,1574.08,1574.59,1571.34,1571.48,339.9804
2023-01-31 02:45:00,1571.48,1572.73,1569.34,1569.39,335.2959
2023-01-31 03:00:00,1569.39,1570.65,1568.96,1569.02,394.8245
2023-01-31 03:15:00,1569.02,1569.05,1567.0,1568.22,577.4814
2023-01-31 03:30:00,1568.22,1570.28,1567.0,1569.6,609.8407
2023-01-31 03:45:00,1569.6,1570.19,1568.63,1568.79,496.92
2023-01-31 04:00:00,1568.79,1569.68,1566.7,1566.7,509.2221
2023-01-31 04:15:00,1566.7,1570.24,1566.7,1570.23,349.1879
2023-01-31 04:30:00,1570.23,1571.89,1570.17,1570.33,288.3809
2023-01-31 04:45:00,1570.33,1572.84,1570.33,1572.69,341.8265
2023-01-31 05:00:00,1572.69,1573.06,1570.6,1572.5,321.0113
2023-01-31 05:15:00,1572.5,1572.53,1570.89,1571.61,491.5039
2023-01-31 05:30:00,1571.61,1571.95,1568.57,1568.58,517.1649
2023-01-31 05:45:00,1568.58,1568.86,1561.84,1562.07,516.2355
2023-01-31 06:00:00,1562.07,1564.63,1561.84,1563.57,517.3107
2023-01-31 06:15:00,1563.57,1566.29,1563.18,1565.3,445.4244
2023-01-31 06:30:00,1565.3,1569.19,1563.85,1568.68,439.8529
2023-01-31 06:45:00,1568.68,1569.55,1565.88,1565.89,443.2829
2023-01-31 07:00:00,1565.89,1571.5,1565.89,1569.99,353.8614
2023-01-31 07:15:00,1569.99,1570.47,1568.38,1570.14,502.7586
2023-01-31 07:30:00,1570.14,1572.98,1570.14,1572.98,556.8785
2023-01-31 07:45:00,1572.98,1580.83,1572.98,1579.95,626.995
2023-01-31 08:00:00,1579.95,1583.59,1576.26,1576.26,601.6716
2023-01-31 08:15:00,1576.26,1577.8,1573.57,1573.61,578.2205
2023-01-31 08:30:00,1573.61,1573.67,1570.01,1570.29,610.5193
2023-01-31 08:45:00,1570.29,1571.88,1567.19,1571.71,692.0139
2023-01-31 09:00:00,1571.71,1575.42,1571.71,1574.57,588.0972
2023-01-31 09:15:00,1574.57,1574.71,1571.82,1572.32,661.3008
2023-01-31 09:30:00,1572.32,1573.4,1570.97,1573.33,690.0297
2023-01-31 09:45:00,1573.33,1573.5,1571.2,1571.93,823.14
2023-01-31 10:00:00,1571.93,1572.23,1568.59,1569.06,871.7656
2023-01-31 10:15:00,1569.06,1573.59,1568.61,1573.49,610.1404
2023-01-31 10:30:00,1573.49,1573.98,1570.26,1570.3,833.672
2023-01-31 10:45:00,1570.3,1571.38,1566.19,1567.26,526.7021
2023-01-31 11:00:00,1567.26,1569.34,1566.6,1568.94,853.9046
2023-01-31 11:15:00,1568.94,1570.53,1567.4,1568.4,1042.0042
2023-01-31 11:30:00,1568.4,1572.06,1566.6,1570.72,909.3605
2023-01-31 11:45:00,1570.72,1572.0,1569.92,1571.0,610.9569
2023-01-31 12:00:00,1571.0,1574.47,1571.0,1572.42,791.2132
2023-01-31 12:15:00,1572.42,1575.12,1571.62,1575.12,513.4925
2023-01-31 12:30:00,1575.12,1575.65,1571.1,1571.87,426.2559
2023-01-31 12:45:00,1571.87,1575.71,1571.5,1573.76,377.9024
2023-01-31 13:00:00,1573.76,1576.7,1573.73,1576.7,426.117
2023-01-31 13:15:00,1576.7,1578.9,1572.62,1573.36,536.8359
2023-01-31 13:30:00,1573.36,1587.77,1573.36,1586.65,927.5525
2023-01-31 13:45:00,1586.65,1587.93,1582.41,1587.93,710.0469
2023-01-31 14:00:00,1587.93,1589.42,1582.86,1583.1,1572.3686
2023-01-31 14:15:00,1583.1,1585.76,1581.99,1582.5,1329.9902
2023-01-31 14:30:00,1582.5,1586.17,1579.53,1583.54,1212.6102
2023-01-31 14:45:00,1583.54,1587.89,1582.28,1583.06,984.29
2023-01-31 15:00:00,1583.06,1586.65,1581.81,1585.93,708.8858
2023-01-31 15:15:00,1585.93,1588.52,1585.12,1587.78,699.1561
2023-01-31 15:30:00,1587.78,1595.92,1587.78,1591.44,898.3423
2023-01-31 15:45:00,1591.44,1592.62,1588.12,1588.91,528.0022
2023-01-31 16:00:00,1588.91,1590.39,1586.94,1587.18,614.2718
2023-01-31 16:15:00,1587.18,1590.04,1587.05,1589.66,705.4153
2023-01-31 16:30:00,1589.66,1604.75,1589.66,1593.61,756.9187
2023-01-31 16:45:00,1593.61,1595.31,1591.67,1593.33,778.9083
2023-01-31 17:00:00,1593.33,1594.13,1589.37,1591.36,614.9531
2023-01-31 17:15:00,1591.36,1593.93,1591.36,1593.0,448.0618
2023-01-31 17:30:00,1593.0,1596.3,1591.75,1595.36,500.145
2023-01-31 17:45:00,1595.36,1595.39,1591.79,1593.09,438.2998
2023-01-31 18:00:00,1593.09,1593.29,1590.77,1591.72,415.3944
2023-01-31 18:15:00,1591.72,1592.93,1590.19,1590.8,543.7956
2023-01-31 18:30:00,1590.8,1592.26,1590.0,1590.9,620.0901
2023-01-31 18:45:00,1590.9,1595.29,1590.9,1594.27,691.2294
2023-01-31 19:00:00,1594.27,1595.36,1591.19,1591.21,580.1227
2023-01-31 19:15:00,1591.21,1591.7,1588.42,1590.95,356.4822
2023-01-31 19:30:00,1590.95,1597.58,1590.95,1597.57,317.2435
2023-01-31 19:45:00,1597.57,1598.56,1596.37,1597.45,307.1783
2023-01-31 20:00:00,1597.45,1598.51,1592.28,1592.59,297.8797
2023-01-31 20:15:00,1592.59,1593.23,1588.83,1588.83,635.0367
2023-01-31 20:30:00,1588.83,1589.42,1583.87,1585.22,703.5629
2023-01-31 20:45:00,1585.22,1592.36,1585.22,1587.21,796.1846
2023-01-31 21:00:00,1587.21,1590.41,1583.61,1583.79,800.9825
2023-01-31 21:15:00,1583.79,1584.91,1564.61,1577.16,922.1039
2023-01-31 21:30:00,1577.16,1577.93,1568.5,1571.76,647.1049
2023-01-31 21:45:00,1571.76,1577.12,1571.12,1577.12,483.9995
2023-01-31 22:00:00,1577.12,1579.29,1573.24,1574.04,452.3283
2023-01-31 22:15:00,1574.04,1574.04,1570.95,1572.34,389.9911
2023-01-31 22:30:00,1572.34,1578.47,1571.02,1578.39,394.2872
2023-01-31 22:45:00,1578.39,1600.0,1578.09,1590.4,680.1176
2023-01-31 23:00:00,1590.4,1590.65,1582.67,1583.93,445.4979
2023-01-31 23:15:00,1583.93,1585.78,1582.0,1582.95,704.8049
2023-01-31 23:30:00,1582.95,1586.23,1581.69,1584.16,553.3561
2023-01-31 23:45:00,1584.16,1587.61,1583.87,1585.34,632.3604
2023-02-01 00:00:00,1585.34,1589.88,1581.67,1585.06,632.528
2023-02-01 00:15:00,1585.06,1585.6,1581.37,1581.54,560.3182
2023-02-01 00:30:00,1581.54,1586.85,1576.66,1584.17,414.9944
2023-02-01 00:45:00,1584.17,1586.58,1583.07,1583.24,442.7105
2023-02-01 01:00:00,1583.24,1586.54,1583.24,1586.17,554.1332
2023-02-01 01:15:00,1586.17,1586.59,1580.47,1580.86,435.5279
2023-02-01 01:30:00,1580.86,1589.54,1580.66,1588.93,389.1523
2023-02-01 01:45:00,1588.93,1592.83,1588.01,1588.79,464.1669
2023-02-01 02:00:00,1588.79,1589.18,1585.98,1585.98,409.5933
2023-02-01 02:15:00,1585.98,1586.57,1582.35,1583.28,789.774
2023-02-01 02:30:00,1583.28,1585.0,1582.35,1583.98,741.5124
2023-02-01 02:45:00,1583.98,1585.64,1583.25,1585.64,732.9848
2023-02-01 03:00:00,1585.64,1585.99,1582.76,1583.31,721.5651
2023-02-01 03:15:00,1583.31,1583.62,1579.87,1581.83,372.093
2023-02-01 03:30:00,1581.83,1583.41,1578.87,1583.33,412.6045
2023-02-01 03:45:00,1583.33,1584.76,1583.12,1584.68,407.1705
2023-02-01 04:00:00,1584.68,1585.4,1584.26,1584.52,358.8591
2023-02-01 04:15:00,1584.52,1585.65,1582.05,1583.99,417.3137
2023-02-01 04:30:00,1583.99,1584.98,1581.32,1584.21,389.9855
2023-02-01 04:45:00,1584.21,1584.21,1582.21,1582.89,385.9909
2023-02-01 05:00:00,1582.89,1584.08,1582.72,1584.0,524.6736
2023-02-01 05:15:00,1584.0,1585.66,1583.27,1585.39,331.526
2023-02-09 13:15:00,1638.13,1639.36,1634.26,1634.83,773.6393
2023-02-09 13:30:00,1634.83,1642.31,1634.83,1637.77,1002.1016
2023-02-09 13:45:00,1637.77,1640.84,1636.52,1640.16,1120.5094
2023-02-09 14:00:00,1640.16,1642.56,1639.61,1639.63,1092.6605
2023-02-09 14:15:00,1639.63,1644.44,1639.11,1642.8,954.9738
2023-02-09 14:30:00,1642.8,1648.92,1636.23,1636.72,645.2098
2023-02-09 14:45:00,1636.72,1645.12,1635.87,1637.63,1171.8097
2023-02-09 15:00:00,1637.63,1640.19,1635.99,1637.53,875.6182
2023-02-09 15:15:00,1637.53,1639.85,1631.33,1633.25,557.6806
2023-02-09 15:30:00,1633.25,1635.05,1628.15,1629.3,867.2852
2023-02-09 15:45:00,1629.3,1634.64,1629.04,1632.2,1264.8575
2023-02-09 16:00:00,1632.2,1633.6,1628.79,1631.92,1021.6823
2023-02-09 16:15:00,1631.92,1631.99,1623.38,1626.01,1007.3332
2023-02-09 16:30:00,1626.01,1626.03,1618.28,1624.48,888.8189
2023-02-09 16:45:00,1624.48,1624.72,1617.53,1622.77,696.3932
2023-02-09 17:00:00,1622.77,1627.68,1620.4,1627.02,612.6352
2023-02-09 17:15:00,1627.02,1629.03,1625.3,1626.91,685.8882
2023-02-09 17:30:00,1626.91,1627.5,1616.33,1622.35,665.1317
2023-02-09 17:45:00,1622.35,1623.8,1618.33,1623.57,555.6565
2023-02-09 18:00:00,1623.57,1628.39,1620.6,1628.18,544.7099
2023-02-09 18:15:00,1628.18,1631.01,1625.74,1626.08,660.4091
2023-02-09 18:30:00,1626.08,1629.89,1623.77,1624.06,635.1327
2023-02-09 18:45:00,1624.06,1624.1,1620.13,1622.05,599.3229
2023-02-09 19:00:00,1622.05,1622.89,1611.98,1615.14,536.9429
2023-02-09 19:15:00,1615.14,1617.17,1579.37,1586.96,1588.6465
2023-02-09 19:30:00,1586.96,1587.1,1560.19,1572.68,1611.686
2023-02-09 19:45:00,1572.68,1579.86,1566.55,1579.79,965.5174
2023-02-09 20:00:00,1579.79,1579.79,1568.89,1569.21,767.273
2023-02-09 20:15:00,1569.21,1574.48,1565.48,1571.16,832.2655
2023-02-09 20:30:00,1571.16,1580.71,1568.65,1579.9,965.1979
2023-02-09 20:45:00,1579.9,1582.0,1576.2,1577.03,1104.2712
2023-02-09 21:00:00,1577.03,1577.97,1568.67,1571.14,1082.7196
2023-02-09 21:15:00,1571.14,1574.03,1562.71,1563.93,903.0116
2023-02-09 21:30:00,1563.93,1563.93,1526.84,1544.51,1244.7736
2023-02-09 21:45:00,1544.51,1546.06,1524.89,1540.66,1100.3736
2023-02-09 22:00:00,1540.66,1545.24,1535.31,1543.07,808.2131
2023-02-09 22:15:00,1543.07,1549.43,1542.77,1546.62,1045.0266
2023-02-09 22:30:00,1546.62,1548.83,1541.55,1541.55,885.8186
2023-02-09 22:45:00,1541.55,1546.4,1529.27,1538.4,893.3109
2023-02-09 23:00:00,1538.4,1546.02,1537.82,1545.45,865.1374
2023-02-09 23:15:00,1545.45,1546.86,1542.1,1545.96,745.0052
2023-02-09 23:30:00,1545.96,1549.81,1544.46,1546.82,735.4308
2023-02-09 23:45:00,1546.82,1547.1,1543.77,1545.41,700.1196
2023-02-10 00:00:00,1545.41,1551.99,1542.51,1551.87,684.1758
2023-02-10 00:15:00,1551.87,1552.76,1548.06,1551.38,698.7644
2023-02-10 00:30:00,1551.38,1554.34,1547.73,1552.05,652.2667
2023-02-10 00:45:00,1552.05,1552.06,1545.8,1548.22,710.7915
2023-02-10 01:00:00,1548.22,1552.93,1545.77,1552.83,816.1166
2023-02-10 01:15:00,1552.83,1552.83,1544.49,1545.19,732.279
2023-02-10 01:30:00,1545.19,1550.01,1544.72,1548.27,998.8955
2023-02-10 01:45:00,1548.27,1550.2,1547.81,1549.81,1004.3592
2023-02-10 02:00:00,1549.81,1550.65,1548.04,1549.74,1005.1883
2023-02-10 02:15:00,1549.74,1550.25,1543.07,1543.67,941.3391
2023-02-10 02:30:00,1543.67,1548.7,1543.67,1548.69,527.27
2023-02-10 02:45:00,1548.69,1549.9,1547.97,1548.95,459.5211
2023-02-10 03:00:00,1548.95,1549.17,1544.17,1545.01,573.5447
2023-02-10 03:15:00,1545.01,1546.14,1544.02,1544.66,449.5747
2023-02-10 03:30:00,1544.66,1546.91,1544.23,1545.23,780.5982
2023-02-10 03:45:00,1545.23,1545.58,1542.07,1543.37,732.6441
2023-02-10 04:00:00,1543.37,1543.64,1531.79,1539.75,740.493
2023-02-10 04:15:00,1539.75,1544.93,1539.31,1544.87,900.8934
2023-02-10 04:30:00,1544.87,1544.94,1541.2,1542.19,643.0617
2023-02-10 04:45:00,1542.19,1542.79,1536.36,1538.72,562.3556
2023-02-10 05:00:00,1538.72,1542.47,1535.01,1541.97,618.7306
2023-02-10 05:15:00,1541.97,1542.5,1533.65,1535.53,573.3706
2023-02-10 05:30:00,1535.53,1546.67,1530.25,1545.94,487.2515
2023-02-10 05:45:00,1545.94,1546.55,1541.77,1541.87,448.5016
2023-02-10 06:00:00,1541.87,1546.7,1540.01,1546.18,406.4074
2023-02-10 06:15:00,1546.18,1546.7,1544.81,1546.43,470.5585
2023-02-10 06:30:00,1546.43,1549.03,1545.42,1547.27,488.4254
2023-02-10 06:45:00,1547.27,1548.92,1545.27,1548.48,468.2168
2023-02-10 07:00:00,1548.48,1549.39,1544.6,1546.1,453.4117
2023-02-10 07:15:00,1546.1,1548.6,1543.76,1545.63,505.3169
2023-02-10 07:30:00,1545.63,1550.72,1545.19,1550.57,796.576
2023-02-10 07:45:00,1550.57,1552.75,1549.46,1551.36,1168.2856
2023-02-10 08:00:00,1551.36,1554.01,1549.72,1552.5,780.4095
2023-02-10 08:15:00,1552.5,1553.89,1549.15,1549.61,986.2696
2023-02-10 08:30:00,1549.61,1551.94,1549.23,1550.29,711.5074
2023-02-10 08:45:00,1550.29,1553.12,1549.96,1550.81,815.6977
2023-02-10 09:00:00,1550.81,1552.49,1549.12,1549.18,849.4872
2023-02-10 09:15:00,1549.18,1552.0,1547.4,1551.99,746.2698
2023-02-10 09:30:00,1551.99,1552.0,1548.33,1549.48,808.96
2023-02-10 09:45:00,1549.48,1550.99,1545.52,1546.0,783.1681
2023-02-10 10:00:00,1546.0,1546.87,1544.34,1546.57,801.8975
2023-02-10 10:15:00,1546.57,1547.38,1543.18,1543.32,982.8374
2023-02-10 10:30:00,1543.32,1545.97,1542.0,1544.89,977.2676
2023-02-10 10:45:00,1544.89,1546.75,1544.56,1546.14,901.2479
2023-02-10 11:00:00,1546.14,1546.21,1539.24,1544.38,1087.8351
2023-02-10 11:15:00,1544.38,1544.85,1537.86,1539.8,1009.0423
2023-02-10 11:30:00,1539.8,1540.66,1537.11,1538.01,743.3867
2023-02-10 11:45:00,1538.01,1539.57,1534.25,1537.08,653.1437
2023-02-10 12:00:00,1537.08,1542.1,1534.01,1540.99,800.7598
2023-02-10 12:15:00,1540.99,1542.4,1537.5,1538.64,741.428
2023-02-10 12:30:00,1538.64,1540.24,1532.67,1539.15,859.5474
2023-02-10 12:45:00,1539.15,1539.76,1533.07,1534.17,807.3716
2023-02-10 13:00:00,1534.17,1539.7,1534.17,1538.51,773.484
2023-02-10 13:15:00,1538.51,1542.46,1538.51,1538.75,822.8559
2023-02-10 13:30:00,1538.75,1541.33,1536.54,1541.27,875.5982
2023-02-10 13:45:00,1541.27,1541.41,1537.47,1537.71,1167.0214
2023-02-10 14:00:00,1537.71,1540.29,1535.42,1540.14,1273.2246
2023-02-10 14:15:00,1540.14,1543.05,1539.52,1540.39,896.2346
2023-02-10 14:30:00,1540.39,1547.87,1538.72,1540.35,1004.7792
2023-02-10 14:45:00,1540.35,1547.8,1539.56,1543.45,1343.5327
2023-02-10 15:00:00,1543.45,1547.74,1539.14,1545.26,1085.0935
2023-02-10 15:15:00,1545.26,1547.26,1540.4,1541.03,1121.5012
2023-02-10 15:30:00,1541.03,1542.91,1524.61,1526.01,1139.2975
2023-02-10 15:45:00,1526.01,1526.01,1506.59,1522.4,2049.0005
2023-02-10 16:00:00,1522.4,1533.22,1520.85,1526.67,870.6385
2023-02-10 16:15:00,1526.67,1528.55,1521.12,1522.06,856.455
2023-02-10 16:30:00,1522.06,1524.86,1519.18,1519.38,676.3231
2023-02-10 16:45:00,1519.38,1523.68,1515.16,1520.06,551.0199
2023-02-10 17:00:00,1520.06,1524.0,1519.3,1520.99,637.2972
2023-02-10 17:15:00,1520.99,1521.29,1515.47,1516.28,589.9508
2023-02-10 17:30:00,1516.28,1522.22,1516.28,1518.34,590.3509
2023-02-10 17:45:00,1518.34,1526.31,1518.01,1526.04,561.052
2023-02-10 18:00:00,1526.04,1526.98,1522.73,1523.12,517.4238
2023-02-10 18:15:00,1523.12,1527.85,1523.12,1526.08,530.0129
2023-02-10 18:30:00,1526.08,1527.46,1525.01,1525.48,894.9368
2023-02-10 18:45:00,1525.48,1528.2,1525.03,1527.3,906.0751
2023-02-10 19:00:00,1527.3,1529.45,1523.55,1524.5,841.8863
2023-02-10 19:15:00,1524.5,1527.29,1523.91,1527.23,1021.2201
2023-02-10 19:30:00,1527.23,1538.46,1526.84,1533.41,929.5362
2023-02-10 19:45:00,1533.41,1535.95,1531.69,1534.49,954.0732
2023-02-10 20:00:00,1534.49,1535.55,1532.26,1532.26,999.3506
2023-02-10 20:15:00,1532.26,1532.46,1530.22,1530.75,1099.2182
2023-02-10 20:30:00,1530.75,1533.09,1530.27,1530.27,905.6785
2023-02-10 20:45:00,1530.27,1531.17,1528.43,1529.6,988.9621
2023-02-10 21:00:00,1529.6,1529.83,1519.77,1522.14,920.6656
2023-02-10 21:15:00,1522.14,1522.14,1517.33,1520.54,789.827
2023-02-10 21:30:00,1520.54,1521.66,1492.68,1501.15,1297.3776
2023-02-10 21:45:00,1501.15,1515.9,1498.18,1505.37,1139.5667
2023-02-10 22:00:00,1505.37,1512.63,1504.22,1512.63,801.4624
2023-02-10 22:15:00,1512.63,1516.29,1507.6,1507.6,874.6035
2023-02-10 22:30:00,1507.6,1515.8,1504.17,1515.8,847.5576
2023-02-10 22:45:00,1515.8,1516.67,1508.85,1509.14,700.6484
2023-02-10 23:00:00,1509.14,1514.03,1505.66,1513.86,859.5178
2023-02-10 23:15:00,1513.86,1515.31,1510.54,1513.16,633.734
2023-02-10 23:30:00,1513.16,1518.07,1510.76,1515.81,987.0261
2023-02-10 23:45:00,1515.81,1517.42,1512.76,1513.53,821.5592
2023-02-11 00:00:00,1513.53,1514.49,1508.36,1508.36,737.2575
2023-02-11 00:15:00,1508.36,1514.59,1508.0,1513.78,846.0708
2023-02-11 00:30:00,1513.78,1517.3,1511.31,1511.55,1003.7849
2023-02-11 00:45:00,1511.55,1517.8,1511.06,1515.94,1136.7887
2023-02-11 01:00:00,1515.94,1515.98,1513.98,1514.14,958.4467
2023-02-11 01:15:00,1514.14,1518.32,1512.77,1516.74,973.5962
2023-02-11 01:30:00,1516.74,1516.74,1514.49,1514.5,831.5527
2023-02-11 01:45:00,1514.5,1514.52,1509.64,1512.64,862.8608
2023-02-11 02:00:00,1512.64,1513.14,1512.08,1513.13,802.7288
2023-02-11 02:15:00,1513.13,1516.8,1512.51,1516.05,779.7713
2023-02-11 02:30:00,1516.05,1516.24,1514.16,1516.24,692.5228
2023-02-11 02:45:00,1516.24,1516.89,1514.4,1516.89,653.7613
2023-02-11 03:00:00,1516.89,1523.53,1516.39,1521.42,730.3651
2023-02-11 03:15:00,1521.42,1523.38,1519.84,1520.45,678.072
2023-02-11 03:30:00,1520.45,1521.19,1519.14,1519.88,839.5592
2023-02-11 03:45:00,1519.88,1520.56,1518.63,1520.49,993.457
2023-02-11 04:00:00,1520.49,1521.14,1518.2,1519.41,911.8426
2023-02-11 04:15:00,1519.41,1520.9,1518.47,1519.0,1020.2824
2023-02-11 04:30:00,1519.0,1520.65,1518.56,1520.1,725.4138
2023-02-11 04:45:00,1520.1,1520.54,1519.41,1520.07,446.0136
2023-02-11 05:00:00,1520.07,1520.09,1518.51,1518.51,459.7502
2023-02-11 05:15:00,1518.51,1521.38,1518.34,1519.21,504.544
2023-02-11 05:30:00,1519.21,1520.13,1519.0,1519.83,700.6668
2023-02-11 05:45:00,1519.83,1519.94,1516.26,1517.72,828.6299
2023-02-11 06:00:00,1517.72,1517.74,1515.02,1517.27,765.7955
2023-02-11 06:15:00,1517.27,1518.36,1516.73,1517.87,852.761
2023-02-11 06:30:00,1517.87,1519.27,1517.05,1518.14,597.448
2023-02-11 06:45:00,1518.14,1518.63,1517.57,1518.62,368.5004
2023-02-11 07:00:00,1518.62,1520.38,1518.57,1519.46,499.7058
2023-02-11 07:15:00,1519.46,1519.57,1516.68,1518.14,529.1246
2023-02-11 07:30:00,1518.14,1519.87,1516.21,1519.83,895.6258
2023-02-11 07:45:00,1519.83,1523.33,1519.55,1520.84,1054.7057
2023-02-11 08:00:00,1520.84,1522.45,1519.54,1522.45,1160.8694
2023-02-11 08:15:00,1522.45,1522.51,1519.84,1520.07,1173.8876
2023-02-11 08:30:00,1520.07,1525.97,1519.19,1524.73,1097.2728
2023-02-11 08:45:00,1524.73,1524.87,1521.27,1522.92,1040.8949
2023-02-11 09:00:00,1522.92,1523.91,1521.66,1523.89,965.6662
2023-02-11 09:15:00,1523.89,1524.8,1521.11,1522.0,1094.4017
2023-02-11 09:30:00,1522.0,1522.61,1521.41,1522.61,843.6412
2023-02-11 09:45:00,1522.61,1522.61,1521.11,1522.48,765.3888
2023-02-11 10:00:00,1522.48,1522.49,1519.44,1520.34,807.7053
2023-02-11 10:15:00,1520.34,1520.4,1516.77,1518.02,817.1372
2023-02-11 10:30:00,1518.02,1522.49,1515.87,1517.03,1223.6398
2023-02-11 10:45:00,1517.03,1519.25,1516.79,1518.88,1103.0297
2023-02-11 11:00:00,1518.88,1519.5,1517.5,1518.86,1169.0958
2023-02-11 11:15:00,1518.86,1518.86,1517.03,1517.44,1137.2397
2023-02-11 11:30:00,1517.44,1519.2,1517.43,1519.2,791.1751
2023-02-11 11:45:00,1519.2,1520.5,1518.69,1520.16,839.2348
2023-02-11 12:00:00,1520.16,1522.67,1520.0,1521.89,706.0051
2023-02-11 12:15:00,1521.89,1524.59,1519.97,1520.71,805.6193
2023-02-11 12:30:00,1520.71,1521.52,1517.37,1518.0,953.8871
2023-02-11 12:45:00,1518.0,1520.72,1515.39,1519.6,947.7173
2023-02-11 13:00:00,1519.6,1520.59,1518.0,1518.93,957.9466
2023-02-11 13:15:00,1518.93,1522.73,1518.02,1522.01,1115.5555
2023-02-11 13:30:00,1522.01,1522.92,1520.98,1522.05,701.0504
2023-02-11 13:45:00,1522.05,1523.55,1521.31,1523.13,797.0196
2023-02-11 14:00:00,1523.13,1523.72,1521.54,1522.44,847.5548
2023-02-11 14:15:00,1522.44,1523.32,1520.94,1521.12,815.263
2023-02-11 14:30:00,1521.12,1521.56,1519.23,1521.07,1248.6756
2023-02-11 14:45:00,1521.07,1526.6,1520.98,1525.33,859.671
2023-02-11 15:00:00,1525.33,1526.3,1523.44,1524.14,1051.8038
2023-02-19 23:00:00,1685.54,1686.56,1680.28,1686.17,763.163
2023-02-19 23:15:00,1686.17,1687.43,1683.14,1685.35,556.0001
2023-02-19 23:30:00,1685.35,1687.43,1682.01,1683.02,547.4534
2023-02-19 23:45:00,1683.02,1684.1,1676.86,1680.56,716.0288
2023-02-20 00:00:00,1680.56,1686.21,1679.98,1683.35,869.7992
2023-02-20 00:15:00,1683.35,1683.84,1680.59,1680.74,770.7284
2023-02-20 00:30:00,1680.74,1683.43,1679.33,1679.33,667.556
2023-02-20 00:45:00,1679.33,1680.65,1674.43,1677.13,763.4031
2023-02-20 01:00:00,1677.13,1678.32,1652.78,1652.89,907.586
2023-02-20 01:15:00,1652.89,1660.57,1651.26,1659.73,862.5208
2023-02-20 01:30:00,1659.73,1668.0,1658.3,1668.0,645.3061
2023-02-20 01:45:00,1668.0,1672.91,1666.12,1670.13,600.5931
2023-02-20 02:00:00,1670.13,1675.07,1666.82,1675.07,702.1222
2023-02-20 02:15:00,1675.07,1677.6,1674.41,1675.05,667.7663
2023-02-20 02:30:00,1675.05,1677.34,1673.95,1674.94,741.8733
2023-02-20 02:45:00,1674.94,1680.85,1673.89,1678.88,808.1253
2023-02-20 03:00:00,1678.88,1680.28,1677.21,1677.34,833.8131
2023-02-20 03:15:00,1677.34,1681.78,1676.77,1681.65,788.0969
2023-02-20 03:30:00,1681.65,1685.17,1681.65,1683.3,882.9969
2023-02-20 03:45:00,1683.3,1686.75,1683.02,1684.33,828.3674
2023-02-20 04:00:00,1684.33,1688.46,1683.64,1686.65,770.4033
2023-02-20 04:15:00,1686.65,1693.86,1686.56,1686.77,637.8127
2023-02-20 04:30:00,1686.77,1689.25,1685.73,1687.53,652.0142
2023-02-20 04:45:00,1687.53,1690.96,1686.84,1689.32,656.8714
2023-02-20 05:00:00,1689.32,1690.44,1688.28,1688.73,743.1175
2023-02-20 05:15:00,1688.73,1688.9,1685.46,1686.78,886.6863
2023-02-20 05:30:00,1686.78,1687.93,1686.52,1687.3,731.7613
2023-02-20 05:45:00,1687.3,1689.97,1685.46,1689.8,736.1589
2023-02-20 06:00:00,1689.8,1694.61,1688.0,1692.1,864.5666
2023-02-20 06:15:00,1692.1,1693.72,1689.04,1690.15,737.4551
2023-02-20 06:30:00,1690.15,1690.72,1688.98,1689.51,662.3566
2023-02-20 06:45:00,1689.51,1695.48,1689.45,1694.25,813.0041
2023-02-20 07:00:00,1694.25,1696.96,1692.89,1693.68,554.8927
2023-02-20 07:15:00,1693.68,1694.38,1692.08,1693.6,438.58
2023-02-20 07:30:00,1693.6,1697.83,1692.28,1696.66,534.0181
2023-02-20 07:45:00,1696.66,1698.07,1695.74,1695.79,408.3385
2023-02-20 08:00:00,1695.79,1696.67,1694.59,1695.88,770.988
2023-02-20 08:15:00,1695.88,1699.23,1692.22,1692.22,877.5228
2023-02-20 08:30:00,1692.22,1694.5,1689.23,1692.03,913.5256
2023-02-20 08:45:00,1692.03,1694.04,1691.04,1691.97,951.2882
2023-02-20 09:00:00,1691.97,1693.58,1690.5,1690.5,524.6748
2023-02-20 09:15:00,1690.5,1697.24,1688.73,1697.19,598.694
2023-02-20 09:30:00,1697.19,1712.08,1694.06,1708.37,652.8504
2023-02-20 09:45:00,1708.37,1717.38,1708.25,1711.71,659.6685
2023-02-20 10:00:00,1711.71,1717.44,1706.66,1715.23,706.0875
2023-02-20 10:15:00,1715.23,1715.74,1708.34,1708.98,665.7997
2023-02-20 10:30:00,1708.98,1713.98,1707.52,1712.37,637.6066
2023-02-20 10:45:00,1712.37,1715.92,1708.23,1710.91,701.4844
2023-02-20 11:00:00,1710.91,1714.55,1710.91,1711.94,1015.5312
2023-02-20 11:15:00,1711.94,1716.69,1710.34,1712.01,974.1902
2023-02-20 11:30:00,1712.01,1717.24,1707.71,1715.34,1030.7252
2023-02-20 11:45:00,1715.34,1719.62,1713.31,1713.61,855.0138
2023-02-20 12:00:00,1713.61,1715.98,1710.89,1711.21,553.9373
2023-02-20 12:15:00,1711.21,1712.57,1708.01,1711.01,519.9038
2023-02-20 12:30:00,1711.01,1711.73,1706.38,1707.68,560.1247
2023-02-20 12:45:00,1707.68,1708.37,1701.16,1706.72,595.375
2023-02-20 13:00:00,1706.72,1711.35,1706.69,1710.5,503.9233
2023-02-20 13:15:00,1710.5,1710.5,1706.01,1709.19,738.1901
2023-02-20 13:30:00,1709.19,1709.52,1704.54,1706.17,748.9044
2023-02-20 13:45:00,1706.17,1706.62,1703.31,1705.71,775.042
2023-02-20 14:00:00,1705.71,1708.67,1701.71,1707.94,697.4767
2023-02-20 14:15:00,1707.94,1710.84,1703.87,1704.11,737.5755
2023-02-20 14:30:00,1704.11,1715.14,1698.13,1703.31,709.8901
2023-02-20 14:45:00,1703.31,1713.03,1700.81,1712.12,659.695
2023-02-20 15:00:00,1712.12,1715.52,1705.34,1705.8,570.7714
2023-02-20 15:15:00,1705.8,1710.0,1704.62,1706.59,495.965
2023-02-20 15:30:00,1706.59,1712.99,1705.9,1710.71,512.0537
2023-02-20 15:45:00,1710.71,1711.15,1706.04,1707.27,368.962
2023-02-20 16:00:00,1707.27,1707.91,1698.36,1700.19,686.0261
2023-02-20 16:15:00,1700.19,1703.36,1690.76,1694.24,787.1589
2023-02-20 16:30:00,1694.24,1697.28,1685.0,1695.25,813.7792
2023-02-20 16:45:00,1695.25,1704.25,1694.12,1700.24,750.0534
2023-02-20 17:00:00,1700.24,1701.95,1694.72,1698.97,630.8764
2023-02-20 17:15:00,1698.97,1699.91,1695.24,1698.41,729.7473
2023-02-20 17:30:00,1698.41,1702.31,1695.84,1700.07,752.1406
2023-02-20 17:45:00,1700.07,1702.16,1696.36,1696.37,583.0207
2023-02-20 18:00:00,1696.37,1699.58,1692.6,1696.36,690.0152
2023-02-20 18:15:00,1696.36,1697.15,1692.21,1694.56,858.5438
2023-02-20 18:30:00,1694.56,1697.31,1691.57,1697.31,969.4263
2023-02-20 18:45:00,1697.31,1698.03,1696.51,1697.31,792.7688
2023-02-20 19:00:00,1697.31,1702.68,1696.98,1702.0,841.0165
2023-02-20 19:15:00,1702.0,1702.46,1699.43,1701.26,1018.191
2023-02-20 19:30:00,1701.26,1703.73,1700.72,1703.44,944.2824
2023-02-20 19:45:00,1703.44,1710.71,1702.88,1709.81,802.2016
2023-02-20 20:00:00,1709.81,1711.97,1707.16,1707.23,611.0569
2023-02-20 20:15:00,1707.23,1708.2,1702.98,1705.18,548.9614
2023-02-20 20:30:00,1705.18,1706.56,1702.8,1703.9,462.8981
2023-02-20 20:45:00,1703.9,1705.51,1701.43,1703.77,513.4977
2023-02-20 21:00:00,1703.77,1705.06,1701.37,1704.91,732.3921
2023-02-20 21:15:00,1704.91,1705.5,1703.25,1705.09,728.7834
2023-02-20 21:30:00,1705.09,1707.24,1703.5,1707.24,880.5203
2023-02-20 21:45:00,1707.24,1707.25,1700.42,1701.06,764.3265
2023-02-20 22:00:00,1701.06,1703.17,1700.29,1701.89,494.4873
2023-02-20 22:15:00,1701.89,1701.94,1696.78,1697.42,475.9918
2023-02-20 22:30:00,1697.42,1698.81,1696.5,1696.93,559.8318
2023-02-20 22:45:00,1696.93,1697.88,1692.52,1693.1,457.0081
2023-02-20 23:00:00,1693.1,1700.8,1692.18,1700.49,891.6743
2023-02-20 23:15:00,1700.49,1700.9,1698.07,1700.41,854.8179
2023-02-20 23:30:00,1700.41,1702.24,1698.21,1701.58,943.2933
2023-02-20 23:45:00,1701.58,1703.66,1700.58,1703.42,1065.7062
2023-02-21 00:00:00,1703.42,1703.69,1700.0,1702.78,582.737
2023-02-21 00:15:00,1702.78,1703.06,1698.11,1700.2,518.2917
2023-02-21 00:30:00,1700.2,1710.0,1699.99,1708.69,558.3087
2023-02-21 00:45:00,1708.69,1708.69,1704.78,1705.16,476.8238
2023-02-21 01:00:00,1705.16,1706.71,1703.79,1706.28,583.339
2023-02-21 01:15:00,1706.28,1707.73,1700.64,1701.04,529.4697
2023-02-21 01:30:00,1701.04,1705.72,1699.86,1704.72,524.3783
2023-02-21 01:45:00,1704.72,1708.49,1704.18,1705.13,505.9994
2023-02-21 02:00:00,1705.13,1708.72,1704.52,1706.89,713.4366
2023-02-21 02:15:00,1706.89,1709.05,1705.09,1708.14,646.3938
2023-02-21 02:30:00,1708.14,1716.29,1708.14,1715.96,801.1811
2023-02-21 02:45:00,1715.96,1715.96,1707.4,1708.09,618.1974
2023-02-21 03:00:00,1708.09,1708.29,1699.61,1706.03,889.5659
2023-02-21 03:15:00,1706.03,1709.01,1704.72,1707.52,887.2538
2023-02-21 03:30:00,1707.52,1709.48,1703.55,1703.78,896.3363
2023-02-21 03:45:00,1703.78,1705.26,1702.46,1702.92,944.6667
2023-02-21 04:00:00,1702.92,1703.24,1698.89,1699.56,815.4985
2023-02-21 04:15:00,1699.56,1700.98,1696.44,1700.1,926.9347
2023-02-21 04:30:00,1700.1,1700.1,1695.52,1696.86,865.1283
2023-02-21 04:45:00,1696.86,1698.47,1695.32,1696.51,1104.2551
2023-02-21 05:00:00,1696.51,1699.49,1695.02,1696.01,539.4685
2023-02-21 05:15:00,1696.01,1697.56,1695.32,1697.56,555.5528
2023-02-21 05:30:00,1697.56,1698.88,1697.03,1697.03,673.0399
2023-02-21 05:45:00,1697.03,1699.72,1697.02,1698.23,508.3104
2023-02-21 06:00:00,1698.23,1701.08,1696.62,1701.04,812.1886
2023-02-21 06:15:00,1701.04,1701.75,1698.51,1700.15,801.2744
2023-02-21 06:30:00,1700.15,1703.05,1699.46,1702.3,915.9577
2023-02-21 06:45:00,1702.3,1709.19,1701.7,1707.49,903.3098
2023-02-21 07:00:00,1707.49,1707.52,1700.45,1704.6,807.3629
2023-02-21 07:15:00,1704.6,1704.87,1702.54,1704.13,1011.2438
2023-02-21 07:30:00,1704.13,1705.03,1702.22,1703.87,870.2044
2023-02-21 07:45:00,1703.87,1706.74,1702.91,1704.0,1026.8403
2023-02-21 08:00:00,1704.0,1707.91,1702.26,1706.15,827.4285
2023-02-21 08:15:00,1706.15,1714.29,1703.1,1703.78,1031.9216
2023-02-21 08:30:00,1703.78,1704.45,1685.25,1688.32,1144.7406
2023-02-21 08:45:00,1688.32,1688.32,1672.13,1675.77,1289.4109
2023-02-21 09:00:00,1675.77,1682.17,1670.66,1677.25,1108.558
2023-02-21 09:15:00,1677.25,1680.99,1673.69,1680.76,886.837
2023-02-21 09:30:00,1680.76,1686.9,1679.77,1684.49,1199.1596
2023-02-21 09:45:00,1684.49,1686.82,1681.83,1684.22,987.4857
2023-02-21 10:00:00,1684.22,1685.23,1681.02,1681.02,763.2069
2023-02-21 10:15:00,1681.02,1683.46,1678.45,1682.29,741.0404
2023-02-21 10:30:00,1682.29,1684.02,1678.36,1678.54,669.3127
2023-02-21 10:45:00,1678.54,1680.98,1677.22,1680.48,821.434
2023-02-21 11:00:00,1680.48,1681.25,1675.61,1675.91,921.6481
2023-02-21 11:15:00,1675.91,1683.41,1675.52,1682.36,923.2568
2023-02-21 11:30:00,1682.36,1683.04,1673.0,1675.7,945.3176
2023-02-21 11:45:00,1675.7,1677.49,1667.0,1669.76,1077.0682
2023-02-21 12:00:00,1669.76,1674.09,1666.14,1673.48,998.3901
2023-02-21 12:15:00,1673.48,1675.01,1670.7,1675.01,1400.1102
2023-02-21 12:30:00,1675.01,1679.47,1674.99,1676.38,1078.4411
2023-02-21 12:45:00,1676.38,1678.96,1675.89,1677.18,978.1927
2023-02-21 13:00:00,1677.18,1677.56,1674.63,1676.86,839.5069
2023-02-21 13:15:00,1676.86,1678.13,1673.29,1675.01,694.8315
2023-02-21 13:30:00,1675.01,1678.52,1672.14,1672.6,615.2901
2023-02-21 13:45:00,1672.6,1674.88,1663.71,1670.36,666.767
2023-02-21 14:00:00,1670.36,1674.42,1668.68,1673.83,542.955
2023-02-21 14:15:00,1673.83,1677.57,1673.75,1676.57,1939.0734
2023-02-21 14:30:00,1676.57,1684.88,1673.2,1681.34,1424.3001
2023-02-21 14:45:00,1681.34,1682.89,1673.08,1674.7,1236.686
2023-02-21 15:00:00,1674.7,1677.56,1666.29,1667.31,935.4717
2023-02-21 15:15:00,1667.31,1669.05,1659.47,1666.1,993.328
2023-02-21 15:30:00,1666.1,1675.91,1665.29,1673.3,874.7443
2023-02-21 15:45:00,1673.3,1675.58,1670.9,1672.22,909.7185
2023-02-21 16:00:00,1672.22,1674.29,1665.6,1669.21,911.5913
2023-02-21 16:15:00,1669.21,1670.08,1664.1,1665.44,1019.853
2023-02-21 16:30:00,1665.44,1667.55,1655.85,1664.55,1010.1287
2023-02-21 16:45:00,1664.55,1666.14,1661.65,1662.15,964.726
2023-02-21 17:00:00,1662.15,1665.83,1661.76,1661.95,782.2679
2023-02-21 17:15:00,1661.95,1666.96,1661.56,1664.7,629.0351
2023-02-21 17:30:00,1664.7,1668.99,1664.32,1667.91,838.1088
2023-02-21 17:45:00,1667.91,1677.22,1667.45,1677.22,587.1736
2023-02-21 18:00:00,1677.22,1686.36,1676.31,1679.23,803.5018
2023-02-21 18:15:00,1679.23,1680.26,1676.62,1677.33,684.6635
2023-02-21 18:30:00,1677.33,1678.89,1672.91,1675.2,739.5925
2023-02-21 18:45:00,1675.2,1680.93,1674.43,1679.51,889.0885
2023-02-21 19:00:00,1679.51,1679.93,1674.66,1676.17,701.9901
2023-02-21 19:15:00,1676.17,1676.17,1670.71,1673.88,462.3093
2023-02-21 19:30:00,1673.88,1677.39,1665.91,1671.28,622.5991
2023-02-21 19:45:00,1671.28,1672.92,1669.37,1671.88,691.5148
2023-02-21 20:00:00,1671.88,1674.09,1667.8,1668.3,550.4177
2023-02-21 20:15:00,1668.3,1670.68,1663.84,1665.29,574.8538
2023-02-21 20:30:00,1665.29,1669.38,1663.5,1668.43,578.5055
2023-02-21 20:45:00,1668.43,1671.42,1666.97,1669.1,480.1076
2023-02-21 21:00:00,1669.1,1670.75,1661.53,1663.5,864.2789
2023-02-21 21:15:00,1663.5,1663.5,1636.36,1640.48,1346.7445
2023-02-21 21:30:00,1640.48,1649.1,1638.55,1646.92,1039.5112
2023-02-21 21:45:00,1646.92,1647.56,1640.86,1641.76,737.6607
2023-02-21 22:00:00,1641.76,1647.65,1638.14,1645.12,617.1545
2023-02-21 22:15:00,1645.12,1648.33,1644.52,1648.31,626.2172
2023-02-21 22:30:00,1648.31,1652.14,1646.97,1652.14,618.9451
2023-02-21 22:45:00,1652.14,1654.62,1650.3,1652.97,505.1467
2023-02-21 23:00:00,1652.97,1654.99,1648.94,1652.99,912.0669
2023-02-21 23:15:00,1652.99,1653.05,1650.41,1651.31,830.637
2023-02-21 23:30:00,1651.31,1655.32,1650.79,1654.09,762.8341
2023-02-21 23:45:00,1654.09,1660.0,1653.58,1659.66,839.4902
2023-02-22 00:00:00,1659.66,1665.48,1658.02,1664.39,924.4716
2023-02-22 00:15:00,1664.39,1666.67,1660.56,1661.88,844.7367
2023-02-22 00:30:00,1661.88,1662.16,1656.66,1656.7,876.666
2023-02-22 00:45:00,1656.7,1660.98,1652.0,1660.98,840.9294
2023-03-02 08:45:00,1647.81,1648.65,1645.29,1646.66,836.3962
2023-03-02 09:00:00,1646.66,1647.21,1644.51,1645.89,857.3061
2023-03-02 09:15:00,1645.89,1646.12,1643.2,1646.06,790.3901
2023-03-02 09:30:00,1646.06,1647.63,1644.37,1646.0,721.9113
2023-03-02 09:45:00,1646.0,1646.33,1640.96,1642.02,737.8685
2023-03-02 10:00:00,1642.02,1642.86,1637.94,1640.36,855.645
2023-03-02 10:15:00,1640.36,1642.98,1639.91,1641.17,720.1014
2023-03-02 10:30:00,1641.17,1642.88,1639.02,1641.66,869.6609
2023-03-02 10:45:00,1641.66,1641.84,1638.4,1640.87,778.048
2023-03-02 11:00:00,1640.87,1642.89,1640.36,1640.66,784.1423
2023-03-02 11:15:00,1640.66,1643.16,1640.64,1642.73,805.7131
2023-03-02 11:30:00,1642.73,1644.65,1641.0,1643.43,1034.9135
2023-03-02 11:45:00,1643.43,1645.26,1642.24,1644.45,913.6872
2023-03-02 12:00:00,1644.45,1645.26,1642.11,1642.87,948.8533
2023-03-02 12:15:00,1642.87,1643.3,1636.9,1637.05,652.5327
2023-03-02 12:30:00,1637.05,1640.6,1632.61,1635.17,557.8747
2023-03-02 12:45:00,1635.17,1636.13,1632.48,1635.04,668.0724
2023-03-02 13:00:00,1635.04,1636.56,1626.89,1629.75,734.4991
2023-03-02 13:15:00,1629.75,1637.6,1627.31,1635.21,864.5757
2023-03-02 13:30:00,1635.21,1637.8,1630.8,1635.18,878.5389
2023-03-02 13:45:00,1635.18,1635.24,1626.79,1628.17,962.3169
2023-03-02 14:00:00,1628.17,1631.31,1621.27,1623.8,832.3925
2023-03-02 14:15:00,1623.8,1625.67,1619.3,1625.02,642.7237
2023-03-02 14:30:00,1625.02,1629.22,1624.0,1624.94,562.1369
2023-03-02 14:45:00,1624.94,1628.7,1621.7,1627.13,684.4969
2023-03-02 15:00:00,1627.13,1631.67,1626.1,1628.82,671.9179
2023-03-02 15:15:00,1628.82,1630.82,1623.0,1627.69,702.1275
2023-03-02 15:30:00,1627.69,1630.47,1626.3,1626.68,840.172
2023-03-02 15:45:00,1626.68,1629.24,1625.37,1628.26,814.0314
2023-03-02 16:00:00,1628.26,1629.16,1626.77,1627.38,824.4894
2023-03-02 16:15:00,1627.38,1630.8,1626.73,1626.76,429.4034
2023-03-02 16:30:00,1626.76,1628.19,1621.63,1624.4,423.2071
2023-03-02 16:45:00,1624.4,1626.67,1623.1,1624.98,389.1436
2023-03-02 17:00:00,1624.98,1625.96,1623.6,1623.72,409.3154
2023-03-02 17:15:00,1623.72,1626.87,1621.89,1626.68,439.7766
2023-03-02 17:30:00,1626.68,1628.8,1624.12,1624.35,566.844
2023-03-02 17:45:00,1624.35,1626.24,1622.74,1625.05,455.9524
2023-03-02 18:00:00,1625.05,1625.97,1622.94,1625.97,538.7888
2023-03-02 18:15:00,1625.97,1626.76,1624.47,1625.36,440.3704
2023-03-02 18:30:00,1625.36,1635.36,1624.19,1632.15,502.3936
2023-03-02 18:45:00,1632.15,1638.79,1630.21,1638.23,459.0448
2023-03-02 19:00:00,1638.23,1646.98,1638.23,1639.34,549.4657
2023-03-02 19:15:00,1639.34,1650.82,1638.39,1648.71,567.8916
2023-03-02 19:30:00,1648.71,1652.19,1645.04,1648.32,640.078
2023-03-02 19:45:00,1648.32,1648.82,1646.58,1648.4,777.8425
2023-03-02 20:00:00,1648.4,1651.45,1646.03,1648.81,612.6329
2023-03-02 20:15:00,1648.81,1650.08,1647.13,1648.25,768.2821
2023-03-02 20:30:00,1648.25,1650.57,1646.74,1648.76,814.1764
2023-03-02 20:45:00,1648.76,1650.87,1642.57,1643.97,667.265
2023-03-02 21:00:00,1643.97,1645.89,1642.55,1645.47,754.831
2023-03-02 21:15:00,1645.47,1647.22,1642.56,1645.99,591.5485
2023-03-02 21:30:00,1645.99,1645.99,1641.11,1642.49,570.9348
2023-03-02 21:45:00,1642.49,1643.83,1640.61,1640.61,487.7795
2023-03-02 22:00:00,1640.61,1644.14,1640.55,1644.14,663.2982
2023-03-02 22:15:00,1644.14,1653.48,1644.14,1653.19,762.4316
2023-03-02 22:30:00,1653.19,1657.78,1649.65,1650.9,736.592
2023-03-02 22:45:00,1650.9,1651.31,1648.39,1648.7,747.351
2023-03-02 23:00:00,1648.7,1650.54,1648.18,1648.88,757.3025
2023-03-02 23:15:00,1648.88,1650.83,1645.05,1645.99,441.3867
2023-03-02 23:30:00,1645.99,1649.83,1644.27,1648.29,494.9329
2023-03-02 23:45:00,1648.29,1648.71,1646.41,1647.85,553.0189
2023-03-03 00:00:00,1647.85,1649.09,1644.87,1645.06,560.3163
2023-03-03 00:15:00,1645.06,1646.58,1643.17,1643.54,870.957
2023-03-03 00:30:00,1643.54,1647.87,1642.12,1642.95,811.6502
2023-03-03 00:45:00,1642.95,1645.03,1642.95,1643.1,743.3407
2023-03-03 01:00:00,1643.1,1643.49,1641.51,1642.2,766.7787
2023-03-03 01:15:00,1642.2,1642.54,1598.26,1599.47,859.6691
2023-03-03 01:30:00,1599.47,1599.47,1538.7,1557.56,1475.8662
2023-03-03 01:45:00,1557.56,1563.04,1544.86,1553.79,816.7774
2023-03-03 02:00:00,1553.79,1564.99,1550.22,1563.73,754.0133
2023-03-03 02:15:00,1563.73,1570.1,1562.83,1569.3,592.1228
2023-03-03 02:30:00,1569.3,1569.74,1562.6,1564.38,562.7465
2023-03-03 02:45:00,1564.38,1565.75,1563.44,1564.57,506.8566
2023-03-03 03:00:00,1564.57,1564.57,1560.81,1561.75,412.2656
2023-03-03 03:15:00,1561.75,1568.57,1561.0,1567.49,661.1039
2023-03-03 03:30:00,1567.49,1567.49,1565.0,1566.22,558.5393
2023-03-03 03:45:00,1566.22,1567.3,1563.4,1565.53,567.8028
2023-03-03 04:00:00,1565.53,1566.79,1562.58,1566.79,562.0605
2023-03-03 04:15:00,1566.79,1568.98,1566.68,1567.73,709.0877
2023-03-03 04:30:00,1567.73,1569.61,1567.32,1568.9,775.9671
2023-03-03 04:45:00,1568.9,1572.92,1568.6,1571.08,711.8459
2023-03-03 05:00:00,1571.08,1576.22,1570.63,1571.6,711.8704
2023-03-03 05:15:00,1571.6,1572.33,1568.85,1568.88,869.8284
2023-03-03 05:30:00,1568.88,1570.33,1567.44,1568.43,982.1013
2023-03-03 05:45:00,1568.43,1569.22,1566.83,1566.83,831.4105
2023-03-03 06:00:00,1566.83,1569.0,1565.56,1567.06,839.2331
2023-03-03 06:15:00,1567.06,1569.75,1564.22,1569.6,988.2361
2023-03-03 06:30:00,1569.6,1570.0,1564.22,1567.03,900.364
2023-03-03 06:45:00,1567.03,1567.1,1564.43,1565.26,1086.5215
2023-03-03 07:00:00,1565.26,1565.56,1563.38,1565.21,865.2067
2023-03-03 07:15:00,1565.21,1567.02,1563.9,1566.43,791.1006
2023-03-03 07:30:00,1566.43,1571.36,1566.43,1570.96,806.3703
2023-03-03 07:45:00,1570.96,1571.45,1568.01,1568.06,769.2715
2023-03-03 08:00:00,1568.06,1569.54,1566.31,1567.28,732.5455
2023-03-03 08:15:00,1567.28,1570.12,1566.69,1568.4,638.1227
2023-03-03 08:30:00,1568.4,1570.74,1567.77,1570.31,773.3526
2023-03-03 08:45:00,1570.31,1572.97,1569.9,1571.96,778.1786
2023-03-03 09:00:00,1571.96,1574.18,1570.17,1570.96,736.0334
2023-03-03 09:15:00,1570.96,1571.0,1567.03,1568.89,1064.1185
2023-03-03 09:30:00,1568.89,1569.13,1566.35,1567.99,1367.3241
2023-03-03 09:45:00,1567.99,1568.0,1566.07,1566.91,871.421
2023-03-03 10:00:00,1566.91,1567.56,1566.21,1566.63,876.1823
2023-03-03 10:15:00,1566.63,1569.61,1566.47,1567.65,536.6152
2023-03-03 10:30:00,1567.65,1568.95,1567.61,1568.62,563.2314
2023-03-03 10:45:00,1568.62,1568.63,1565.35,1565.51,571.9423
2023-03-03 11:00:00,1565.51,1566.78,1564.21,1565.07,591.8705
2023-03-03 11:15:00,1565.07,1566.04,1564.1,1564.91,711.7252
2023-03-03 11:30:00,1564.91,1566.66,1564.1,1564.49,555.3408
2023-03-03 11:45:00,1564.49,1566.69,1564.1,1564.58,451.9246
2023-03-03 12:00:00,1564.58,1565.71,1564.37,1565.59,589.8458
2023-03-03 12:15:00,1565.59,1566.06,1561.9,1565.4,1209.1255
2023-03-03 12:30:00,1565.4,1566.19,1563.84,1563.88,1432.51
2023-03-03 12:45:00,1563.88,1565.79,1563.55,1565.59,932.9055
2023-03-03 13:00:00,1565.59,1565.68,1564.05,1565.24,1054.3813
2023-03-03 13:15:00,1565.24,1571.08,1564.9,1569.86,639.0784
2023-03-03 13:30:00,1569.86,1569.86,1566.07,1566.29,473.7971
2023-03-03 13:45:00,1566.29,1574.2,1560.81,1574.04,570.6182
2023-03-03 14:00:00,1574.04,1580.57,1572.5,1574.9,420.8895
2023-03-03 14:15:00,1574.9,1575.97,1572.14,1573.88,704.4303
2023-03-03 14:30:00,1573.88,1575.32,1570.71,1574.44,755.2686
2023-03-03 14:45:00,1574.44,1575.99,1570.46,1571.63,644.0831
2023-03-03 15:00:00,1571.63,1575.49,1564.26,1574.54,698.6188
2023-03-03 15:15:00,1574.54,1574.86,1570.42,1571.71,839.6734
2023-03-03 15:30:00,1571.71,1572.18,1565.45,1567.2,613.9589
2023-03-03 15:45:00,1567.2,1567.2,1565.14,1566.6,452.7051
2023-03-03 16:00:00,1566.6,1569.44,1565.57,1565.99,403.3184
2023-03-03 16:15:00,1565.99,1569.22,1565.7,1567.83,913.6868
2023-03-03 16:30:00,1567.83,1569.18,1565.6,1567.61,823.6087
2023-03-03 16:45:00,1567.61,1569.47,1566.61,1569.33,840.3296
2023-03-03 17:00:00,1569.33,1573.4,1569.28,1571.01,1356.5485
2023-03-03 17:15:00,1571.01,1572.81,1569.8,1572.35,1129.8351
2023-03-03 17:30:00,1572.35,1573.1,1570.25,1571.35,820.3449
2023-03-03 17:45:00,1571.35,1574.67,1570.91,1572.17,908.0267
2023-03-03 18:00:00,1572.17,1573.45,1571.4,1572.48,940.9432
2023-03-03 18:15:00,1572.48,1572.51,1567.63,1567.87,889.6467
2023-03-03 18:30:00,1567.87,1568.17,1551.5,1561.2,870.5192
2023-03-03 18:45:00,1561.2,1563.38,1556.73,1559.82,1043.8516
2023-03-03 19:00:00,1559.82,1560.0,1557.22,1559.56,912.3628
2023-03-03 19:15:00,1559.56,1562.66,1558.86,1560.27,807.6947
2023-03-03 19:30:00,1560.27,1562.55,1559.04,1562.54,813.2709
2023-03-03 19:45:00,1562.54,1568.62,1561.59,1565.59,995.0995
2023-03-03 20:00:00,1565.59,1567.13,1564.9,1564.96,1209.6442
2023-03-03 20:15:00,1564.96,1566.42,1562.31,1563.72,1418.4317
2023-03-03 20:30:00,1563.72,1563.73,1558.4,1559.78,1844.4153
2023-03-03 20:45:00,1559.78,1560.97,1558.65,1559.21,824.6214
2023-03-03 21:00:00,1559.21,1560.52,1553.53,1554.27,868.6116
2023-03-03 21:15:00,1554.27,1560.19,1547.54,1558.51,984.1981
2023-03-03 21:30:00,1558.51,1562.03,1558.02,1560.19,1274.264
2023-03-03 21:45:00,1560.19,1562.13,1551.12,1559.46,1298.7166
2023-03-03 22:00:00,1559.46,1562.42,1558.68,1560.97,1176.1613
2023-03-03 22:15:00,1560.97,1563.03,1560.23,1560.99,655.4904
2023-03-03 22:30:00,1560.99,1564.58,1560.99,1563.46,615.7056
2023-03-03 22:45:00,1563.46,1567.99,1563.43,1566.9,682.3396
2023-03-03 23:00:00,1566.9,1570.34,1566.82,1570.19,707.5338
2023-03-03 23:15:00,1570.19,1570.29,1567.6,1569.32,1423.5146
2023-03-03 23:30:00,1569.32,1570.98,1568.26,1569.52,798.7564
2023-03-03 23:45:00,1569.52,1570.19,1567.55,1569.47,779.3075
2023-03-04 00:00:00,1569.47,1570.0,1568.24,1569.9,1157.6042
2023-03-04 00:15:00,1569.9,1573.82,1569.04,1573.11,880.8807
2023-03-04 00:30:00,1573.11,1575.13,1570.48,1573.44,1302.3003
2023-03-04 00:45:00,1573.44,1575.35,1572.46,1574.62,1069.5092
2023-03-04 01:00:00,1574.62,1577.12,1573.66,1573.66,968.8095
2023-03-04 01:15:00,1573.66,1574.52,1571.72,1571.72,472.3913
2023-03-04 01:30:00,1571.72,1573.04,1571.22,1572.23,351.8245
2023-03-04 01:45:00,1572.23,1572.57,1570.98,1571.19,478.7517
2023-03-04 02:00:00,1571.19,1572.97,1571.09,1572.44,465.9626
2023-03-04 02:15:00,1572.44,1572.93,1571.66,1572.47,489.7702
2023-03-04 02:30:00,1572.47,1572.6,1571.5,1572.19,524.446
2023-03-04 02:45:00,1572.19,1572.54,1571.5,1571.83,678.3092
2023-03-04 03:00:00,1571.83,1571.91,1570.22,1570.23,509.8542
2023-03-04 03:15:00,1570.23,1571.03,1570.2,1570.2,694.1597
2023-03-04 03:30:00,1570.2,1571.07,1569.72,1570.69,691.3831
2023-03-04 03:45:00,1570.69,1570.99,1569.44,1570.83,687.862
2023-03-04 04:00:00,1570.83,1572.13,1570.19,1572.12,638.4294
2023-03-04 04:15:00,1572.12,1572.85,1569.38,1569.66,922.5569
2023-03-04 04:30:00,1569.66,1570.46,1568.89,1570.06,923.3363
2023-03-04 04:45:00,1570.06,1570.32,1568.48,1570.32,890.4943
2023-03-04 05:00:00,1570.32,1570.34,1569.53,1570.13,937.4109
2023-03-04 05:15:00,1570.13,1570.15,1568.42,1568.42,1215.4869
2023-03-04 05:30:00,1568.42,1568.69,1563.0,1567.0,1097.3064
2023-03-04 05:45:00,1567.0,1567.87,1565.67,1566.86,1216.4918
2023-03-04 06:00:00,1566.86,1568.17,1565.29,1568.17,1236.3265
2023-03-04 06:15:00,1568.17,1572.5,1568.17,1570.51,1050.8867
2023-03-04 06:30:00,1570.51,1571.81,1570.49,1571.74,1014.2137
2023-03-04 06:45:00,1571.74,1571.98,1569.53,1570.19,956.4735
2023-03-04 07:00:00,1570.19,1570.69,1569.68,1569.7,1094.5777
2023-03-04 07:15:00,1569.7,1570.96,1569.17,1569.92,809.7946
2023-03-04 07:30:00,1569.92,1570.02,1569.0,1569.0,964.5372
2023-03-04 07:45:00,1569.0,1569.74,1568.26,1568.82,1009.1589
2023-03-04 08:00:00,1568.82,1569.15,1567.26,1567.61,687.1808
2023-03-04 08:15:00,1567.61,1569.46,1567.53,1568.91,644.7246
2023-03-04 08:30:00,1568.91,1569.31,1567.35,1568.09,442.6376
2023-03-04 08:45:00,1568.09,1569.14,1567.72,1568.05,390.8556
2023-03-04 09:00:00,1568.05,1570.63,1567.95,1570.02,383.9405
2023-03-04 09:15:00,1570.02,1570.48,1569.27,1570.2,384.017
2023-03-04 09:30:00,1570.2,1570.21,1568.7,1568.82,461.6234
2023-03-04 09:45:00,1568.82,1569.63,1568.29,1569.45,370.0656
2023-03-04 10:00:00,1569.45,1571.15,1569.45,1569.49,368.211
2023-03-04 10:15:00,1569.49,1570.12,1568.85,1568.85,537.1267
2023-03-04 10:30:00,1568.85,1568.96,1567.02,1567.02,638.1614
2023-03-12 18:30:00,1528.27,1547.54,1523.92,1536.66,1723.4904
2023-03-12 18:45:00,1536.66,1539.68,1530.24,1532.54,1490.9555
2023-03-12 19:00:00,1532.54,1539.03,1532.1,1536.08,1572.7902
2023-03-12 19:15:00,1536.08,1536.6,1517.67,1518.46,1691.9337
2023-03-12 19:30:00,1518.46,1520.67,1512.23,1517.9,1316.2296
2023-03-12 19:45:00,1517.9,1520.6,1510.84,1512.37,1374.9288
2023-03-12 20:00:00,1512.37,1521.7,1510.98,1520.85,1095.8827
2023-03-12 20:15:00,1520.85,1529.55,1519.45,1528.4,994.6366
2023-03-12 20:30:00,1528.4,1543.14,1528.1,1536.11,1219.5886
2023-03-12 20:45:00,1536.11,1546.44,1531.42,1541.02,1013.3086
2023-03-12 21:00:00,1541.02,1541.69,1534.36,1537.66,1207.0916
2023-03-12 21:15:00,1537.66,1538.8,1533.01,1535.37,929.9628
2023-03-12 21:30:00,1535.37,1541.99,1533.24,1533.84,986.2291
2023-03-12 21:45:00,1533.84,1541.0,1533.84,1540.74,1024.084
2023-03-12 22:00:00,1540.74,1541.25,1528.34,1534.4,1128.0041
2023-03-12 22:15:00,1534.4,1592.18,1534.0,1579.16,2523.2465
2023-03-12 22:30:00,1579.16,1582.92,1569.36,1572.35,1666.7265
2023-03-12 22:45:00,1572.35,1573.73,1561.67,1564.17,1227.5716
2023-03-12 23:00:00,1564.17,1571.08,1561.47,1569.83,1277.9591
2023-03-12 23:15:00,1569.83,1576.26,1566.52,1572.19,2157.7845
2023-03-12 23:30:00,1572.19,1575.54,1569.01,1573.2,1847.7574
2023-03-12 23:45:00,1573.2,1582.35,1570.47,1579.97,1775.9016
2023-03-13 00:00:00,1579.97,1584.0,1573.44,1574.92,1642.4501
2023-03-13 00:15:00,1574.92,1594.12,1573.94,1586.19,968.6054
2023-03-13 00:30:00,1586.19,1621.5,1582.79,1614.05,999.3155
2023-03-13 00:45:00,1614.05,1616.27,1604.82,1610.41,949.0752
2023-03-13 01:00:00,1610.41,1613.53,1600.86,1600.87,813.4923
2023-03-13 01:15:00,1600.87,1607.16,1600.87,1604.58,2221.9712
2023-03-13 01:30:00,1604.58,1608.97,1599.05,1603.16,1876.7911
2023-03-13 01:45:00,1603.16,1605.68,1598.12,1599.27,1817.1022
2023-03-13 02:00:00,1599.27,1601.67,1599.27,1600.64,1848.6931
2023-03-13 02:15:00,1600.64,1600.64,1589.17,1590.37,1269.5715
2023-03-13 02:30:00,1590.37,1596.78,1588.29,1588.29,1085.389
2023-03-13 02:45:00,1588.29,1591.52,1583.79,1589.3,1133.3923
2023-03-13 03:00:00,1589.3,1591.0,1586.45,1587.56,1062.7915
2023-03-13 03:15:00,1587.56,1589.94,1584.48,1589.94,1000.4099
2023-03-13 03:30:00,1589.94,1595.33,1586.87,1587.78,1014.7207
2023-03-13 03:45:00,1587.78,1589.61,1586.89,1588.56,1048.6227
2023-03-13 04:00:00,1588.56,1597.79,1588.4,1597.79,1033.1011
2023-03-13 04:15:00,1597.79,1601.01,1595.13,1595.5,1026.5857
2023-03-13 04:30:00,1595.5,1597.52,1593.67,1596.46,1069.6727
2023-03-13 04:45:00,1596.46,1597.54,1591.82,1594.75,1100.7299
2023-03-13 05:00:00,1594.75,1597.71,1593.64,1595.79,1129.4119
2023-03-13 05:15:00,1595.79,1598.1,1594.63,1595.57,1755.6009
2023-03-13 05:30:00,1595.57,1598.45,1593.5,1597.86,1320.9279
2023-03-13 05:45:00,1597.86,1600.07,1597.13,1599.23,1594.6812
2023-03-13 06:00:00,1599.23,1605.26,1594.55,1595.48,1595.6761
2023-03-13 06:15:00,1595.48,1598.59,1594.01,1596.96,1796.019
2023-03-13 06:30:00,1596.96,1598.93,1594.89,1598.85,1592.8525
2023-03-13 06:45:00,1598.85,1602.43,1598.12,1601.48,1844.5315
2023-03-13 07:00:00,1601.48,1602.44,1598.92,1601.24,1820.194
2023-03-13 07:15:00,1601.24,1615.09,1601.05,1607.9,1190.3683
2023-03-13 07:30:00,1607.9,1611.36,1605.66,1610.99,1018.2093
2023-03-13 07:45:00,1610.99,1611.27,1604.28,1606.85,1247.6882
2023-03-13 08:00:00,1606.85,1608.02,1599.54,1601.49,966.4107
2023-03-13 08:15:00,1601.49,1602.54,1598.32,1599.36,805.6225
2023-03-13 08:30:00,1599.36,1600.71,1593.53,1593.54,950.4684
2023-03-13 08:45:00,1593.54,1595.47,1586.67,1586.99,882.9849
2023-03-13 09:00:00,1586.99,1593.33,1584.41,1590.99,932.5616
2023-03-13 09:15:00,1590.99,1592.68,1579.46,1580.12,1480.1783
2023-03-13 09:30:00,1580.12,1584.05,1565.33,1569.06,1485.8556
2023-03-13 09:45:00,1569.06,1575.45,1569.06,1570.99,1310.7097
2023-03-13 10:00:00,1570.99,1577.63,1570.09,1573.62,1292.4154
2023-03-13 10:15:00,1573.62,1580.5,1570.0,1579.02,1339.5436
2023-03-13 10:30:00,1579.02,1583.95,1577.23,1579.75,1336.1026
2023-03-13 10:45:00,1579.75,1586.06,1575.98,1583.65,1144.5163
2023-03-13 11:00:00,1583.65,1586.17,1580.04,1580.28,1455.3823
2023-03-13 11:15:00,1580.28,1581.84,1577.21,1578.98,1663.2809
2023-03-13 11:30:00,1578.98,1580.05,1575.16,1575.91,1299.6795
2023-03-13 11:45:00,1575.91,1584.1,1575.51,1581.03,1554.8232
2023-03-13 12:00:00,1581.03,1583.78,1573.96,1579.79,1550.0839
2023-03-13 12:15:00,1579.79,1582.62,1575.08,1580.56,1887.0118
2023-03-13 12:30:00,1580.56,1583.27,1576.26,1576.77,2274.8146
2023-03-13 12:45:00,1576.77,1582.93,1572.74,1582.01,1492.9552
2023-03-13 13:00:00,1582.01,1598.76,1582.01,1590.98,1966.7819
2023-03-13 13:15:00,1590.98,1606.06,1590.87,1593.33,851.2961
2023-03-13 13:30:00,1593.33,1597.6,1580.21,1585.49,932.6844
2023-03-13 13:45:00,1585.49,1605.26,1584.7,1598.5,819.9804
2023-03-13 14:00:00,1598.5,1627.29,1593.8,1617.47,1223.9265
2023-03-13 14:15:00,1617.47,1641.99,1614.69,1636.12,1604.1519
2023-03-13 14:30:00,1636.12,1638.27,1627.27,1637.83,1797.0669
2023-03-13 14:45:00,1637.83,1647.78,1633.56,1642.69,1799.3089
2023-03-13 15:00:00,1642.69,1693.77,1642.69,1674.92,1718.1408
2023-03-13 15:15:00,1674.92,1692.61,1674.92,1689.74,1130.9534
2023-03-13 15:30:00,1689.74,1692.78,1661.11,1670.87,1303.03
2023-03-13 15:45:00,1670.87,1670.87,1661.67,1664.69,1215.9349
2023-03-13 16:00:00,1664.69,1674.76,1664.14,1670.05,1277.3065
2023-03-13 16:15:00,1670.05,1680.47,1662.92,1664.33,1426.3628
2023-03-13 16:30:00,1664.33,1666.18,1647.83,1665.86,1960.3979
2023-03-13 16:45:00,1665.86,1666.53,1658.55,1663.95,1703.6963
2023-03-13 17:00:00,1663.95,1664.2,1651.61,1657.38,1679.1867
2023-03-13 17:15:00,1657.38,1662.82,1654.91,1662.82,2507.9489
2023-03-13 17:30:00,1662.82,1672.35,1662.76,1672.24,2154.28
2023-03-13 17:45:00,1672.24,1672.96,1665.62,1669.39,1747.1801
2023-03-13 18:00:00,1669.39,1674.04,1661.27,1670.45,1915.5507
2023-03-13 18:15:00,1670.45,1674.29,1668.77,1670.91,1441.2621
2023-03-13 18:30:00,1670.91,1673.96,1665.88,1671.88,1260.064
2023-03-13 18:45:00,1671.88,1677.11,1669.43,1676.86,1185.0314
2023-03-13 19:00:00,1676.86,1684.97,1674.04,1679.45,1490.3743
2023-03-13 19:15:00,1679.45,1680.15,1670.36,1671.5,726.7733
2023-03-13 19:30:00,1671.5,1684.71,1671.5,1682.39,971.0271
2023-03-13 19:45:00,1682.39,1683.15,1673.21,1677.68,792.6117
2023-03-13 20:00:00,1677.68,1679.03,1667.12,1668.61,985.1546
2023-03-13 20:15:00,1668.61,1672.45,1663.82,1664.07,1097.7687
2023-03-13 20:30:00,1664.07,1668.31,1661.68,1666.21,1090.4949
2023-03-13 20:45:00,1666.21,1667.61,1660.64,1665.44,1231.9487
2023-03-13 21:00:00,1665.44,1673.26,1665.11,1672.66,989.9618
2023-03-13 21:15:00,1672.66,1673.04,1662.34,1664.35,766.7937
2023-03-13 21:30:00,1664.35,1669.76,1664.16,1668.26,771.9627
2023-03-13 21:45:00,1668.26,1671.92,1666.35,1667.1,771.3667
2023-03-13 22:00:00,1667.1,1679.67,1667.1,1678.5,688.1616
2023-03-13 22:15:00,1678.5,1679.81,1674.49,1679.81,1150.1443
2023-03-13 22:30:00,1679.81,1681.42,1677.23,1678.76,1301.2985
2023-03-13 22:45:00,1678.76,1680.84,1674.6,1680.53,1082.4971
2023-03-13 23:00:00,1680.53,1680.92,1675.79,1676.32,1421.4008
2023-03-13 23:15:00,1676.32,1676.59,1661.57,1666.66,1629.9599
2023-03-13 23:30:00,1666.66,1672.67,1662.1,1672.66,1725.5695
2023-03-13 23:45:00,1672.66,1674.12,1670.34,1673.5,1327.202
2023-03-14 00:00:00,1673.5,1675.17,1666.53,1667.64,1800.6224
2023-03-14 00:15:00,1667.64,1676.93,1666.8,1675.48,1158.2913
2023-03-14 00:30:00,1675.48,1676.99,1670.35,1671.82,1342.6104
2023-03-14 00:45:00,1671.82,1678.6,1666.52,1667.6,1617.5338
2023-03-14 01:00:00,1667.6,1669.88,1663.74,1665.2,1108.3934
2023-03-14 01:15:00,1665.2,1674.41,1664.73,1674.27,1313.8203
2023-03-14 01:30:00,1674.27,1674.27,1665.5,1669.99,1487.4143
2023-03-14 01:45:00,1669.99,1676.95,1669.91,1675.31,1319.3329
2023-03-14 02:00:00,1675.31,1683.49,1673.8,1674.52,1314.9394
2023-03-14 02:15:00,1674.52,1679.45,1671.45,1672.97,921.4784
2023-03-14 02:30:00,1672.97,1673.9,1671.45,1672.36,968.474
2023-03-14 02:45:00,1672.36,1673.4,1669.62,1669.75,978.7212
2023-03-14 03:00:00,1669.75,1671.11,1668.0,1669.9,896.9192
2023-03-14 03:15:00,1669.9,1673.81,1669.82,1673.51,2041.9518
2023-03-14 03:30:00,1673.51,1677.49,1672.6,1676.48,1752.6452
2023-03-14 03:45:00,1676.48,1677.6,1675.54,1677.05,1815.1654
2023-03-14 04:00:00,1677.05,1677.4,1672.97,1675.76,1555.5801
2023-03-14 04:15:00,1675.76,1675.96,1673.25,1674.63,790.0275
2023-03-14 04:30:00,1674.63,1674.96,1670.67,1671.26,700.004
2023-03-14 04:45:00,1671.26,1675.36,1670.91,1675.06,837.397
2023-03-14 05:00:00,1675.06,1694.0,1674.27,1689.41,912.2561
2023-03-14 05:15:00,1689.41,1691.22,1666.37,1672.07,1178.6921
2023-03-14 05:30:00,1672.07,1677.45,1667.3,1668.7,1171.4398
2023-03-14 05:45:00,1668.7,1674.11,1667.96,1671.84,1014.6742
2023-03-14 06:00:00,1671.84,1678.27,1669.13,1671.74,732.4284
2023-03-14 06:15:00,1671.74,1675.65,1671.18,1674.47,1745.7069
2023-03-14 06:30:00,1674.47,1675.94,1671.35,1671.45,1623.3595
2023-03-14 06:45:00,1671.45,1674.02,1670.58,1672.41,1887.4593
2023-03-14 07:00:00,1672.41,1676.43,1672.07,1675.11,1839.2995
2023-03-14 07:15:00,1675.11,1675.26,1668.53,1668.53,1442.3754
2023-03-14 07:30:00,1668.53,1670.63,1666.04,1667.1,1268.8472
2023-03-14 07:45:00,1667.1,1669.75,1660.22,1666.87,1255.3741
2023-03-14 08:00:00,1666.87,1668.27,1655.56,1658.98,1429.8562
2023-03-14 08:15:00,1658.98,1667.89,1657.95,1667.31,1738.9735
2023-03-14 08:30:00,1667.31,1669.75,1665.0,1665.56,1363.692
2023-03-14 08:45:00,1665.56,1667.79,1664.47,1665.83,1682.937
2023-03-14 09:00:00,1665.83,1666.95,1661.54,1665.14,1680.938
2023-03-14 09:15:00,1665.14,1665.88,1662.39,1662.87,1784.7194
2023-03-14 09:30:00,1662.87,1667.44,1661.35,1666.76,1966.7657
2023-03-14 09:45:00,1666.76,1668.53,1665.75,1667.81,1916.5643
2023-03-14 10:00:00,1667.81,1669.62,1666.32,1666.49,1448.9474
2023-03-14 10:15:00,1666.49,1674.52,1664.84,1672.13,1344.7649
2023-03-14 10:30:00,1672.13,1675.33,1670.97,1673.63,1292.613
2023-03-14 10:45:00,1673.63,1683.43,1672.69,1680.9,1322.4026
2023-03-14 11:00:00,1680.9,1683.88,1674.12,1682.32,1186.0043
2023-03-14 11:15:00,1682.32,1689.43,1676.3,1677.67,1514.709
2023-03-14 11:30:00,1677.67,1683.92,1675.98,1682.21,1222.4036
2023-03-14 11:45:00,1682.21,1685.96,1680.5,1683.58,1326.3389
2023-03-14 12:00:00,1683.58,1687.0,1678.32,1680.8,1190.1341
2023-03-14 12:15:00,1680.8,1684.58,1678.32,1678.32,1438.2281
2023-03-14 12:30:00,1678.32,1718.89,1673.26,1714.36,1838.9715
2023-03-14 12:45:00,1714.36,1739.4,1707.18,1733.93,1689.0621
2023-03-14 13:00:00,1733.93,1765.55,1733.93,1762.99,1802.4234
2023-03-14 13:15:00,1762.99,1762.99,1731.91,1736.5,897.8766
2023-03-14 13:30:00,1736.5,1749.12,1735.17,1738.96,970.577
2023-03-14 13:45:00,1738.96,1746.24,1725.72,1732.94,774.9591
2023-03-14 14:00:00,1732.94,1737.44,1722.56,1737.07,715.6347
2023-03-14 14:15:00,1737.07,1743.08,1732.45,1743.08,1031.9537
2023-03-14 14:30:00,1743.08,1743.93,1736.91,1741.54,931.0915
2023-03-14 14:45:00,1741.54,1775.99,1741.54,1760.13,980.2813
2023-03-14 15:00:00,1760.13,1773.49,1755.16,1769.86,856.1981
2023-03-14 15:15:00,1769.86,1776.31,1758.35,1760.15,966.5755
2023-03-14 15:30:00,1760.15,1767.59,1759.68,1763.11,1084.4413
2023-03-14 15:45:00,1763.11,1771.11,1763.11,1769.81,898.3109
2023-03-14 16:00:00,1769.81,1774.47,1763.41,1772.15,1103.0739
2023-03-14 16:15:00,1772.15,1772.63,1750.75,1752.03,949.0105
2023-03-14 16:30:00,1752.03,1758.52,1751.37,1757.52,726.1417
2023-03-14 16:45:00,1757.52,1766.48,1757.17,1764.03,740.3716
2023-03-14 17:00:00,1764.03,1766.61,1757.37,1764.06,804.6397
2023-03-14 17:15:00,1764.06,1764.77,1750.71,1755.32,979.7128
2023-03-14 17:30:00,1755.32,1759.33,1751.26,1753.48,967.4945
2023-03-14 17:45:00,1753.48,1758.71,1748.79,1755.71,968.1683
2023-03-14 18:00:00,1755.71,1757.04,1734.0,1737.06,1201.9393
2023-03-14 18:15:00,1737.06,1750.75,1737.06,1750.2,983.0906
2023-03-14 18:30:00,1750.2,1754.55,1744.8,1746.84,935.444
2023-03-14 18:45:00,1746.84,1748.02,1726.4,1728.0,1032.6355
2023-03-14 19:00:00,1728.0,1736.99,1707.2,1707.2,1060.3806
2023-03-14 19:15:00,1707.2,1717.45,1689.52,1696.69,1532.3587
2023-03-14 19:30:00,1696.69,1707.69,1691.79,1701.56,1266.554
2023-03-14 19:45:00,1701.56,1725.4,1695.21,1722.32,1500.5731
2023-03-14 20:00:00,1722.32,1726.71,1711.9,1713.67,1268.7924
2023-03-14 20:15:00,1713.67,1718.38,1708.91,1715.02,2089.2224
2023-03-23 04:15:00,1738.52,1738.71,1736.47,1738.1,606.2483
2023-03-23 04:30:00,1738.1,1739.31,1735.36,1736.24,802.296
2023-03-23 04:45:00,1736.24,1738.61,1730.39,1731.57,831.4974
2023-03-23 05:00:00,1731.57,1735.09,1730.53,1733.88,744.6785
2023-03-23 05:15:00,1733.88,1738.26,1733.75,1738.1,565.9642
2023-03-23 05:30:00,1738.1,1748.71,1737.7,1745.64,665.204
2023-03-23 05:45:00,1745.64,1751.47,1743.84,1749.18,477.157
2023-03-23 06:00:00,1749.18,1752.26,1746.32,1750.51,556.3648
2023-03-23 06:15:00,1750.51,1753.33,1748.92,1750.4,1025.259
2023-03-23 06:30:00,1750.4,1752.27,1749.65,1750.76,994.5863
2023-03-23 06:45:00,1750.76,1751.5,1749.22,1750.66,1142.9454
2023-03-23 07:00:00,1750.66,1751.22,1746.61,1747.68,1083.5085
2023-03-23 07:15:00,1747.68,1748.65,1745.01,1746.95,1173.747
2023-03-23 07:30:00,1746.95,1749.55,1746.27,1749.5,1340.8394
2023-03-23 07:45:00,1749.5,1750.98,1747.47,1750.82,1121.8173
2023-03-23 08:00:00,1750.82,1756.38,1750.76,1751.82,1074.1196
2023-03-23 08:15:00,1751.82,1753.27,1749.67,1750.55,894.9099
2023-03-23 08:30:00,1750.55,1751.88,1748.15,1751.87,886.9938
2023-03-23 08:45:00,1751.87,1753.19,1750.54,1751.27,1042.829
2023-03-23 09:00:00,1751.27,1751.81,1749.22,1750.39,1051.9664
2023-03-23 09:15:00,1750.39,1751.95,1748.91,1751.6,875.3142
2023-03-23 09:30:00,1751.6,1752.62,1750.34,1752.08,726.1893
2023-03-23 09:45:00,1752.08,1755.9,1750.53,1755.01,862.1169
2023-03-23 10:00:00,1755.01,1758.75,1754.1,1754.19,590.0929
2023-03-23 10:15:00,1754.19,1754.75,1751.06,1752.16,869.9552
2023-03-23 10:30:00,1752.16,1754.63,1751.78,1752.79,819.159
2023-03-23 10:45:00,1752.79,1753.28,1750.47,1751.0,800.065
2023-03-23 11:00:00,1751.0,1751.33,1746.38,1747.04,933.2981
2023-03-23 11:15:00,1747.04,1748.7,1744.83,1747.07,1175.8164
2023-03-23 11:30:00,1747.07,1749.9,1746.59,1749.84,1040.3755
2023-03-23 11:45:00,1749.84,1756.95,1749.84,1754.83,1181.1621
2023-03-23 12:00:00,1754.83,1757.49,1752.38,1756.68,1148.3066
2023-03-23 12:15:00,1756.68,1757.27,1752.42,1752.86,906.7636
2023-03-23 12:30:00,1752.86,1755.67,1749.95,1750.69,868.1263
2023-03-23 12:45:00,1750.69,1754.23,1750.48,1751.14,867.7463
2023-03-23 13:00:00,1751.14,1752.01,1747.73,1749.93,1020.2739
2023-03-23 13:15:00,1749.93,1749.93,1744.27,1745.52,731.7037
2023-03-23 13:30:00,1745.52,1752.02,1741.64,1746.19,859.9419
2023-03-23 13:45:00,1746.19,1749.87,1742.51,1747.52,960.278
2023-03-23 14:00:00,1747.52,1750.78,1744.23,1750.74,680.7966
2023-03-23 14:15:00,1750.74,1751.89,1746.48,1748.51,604.7992
2023-03-23 14:30:00,1748.51,1751.86,1746.84,1751.68,595.8073
2023-03-23 14:45:00,1751.68,1804.4,1751.33,1803.18,770.9489
2023-03-23 15:00:00,1803.18,1833.84,1802.13,1828.6,669.8176
2023-03-23 15:15:00,1828.6,1855.56,1828.6,1831.63,656.9574
2023-03-23 15:30:00,1831.63,1846.7,1831.63,1835.78,687.3382
2023-03-23 15:45:00,1835.78,1843.36,1835.78,1836.69,506.1733
2023-03-23 16:00:00,1836.69,1840.99,1825.87,1829.81,682.9025
2023-03-23 16:15:00,1829.81,1834.71,1823.09,1826.51,815.4131
2023-03-23 16:30:00,1826.51,1829.11,1822.36,1825.06,792.5938
2023-03-23 16:45:00,1825.06,1830.77,1823.79,1828.37,734.7725
2023-03-23 17:00:00,1828.37,1831.71,1818.05,1823.87,769.4482
2023-03-23 17:15:00,1823.87,1826.64,1815.79,1818.74,823.4557
2023-03-23 17:30:00,1818.74,1829.53,1818.46,1828.91,947.7251
2023-03-23 17:45:00,1828.91,1830.62,1823.51,1826.3,1121.2387
2023-03-23 18:00:00,1826.3,1829.49,1823.81,1828.22,898.1718
2023-03-23 18:15:00,1828.22,1829.17,1818.18,1819.88,807.3902
2023-03-23 18:30:00,1819.88,1821.61,1812.29,1813.13,864.5302
2023-03-23 18:45:00,1813.13,1816.96,1794.15,1802.01,1010.0541
2023-03-23 19:00:00,1802.01,1808.96,1793.83,1802.01,912.101
2023-03-23 19:15:00,1802.01,1804.28,1793.81,1800.81,1116.4511
2023-03-23 19:30:00,1800.81,1809.7,1798.78,1809.7,1238.6594
2023-03-23 19:45:00,1809.7,1823.4,1808.39,1820.91,1144.9732
2023-03-23 20:00:00,1820.91,1820.91,1809.09,1811.18,1275.7662
2023-03-23 20:15:00,1811.18,1812.65,1805.9,1810.34,886.2965
2023-03-23 20:30:00,1810.34,1816.38,1808.1,1814.83,777.8653
2023-03-23 20:45:00,1814.83,1815.99,1809.8,1815.75,701.101
2023-03-23 21:00:00,1815.75,1815.75,1810.84,1813.97,902.8549
2023-03-23 21:15:00,1813.97,1813.97,1804.48,1811.22,1142.6126
2023-03-23 21:30:00,1811.22,1812.79,1807.86,1811.95,1327.5345
2023-03-23 21:45:00,1811.95,1815.31,1809.99,1814.1,1419.646
2023-03-23 22:00:00,1814.1,1814.69,1810.42,1811.87,995.1457
2023-03-23 22:15:00,1811.87,1814.78,1803.37,1806.81,740.6299
2023-03-23 22:30:00,1806.81,1810.15,1805.45,1810.14,666.6504
2023-03-23 22:45:00,1810.14,1810.24,1804.77,1808.61,644.8908
2023-03-23 23:00:00,1808.61,1814.41,1807.14,1813.75,584.1125
2023-03-23 23:15:00,1813.75,1820.53,1812.32,1816.33,1232.1287
2023-03-23 23:30:00,1816.33,1818.97,1814.91,1815.72,1170.8874
2023-03-23 23:45:00,1815.72,1816.18,1813.14,1813.82,1059.1166
2023-03-24 00:00:00,1813.82,1816.11,1812.84,1814.39,1175.3555
2023-03-24 00:15:00,1814.39,1818.5,1814.18,1815.42,1167.9812
2023-03-24 00:30:00,1815.42,1818.0,1814.54,1815.97,1106.3535
2023-03-24 00:45:00,1815.97,1816.71,1809.43,1810.3,796.6484
2023-03-24 01:00:00,1810.3,1811.48,1806.68,1810.05,1005.897
2023-03-24 01:15:00,1810.05,1814.34,1810.05,1814.1,1423.3393
2023-03-24 01:30:00,1814.1,1817.99,1812.6,1817.35,1063.3644
2023-03-24 01:45:00,1817.35,1817.71,1814.88,1815.19,1369.9978
2023-03-24 02:00:00,1815.19,1818.0,1815.03,1817.61,1536.5175
2023-03-24 02:15:00,1817.61,1817.66,1816.0,1816.84,1106.3421
2023-03-24 02:30:00,1816.84,1817.85,1812.72,1813.96,991.9087
2023-03-24 02:45:00,1813.96,1814.79,1809.05,1809.5,1194.0193
2023-03-24 03:00:00,1809.5,1811.04,1809.28,1810.25,1418.3186
2023-03-24 03:15:00,1810.25,1812.24,1809.09,1811.59,1137.0852
2023-03-24 03:30:00,1811.59,1813.32,1809.77,1812.14,1075.0203
2023-03-24 03:45:00,1812.14,1812.84,1811.44,1812.42,1192.4973
2023-03-24 04:00:00,1812.42,1815.13,1811.99,1813.37,1177.6579
2023-03-24 04:15:00,1813.37,1814.25,1811.77,1811.77,630.3761
2023-03-24 04:30:00,1811.77,1811.77,1806.23,1807.56,705.886
2023-03-24 04:45:00,1807.56,1809.87,1803.45,1804.65,660.9902
2023-03-24 05:00:00,1804.65,1808.95,1804.31,1808.46,668.6729
2023-03-24 05:15:00,1808.46,1810.35,1808.46,1809.99,587.351
2023-03-24 05:30:00,1809.99,1813.07,1809.83,1810.4,640.2754
2023-03-24 05:45:00,1810.4,1812.44,1810.03,1811.72,638.474
2023-03-24 06:00:00,1811.72,1812.94,1810.95,1812.88,589.0594
2023-03-24 06:15:00,1812.88,1814.44,1810.53,1814.41,1028.5783
2023-03-24 06:30:00,1814.41,1814.41,1811.97,1812.53,1068.931
2023-03-24 06:45:00,1812.53,1813.85,1812.05,1813.19,1219.7967
2023-03-24 07:00:00,1813.19,1816.38,1812.29,1812.85,933.7146
2023-03-24 07:15:00,1812.85,1814.81,1809.05,1811.63,723.5927
2023-03-24 07:30:00,1811.63,1813.03,1811.61,1812.84,715.0837
2023-03-24 07:45:00,1812.84,1817.35,1812.83,1815.15,600.6553
2023-03-24 08:00:00,1815.15,1816.6,1803.79,1807.14,658.8248
2023-03-24 08:15:00,1807.14,1809.96,1805.14,1807.05,839.018
2023-03-24 08:30:00,1807.05,1808.37,1797.53,1802.44,853.5453
2023-03-24 08:45:00,1802.44,1802.44,1788.23,1794.89,881.6053
2023-03-24 09:00:00,1794.89,1797.94,1791.01,1791.29,957.0264
2023-03-24 09:15:00,1791.29,1799.81,1791.04,1798.98,1308.6053
2023-03-24 09:30:00,1798.98,1799.65,1788.97,1792.28,1231.8476
2023-03-24 09:45:00,1792.28,1792.63,1782.76,1786.82,982.4069
2023-03-24 10:00:00,1786.82,1788.68,1778.48,1782.77,1012.0828
2023-03-24 10:15:00,1782.77,1787.92,1780.66,1783.49,1189.0897
2023-03-24 10:30:00,1783.49,1787.39,1782.12,1786.55,1384.5789
2023-03-24 10:45:00,1786.55,1788.36,1784.63,1787.43,1209.7626
2023-03-24 11:00:00,1787.43,1787.49,1783.37,1787.43,1250.1085
2023-03-24 11:15:00,1787.43,1789.69,1784.85,1789.24,601.0087
2023-03-24 11:30:00,1789.24,1789.52,1786.44,1786.86,549.1266
2023-03-24 11:45:00,1786.86,1786.86,1732.37,1747.53,636.4306
2023-03-24 12:00:00,1747.53,1764.44,1743.67,1761.54,642.6457
2023-03-24 12:15:00,1761.54,1783.54,1760.73,1773.07,1199.1144
2023-03-24 12:30:00,1773.07,1778.22,1763.65,1775.5,1252.0994
2023-03-24 12:45:00,1775.5,1777.24,1770.95,1772.35,1196.7564
2023-03-24 13:00:00,1772.35,1773.49,1767.52,1768.51,1150.2714
2023-03-24 13:15:00,1768.51,1772.32,1761.81,1771.53,805.6559
2023-03-24 13:30:00,1771.53,1772.2,1757.46,1761.93,906.9166
2023-03-24 13:45:00,1761.93,1768.7,1750.32,1767.03,1001.2563
2023-03-24 14:00:00,1767.03,1780.0,1756.73,1777.49,906.0663
2023-03-24 14:15:00,1777.49,1777.49,1766.96,1773.66,579.0078
2023-03-24 14:30:00,1773.66,1781.82,1764.44,1766.52,522.5552
2023-03-24 14:45:00,1766.52,1769.12,1762.97,1762.97,617.2033
2023-03-24 15:00:00,1762.97,1764.87,1753.23,1755.73,619.4511
2023-03-24 15:15:00,1755.73,1764.14,1755.55,1763.53,989.9015
2023-03-24 15:30:00,1763.53,1765.36,1758.44,1761.49,1174.3306
2023-03-24 15:45:00,1761.49,1770.37,1761.43,1766.97,1084.7355
2023-03-24 16:00:00,1766.97,1769.67,1762.35,1766.5,1210.2659
2023-03-24 16:15:00,1766.5,1768.34,1763.79,1766.5,929.0027
2023-03-24 16:30:00,1766.5,1767.3,1760.44,1764.67,910.4328
2023-03-24 16:45:00,1764.67,1767.24,1762.61,1762.61,1008.8558
2023-03-24 17:00:00,1762.61,1764.46,1756.0,1757.46,1007.1164
2023-03-24 17:15:00,1757.46,1760.04,1735.56,1742.91,684.2774
2023-03-24 17:30:00,1742.91,1747.82,1733.16,1736.42,514.481
2023-03-24 17:45:00,1736.42,1740.43,1726.67,1737.5,649.4449
2023-03-24 18:00:00,1737.5,1743.17,1736.64,1740.02,676.3248
2023-03-24 18:15:00,1740.02,1743.67,1738.57,1743.67,637.5551
2023-03-24 18:30:00,1743.67,1748.74,1739.1,1747.4,697.9419
2023-03-24 18:45:00,1747.4,1766.11,1745.45,1756.03,685.2021
2023-03-24 19:00:00,1756.03,1759.03,1752.38,1758.11,642.5164
2023-03-24 19:15:00,1758.11,1765.97,1757.57,1763.71,811.9355
2023-03-24 19:30:00,1763.71,1766.91,1761.78,1763.14,704.3961
2023-03-24 19:45:00,1763.14,1764.05,1760.17,1763.82,736.0365
2023-03-24 20:00:00,1763.82,1764.03,1756.35,1759.16,619.4032
2023-03-24 20:15:00,1759.16,1761.69,1752.21,1753.13,718.7842
2023-03-24 20:30:00,1753.13,1756.09,1740.31,1742.96,659.1366
2023-03-24 20:45:00,1742.96,1752.38,1740.96,1748.5,559.4898
2023-03-24 21:00:00,1748.5,1750.21,1735.0,1742.12,694.6456
2023-03-24 21:15:00,1742.12,1743.46,1729.0,1732.83,729.329
2023-03-24 21:30:00,1732.83,1744.68,1729.43,1741.69,646.4827
2023-03-24 21:45:00,1741.69,1746.99,1741.49,1745.3,692.3668
2023-03-24 22:00:00,1745.3,1748.76,1741.86,1747.75,592.7942
2023-03-24 22:15:00,1747.75,1748.76,1743.86,1748.76,1218.3973
2023-03-24 22:30:00,1748.76,1748.96,1744.4,1744.4,1222.9147
2023-03-24 22:45:00,1744.4,1746.79,1742.72,1743.0,1114.9219
2023-03-24 23:00:00,1743.0,1747.01,1742.15,1746.57,1039.9974
2023-03-24 23:15:00,1746.57,1753.7,1744.92,1750.8,782.3265
2023-03-24 23:30:00,1750.8,1751.69,1746.31,1748.79,772.8143
2023-03-24 23:45:00,1748.79,1750.29,1746.53,1749.56,782.1757
2023-03-25 00:00:00,1749.56,1751.39,1746.6,1751.39,711.6988
2023-03-25 00:15:00,1751.39,1753.84,1749.78,1753.84,608.8705
2023-03-25 00:30:00,1753.84,1758.32,1753.4,1756.87,755.4398
2023-03-25 00:45:00,1756.87,1757.49,1755.13,1756.28,740.3548
2023-03-25 01:00:00,1756.28,1757.0,1754.92,1755.0,837.0667
2023-03-25 01:15:00,1755.0,1755.34,1750.48,1754.4,784.3934
2023-03-25 01:30:00,1754.4,1754.76,1749.57,1751.62,927.0487
2023-03-25 01:45:00,1751.62,1753.84,1750.49,1753.71,779.3771
2023-03-25 02:00:00,1753.71,1756.54,1753.06,1756.54,791.3913
2023-03-25 02:15:00,1756.54,1762.42,1756.0,1761.21,1494.9611
2023-03-25 02:30:00,1761.21,1761.93,1757.87,1758.09,1232.5606
2023-03-25 02:45:00,1758.09,1759.47,1757.85,1758.64,1227.2754
2023-03-25 03:00:00,1758.64,1759.0,1756.59,1757.72,1257.9713
2023-03-25 03:15:00,1757.72,1759.07,1756.28,1756.95,651.0429
2023-03-25 03:30:00,1756.95,1757.87,1755.01,1755.86,784.6848
2023-03-25 03:45:00,1755.86,1756.72,1754.1,1756.04,579.9722
2023-03-25 04:00:00,1756.04,1756.87,1754.04,1754.68,690.7291
2023-03-25 04:15:00,1754.68,1758.55,1754.4,1758.42,936.8209
2023-03-25 04:30:00,1758.42,1758.54,1754.27,1755.88,934.7257
2023-03-25 04:45:00,1755.88,1755.88,1750.24,1753.37,1003.8878
2023-03-25 05:00:00,1753.37,1754.18,1751.87,1754.18,930.8473
2023-03-25 05:15:00,1754.18,1754.74,1752.52,1752.7,788.6109
2023-03-25 05:30:00,1752.7,1753.22,1746.69,1746.79,762.09
2023-03-25 05:45:00,1746.79,1747.92,1742.01,1744.04,796.6104
2023-03-25 06:00:00,1744.04,1747.28,1742.12,1746.72,894.464
2023-04-02 14:00:00,1813.84,1815.12,1812.03,1812.22,141.3296
2023-04-02 14:15:00,1812.22,1816.47,1811.55,1816.11,232.3081
2023-04-02 14:30:00,1816.11,1816.98,1815.01,1815.01,197.2048
2023-04-02 14:45:00,1815.01,1816.07,1812.9,1812.92,220.5671
2023-04-02 15:00:00,1812.92,1813.18,1793.52,1796.97,346.233
2023-04-02 15:15:00,1796.97,1797.94,1789.63,1795.01,216.5591
2023-04-02 15:30:00,1795.01,1797.78,1792.96,1795.52,181.4626
2023-04-02 15:45:00,1795.52,1798.05,1793.92,1797.57,167.226
2023-04-02 16:00:00,1797.57,1798.39,1795.29,1796.07,174.9404
2023-04-02 16:15:00,1796.07,1796.56,1792.42,1793.13,193.6626
2023-04-02 16:30:00,1793.13,1795.6,1786.0,1793.98,210.9038
2023-04-02 16:45:00,1793.98,1795.48,1792.25,1795.27,151.3011
2023-04-02 17:00:00,1795.27,1797.42,1795.16,1796.89,198.1297
2023-04-02 17:15:00,1796.89,1798.37,1796.53,1796.53,244.7154
2023-04-02 17:30:00,1796.53,1803.64,1796.49,1802.71,247.6955
2023-04-02 17:45:00,1802.71,1803.8,1801.08,1801.58,215.4204
2023-04-02 18:00:00,1801.58,1801.99,1800.78,1801.58,238.417
2023-04-02 18:15:00,1801.58,1801.61,1798.58,1799.73,165.6199
2023-04-02 18:30:00,1799.73,1801.75,1798.75,1800.59,157.6084
2023-04-02 18:45:00,1800.59,1800.6,1797.62,1797.83,155.872
2023-04-02 19:00:00,1797.83,1797.99,1795.13,1795.99,155.5889
2023-04-02 19:15:00,1795.99,1795.99,1793.19,1793.24,176.5444
2023-04-02 19:30:00,1793.24,1793.72,1772.4,1779.91,276.1826
2023-04-02 19:45:00,1779.91,1784.49,1777.05,1781.52,191.8303
2023-04-02 20:00:00,1781.52,1783.29,1777.72,1781.96,200.383
2023-04-02 20:15:00,1781.96,1785.85,1780.06,1785.39,178.155
2023-04-02 20:30:00,1785.39,1788.19,1784.54,1788.14,179.1539
2023-04-02 20:45:00,1788.14,1789.7,1786.5,1788.43,162.6085
2023-04-02 21:00:00,1788.43,1792.92,1787.8,1791.5,171.471
2023-04-02 21:15:00,1791.5,1792.01,1787.48,1791.34,143.9136
2023-04-02 21:30:00,1791.34,1792.11,1789.06,1789.24,204.3105
2023-04-02 21:45:00,1789.24,1789.24,1783.54,1786.93,219.3489
2023-04-02 22:00:00,1786.93,1787.51,1781.23,1781.93,201.5219
2023-04-02 22:15:00,1781.93,1787.54,1778.58,1786.37,120.7437
2023-04-02 22:30:00,1786.37,1786.83,1783.38,1786.2,127.9202
2023-04-02 22:45:00,1786.2,1793.75,1786.16,1793.35,126.8132
2023-04-02 23:00:00,1793.35,1795.13,1791.61,1793.17,153.6241
2023-04-02 23:15:00,1793.17,1794.18,1790.84,1793.27,237.5681
2023-04-02 23:30:00,1793.27,1794.89,1791.85,1792.85,251.3839
2023-04-02 23:45:00,1792.85,1795.61,1792.85,1794.46,244.4963
2023-04-03 00:00:00,1794.46,1794.6,1792.79,1793.42,233.8857
2023-04-03 00:15:00,1793.42,1794.39,1790.69,1793.37,254.3352
2023-04-03 00:30:00,1793.37,1793.37,1787.03,1789.2,353.0458
2023-04-03 00:45:00,1789.2,1790.95,1787.99,1790.95,325.5185
2023-04-03 01:00:00,1790.95,1792.81,1788.58,1788.75,374.1843
2023-04-03 01:15:00,1788.75,1789.14,1785.24,1785.47,356.9651
2023-04-03 01:30:00,1785.47,1786.63,1766.23,1769.48,424.9489
2023-04-03 01:45:00,1769.48,1771.97,1763.39,1771.97,432.2063
2023-04-03 02:00:00,1771.97,1775.54,1769.39,1775.33,350.8175
2023-04-03 02:15:00,1775.33,1776.92,1773.84,1774.49,325.3045
2023-04-03 02:30:00,1774.49,1777.1,1773.3,1776.72,319.1176
2023-04-03 02:45:00,1776.72,1777.98,1774.21,1775.17,253.6914
2023-04-03 03:00:00,1775.17,1775.88,1773.03,1775.55,391.1819
2023-04-03 03:15:00,1775.55,1776.47,1774.46,1776.47,180.9708
2023-04-03 03:30:00,1776.47,1777.51,1774.75,1777.42,185.6372
2023-04-03 03:45:00,1777.42,1778.94,1777.15,1778.37,180.7421
2023-04-03 04:00:00,1778.37,1778.87,1776.96,1776.97,191.0136
2023-04-03 04:15:00,1776.97,1776.97,1773.9,1775.62,215.5952
2023-04-03 04:30:00,1775.62,1776.61,1773.36,1773.51,194.44
2023-04-03 04:45:00,1773.51,1777.34,1772.97,1777.32,195.0144
2023-04-03 05:00:00,1777.32,1777.5,1776.49,1776.81,180.36
2023-04-03 05:15:00,1776.81,1779.36,1776.78,1779.36,182.8546
2023-04-03 05:30:00,1779.36,1782.31,1779.08,1781.01,175.0123
2023-04-03 05:45:00,1781.01,1781.01,1777.13,1778.28,213.2193
2023-04-03 06:00:00,1778.28,1779.87,1777.66,1779.69,185.1173
2023-04-03 06:15:00,1779.69,1781.86,1779.69,1780.83,150.1918
2023-04-03 06:30:00,1780.83,1783.01,1780.48,1781.58,125.1691
2023-04-03 06:45:00,1781.58,1786.13,1781.54,1785.99,153.9114
2023-04-03 07:00:00,1785.99,1789.7,1785.59,1788.39,152.4997
2023-04-03 07:15:00,1788.39,1794.28,1788.39,1791.88,212.4575
2023-04-03 07:30:00,1791.88,1793.17,1790.55,1790.55,234.0708
2023-04-03 07:45:00,1790.55,1794.77,1790.05,1794.77,200.7872
2023-04-03 08:00:00,1794.77,1807.46,1794.77,1804.43,303.3079
2023-04-03 08:15:00,1804.43,1817.14,1804.43,1814.1,304.541
2023-04-03 08:30:00,1814.1,1816.17,1811.21,1812.23,351.3874
2023-04-03 08:45:00,1812.23,1814.96,1807.69,1812.19,367.8717
2023-04-03 09:00:00,1812.19,1814.35,1810.85,1810.85,275.5093
2023-04-03 09:15:00,1810.85,1813.81,1809.03,1809.82,156.9766
2023-04-03 09:30:00,1809.82,1813.01,1809.06,1809.76,138.5728
2023-04-03 09:45:00,1809.76,1811.33,1809.26,1809.45,145.3567
2023-04-03 10:00:00,1809.45,1810.05,1807.32,1807.84,110.7264
2023-04-03 10:15:00,1807.84,1811.46,1807.84,1810.52,333.8567
2023-04-03 10:30:00,1810.52,1813.44,1809.08,1809.11,215.7591
2023-04-03 10:45:00,1809.11,1810.11,1804.27,1804.27,237.4235
2023-04-03 11:00:00,1804.27,1805.32,1801.64,1803.12,272.3087
2023-04-03 11:15:00,1803.12,1806.21,1803.11,1804.51,236.0573
2023-04-03 11:30:00,1804.51,1809.0,1803.06,1807.74,269.8784
2023-04-03 11:45:00,1807.74,1809.06,1805.4,1807.68,212.7908
2023-04-03 12:00:00,1807.68,1807.85,1805.42,1806.68,399.1502
2023-04-03 12:15:00,1806.68,1807.59,1802.1,1802.42,341.2475
2023-04-03 12:30:00,1802.42,1804.35,1798.72,1798.84,386.5519
2023-04-03 12:45:00,1798.84,1803.92,1797.66,1803.58,444.222
2023-04-03 13:00:00,1803.58,1804.44,1802.17,1803.33,392.5278
2023-04-03 13:15:00,1803.33,1808.8,1802.51,1807.78,311.3207
2023-04-03 13:30:00,1807.78,1808.77,1804.08,1807.41,282.4313
2023-04-03 13:45:00,1807.41,1821.05,1805.99,1807.98,276.6756
2023-04-03 14:00:00,1807.98,1810.67,1805.17,1808.09,422.2467
2023-04-03 14:15:00,1808.09,1808.92,1806.21,1808.86,209.4603
2023-04-03 14:30:00,1808.86,1809.79,1794.93,1800.68,217.5499
2023-04-03 14:45:00,1800.68,1801.2,1791.51,1792.97,327.0633
2023-04-03 15:00:00,1792.97,1795.42,1789.11,1790.43,299.5776
2023-04-03 15:15:00,1790.43,1799.71,1790.19,1797.18,161.6336
2023-04-03 15:30:00,1797.18,1799.79,1795.62,1795.62,138.7605
2023-04-03 15:45:00,1795.62,1798.76,1793.12,1796.87,133.3845
2023-04-03 16:00:00,1796.87,1802.04,1795.89,1799.92,128.9738
2023-04-03 16:15:00,1799.92,1800.76,1796.62,1797.3,257.9306
2023-04-03 16:30:00,1797.3,1798.29,1794.04,1795.11,244.6519
2023-04-03 16:45:00,1795.11,1797.01,1793.52,1793.71,250.9515
2023-04-03 17:00:00,1793.71,1796.1,1791.67,1795.85,225.6854
2023-04-03 17:15:00,1795.85,1797.48,1795.28,1796.88,254.4882
2023-04-03 17:30:00,1796.88,1806.56,1795.1,1800.62,293.1798
2023-04-03 17:45:00,1800.62,1803.84,1797.2,1800.57,357.2503
2023-04-03 18:00:00,1800.57,1803.82,1798.38,1799.77,471.7877
2023-04-03 18:15:00,1799.77,1814.2,1798.69,1812.45,282.9773
2023-04-03 18:30:00,1812.45,1832.74,1810.85,1828.92,406.0705
2023-04-03 18:45:00,1828.92,1839.53,1828.92,1831.78,274.8542
2023-04-03 19:00:00,1831.78,1837.93,1827.39,1830.25,263.1134
2023-04-03 19:15:00,1830.25,1830.54,1823.08,1824.56,475.1389
2023-04-03 19:30:00,1824.56,1828.8,1823.78,1828.51,370.779
2023-04-03 19:45:00,1828.51,1828.7,1814.45,1818.63,517.0864
2023-04-03 20:00:00,1818.63,1819.71,1784.0,1787.57,677.9764
2023-04-03 20:15:00,1787.57,1793.34,1780.91,1790.21,483.7563
2023-04-03 20:30:00,1790.21,1793.42,1783.17,1791.92,392.9288
2023-04-03 20:45:00,1791.92,1791.92,1776.4,1780.02,453.8693
2023-04-03 21:00:00,1780.02,1781.25,1769.27,1780.94,512.192
2023-04-03 21:15:00,1780.94,1787.99,1779.12,1782.31,397.7624
2023-04-03 21:30:00,1782.31,1790.38,1781.12,1790.38,389.9542
2023-04-03 21:45:00,1790.38,1798.0,1789.38,1794.99,394.0427
2023-04-03 22:00:00,1794.99,1800.33,1793.37,1799.43,440.6643
2023-04-03 22:15:00,1799.43,1815.58,1797.69,1811.63,430.2797
2023-04-03 22:30:00,1811.63,1813.16,1804.34,1805.05,294.9625
2023-04-03 22:45:00,1805.05,1807.3,1803.84,1806.19,257.7871
2023-04-03 23:00:00,1806.19,1818.05,1805.74,1807.84,281.0552
2023-04-03 23:15:00,1807.84,1813.12,1807.47,1809.6,365.4215
2023-04-03 23:30:00,1809.6,1813.79,1806.7,1813.79,365.4472
2023-04-03 23:45:00,1813.79,1815.37,1807.81,1810.5,300.2557
2023-04-04 00:00:00,1810.5,1813.08,1808.19,1810.63,361.9547
2023-04-04 00:15:00,1810.63,1816.27,1808.59,1808.8,512.7994
2023-04-04 00:30:00,1808.8,1811.44,1802.12,1805.98,490.3963
2023-04-04 00:45:00,1805.98,1808.82,1803.3,1804.98,490.5714
2023-04-04 01:00:00,1804.98,1806.73,1803.51,1805.87,407.5635
2023-04-04 01:15:00,1805.87,1814.07,1805.36,1814.07,237.6282
2023-04-04 01:30:00,1814.07,1814.54,1809.0,1810.58,318.7103
2023-04-04 01:45:00,1810.58,1811.35,1806.56,1807.33,282.1176
2023-04-04 02:00:00,1807.33,1809.04,1805.51,1809.03,229.7194
2023-04-04 02:15:00,1809.03,1811.94,1807.51,1811.94,249.8239
2023-04-04 02:30:00,1811.94,1813.07,1810.58,1810.86,240.8715
2023-04-04 02:45:00,1810.86,1810.97,1807.33,1807.83,254.506
2023-04-04 03:00:00,1807.83,1808.97,1807.35,1808.87,288.5896
2023-04-04 03:15:00,1808.87,1811.17,1807.34,1810.16,560.8728
2023-04-04 03:30:00,1810.16,1812.74,1808.7,1808.7,509.3766
2023-04-04 03:45:00,1808.7,1809.63,1807.52,1807.59,592.4707
2023-04-04 04:00:00,1807.59,1809.37,1807.53,1807.68,746.7732
2023-04-04 04:15:00,1807.68,1808.85,1806.54,1808.8,526.1609
2023-04-04 04:30:00,1808.8,1808.82,1803.23,1803.64,611.8323
2023-04-04 04:45:00,1803.64,1805.43,1803.13,1803.78,640.7134
2023-04-04 05:00:00,1803.78,1805.5,1803.74,1805.49,525.7311
2023-04-04 05:15:00,1805.49,1810.45,1805.49,1808.34,323.5673
2023-04-04 05:30:00,1808.34,1810.41,1807.78,1808.4,324.6866
2023-04-04 05:45:00,1808.4,1809.8,1808.05,1808.84,310.6989
2023-04-04 06:00:00,1808.84,1811.26,1808.21,1809.28,312.7225
2023-04-04 06:15:00,1809.28,1809.53,1807.69,1809.04,234.5516
2023-04-04 06:30:00,1809.04,1816.68,1807.75,1814.71,250.8926
2023-04-04 06:45:00,1814.71,1819.83,1812.98,1816.14,322.2308
2023-04-04 07:00:00,1816.14,1822.58,1816.14,1819.34,241.1745
2023-04-04 07:15:00,1819.34,1820.11,1815.71,1815.79,235.3427
2023-04-04 07:30:00,1815.79,1816.22,1808.58,1808.58,243.0473
2023-04-04 07:45:00,1808.58,1813.1,1808.55,1811.8,304.4249
2023-04-04 08:00:00,1811.8,1813.18,1811.8,1812.91,249.0809
2023-04-04 08:15:00,1812.91,1816.34,1811.02,1815.63,301.1461
2023-04-04 08:30:00,1815.63,1818.85,1814.86,1818.73,303.8049
2023-04-04 08:45:00,1818.73,1824.44,1818.31,1822.89,388.6761
2023-04-04 09:00:00,1822.89,1828.0,1820.7,1820.7,322.6321
2023-04-04 09:15:00,1820.7,1824.48,1820.0,1820.18,401.6191
2023-04-04 09:30:00,1820.18,1825.56,1820.18,1825.03,373.1209
2023-04-04 09:45:00,1825.03,1832.0,1823.64,1830.12,296.3613
2023-04-04 10:00:00,1830.12,1835.54,1828.19,1829.72,344.8002
2023-04-04 10:15:00,1829.72,1837.5,1829.67,1832.33,609.1908
2023-04-04 10:30:00,1832.33,1835.24,1830.16,1830.82,521.325
2023-04-04 10:45:00,1830.82,1833.92,1830.0,1831.95,545.8912
2023-04-04 11:00:00,1831.95,1874.71,1830.52,1862.42,864.6452
2023-04-04 11:15:00,1862.42,1872.99,1857.89,1863.54,624.1063
2023-04-04 11:30:00,1863.54,1868.8,1857.4,1861.35,583.0182
2023-04-04 11:45:00,1861.35,1866.09,1860.68,1864.46,477.3029
2023-04-04 12:00:00,1864.46,1868.98,1860.68,1862.56,665.9756
2023-04-04 12:15:00,1862.56,1868.86,1861.85,1867.18,557.5328
2023-04-04 12:30:00,1867.18,1872.71,1862.75,1865.65,573.7263
2023-04-04 12:45:00,1865.65,1869.82,1863.29,1869.13,607.9137
2023-04-04 13:00:00,1869.13,1889.0,1867.46,1875.81,619.9556
2023-04-04 13:15:00,1875.81,1882.25,1871.79,1875.32,368.801
2023-04-04 13:30:00,1875.32,1878.31,1866.99,1868.55,360.9816
2023-04-04 13:45:00,1868.55,1870.36,1857.98,1864.35,457.1132
2023-04-04 14:00:00,1864.35,1869.23,1864.35,1867.4,441.5983
2023-04-04 14:15:00,1867.4,1868.84,1859.88,1866.44,247.8384
2023-04-04 14:30:00,1866.44,1877.78,1866.44,1870.2,225.8805
2023-04-04 14:45:00,1870.2,1873.27,1863.16,1863.54,244.7284
2023-04-04 15:00:00,1863.54,1867.42,1860.65,1862.36,196.5906
2023-04-04 15:15:00,1862.36,1863.16,1852.67,1858.89,406.2335
2023-04-04 15:30:00,1858.89,1862.42,1856.2,1862.42,447.1796
2023-04-04 15:45:00,1862.42,1866.84,1862.42,1862.87,412.7078
2023-04-12 23:45:00,1919.88,1921.29,1916.25,1917.39,304.3226
2023-04-13 00:00:00,1917.39,1920.36,1915.74,1917.27,299.7895
2023-04-13 00:15:00,1917.27,1917.45,1907.86,1914.13,373.2471
2023-04-13 00:30:00,1914.13,1918.33,1914.13,1916.08,403.7186
2023-04-13 00:45:00,1916.08,1917.2,1907.61,1908.51,501.0332
2023-04-13 01:00:00,1908.51,1910.69,1901.86,1906.59,361.5494
2023-04-13 01:15:00,1906.59,1906.99,1901.35,1903.46,442.5993
2023-04-13 01:30:00,1903.46,1908.85,1900.06,1905.98,479.0164
2023-04-13 01:45:00,1905.98,1907.0,1905.05,1905.66,359.0864
2023-04-13 02:00:00,1905.66,1906.16,1899.68,1902.27,483.7952
2023-04-13 02:15:00,1902.27,1903.17,1900.35,1902.78,267.0178
2023-04-13 02:30:00,1902.78,1910.95,1901.65,1907.63,337.8967
2023-04-13 02:45:00,1907.63,1909.21,1905.52,1907.02,269.1147
2023-04-13 03:00:00,1907.02,1907.94,1905.66,1907.89,299.0953
2023-04-13 03:15:00,1907.89,1911.05,1906.22,1910.4,406.7788
2023-04-13 03:30:00,1910.4,1917.0,1909.68,1916.31,373.7789
2023-04-13 03:45:00,1916.31,1916.33,1912.22,1912.41,481.9721
2023-04-13 04:00:00,1912.41,1913.54,1911.16,1912.83,399.5299
2023-04-13 04:15:00,1912.83,1917.08,1912.1,1916.47,550.9877
2023-04-13 04:30:00,1916.47,1917.82,1913.38,1913.78,645.6156
2023-04-13 04:45:00,1913.78,1914.2,1913.0,1913.13,622.0893
2023-04-13 05:00:00,1913.13,1915.43,1912.59,1912.59,634.903
2023-04-13 05:15:00,1912.59,1915.5,1912.5,1915.4,463.5112
2023-04-13 05:30:00,1915.4,1917.12,1914.61,1916.56,497.1782
2023-04-13 05:45:00,1916.56,1919.88,1915.42,1918.8,622.1057
2023-04-13 06:00:00,1918.8,1920.59,1917.04,1918.91,509.0839
2023-04-13 06:15:00,1918.91,1919.56,1915.39,1916.55,499.9949
2023-04-13 06:30:00,1916.55,1917.92,1913.01,1914.04,568.9536
2023-04-13 06:45:00,1914.04,1914.04,1908.33,1910.46,538.7271
2023-04-13 07:00:00,1910.46,1913.77,1909.67,1913.75,530.4795
2023-04-13 07:15:00,1913.75,1915.95,1912.62,1915.95,493.5491
2023-04-13 07:30:00,1915.95,1918.99,1914.93,1918.13,497.8861
2023-04-13 07:45:00,1918.13,1925.41,1918.13,1922.01,687.6367
2023-04-13 08:00:00,1922.01,1926.3,1920.77,1921.11,441.5994
2023-04-13 08:15:00,1921.11,1925.88,1919.66,1925.44,403.889
2023-04-13 08:30:00,1925.44,1952.8,1925.09,1947.17,1006.3838
2023-04-13 08:45:00,1947.17,1976.89,1945.49,1963.26,994.1207
2023-04-13 09:00:00,1963.26,1988.54,1963.26,1982.52,684.8492
2023-04-13 09:15:00,1982.52,1993.84,1982.52,1985.59,843.8472
2023-04-13 09:30:00,1985.59,1989.08,1977.64,1979.82,721.2557
2023-04-13 09:45:00,1979.82,1984.34,1979.82,1981.32,662.3523
2023-04-13 10:00:00,1981.32,1984.23,1975.67,1976.15,564.8736
2023-04-13 10:15:00,1976.15,1983.63,1975.9,1982.83,351.4526
2023-04-13 10:30:00,1982.83,1992.0,1982.66,1986.62,393.5146
2023-04-13 10:45:00,1986.62,1991.83,1986.47,1986.8,362.6159
2023-04-13 11:00:00,1986.8,1995.06,1986.8,1987.81,444.4926
2023-04-13 11:15:00,1987.81,1988.49,1984.0,1987.8,563.7235
2023-04-13 11:30:00,1987.8,1988.1,1984.69,1987.8,501.162
2023-04-13 11:45:00,1987.8,1989.13,1984.58,1985.38,522.7427
2023-04-13 12:00:00,1985.38,1992.45,1985.38,1989.66,491.9807
2023-04-13 12:15:00,1989.66,2000.61,1989.36,1992.26,609.7954
2023-04-13 12:30:00,1992.26,2006.75,1990.0,2000.77,927.3474
2023-04-13 12:45:00,2000.77,2007.83,2000.0,2004.23,605.9892
2023-04-13 13:00:00,2004.23,2007.12,1996.66,1997.27,649.1165
2023-04-13 13:15:00,1997.27,2003.0,1994.51,2002.89,506.2672
2023-04-13 13:30:00,2002.89,2003.28,1995.5,1995.88,701.0929
2023-04-13 13:45:00,1995.88,1997.91,1991.43,1992.14,509.0274
2023-04-13 14:00:00,1992.14,1996.56,1991.16,1995.7,503.4143
2023-04-13 14:15:00,1995.7,1997.99,1994.31,1996.91,734.2062
2023-04-13 14:30:00,1996.91,2001.13,1995.44,1996.67,727.7767
2023-04-13 14:45:00,1996.67,2004.05,1996.64,2000.88,686.3006
2023-04-13 15:00:00,2000.88,2002.54,1991.73,1992.57,867.2774
2023-04-13 15:15:00,1992.57,1994.46,1990.28,1993.91,306.9482
2023-04-13 15:30:00,1993.91,1998.12,1991.79,1994.83,316.477
2023-04-13 15:45:00,1994.83,1998.09,1994.7,1997.21,320.6117
2023-04-13 16:00:00,1997.21,1999.99,1995.2,1995.25,323.985
2023-04-13 16:15:00,1995.25,1996.99,1991.19,1996.95,371.2719
2023-04-13 16:30:00,1996.95,1999.9,1995.55,1995.55,307.1398
2023-04-13 16:45:00,1995.55,2002.29,1994.61,2000.36,330.5533
2023-04-13 17:00:00,2000.36,2014.71,1999.23,2008.51,587.3196
2023-04-13 17:15:00,2008.51,2012.56,2005.27,2007.39,640.9941
2023-04-13 17:30:00,2007.39,2014.18,2005.46,2012.99,609.9931
2023-04-13 17:45:00,2012.99,2015.94,2009.1,2009.56,664.8477
2023-04-13 18:00:00,2009.56,2013.85,2009.1,2012.5,648.7213
2023-04-13 18:15:00,2012.5,2018.71,2009.82,2010.01,638.7136
2023-04-13 18:30:00,2010.01,2013.91,2009.62,2011.59,704.2591
2023-04-13 18:45:00,2011.59,2016.3,2011.59,2012.99,711.2679
2023-04-13 19:00:00,2012.99,2021.57,2010.0,2018.43,816.0237
2023-04-13 19:15:00,2018.43,2018.43,2010.7,2012.22,684.8979
2023-04-13 19:30:00,2012.22,2015.51,2011.58,2013.28,684.5996
2023-04-13 19:45:00,2013.28,2015.08,2010.45,2011.03,520.8711
2023-04-13 20:00:00,2011.03,2011.17,2000.69,2003.15,636.5535
2023-04-13 20:15:00,2003.15,2007.83,2003.05,2005.2,406.567
2023-04-13 20:30:00,2005.2,2009.78,2003.5,2003.5,488.5769
2023-04-13 20:45:00,2003.5,2007.83,2003.5,2006.32,446.8376
2023-04-13 21:00:00,2006.32,2009.77,2005.47,2007.8,424.7612
2023-04-13 21:15:00,2007.8,2007.8,2003.61,2005.52,522.6735
2023-04-13 21:30:00,2005.52,2008.72,2005.32,2007.82,616.3243
2023-04-13 21:45:00,2007.82,2011.03,2006.43,2006.46,584.7789
2023-04-13 22:00:00,2006.46,2010.82,2006.04,2010.42,604.8878
2023-04-13 22:15:00,2010.42,2013.73,2008.95,2012.16,349.1841
2023-04-13 22:30:00,2012.16,2016.67,2011.09,2011.6,398.5049
2023-04-13 22:45:00,2011.6,2011.9,2004.6,2007.53,428.6996
2023-04-13 23:00:00,2007.53,2008.73,2004.33,2006.02,297.41
2023-04-13 23:15:00,2006.02,2007.78,2004.93,2005.67,346.0047
2023-04-13 23:30:00,2005.67,2009.41,2005.62,2007.67,374.5823
2023-04-13 23:45:00,2007.67,2012.0,2007.67,2011.8,401.061
2023-04-14 00:00:00,2011.8,2011.94,2009.25,2011.28,333.2691
2023-04-14 00:15:00,2011.28,2022.01,2009.17,2019.05,650.2151
2023-04-14 00:30:00,2019.05,2124.07,2019.05,2108.36,2051.7135
2023-04-14 00:45:00,2108.36,2108.91,2093.03,2098.36,1623.6363
2023-04-14 01:00:00,2098.36,2109.64,2095.12,2107.97,982.7735
2023-04-14 01:15:00,2107.97,2111.39,2100.64,2109.3,722.2727
2023-04-14 01:30:00,2109.3,2124.79,2107.92,2119.83,714.5646
2023-04-14 01:45:00,2119.83,2128.26,2115.06,2117.06,706.132
2023-04-14 02:00:00,2117.06,2121.99,2112.17,2120.76,858.3334
2023-04-14 02:15:00,2120.76,2120.97,2113.75,2116.04,678.6506
2023-04-14 02:30:00,2116.04,2118.42,2107.88,2109.43,732.8376
2023-04-14 02:45:00,2109.43,2110.36,2097.37,2102.26,805.9098
2023-04-14 03:00:00,2102.26,2103.33,2098.71,2102.57,529.0811
2023-04-14 03:15:00,2102.57,2108.27,2102.01,2107.71,390.0867
2023-04-14 03:30:00,2107.71,2112.02,2106.6,2111.04,492.7022
2023-04-14 03:45:00,2111.04,2111.83,2107.29,2109.01,497.976
2023-04-14 04:00:00,2109.01,2114.29,2109.0,2112.93,427.4673
2023-04-14 04:15:00,2112.93,2115.0,2111.41,2111.83,505.6439
2023-04-14 04:30:00,2111.83,2116.61,2111.83,2115.1,588.6321
2023-04-14 04:45:00,2115.1,2117.45,2111.04,2113.71,516.6777
2023-04-14 05:00:00,2113.71,2117.98,2111.69,2116.89,525.2796
2023-04-14 05:15:00,2116.89,2118.76,2115.09,2116.79,652.7773
2023-04-14 05:30:00,2116.79,2123.05,2116.75,2123.05,691.1934
2023-04-14 05:45:00,2123.05,2123.05,2116.77,2118.42,707.1464
2023-04-14 06:00:00,2118.42,2118.42,2111.78,2114.72,665.3688
2023-04-14 06:15:00,2114.72,2119.51,2114.7,2119.51,304.3487
2023-04-14 06:30:00,2119.51,2120.97,2106.58,2113.89,319.3572
2023-04-14 06:45:00,2113.89,2123.39,2113.84,2118.12,350.598
2023-04-14 07:00:00,2118.12,2118.67,2108.0,2111.66,430.1019
2023-04-14 07:15:00,2111.66,2113.47,2110.94,2113.47,299.7381
2023-04-14 07:30:00,2113.47,2113.56,2103.17,2107.24,279.0086
2023-04-14 07:45:00,2107.24,2108.51,2102.61,2106.03,276.9531
2023-04-14 08:00:00,2106.03,2111.02,2105.91,2108.77,266.8939
2023-04-14 08:15:00,2108.77,2110.99,2103.24,2104.51,594.6423
2023-04-14 08:30:00,2104.51,2108.49,2104.36,2105.81,643.3232
2023-04-14 08:45:00,2105.81,2108.18,2101.7,2107.73,644.2824
2023-04-14 09:00:00,2107.73,2108.85,2107.09,2107.21,592.3947
2023-04-14 09:15:00,2107.21,2113.32,2107.05,2112.75,367.1964
2023-04-14 09:30:00,2112.75,2115.87,2110.02,2113.48,353.3661
2023-04-14 09:45:00,2113.48,2114.59,2110.61,2112.09,280.5595
2023-04-14 10:00:00,2112.09,2113.45,2111.5,2113.41,305.336
2023-04-14 10:15:00,2113.41,2116.15,2111.84,2114.52,533.8604
2023-04-14 10:30:00,2114.52,2115.23,2111.2,2113.99,513.8327
2023-04-14 10:45:00,2113.99,2114.0,2110.74,2113.67,382.9021
2023-04-14 11:00:00,2113.67,2115.96,2112.0,2115.07,483.9424
2023-04-14 11:15:00,2115.07,2118.73,2110.56,2114.13,328.5213
2023-04-14 11:30:00,2114.13,2114.72,2112.01,2112.79,324.6527
2023-04-14 11:45:00,2112.79,2115.99,2112.5,2115.43,319.697
2023-04-14 12:00:00,2115.43,2123.39,2113.2,2118.39,357.6127
2023-04-14 12:15:00,2118.39,2121.43,2111.77,2115.47,417.2081
2023-04-14 12:30:00,2115.47,2118.9,2110.25,2111.87,468.6422
2023-04-14 12:45:00,2111.87,2111.87,2084.44,2090.0,651.9703
2023-04-14 13:00:00,2090.0,2100.61,2090.0,2097.98,409.6504
2023-04-14 13:15:00,2097.98,2101.97,2095.15,2100.65,430.3604
2023-04-14 13:30:00,2100.65,2109.09,2097.37,2108.36,554.889
2023-04-14 13:45:00,2108.36,2108.54,2103.65,2104.98,490.7796
2023-04-14 14:00:00,2104.98,2108.45,2096.31,2097.78,541.0982
2023-04-14 14:15:00,2097.78,2103.82,2092.0,2096.54,483.6386
2023-04-14 14:30:00,2096.54,2099.94,2090.91,2094.06,451.2351
2023-04-14 14:45:00,2094.06,2098.21,2086.15,2094.06,422.8349
2023-04-14 15:00:00,2094.06,2094.62,2067.09,2074.9,516.2472
2023-04-14 15:15:00,2074.9,2079.76,2062.0,2067.33,805.525
2023-04-14 15:30:00,2067.33,2067.5,2050.84,2063.51,832.4797
2023-04-14 15:45:00,2063.51,2063.98,2055.01,2058.92,581.3873
2023-04-14 16:00:00,2058.92,2066.24,2055.8,2066.24,554.8969
2023-04-14 16:15:00,2066.24,2066.38,2050.55,2057.44,800.2811
2023-04-14 16:30:00,2057.44,2057.44,2043.29,2057.2,906.0447
2023-04-14 16:45:00,2057.2,2061.75,2047.35,2061.21,682.0764
2023-04-14 17:00:00,2061.21,2072.72,2060.81,2072.32,687.5085
2023-04-14 17:15:00,2072.32,2079.16,2071.54,2075.14,668.729
2023-04-14 17:30:00,2075.14,2078.11,2070.56,2071.94,688.4452
2023-04-14 17:45:00,2071.94,2076.4,2071.03,2075.37,532.4164
2023-04-14 18:00:00,2075.37,2092.02,2073.36,2089.2,670.6776
2023-04-14 18:15:00,2089.2,2089.2,2083.44,2088.46,281.1429
2023-04-14 18:30:00,2088.46,2088.84,2076.35,2080.05,338.9994
2023-04-14 18:45:00,2080.05,2083.33,2076.58,2081.12,333.6282
2023-04-14 19:00:00,2081.12,2081.44,2071.88,2074.0,387.1782
2023-04-14 19:15:00,2074.0,2079.91,2073.35,2078.48,546.8009
2023-04-14 19:30:00,2078.48,2086.44,2078.48,2085.45,530.625
2023-04-14 19:45:00,2085.45,2091.01,2083.25,2090.81,531.2321
2023-04-14 20:00:00,2090.81,2094.32,2085.7,2092.39,490.2368
2023-04-14 20:15:00,2092.39,2102.94,2089.33,2102.94,455.7552
2023-04-14 20:30:00,2102.94,2120.43,2101.76,2112.06,712.4569
2023-04-14 20:45:00,2112.06,2116.57,2105.28,2105.58,508.613
2023-04-14 21:00:00,2105.58,2107.71,2101.31,2105.14,333.2153
2023-04-14 21:15:00,2105.14,2107.14,2101.81,2107.14,245.61
2023-04-14 21:30:00,2107.14,2107.2,2102.72,2103.56,320.4031
2023-04-14 21:45:00,2103.56,2105.73,2095.7,2104.03,243.5059
2023-04-14 22:00:00,2104.03,2104.1,2098.83,2102.26,362.0738
2023-04-14 22:15:00,2102.26,2103.33,2097.82,2099.1,641.9192
2023-04-14 22:30:00,2099.1,2102.25,2099.09,2102.11,531.9863
2023-04-14 22:45:00,2102.11,2106.32,2100.88,2104.73,742.3164
2023-04-14 23:00:00,2104.73,2110.92,2103.42,2103.43,663.9002
2023-04-14 23:15:00,2103.43,2103.83,2096.94,2101.63,462.8514
2023-04-14 23:30:00,2101.63,2102.16,2097.43,2097.6,531.8604
2023-04-14 23:45:00,2097.6,2101.66,2097.6,2099.7,587.3454
2023-04-15 00:00:00,2099.7,2100.15,2093.26,2095.5,570.2544
2023-04-15 00:15:00,2095.5,2106.0,2094.86,2102.86,385.412
2023-04-15 00:30:00,2102.86,2102.86,2084.18,2085.57,405.5476
2023-04-15 00:45:00,2085.57,2090.76,2085.57,2086.01,272.8538
2023-04-15 01:00:00,2086.01,2087.11,2080.42,2082.93,388.0431
2023-04-15 01:15:00,2082.93,2084.97,2072.72,2077.01,710.5132
2023-04-15 01:30:00,2077.01,2083.54,2076.98,2083.24,641.4216
2023-04-23 09:30:00,1872.32,1872.32,1869.05,1870.14,203.6617
2023-04-23 09:45:00,1870.14,1871.49,1868.69,1871.24,190.0785
2023-04-23 10:00:00,1871.24,1872.45,1868.0,1871.28,229.3568
2023-04-23 10:15:00,1871.28,1871.28,1866.16,1866.84,246.0915
2023-04-23 10:30:00,1866.84,1869.36,1863.31,1868.87,268.7367
2023-04-23 10:45:00,1868.87,1869.13,1864.33,1866.98,270.5597
2023-04-23 11:00:00,1866.98,1867.99,1865.9,1867.08,241.3059
2023-04-23 11:15:00,1867.08,1868.0,1864.28,1867.26,311.0122
2023-04-23 11:30:00,1867.26,1869.99,1866.93,1869.32,331.4715
2023-04-23 11:45:00,1869.32,1875.49,1868.73,1874.32,352.0985
2023-04-23 12:00:00,1874.32,1876.19,1873.8,1874.66,363.0405
2023-04-23 12:15:00,1874.66,1881.98,1872.68,1878.23,279.1257
2023-04-23 12:30:00,1878.23,1881.8,1874.11,1875.44,245.8523
2023-04-23 12:45:00,1875.44,1877.6,1872.87,1873.45,202.4506
2023-04-23 13:00:00,1873.45,1874.42,1870.76,1871.67,250.8175
2023-04-23 13:15:00,1871.67,1873.75,1871.67,1872.5,157.3918
2023-04-23 13:30:00,1872.5,1876.69,1870.0,1874.72,247.5071
2023-04-23 13:45:00,1874.72,1875.17,1872.25,1873.27,202.6596
2023-04-23 14:00:00,1873.27,1875.7,1871.85,1873.5,189.8982
2023-04-23 14:15:00,1873.5,1874.32,1872.41,1872.98,163.4433
2023-04-23 14:30:00,1872.98,1875.11,1871.34,1871.34,246.3436
2023-04-23 14:45:00,1871.34,1872.12,1860.51,1865.71,270.2365
2023-04-23 15:00:00,1865.71,1867.26,1859.41,1862.66,224.8614
2023-04-23 15:15:00,1862.66,1863.38,1853.27,1855.71,263.1903
2023-04-23 15:30:00,1855.71,1858.35,1854.13,1856.88,191.6927
2023-04-23 15:45:00,1856.88,1860.43,1855.54,1859.47,206.4821
2023-04-23 16:00:00,1859.47,1859.49,1848.76,1851.97,230.1879
2023-04-23 16:15:00,1851.97,1863.29,1851.97,1862.97,415.6311
2023-04-23 16:30:00,1862.97,1872.22,1861.05,1869.32,452.0077
2023-04-23 16:45:00,1869.32,1872.12,1865.04,1865.36,365.2584
2023-04-23 17:00:00,1865.36,1867.39,1864.92,1866.74,408.1224
2023-04-23 17:15:00,1866.74,1868.02,1862.29,1863.3,252.9851
2023-04-23 17:30:00,1863.3,1863.81,1861.62,1862.01,242.8724
2023-04-23 17:45:00,1862.01,1863.69,1856.57,1858.72,280.769
2023-04-23 18:00:00,1858.72,1861.15,1849.33,1855.96,369.6671
2023-04-23 18:15:00,1855.96,1856.1,1847.65,1852.28,337.3391
2023-04-23 18:30:00,1852.28,1857.26,1850.85,1856.35,286.4057
2023-04-23 18:45:00,1856.35,1856.6,1837.87,1846.7,582.1621
2023-04-23 19:00:00,1846.7,1851.95,1845.17,1848.87,453.092
2023-04-23 19:15:00,1848.87,1849.86,1845.23,1847.21,340.2393
2023-04-23 19:30:00,1847.21,1852.29,1845.74,1850.25,301.1167
2023-04-23 19:45:00,1850.25,1851.88,1846.21,1846.45,290.4605
2023-04-23 20:00:00,1846.45,1847.04,1838.19,1846.75,346.5113
2023-04-23 20:15:00,1846.75,1852.26,1845.82,1850.85,230.5097
2023-04-23 20:30:00,1850.85,1852.29,1847.47,1848.67,199.4325
2023-04-23 20:45:00,1848.67,1850.48,1847.74,1848.79,198.166
2023-04-23 21:00:00,1848.79,1851.98,1848.78,1851.01,166.0626
2023-04-23 21:15:00,1851.01,1851.02,1848.06,1849.29,193.427
2023-04-23 21:30:00,1849.29,1852.48,1847.54,1852.46,209.3967
2023-04-23 21:45:00,1852.46,1859.11,1851.12,1854.56,270.2572
2023-04-23 22:00:00,1854.56,1854.61,1848.38,1848.38,303.9542
2023-04-23 22:15:00,1848.38,1857.79,1848.0,1857.77,309.25
2023-04-23 22:30:00,1857.77,1868.04,1857.77,1863.55,427.8816
2023-04-23 22:45:00,1863.55,1864.63,1861.27,1861.86,470.2249
2023-04-23 23:00:00,1861.86,1862.83,1860.9,1862.51,447.7311
2023-04-23 23:15:00,1862.51,1865.6,1861.53,1863.6,310.2551
2023-04-23 23:30:00,1863.6,1864.47,1861.59,1861.59,449.615
2023-04-23 23:45:00,1861.59,1863.13,1859.18,1862.0,410.47
2023-04-24 00:00:00,1862.0,1863.25,1861.12,1861.22,409.8636
2023-04-24 00:15:00,1861.22,1862.77,1851.94,1851.94,350.0484
2023-04-24 00:30:00,1851.94,1855.24,1850.78,1853.88,425.2629
2023-04-24 00:45:00,1853.88,1880.0,1852.84,1876.82,405.8658
2023-04-24 01:00:00,1876.82,1888.64,1876.82,1884.2,459.54
2023-04-24 01:15:00,1884.2,1889.47,1876.04,1876.04,445.2435
2023-04-24 01:30:00,1876.04,1876.04,1869.61,1875.92,491.8226
2023-04-24 01:45:00,1875.92,1878.55,1871.43,1871.88,434.0264
2023-04-24 02:00:00,1871.88,1873.03,1867.57,1871.53,417.4184
2023-04-24 02:15:00,1871.53,1873.53,1867.87,1867.95,365.7111
2023-04-24 02:30:00,1867.95,1870.97,1866.2,1868.32,426.1621
2023-04-24 02:45:00,1868.32,1870.39,1864.48,1867.38,417.3863
2023-04-24 03:00:00,1867.38,1868.51,1867.38,1867.73,262.4283
2023-04-24 03:15:00,1867.73,1867.77,1860.0,1864.48,300.678
2023-04-24 03:30:00,1864.48,1868.51,1863.14,1868.46,258.8654
2023-04-24 03:45:00,1868.46,1870.09,1866.0,1867.9,224.3817
2023-04-24 04:00:00,1867.9,1868.44,1865.01,1866.02,195.5196
2023-04-24 04:15:00,1866.02,1866.03,1863.92,1865.55,197.6897
2023-04-24 04:30:00,1865.55,1867.09,1862.76,1864.02,187.1472
2023-04-24 04:45:00,1864.02,1864.35,1861.39,1861.53,170.656
2023-04-24 05:00:00,1861.53,1863.73,1860.08,1863.72,302.5778
2023-04-24 05:15:00,1863.72,1865.53,1862.22,1862.28,368.6202
2023-04-24 05:30:00,1862.28,1862.83,1856.75,1858.02,392.9514
2023-04-24 05:45:00,1858.02,1859.17,1855.88,1856.27,406.0924
2023-04-24 06:00:00,1856.27,1859.99,1855.43,1859.55,472.2221
2023-04-24 06:15:00,1859.55,1859.73,1855.89,1857.62,310.5232
2023-04-24 06:30:00,1857.62,1858.68,1852.67,1853.62,297.9359
2023-04-24 06:45:00,1853.62,1854.47,1841.74,1847.37,361.8079
2023-04-24 07:00:00,1847.37,1847.6,1835.93,1841.0,362.0212
2023-04-24 07:15:00,1841.0,1842.65,1827.49,1840.99,360.6119
2023-04-24 07:30:00,1840.99,1846.0,1839.46,1844.1,252.969
2023-04-24 07:45:00,1844.1,1847.61,1842.86,1845.59,268.1621
2023-04-24 08:00:00,1845.59,1852.5,1844.72,1850.58,338.6244
2023-04-24 08:15:00,1850.58,1850.82,1838.84,1841.08,383.6646
2023-04-24 08:30:00,1841.08,1842.45,1831.95,1838.06,482.98
2023-04-24 08:45:00,1838.06,1839.98,1833.37,1835.52,418.3724
2023-04-24 09:00:00,1835.52,1842.29,1834.82,1839.07,472.2057
2023-04-24 09:15:00,1839.07,1842.59,1838.93,1841.47,384.8242
2023-04-24 09:30:00,1841.47,1843.36,1840.36,1841.39,425.1777
2023-04-24 09:45:00,1841.39,1841.74,1838.67,1838.99,317.9508
2023-04-24 10:00:00,1838.99,1848.8,1838.99,1842.65,412.1154
2023-04-24 10:15:00,1842.65,1845.31,1842.48,1845.31,406.4888
2023-04-24 10:30:00,1845.31,1845.9,1842.06,1842.44,349.314
2023-04-24 10:45:00,1842.44,1846.19,1842.4,1844.8,324.9445
2023-04-24 11:00:00,1844.8,1849.12,1844.55,1848.84,316.6126
2023-04-24 11:15:00,1848.84,1848.84,1845.61,1846.42,370.6421
2023-04-24 11:30:00,1846.42,1853.99,1846.41,1851.31,371.1546
2023-04-24 11:45:00,1851.31,1855.4,1851.3,1855.19,389.921
2023-04-24 12:00:00,1855.19,1856.5,1851.07,1851.75,292.955
2023-04-24 12:15:00,1851.75,1852.0,1849.71,1851.22,195.9734
2023-04-24 12:30:00,1851.22,1854.85,1847.24,1851.14,221.2438
2023-04-24 12:45:00,1851.14,1852.29,1846.94,1847.89,174.1209
2023-04-24 13:00:00,1847.89,1852.85,1847.01,1850.68,265.4877
2023-04-24 13:15:00,1850.68,1852.4,1848.07,1848.24,328.3236
2023-04-24 13:30:00,1848.24,1870.25,1846.97,1866.86,464.7532
2023-04-24 13:45:00,1866.86,1871.67,1863.48,1865.04,393.528
2023-04-24 14:00:00,1865.04,1870.06,1863.01,1868.66,496.3775
2023-04-24 14:15:00,1868.66,1875.73,1866.8,1867.13,533.4063
2023-04-24 14:30:00,1867.13,1869.7,1843.75,1846.99,563.4474
2023-04-24 14:45:00,1846.99,1855.13,1845.78,1855.13,578.1917
2023-04-24 15:00:00,1855.13,1855.13,1850.54,1851.95,565.3161
2023-04-24 15:15:00,1851.95,1851.95,1838.54,1840.05,613.8142
2023-04-24 15:30:00,1840.05,1844.29,1837.37,1839.39,557.3637
2023-04-24 15:45:00,1839.39,1841.33,1831.64,1834.09,522.0239
2023-04-24 16:00:00,1834.09,1839.29,1830.26,1835.94,524.2268
2023-04-24 16:15:00,1835.94,1839.46,1831.4,1837.32,488.5088
2023-04-24 16:30:00,1837.32,1842.27,1837.0,1838.93,421.6093
2023-04-24 16:45:00,1838.93,1838.94,1812.44,1814.46,777.8943
2023-04-24 17:00:00,1814.46,1826.16,1806.96,1825.19,722.7636
2023-04-24 17:15:00,1825.19,1833.3,1823.75,1832.13,336.0724
2023-04-24 17:30:00,1832.13,1838.52,1828.59,1835.0,323.8446
2023-04-24 17:45:00,1835.0,1836.7,1832.71,1834.35,301.4266
2023-04-24 18:00:00,1834.35,1835.17,1832.5,1834.7,275.7304
2023-04-24 18:15:00,1834.7,1847.13,1834.39,1837.22,333.6357
2023-04-24 18:30:00,1837.22,1837.8,1829.55,1831.04,255.3325
2023-04-24 18:45:00,1831.04,1833.5,1827.7,1831.37,263.7503
2023-04-24 19:00:00,1831.37,1834.38,1830.0,1833.35,276.0237
2023-04-24 19:15:00,1833.35,1833.37,1828.98,1830.6,352.7261
2023-04-24 19:30:00,1830.6,1834.76,1828.87,1833.72,306.2585
2023-04-24 19:45:00,1833.72,1834.44,1830.01,1831.19,380.4615
2023-04-24 20:00:00,1831.19,1839.17,1828.41,1838.71,552.6875
2023-04-24 20:15:00,1838.71,1843.95,1837.89,1837.89,444.5814
2023-04-24 20:30:00,1837.89,1838.14,1835.16,1835.53,385.5669
2023-04-24 20:45:00,1835.53,1840.15,1835.4,1840.1,363.8446
2023-04-24 21:00:00,1840.1,1840.1,1835.47,1836.57,344.0639
2023-04-24 21:15:00,1836.57,1838.16,1829.08,1832.69,280.0186
2023-04-24 21:30:00,1832.69,1832.69,1827.65,1831.11,245.0827
2023-04-24 21:45:00,1831.11,1835.07,1831.1,1832.95,284.791
2023-04-24 22:00:00,1832.95,1835.91,1832.25,1835.33,209.017
2023-04-24 22:15:00,1835.33,1840.0,1835.14,1838.83,167.1562
2023-04-24 22:30:00,1838.83,1840.0,1837.3,1838.6,169.3783
2023-04-24 22:45:00,1838.6,1842.6,1838.56,1839.05,167.9936
2023-04-24 23:00:00,1839.05,1844.5,1838.54,1842.56,224.9802
2023-04-24 23:15:00,1842.56,1845.29,1840.47,1845.29,339.9881
2023-04-24 23:30:00,1845.29,1845.29,1841.21,1842.38,371.4625
2023-04-24 23:45:00,1842.38,1843.3,1841.42,1841.98,290.7892
2023-04-25 00:00:00,1841.98,1849.67,1840.66,1847.25,318.2987
2023-04-25 00:15:00,1847.25,1850.19,1842.2,1843.33,224.8032
2023-04-25 00:30:00,1843.33,1843.33,1840.53,1841.79,170.1103
2023-04-25 00:45:00,1841.79,1841.98,1838.42,1840.95,194.7548
2023-04-25 01:00:00,1840.95,1845.2,1840.8,1841.74,204.9402
2023-04-25 01:15:00,1841.74,1843.3,1840.57,1841.98,279.4626
2023-04-25 01:30:00,1841.98,1842.19,1835.47,1836.82,303.4529
2023-04-25 01:45:00,1836.82,1836.84,1832.91,1835.24,344.962
2023-04-25 02:00:00,1835.24,1839.28,1833.53,1833.53,253.4876
2023-04-25 02:15:00,1833.53,1835.61,1831.64,1834.77,188.9643
2023-04-25 02:30:00,1834.77,1837.1,1833.1,1835.88,235.2835
2023-04-25 02:45:00,1835.88,1837.36,1832.29,1835.0,213.526
2023-04-25 03:00:00,1835.0,1835.0,1829.65,1833.46,214.7927
2023-04-25 03:15:00,1833.46,1836.06,1833.14,1834.98,206.9812
2023-04-25 03:30:00,1834.98,1834.98,1832.42,1833.53,194.261
2023-04-25 03:45:00,1833.53,1834.62,1827.26,1830.23,211.3385
2023-04-25 04:00:00,1830.23,1832.16,1828.08,1831.54,195.1122
2023-04-25 04:15:00,1831.54,1833.12,1830.8,1830.8,146.7603
2023-04-25 04:30:00,1830.8,1834.81,1829.87,1834.58,156.4505
2023-04-25 04:45:00,1834.58,1836.35,1831.8,1832.43,182.4402
2023-04-25 05:00:00,1832.43,1833.06,1822.23,1822.51,298.3262
2023-04-25 05:15:00,1822.51,1826.71,1822.2,1826.0,331.7328
2023-04-25 05:30:00,1826.0,1827.47,1825.26,1827.47,297.861
2023-04-25 05:45:00,1827.47,1833.03,1826.82,1830.5,442.6207
2023-04-25 06:00:00,1830.5,1830.77,1828.18,1829.44,361.6631
2023-04-25 06:15:00,1829.44,1830.28,1828.3,1829.83,165.0071
2023-04-25 06:30:00,1829.83,1830.77,1829.46,1830.09,142.2748
2023-04-25 06:45:00,1830.09,1830.11,1822.54,1822.98,194.2549
2023-04-25 07:00:00,1822.98,1827.25,1817.6,1822.65,321.3275
2023-04-25 07:15:00,1822.65,1826.06,1819.3,1821.08,384.1658
2023-04-25 07:30:00,1821.08,1821.08,1812.53,1814.63,580.5919
2023-04-25 07:45:00,1814.63,1818.43,1814.06,1815.63,287.8698
2023-04-25 08:00:00,1815.63,1817.53,1810.81,1816.72,387.6002
2023-04-25 08:15:00,1816.72,1818.77,1806.19,1817.86,383.9732
2023-04-25 08:30:00,1817.86,1818.89,1812.77,1818.83,352.906
2023-04-25 08:45:00,1818.83,1824.65,1816.13,1824.23,222.2154
2023-04-25 09:00:00,1824.23,1824.94,1821.88,1821.88,247.2951
2023-04-25 09:15:00,1821.88,1823.24,1817.52,1818.57,396.4944
2023-04-25 09:30:00,1818.57,1819.41,1812.47,1817.57,413.3452
2023-04-25 09:45:00,1817.57,1817.57,1812.44,1814.44,339.9978
2023-04-25 10:00:00,1814.44,1817.06,1813.49,1816.34,386.8073
2023-04-25 10:15:00,1816.34,1818.12,1813.28,1814.96,281.1455
2023-04-25 10:30:00,1814.96,1817.26,1813.49,1817.26,336.6191
2023-04-25 10:45:00,1817.26,1817.56,1814.63,1815.34,297.7052
2023-04-25 11:00:00,1815.34,1824.02,1813.96,1822.93,404.3508
2023-04-25 11:15:00,1822.93,1822.93,1816.55,1818.02,360.3005
2023-05-03 19:15:00,1877.52,1884.18,1876.4,1879.41,359.9737
2023-05-03 19:30:00,1879.41,1881.17,1869.49,1874.05,311.1992
2023-05-03 19:45:00,1874.05,1875.9,1867.38,1868.13,378.6414
2023-05-03 20:00:00,1868.13,1877.77,1867.35,1875.1,571.5369
2023-05-03 20:15:00,1875.1,1877.77,1872.53,1872.54,591.3586
2023-05-03 20:30:00,1872.54,1872.64,1858.46,1863.96,563.6561
2023-05-03 20:45:00,1863.96,1876.31,1862.47,1873.42,568.2477
2023-05-03 21:00:00,1873.42,1879.72,1873.12,1877.92,630.2529
2023-05-03 21:15:00,1877.92,1897.72,1877.64,1887.41,587.2438
2023-05-03 21:30:00,1887.41,1896.02,1887.41,1893.19,529.8337
2023-05-03 21:45:00,1893.19,1897.0,1889.35,1889.65,405.5885
2023-05-03 22:00:00,1889.65,1905.37,1889.65,1902.06,311.5226
2023-05-03 22:15:00,1902.06,1915.87,1902.06,1908.72,255.6922
2023-05-03 22:30:00,1908.72,1911.32,1905.15,1905.55,274.8052
2023-05-03 22:45:00,1905.55,1909.95,1904.8,1907.27,267.5248
2023-05-03 23:00:00,1907.27,1908.32,1903.14,1907.66,536.7721
2023-05-03 23:15:00,1907.66,1908.58,1904.06,1904.06,491.4216
2023-05-03 23:30:00,1904.06,1906.35,1899.28,1899.28,468.2119
2023-05-03 23:45:00,1899.28,1904.65,1899.13,1904.64,305.0664
2023-05-04 00:00:00,1904.64,1905.68,1900.92,1904.69,263.0858
2023-05-04 00:15:00,1904.69,1906.14,1901.99,1902.15,359.8089
2023-05-04 00:30:00,1902.15,1903.31,1896.1,1898.78,265.0522
2023-05-04 00:45:00,1898.78,1904.02,1898.78,1902.01,254.7253
2023-05-04 01:00:00,1902.01,1903.55,1901.54,1902.91,291.3854
2023-05-04 01:15:00,1902.91,1904.0,1897.24,1897.47,242.5527
2023-05-04 01:30:00,1897.47,1901.5,1897.47,1899.29,300.3526
2023-05-04 01:45:00,1899.29,1902.33,1898.09,1902.14,322.6008
2023-05-04 02:00:00,1902.14,1907.98,1899.75,1899.75,465.9963
2023-05-04 02:15:00,1899.75,1902.3,1899.45,1900.69,335.4373
2023-05-04 02:30:00,1900.69,1901.63,1898.58,1898.79,393.6242
2023-05-04 02:45:00,1898.79,1902.99,1898.71,1902.46,390.5296
2023-05-04 03:00:00,1902.46,1904.99,1901.06,1904.99,570.5324
2023-05-04 03:15:00,1904.99,1905.0,1900.89,1902.18,521.2978
2023-05-04 03:30:00,1902.18,1903.37,1899.46,1900.63,470.2038
2023-05-04 03:45:00,1900.63,1904.39,1898.89,1903.63,567.222
2023-05-04 04:00:00,1903.63,1904.59,1902.48,1903.55,387.364
2023-05-04 04:15:00,1903.55,1904.99,1902.8,1903.7,407.4144
2023-05-04 04:30:00,1903.7,1905.49,1903.0,1903.4,456.7251
2023-05-04 04:45:00,1903.4,1903.57,1900.47,1900.68,390.5618
2023-05-04 05:00:00,1900.68,1901.55,1897.97,1901.53,255.0296
2023-05-04 05:15:00,1901.53,1901.58,1899.01,1900.2,278.2299
2023-05-04 05:30:00,1900.2,1903.76,1900.0,1900.6,242.9569
2023-05-04 05:45:00,1900.6,1903.0,1900.13,1902.94,278.3351
2023-05-04 06:00:00,1902.94,1904.01,1899.14,1899.42,342.5069
2023-05-04 06:15:00,1899.42,1899.99,1897.72,1898.75,292.139
2023-05-04 06:30:00,1898.75,1899.9,1897.18,1899.02,350.8231
2023-05-04 06:45:00,1899.02,1901.88,1898.91,1900.76,331.3445
2023-05-04 07:00:00,1900.76,1901.46,1897.81,1897.9,503.8098
2023-05-04 07:15:00,1897.9,1899.41,1897.45,1899.0,482.9839
2023-05-04 07:30:00,1899.0,1900.75,1896.39,1899.09,558.45
2023-05-04 07:45:00,1899.09,1900.0,1898.0,1898.45,415.8688
2023-05-04 08:00:00,1898.45,1900.15,1896.43,1897.52,321.2514
2023-05-04 08:15:00,1897.52,1902.86,1896.8,1902.57,378.3349
2023-05-04 08:30:00,1902.57,1904.21,1900.04,1901.97,306.3917
2023-05-04 08:45:00,1901.97,1903.0,1901.04,1901.72,319.0323
2023-05-04 09:00:00,1901.72,1902.49,1900.33,1900.35,457.7808
2023-05-04 09:15:00,1900.35,1900.6,1898.74,1899.59,657.1529
2023-05-04 09:30:00,1899.59,1900.48,1898.91,1898.91,462.7648
2023-05-04 09:45:00,1898.91,1902.99,1898.56,1902.99,637.3775
2023-05-04 10:00:00,1902.99,1903.65,1901.59,1902.53,537.3246
2023-05-04 10:15:00,1902.53,1907.06,1901.4,1906.01,504.4132
2023-05-04 10:30:00,1906.01,1917.78,1906.01,1912.36,509.0541
2023-05-04 10:45:00,1912.36,1914.77,1909.36,1911.58,424.9299
2023-05-04 11:00:00,1911.58,1912.81,1909.71,1912.81,337.6315
2023-05-04 11:15:00,1912.81,1913.06,1908.8,1908.8,275.5127
2023-05-04 11:30:00,1908.8,1909.53,1904.59,1904.77,315.0719
2023-05-04 11:45:00,1904.77,1907.3,1903.08,1904.52,302.334
2023-05-04 12:00:00,1904.52,1905.99,1903.08,1904.2,459.1074
2023-05-04 12:15:00,1904.2,1906.07,1901.9,1905.02,445.2914
2023-05-04 12:30:00,1905.02,1908.14,1895.59,1898.47,542.1104
2023-05-04 12:45:00,1898.47,1899.74,1893.7,1898.35,437.8987
2023-05-04 13:00:00,1898.35,1900.5,1898.08,1899.69,371.6573
2023-05-04 13:15:00,1899.69,1900.08,1887.46,1892.18,351.3844
2023-05-04 13:30:00,1892.18,1893.23,1877.97,1880.6,404.2922
2023-05-04 13:45:00,1880.6,1888.61,1878.42,1885.74,487.6847
2023-05-04 14:00:00,1885.74,1889.09,1885.0,1887.7,572.6753
2023-05-04 14:15:00,1887.7,1890.98,1884.16,1887.4,604.754
2023-05-04 14:30:00,1887.4,1891.57,1885.48,1888.4,541.753
2023-05-04 14:45:00,1888.4,1891.4,1885.5,1886.64,790.4914
2023-05-04 15:00:00,1886.64,1892.98,1885.87,1892.48,789.3798
2023-05-04 15:15:00,1892.48,1892.69,1888.0,1889.37,455.0454
2023-05-04 15:30:00,1889.37,1889.41,1886.59,1886.59,710.1942
2023-05-04 15:45:00,1886.59,1888.11,1885.93,1886.21,763.1006
2023-05-04 16:00:00,1886.21,1887.95,1880.36,1887.94,736.6989
2023-05-04 16:15:00,1887.94,1891.46,1887.14,1890.07,530.4952
2023-05-04 16:30:00,1890.07,1890.4,1885.05,1886.72,509.2955
2023-05-04 16:45:00,1886.72,1887.87,1881.83,1886.12,551.3993
2023-05-04 17:00:00,1886.12,1886.4,1881.31,1884.42,522.7689
2023-05-04 17:15:00,1884.42,1887.79,1881.01,1882.9,450.1274
2023-05-04 17:30:00,1882.9,1883.5,1878.29,1880.49,485.8376
2023-05-04 17:45:00,1880.49,1882.37,1878.59,1882.37,512.5323
2023-05-04 18:00:00,1882.37,1883.16,1880.78,1881.41,542.1878
2023-05-04 18:15:00,1881.41,1881.41,1871.06,1873.46,587.9023
2023-05-04 18:30:00,1873.46,1873.98,1867.93,1871.7,553.3688
2023-05-04 18:45:00,1871.7,1873.64,1869.34,1872.64,504.0331
2023-05-04 19:00:00,1872.64,1875.13,1869.78,1869.79,603.956
2023-05-04 19:15:00,1869.79,1874.66,1866.71,1874.08,573.805
2023-05-04 19:30:00,1874.08,1877.72,1873.37,1874.7,681.1239
2023-05-04 19:45:00,1874.7,1877.63,1873.44,1875.83,606.4395
2023-05-04 20:00:00,1875.83,1876.75,1873.54,1874.21,518.8613
2023-05-04 20:15:00,1874.21,1877.22,1873.8,1876.43,575.2428
2023-05-04 20:30:00,1876.43,1879.39,1874.77,1876.24,622.5701
2023-05-04 20:45:00,1876.24,1877.86,1875.33,1877.6,553.6971
2023-05-04 21:00:00,1877.6,1879.33,1876.08,1876.24,570.7565
2023-05-04 21:15:00,1876.24,1876.24,1871.08,1873.78,613.3888
2023-05-04 21:30:00,1873.78,1875.12,1871.67,1874.41,654.8142
2023-05-04 21:45:00,1874.41,1876.71,1872.66,1876.69,549.9285
2023-05-04 22:00:00,1876.69,1877.13,1872.02,1873.34,668.9436
2023-05-04 22:15:00,1873.34,1873.72,1870.07,1872.05,919.3474
2023-05-04 22:30:00,1872.05,1874.46,1871.67,1871.95,866.3854
2023-05-04 22:45:00,1871.95,1873.28,1870.74,1871.29,927.3761
2023-05-04 23:00:00,1871.29,1876.11,1871.01,1875.49,721.2913
2023-05-04 23:15:00,1875.49,1876.9,1874.85,1875.79,608.7534
2023-05-04 23:30:00,1875.79,1877.25,1874.34,1875.32,693.3856
2023-05-04 23:45:00,1875.32,1877.04,1875.0,1877.04,842.5913
2023-05-05 00:00:00,1877.04,1877.48,1875.96,1877.37,845.207
2023-05-05 00:15:00,1877.37,1878.24,1875.75,1877.91,489.2544
2023-05-05 00:30:00,1877.91,1881.82,1877.85,1880.13,537.574
2023-05-05 00:45:00,1880.13,1881.39,1878.43,1879.35,569.3421
2023-05-05 01:00:00,1879.35,1880.58,1877.3,1878.2,534.2549
2023-05-05 01:15:00,1878.2,1880.28,1877.08,1880.28,498.1836
2023-05-05 01:30:00,1880.28,1902.32,1880.28,1901.65,520.3774
2023-05-05 01:45:00,1901.65,1902.44,1896.66,1898.97,495.7781
2023-05-05 02:00:00,1898.97,1908.78,1894.97,1897.0,898.721
2023-05-05 02:15:00,1897.0,1897.82,1892.68,1897.14,1023.0464
2023-05-05 02:30:00,1897.14,1902.32,1896.49,1900.14,870.2377
2023-05-05 02:45:00,1900.14,1902.04,1898.09,1898.39,859.79
2023-05-05 03:00:00,1898.39,1901.99,1897.84,1900.61,850.884
2023-05-05 03:15:00,1900.61,1901.09,1898.94,1899.62,761.1687
2023-05-05 03:30:00,1899.62,1901.0,1897.14,1897.15,764.9944
2023-05-05 03:45:00,1897.15,1897.64,1894.7,1896.7,701.4593
2023-05-05 04:00:00,1896.7,1898.99,1896.34,1898.99,653.3671
2023-05-05 04:15:00,1898.99,1900.49,1898.1,1899.93,975.2959
2023-05-05 04:30:00,1899.93,1900.47,1897.79,1897.8,859.8332
2023-05-05 04:45:00,1897.8,1898.8,1897.08,1897.68,803.8052
2023-05-05 05:00:00,1897.68,1898.2,1895.55,1895.72,601.1096
2023-05-05 05:15:00,1895.72,1896.46,1893.41,1895.94,420.5816
2023-05-05 05:30:00,1895.94,1899.0,1894.97,1897.87,359.8001
2023-05-05 05:45:00,1897.87,1898.16,1896.6,1896.9,411.1458
2023-05-05 06:00:00,1896.9,1900.48,1896.9,1897.79,519.759
2023-05-05 06:15:00,1897.79,1899.37,1896.97,1897.38,510.8705
2023-05-05 06:30:00,1897.38,1900.61,1897.25,1899.48,361.6138
2023-05-05 06:45:00,1899.48,1899.48,1896.4,1898.81,541.2769
2023-05-05 07:00:00,1898.81,1907.04,1893.3,1896.22,523.6074
2023-05-05 07:15:00,1896.22,1897.8,1894.25,1897.79,639.6722
2023-05-05 07:30:00,1897.79,1897.98,1893.52,1894.04,603.4054
2023-05-05 07:45:00,1894.04,1896.0,1892.95,1894.98,497.0935
2023-05-05 08:00:00,1894.98,1898.65,1894.45,1898.65,444.3768
2023-05-05 08:15:00,1898.65,1900.55,1897.66,1899.1,383.5584
2023-05-05 08:30:00,1899.1,1899.18,1897.25,1898.21,461.5012
2023-05-05 08:45:00,1898.21,1898.23,1895.93,1895.94,433.5725
2023-05-05 09:00:00,1895.94,1898.8,1895.87,1896.19,484.0987
2023-05-05 09:15:00,1896.19,1899.37,1895.57,1898.07,753.8635
2023-05-05 09:30:00,1898.07,1902.33,1897.51,1901.48,614.0149
2023-05-05 09:45:00,1901.48,1905.41,1898.18,1899.82,657.9783
2023-05-05 10:00:00,1899.82,1900.61,1898.77,1898.99,630.5689
2023-05-05 10:15:00,1898.99,1903.59,1898.79,1903.03,687.4639
2023-05-05 10:30:00,1903.03,1903.21,1898.89,1900.42,724.9882
2023-05-05 10:45:00,1900.42,1904.94,1900.19,1904.92,803.3466
2023-05-05 11:00:00,1904.92,1908.33,1902.33,1905.91,568.0769
2023-05-05 11:15:00,1905.91,1907.6,1902.61,1902.8,334.3457
2023-05-05 11:30:00,1902.8,1904.02,1901.36,1902.99,332.9459
2023-05-05 11:45:00,1902.99,1914.26,1902.99,1910.37,386.8542
2023-05-05 12:00:00,1910.37,1916.08,1909.77,1913.53,426.7095
2023-05-05 12:15:00,1913.53,1915.92,1909.02,1911.17,621.904
2023-05-05 12:30:00,1911.17,1918.99,1889.47,1901.77,628.1163
2023-05-05 12:45:00,1901.77,1915.18,1901.77,1904.92,717.6017
2023-05-05 13:00:00,1904.92,1911.66,1899.4,1910.21,701.2682
2023-05-05 13:15:00,1910.21,1916.01,1908.37,1915.55,895.6652
2023-05-05 13:30:00,1915.55,1934.54,1912.64,1930.06,799.0362
2023-05-05 13:45:00,1930.06,1932.28,1925.68,1931.82,800.7608
2023-05-05 14:00:00,1931.82,1942.0,1931.82,1937.21,861.2222
2023-05-05 14:15:00,1937.21,1942.59,1935.5,1935.53,1159.8774
2023-05-05 14:30:00,1935.53,1952.41,1935.53,1949.79,1022.8866
2023-05-05 14:45:00,1949.79,1955.62,1944.55,1946.33,841.1731
2023-05-05 15:00:00,1946.33,1953.66,1940.09,1942.97,747.2856
2023-05-05 15:15:00,1942.97,1954.21,1942.97,1951.67,556.056
2023-05-05 15:30:00,1951.67,1955.18,1945.59,1948.29,620.1007
2023-05-05 15:45:00,1948.29,1954.33,1946.83,1953.35,622.9882
2023-05-05 16:00:00,1953.35,1999.27,1953.35,1994.78,834.673
2023-05-05 16:15:00,1994.78,1998.29,1988.89,1990.2,875.6232
2023-05-05 16:30:00,1990.2,1992.99,1981.66,1985.63,754.8474
2023-05-05 16:45:00,1985.63,1990.65,1981.57,1990.65,763.038
2023-05-05 17:00:00,1990.65,1992.99,1988.56,1988.84,783.603
2023-05-05 17:15:00,1988.84,1992.73,1988.48,1988.48,673.2079
2023-05-05 17:30:00,1988.48,1994.88,1985.94,1994.24,744.4992
2023-05-05 17:45:00,1994.24,1994.24,1988.79,1991.34,758.9882
2023-05-05 18:00:00,1991.34,1994.58,1989.54,1993.86,655.8677
2023-05-05 18:15:00,1993.86,1994.92,1990.98,1992.31,684.3789
2023-05-05 18:30:00,1992.31,1995.87,1986.2,1986.33,609.2657
2023-05-05 18:45:00,1986.33,1986.8,1970.59,1979.36,831.3823
2023-05-05 19:00:00,1979.36,1981.44,1974.86,1975.47,779.9376
2023-05-05 19:15:00,1975.47,1980.79,1975.33,1980.52,669.9073
2023-05-05 19:30:00,1980.52,1986.12,1979.55,1985.94,668.9498
2023-05-05 19:45:00,1985.94,1990.91,1982.76,1990.91,729.5846
2023-05-05 20:00:00,1990.91,1992.0,1984.53,1988.0,581.4548
2023-05-05 20:15:00,1988.0,1989.89,1985.97,1989.89,362.6841
2023-05-05 20:30:00,1989.89,1994.15,1989.07,1990.09,412.929
2023-05-05 20:45:00,1990.09,1992.83,1988.04,1988.04,404.0774
2023-05-05 21:00:00,1988.04,1990.9,1986.78,1989.76,470.3115
2023-05-14 05:00:00,1802.91,1804.85,1802.91,1803.62,262.343
2023-05-14 05:15:00,1803.62,1805.22,1803.23,1803.25,252.2508
2023-05-14 05:30:00,1803.25,1803.65,1801.28,1803.17,264.4205
2023-05-14 05:45:00,1803.17,1804.2,1802.06,1802.92,316.5783
2023-05-14 06:00:00,1802.92,1808.89,1802.92,1806.61,347.4286
2023-05-14 06:15:00,1806.61,1809.49,1806.21,1808.45,321.7009
2023-05-14 06:30:00,1808.45,1809.51,1806.39,1806.96,306.6183
2023-05-14 06:45:00,1806.96,1807.08,1805.68,1805.78,309.4226
2023-05-14 07:00:00,1805.78,1809.16,1805.78,1808.52,299.4469
2023-05-14 07:15:00,1808.52,1808.63,1806.0,1806.05,217.1391
2023-05-14 07:30:00,1806.05,1806.28,1805.22,1805.38,261.1908
2023-05-14 07:45:00,1805.38,1805.59,1804.32,1805.24,226.0901
2023-05-14 08:00:00,1805.24,1805.51,1802.3,1802.35,341.195
2023-05-14 08:15:00,1802.35,1804.95,1802.35,1803.39,611.0982
2023-05-14 08:30:00,1803.39,1805.68,1802.73,1804.08,560.1007
2023-05-14 08:45:00,1804.08,1804.09,1801.82,1802.75,485.2055
2023-05-14 09:00:00,1802.75,1806.69,1802.75,1803.97,554.227
2023-05-14 09:15:00,1803.97,1804.11,1800.16,1802.11,522.9041
2023-05-14 09:30:00,1802.11,1803.7,1800.85,1803.18,478.0161
2023-05-14 09:45:00,1803.18,1804.6,1803.12,1803.62,534.6814
2023-05-14 10:00:00,1803.62,1803.9,1801.98,1802.18,406.8459
2023-05-14 10:15:00,1802.18,1802.56,1800.63,1802.56,290.6772
2023-05-14 10:30:00,1802.56,1803.65,1801.98,1801.98,311.3561
2023-05-14 10:45:00,1801.98,1803.08,1801.04,1802.16,288.0586
2023-05-14 11:00:00,1802.16,1802.79,1802.09,1802.55,300.6587
2023-05-14 11:15:00,1802.55,1803.0,1801.52,1802.32,329.6209
2023-05-14 11:30:00,1802.32,1803.42,1801.86,1802.17,285.7827
2023-05-14 11:45:00,1802.17,1802.36,1800.25,1802.03,338.066
2023-05-14 12:00:00,1802.03,1802.71,1800.4,1801.38,281.3482
2023-05-14 12:15:00,1801.38,1801.43,1797.39,1797.95,299.8188
2023-05-14 12:30:00,1797.95,1803.85,1797.95,1803.48,244.0592
2023-05-14 12:45:00,1803.48,1808.46,1803.32,1808.26,348.963
2023-05-14 13:00:00,1808.26,1812.72,1804.8,1805.01,347.6551
2023-05-14 13:15:00,1805.01,1806.08,1803.46,1805.21,352.0977
2023-05-14 13:30:00,1805.21,1806.35,1803.46,1806.19,396.9772
2023-05-14 13:45:00,1806.19,1812.49,1806.13,1811.0,386.8223
2023-05-14 14:00:00,1811.0,1812.62,1807.01,1807.52,376.3217
2023-05-14 14:15:00,1807.52,1807.98,1805.49,1806.11,412.2189
2023-05-14 14:30:00,1806.11,1808.93,1804.85,1807.95,444.5047
2023-05-14 14:45:00,1807.95,1809.4,1805.32,1808.96,551.4576
2023-05-14 15:00:00,1808.96,1820.74,1808.42,1815.0,418.9921
2023-05-14 15:15:00,1815.0,1818.42,1813.31,1815.7,549.5989
2023-05-14 15:30:00,1815.7,1818.38,1811.76,1817.87,646.9286
2023-05-14 15:45:00,1817.87,1823.49,1817.87,1819.09,613.6778
2023-05-14 16:00:00,1819.09,1821.63,1816.67,1816.67,537.8297
2023-05-14 16:15:00,1816.67,1816.72,1811.55,1813.45,727.3044
2023-05-14 16:30:00,1813.45,1814.57,1810.81,1811.49,707.4544
2023-05-14 16:45:00,1811.49,1812.82,1806.2,1808.2,555.4461
2023-05-14 17:00:00,1808.2,1808.2,1803.72,1805.02,566.2677
2023-05-14 17:15:00,1805.02,1809.07,1804.71,1809.07,786.8014
2023-05-14 17:30:00,1809.07,1809.78,1806.25,1807.7,587.3071
2023-05-14 17:45:00,1807.7,1807.7,1804.72,1806.35,708.0656
2023-05-14 18:00:00,1806.35,1806.35,1804.39,1805.67,570.0218
2023-05-14 18:15:00,1805.67,1805.91,1795.17,1801.39,529.746
2023-05-14 18:30:00,1801.39,1803.0,1800.5,1802.42,479.3481
2023-05-14 18:45:00,1802.42,1802.44,1799.6,1801.73,392.0518
2023-05-14 19:00:00,1801.73,1802.22,1797.11,1797.51,504.2343
2023-05-14 19:15:00,1797.51,1798.83,1792.36,1793.93,417.9072
2023-05-14 19:30:00,1793.93,1795.93,1792.4,1795.73,387.0377
2023-05-14 19:45:00,1795.73,1798.35,1795.63,1796.63,379.9889
2023-05-14 20:00:00,1796.63,1796.63,1791.68,1794.18,336.2821
2023-05-14 20:15:00,1794.18,1795.19,1792.56,1794.91,356.649
2023-05-14 20:30:00,1794.91,1798.5,1794.87,1797.73,316.1086
2023-05-14 20:45:00,1797.73,1799.71,1796.82,1798.43,378.4581
2023-05-14 21:00:00,1798.43,1799.85,1795.0,1797.3,410.0328
2023-05-14 21:15:00,1797.3,1798.98,1796.38,1797.19,420.6846
2023-05-14 21:30:00,1797.19,1798.7,1796.46,1797.81,454.9673
2023-05-14 21:45:00,1797.81,1800.51,1797.14,1799.63,489.2953
2023-05-14 22:00:00,1799.63,1799.69,1795.16,1799.14,419.2696
2023-05-14 22:15:00,1799.14,1802.14,1798.89,1798.89,427.7256
2023-05-14 22:30:00,1798.89,1801.12,1798.4,1800.0,411.3773
2023-05-14 22:45:00,1800.0,1801.44,1799.11,1799.96,380.7963
2023-05-14 23:00:00,1799.96,1800.11,1795.99,1796.18,486.3267
2023-05-14 23:15:00,1796.18,1799.61,1795.97,1798.17,571.2686
2023-05-14 23:30:00,1798.17,1801.67,1798.06,1799.99,493.9852
2023-05-14 23:45:00,1799.99,1799.99,1797.8,1799.33,455.196
2023-05-15 00:00:00,1799.33,1800.3,1797.43,1799.0,450.2659
2023-05-15 00:15:00,1799.0,1799.0,1788.89,1792.81,471.7009
2023-05-15 00:30:00,1792.81,1795.39,1788.22,1789.69,474.6812
2023-05-15 00:45:00,1789.69,1791.22,1785.39,1790.65,472.2328
2023-05-15 01:00:00,1790.65,1794.35,1789.54,1794.35,295.4699
2023-05-15 01:15:00,1794.35,1813.85,1793.08,1808.19,321.4266
2023-05-15 01:30:00,1808.19,1820.5,1807.25,1819.36,324.8874
2023-05-15 01:45:00,1819.36,1829.33,1816.49,1823.7,318.3065
2023-05-15 02:00:00,1823.7,1828.14,1821.64,1822.92,470.4925
2023-05-15 02:15:00,1822.92,1826.1,1820.11,1823.52,577.2801
2023-05-15 02:30:00,1823.52,1826.39,1822.92,1825.78,608.402
2023-05-15 02:45:00,1825.78,1827.62,1823.19,1823.19,626.5054
2023-05-15 03:00:00,1823.19,1829.5,1823.15,1827.27,532.8581
2023-05-15 03:15:00,1827.27,1829.35,1826.32,1827.95,519.3414
2023-05-15 03:30:00,1827.95,1834.17,1824.1,1824.84,532.2487
2023-05-15 03:45:00,1824.84,1827.86,1824.84,1826.09,474.4608
2023-05-15 04:00:00,1826.09,1832.32,1823.75,1823.76,501.0654
2023-05-15 04:15:00,1823.76,1826.23,1823.28,1825.92,603.5605
2023-05-15 04:30:00,1825.92,1828.18,1825.3,1826.39,563.9289
2023-05-15 04:45:00,1826.39,1827.65,1825.58,1827.6,550.8245
2023-05-15 05:00:00,1827.6,1830.95,1819.64,1821.79,468.1516
2023-05-15 05:15:00,1821.79,1823.15,1821.41,1822.81,404.9609
2023-05-15 05:30:00,1822.81,1826.92,1822.18,1826.85,317.3758
2023-05-15 05:45:00,1826.85,1826.85,1824.13,1825.68,291.2485
2023-05-15 06:00:00,1825.68,1826.64,1822.82,1825.06,387.3607
2023-05-15 06:15:00,1825.06,1833.91,1823.01,1832.51,391.6047
2023-05-15 06:30:00,1832.51,1834.0,1828.35,1829.68,380.0377
2023-05-15 06:45:00,1829.68,1832.36,1828.25,1832.15,332.9914
2023-05-15 07:00:00,1832.15,1834.17,1830.91,1833.62,342.2655
2023-05-15 07:15:00,1833.62,1834.35,1829.4,1830.86,316.1498
2023-05-15 07:30:00,1830.86,1831.74,1828.89,1828.89,324.8817
2023-05-15 07:45:00,1828.89,1830.0,1827.43,1828.67,270.2036
2023-05-15 08:00:00,1828.67,1829.46,1827.43,1827.59,418.9447
2023-05-15 08:15:00,1827.59,1830.0,1826.94,1828.73,458.8852
2023-05-15 08:30:00,1828.73,1831.19,1828.49,1831.19,502.3851
2023-05-15 08:45:00,1831.19,1832.51,1830.7,1831.52,455.0584
2023-05-15 09:00:00,1831.52,1835.62,1829.8,1829.8,463.1495
2023-05-15 09:15:00,1829.8,1830.4,1827.04,1828.38,424.7134
2023-05-15 09:30:00,1828.38,1829.78,1827.83,1828.32,483.3641
2023-05-15 09:45:00,1828.32,1829.32,1825.8,1828.7,572.4759
2023-05-15 10:00:00,1828.7,1829.1,1827.26,1827.29,369.9743
2023-05-15 10:15:00,1827.29,1828.84,1825.77,1828.03,419.8224
2023-05-15 10:30:00,1828.03,1829.11,1828.0,1829.05,446.296
2023-05-15 10:45:00,1829.05,1829.1,1828.24,1828.8,449.8182
2023-05-15 11:00:00,1828.8,1830.61,1826.21,1829.34,483.6681
2023-05-15 11:15:00,1829.34,1829.42,1828.05,1828.66,741.7636
2023-05-15 11:30:00,1828.66,1829.34,1825.49,1825.54,607.9186
2023-05-15 11:45:00,1825.54,1827.18,1824.15,1824.4,646.1753
2023-05-15 12:00:00,1824.4,1826.53,1824.4,1826.48,688.4723
2023-05-15 12:15:00,1826.48,1828.24,1825.08,1825.08,373.7551
2023-05-15 12:30:00,1825.08,1827.28,1824.19,1827.0,412.4263
2023-05-15 12:45:00,1827.0,1827.73,1824.97,1826.21,503.531
2023-05-15 13:00:00,1826.21,1827.13,1825.19,1826.18,360.5263
2023-05-15 13:15:00,1826.18,1826.37,1822.48,1824.96,407.8102
2023-05-15 13:30:00,1824.96,1828.54,1824.14,1827.15,361.0743
2023-05-15 13:45:00,1827.15,1827.67,1821.39,1823.94,414.929
2023-05-15 14:00:00,1823.94,1823.94,1817.41,1818.18,309.1315
2023-05-15 14:15:00,1818.18,1820.48,1812.91,1819.81,358.1741
2023-05-15 14:30:00,1819.81,1822.2,1819.02,1820.75,300.2203
2023-05-15 14:45:00,1820.75,1835.48,1820.63,1824.73,340.0002
2023-05-15 15:00:00,1824.73,1826.49,1821.84,1826.16,319.9249
2023-05-15 15:15:00,1826.16,1830.28,1824.9,1829.14,388.3647
2023-05-15 15:30:00,1829.14,1829.79,1826.11,1828.18,272.4515
2023-05-15 15:45:00,1828.18,1829.43,1825.35,1827.85,334.8308
2023-05-15 16:00:00,1827.85,1833.74,1826.53,1833.56,361.6599
2023-05-15 16:15:00,1833.56,1838.84,1833.33,1837.01,349.388
2023-05-15 16:30:00,1837.01,1838.35,1827.31,1829.56,407.4393
2023-05-15 16:45:00,1829.56,1835.86,1829.34,1834.31,411.1363
2023-05-15 17:00:00,1834.31,1846.39,1834.31,1843.37,433.006
2023-05-15 17:15:00,1843.37,1846.62,1834.58,1834.82,513.1016
2023-05-15 17:30:00,1834.82,1836.67,1830.81,1831.84,405.2772
2023-05-15 17:45:00,1831.84,1834.73,1828.72,1833.98,511.6306
2023-05-15 18:00:00,1833.98,1835.08,1831.61,1833.62,382.5312
2023-05-15 18:15:00,1833.62,1833.62,1826.67,1827.93,333.2852
2023-05-15 18:30:00,1827.93,1830.21,1827.07,1829.48,312.0981
2023-05-15 18:45:00,1829.48,1830.68,1827.68,1829.58,323.7162
2023-05-15 19:00:00,1829.58,1830.98,1828.56,1830.21,346.1397
2023-05-15 19:15:00,1830.21,1830.31,1824.11,1828.79,450.5548
2023-05-15 19:30:00,1828.79,1829.61,1826.66,1828.83,393.6943
2023-05-15 19:45:00,1828.83,1829.14,1826.83,1827.95,330.7815
2023-05-15 20:00:00,1827.95,1829.6,1827.08,1829.23,296.913
2023-05-15 20:15:00,1829.23,1829.23,1824.39,1825.04,199.6461
2023-05-15 20:30:00,1825.04,1825.69,1824.6,1825.55,176.3064
2023-05-15 20:45:00,1825.55,1826.16,1825.06,1825.53,166.1119
2023-05-15 21:00:00,1825.53,1826.0,1825.04,1825.82,253.8815
2023-05-15 21:15:00,1825.82,1825.83,1825.26,1825.52,397.3564
2023-05-15 21:30:00,1825.52,1826.01,1824.85,1825.37,304.1922
2023-05-15 21:45:00,1825.37,1825.69,1824.36,1825.06,342.3462
2023-05-15 22:00:00,1825.06,1825.06,1821.13,1823.21,438.7724
2023-05-15 22:15:00,1823.21,1825.59,1822.97,1825.49,463.0703
2023-05-15 22:30:00,1825.49,1825.49,1819.82,1821.55,447.1773
2023-05-15 22:45:00,1821.55,1823.79,1819.84,1823.03,527.0047
2023-05-15 23:00:00,1823.03,1823.19,1820.77,1822.96,363.8478
2023-05-15 23:15:00,1822.96,1823.12,1821.03,1821.94,242.0015
2023-05-15 23:30:00,1821.94,1821.94,1818.28,1818.95,245.3467
2023-05-15 23:45:00,1818.95,1818.96,1813.29,1816.17,211.8661
2023-05-16 00:00:00,1816.17,1817.93,1814.29,1817.78,227.4766
2023-05-16 00:15:00,1817.78,1822.72,1816.49,1821.9,201.2802
2023-05-16 00:30:00,1821.9,1821.99,1813.53,1816.05,162.0907
2023-05-16 00:45:00,1816.05,1817.43,1805.83,1813.19,208.6261
2023-05-16 01:00:00,1813.19,1815.53,1809.7,1811.92,284.7272
2023-05-16 01:15:00,1811.92,1811.94,1796.96,1800.03,354.509
2023-05-16 01:30:00,1800.03,1804.24,1796.55,1803.8,390.8985
2023-05-16 01:45:00,1803.8,1807.55,1803.08,1806.82,241.5294
2023-05-16 02:00:00,1806.82,1808.5,1805.38,1808.17,247.9573
2023-05-16 02:15:00,1808.17,1808.38,1804.04,1805.72,198.3617
2023-05-16 02:30:00,1805.72,1807.77,1804.16,1806.56,189.4272
2023-05-16 02:45:00,1806.56,1810.08,1806.49,1809.95,230.4421
2023-05-16 03:00:00,1809.95,1811.41,1809.2,1811.41,298.1183
2023-05-16 03:15:00,1811.41,1814.02,1810.61,1812.36,344.265
2023-05-16 03:30:00,1812.36,1814.26,1811.0,1812.77,369.3269
2023-05-16 03:45:00,1812.77,1813.69,1812.38,1813.51,358.2153
2023-05-16 04:00:00,1813.51,1814.82,1811.05,1811.2,462.8819
2023-05-16 04:15:00,1811.2,1812.52,1810.68,1812.52,571.4494
2023-05-16 04:30:00,1812.52,1813.55,1810.83,1813.48,673.6917
2023-05-16 04:45:00,1813.48,1813.48,1811.73,1812.33,551.524
2023-05-16 05:00:00,1812.33,1814.97,1812.33,1813.21,462.4627
2023-05-16 05:15:00,1813.21,1814.37,1812.62,1812.74,238.6525
2023-05-16 05:30:00,1812.74,1812.81,1810.01,1810.47,257.7269
2023-05-16 05:45:00,1810.47,1811.59,1809.06,1810.72,231.9119
2023-05-16 06:00:00,1810.72,1810.73,1806.47,1808.27,230.0578
2023-05-16 06:15:00,1808.27,1810.87,1808.19,1810.83,278.7188
2023-05-16 06:30:00,1810.83,1813.0,1810.74,1811.22,295.2243
2023-05-16 06:45:00,1811.22,1813.41,1810.29,1811.87,208.7535
2023-05-24 14:45:00,1791.74,1791.75,1785.44,1787.21,763.2294
2023-05-24 15:00:00,1787.21,1787.41,1781.07,1785.6,742.467
2023-05-24 15:15:00,1785.6,1794.69,1785.19,1794.07,711.8913
2023-05-24 15:30:00,1794.07,1795.18,1789.45,1791.08,674.8514
2023-05-24 15:45:00,1791.08,1793.74,1790.93,1793.2,798.6862
2023-05-24 16:00:00,1793.2,1793.68,1790.4,1791.31,912.69
2023-05-24 16:15:00,1791.31,1791.32,1787.04,1787.3,1328.3
2023-05-24 16:30:00,1787.3,1788.97,1784.8,1786.25,1003.2139
2023-05-24 16:45:00,1786.25,1789.3,1785.61,1789.3,1253.7601
2023-05-24 17:00:00,1789.3,1789.3,1785.05,1786.93,1021.4329
2023-05-24 17:15:00,1786.93,1792.86,1786.76,1790.91,758.0233
2023-05-24 17:30:00,1790.91,1795.14,1790.53,1795.11,587.2435
2023-05-24 17:45:00,1795.11,1795.28,1792.06,1792.74,611.3072
2023-05-24 18:00:00,1792.74,1794.15,1789.19,1790.64,625.2713
2023-05-24 18:15:00,1790.64,1791.17,1786.72,1787.9,1301.526
2023-05-24 18:30:00,1787.9,1790.5,1787.62,1790.48,1090.0044
2023-05-24 18:45:00,1790.48,1791.06,1787.94,1788.13,796.9384
2023-05-24 19:00:00,1788.13,1789.13,1786.06,1789.03,863.7904
2023-05-24 19:15:00,1789.03,1794.5,1788.52,1793.45,984.2432
2023-05-24 19:30:00,1793.45,1798.18,1793.45,1794.86,824.542
2023-05-24 19:45:00,1794.86,1795.38,1791.64,1792.77,898.3941
2023-05-24 20:00:00,1792.77,1793.99,1791.81,1792.99,588.2605
2023-05-24 20:15:00,1792.99,1802.14,1792.89,1802.14,663.121
2023-05-24 20:30:00,1802.14,1807.6,1800.22,1800.25,628.677
2023-05-24 20:45:00,1800.25,1808.84,1798.33,1804.59,614.3883
2023-05-24 21:00:00,1804.59,1809.0,1804.59,1806.91,1011.8209
2023-05-24 21:15:00,1806.91,1807.42,1803.75,1804.75,1074.6082
2023-05-24 21:30:00,1804.75,1805.46,1802.08,1803.42,920.5747
2023-05-24 21:45:00,1803.42,1803.42,1792.4,1800.28,1088.8563
2023-05-24 22:00:00,1800.28,1802.44,1799.84,1801.7,478.1605
2023-05-24 22:15:00,1801.7,1803.42,1799.11,1799.11,289.9805
2023-05-24 22:30:00,1799.11,1800.74,1797.87,1799.58,289.6361
2023-05-24 22:45:00,1799.58,1800.84,1798.82,1799.37,284.772
2023-05-24 23:00:00,1799.37,1802.76,1798.64,1802.71,622.3319
2023-05-24 23:15:00,1802.71,1802.71,1799.28,1799.66,688.6545
2023-05-24 23:30:00,1799.66,1803.05,1799.63,1802.89,375.2075
2023-05-24 23:45:00,1802.89,1803.18,1799.99,1799.99,504.8213
2023-05-25 00:00:00,1799.99,1807.16,1799.29,1802.6,669.4749
2023-05-25 00:15:00,1802.6,1803.15,1798.01,1800.23,375.1508
2023-05-25 00:30:00,1800.23,1800.47,1793.11,1793.12,510.4088
2023-05-25 00:45:00,1793.12,1795.19,1791.2,1792.24,346.9195
2023-05-25 01:00:00,1792.24,1797.96,1788.27,1790.36,414.2742
2023-05-25 01:15:00,1790.36,1790.37,1762.71,1768.85,797.1494
2023-05-25 01:30:00,1768.85,1779.78,1768.58,1776.46,587.8686
2023-05-25 01:45:00,1776.46,1780.22,1773.48,1776.75,808.5128
2023-05-25 02:00:00,1776.75,1780.42,1775.04,1779.88,660.5493
2023-05-25 02:15:00,1779.88,1780.35,1776.38,1776.55,636.9162
2023-05-25 02:30:00,1776.55,1778.91,1775.0,1778.39,706.8545
2023-05-25 02:45:00,1778.39,1779.78,1777.72,1779.77,741.2451
2023-05-25 03:00:00,1779.77,1783.06,1778.65,1778.71,528.7185
2023-05-25 03:15:00,1778.71,1780.51,1776.18,1780.49,537.4728
2023-05-25 03:30:00,1780.49,1781.01,1779.36,1780.79,541.3699
2023-05-25 03:45:00,1780.79,1781.93,1780.74,1781.2,724.922
2023-05-25 04:00:00,1781.2,1782.21,1774.46,1778.38,735.6697
2023-05-25 04:15:00,1778.38,1780.75,1777.29,1779.06,702.4443
2023-05-25 04:30:00,1779.06,1780.89,1778.42,1779.09,817.1225
2023-05-25 04:45:00,1779.09,1779.45,1777.96,1779.18,767.5027
2023-05-25 05:00:00,1779.18,1780.21,1778.82,1779.39,773.976
2023-05-25 05:15:00,1779.39,1782.0,1778.44,1782.0,578.0377
2023-05-25 05:30:00,1782.0,1782.25,1779.86,1780.51,421.9682
2023-05-25 05:45:00,1780.51,1784.24,1780.49,1784.09,383.1517
2023-05-25 06:00:00,1784.09,1787.4,1784.09,1784.26,650.694
2023-05-25 06:15:00,1784.26,1784.95,1783.46,1784.65,583.6996
2023-05-25 06:30:00,1784.65,1785.44,1782.92,1783.2,699.6472
2023-05-25 06:45:00,1783.2,1785.41,1782.78,1784.27,664.6155
2023-05-25 07:00:00,1784.27,1785.14,1782.33,1783.6,692.763
2023-05-25 07:15:00,1783.6,1784.22,1782.06,1783.01,603.1067
2023-05-25 07:30:00,1783.01,1783.11,1777.62,1779.51,585.9751
2023-05-25 07:45:00,1779.51,1780.77,1778.46,1778.57,633.2967
2023-05-25 08:00:00,1778.57,1784.8,1778.57,1782.77,476.5716
2023-05-25 08:15:00,1782.77,1785.95,1782.5,1785.93,478.3957
2023-05-25 08:30:00,1785.93,1786.65,1784.13,1785.62,342.7384
2023-05-25 08:45:00,1785.62,1786.08,1784.43,1784.91,485.4859
2023-05-25 09:00:00,1784.91,1787.25,1784.9,1786.37,522.1502
2023-05-25 09:15:00,1786.37,1787.44,1785.11,1786.87,491.072
2023-05-25 09:30:00,1786.87,1787.86,1785.97,1786.51,464.0731
2023-05-25 09:45:00,1786.51,1787.93,1786.02,1787.2,625.186
2023-05-25 10:00:00,1787.2,1787.78,1785.71,1785.87,399.1313
2023-05-25 10:15:00,1785.87,1787.79,1785.8,1787.72,398.2458
2023-05-25 10:30:00,1787.72,1789.19,1785.49,1785.52,393.7056
2023-05-25 10:45:00,1785.52,1786.09,1784.53,1786.09,430.964
2023-05-25 11:00:00,1786.09,1787.67,1786.09,1787.06,562.3266
2023-05-25 11:15:00,1787.06,1788.0,1783.17,1783.17,1181.6714
2023-05-25 11:30:00,1783.17,1784.23,1782.44,1783.81,1120.4098
2023-05-25 11:45:00,1783.81,1791.79,1783.74,1789.61,985.6555
2023-05-25 12:00:00,1789.61,1810.02,1789.61,1803.63,853.2364
2023-05-25 12:15:00,1803.63,1808.07,1802.18,1802.33,574.1941
2023-05-25 12:30:00,1802.33,1804.49,1798.46,1801.58,635.9234
2023-05-25 12:45:00,1801.58,1802.28,1798.77,1801.81,531.2797
2023-05-25 13:00:00,1801.81,1803.44,1800.1,1802.55,770.4248
2023-05-25 13:15:00,1802.55,1805.83,1801.67,1802.53,1071.4747
2023-05-25 13:30:00,1802.53,1803.53,1795.38,1798.49,1048.0972
2023-05-25 13:45:00,1798.49,1799.69,1794.74,1799.57,860.9083
2023-05-25 14:00:00,1799.57,1803.56,1794.38,1795.52,698.118
2023-05-25 14:15:00,1795.52,1801.49,1794.26,1799.28,772.5204
2023-05-25 14:30:00,1799.28,1801.68,1797.74,1800.07,737.5321
2023-05-25 14:45:00,1800.07,1802.5,1798.45,1799.39,763.6787
2023-05-25 15:00:00,1799.39,1801.34,1797.63,1798.8,679.5346
2023-05-25 15:15:00,1798.8,1800.49,1792.59,1793.81,703.953
2023-05-25 15:30:00,1793.81,1794.27,1786.73,1790.64,1515.6081
2023-05-25 15:45:00,1790.64,1792.72,1789.09,1791.33,932.944
2023-05-25 16:00:00,1791.33,1794.93,1791.29,1794.66,912.8003
2023-05-25 16:15:00,1794.66,1799.13,1793.92,1796.41,1016.905
2023-05-25 16:30:00,1796.41,1798.47,1795.88,1798.03,1257.1086
2023-05-25 16:45:00,1798.03,1799.03,1796.5,1797.04,873.4274
2023-05-25 17:00:00,1797.04,1799.31,1795.93,1795.98,851.4936
2023-05-25 17:15:00,1795.98,1801.78,1795.85,1801.07,839.9988
2023-05-25 17:30:00,1801.07,1805.07,1801.07,1803.08,1022.228
2023-05-25 17:45:00,1803.08,1806.66,1802.36,1804.56,660.2209
2023-05-25 18:00:00,1804.56,1809.6,1803.7,1803.86,709.9429
2023-05-25 18:15:00,1803.86,1807.29,1803.43,1806.49,507.4004
2023-05-25 18:30:00,1806.49,1807.76,1804.85,1805.51,551.2305
2023-05-25 18:45:00,1805.51,1806.0,1803.71,1805.54,580.478
2023-05-25 19:00:00,1805.54,1818.19,1804.51,1813.66,603.2341
2023-05-25 19:15:00,1813.66,1815.67,1811.06,1811.18,528.9899
2023-05-25 19:30:00,1811.18,1811.18,1807.34,1809.34,645.7878
2023-05-25 19:45:00,1809.34,1810.48,1808.39,1808.91,504.787
2023-05-25 20:00:00,1808.91,1813.64,1808.91,1812.98,668.174
2023-05-25 20:15:00,1812.98,1812.98,1809.45,1810.8,637.5921
2023-05-25 20:30:00,1810.8,1810.96,1809.36,1810.09,680.0907
2023-05-25 20:45:00,1810.09,1810.56,1809.41,1809.89,704.9746
2023-05-25 21:00:00,1809.89,1809.89,1806.96,1807.05,486.3914
2023-05-25 21:15:00,1807.05,1807.87,1806.98,1807.1,537.1684
2023-05-25 21:30:00,1807.1,1807.89,1805.76,1805.99,541.024
2023-05-25 21:45:00,1805.99,1807.74,1805.98,1807.6,496.0303
2023-05-25 22:00:00,1807.6,1809.3,1807.33,1808.85,767.2549
2023-05-25 22:15:00,1808.85,1809.45,1806.13,1807.29,908.6342
2023-05-25 22:30:00,1807.29,1807.55,1806.04,1806.07,1034.6624
2023-05-25 22:45:00,1806.07,1807.47,1806.06,1807.23,1011.6531
2023-05-25 23:00:00,1807.23,1810.67,1807.23,1810.67,797.4991
2023-05-25 23:15:00,1810.67,1812.01,1807.17,1807.59,570.2029
2023-05-25 23:30:00,1807.59,1807.82,1805.84,1805.91,648.0675
2023-05-25 23:45:00,1805.91,1806.46,1805.53,1805.55,504.2833
2023-05-26 00:00:00,1805.55,1806.06,1803.95,1804.99,563.2688
2023-05-26 00:15:00,1804.99,1808.31,1804.99,1807.5,646.2366
2023-05-26 00:30:00,1807.5,1807.71,1803.95,1804.95,660.105
2023-05-26 00:45:00,1804.95,1806.6,1802.25,1805.19,643.9987
2023-05-26 01:00:00,1805.19,1807.81,1804.64,1806.58,374.4766
2023-05-26 01:15:00,1806.58,1808.85,1798.79,1801.05,739.6753
2023-05-26 01:30:00,1801.05,1802.88,1799.42,1799.53,573.3757
2023-05-26 01:45:00,1799.53,1802.31,1797.3,1801.91,636.2266
2023-05-26 02:00:00,1801.91,1803.81,1801.4,1801.55,555.454
2023-05-26 02:15:00,1801.55,1803.6,1800.81,1802.94,475.6414
2023-05-26 02:30:00,1802.94,1804.36,1802.75,1803.18,367.5006
2023-05-26 02:45:00,1803.18,1804.35,1801.3,1801.86,456.5212
2023-05-26 03:00:00,1801.86,1803.89,1801.36,1803.88,537.5272
2023-05-26 03:15:00,1803.88,1804.99,1803.83,1804.2,443.4194
2023-05-26 03:30:00,1804.2,1808.27,1804.19,1805.71,477.3605
2023-05-26 03:45:00,1805.71,1808.01,1805.56,1807.37,811.9152
2023-05-26 04:00:00,1807.37,1809.12,1807.34,1808.36,692.3196
2023-05-26 04:15:00,1808.36,1808.36,1805.7,1805.73,676.6604
2023-05-26 04:30:00,1805.73,1807.77,1805.54,1807.27,692.6126
2023-05-26 04:45:00,1807.27,1808.24,1807.14,1808.15,718.8553
2023-05-26 05:00:00,1808.15,1808.59,1806.44,1806.49,627.6953
2023-05-26 05:15:00,1806.49,1806.71,1804.3,1805.3,451.9743
2023-05-26 05:30:00,1805.3,1805.99,1804.03,1805.85,537.4876
2023-05-26 05:45:00,1805.85,1805.85,1802.74,1803.15,528.8996
2023-05-26 06:00:00,1803.15,1804.72,1802.17,1804.72,434.65
2023-05-26 06:15:00,1804.72,1807.42,1804.72,1807.02,346.2366
2023-05-26 06:30:00,1807.02,1807.8,1806.32,1807.78,268.9184
2023-05-26 06:45:00,1807.78,1812.32,1807.77,1811.7,237.9195
2023-05-26 07:00:00,1811.7,1811.9,1809.54,1810.88,409.4212
2023-05-26 07:15:00,1810.88,1812.26,1809.67,1810.37,580.2817
2023-05-26 07:30:00,1810.37,1813.22,1810.25,1812.79,666.6362
2023-05-26 07:45:00,1812.79,1817.03,1812.56,1816.68,660.0937
2023-05-26 08:00:00,1816.68,1817.28,1813.53,1815.85,554.6458
2023-05-26 08:15:00,1815.85,1816.01,1814.58,1815.76,367.6826
2023-05-26 08:30:00,1815.76,1818.1,1813.91,1814.95,467.5275
2023-05-26 08:45:00,1814.95,1817.59,1813.37,1814.39,429.0649
2023-05-26 09:00:00,1814.39,1814.53,1812.38,1812.96,383.3305
2023-05-26 09:15:00,1812.96,1814.01,1811.77,1811.77,664.6713
2023-05-26 09:30:00,1811.77,1813.69,1811.75,1813.66,581.0636
2023-05-26 09:45:00,1813.66,1814.06,1812.44,1813.37,676.2469
2023-05-26 10:00:00,1813.37,1813.37,1812.29,1812.29,476.2374
2023-05-26 10:15:00,1812.29,1813.07,1811.19,1812.47,272.8726
2023-05-26 10:30:00,1812.47,1814.6,1812.21,1814.03,290.6763
2023-05-26 10:45:00,1814.03,1814.04,1813.41,1813.49,360.8072
2023-05-26 11:00:00,1813.49,1814.49,1812.22,1814.1,639.9699
2023-05-26 11:15:00,1814.1,1814.32,1813.02,1813.74,732.4277
2023-05-26 11:30:00,1813.74,1813.74,1811.4,1811.63,813.2592
2023-05-26 11:45:00,1811.63,1815.99,1811.61,1812.26,798.3786
2023-05-26 12:00:00,1812.26,1813.71,1812.06,1813.7,647.5209
2023-05-26 12:15:00,1813.7,1816.68,1813.46,1815.65,527.7802
2023-05-26 12:30:00,1815.65,1822.37,1809.13,1812.34,616.5797
2023-05-26 12:45:00,1812.34,1815.77,1811.91,1814.49,673.5363
2023-05-26 13:00:00,1814.49,1820.22,1814.49,1818.97,579.6836
2023-05-26 13:15:00,1818.97,1819.35,1816.67,1818.1,601.2652
2023-05-26 13:30:00,1818.1,1828.22,1818.09,1823.78,564.2359
2023-05-26 13:45:00,1823.78,1825.54,1822.46,1823.19,511.9011
2023-05-26 14:00:00,1823.19,1827.79,1820.44,1822.16,428.7083
2023-05-26 14:15:00,1822.16,1834.89,1822.16,1831.33,495.4903
2023-05-26 14:30:00,1831.33,1837.84,1829.13,1829.13,445.0637
2023-05-26 14:45:00,1829.13,1832.7,1828.98,1830.07,519.4849
2023-05-26 15:00:00,1830.07,1834.98,1830.06,1834.81,607.6114
2023-05-26 15:15:00,1834.81,1835.7,1832.11,1835.22,909.0655
2023-05-26 15:30:00,1835.22,1837.15,1832.71,1832.97,889.2471
2023-05-26 15:45:00,1832.97,1833.92,1830.18,1830.69,949.2655
2023-05-26 16:00:00,1830.69,1832.09,1829.44,1829.44,741.0172
2023-05-26 16:15:00,1829.44,1832.14,1829.34,1831.88,536.5044
2023-05-26 16:30:00,1831.88,1831.88,1829.34,1829.52,448.5489
2023-06-04 00:30:00,1892.15,1892.15,1890.93,1890.94,765.7161
2023-06-04 00:45:00,1890.94,1890.95,1887.8,1887.98,565.855
2023-06-04 01:00:00,1887.98,1890.65,1884.15,1890.11,684.7549
2023-06-04 01:15:00,1890.11,1892.74,1890.02,1891.74,533.8591
2023-06-04 01:30:00,1891.74,1892.6,1890.08,1890.49,476.9207
2023-06-04 01:45:00,1890.49,1891.24,1889.45,1890.44,360.6449
2023-06-04 02:00:00,1890.44,1891.51,1890.06,1891.5,302.6368
2023-06-04 02:15:00,1891.5,1892.57,1890.28,1890.28,486.5442
2023-06-04 02:30:00,1890.28,1892.8,1890.28,1892.52,375.2461
2023-06-04 02:45:00,1892.52,1894.39,1892.1,1894.38,885.4194
2023-06-04 03:00:00,1894.38,1894.67,1893.97,1894.67,703.2449
2023-06-04 03:15:00,1894.67,1894.74,1892.7,1892.73,700.8023
2023-06-04 03:30:00,1892.73,1894.64,1892.61,1894.62,831.1134
2023-06-04 03:45:00,1894.62,1894.69,1893.78,1893.98,589.4548
2023-06-04 04:00:00,1893.98,1894.98,1893.82,1894.98,448.5111
2023-06-04 04:15:00,1894.98,1896.0,1894.41,1894.57,454.3118
2023-06-04 04:30:00,1894.57,1895.18,1893.93,1893.94,512.2741
2023-06-04 04:45:00,1893.94,1894.78,1893.72,1894.78,600.148
2023-06-04 05:00:00,1894.78,1894.78,1893.71,1894.06,990.8353
2023-06-04 05:15:00,1894.06,1894.06,1892.55,1892.89,1269.2629
2023-06-04 05:30:00,1892.89,1892.92,1891.26,1891.89,1051.2051
2023-06-04 05:45:00,1891.89,1891.94,1891.62,1891.76,538.9241
2023-06-04 06:00:00,1891.76,1894.7,1891.04,1894.33,671.1167
2023-06-04 06:15:00,1894.33,1894.58,1892.35,1892.94,1038.974
2023-06-04 06:30:00,1892.94,1897.03,1892.93,1896.93,591.6235
2023-06-04 06:45:00,1896.93,1901.0,1896.92,1898.39,776.896
2023-06-04 07:00:00,1898.39,1899.89,1898.39,1899.89,711.3543
2023-06-04 07:15:00,1899.89,1900.71,1899.64,1899.93,848.4108
2023-06-04 07:30:00,1899.93,1899.93,1898.56,1899.06,568.5341
2023-06-04 07:45:00,1899.06,1900.8,1899.06,1900.13,751.3657
2023-06-04 08:00:00,1900.13,1901.22,1900.12,1900.9,714.239
2023-06-04 08:15:00,1900.9,1901.56,1899.77,1899.9,880.5881
2023-06-04 08:30:00,1899.9,1900.57,1899.37,1899.47,774.2774
2023-06-04 08:45:00,1899.47,1899.5,1898.53,1899.24,498.6907
2023-06-04 09:00:00,1899.24,1903.73,1899.24,1903.71,693.0159
2023-06-04 09:15:00,1903.71,1905.68,1902.97,1904.62,735.3482
2023-06-04 09:30:00,1904.62,1908.64,1904.26,1906.19,630.6443
2023-06-04 09:45:00,1906.19,1907.9,1905.15,1905.64,772.4078
2023-06-04 10:00:00,1905.64,1906.0,1904.08,1904.09,667.0209
2023-06-04 10:15:00,1904.09,1904.55,1903.43,1904.4,758.1379
2023-06-04 10:30:00,1904.4,1905.37,1903.81,1904.3,826.1381
2023-06-04 10:45:00,1904.3,1905.66,1904.08,1904.9,696.2905
2023-06-04 11:00:00,1904.9,1905.48,1904.17,1905.39,656.7076
2023-06-04 11:15:00,1905.39,1905.4,1904.04,1904.09,590.4229
2023-06-04 11:30:00,1904.09,1904.31,1902.2,1902.44,673.5654
2023-06-04 11:45:00,1902.44,1903.27,1902.27,1902.95,504.174
2023-06-04 12:00:00,1902.95,1903.59,1902.23,1903.48,408.898
2023-06-04 12:15:00,1903.48,1903.5,1901.57,1901.77,520.064
2023-06-04 12:30:00,1901.77,1904.8,1901.38,1904.37,463.2158
2023-06-04 12:45:00,1904.37,1904.53,1904.19,1904.51,787.9453
2023-06-04 13:00:00,1904.51,1904.53,1903.42,1903.45,720.5322
2023-06-04 13:15:00,1903.45,1905.6,1903.1,1904.49,754.0264
2023-06-04 13:30:00,1904.49,1907.78,1904.49,1906.97,793.2357
2023-06-04 13:45:00,1906.97,1914.11,1906.66,1907.51,688.8252
2023-06-04 14:00:00,1907.51,1908.01,1900.73,1904.43,661.3524
2023-06-04 14:15:00,1904.43,1906.01,1901.43,1901.45,753.0409
2023-06-04 14:30:00,1901.45,1904.75,1899.67,1904.35,717.2667
2023-06-04 14:45:00,1904.35,1908.43,1904.31,1905.55,888.4075
2023-06-04 15:00:00,1905.55,1906.24,1902.55,1902.55,906.8506
2023-06-04 15:15:00,1902.55,1904.73,1902.53,1904.73,888.3889
2023-06-04 15:30:00,1904.73,1905.7,1903.34,1903.7,855.2268
2023-06-04 15:45:00,1903.7,1904.55,1901.48,1901.67,780.1388
2023-06-04 16:00:00,1901.67,1902.24,1898.0,1899.66,924.5133
2023-06-04 16:15:00,1899.66,1900.78,1896.39,1897.67,851.8051
2023-06-04 16:30:00,1897.67,1898.77,1896.85,1897.96,723.6338
2023-06-04 16:45:00,1897.96,1899.04,1897.19,1897.7,772.5546
2023-06-04 17:00:00,1897.7,1900.2,1897.11,1899.26,871.2625
2023-06-04 17:15:00,1899.26,1899.68,1898.45,1899.53,903.121
2023-06-04 17:30:00,1899.53,1899.75,1898.68,1899.16,856.4563
2023-06-04 17:45:00,1899.16,1899.61,1898.5,1898.77,372.8112
2023-06-04 18:00:00,1898.77,1903.93,1898.66,1902.95,525.6594
2023-06-04 18:15:00,1902.95,1903.59,1901.79,1903.16,581.9417
2023-06-04 18:30:00,1903.16,1903.19,1901.68,1901.69,458.8223
2023-06-04 18:45:00,1901.69,1903.11,1901.45,1903.08,514.3909
2023-06-04 19:00:00,1903.08,1904.1,1902.36,1903.4,416.3007
2023-06-04 19:15:00,1903.4,1905.5,1902.99,1904.66,659.4387
2023-06-04 19:30:00,1904.66,1905.16,1903.4,1904.56,463.9708
2023-06-04 19:45:00,1904.56,1904.83,1902.95,1904.67,549.2875
2023-06-04 20:00:00,1904.67,1905.33,1904.4,1905.23,570.6492
2023-06-04 20:15:00,1905.23,1905.5,1903.97,1904.94,547.0818
2023-06-04 20:30:00,1904.94,1904.96,1903.81,1904.62,801.8517
2023-06-04 20:45:00,1904.62,1905.96,1903.83,1904.49,527.9881
2023-06-04 21:00:00,1904.49,1906.79,1903.69,1906.03,392.042
2023-06-04 21:15:00,1906.03,1906.54,1905.23,1905.28,352.4902
2023-06-04 21:30:00,1905.28,1905.28,1901.81,1901.94,522.2421
2023-06-04 21:45:00,1901.94,1902.06,1901.16,1902.05,471.314
2023-06-04 22:00:00,1902.05,1906.03,1901.23,1906.02,569.5117
2023-06-04 22:15:00,1906.02,1912.6,1900.02,1901.79,634.9874
2023-06-04 22:30:00,1901.79,1906.38,1899.07,1905.69,668.079
2023-06-04 22:45:00,1905.69,1906.93,1901.3,1901.57,427.5631
2023-06-04 23:00:00,1901.57,1904.37,1900.85,1902.83,378.1917
2023-06-04 23:15:00,1902.83,1902.86,1887.33,1887.44,672.8182
2023-06-04 23:30:00,1887.44,1892.33,1886.34,1892.33,568.8027
2023-06-04 23:45:00,1892.33,1892.33,1885.12,1889.88,887.4054
2023-06-05 00:00:00,1889.88,1890.52,1885.89,1888.01,977.7293
2023-06-05 00:15:00,1888.01,1890.58,1882.01,1890.58,1096.8177
2023-06-05 00:30:00,1890.58,1890.58,1885.24,1887.41,1072.2842
2023-06-05 00:45:00,1887.41,1887.5,1876.0,1882.06,880.175
2023-06-05 01:00:00,1882.06,1883.33,1877.51,1880.48,885.6955
2023-06-05 01:15:00,1880.48,1882.93,1875.92,1882.93,830.9758
2023-06-05 01:30:00,1882.93,1882.97,1880.89,1881.75,801.0815
2023-06-05 01:45:00,1881.75,1885.06,1880.45,1884.35,949.6711
2023-06-05 02:00:00,1884.35,1886.98,1883.39,1885.94,987.3849
2023-06-05 02:15:00,1885.94,1886.25,1885.06,1886.16,805.1198
2023-06-05 02:30:00,1886.16,1886.19,1882.32,1882.64,848.0497
2023-06-05 02:45:00,1882.64,1882.66,1869.68,1875.06,796.1393
2023-06-05 03:00:00,1875.06,1875.06,1870.27,1871.56,958.2731
2023-06-05 03:15:00,1871.56,1874.8,1867.94,1874.8,773.0765
2023-06-05 03:30:00,1874.8,1874.8,1871.0,1872.93,751.328
2023-06-05 03:45:00,1872.93,1872.93,1867.9,1869.71,1038.7711
2023-06-05 04:00:00,1869.71,1872.65,1866.47,1872.35,947.1187
2023-06-05 04:15:00,1872.35,1872.86,1870.91,1871.67,999.7542
2023-06-05 04:30:00,1871.67,1873.57,1871.1,1871.95,882.7567
2023-06-05 04:45:00,1871.95,1871.98,1868.34,1870.35,574.9445
2023-06-05 05:00:00,1870.35,1870.35,1862.22,1864.72,763.2102
2023-06-05 05:15:00,1864.72,1869.08,1863.08,1869.08,684.0539
2023-06-05 05:30:00,1869.08,1869.76,1868.13,1869.29,696.0409
2023-06-05 05:45:00,1869.29,1871.38,1868.91,1870.59,751.982
2023-06-05 06:00:00,1870.59,1871.5,1870.07,1871.25,578.4904
2023-06-05 06:15:00,1871.25,1871.98,1870.0,1871.05,680.2619
2023-06-05 06:30:00,1871.05,1871.05,1869.31,1870.78,630.9229
2023-06-05 06:45:00,1870.78,1871.1,1869.27,1869.6,414.6507
2023-06-05 07:00:00,1869.6,1871.6,1869.14,1871.6,405.9387
2023-06-05 07:15:00,1871.6,1872.61,1870.36,1872.6,908.8926
2023-06-05 07:30:00,1872.6,1872.61,1872.02,1872.14,468.6087
2023-06-05 07:45:00,1872.14,1873.38,1872.09,1873.37,608.6931
2023-06-05 08:00:00,1873.37,1873.68,1872.01,1872.79,573.9646
2023-06-05 08:15:00,1872.79,1872.85,1870.9,1872.12,833.4657
2023-06-05 08:30:00,1872.12,1872.9,1872.12,1872.31,838.7194
2023-06-05 08:45:00,1872.31,1872.32,1869.54,1870.12,987.6704
2023-06-05 09:00:00,1870.12,1873.51,1868.93,1872.5,1366.7069
2023-06-05 09:15:00,1872.5,1872.5,1870.42,1871.29,902.1621
2023-06-05 09:30:00,1871.29,1871.34,1870.45,1870.69,1252.8749
2023-06-05 09:45:00,1870.69,1870.7,1869.33,1869.65,657.8602
2023-06-05 10:00:00,1869.65,1870.24,1868.0,1868.04,724.0114
2023-06-05 10:15:00,1868.04,1868.59,1867.03,1867.24,594.5106
2023-06-05 10:30:00,1867.24,1870.66,1864.81,1865.68,799.7299
2023-06-05 10:45:00,1865.68,1867.88,1864.39,1864.56,898.166
2023-06-05 11:00:00,1864.56,1868.15,1863.47,1867.02,1094.2696
2023-06-05 11:15:00,1867.02,1869.43,1865.48,1869.32,1054.4393
2023-06-05 11:30:00,1869.32,1869.74,1867.34,1869.68,1137.1974
2023-06-05 11:45:00,1869.68,1870.75,1868.93,1869.92,996.7177
2023-06-05 12:00:00,1869.92,1870.61,1869.1,1870.6,998.823
2023-06-05 12:15:00,1870.6,1870.63,1868.4,1869.09,1015.3082
2023-06-05 12:30:00,1869.09,1869.17,1862.73,1863.76,1532.3921
2023-06-05 12:45:00,1863.76,1866.23,1862.22,1864.82,1081.9478
2023-06-05 13:00:00,1864.82,1868.55,1859.98,1867.72,1008.7328
2023-06-05 13:15:00,1867.72,1868.58,1864.79,1866.66,997.2481
2023-06-05 13:30:00,1866.66,1869.33,1866.66,1868.7,1068.7638
2023-06-05 13:45:00,1868.7,1869.72,1866.63,1867.44,673.7207
2023-06-05 14:00:00,1867.44,1871.2,1865.05,1865.21,817.8937
2023-06-05 14:15:00,1865.21,1868.29,1863.98,1867.01,1113.8361
2023-06-05 14:30:00,1867.01,1868.4,1865.59,1868.3,962.538
2023-06-05 14:45:00,1868.3,1869.69,1867.65,1868.14,905.8356
2023-06-05 15:00:00,1868.14,1868.58,1852.24,1859.85,1230.6192
2023-06-05 15:15:00,1859.85,1859.97,1846.84,1854.49,1318.1258
2023-06-05 15:30:00,1854.49,1856.77,1848.9,1854.94,1224.1319
2023-06-05 15:45:00,1854.94,1855.39,1821.43,1822.0,1141.1951
2023-06-05 16:00:00,1822.0,1823.08,1779.1,1814.14,1341.8366
2023-06-05 16:15:00,1814.14,1817.35,1806.81,1816.41,1037.8435
2023-06-05 16:30:00,1816.41,1816.41,1810.52,1812.01,1352.7773
2023-06-05 16:45:00,1812.01,1813.0,1803.08,1813.0,1793.6411
2023-06-05 17:00:00,1813.0,1813.17,1805.14,1806.12,1754.7277
2023-06-05 17:15:00,1806.12,1810.68,1804.63,1808.6,1932.3374
2023-06-05 17:30:00,1808.6,1816.1,1804.97,1816.05,2020.3571
2023-06-05 17:45:00,1816.05,1817.84,1814.27,1816.47,2021.7654
2023-06-05 18:00:00,1816.47,1816.48,1810.95,1812.75,2082.9045
2023-06-05 18:15:00,1812.75,1814.47,1807.41,1809.59,1859.3163
2023-06-05 18:30:00,1809.59,1809.91,1806.16,1806.16,1581.4055
2023-06-05 18:45:00,1806.16,1808.36,1804.37,1806.94,1138.3136
2023-06-05 19:00:00,1806.94,1808.19,1801.27,1805.13,1661.5927
2023-06-05 19:15:00,1805.13,1806.59,1796.7,1801.45,1653.159
2023-06-05 19:30:00,1801.45,1807.01,1800.85,1804.14,1623.0319
2023-06-05 19:45:00,1804.14,1808.91,1802.93,1806.39,2443.272
2023-06-05 20:00:00,1806.39,1808.06,1805.4,1808.01,1714.2001
2023-06-05 20:15:00,1808.01,1808.33,1805.02,1805.16,1897.7864
2023-06-05 20:30:00,1805.16,1805.9,1803.06,1804.41,2036.228
2023-06-05 20:45:00,1804.41,1806.16,1803.73,1805.0,2289.624
2023-06-05 21:00:00,1805.0,1805.0,1803.77,1804.27,2279.4502
2023-06-05 21:15:00,1804.27,1804.61,1793.63,1801.19,2310.3607
2023-06-05 21:30:00,1801.19,1803.39,1796.91,1799.96,1931.9221
2023-06-05 21:45:00,1799.96,1807.01,1799.67,1807.01,1771.1755
2023-06-05 22:00:00,1807.01,1807.62,1805.02,1805.86,1998.8082
2023-06-05 22:15:00,1805.86,1808.59,1805.25,1807.71,1988.6013
2023-06-05 22:30:00,1807.71,1809.81,1807.43,1809.75,2357.2539
2023-06-05 22:45:00,1809.75,1809.8,1806.23,1807.12,2261.9766
2023-06-05 23:00:00,1807.12,1809.76,1806.61,1809.19,1845.0024
2023-06-05 23:15:00,1809.19,1815.4,1809.15,1815.4,1867.1446
2023-06-05 23:30:00,1815.4,1815.71,1812.77,1814.38,2013.5683
2023-06-05 23:45:00,1814.38,1814.45,1809.4,1810.36,1196.0621
2023-06-06 00:00:00,1810.36,1811.33,1809.26,1810.67,1188.4634
2023-06-06 00:15:00,1810.67,1811.6,1809.19,1810.07,1210.0403
2023-06-06 00:30:00,1810.07,1812.0,1809.52,1811.84,989.228
2023-06-06 00:45:00,1811.84,1811.85,1808.97,1810.88,1195.1396
2023-06-06 01:00:00,1810.88,1811.39,1807.0,1807.28,711.0286
2023-06-06 01:15:00,1807.28,1808.77,1805.69,1806.5,752.3559
2023-06-06 01:30:00,1806.5,1807.75,1804.82,1806.98,723.7173
2023-06-06 01:45:00,1806.98,1806.98,1804.98,1805.3,769.0691
2023-06-06 02:00:00,1805.3,1808.54,1803.08,1806.99,1162.9056
2023-06-06 02:15:00,1806.99,1811.96,1806.85,1810.95,1231.0426
2023-06-14 10:15:00,1746.07,1746.45,1744.31,1745.56,1071.5401
2023-06-14 10:30:00,1745.56,1747.16,1743.71,1746.76,919.0923
2023-06-14 10:45:00,1746.76,1747.39,1746.11,1747.04,550.0061
2023-06-14 11:00:00,1747.04,1747.85,1745.27,1746.09,718.552
2023-06-14 11:15:00,1746.09,1748.01,1746.09,1747.86,645.7395
2023-06-14 11:30:00,1747.86,1749.91,1745.31,1746.04,752.1427
2023-06-14 11:45:00,1746.04,1746.64,1745.52,1745.91,1280.9105
2023-06-14 12:00:00,1745.91,1746.74,1745.49,1745.5,1226.3491
2023-06-14 12:15:00,1745.5,1749.09,1745.5,1747.6,884.7102
2023-06-14 12:30:00,1747.6,1748.73,1743.63,1744.58,809.9192
2023-06-14 12:45:00,1744.58,1748.9,1743.52,1745.85,341.6389
2023-06-14 13:00:00,1745.85,1746.02,1744.51,1745.05,468.5415
2023-06-14 13:15:00,1745.05,1745.11,1742.12,1743.6,402.0766
2023-06-14 13:30:00,1743.6,1744.28,1737.78,1740.87,676.6919
2023-06-14 13:45:00,1740.87,1742.19,1739.24,1741.12,612.3866
2023-06-14 14:00:00,1741.12,1742.87,1738.97,1742.38,663.8331
2023-06-14 14:15:00,1742.38,1743.41,1741.0,1741.31,606.8374
2023-06-14 14:30:00,1741.31,1743.47,1740.53,1742.56,684.314
2023-06-14 14:45:00,1742.56,1742.86,1741.38,1741.67,656.9268
2023-06-14 15:00:00,1741.67,1743.8,1740.8,1743.0,711.3753
2023-06-14 15:15:00,1743.0,1744.23,1740.79,1741.02,545.9469
2023-06-14 15:30:00,1741.02,1741.54,1740.42,1740.52,745.569
2023-06-14 15:45:00,1740.52,1741.22,1737.51,1741.05,833.7577
2023-06-14 16:00:00,1741.05,1742.97,1739.46,1742.74,758.8734
2023-06-14 16:15:00,1742.74,1742.84,1741.03,1741.75,907.6117
2023-06-14 16:30:00,1741.75,1742.83,1739.41,1740.28,704.8052
2023-06-14 16:45:00,1740.28,1740.28,1738.17,1738.55,635.4315
2023-06-14 17:00:00,1738.55,1739.29,1734.14,1735.1,598.2858
2023-06-14 17:15:00,1735.1,1736.3,1731.67,1735.57,678.0509
2023-06-14 17:30:00,1735.57,1739.96,1734.47,1738.27,759.0401
2023-06-14 17:45:00,1738.27,1744.8,1737.3,1743.51,792.8749
2023-06-14 18:00:00,1743.51,1746.85,1721.29,1731.51,1151.0161
2023-06-14 18:15:00,1731.51,1732.35,1726.25,1731.97,985.5398
2023-06-14 18:30:00,1731.97,1741.75,1729.7,1741.28,948.9713
2023-06-14 18:45:00,1741.28,1745.18,1733.33,1733.83,832.1975
2023-06-14 19:00:00,1733.83,1739.5,1731.56,1734.03,763.2345
2023-06-14 19:15:00,1734.03,1734.33,1727.65,1730.84,859.0696
2023-06-14 19:30:00,1730.84,1732.86,1727.27,1730.36,794.1951
2023-06-14 19:45:00,1730.36,1731.48,1728.01,1728.99,836.4083
2023-06-14 20:00:00,1728.99,1728.99,1671.67,1687.13,1454.1035
2023-06-14 20:15:00,1687.13,1687.13,1675.56,1680.5,1033.2091
2023-06-14 20:30:00,1680.5,1680.5,1633.44,1656.32,1459.2938
2023-06-14 20:45:00,1656.32,1657.64,1631.11,1637.87,1806.5016
2023-06-14 21:00:00,1637.87,1655.28,1631.8,1648.68,1190.8082
2023-06-14 21:15:00,1648.68,1652.79,1641.42,1646.18,1592.8656
2023-06-14 21:30:00,1646.18,1652.25,1645.75,1650.0,1342.2609
2023-06-14 21:45:00,1650.0,1655.57,1648.73,1654.32,1013.8751
2023-06-14 22:00:00,1654.32,1655.01,1651.44,1653.89,949.8215
2023-06-14 22:15:00,1653.89,1655.59,1651.0,1652.96,969.7159
2023-06-14 22:30:00,1652.96,1653.74,1647.22,1650.31,1285.4929
2023-06-14 22:45:00,1650.31,1650.36,1648.15,1649.96,1152.6954
2023-06-14 23:00:00,1649.96,1650.96,1646.21,1647.13,935.8329
2023-06-14 23:15:00,1647.13,1650.31,1646.03,1648.95,1118.0564
2023-06-14 23:30:00,1648.95,1651.0,1648.56,1650.92,1087.8105
2023-06-14 23:45:00,1650.92,1653.31,1650.01,1650.96,1424.8076
2023-06-15 00:00:00,1650.96,1651.93,1649.09,1651.89,1427.4548
2023-06-15 00:15:00,1651.89,1653.45,1651.32,1652.13,1342.8405
2023-06-15 00:30:00,1652.13,1655.56,1651.61,1652.78,1077.0737
2023-06-15 00:45:00,1652.78,1655.56,1651.4,1655.56,980.9797
2023-06-15 01:00:00,1655.56,1655.68,1652.77,1653.94,1012.6401
2023-06-15 01:15:00,1653.94,1653.95,1649.91,1650.09,956.0394
2023-06-15 01:30:00,1650.09,1650.47,1647.23,1648.03,1452.8021
2023-06-15 01:45:00,1648.03,1649.46,1643.74,1649.26,1883.1535
2023-06-15 02:00:00,1649.26,1652.7,1649.07,1652.03,1899.1059
2023-06-15 02:15:00,1652.03,1653.68,1650.82,1652.74,1455.6908
2023-06-15 02:30:00,1652.74,1653.25,1651.59,1652.15,1841.4709
2023-06-15 02:45:00,1652.15,1653.1,1649.71,1650.44,1766.7824
2023-06-15 03:00:00,1650.44,1650.56,1648.74,1649.07,1655.414
2023-06-15 03:15:00,1649.07,1649.78,1648.88,1649.68,1872.1349
2023-06-15 03:30:00,1649.68,1652.8,1649.68,1652.05,1434.0997
2023-06-15 03:45:00,1652.05,1653.39,1651.96,1651.97,1117.6526
2023-06-15 04:00:00,1651.97,1651.97,1649.16,1649.53,1211.2231
2023-06-15 04:15:00,1649.53,1649.83,1647.19,1647.23,1084.5465
2023-06-15 04:30:00,1647.23,1651.78,1645.62,1650.67,1044.6051
2023-06-15 04:45:00,1650.67,1653.27,1650.27,1650.44,941.5644
2023-06-15 05:00:00,1650.44,1651.12,1649.92,1650.55,695.1243
2023-06-15 05:15:00,1650.55,1650.81,1644.6,1647.99,1114.2715
2023-06-15 05:30:00,1647.99,1648.82,1644.3,1645.0,1160.2257
2023-06-15 05:45:00,1645.0,1648.27,1642.87,1647.5,1281.1376
2023-06-15 06:00:00,1647.5,1648.76,1644.47,1648.49,1460.0207
2023-06-15 06:15:00,1648.49,1648.52,1641.74,1643.49,1341.5929
2023-06-15 06:30:00,1643.49,1643.51,1639.36,1641.52,1152.4961
2023-06-15 06:45:00,1641.52,1643.39,1635.0,1636.91,1349.7501
2023-06-15 07:00:00,1636.91,1639.09,1632.24,1638.71,1743.0665
2023-06-15 07:15:00,1638.71,1640.94,1637.01,1638.75,1275.0214
2023-06-15 07:30:00,1638.75,1641.76,1638.64,1641.76,1628.9212
2023-06-15 07:45:00,1641.76,1643.54,1639.01,1639.98,1986.7578
2023-06-15 08:00:00,1639.98,1641.98,1639.15,1641.82,1514.5444
2023-06-15 08:15:00,1641.82,1643.25,1640.53,1643.18,1859.9242
2023-06-15 08:30:00,1643.18,1644.21,1642.22,1643.36,1189.0793
2023-06-15 08:45:00,1643.36,1643.36,1639.57,1640.02,675.5028
2023-06-15 09:00:00,1640.02,1640.95,1639.54,1640.68,588.3722
2023-06-15 09:15:00,1640.68,1640.85,1632.75,1634.48,629.2285
2023-06-15 09:30:00,1634.48,1636.12,1627.46,1635.52,1056.6306
2023-06-15 09:45:00,1635.52,1637.7,1635.52,1637.14,956.9659
2023-06-15 10:00:00,1637.14,1641.06,1636.95,1640.87,976.0699
2023-06-15 10:15:00,1640.87,1641.74,1637.67,1639.17,1105.5166
2023-06-15 10:30:00,1639.17,1639.4,1635.46,1635.55,800.9567
2023-06-15 10:45:00,1635.55,1636.79,1634.5,1636.3,713.5535
2023-06-15 11:00:00,1636.3,1636.72,1634.34,1634.37,464.164
2023-06-15 11:15:00,1634.37,1638.49,1631.57,1634.41,665.8188
2023-06-15 11:30:00,1634.41,1643.29,1634.39,1641.34,1101.3402
2023-06-15 11:45:00,1641.34,1645.13,1641.22,1642.89,1293.7989
2023-06-15 12:00:00,1642.89,1644.26,1640.01,1640.37,1277.5264
2023-06-15 12:15:00,1640.37,1641.7,1637.01,1639.31,1294.6476
2023-06-15 12:30:00,1639.31,1641.81,1636.0,1638.8,1442.2321
2023-06-15 12:45:00,1638.8,1641.27,1637.9,1640.99,1292.4522
2023-06-15 13:00:00,1640.99,1643.99,1638.62,1640.48,1708.2593
2023-06-15 13:15:00,1640.48,1645.35,1640.48,1644.05,1647.3344
2023-06-15 13:30:00,1644.05,1650.13,1643.16,1649.95,1236.5915
2023-06-15 13:45:00,1649.95,1651.84,1647.74,1648.07,767.4566
2023-06-15 14:00:00,1648.07,1648.98,1646.23,1648.98,804.8906
2023-06-15 14:15:00,1648.98,1648.98,1646.0,1646.55,741.6272
2023-06-15 14:30:00,1646.55,1647.69,1644.4,1646.9,695.8753
2023-06-15 14:45:00,1646.9,1647.74,1642.86,1644.24,800.5712
2023-06-15 15:00:00,1644.24,1644.73,1641.51,1643.51,816.5053
2023-06-15 15:15:00,1643.51,1645.43,1641.62,1643.9,799.0961
2023-06-15 15:30:00,1643.9,1646.39,1643.4,1645.6,904.0118
2023-06-15 15:45:00,1645.6,1645.74,1642.02,1642.38,867.5454
2023-06-15 16:00:00,1642.38,1642.51,1639.51,1641.29,1166.8045
2023-06-15 16:15:00,1641.29,1643.49,1641.29,1643.48,1152.5961
2023-06-15 16:30:00,1643.48,1643.63,1642.25,1643.13,1107.9034
2023-06-15 16:45:00,1643.13,1643.14,1638.94,1641.45,963.276
2023-06-15 17:00:00,1641.45,1642.42,1634.78,1637.53,933.5503
2023-06-15 17:15:00,1637.53,1640.11,1636.43,1638.34,988.1754
2023-06-15 17:30:00,1638.34,1643.0,1636.48,1642.77,1245.1725
2023-06-15 17:45:00,1642.77,1651.0,1642.74,1650.03,1449.5493
2023-06-15 18:00:00,1650.03,1654.39,1647.15,1650.38,1471.1105
2023-06-15 18:15:00,1650.38,1652.33,1649.04,1652.04,1488.4935
2023-06-15 18:30:00,1652.04,1657.2,1652.04,1654.26,1312.2137
2023-06-15 18:45:00,1654.26,1669.0,1653.47,1668.92,1334.7913
2023-06-15 19:00:00,1668.92,1671.93,1665.74,1670.57,1312.0141
2023-06-15 19:15:00,1670.57,1671.23,1663.29,1667.05,1163.1703
2023-06-15 19:30:00,1667.05,1670.13,1664.85,1666.54,1476.4
2023-06-15 19:45:00,1666.54,1669.17,1663.71,1669.14,1501.8803
2023-06-15 20:00:00,1669.14,1670.57,1665.78,1665.94,1460.1637
2023-06-15 20:15:00,1665.94,1665.94,1655.95,1655.95,1465.6233
2023-06-15 20:30:00,1655.95,1661.25,1654.71,1659.63,1360.6614
2023-06-15 20:45:00,1659.63,1670.35,1659.01,1670.35,1095.5761
2023-06-15 21:00:00,1670.35,1680.0,1667.8,1673.9,1285.3367
2023-06-15 21:15:00,1673.9,1678.05,1670.28,1674.68,1193.2268
2023-06-15 21:30:00,1674.68,1678.39,1666.69,1668.16,1210.7241
2023-06-15 21:45:00,1668.16,1670.26,1666.33,1666.58,1361.5667
2023-06-15 22:00:00,1666.58,1667.41,1665.59,1666.5,1320.3089
2023-06-15 22:15:00,1666.5,1668.24,1665.65,1667.67,1214.7359
2023-06-15 22:30:00,1667.67,1668.3,1665.0,1668.28,1208.4779
2023-06-15 22:45:00,1668.28,1668.44,1664.45,1665.41,1221.0616
2023-06-15 23:00:00,1665.41,1665.71,1662.56,1663.37,1015.4638
2023-06-15 23:15:00,1663.37,1665.54,1662.75,1665.09,1306.8022
2023-06-15 23:30:00,1665.09,1665.74,1664.09,1665.16,1383.3651
2023-06-15 23:45:00,1665.16,1667.71,1664.43,1666.81,1441.0783
2023-06-16 00:00:00,1666.81,1666.82,1663.51,1665.31,1491.9377
2023-06-16 00:15:00,1665.31,1666.07,1661.06,1663.95,1467.1181
2023-06-16 00:30:00,1663.95,1664.05,1660.69,1663.44,1034.8426
2023-06-16 00:45:00,1663.44,1664.78,1662.27,1662.27,876.9952
2023-06-16 01:00:00,1662.27,1662.71,1660.0,1662.17,1200.8818
2023-06-16 01:15:00,1662.17,1663.59,1662.15,1663.53,1257.247
2023-06-16 01:30:00,1663.53,1666.48,1662.98,1666.47,822.4869
2023-06-16 01:45:00,1666.47,1666.47,1662.85,1663.26,682.0619
2023-06-16 02:00:00,1663.26,1663.76,1661.9,1662.4,818.0589
2023-06-16 02:15:00,1662.4,1664.32,1662.17,1664.28,948.0457
2023-06-16 02:30:00,1664.28,1664.45,1662.6,1663.5,1004.2715
2023-06-16 02:45:00,1663.5,1666.0,1663.5,1665.8,1221.3645
2023-06-16 03:00:00,1665.8,1665.89,1665.05,1665.62,1003.6294
2023-06-16 03:15:00,1665.62,1666.6,1664.97,1665.32,983.871
2023-06-16 03:30:00,1665.32,1666.99,1665.07,1666.66,1104.6902
2023-06-16 03:45:00,1666.66,1669.49,1666.6,1666.96,1517.6128
2023-06-16 04:00:00,1666.96,1670.71,1666.96,1670.55,1436.6014
2023-06-16 04:15:00,1670.55,1673.99,1667.98,1668.58,1273.6553
2023-06-16 04:30:00,1668.58,1668.93,1666.71,1667.08,1298.6552
2023-06-16 04:45:00,1667.08,1668.39,1666.74,1667.94,1478.5425
2023-06-16 05:00:00,1667.94,1670.69,1667.85,1669.32,1397.0201
2023-06-16 05:15:00,1669.32,1671.57,1669.32,1671.18,1453.7668
2023-06-16 05:30:00,1671.18,1671.36,1668.96,1670.43,843.2354
2023-06-16 05:45:00,1670.43,1673.71,1670.25,1672.84,648.2184
2023-06-16 06:00:00,1672.84,1674.42,1671.94,1673.93,689.4041
2023-06-16 06:15:00,1673.93,1673.94,1671.82,1672.32,574.5967
2023-06-16 06:30:00,1672.32,1674.71,1672.28,1674.48,810.59
2023-06-16 06:45:00,1674.48,1674.51,1671.6,1671.6,1200.0673
2023-06-16 07:00:00,1671.6,1672.72,1671.4,1671.83,1058.3245
2023-06-16 07:15:00,1671.83,1671.98,1670.24,1671.12,961.0166
2023-06-16 07:30:00,1671.12,1672.58,1671.09,1671.41,805.9094
2023-06-16 07:45:00,1671.41,1673.04,1670.39,1670.82,938.6691
2023-06-16 08:00:00,1670.82,1673.24,1670.82,1672.91,929.6136
2023-06-16 08:15:00,1672.91,1676.12,1671.23,1675.46,792.146
2023-06-16 08:30:00,1675.46,1676.89,1673.48,1673.52,685.456
2023-06-16 08:45:00,1673.52,1673.97,1670.5,1670.51,702.4703
2023-06-16 09:00:00,1670.51,1672.09,1670.15,1671.46,538.0326
2023-06-16 09:15:00,1671.46,1673.0,1671.22,1671.5,604.3748
2023-06-16 09:30:00,1671.5,1671.52,1670.97,1670.98,528.6736
2023-06-16 09:45:00,1670.98,1671.0,1670.22,1670.56,576.775
2023-06-16 10:00:00,1670.56,1671.78,1668.33,1669.57,527.9027
2023-06-16 10:15:00,1669.57,1670.83,1668.28,1670.32,441.5686
2023-06-16 10:30:00,1670.32,1671.34,1669.67,1670.84,752.8681
2023-06-16 10:45:00,1670.84,1671.55,1670.7,1670.95,775.2908
2023-06-16 11:00:00,1670.95,1671.9,1670.63,1671.0,799.8297
2023-06-16 11:15:00,1671.0,1671.28,1665.11,1666.99,783.7771
2023-06-16 11:30:00,1666.99,1667.82,1664.57,1665.86,876.011
2023-06-16 11:45:00,1665.86,1667.55,1663.82,1664.25,827.3323
2023-06-16 12:00:00,1664.25,1665.62,1664.07,1665.15,1311.0254
2023-06-24 20:00:00,1887.92,1887.92,1883.24,1884.87,766.8052
2023-06-24 20:15:00,1884.87,1885.38,1883.04,1884.45,692.0303
2023-06-24 20:30:00,1884.45,1884.47,1881.27,1882.61,880.0022
2023-06-24 20:45:00,1882.61,1883.26,1874.52,1876.99,905.9205
2023-06-24 21:00:00,1876.99,1877.8,1865.0,1866.61,824.0498
2023-06-24 21:15:00,1866.61,1873.99,1864.86,1872.79,962.2184
2023-06-24 21:30:00,1872.79,1877.38,1871.98,1876.54,740.4548
2023-06-24 21:45:00,1876.54,1877.21,1873.73,1875.14,589.8393
2023-06-24 22:00:00,1875.14,1877.1,1875.13,1875.53,775.7637
2023-06-24 22:15:00,1875.53,1876.17,1872.11,1874.49,682.1783
2023-06-24 22:30:00,1874.49,1874.58,1873.01,1873.73,717.1339
2023-06-24 22:45:00,1873.73,1875.6,1871.78,1874.95,658.0357
2023-06-24 23:00:00,1874.95,1878.32,1874.95,1876.32,1044.854
2023-06-24 23:15:00,1876.32,1876.88,1874.93,1876.0,630.9235
2023-06-24 23:30:00,1876.0,1876.51,1873.55,1873.72,617.5119
2023-06-24 23:45:00,1873.72,1877.21,1872.72,1875.01,587.7512
2023-06-25 00:00:00,1875.01,1879.34,1874.36,1879.3,742.5998
2023-06-25 00:15:00,1879.3,1879.32,1870.33,1870.98,839.1229
2023-06-25 00:30:00,1870.98,1875.23,1869.17,1870.56,784.5778
2023-06-25 00:45:00,1870.56,1873.67,1870.5,1872.76,689.7657
2023-06-25 01:00:00,1872.76,1875.98,1869.22,1875.42,739.6601
2023-06-25 01:15:00,1875.42,1879.94,1875.26,1879.09,557.2626
2023-06-25 01:30:00,1879.09,1879.32,1877.58,1878.82,655.0245
2023-06-25 01:45:00,1878.82,1878.82,1876.67,1877.95,707.7165
2023-06-25 02:00:00,1877.95,1878.99,1876.35,1877.38,763.9149
2023-06-25 02:15:00,1877.38,1880.36,1877.08,1880.13,591.9732
2023-06-25 02:30:00,1880.13,1884.46,1879.37,1883.18,805.5962
2023-06-25 02:45:00,1883.18,1886.0,1882.64,1883.38,752.6738
2023-06-25 03:00:00,1883.38,1886.8,1883.37,1885.34,692.7691
2023-06-25 03:15:00,1885.34,1888.24,1884.37,1888.01,582.5512
2023-06-25 03:30:00,1888.01,1891.42,1887.58,1889.94,581.4386
2023-06-25 03:45:00,1889.94,1896.48,1889.94,1895.03,556.416
2023-06-25 04:00:00,1895.03,1903.84,1895.03,1902.7,729.2873
2023-06-25 04:15:00,1902.7,1914.47,1902.7,1911.21,717.5787
2023-06-25 04:30:00,1911.21,1915.43,1907.22,1907.39,888.1664
2023-06-25 04:45:00,1907.39,1909.87,1904.6,1906.4,919.0427
2023-06-25 05:00:00,1906.4,1910.14,1903.61,1909.76,669.6981
2023-06-25 05:15:00,1909.76,1914.04,1907.57,1912.52,633.8669
2023-06-25 05:30:00,1912.52,1917.71,1910.62,1916.53,649.9452
2023-06-25 05:45:00,1916.53,1918.33,1911.7,1911.73,635.2591
2023-06-25 06:00:00,1911.73,1913.79,1907.59,1912.14,622.7035
2023-06-25 06:15:00,1912.14,1929.6,1912.14,1927.5,533.2707
2023-06-25 06:30:00,1927.5,1929.65,1919.9,1921.52,939.1803
2023-06-25 06:45:00,1921.52,1923.89,1917.45,1920.14,599.1563
2023-06-25 07:00:00,1920.14,1920.78,1916.89,1919.66,829.8312
2023-06-25 07:15:00,1919.66,1919.66,1908.73,1912.55,1282.4046
2023-06-25 07:30:00,1912.55,1912.77,1907.66,1911.86,651.3067
2023-06-25 07:45:00,1911.86,1913.35,1908.53,1911.84,571.6539
2023-06-25 08:00:00,1911.84,1914.83,1910.78,1914.73,873.0857
2023-06-25 08:15:00,1914.73,1918.77,1912.48,1916.82,664.7926
2023-06-25 08:30:00,1916.82,1918.12,1910.87,1912.08,1147.9106
2023-06-25 08:45:00,1912.08,1920.83,1911.91,1916.38,899.4224
2023-06-25 09:00:00,1916.38,1917.14,1911.86,1913.05,868.5691
2023-06-25 09:15:00,1913.05,1915.07,1907.61,1911.23,892.7541
2023-06-25 09:30:00,1911.23,1917.19,1909.3,1915.84,522.712
2023-06-25 09:45:00,1915.84,1921.2,1915.54,1918.37,489.6469
2023-06-25 10:00:00,1918.37,1919.89,1916.48,1916.59,736.3199
2023-06-25 10:15:00,1916.59,1917.18,1913.15,1917.0,564.872
2023-06-25 10:30:00,1917.0,1924.1,1914.59,1922.34,565.4046
2023-06-25 10:45:00,1922.34,1924.4,1915.18,1915.25,734.6282
2023-06-25 11:00:00,1915.25,1916.91,1911.73,1916.37,390.4495
2023-06-25 11:15:00,1916.37,1916.83,1911.65,1911.65,700.9248
2023-06-25 11:30:00,1911.65,1916.98,1910.0,1915.86,662.8255
2023-06-25 11:45:00,1915.86,1918.45,1915.0,1918.38,757.2606
2023-06-25 12:00:00,1918.38,1919.58,1915.68,1916.01,721.22
2023-06-25 12:15:00,1916.01,1916.85,1911.01,1912.77,997.9754
2023-06-25 12:30:00,1912.77,1913.88,1909.27,1911.84,874.2695
2023-06-25 12:45:00,1911.84,1916.04,1911.4,1913.34,784.4356
2023-06-25 13:00:00,1913.34,1914.59,1903.48,1906.06,979.5485
2023-06-25 13:15:00,1906.06,1909.65,1900.24,1905.71,1022.6704
2023-06-25 13:30:00,1905.71,1907.4,1898.59,1905.32,878.9116
2023-06-25 13:45:00,1905.32,1907.38,1904.61,1905.7,628.0494
2023-06-25 14:00:00,1905.7,1909.46,1901.2,1902.93,1127.4941
2023-06-25 14:15:00,1902.93,1906.37,1900.17,1903.46,798.5196
2023-06-25 14:30:00,1903.46,1904.83,1898.18,1899.11,830.2491
2023-06-25 14:45:00,1899.11,1899.78,1888.86,1890.39,1278.1921
2023-06-25 15:00:00,1890.39,1890.39,1881.6,1889.56,995.3401
2023-06-25 15:15:00,1889.56,1890.72,1885.61,1887.98,829.359
2023-06-25 15:30:00,1887.98,1888.3,1885.3,1887.37,459.422
2023-06-25 15:45:00,1887.37,1890.34,1884.23,1886.34,464.459
2023-06-25 16:00:00,1886.34,1893.38,1884.49,1886.0,412.906
2023-06-25 16:15:00,1886.0,1889.09,1884.79,1888.51,400.3571
2023-06-25 16:30:00,1888.51,1893.3,1887.22,1893.3,792.2064
2023-06-25 16:45:00,1893.3,1893.99,1891.6,1891.91,604.4827
2023-06-25 17:00:00,1891.91,1893.51,1890.32,1893.21,664.2859
2023-06-25 17:15:00,1893.21,1893.57,1889.01,1890.39,719.1154
2023-06-25 17:30:00,1890.39,1892.54,1886.37,1886.47,415.4961
2023-06-25 17:45:00,1886.47,1893.08,1885.24,1893.08,348.2422
2023-06-25 18:00:00,1893.08,1893.08,1881.77,1884.18,638.1072
2023-06-25 18:15:00,1884.18,1890.31,1883.45,1886.81,574.9999
2023-06-25 18:30:00,1886.81,1892.0,1885.49,1891.57,345.2181
2023-06-25 18:45:00,1891.57,1894.81,1891.29,1894.81,445.2772
2023-06-25 19:00:00,1894.81,1894.81,1890.11,1891.13,469.6133
2023-06-25 19:15:00,1891.13,1892.04,1888.02,1890.23,537.9843
2023-06-25 19:30:00,1890.23,1891.15,1884.66,1889.06,442.5093
2023-06-25 19:45:00,1889.06,1895.05,1888.74,1895.05,309.997
2023-06-25 20:00:00,1895.05,1899.94,1893.57,1898.78,335.8284
2023-06-25 20:15:00,1898.78,1901.67,1897.83,1899.6,291.6969
2023-06-25 20:30:00,1899.6,1900.13,1897.7,1898.94,564.9567
2023-06-25 20:45:00,1898.94,1899.31,1888.21,1894.0,729.5201
2023-06-25 21:00:00,1894.0,1896.61,1894.0,1895.65,477.6131
2023-06-25 21:15:00,1895.65,1897.7,1893.41,1895.79,523.9413
2023-06-25 21:30:00,1895.79,1896.76,1894.39,1895.55,436.3218
2023-06-25 21:45:00,1895.55,1895.58,1894.28,1895.27,493.587
2023-06-25 22:00:00,1895.27,1900.5,1892.65,1900.41,519.8898
2023-06-25 22:15:00,1900.41,1906.3,1900.41,1904.15,466.4603
2023-06-25 22:30:00,1904.15,1904.4,1901.68,1901.75,428.658
2023-06-25 22:45:00,1901.75,1902.25,1900.08,1900.09,370.8164
2023-06-25 23:00:00,1900.09,1902.27,1899.36,1901.69,323.2806
2023-06-25 23:15:00,1901.69,1901.7,1897.67,1899.94,362.5142
2023-06-25 23:30:00,1899.94,1899.94,1897.66,1897.85,515.7629
2023-06-25 23:45:00,1897.85,1900.0,1897.45,1898.87,700.9283
2023-06-26 00:00:00,1898.87,1901.12,1894.55,1894.76,694.1318
2023-06-26 00:15:00,1894.76,1904.27,1893.86,1897.22,749.6731
2023-06-26 00:30:00,1897.22,1900.3,1895.53,1896.46,575.3507
2023-06-26 00:45:00,1896.46,1897.48,1888.04,1888.5,624.4199
2023-06-26 01:00:00,1888.5,1888.5,1868.89,1873.97,997.6835
2023-06-26 01:15:00,1873.97,1882.24,1865.92,1882.24,633.9807
2023-06-26 01:30:00,1882.24,1883.96,1878.95,1879.21,729.6327
2023-06-26 01:45:00,1879.21,1879.21,1873.98,1876.01,843.8919
2023-06-26 02:00:00,1876.01,1878.24,1873.87,1878.1,665.8258
2023-06-26 02:15:00,1878.1,1878.39,1871.15,1873.93,854.0203
2023-06-26 02:30:00,1873.93,1877.05,1872.32,1875.79,430.433
2023-06-26 02:45:00,1875.79,1878.8,1874.82,1878.45,501.1994
2023-06-26 03:00:00,1878.45,1878.86,1874.26,1875.86,439.6595
2023-06-26 03:15:00,1875.86,1878.73,1874.46,1877.86,430.1939
2023-06-26 03:30:00,1877.86,1879.25,1876.02,1879.25,721.9674
2023-06-26 03:45:00,1879.25,1881.01,1878.09,1880.51,634.6659
2023-06-26 04:00:00,1880.51,1880.51,1876.65,1876.66,585.9725
2023-06-26 04:15:00,1876.66,1877.77,1875.83,1876.14,539.944
2023-06-26 04:30:00,1876.14,1879.35,1875.44,1877.47,425.2706
2023-06-26 04:45:00,1877.47,1878.66,1876.33,1877.95,411.4347
2023-06-26 05:00:00,1877.95,1877.97,1875.86,1876.05,308.6509
2023-06-26 05:15:00,1876.05,1876.49,1871.11,1874.43,511.2507
2023-06-26 05:30:00,1874.43,1879.92,1873.16,1879.32,409.8533
2023-06-26 05:45:00,1879.32,1879.53,1876.59,1877.67,336.4865
2023-06-26 06:00:00,1877.67,1878.79,1875.57,1877.71,462.4588
2023-06-26 06:15:00,1877.71,1881.94,1877.7,1881.59,345.4983
2023-06-26 06:30:00,1881.59,1884.89,1881.23,1884.89,443.6798
2023-06-26 06:45:00,1884.89,1898.0,1883.73,1895.97,613.7038
2023-06-26 07:00:00,1895.97,1904.44,1895.97,1904.08,557.7592
2023-06-26 07:15:00,1904.08,1904.29,1893.17,1893.17,570.4782
2023-06-26 07:30:00,1893.17,1894.42,1886.11,1889.94,725.667
2023-06-26 07:45:00,1889.94,1893.33,1888.54,1892.34,398.3308
2023-06-26 08:00:00,1892.34,1893.84,1887.73,1893.06,561.4303
2023-06-26 08:15:00,1893.06,1893.31,1890.26,1890.48,414.1946
2023-06-26 08:30:00,1890.48,1891.82,1888.48,1889.11,582.6752
2023-06-26 08:45:00,1889.11,1892.58,1887.57,1891.96,496.2605
2023-06-26 09:00:00,1891.96,1893.81,1888.43,1891.51,500.2155
2023-06-26 09:15:00,1891.51,1893.77,1889.19,1889.72,645.2418
2023-06-26 09:30:00,1889.72,1890.06,1887.45,1887.89,605.8143
2023-06-26 09:45:00,1887.89,1889.45,1882.84,1883.97,661.9693
2023-06-26 10:00:00,1883.97,1884.02,1872.87,1877.21,623.318
2023-06-26 10:15:00,1877.21,1880.08,1876.02,1879.5,518.4186
2023-06-26 10:30:00,1879.5,1881.43,1876.89,1879.63,801.5465
2023-06-26 10:45:00,1879.63,1880.89,1876.25,1876.92,680.959
2023-06-26 11:00:00,1876.92,1881.87,1875.38,1878.45,669.1542
2023-06-26 11:15:00,1878.45,1879.98,1877.47,1879.4,455.095
2023-06-26 11:30:00,1879.4,1881.45,1879.23,1880.01,454.6082
2023-06-26 11:45:00,1880.01,1881.56,1878.36,1880.92,324.7998
2023-06-26 12:00:00,1880.92,1882.01,1880.27,1881.92,322.9945
2023-06-26 12:15:00,1881.92,1881.92,1877.26,1877.27,365.3719
2023-06-26 12:30:00,1877.27,1884.14,1875.01,1883.74,571.6022
2023-06-26 12:45:00,1883.74,1884.73,1882.6,1884.73,619.7028
2023-06-26 13:00:00,1884.73,1885.37,1882.8,1885.17,548.6043
2023-06-26 13:15:00,1885.17,1888.24,1882.77,1887.15,706.7989
2023-06-26 13:30:00,1887.15,1895.93,1886.11,1892.67,459.676
2023-06-26 13:45:00,1892.67,1906.49,1890.47,1905.28,519.4034
2023-06-26 14:00:00,1905.28,1908.98,1898.39,1901.12,537.8463
2023-06-26 14:15:00,1901.12,1903.44,1893.64,1897.2,547.2699
2023-06-26 14:30:00,1897.2,1897.91,1871.64,1874.3,728.4962
2023-06-26 14:45:00,1874.3,1884.24,1873.72,1883.54,484.5016
2023-06-26 15:00:00,1883.54,1889.3,1880.48,1887.95,632.1391
2023-06-26 15:15:00,1887.95,1888.74,1883.62,1887.18,583.0681
2023-06-26 15:30:00,1887.18,1893.8,1886.62,1890.61,763.9391
2023-06-26 15:45:00,1890.61,1892.22,1888.36,1889.31,683.7485
2023-06-26 16:00:00,1889.31,1890.71,1886.53,1886.67,738.054
2023-06-26 16:15:00,1886.67,1889.85,1883.04,1883.87,853.7855
2023-06-26 16:30:00,1883.87,1885.51,1870.23,1870.23,595.6112
2023-06-26 16:45:00,1870.23,1870.23,1847.6,1852.57,808.165
2023-06-26 17:00:00,1852.57,1855.03,1844.24,1845.61,977.2675
2023-06-26 17:15:00,1845.61,1853.92,1837.28,1852.61,1022.8329
2023-06-26 17:30:00,1852.61,1854.2,1848.4,1848.81,721.8903
2023-06-26 17:45:00,1848.81,1852.28,1846.76,1846.79,757.0637
2023-06-26 18:00:00,1846.79,1850.15,1843.32,1847.43,827.9952
2023-06-26 18:15:00,1847.43,1847.44,1843.25,1845.84,685.1096
2023-06-26 18:30:00,1845.84,1851.41,1845.01,1850.6,733.4671
2023-06-26 18:45:00,1850.6,1853.52,1849.97,1850.6,967.0953
2023-06-26 19:00:00,1850.6,1850.61,1843.53,1843.98,893.7281
2023-06-26 19:15:00,1843.98,1846.76,1842.84,1846.08,681.1227
2023-06-26 19:30:00,1846.08,1853.86,1845.33,1853.38,894.8602
2023-06-26 19:45:00,1853.38,1857.61,1851.87,1854.11,1214.6199
2023-06-26 20:00:00,1854.11,1858.3,1854.0,1858.13,913.1557
2023-06-26 20:15:00,1858.13,1858.15,1853.71,1855.82,937.859
2023-06-26 20:30:00,1855.82,1855.82,1851.69,1851.73,762.7601
2023-06-26 20:45:00,1851.73,1854.48,1850.85,1851.4,713.9714
2023-06-26 21:00:00,1851.4,1855.52,1849.51,1854.8,865.4829
2023-06-26 21:15:00,1854.8,1856.1,1852.61,1854.25,573.0498
2023-06-26 21:30:00,1854.25,1854.38,1851.5,1851.51,740.532
2023-06-26 21:45:00,1851.51,1852.63,1847.59,1850.84,614.085
2023-07-05 05:45:00,1934.62,1935.79,1932.82,1933.79,380.9898
2023-07-05 06:00:00,1933.79,1936.19,1933.79,1936.09,390.1477
2023-07-05 06:15:00,1936.09,1936.09,1933.59,1933.94,387.5096
2023-07-05 06:30:00,1933.94,1937.28,1933.9,1936.16,340.0944
2023-07-05 06:45:00,1936.16,1937.3,1935.69,1937.27,312.8331
2023-07-05 07:00:00,1937.27,1938.0,1936.24,1937.63,343.1003
2023-07-05 07:15:00,1937.63,1937.98,1936.91,1937.88,373.6941
2023-07-05 07:30:00,1937.88,1937.88,1936.4,1936.78,333.6244
2023-07-05 07:45:00,1936.78,1937.33,1935.43,1936.37,431.4862
2023-07-05 08:00:00,1936.37,1937.06,1934.59,1935.08,462.7693
2023-07-05 08:15:00,1935.08,1935.08,1918.33,1929.92,382.7133
2023-07-05 08:30:00,1929.92,1935.0,1929.5,1930.39,412.5337
2023-07-05 08:45:00,1930.39,1931.99,1928.12,1929.54,478.5144
2023-07-05 09:00:00,1929.54,1930.66,1926.82,1926.83,434.9986
2023-07-05 09:15:00,1926.83,1928.0,1925.0,1925.53,333.6222
2023-07-05 09:30:00,1925.53,1927.45,1923.09,1924.68,252.8153
2023-07-05 09:45:00,1924.68,1925.9,1921.54,1921.64,245.8737
2023-07-05 10:00:00,1921.64,1924.13,1920.15,1921.89,215.5686
2023-07-05 10:15:00,1921.89,1925.56,1920.24,1922.82,233.7322
2023-07-05 10:30:00,1922.82,1922.92,1905.35,1912.35,302.225
2023-07-05 10:45:00,1912.35,1914.0,1907.29,1910.22,261.565
2023-07-05 11:00:00,1910.22,1916.0,1907.57,1914.81,268.2388
2023-07-05 11:15:00,1914.81,1917.08,1913.06,1914.17,391.3922
2023-07-05 11:30:00,1914.17,1915.69,1911.67,1915.53,624.2895
2023-07-05 11:45:00,1915.53,1915.7,1909.02,1910.26,461.8743
2023-07-05 12:00:00,1910.26,1914.07,1905.63,1907.47,577.8877
2023-07-05 12:15:00,1907.47,1912.13,1903.74,1910.87,485.3784
2023-07-05 12:30:00,1910.87,1912.89,1909.76,1909.76,297.0527
2023-07-05 12:45:00,1909.76,1909.76,1898.24,1901.68,370.5742
2023-07-05 13:00:00,1901.68,1904.63,1894.83,1899.1,335.1488
2023-07-05 13:15:00,1899.1,1902.48,1896.09,1897.07,466.2917
2023-07-05 13:30:00,1897.07,1905.7,1895.95,1905.7,623.4995
2023-07-05 13:45:00,1905.7,1905.92,1902.71,1903.07,593.4704
2023-07-05 14:00:00,1903.07,1906.85,1902.36,1904.63,605.6453
2023-07-05 14:15:00,1904.63,1910.13,1904.63,1906.66,664.8524
2023-07-05 14:30:00,1906.66,1911.43,1906.64,1910.61,599.8649
2023-07-05 14:45:00,1910.61,1911.43,1907.92,1910.99,858.7922
2023-07-05 15:00:00,1910.99,1911.38,1905.83,1905.83,744.8978
2023-07-05 15:15:00,1905.83,1907.45,1902.7,1905.21,795.9651
2023-07-05 15:30:00,1905.21,1905.36,1895.57,1900.91,854.0902
2023-07-05 15:45:00,1900.91,1903.97,1900.0,1902.87,1200.2651
2023-07-05 16:00:00,1902.87,1905.54,1901.28,1905.37,1072.67
2023-07-05 16:15:00,1905.37,1909.03,1904.52,1908.77,825.2718
2023-07-05 16:30:00,1908.77,1908.88,1906.77,1907.97,613.5069
2023-07-05 16:45:00,1907.97,1910.0,1906.38,1908.64,573.7153
2023-07-05 17:00:00,1908.64,1914.05,1908.0,1913.62,635.2596
2023-07-05 17:15:00,1913.62,1916.24,1912.02,1915.83,812.4637
2023-07-05 17:30:00,1915.83,1915.99,1911.73,1912.69,964.5064
2023-07-05 17:45:00,1912.69,1913.26,1911.01,1912.14,1081.3079
2023-07-05 18:00:00,1912.14,1917.72,1912.14,1913.23,1151.2405
2023-07-05 18:15:00,1913.23,1913.26,1908.88,1908.9,487.1935
2023-07-05 18:30:00,1908.9,1911.03,1907.21,1908.73,478.7368
2023-07-05 18:45:00,1908.73,1910.65,1907.98,1910.08,557.4578
2023-07-05 19:00:00,1910.08,1911.71,1908.0,1911.65,377.4018
2023-07-05 19:15:00,1911.65,1913.19,1909.53,1910.18,523.1146
2023-07-05 19:30:00,1910.18,1911.5,1908.08,1909.02,601.1206
2023-07-05 19:45:00,1909.02,1911.01,1907.43,1907.69,614.9057
2023-07-05 20:00:00,1907.69,1908.92,1904.44,1907.49,656.2709
2023-07-05 20:15:00,1907.49,1910.72,1907.15,1910.58,508.5111
2023-07-05 20:30:00,1910.58,1911.3,1909.64,1911.18,268.6021
2023-07-05 20:45:00,1911.18,1911.22,1909.81,1910.11,306.0998
2023-07-05 21:00:00,1910.11,1911.46,1908.64,1911.28,387.5297
2023-07-05 21:15:00,1911.28,1913.3,1911.27,1913.1,448.1454
2023-07-05 21:30:00,1913.1,1913.15,1908.68,1912.28,505.1931
2023-07-05 21:45:00,1912.28,1912.51,1908.89,1911.13,592.5618
2023-07-05 22:00:00,1911.13,1911.75,1909.24,1911.03,536.3912
2023-07-05 22:15:00,1911.03,1915.56,1910.1,1910.11,385.2461
2023-07-05 22:30:00,1910.11,1911.03,1908.05,1908.65,361.7432
2023-07-05 22:45:00,1908.65,1909.87,1907.07,1908.79,370.5798
2023-07-05 23:00:00,1908.79,1909.5,1906.84,1908.24,349.7227
2023-07-05 23:15:00,1908.24,1914.91,1908.24,1914.34,414.489
2023-07-05 23:30:00,1914.34,1915.32,1912.18,1915.25,562.39
2023-07-05 23:45:00,1915.25,1915.45,1910.22,1910.32,435.2912
2023-07-06 00:00:00,1910.32,1910.6,1908.79,1908.81,466.4434
2023-07-06 00:15:00,1908.81,1912.85,1908.23,1912.24,479.3587
2023-07-06 00:30:00,1912.24,1912.3,1904.61,1905.67,443.5089
2023-07-06 00:45:00,1905.67,1906.0,1902.31,1904.49,470.2439
2023-07-06 01:00:00,1904.49,1905.8,1902.43,1903.93,592.1323
2023-07-06 01:15:00,1903.93,1904.35,1898.95,1903.74,638.7459
2023-07-06 01:30:00,1903.74,1905.76,1903.3,1904.34,559.0846
2023-07-06 01:45:00,1904.34,1908.26,1904.01,1908.22,637.1595
2023-07-06 02:00:00,1908.22,1915.46,1908.21,1912.38,652.2013
2023-07-06 02:15:00,1912.38,1913.87,1910.81,1912.07,857.1513
2023-07-06 02:30:00,1912.07,1914.69,1911.17,1911.63,1732.2673
2023-07-06 02:45:00,1911.63,1913.28,1910.52,1911.23,839.6347
2023-07-06 03:00:00,1911.23,1913.73,1911.23,1913.61,851.9535
2023-07-06 03:15:00,1913.61,1914.98,1912.13,1913.69,373.7385
2023-07-06 03:30:00,1913.69,1914.6,1913.01,1914.51,326.1134
2023-07-06 03:45:00,1914.51,1914.51,1913.23,1913.49,282.8045
2023-07-06 04:00:00,1913.49,1914.99,1913.1,1914.59,300.9915
2023-07-06 04:15:00,1914.59,1916.28,1913.59,1914.14,397.6697
2023-07-06 04:30:00,1914.14,1915.55,1912.16,1912.16,382.3877
2023-07-06 04:45:00,1912.16,1912.51,1910.23,1911.07,393.0166
2023-07-06 05:00:00,1911.07,1911.53,1909.53,1910.6,315.2189
2023-07-06 05:15:00,1910.6,1913.5,1910.6,1913.47,452.9266
2023-07-06 05:30:00,1913.47,1922.22,1913.28,1919.8,713.3762
2023-07-06 05:45:00,1919.8,1923.8,1918.82,1921.75,642.2951
2023-07-06 06:00:00,1921.75,1923.14,1919.67,1920.72,713.3737
2023-07-06 06:15:00,1920.72,1923.92,1920.63,1922.48,512.637
2023-07-06 06:30:00,1922.48,1923.94,1921.24,1922.49,457.5403
2023-07-06 06:45:00,1922.49,1926.38,1922.49,1923.47,432.0185
2023-07-06 07:00:00,1923.47,1926.0,1923.18,1923.3,602.9468
2023-07-06 07:15:00,1923.3,1926.37,1923.06,1925.86,754.2942
2023-07-06 07:30:00,1925.86,1929.88,1925.51,1928.54,857.4578
2023-07-06 07:45:00,1928.54,1929.22,1923.88,1925.07,920.5313
2023-07-06 08:00:00,1925.07,1929.52,1924.72,1926.74,789.0691
2023-07-06 08:15:00,1926.74,1927.42,1925.36,1925.36,859.2946
2023-07-06 08:30:00,1925.36,1935.44,1925.05,1934.92,655.7304
2023-07-06 08:45:00,1934.92,1950.47,1934.54,1949.31,719.1863
2023-07-06 09:00:00,1949.31,1957.69,1946.11,1952.73,1078.0925
2023-07-06 09:15:00,1952.73,1956.64,1950.97,1950.97,660.339
2023-07-06 09:30:00,1950.97,1953.31,1941.24,1942.45,593.4901
2023-07-06 09:45:00,1942.45,1945.84,1938.67,1940.9,734.3435
2023-07-06 10:00:00,1940.9,1944.25,1938.66,1940.82,593.3785
2023-07-06 10:15:00,1940.82,1942.17,1938.22,1938.61,874.6594
2023-07-06 10:30:00,1938.61,1941.77,1937.87,1941.01,960.5948
2023-07-06 10:45:00,1941.01,1945.01,1940.49,1943.74,823.3548
2023-07-06 11:00:00,1943.74,1944.59,1939.54,1939.84,650.0677
2023-07-06 11:15:00,1939.84,1940.52,1938.94,1939.51,608.6221
2023-07-06 11:30:00,1939.51,1940.83,1937.23,1937.23,388.8522
2023-07-06 11:45:00,1937.23,1938.17,1910.91,1917.29,422.3836
2023-07-06 12:00:00,1917.29,1918.64,1904.22,1909.37,613.2437
2023-07-06 12:15:00,1909.37,1910.18,1904.42,1905.69,523.3095
2023-07-06 12:30:00,1905.69,1906.0,1891.0,1897.67,443.9465
2023-07-06 12:45:00,1897.67,1903.5,1894.21,1901.27,577.2553
2023-07-06 13:00:00,1901.27,1907.0,1900.75,1905.79,576.1499
2023-07-06 13:15:00,1905.79,1906.63,1903.14,1904.3,692.3232
2023-07-06 13:30:00,1904.3,1904.84,1896.42,1897.29,850.0225
2023-07-06 13:45:00,1897.29,1901.14,1887.39,1892.12,997.2691
2023-07-06 14:00:00,1892.12,1896.68,1876.98,1887.41,867.4589
2023-07-06 14:15:00,1887.41,1887.79,1869.37,1871.18,796.0474
2023-07-06 14:30:00,1871.18,1881.35,1865.21,1879.02,617.0305
2023-07-06 14:45:00,1879.02,1880.22,1872.92,1880.22,626.5352
2023-07-06 15:00:00,1880.22,1880.26,1874.85,1875.33,700.0424
2023-07-06 15:15:00,1875.33,1884.68,1874.15,1883.09,828.6539
2023-07-06 15:30:00,1883.09,1890.59,1881.64,1890.44,1014.8747
2023-07-06 15:45:00,1890.44,1892.28,1886.0,1888.43,1298.7061
2023-07-06 16:00:00,1888.43,1889.69,1884.18,1887.39,1037.937
2023-07-06 16:15:00,1887.39,1887.39,1882.9,1884.32,897.1878
2023-07-06 16:30:00,1884.32,1884.43,1880.1,1880.45,706.791
2023-07-06 16:45:00,1880.45,1887.77,1878.65,1886.71,560.2992
2023-07-06 17:00:00,1886.71,1889.24,1885.03,1885.22,772.0285
2023-07-06 17:15:00,1885.22,1886.84,1883.83,1884.1,784.8106
2023-07-06 17:30:00,1884.1,1886.45,1883.17,1884.04,836.169
2023-07-06 17:45:00,1884.04,1887.15,1882.91,1886.82,660.3267
2023-07-06 18:00:00,1886.82,1891.41,1886.79,1889.75,637.8003
2023-07-06 18:15:00,1889.75,1889.76,1885.5,1887.19,653.7112
2023-07-06 18:30:00,1887.19,1888.39,1884.94,1885.28,834.5423
2023-07-06 18:45:00,1885.28,1894.2,1885.27,1893.5,678.5931
2023-07-06 19:00:00,1893.5,1893.5,1887.56,1888.08,641.6712
2023-07-06 19:15:00,1888.08,1890.21,1887.52,1890.18,768.8904
2023-07-06 19:30:00,1890.18,1890.48,1886.55,1887.1,745.5718
2023-07-06 19:45:00,1887.1,1888.98,1884.82,1885.4,875.8687
2023-07-06 20:00:00,1885.4,1887.73,1880.16,1880.71,803.6308
2023-07-06 20:15:00,1880.71,1883.6,1880.56,1882.67,747.8725
2023-07-06 20:30:00,1882.67,1882.67,1880.24,1881.8,498.3327
2023-07-06 20:45:00,1881.8,1883.78,1881.05,1883.43,549.3999
2023-07-06 21:00:00,1883.43,1886.89,1880.23,1882.25,527.5444
2023-07-06 21:15:00,1882.25,1882.41,1876.28,1878.96,529.9955
2023-07-06 21:30:00,1878.96,1880.09,1872.12,1873.32,528.6211
2023-07-06 21:45:00,1873.32,1875.82,1873.32,1875.82,604.9381
2023-07-06 22:00:00,1875.82,1876.19,1872.0,1872.6,733.211
2023-07-06 22:15:00,1872.6,1875.35,1871.64,1874.72,596.9465
2023-07-06 22:30:00,1874.72,1875.53,1873.53,1873.54,582.3088
2023-07-06 22:45:00,1873.54,1873.57,1863.67,1868.54,808.3266
2023-07-06 23:00:00,1868.54,1868.54,1852.34,1860.62,690.2761
2023-07-06 23:15:00,1860.62,1860.62,1849.31,1859.27,813.8763
2023-07-06 23:30:00,1859.27,1859.65,1853.0,1854.53,642.373
2023-07-06 23:45:00,1854.53,1858.17,1846.58,1846.58,613.6091
2023-07-07 00:00:00,1846.58,1849.12,1827.06,1843.81,829.9389
2023-07-07 00:15:00,1843.81,1844.07,1839.55,1841.2,686.3961
2023-07-07 00:30:00,1841.2,1848.04,1834.44,1847.05,772.2755
2023-07-07 00:45:00,1847.05,1848.18,1843.35,1845.31,679.378
2023-07-07 01:00:00,1845.31,1848.29,1843.61,1847.08,1095.5522
2023-07-07 01:15:00,1847.08,1847.08,1842.9,1846.73,914.6951
2023-07-07 01:30:00,1846.73,1853.27,1846.72,1851.07,919.3782
2023-07-07 01:45:00,1851.07,1853.16,1850.21,1851.82,827.7203
2023-07-07 02:00:00,1851.82,1851.93,1850.15,1850.9,835.4283
2023-07-07 02:15:00,1850.9,1852.17,1850.1,1851.54,702.0849
2023-07-07 02:30:00,1851.54,1853.69,1851.43,1853.67,980.0579
2023-07-07 02:45:00,1853.67,1855.06,1852.39,1853.75,874.1322
2023-07-07 03:00:00,1853.75,1855.62,1853.51,1855.62,851.3921
2023-07-07 03:15:00,1855.62,1859.72,1855.17,1855.79,1152.2286
2023-07-07 03:30:00,1855.79,1858.99,1855.36,1856.16,928.6841
2023-07-07 03:45:00,1856.16,1858.09,1856.06,1857.99,872.9298
2023-07-07 04:00:00,1857.99,1858.76,1855.89,1856.24,1114.2178
2023-07-07 04:15:00,1856.24,1856.55,1853.53,1853.55,979.1628
2023-07-07 04:30:00,1853.55,1855.33,1853.05,1855.1,1091.0545
2023-07-07 04:45:00,1855.1,1855.42,1853.0,1854.4,929.4435
2023-07-07 05:00:00,1854.4,1854.41,1852.09,1852.91,1043.0333
2023-07-07 05:15:00,1852.91,1862.22,1852.78,1859.34,843.4397
2023-07-07 05:30:00,1859.34,1863.14,1857.62,1860.55,1119.9982
2023-07-07 05:45:00,1860.55,1861.3,1857.79,1857.94,1027.2605
2023-07-07 06:00:00,1857.94,1859.32,1857.35,1858.72,859.6834
2023-07-07 06:15:00,1858.72,1858.95,1854.03,1854.76,837.9493
2023-07-07 06:30:00,1854.76,1857.09,1853.77,1855.96,468.855
2023-07-07 06:45:00,1855.96,1856.98,1854.78,1855.29,530.4022
2023-07-07 07:00:00,1855.29,1856.16,1855.18,1856.06,353.245
2023-07-07 07:15:00,1856.06,1857.32,1854.51,1855.19,857.5894
2023-07-07 07:30:00,1855.19,1858.24,1853.16,1857.58,1474.867
2023-07-15 15:30:00,1934.16,1935.99,1933.68,1935.75,1732.1239
2023-07-15 15:45:00,1935.75,1936.24,1934.8,1934.85,2035.094
2023-07-15 16:00:00,1934.85,1934.9,1930.02,1932.4,1945.6116
2023-07-15 16:15:00,1932.4,1936.03,1931.8,1934.47,1296.7296
2023-07-15 16:30:00,1934.47,1935.13,1933.0,1934.06,1023.2189
2023-07-15 16:45:00,1934.06,1934.28,1931.19,1932.0,1528.5671
2023-07-15 17:00:00,1932.0,1933.57,1931.62,1931.7,1114.1988
2023-07-15 17:15:00,1931.7,1933.24,1931.69,1932.85,748.5041
2023-07-15 17:30:00,1932.85,1933.64,1931.7,1932.53,925.6758
2023-07-15 17:45:00,1932.53,1932.53,1929.43,1931.09,927.4693
2023-07-15 18:00:00,1931.09,1932.19,1931.09,1931.9,1001.7853
2023-07-15 18:15:00,1931.9,1933.23,1931.63,1933.23,797.2997
2023-07-15 18:30:00,1933.23,1938.97,1933.23,1936.91,535.506
2023-07-15 18:45:00,1936.91,1937.78,1934.33,1935.11,411.2519
2023-07-15 19:00:00,1935.11,1937.52,1935.1,1937.52,401.2366
2023-07-15 19:15:00,1937.52,1937.85,1936.1,1937.85,488.6532
2023-07-15 19:30:00,1937.85,1937.85,1935.24,1935.27,368.4803
2023-07-15 19:45:00,1935.27,1935.27,1933.66,1933.72,430.6448
2023-07-15 20:00:00,1933.72,1933.72,1931.61,1931.98,362.5602
2023-07-15 20:15:00,1931.98,1932.44,1930.74,1930.88,529.2159
2023-07-15 20:30:00,1930.88,1931.25,1930.27,1930.71,696.7849
2023-07-15 20:45:00,1930.71,1931.72,1930.27,1931.29,766.3142
2023-07-15 21:00:00,1931.29,1931.29,1926.95,1927.76,619.795
2023-07-15 21:15:00,1927.76,1929.24,1926.78,1929.19,616.9191
2023-07-15 21:30:00,1929.19,1930.33,1929.05,1930.22,657.4394
2023-07-15 21:45:00,1930.22,1930.88,1929.86,1930.74,583.5565
2023-07-15 22:00:00,1930.74,1930.75,1928.09,1928.09,668.059
2023-07-15 22:15:00,1928.09,1929.98,1927.85,1929.93,579.3768
2023-07-15 22:30:00,1929.93,1930.15,1926.93,1928.79,392.7254
2023-07-15 22:45:00,1928.79,1928.79,1928.26,1928.54,367.2218
2023-07-15 23:00:00,1928.54,1929.69,1927.37,1928.67,363.9558
2023-07-15 23:15:00,1928.67,1930.05,1928.63,1929.68,369.7241
2023-07-15 23:30:00,1929.68,1930.52,1929.27,1929.71,369.4976
2023-07-15 23:45:00,1929.71,1931.19,1929.42,1931.19,285.7321
2023-07-16 00:00:00,1931.19,1933.33,1931.06,1933.3,346.6407
2023-07-16 00:15:00,1933.3,1933.3,1930.84,1930.95,422.852
2023-07-16 00:30:00,1930.95,1932.49,1930.52,1932.45,430.8158
2023-07-16 00:45:00,1932.45,1934.01,1932.19,1933.49,408.4443
2023-07-16 01:00:00,1933.49,1936.0,1933.35,1935.84,499.7628
2023-07-16 01:15:00,1935.84,1936.64,1934.73,1936.62,548.9879
2023-07-16 01:30:00,1936.62,1937.49,1933.6,1935.24,520.8009
2023-07-16 01:45:00,1935.24,1935.24,1933.55,1933.73,584.8544
2023-07-16 02:00:00,1933.73,1934.77,1933.39,1933.6,554.6585
2023-07-16 02:15:00,1933.6,1933.64,1914.63,1921.09,562.6053
2023-07-16 02:30:00,1921.09,1932.57,1920.6,1932.33,432.8883
2023-07-16 02:45:00,1932.33,1933.12,1927.82,1928.76,437.2173
2023-07-16 03:00:00,1928.76,1929.14,1924.23,1924.87,455.3589
2023-07-16 03:15:00,1924.87,1926.3,1924.46,1925.65,582.1117
2023-07-16 03:30:00,1925.65,1927.79,1925.12,1926.63,710.8332
2023-07-16 03:45:00,1926.63,1927.34,1922.99,1923.14,618.1108
2023-07-16 04:00:00,1923.14,1926.3,1922.2,1924.9,567.0877
2023-07-16 04:15:00,1924.9,1925.42,1923.29,1924.9,780.1241
2023-07-16 04:30:00,1924.9,1925.29,1923.34,1925.03,620.8083
2023-07-16 04:45:00,1925.03,1925.73,1923.74,1925.01,476.2908
2023-07-16 05:00:00,1925.01,1928.45,1924.81,1927.22,550.4363
2023-07-16 05:15:00,1927.22,1928.88,1925.69,1926.07,529.2728
2023-07-16 05:30:00,1926.07,1926.07,1923.81,1924.07,423.4681
2023-07-16 05:45:00,1924.07,1926.27,1923.98,1925.44,468.5406
2023-07-16 06:00:00,1925.44,1925.44,1924.0,1924.24,436.1616
2023-07-16 06:15:00,1924.24,1924.28,1920.77,1923.9,399.1457
2023-07-16 06:30:00,1923.9,1927.8,1923.1,1927.32,456.016
2023-07-16 06:45:00,1927.32,1929.53,1926.33,1927.72,388.1284
2023-07-16 07:00:00,1927.72,1931.63,1927.55,1931.63,454.487
2023-07-16 07:15:00,1931.63,1931.73,1930.42,1930.99,293.1868
2023-07-16 07:30:00,1930.99,1931.49,1928.52,1929.11,221.9437
2023-07-16 07:45:00,1929.11,1929.51,1925.84,1925.84,176.7478
2023-07-16 08:00:00,1925.84,1927.85,1925.39,1926.71,191.4958
2023-07-16 08:15:00,1926.71,1928.34,1926.3,1927.65,187.9635
2023-07-16 08:30:00,1927.65,1927.96,1927.11,1927.8,258.898
2023-07-16 08:45:00,1927.8,1928.14,1927.48,1927.96,218.0852
2023-07-16 09:00:00,1927.96,1928.68,1927.95,1928.44,235.9124
2023-07-16 09:15:00,1928.44,1931.34,1928.35,1930.5,309.7941
2023-07-16 09:30:00,1930.5,1930.58,1929.03,1929.06,504.4939
2023-07-16 09:45:00,1929.06,1929.96,1929.06,1929.9,424.3007
2023-07-16 10:00:00,1929.9,1933.67,1929.88,1932.85,514.9346
2023-07-16 10:15:00,1932.85,1936.24,1929.98,1931.57,366.9374
2023-07-16 10:30:00,1931.57,1931.95,1927.83,1928.96,425.0601
2023-07-16 10:45:00,1928.96,1931.39,1928.96,1929.43,470.7878
2023-07-16 11:00:00,1929.43,1930.19,1928.62,1930.17,555.4571
2023-07-16 11:15:00,1930.17,1931.43,1928.68,1929.33,436.7096
2023-07-16 11:30:00,1929.33,1932.99,1929.24,1932.99,307.7429
2023-07-16 11:45:00,1932.99,1933.31,1931.88,1932.9,323.5539
2023-07-16 12:00:00,1932.9,1935.95,1932.89,1933.98,327.2146
2023-07-16 12:15:00,1933.98,1934.08,1931.4,1931.87,464.0896
2023-07-16 12:30:00,1931.87,1932.75,1930.84,1930.87,534.4701
2023-07-16 12:45:00,1930.87,1931.59,1930.59,1930.95,782.1919
2023-07-16 13:00:00,1930.95,1932.27,1929.68,1930.01,569.3027
2023-07-16 13:15:00,1930.01,1930.53,1928.88,1930.31,587.6252
2023-07-16 13:30:00,1930.31,1932.74,1930.04,1932.54,354.4476
2023-07-16 13:45:00,1932.54,1932.56,1930.0,1930.03,379.8041
2023-07-16 14:00:00,1930.03,1932.36,1930.03,1932.35,428.0401
2023-07-16 14:15:00,1932.35,1940.31,1931.96,1938.51,425.1187
2023-07-16 14:30:00,1938.51,1943.04,1937.72,1940.4,449.7418
2023-07-16 14:45:00,1940.4,1941.33,1936.98,1940.33,560.86
2023-07-16 15:00:00,1940.33,1941.8,1938.16,1939.67,479.7261
2023-07-16 15:15:00,1939.67,1941.12,1938.34,1938.51,645.9654
2023-07-16 15:30:00,1938.51,1938.94,1937.22,1938.01,662.8299
2023-07-16 15:45:00,1938.01,1938.8,1935.69,1936.9,933.9498
2023-07-16 16:00:00,1936.9,1936.99,1935.39,1936.39,785.2305
2023-07-16 16:15:00,1936.39,1936.39,1934.21,1935.99,912.0701
2023-07-16 16:30:00,1935.99,1937.15,1934.5,1934.6,704.8944
2023-07-16 16:45:00,1934.6,1936.76,1934.53,1936.04,596.7588
2023-07-16 17:00:00,1936.04,1937.16,1935.65,1936.85,678.7816
2023-07-16 17:15:00,1936.85,1939.05,1936.85,1938.94,801.8429
2023-07-16 17:30:00,1938.94,1939.28,1936.57,1936.69,1157.2902
2023-07-16 17:45:00,1936.69,1938.04,1936.28,1937.36,1123.7867
2023-07-16 18:00:00,1937.36,1938.32,1936.67,1937.74,1078.3614
2023-07-16 18:15:00,1937.74,1938.27,1934.51,1934.93,1140.5881
2023-07-16 18:30:00,1934.93,1935.52,1929.89,1933.3,1367.5723
2023-07-16 18:45:00,1933.3,1933.39,1929.45,1930.97,1004.4706
2023-07-16 19:00:00,1930.97,1932.78,1930.24,1931.61,1328.3045
2023-07-16 19:15:00,1931.61,1932.99,1930.37,1932.58,949.8745
2023-07-16 19:30:00,1932.58,1932.81,1925.92,1926.92,1056.9984
2023-07-16 19:45:00,1926.92,1929.52,1926.24,1927.41,903.4357
2023-07-16 20:00:00,1927.41,1930.57,1926.78,1930.35,817.42
2023-07-16 20:15:00,1930.35,1930.99,1927.2,1929.21,897.9695
2023-07-16 20:30:00,1929.21,1931.11,1929.19,1930.59,703.1849
2023-07-16 20:45:00,1930.59,1930.6,1928.51,1928.61,698.9039
2023-07-16 21:00:00,1928.61,1929.23,1928.57,1928.94,800.7618
2023-07-16 21:15:00,1928.94,1931.19,1928.94,1930.72,968.8725
2023-07-16 21:30:00,1930.72,1930.98,1928.69,1930.97,1046.6444
2023-07-16 21:45:00,1930.97,1930.97,1929.99,1930.34,1205.3483
2023-07-16 22:00:00,1930.34,1934.98,1928.78,1934.2,1200.2257
2023-07-16 22:15:00,1934.2,1937.05,1932.83,1932.83,1170.1579
2023-07-16 22:30:00,1932.83,1935.8,1932.16,1935.7,1052.9985
2023-07-16 22:45:00,1935.7,1936.62,1933.14,1933.41,989.1132
2023-07-16 23:00:00,1933.41,1934.18,1931.55,1932.45,1214.8214
2023-07-16 23:15:00,1932.45,1932.46,1922.9,1923.56,1199.1198
2023-07-16 23:30:00,1923.56,1924.41,1916.73,1923.43,1220.038
2023-07-16 23:45:00,1923.43,1924.06,1920.32,1922.16,1198.4616
2023-07-17 00:00:00,1922.16,1923.77,1917.64,1923.73,887.1731
2023-07-17 00:15:00,1923.73,1929.04,1923.58,1924.36,782.6148
2023-07-17 00:30:00,1924.36,1925.42,1920.91,1920.98,461.9884
2023-07-17 00:45:00,1920.98,1923.57,1917.46,1921.2,539.7252
2023-07-17 01:00:00,1921.2,1922.13,1918.53,1922.11,543.811
2023-07-17 01:15:00,1922.11,1924.3,1918.99,1923.75,532.6719
2023-07-17 01:30:00,1923.75,1928.48,1923.0,1926.13,467.1096
2023-07-17 01:45:00,1926.13,1926.13,1923.21,1924.15,458.3298
2023-07-17 02:00:00,1924.15,1927.28,1923.89,1925.13,445.446
2023-07-17 02:15:00,1925.13,1926.95,1925.01,1926.12,551.1057
2023-07-17 02:30:00,1926.12,1927.51,1925.0,1927.5,394.1621
2023-07-17 02:45:00,1927.5,1928.34,1925.58,1925.63,437.7867
2023-07-17 03:00:00,1925.63,1926.76,1925.03,1926.71,441.067
2023-07-17 03:15:00,1926.71,1928.05,1926.71,1927.34,368.3206
2023-07-17 03:30:00,1927.34,1930.3,1927.34,1930.24,520.2749
2023-07-17 03:45:00,1930.24,1931.98,1929.16,1931.14,466.6399
2023-07-17 04:00:00,1931.14,1932.38,1930.51,1932.32,535.5245
2023-07-17 04:15:00,1932.32,1932.36,1930.58,1931.08,473.7084
2023-07-17 04:30:00,1931.08,1932.91,1929.24,1929.99,590.0719
2023-07-17 04:45:00,1929.99,1932.67,1929.77,1932.67,798.5869
2023-07-17 05:00:00,1932.67,1935.29,1932.67,1935.24,879.4258
2023-07-17 05:15:00,1935.24,1935.81,1931.99,1932.75,831.3957
2023-07-17 05:30:00,1932.75,1934.37,1931.74,1934.35,592.6261
2023-07-17 05:45:00,1934.35,1934.37,1930.17,1930.33,509.3712
2023-07-17 06:00:00,1930.33,1931.72,1929.89,1931.71,760.3564
2023-07-17 06:15:00,1931.71,1931.71,1930.04,1930.86,690.3556
2023-07-17 06:30:00,1930.86,1932.38,1929.32,1929.81,675.9627
2023-07-17 06:45:00,1929.81,1930.91,1926.78,1930.67,590.0936
2023-07-17 07:00:00,1930.67,1930.96,1930.25,1930.8,668.7557
2023-07-17 07:15:00,1930.8,1931.97,1929.96,1931.88,547.3785
2023-07-17 07:30:00,1931.88,1931.89,1928.95,1929.7,415.0908
2023-07-17 07:45:00,1929.7,1929.7,1928.48,1928.73,434.9952
2023-07-17 08:00:00,1928.73,1929.3,1926.48,1929.24,778.4884
2023-07-17 08:15:00,1929.24,1931.34,1928.96,1931.33,768.4891
2023-07-17 08:30:00,1931.33,1931.33,1929.51,1929.59,910.7354
2023-07-17 08:45:00,1929.59,1929.62,1925.0,1925.0,877.4476
2023-07-17 09:00:00,1925.0,1927.19,1922.45,1923.28,1109.8689
2023-07-17 09:15:00,1923.28,1924.9,1922.66,1924.26,745.9558
2023-07-17 09:30:00,1924.26,1924.33,1922.16,1922.49,443.6256
2023-07-17 09:45:00,1922.49,1922.49,1912.5,1914.9,445.0656
2023-07-17 10:00:00,1914.9,1916.08,1913.34,1915.7,462.3586
2023-07-17 10:15:00,1915.7,1916.02,1892.78,1905.05,650.8383
2023-07-17 10:30:00,1905.05,1905.4,1899.38,1904.66,573.9908
2023-07-17 10:45:00,1904.66,1911.16,1903.42,1910.11,583.9905
2023-07-17 11:00:00,1910.11,1918.64,1908.67,1918.23,555.2463
2023-07-17 11:15:00,1918.23,1918.75,1915.51,1915.84,532.0065
2023-07-17 11:30:00,1915.84,1916.6,1913.88,1915.81,537.9984
2023-07-17 11:45:00,1915.81,1915.81,1910.25,1910.25,678.8606
2023-07-17 12:00:00,1910.25,1910.5,1903.25,1904.86,516.3556
2023-07-17 12:15:00,1904.86,1906.39,1901.57,1903.02,588.6754
2023-07-17 12:30:00,1903.02,1909.58,1900.66,1908.91,517.4811
2023-07-17 12:45:00,1908.91,1913.2,1908.71,1911.72,613.4292
2023-07-17 13:00:00,1911.72,1912.32,1909.15,1910.92,439.2412
2023-07-17 13:15:00,1910.92,1916.43,1909.07,1914.21,532.049
2023-07-17 13:30:00,1914.21,1915.15,1908.04,1912.91,764.9352
2023-07-17 13:45:00,1912.91,1917.29,1910.91,1916.27,931.4041
2023-07-17 14:00:00,1916.27,1917.39,1912.03,1913.56,741.4403
2023-07-17 14:15:00,1913.56,1915.34,1910.13,1911.94,969.7271
2023-07-17 14:30:00,1911.94,1913.67,1910.8,1912.23,1020.3183
2023-07-17 14:45:00,1912.23,1914.39,1911.91,1913.68,1070.9538
2023-07-17 15:00:00,1913.68,1914.48,1909.9,1910.71,923.9877
2023-07-17 15:15:00,1910.71,1912.11,1905.56,1905.58,922.4136
2023-07-17 15:30:00,1905.58,1908.2,1903.36,1907.01,655.2598
2023-07-17 15:45:00,1907.01,1909.66,1905.61,1908.53,630.0425
2023-07-17 16:00:00,1908.53,1912.77,1906.0,1912.15,772.9879
2023-07-17 16:15:00,1912.15,1912.73,1909.18,1910.54,642.1164
2023-07-17 16:30:00,1910.54,1910.54,1898.94,1901.61,512.8665
2023-07-17 16:45:00,1901.61,1905.04,1901.29,1904.96,584.9699
2023-07-17 17:00:00,1904.96,1906.46,1897.23,1897.23,499.9367
2023-07-17 17:15:00,1897.23,1904.1,1891.17,1904.1,447.8616
2023-07-26 01:15:00,1854.66,1856.14,1854.19,1854.82,506.1766
2023-07-26 01:30:00,1854.82,1855.19,1852.23,1854.62,452.8096
2023-07-26 01:45:00,1854.62,1855.59,1853.81,1853.99,468.162
2023-07-26 02:00:00,1853.99,1855.32,1853.85,1854.52,591.8458
2023-07-26 02:15:00,1854.52,1856.51,1853.89,1856.5,452.4006
2023-07-26 02:30:00,1856.5,1856.5,1854.48,1854.88,517.478
2023-07-26 02:45:00,1854.88,1859.66,1854.7,1859.65,484.4273
2023-07-26 03:00:00,1859.65,1866.9,1858.62,1863.34,462.7009
2023-07-26 03:15:00,1863.34,1864.42,1860.05,1860.05,385.0296
2023-07-26 03:30:00,1860.05,1860.39,1858.6,1860.35,446.2138
2023-07-26 03:45:00,1860.35,1860.35,1858.7,1858.71,477.5944
2023-07-26 04:00:00,1858.71,1858.71,1857.27,1857.28,436.6189
2023-07-26 04:15:00,1857.28,1857.8,1856.38,1856.94,556.0687
2023-07-26 04:30:00,1856.94,1857.86,1855.19,1855.19,846.4262
2023-07-26 04:45:00,1855.19,1856.1,1854.6,1855.09,934.5144
2023-07-26 05:00:00,1855.09,1856.43,1855.0,1856.0,628.0864
2023-07-26 05:15:00,1856.0,1857.43,1855.92,1856.64,706.5147
2023-07-26 05:30:00,1856.64,1858.35,1855.85,1858.11,465.0365
2023-07-26 05:45:00,1858.11,1859.66,1858.1,1859.4,565.7467
2023-07-26 06:00:00,1859.4,1859.49,1857.61,1857.63,629.1741
2023-07-26 06:15:00,1857.63,1858.54,1857.62,1858.03,667.9365
2023-07-26 06:30:00,1858.03,1860.97,1856.64,1856.78,899.8764
2023-07-26 06:45:00,1856.78,1857.44,1854.0,1854.48,915.0634
2023-07-26 07:00:00,1854.48,1856.16,1854.21,1855.77,1017.7107
2023-07-26 07:15:00,1855.77,1855.79,1852.41,1853.15,674.0076
2023-07-26 07:30:00,1853.15,1853.84,1852.39,1852.43,522.8704
2023-07-26 07:45:00,1852.43,1853.8,1852.31,1853.45,587.1974
2023-07-26 08:00:00,1853.45,1854.93,1853.06,1854.66,675.5138
2023-07-26 08:15:00,1854.66,1854.79,1853.63,1854.38,616.3058
2023-07-26 08:30:00,1854.38,1855.96,1853.9,1855.49,630.6126
2023-07-26 08:45:00,1855.49,1855.53,1854.38,1854.54,755.5003
2023-07-26 09:00:00,1854.54,1855.63,1854.31,1854.68,735.8817
2023-07-26 09:15:00,1854.68,1855.29,1852.92,1853.03,490.543
2023-07-26 09:30:00,1853.03,1853.72,1848.89,1849.76,242.4862
2023-07-26 09:45:00,1849.76,1851.46,1849.44,1850.38,293.7553
2023-07-26 10:00:00,1850.38,1851.07,1849.78,1850.39,292.6648
2023-07-26 10:15:00,1850.39,1852.28,1850.39,1851.71,335.7991
2023-07-26 10:30:00,1851.71,1852.83,1851.26,1852.51,459.0119
2023-07-26 10:45:00,1852.51,1852.51,1851.33,1852.06,427.8172
2023-07-26 11:00:00,1852.06,1853.0,1852.06,1852.56,431.2477
2023-07-26 11:15:00,1852.56,1852.98,1852.08,1852.39,514.3439
2023-07-26 11:30:00,1852.39,1853.06,1852.0,1852.13,690.4051
2023-07-26 11:45:00,1852.13,1852.15,1850.84,1851.12,649.8631
2023-07-26 12:00:00,1851.12,1852.71,1850.39,1852.48,773.8852
2023-07-26 12:15:00,1852.48,1854.96,1852.44,1854.95,734.712
2023-07-26 12:30:00,1854.95,1855.79,1854.24,1854.46,617.0385
2023-07-26 12:45:00,1854.46,1855.51,1854.1,1855.43,601.3696
2023-07-26 13:00:00,1855.43,1858.62,1855.42,1856.68,766.9324
2023-07-26 13:15:00,1856.68,1858.09,1856.08,1856.53,693.5419
2023-07-26 13:30:00,1856.53,1857.92,1855.01,1857.74,459.0685
2023-07-26 13:45:00,1857.74,1858.4,1856.56,1858.02,501.3707
2023-07-26 14:00:00,1858.02,1860.16,1854.99,1855.97,447.4309
2023-07-26 14:15:00,1855.97,1859.98,1855.95,1859.79,355.6862
2023-07-26 14:30:00,1859.79,1860.0,1857.58,1858.56,347.8814
2023-07-26 14:45:00,1858.56,1859.12,1856.75,1857.8,319.4095
2023-07-26 15:00:00,1857.8,1860.7,1857.79,1860.7,328.5888
2023-07-26 15:15:00,1860.7,1861.0,1859.22,1859.23,462.5234
2023-07-26 15:30:00,1859.23,1861.05,1859.06,1860.63,684.4456
2023-07-26 15:45:00,1860.63,1861.0,1860.01,1860.66,593.8646
2023-07-26 16:00:00,1860.66,1862.1,1860.66,1861.27,719.9813
2023-07-26 16:15:00,1861.27,1863.99,1858.08,1858.94,573.1672
2023-07-26 16:30:00,1858.94,1860.54,1858.16,1860.34,300.3974
2023-07-26 16:45:00,1860.34,1860.72,1858.78,1859.2,319.4025
2023-07-26 17:00:00,1859.2,1860.53,1857.25,1857.97,263.9403
2023-07-26 17:15:00,1857.97,1860.53,1857.97,1858.67,489.4977
2023-07-26 17:30:00,1858.67,1859.68,1858.0,1859.18,575.5425
2023-07-26 17:45:00,1859.18,1860.0,1855.2,1857.13,575.3107
2023-07-26 18:00:00,1857.13,1874.26,1855.83,1866.65,848.4932
2023-07-26 18:15:00,1866.65,1868.71,1862.56,1864.6,768.1698
2023-07-26 18:30:00,1864.6,1882.18,1864.49,1874.2,760.5284
2023-07-26 18:45:00,1874.2,1876.5,1868.79,1871.37,516.2918
2023-07-26 19:00:00,1871.37,1872.56,1857.89,1862.73,633.3474
2023-07-26 19:15:00,1862.73,1872.08,1860.41,1870.89,444.3334
2023-07-26 19:30:00,1870.89,1874.16,1870.2,1874.16,637.9303
2023-07-26 19:45:00,1874.16,1875.26,1870.4,1873.0,518.8406
2023-07-26 20:00:00,1873.0,1880.09,1872.21,1879.27,464.8862
2023-07-26 20:15:00,1879.27,1884.07,1877.3,1877.3,425.3039
2023-07-26 20:30:00,1877.3,1887.6,1877.3,1882.23,249.1494
2023-07-26 20:45:00,1882.23,1886.65,1880.84,1880.88,308.7668
2023-07-26 21:00:00,1880.88,1882.36,1879.9,1881.05,394.0621
2023-07-26 21:15:00,1881.05,1883.05,1873.96,1875.57,359.2055
2023-07-26 21:30:00,1875.57,1877.85,1873.47,1875.45,346.764
2023-07-26 21:45:00,1875.45,1875.68,1869.39,1870.84,343.5367
2023-07-26 22:00:00,1870.84,1872.59,1870.46,1870.64,375.3115
2023-07-26 22:15:00,1870.64,1871.44,1868.09,1868.99,548.494
2023-07-26 22:30:00,1868.99,1870.11,1866.89,1869.36,560.2964
2023-07-26 22:45:00,1869.36,1872.61,1869.35,1872.44,591.2574
2023-07-26 23:00:00,1872.44,1876.12,1872.39,1873.89,586.8434
2023-07-26 23:15:00,1873.89,1874.39,1870.23,1871.76,428.9742
2023-07-26 23:30:00,1871.76,1871.94,1867.78,1867.78,396.0687
2023-07-26 23:45:00,1867.78,1871.96,1867.36,1871.95,449.7241
2023-07-27 00:00:00,1871.95,1872.17,1869.78,1870.54,435.6851
2023-07-27 00:15:00,1870.54,1872.3,1870.01,1871.19,677.3359
2023-07-27 00:30:00,1871.19,1872.33,1867.91,1868.36,334.2022
2023-07-27 00:45:00,1868.36,1870.07,1867.08,1870.07,371.2627
2023-07-27 01:00:00,1870.07,1871.35,1869.11,1871.31,303.8175
2023-07-27 01:15:00,1871.31,1874.1,1871.31,1873.34,298.0637
2023-07-27 01:30:00,1873.34,1874.54,1872.35,1872.82,314.3185
2023-07-27 01:45:00,1872.82,1874.59,1872.57,1874.59,371.1619
2023-07-27 02:00:00,1874.59,1877.27,1873.29,1873.3,379.6571
2023-07-27 02:15:00,1873.3,1873.3,1871.85,1871.85,398.1608
2023-07-27 02:30:00,1871.85,1874.39,1871.79,1873.98,517.6804
2023-07-27 02:45:00,1873.98,1878.14,1873.96,1878.13,457.4737
2023-07-27 03:00:00,1878.13,1878.13,1876.62,1876.86,493.1472
2023-07-27 03:15:00,1876.86,1878.19,1876.72,1877.6,430.9366
2023-07-27 03:30:00,1877.6,1878.95,1877.57,1878.01,331.3959
2023-07-27 03:45:00,1878.01,1878.01,1876.05,1876.09,453.4058
2023-07-27 04:00:00,1876.09,1877.24,1876.09,1877.24,411.2149
2023-07-27 04:15:00,1877.24,1878.9,1877.24,1878.7,317.49
2023-07-27 04:30:00,1878.7,1879.97,1878.46,1879.97,230.5716
2023-07-27 04:45:00,1879.97,1880.0,1879.16,1879.99,248.1245
2023-07-27 05:00:00,1879.99,1881.7,1879.03,1880.85,225.4573
2023-07-27 05:15:00,1880.85,1880.93,1879.64,1879.64,336.1991
2023-07-27 05:30:00,1879.64,1880.59,1879.0,1879.44,468.7744
2023-07-27 05:45:00,1879.44,1880.88,1878.07,1878.07,427.9286
2023-07-27 06:00:00,1878.07,1878.7,1877.29,1878.2,496.4936
2023-07-27 06:15:00,1878.2,1878.2,1876.89,1876.92,456.5565
2023-07-27 06:30:00,1876.92,1876.95,1875.03,1875.16,292.4923
2023-07-27 06:45:00,1875.16,1875.33,1873.47,1873.6,308.9988
2023-07-27 07:00:00,1873.6,1875.56,1873.54,1875.26,310.9373
2023-07-27 07:15:00,1875.26,1877.12,1875.26,1876.15,280.491
2023-07-27 07:30:00,1876.15,1877.35,1875.99,1877.3,393.2542
2023-07-27 07:45:00,1877.3,1877.55,1866.41,1871.8,363.7057
2023-07-27 08:00:00,1871.8,1872.72,1870.01,1872.67,470.4786
2023-07-27 08:15:00,1872.67,1873.49,1871.35,1873.3,351.5401
2023-07-27 08:30:00,1873.3,1874.02,1871.87,1874.02,298.2524
2023-07-27 08:45:00,1874.02,1879.01,1873.71,1879.01,310.1523
2023-07-27 09:00:00,1879.01,1881.01,1878.17,1879.31,275.419
2023-07-27 09:15:00,1879.31,1883.96,1879.31,1883.15,496.6971
2023-07-27 09:30:00,1883.15,1884.97,1882.12,1884.63,722.793
2023-07-27 09:45:00,1884.63,1885.95,1883.62,1883.95,696.9967
2023-07-27 10:00:00,1883.95,1884.51,1882.92,1883.78,855.2307
2023-07-27 10:15:00,1883.78,1883.78,1879.72,1880.93,764.4063
2023-07-27 10:30:00,1880.93,1880.94,1879.44,1879.44,874.4582
2023-07-27 10:45:00,1879.44,1879.9,1877.07,1877.46,795.2428
2023-07-27 11:00:00,1877.46,1878.67,1876.25,1878.08,670.3658
2023-07-27 11:15:00,1878.08,1878.08,1876.13,1876.16,617.7723
2023-07-27 11:30:00,1876.16,1878.36,1876.0,1878.36,747.829
2023-07-27 11:45:00,1878.36,1878.39,1876.7,1876.71,632.9227
2023-07-27 12:00:00,1876.71,1876.71,1875.6,1875.79,603.7125
2023-07-27 12:15:00,1875.79,1876.8,1875.01,1875.01,526.8385
2023-07-27 12:30:00,1875.01,1876.68,1874.09,1874.43,592.5794
2023-07-27 12:45:00,1874.43,1878.31,1874.11,1877.96,751.339
2023-07-27 13:00:00,1877.96,1878.58,1875.55,1875.64,600.5168
2023-07-27 13:15:00,1875.64,1876.08,1874.82,1875.09,592.7291
2023-07-27 13:30:00,1875.09,1877.86,1874.16,1874.7,619.028
2023-07-27 13:45:00,1874.7,1875.99,1873.14,1874.28,629.0303
2023-07-27 14:00:00,1874.28,1874.34,1872.27,1873.74,541.8072
2023-07-27 14:15:00,1873.74,1875.19,1870.75,1871.3,539.1485
2023-07-27 14:30:00,1871.3,1872.44,1869.17,1870.64,682.6943
2023-07-27 14:45:00,1870.64,1871.34,1868.89,1869.78,816.3224
2023-07-27 15:00:00,1869.78,1870.14,1864.29,1865.29,758.422
2023-07-27 15:15:00,1865.29,1869.12,1864.41,1869.12,668.4571
2023-07-27 15:30:00,1869.12,1870.72,1867.56,1870.72,450.936
2023-07-27 15:45:00,1870.72,1872.59,1868.69,1868.89,416.4764
2023-07-27 16:00:00,1868.89,1869.18,1868.0,1868.23,380.4092
2023-07-27 16:15:00,1868.23,1868.95,1866.61,1866.96,535.5313
2023-07-27 16:30:00,1866.96,1869.26,1866.91,1868.0,714.5226
2023-07-27 16:45:00,1868.0,1868.72,1866.72,1867.31,620.0047
2023-07-27 17:00:00,1867.31,1867.95,1865.21,1865.37,696.5314
2023-07-27 17:15:00,1865.37,1868.8,1863.29,1867.77,610.3657
2023-07-27 17:30:00,1867.77,1867.94,1864.65,1865.25,792.4847
2023-07-27 17:45:00,1865.25,1866.41,1864.66,1865.63,760.9114
2023-07-27 18:00:00,1865.63,1866.79,1863.62,1864.6,754.832
2023-07-27 18:15:00,1864.6,1865.64,1860.0,1861.36,463.677
2023-07-27 18:30:00,1861.36,1861.46,1856.31,1860.19,443.877
2023-07-27 18:45:00,1860.19,1863.45,1859.58,1859.58,433.5106
2023-07-27 19:00:00,1859.58,1862.62,1858.65,1861.18,423.2815
2023-07-27 19:15:00,1861.18,1862.67,1860.15,1860.16,488.8818
2023-07-27 19:30:00,1860.16,1860.16,1855.67,1857.96,611.4778
2023-07-27 19:45:00,1857.96,1861.17,1856.56,1860.81,475.6537
2023-07-27 20:00:00,1860.81,1862.25,1860.08,1861.45,540.252
2023-07-27 20:15:00,1861.45,1861.45,1860.21,1860.97,539.2227
2023-07-27 20:30:00,1860.97,1861.23,1859.26,1859.59,598.2983
2023-07-27 20:45:00,1859.59,1859.7,1858.5,1858.76,523.7549
2023-07-27 21:00:00,1858.76,1859.15,1857.76,1858.31,589.4077
2023-07-27 21:15:00,1858.31,1858.9,1857.09,1858.89,581.2414
2023-07-27 21:30:00,1858.89,1860.56,1858.89,1860.56,652.1464
2023-07-27 21:45:00,1860.56,1861.72,1859.15,1859.18,614.1751
2023-07-27 22:00:00,1859.18,1861.85,1859.18,1860.18,583.7327
2023-07-27 22:15:00,1860.18,1861.0,1859.62,1859.68,759.0042
2023-07-27 22:30:00,1859.68,1859.88,1859.14,1859.5,540.9095
2023-07-27 22:45:00,1859.5,1859.5,1857.03,1857.03,594.7461
2023-07-27 23:00:00,1857.03,1857.38,1855.19,1857.03,541.5601
2023-07-27 23:15:00,1857.03,1858.2,1857.03,1858.19,421.6438
2023-07-27 23:30:00,1858.19,1860.76,1858.19,1860.76,437.5531
2023-07-27 23:45:00,1860.76,1861.44,1859.5,1861.36,609.2651
2023-07-28 00:00:00,1861.36,1862.35,1861.08,1862.22,486.0784
2023-07-28 00:15:00,1862.22,1862.57,1861.41,1862.48,568.5672
2023-07-28 00:30:00,1862.48,1862.67,1861.76,1862.59,548.295
2023-07-28 00:45:00,1862.59,1864.49,1861.5,1862.33,522.1997
2023-07-28 01:00:00,1862.33,1862.33,1860.58,1860.94,588.3548
2023-07-28 01:15:00,1860.94,1862.81,1860.94,1862.2,489.6294
2023-07-28 01:30:00,1862.2,1863.55,1862.14,1863.21,375.5312
2023-07-28 01:45:00,1863.21,1864.5,1862.93,1863.84,411.4985
2023-07-28 02:00:00,1863.84,1864.28,1863.27,1863.3,391.642
2023-07-28 02:15:00,1863.3,1863.85,1862.0,1862.68,315.476
2023-07-28 02:30:00,1862.68,1862.74,1860.62,1860.62,310.2742
2023-07-28 02:45:00,1860.62,1862.39,1860.35,1862.38,309.3256
2023-07-28 03:00:00,1862.38,1863.06,1862.29,1862.3,301.2289
2023-08-05 11:00:00,1831.73,1834.79,1831.71,1834.72,382.1736
2023-08-05 11:15:00,1834.72,1834.78,1834.13,1834.16,314.5782
2023-08-05 11:30:00,1834.16,1834.17,1833.67,1833.67,323.7446
2023-08-05 11:45:00,1833.67,1833.71,1832.76,1832.77,318.8187
2023-08-05 12:00:00,1832.77,1833.14,1831.93,1832.28,280.769
2023-08-05 12:15:00,1832.28,1832.98,1831.73,1832.76,316.0655
2023-08-05 12:30:00,1832.76,1832.76,1830.9,1830.9,292.8852
2023-08-05 12:45:00,1830.9,1831.62,1830.6,1830.76,231.7948
2023-08-05 13:00:00,1830.76,1831.67,1830.76,1831.6,254.434
2023-08-05 13:15:00,1831.6,1832.47,1831.6,1832.21,300.8095
2023-08-05 13:30:00,1832.21,1832.21,1830.96,1831.01,356.7069
2023-08-05 13:45:00,1831.01,1833.11,1831.0,1832.96,340.9796
2023-08-05 14:00:00,1832.96,1835.69,1832.96,1835.24,309.6556
2023-08-05 14:15:00,1835.24,1835.99,1834.33,1834.9,324.9465
2023-08-05 14:30:00,1834.9,1835.11,1833.19,1833.7,301.5822
2023-08-05 14:45:00,1833.7,1836.25,1833.7,1835.67,312.7587
2023-08-05 15:00:00,1835.67,1836.96,1834.08,1834.53,331.3828
2023-08-05 15:15:00,1834.53,1834.58,1832.0,1832.33,362.141
2023-08-05 15:30:00,1832.33,1834.44,1831.27,1833.2,384.9443
2023-08-05 15:45:00,1833.2,1834.0,1833.2,1833.79,390.7772
2023-08-05 16:00:00,1833.79,1834.12,1833.37,1834.09,425.3226
2023-08-05 16:15:00,1834.09,1834.23,1832.05,1832.16,412.2299
2023-08-05 16:30:00,1832.16,1832.19,1831.01,1831.16,321.383
2023-08-05 16:45:00,1831.16,1832.26,1831.0,1831.18,440.4636
2023-08-05 17:00:00,1831.18,1832.12,1831.01,1832.1,381.8365
2023-08-05 17:15:00,1832.1,1834.2,1832.1,1833.96,270.8032
2023-08-05 17:30:00,1833.96,1834.16,1833.2,1833.54,122.0588
2023-08-05 17:45:00,1833.54,1834.44,1833.32,1834.17,180.1246
2023-08-05 18:00:00,1834.17,1835.36,1833.72,1835.36,195.119
2023-08-05 18:15:00,1835.36,1837.57,1835.35,1836.98,209.3992
2023-08-05 18:30:00,1836.98,1837.0,1835.98,1836.38,208.4679
2023-08-05 18:45:00,1836.38,1838.7,1835.56,1837.24,241.9395
2023-08-05 19:00:00,1837.24,1838.35,1836.81,1837.38,226.2858
2023-08-05 19:15:00,1837.38,1837.6,1836.11,1837.27,237.484
2023-08-05 19:30:00,1837.27,1837.3,1835.46,1836.99,309.7963
2023-08-05 19:45:00,1836.99,1836.99,1835.38,1835.42,303.6279
2023-08-05 20:00:00,1835.42,1835.48,1834.98,1835.26,314.0432
2023-08-05 20:15:00,1835.26,1835.45,1835.03,1835.12,316.0234
2023-08-05 20:30:00,1835.12,1835.14,1834.2,1834.21,273.7757
2023-08-05 20:45:00,1834.21,1835.0,1834.21,1834.42,309.3093
2023-08-05 21:00:00,1834.42,1835.21,1834.33,1835.21,243.0293
2023-08-05 21:15:00,1835.21,1836.33,1835.21,1836.12,332.0969
2023-08-05 21:30:00,1836.12,1836.73,1835.92,1836.46,317.4083
2023-08-05 21:45:00,1836.46,1836.46,1835.28,1835.3,359.1944
2023-08-05 22:00:00,1835.3,1835.51,1834.58,1834.59,331.6697
2023-08-05 22:15:00,1834.59,1835.16,1834.52,1835.15,256.8232
2023-08-05 22:30:00,1835.15,1836.85,1835.12,1836.72,211.6053
2023-08-05 22:45:00,1836.72,1838.37,1836.72,1838.33,201.1736
2023-08-05 23:00:00,1838.33,1838.35,1837.85,1837.94,209.1568
2023-08-05 23:15:00,1837.94,1838.05,1837.31,1837.96,167.2261
2023-08-05 23:30:00,1837.96,1837.97,1836.86,1836.92,136.9317
2023-08-05 23:45:00,1836.92,1837.15,1836.47,1836.49,130.1899
2023-08-06 00:00:00,1836.49,1836.52,1835.56,1836.19,146.248
2023-08-06 00:15:00,1836.19,1837.24,1836.19,1837.14,170.7489
2023-08-06 00:30:00,1837.14,1837.69,1835.84,1836.37,286.223
2023-08-06 00:45:00,1836.37,1837.39,1836.37,1836.57,253.5908
2023-08-06 01:00:00,1836.57,1837.05,1836.2,1836.2,233.9316
2023-08-06 01:15:00,1836.2,1836.58,1835.58,1835.59,316.6709
2023-08-06 01:30:00,1835.59,1835.79,1835.53,1835.64,267.9531
2023-08-06 01:45:00,1835.64,1836.16,1833.54,1833.57,257.6857
2023-08-06 02:00:00,1833.57,1836.06,1833.41,1835.56,212.8985
2023-08-06 02:15:00,1835.56,1838.18,1835.56,1837.95,207.2825
2023-08-06 02:30:00,1837.95,1837.95,1836.6,1836.61,186.8823
2023-08-06 02:45:00,1836.61,1836.61,1836.18,1836.31,191.4267
2023-08-06 03:00:00,1836.31,1836.49,1835.2,1835.2,177.4596
2023-08-06 03:15:00,1835.2,1835.6,1834.89,1835.03,235.2562
2023-08-06 03:30:00,1835.03,1835.04,1833.93,1834.39,274.7247
2023-08-06 03:45:00,1834.39,1834.75,1834.0,1834.73,266.592
2023-08-06 04:00:00,1834.73,1835.33,1834.73,1835.19,231.2043
2023-08-06 04:15:00,1835.19,1835.24,1834.95,1835.22,230.9577
2023-08-06 04:30:00,1835.22,1835.59,1835.21,1835.49,148.5535
2023-08-06 04:45:00,1835.49,1835.76,1835.47,1835.68,154.8411
2023-08-06 05:00:00,1835.68,1836.03,1835.67,1836.03,142.5377
2023-08-06 05:15:00,1836.03,1836.05,1835.94,1835.99,178.2539
2023-08-06 05:30:00,1835.99,1836.04,1835.61,1836.02,244.352
2023-08-06 05:45:00,1836.02,1836.34,1835.64,1836.33,244.0453
2023-08-06 06:00:00,1836.33,1836.74,1834.9,1834.91,237.7718
2023-08-06 06:15:00,1834.91,1834.91,1834.0,1834.27,193.3272
2023-08-06 06:30:00,1834.27,1834.27,1832.41,1833.16,128.5294
2023-08-06 06:45:00,1833.16,1834.55,1833.14,1834.54,126.147
2023-08-06 07:00:00,1834.54,1834.54,1834.07,1834.1,150.347
2023-08-06 07:15:00,1834.1,1834.2,1833.94,1834.2,159.4135
2023-08-06 07:30:00,1834.2,1834.35,1834.0,1834.35,149.4
2023-08-06 07:45:00,1834.35,1835.2,1834.35,1835.13,171.0908
2023-08-06 08:00:00,1835.13,1835.15,1834.14,1834.17,173.472
2023-08-06 08:15:00,1834.17,1836.13,1834.11,1835.74,182.1035
2023-08-06 08:30:00,1835.74,1835.86,1834.7,1835.68,146.3358
2023-08-06 08:45:00,1835.68,1837.48,1835.66,1835.7,147.8242
2023-08-06 09:00:00,1835.7,1835.7,1831.16,1832.27,161.8237
2023-08-06 09:15:00,1832.27,1832.28,1830.32,1831.01,166.3542
2023-08-06 09:30:00,1831.01,1831.44,1830.7,1831.29,106.8674
2023-08-06 09:45:00,1831.29,1831.48,1830.75,1831.34,101.2188
2023-08-06 10:00:00,1831.34,1831.36,1830.76,1830.78,115.6573
2023-08-06 10:15:00,1830.78,1830.97,1830.57,1830.94,117.4178
2023-08-06 10:30:00,1830.94,1830.96,1828.87,1829.83,107.9331
2023-08-06 10:45:00,1829.83,1831.09,1829.4,1831.09,129.0594
2023-08-06 11:00:00,1831.09,1832.25,1831.08,1832.22,136.0594
2023-08-06 11:15:00,1832.22,1832.54,1832.09,1832.38,113.2586
2023-08-06 11:30:00,1832.38,1832.87,1832.38,1832.81,140.5843
2023-08-06 11:45:00,1832.81,1833.18,1832.56,1832.56,129.5677
2023-08-06 12:00:00,1832.56,1832.77,1832.27,1832.76,133.5561
2023-08-06 12:15:00,1832.76,1832.97,1830.78,1830.97,132.7057
2023-08-06 12:30:00,1830.97,1830.98,1829.3,1829.95,180.3463
2023-08-06 12:45:00,1829.95,1830.71,1828.9,1829.44,150.3974
2023-08-06 13:00:00,1829.44,1829.47,1828.95,1829.13,169.4543
2023-08-06 13:15:00,1829.13,1830.72,1828.25,1828.35,147.3162
2023-08-06 13:30:00,1828.35,1829.2,1828.31,1829.19,88.6788
2023-08-06 13:45:00,1829.19,1830.46,1829.19,1829.37,81.1675
2023-08-06 14:00:00,1829.37,1829.37,1826.3,1826.69,99.8002
2023-08-06 14:15:00,1826.69,1830.7,1826.0,1830.44,97.2472
2023-08-06 14:30:00,1830.44,1831.04,1828.66,1828.73,193.8925
2023-08-06 14:45:00,1828.73,1830.06,1828.13,1829.92,108.8129
2023-08-06 15:00:00,1829.92,1830.83,1829.92,1830.52,131.0514
2023-08-06 15:15:00,1830.52,1830.97,1830.0,1830.0,111.7641
2023-08-06 15:30:00,1830.0,1830.2,1829.0,1829.0,132.6711
2023-08-06 15:45:00,1829.0,1829.25,1828.58,1829.19,148.5315
2023-08-06 16:00:00,1829.19,1829.6,1828.5,1829.34,141.0366
2023-08-06 16:15:00,1829.34,1829.93,1828.72,1829.89,155.6009
2023-08-06 16:30:00,1829.89,1833.09,1829.89,1832.77,230.0215
2023-08-06 16:45:00,1832.77,1835.76,1832.77,1835.63,223.2093
2023-08-06 17:00:00,1835.63,1835.77,1833.66,1833.66,218.1785
2023-08-06 17:15:00,1833.66,1833.66,1830.48,1831.62,191.5433
2023-08-06 17:30:00,1831.62,1833.88,1831.47,1833.63,79.7355
2023-08-06 17:45:00,1833.63,1833.99,1832.75,1832.98,93.269
2023-08-06 18:00:00,1832.98,1833.72,1832.98,1833.3,96.151
2023-08-06 18:15:00,1833.3,1834.28,1833.29,1833.91,98.819
2023-08-06 18:30:00,1833.91,1834.23,1833.21,1834.04,146.0187
2023-08-06 18:45:00,1834.04,1834.3,1832.72,1833.0,125.8663
2023-08-06 19:00:00,1833.0,1833.26,1832.25,1833.26,145.2885
2023-08-06 19:15:00,1833.26,1833.69,1832.18,1832.32,180.5808
2023-08-06 19:30:00,1832.32,1832.36,1831.61,1831.62,163.7707
2023-08-06 19:45:00,1831.62,1832.35,1831.54,1832.0,158.6855
2023-08-06 20:00:00,1832.0,1832.47,1831.51,1831.51,120.25
2023-08-06 20:15:00,1831.51,1831.92,1831.0,1831.07,143.8186
2023-08-06 20:30:00,1831.07,1831.07,1830.92,1830.94,151.0517
2023-08-06 20:45:00,1830.94,1833.05,1830.75,1832.42,128.3255
2023-08-06 21:00:00,1832.42,1837.4,1832.42,1835.35,121.3027
2023-08-06 21:15:00,1835.35,1837.36,1834.23,1835.32,176.421
2023-08-06 21:30:00,1835.32,1835.32,1833.4,1833.41,248.1131
2023-08-06 21:45:00,1833.41,1833.41,1829.18,1830.19,234.0123
2023-08-06 22:00:00,1830.19,1832.37,1828.17,1831.4,245.7168
2023-08-06 22:15:00,1831.4,1833.87,1830.93,1832.72,196.6147
2023-08-06 22:30:00,1832.72,1833.44,1831.58,1831.92,128.4899
2023-08-06 22:45:00,1831.92,1831.92,1829.77,1829.98,115.1176
2023-08-06 23:00:00,1829.98,1830.35,1828.14,1828.74,174.6761
2023-08-06 23:15:00,1828.74,1829.83,1828.12,1829.59,188.1557
2023-08-06 23:30:00,1829.59,1830.01,1829.12,1829.42,180.8591
2023-08-06 23:45:00,1829.42,1830.45,1829.35,1830.37,235.3022
2023-08-07 00:00:00,1830.37,1832.11,1830.37,1832.1,170.7237
2023-08-07 00:15:00,1832.1,1832.27,1830.31,1830.31,188.5323
2023-08-07 00:30:00,1830.31,1831.35,1826.59,1831.2,169.2433
2023-08-07 00:45:00,1831.2,1831.33,1828.9,1829.97,177.2356
2023-08-07 01:00:00,1829.97,1834.35,1829.88,1833.0,187.4129
2023-08-07 01:15:00,1833.0,1843.53,1833.0,1842.06,192.0103
2023-08-07 01:30:00,1842.06,1844.51,1838.72,1839.2,318.9269
2023-08-07 01:45:00,1839.2,1841.74,1839.04,1840.99,348.0466
2023-08-07 02:00:00,1840.99,1842.52,1840.5,1840.5,359.4699
2023-08-07 02:15:00,1840.5,1843.0,1840.08,1842.71,364.385
2023-08-07 02:30:00,1842.71,1843.18,1841.39,1842.62,350.2603
2023-08-07 02:45:00,1842.62,1844.8,1842.62,1844.4,275.4135
2023-08-07 03:00:00,1844.4,1846.99,1842.01,1842.01,315.9198
2023-08-07 03:15:00,1842.01,1842.93,1842.0,1842.19,400.678
2023-08-07 03:30:00,1842.19,1842.19,1840.22,1840.24,316.6161
2023-08-07 03:45:00,1840.24,1840.25,1838.7,1838.7,331.3754
2023-08-07 04:00:00,1838.7,1840.65,1838.17,1840.64,403.6001
2023-08-07 04:15:00,1840.64,1841.94,1840.43,1841.87,364.6461
2023-08-07 04:30:00,1841.87,1841.9,1840.73,1841.1,385.196
2023-08-07 04:45:00,1841.1,1841.8,1841.04,1841.35,341.2904
2023-08-07 05:00:00,1841.35,1841.5,1840.73,1840.83,235.793
2023-08-07 05:15:00,1840.83,1841.23,1839.66,1840.91,313.0952
2023-08-07 05:30:00,1840.91,1842.3,1840.47,1840.9,414.4599
2023-08-07 05:45:00,1840.9,1841.3,1839.71,1839.71,359.0866
2023-08-07 06:00:00,1839.71,1839.71,1837.55,1837.76,349.6957
2023-08-07 06:15:00,1837.76,1837.79,1835.1,1835.38,341.592
2023-08-07 06:30:00,1835.38,1835.96,1832.9,1833.5,213.0224
2023-08-07 06:45:00,1833.5,1834.0,1832.44,1832.52,270.4532
2023-08-07 07:00:00,1832.52,1834.53,1832.33,1834.36,300.4354
2023-08-07 07:15:00,1834.36,1836.11,1834.36,1835.23,245.815
2023-08-07 07:30:00,1835.23,1836.25,1835.21,1836.02,253.0477
2023-08-07 07:45:00,1836.02,1836.89,1835.05,1836.89,206.5136
2023-08-07 08:00:00,1836.89,1836.89,1836.18,1836.19,228.0977
2023-08-07 08:15:00,1836.19,1836.46,1835.64,1835.64,147.8361
2023-08-07 08:30:00,1835.64,1835.77,1834.53,1834.53,166.2275
2023-08-07 08:45:00,1834.53,1834.58,1833.29,1833.29,126.3163
2023-08-07 09:00:00,1833.29,1833.91,1832.69,1833.31,143.1613
2023-08-07 09:15:00,1833.31,1835.2,1833.22,1835.2,149.6727
2023-08-07 09:30:00,1835.2,1836.19,1835.2,1835.34,170.6354
2023-08-07 09:45:00,1835.34,1836.15,1835.34,1835.81,142.9983
2023-08-07 10:00:00,1835.81,1835.81,1834.98,1835.0,145.9507
2023-08-07 10:15:00,1835.0,1835.16,1833.77,1833.77,155.5851
2023-08-07 10:30:00,1833.77,1836.4,1833.52,1836.4,132.6125
2023-08-07 10:45:00,1836.4,1837.37,1835.53,1837.37,123.6804
2023-08-07 11:00:00,1837.37,1837.38,1836.94,1836.95,120.8422
2023-08-07 11:15:00,1836.95,1836.97,1835.42,1835.43,201.3621
2023-08-07 11:30:00,1835.43,1835.5,1834.8,1834.88,338.8239
2023-08-07 11:45:00,1834.88,1835.0,1834.17,1834.19,260.7018
2023-08-07 12:00:00,1834.19,1834.19,1833.1,1833.2,296.5701
2023-08-07 12:15:00,1833.2,1833.2,1832.18,1832.21,226.3863
2023-08-07 12:30:00,1832.21,1833.27,1832.11,1832.9,139.3731
2023-08-07 12:45:00,1832.9,1837.26,1832.24,1833.35,139.3071
2023-08-15 20:45:00,1830.22,1831.5,1828.92,1829.43,186.8596
2023-08-15 21:00:00,1829.43,1830.28,1828.16,1830.26,207.9549
2023-08-15 21:15:00,1830.26,1831.47,1829.93,1831.26,202.7772
2023-08-15 21:30:00,1831.26,1831.47,1829.33,1829.83,216.0505
2023-08-15 21:45:00,1829.83,1830.51,1829.24,1829.28,225.4957
2023-08-15 22:00:00,1829.28,1829.94,1828.55,1829.91,212.9036
2023-08-15 22:15:00,1829.91,1830.57,1829.61,1829.65,257.1014
2023-08-15 22:30:00,1829.65,1829.67,1828.7,1828.7,402.9668
2023-08-15 22:45:00,1828.7,1829.1,1828.11,1828.43,374.022
2023-08-15 23:00:00,1828.43,1830.77,1828.42,1830.74,486.5127
2023-08-15 23:15:00,1830.74,1830.76,1828.99,1829.04,327.2199
2023-08-15 23:30:00,1829.04,1829.73,1829.02,1829.23,371.0
2023-08-15 23:45:00,1829.23,1829.25,1828.33,1829.13,406.3961
2023-08-16 00:00:00,1829.13,1830.12,1828.82,1830.11,361.8071
2023-08-16 00:15:00,1830.11,1830.43,1829.74,1829.77,358.4536
2023-08-16 00:30:00,1829.77,1829.78,1828.17,1828.28,390.8727
2023-08-16 00:45:00,1828.28,1830.42,1828.25,1829.52,437.3174
2023-08-16 01:00:00,1829.52,1829.53,1828.04,1828.16,354.1693
2023-08-16 01:15:00,1828.16,1829.73,1828.16,1829.45,334.4474
2023-08-16 01:30:00,1829.45,1829.55,1828.11,1829.53,379.6621
2023-08-16 01:45:00,1829.53,1830.44,1829.53,1830.42,399.5259
2023-08-16 02:00:00,1830.42,1830.8,1830.35,1830.8,394.1541
2023-08-16 02:15:00,1830.8,1831.14,1830.64,1830.64,237.4072
2023-08-16 02:30:00,1830.64,1830.67,1830.47,1830.67,220.0323
2023-08-16 02:45:00,1830.67,1831.46,1830.66,1831.43,246.2327
2023-08-16 03:00:00,1831.43,1831.67,1830.8,1830.81,267.1189
2023-08-16 03:15:00,1830.81,1830.82,1829.5,1829.53,202.5589
2023-08-16 03:30:00,1829.53,1830.13,1829.41,1830.08,213.0697
2023-08-16 03:45:00,1830.08,1830.13,1828.95,1828.97,228.6664
2023-08-16 04:00:00,1828.97,1829.11,1828.95,1829.11,264.282
2023-08-16 04:15:00,1829.11,1829.11,1829.0,1829.01,217.2633
2023-08-16 04:30:00,1829.01,1829.02,1827.22,1828.52,165.5385
2023-08-16 04:45:00,1828.52,1828.52,1826.5,1827.16,175.5313
2023-08-16 05:00:00,1827.16,1827.59,1826.01,1827.57,175.332
2023-08-16 05:15:00,1827.57,1827.58,1824.51,1825.28,230.5909
2023-08-16 05:30:00,1825.28,1825.29,1823.08,1823.08,194.4432
2023-08-16 05:45:00,1823.08,1824.66,1822.23,1823.5,202.9216
2023-08-16 06:00:00,1823.5,1823.93,1820.15,1822.98,197.5447
2023-08-16 06:15:00,1822.98,1824.47,1822.97,1823.59,406.4431
2023-08-16 06:30:00,1823.59,1825.41,1823.41,1825.0,362.9725
2023-08-16 06:45:00,1825.0,1825.91,1824.65,1825.79,322.989
2023-08-16 07:00:00,1825.79,1826.9,1825.71,1826.9,342.1734
2023-08-16 07:15:00,1826.9,1827.91,1826.69,1826.69,372.2276
2023-08-16 07:30:00,1826.69,1828.34,1826.11,1828.26,330.6337
2023-08-16 07:45:00,1828.26,1828.43,1827.2,1827.32,383.4315
2023-08-16 08:00:00,1827.32,1827.39,1826.51,1826.51,330.9779
2023-08-16 08:15:00,1826.51,1826.54,1824.45,1824.92,251.8673
2023-08-16 08:30:00,1824.92,1827.59,1824.84,1827.08,295.198
2023-08-16 08:45:00,1827.08,1827.1,1825.31,1825.43,325.4693
2023-08-16 09:00:00,1825.43,1825.61,1824.0,1824.57,215.695
2023-08-16 09:15:00,1824.57,1825.02,1822.21,1823.32,305.1734
2023-08-16 09:30:00,1823.32,1823.5,1820.03,1823.49,328.315
2023-08-16 09:45:00,1823.49,1824.36,1823.08,1824.35,309.4269
2023-08-16 10:00:00,1824.35,1824.97,1824.09,1824.42,405.7119
2023-08-16 10:15:00,1824.42,1825.45,1824.42,1825.35,342.1494
2023-08-16 10:30:00,1825.35,1826.3,1825.34,1825.96,337.8653
2023-08-16 10:45:00,1825.96,1826.63,1825.95,1826.6,336.5558
2023-08-16 11:00:00,1826.6,1826.61,1825.96,1825.97,346.4125
2023-08-16 11:15:00,1825.97,1826.12,1825.94,1826.03,349.8778
2023-08-16 11:30:00,1826.03,1826.04,1823.8,1823.94,317.0846
2023-08-16 11:45:00,1823.94,1825.31,1823.5,1825.29,260.0576
2023-08-16 12:00:00,1825.29,1825.29,1823.82,1823.85,326.4323
2023-08-16 12:15:00,1823.85,1823.87,1821.06,1821.17,287.9867
2023-08-16 12:30:00,1821.17,1826.08,1820.27,1825.95,292.9508
2023-08-16 12:45:00,1825.95,1828.28,1824.71,1824.75,324.809
2023-08-16 13:00:00,1824.75,1825.17,1823.5,1823.53,322.4986
2023-08-16 13:15:00,1823.53,1823.6,1821.2,1822.09,320.1705
2023-08-16 13:30:00,1822.09,1823.04,1819.44,1823.04,411.9179
2023-08-16 13:45:00,1823.04,1825.01,1821.01,1821.63,399.282
2023-08-16 14:00:00,1821.63,1824.27,1819.83,1822.91,421.3109
2023-08-16 14:15:00,1822.91,1824.79,1822.91,1824.45,371.698
2023-08-16 14:30:00,1824.45,1826.99,1824.45,1826.35,318.8709
2023-08-16 14:45:00,1826.35,1826.61,1824.23,1826.42,316.7105
2023-08-16 15:00:00,1826.42,1826.82,1825.84,1826.78,269.3841
2023-08-16 15:15:00,1826.78,1826.79,1824.61,1824.78,205.8183
2023-08-16 15:30:00,1824.78,1825.15,1822.0,1822.02,167.1347
2023-08-16 15:45:00,1822.02,1822.18,1820.27,1820.54,163.5525
2023-08-16 16:00:00,1820.54,1821.33,1817.08,1818.69,202.2758
2023-08-16 16:15:00,1818.69,1820.65,1816.67,1816.7,209.1067
2023-08-16 16:30:00,1816.7,1820.59,1816.37,1820.27,192.1321
2023-08-16 16:45:00,1820.27,1822.77,1820.27,1822.75,194.3965
2023-08-16 17:00:00,1822.75,1823.45,1820.46,1821.79,200.6002
2023-08-16 17:15:00,1821.79,1824.62,1820.0,1824.45,182.4591
2023-08-16 17:30:00,1824.45,1825.62,1823.72,1825.22,210.0865
2023-08-16 17:45:00,1825.22,1825.72,1824.0,1825.72,161.9365
2023-08-16 18:00:00,1825.72,1826.66,1823.47,1824.51,174.2252
2023-08-16 18:15:00,1824.51,1829.01,1823.7,1828.43,144.1584
2023-08-16 18:30:00,1828.43,1829.08,1826.58,1826.66,167.4613
2023-08-16 18:45:00,1826.66,1827.38,1823.7,1823.88,190.6582
2023-08-16 19:00:00,1823.88,1823.89,1821.96,1822.18,235.766
2023-08-16 19:15:00,1822.18,1822.45,1820.12,1821.05,181.1014
2023-08-16 19:30:00,1821.05,1822.71,1820.81,1822.2,205.4258
2023-08-16 19:45:00,1822.2,1822.45,1820.94,1820.94,248.6479
2023-08-16 20:00:00,1820.94,1823.05,1820.81,1822.94,300.1371
2023-08-16 20:15:00,1822.94,1822.96,1803.13,1806.04,384.2747
2023-08-16 20:30:00,1806.04,1810.08,1798.22,1805.07,551.0334
2023-08-16 20:45:00,1805.07,1810.32,1804.23,1809.93,345.589
2023-08-16 21:00:00,1809.93,1810.05,1803.35,1805.37,307.5682
2023-08-16 21:15:00,1805.37,1807.86,1803.84,1807.84,319.3165
2023-08-16 21:30:00,1807.84,1809.67,1807.35,1808.74,266.3278
2023-08-16 21:45:00,1808.74,1811.89,1808.7,1811.89,244.6559
2023-08-16 22:00:00,1811.89,1815.38,1811.89,1815.08,276.0458
2023-08-16 22:15:00,1815.08,1815.09,1812.47,1813.83,265.9917
2023-08-16 22:30:00,1813.83,1813.85,1811.59,1811.59,323.8173
2023-08-16 22:45:00,1811.59,1812.85,1811.32,1812.37,295.2554
2023-08-16 23:00:00,1812.37,1812.39,1808.0,1810.06,348.1757
2023-08-16 23:15:00,1810.06,1811.61,1809.25,1809.58,301.8762
2023-08-16 23:30:00,1809.58,1811.08,1806.3,1808.14,195.8574
2023-08-16 23:45:00,1808.14,1810.5,1807.34,1807.77,264.1729
2023-08-17 00:00:00,1807.77,1809.97,1805.75,1809.94,408.5543
2023-08-17 00:15:00,1809.94,1809.96,1806.2,1808.62,329.9451
2023-08-17 00:30:00,1808.62,1808.65,1787.93,1787.93,524.3255
2023-08-17 00:45:00,1787.93,1797.46,1780.36,1796.98,642.1733
2023-08-17 01:00:00,1796.98,1799.73,1796.31,1797.65,445.9507
2023-08-17 01:15:00,1797.65,1799.93,1796.11,1799.92,390.8238
2023-08-17 01:30:00,1799.92,1800.09,1795.8,1796.07,351.6318
2023-08-17 01:45:00,1796.07,1798.61,1794.8,1798.54,287.7209
2023-08-17 02:00:00,1798.54,1798.88,1797.61,1797.9,304.2795
2023-08-17 02:15:00,1797.9,1800.98,1797.54,1800.96,324.4575
2023-08-17 02:30:00,1800.96,1801.24,1798.06,1798.09,379.5611
2023-08-17 02:45:00,1798.09,1798.58,1795.15,1795.91,362.4763
2023-08-17 03:00:00,1795.91,1797.11,1795.8,1796.56,428.1282
2023-08-17 03:15:00,1796.56,1798.78,1796.52,1798.68,363.9
2023-08-17 03:30:00,1798.68,1800.88,1798.68,1800.52,366.103
2023-08-17 03:45:00,1800.52,1801.13,1798.6,1798.63,349.5005
2023-08-17 04:00:00,1798.63,1798.63,1797.82,1797.82,303.1045
2023-08-17 04:15:00,1797.82,1800.53,1797.82,1799.56,301.1603
2023-08-17 04:30:00,1799.56,1799.56,1797.51,1797.67,276.4391
2023-08-17 04:45:00,1797.67,1799.28,1797.65,1798.99,262.9823
2023-08-17 05:00:00,1798.99,1799.62,1798.67,1799.37,271.2069
2023-08-17 05:15:00,1799.37,1800.57,1799.36,1799.97,410.0167
2023-08-17 05:30:00,1799.97,1801.01,1799.95,1800.96,460.4725
2023-08-17 05:45:00,1800.96,1803.14,1800.96,1802.34,480.4819
2023-08-17 06:00:00,1802.34,1802.72,1800.46,1800.47,466.144
2023-08-17 06:15:00,1800.47,1802.2,1800.44,1801.7,352.9435
2023-08-17 06:30:00,1801.7,1802.1,1800.18,1801.91,349.3497
2023-08-17 06:45:00,1801.91,1802.86,1801.28,1802.78,295.8976
2023-08-17 07:00:00,1802.78,1802.8,1801.12,1801.13,286.6961
2023-08-17 07:15:00,1801.13,1801.13,1800.18,1800.39,462.5658
2023-08-17 07:30:00,1800.39,1800.56,1799.01,1799.44,681.6674
2023-08-17 07:45:00,1799.44,1800.04,1798.2,1799.94,564.6804
2023-08-17 08:00:00,1799.94,1800.03,1798.87,1798.87,630.1369
2023-08-17 08:15:00,1798.87,1798.88,1797.16,1797.6,810.153
2023-08-17 08:30:00,1797.6,1797.62,1796.34,1796.35,681.0776
2023-08-17 08:45:00,1796.35,1796.35,1792.89,1792.99,876.0423
2023-08-17 09:00:00,1792.99,1794.84,1787.78,1792.09,972.9054
2023-08-17 09:15:00,1792.09,1795.61,1792.09,1793.31,912.78
2023-08-17 09:30:00,1793.31,1794.57,1793.0,1793.33,1342.5134
2023-08-17 09:45:00,1793.33,1794.8,1792.75,1793.03,725.4536
2023-08-17 10:00:00,1793.03,1793.25,1790.59,1792.16,830.4061
2023-08-17 10:15:00,1792.16,1793.16,1792.04,1793.15,987.2274
2023-08-17 10:30:00,1793.15,1793.71,1787.67,1788.23,822.8169
2023-08-17 10:45:00,1788.23,1789.23,1786.2,1788.5,781.0586
2023-08-17 11:00:00,1788.5,1789.1,1785.35,1785.63,895.9562
2023-08-17 11:15:00,1785.63,1787.51,1784.58,1785.56,972.0024
2023-08-17 11:30:00,1785.56,1788.86,1785.05,1788.16,985.5259
2023-08-17 11:45:00,1788.16,1789.55,1788.01,1788.02,770.9546
2023-08-17 12:00:00,1788.02,1788.28,1786.7,1787.22,795.8434
2023-08-17 12:15:00,1787.22,1789.82,1785.15,1789.62,701.7892
2023-08-17 12:30:00,1789.62,1792.08,1788.0,1791.27,681.3909
2023-08-17 12:45:00,1791.27,1792.1,1790.0,1790.0,767.1905
2023-08-17 13:00:00,1790.0,1790.01,1788.04,1788.98,680.1628
2023-08-17 13:15:00,1788.98,1793.0,1788.97,1791.28,635.311
2023-08-17 13:30:00,1791.28,1791.54,1787.59,1787.67,622.5635
2023-08-17 13:45:00,1787.67,1788.65,1784.57,1785.17,615.5182
2023-08-17 14:00:00,1785.17,1789.42,1784.21,1784.62,717.1045
2023-08-17 14:15:00,1784.62,1787.44,1783.29,1784.54,291.3179
2023-08-17 14:30:00,1784.54,1786.06,1778.37,1780.65,300.4086
2023-08-17 14:45:00,1780.65,1783.06,1777.8,1779.3,376.5998
2023-08-17 15:00:00,1779.3,1779.62,1764.47,1775.93,663.5681
2023-08-17 15:15:00,1775.93,1779.6,1768.3,1768.39,904.2637
2023-08-17 15:30:00,1768.39,1770.65,1727.68,1740.28,2048.1985
2023-08-17 15:45:00,1740.28,1745.81,1736.49,1739.98,1489.47
2023-08-17 16:00:00,1739.98,1741.79,1726.14,1732.85,1697.2074
2023-08-17 16:15:00,1732.85,1739.07,1732.23,1738.39,558.5858
2023-08-17 16:30:00,1738.39,1748.86,1738.16,1747.1,386.6219
2023-08-17 16:45:00,1747.1,1748.03,1738.8,1740.87,289.1473
2023-08-17 17:00:00,1740.87,1745.59,1740.24,1742.44,400.0174
2023-08-17 17:15:00,1742.44,1745.92,1742.32,1742.73,926.6092
2023-08-17 17:30:00,1742.73,1744.51,1739.42,1739.81,858.4783
2023-08-17 17:45:00,1739.81,1741.5,1737.66,1741.5,855.0927
2023-08-17 18:00:00,1741.5,1743.6,1740.4,1740.56,960.2659
2023-08-17 18:15:00,1740.56,1743.48,1739.71,1740.24,693.8256
2023-08-17 18:30:00,1740.24,1740.24,1735.56,1736.69,840.4392
2023-08-17 18:45:00,1736.69,1737.79,1734.46,1735.4,610.5639
2023-08-17 19:00:00,1735.4,1738.63,1734.68,1737.56,757.0394
2023-08-17 19:15:00,1737.56,1741.42,1737.56,1739.82,740.8876
2023-08-17 19:30:00,1739.82,1742.55,1738.55,1738.55,829.4123
2023-08-17 19:45:00,1738.55,1740.04,1738.19,1738.27,776.5795
2023-08-17 20:00:00,1738.27,1739.6,1736.37,1736.37,713.224
2023-08-17 20:15:00,1736.37,1736.45,1733.44,1733.46,708.7166
2023-08-17 20:30:00,1733.46,1735.33,1725.59,1728.93,1205.3362
2023-08-17 20:45:00,1728.93,1730.05,1708.18,1718.25,1184.8164
2023-08-17 21:00:00,1718.25,1722.25,1711.59,1713.11,973.626
2023-08-17 21:15:00,1713.11,1721.67,1712.0,1716.58,894.0457
2023-08-17 21:30:00,1716.58,1718.69,1520.86,1520.86,2774.7297
2023-08-17 21:45:00,1520.86,1623.87,1511.58,1617.83,3108.7053
2023-08-17 22:00:00,1617.83,1626.63,1606.72,1613.01,2943.0743
2023-08-17 22:15:00,1613.01,1641.24,1612.98,1640.56,1555.8634
2023-08-17 22:30:00,1640.56,1644.96,1636.13,1640.52,1112.8377
2023-08-26 06:30:00,1652.6,1653.77,1652.09,1652.15,513.5117
2023-08-26 06:45:00,1652.15,1653.6,1652.13,1653.59,443.7936
2023-08-26 07:00:00,1653.59,1654.14,1653.58,1653.76,400.2572
2023-08-26 07:15:00,1653.76,1653.77,1653.05,1653.39,335.5123
2023-08-26 07:30:00,1653.39,1653.43,1652.84,1653.14,350.7587
2023-08-26 07:45:00,1653.14,1653.58,1652.82,1652.83,298.7271
2023-08-26 08:00:00,1652.83,1653.15,1651.61,1653.14,236.776
2023-08-26 08:15:00,1653.14,1653.69,1652.52,1653.67,195.3304
2023-08-26 08:30:00,1653.67,1653.74,1646.72,1649.46,322.1443
2023-08-26 08:45:00,1649.46,1650.54,1648.16,1650.42,188.0322
2023-08-26 09:00:00,1650.42,1650.42,1648.74,1649.35,212.889
2023-08-26 09:15:00,1649.35,1649.35,1647.64,1647.84,249.3435
2023-08-26 09:30:00,1647.84,1648.97,1647.63,1648.89,207.0902
2023-08-26 09:45:00,1648.89,1650.15,1648.89,1649.4,233.7737
2023-08-26 10:00:00,1649.4,1649.79,1649.1,1649.61,377.8997
2023-08-26 10:15:00,1649.61,1650.09,1649.02,1649.88,361.8648
2023-08-26 10:30:00,1649.88,1649.91,1649.02,1649.39,338.5761
2023-08-26 10:45:00,1649.39,1650.09,1649.36,1650.04,368.3609
2023-08-26 11:00:00,1650.04,1650.34,1650.03,1650.3,284.6073
2023-08-26 11:15:00,1650.3,1650.39,1650.13,1650.22,256.3168
2023-08-26 11:30:00,1650.22,1650.73,1650.21,1650.52,279.3423
2023-08-26 11:45:00,1650.52,1650.54,1649.8,1650.49,312.4942
2023-08-26 12:00:00,1650.49,1650.5,1650.05,1650.14,279.6891
2023-08-26 12:15:00,1650.14,1650.14,1647.94,1648.01,328.1789
2023-08-26 12:30:00,1648.01,1648.46,1647.11,1647.68,366.7897
2023-08-26 12:45:00,1647.68,1649.94,1647.0,1649.92,379.062
2023-08-26 13:00:00,1649.92,1650.07,1649.36,1649.4,293.3247
2023-08-26 13:15:00,1649.4,1649.67,1649.36,1649.62,234.9145
2023-08-26 13:30:00,1649.62,1650.47,1649.62,1650.4,223.5443
2023-08-26 13:45:00,1650.4,1650.49,1650.06,1650.47,220.8379
2023-08-26 14:00:00,1650.47,1650.75,1650.13,1650.17,336.2157
2023-08-26 14:15:00,1650.17,1650.2,1649.21,1649.28,362.1461
2023-08-26 14:30:00,1649.28,1651.76,1649.28,1651.04,356.388
2023-08-26 14:45:00,1651.04,1652.42,1651.01,1652.13,318.4913
2023-08-26 15:00:00,1652.13,1652.92,1652.0,1652.0,271.6056
2023-08-26 15:15:00,1652.0,1652.45,1650.93,1650.95,187.3261
2023-08-26 15:30:00,1650.95,1651.93,1650.87,1651.56,175.7597
2023-08-26 15:45:00,1651.56,1651.6,1651.25,1651.51,215.8305
2023-08-26 16:00:00,1651.51,1651.93,1651.07,1651.22,236.1459
2023-08-26 16:15:00,1651.22,1651.22,1650.16,1650.19,225.122
2023-08-26 16:30:00,1650.19,1650.19,1647.33,1648.24,261.134
2023-08-26 16:45:00,1648.24,1648.94,1647.29,1648.49,223.3698
2023-08-26 17:00:00,1648.49,1648.5,1647.11,1647.44,225.4904
2023-08-26 17:15:00,1647.44,1647.8,1644.72,1645.4,208.5331
2023-08-26 17:30:00,1645.4,1646.2,1644.6,1645.05,164.4982
2023-08-26 17:45:00,1645.05,1646.8,1644.28,1646.36,174.5234
2023-08-26 18:00:00,1646.36,1646.37,1645.09,1645.11,184.6312
2023-08-26 18:15:00,1645.11,1645.11,1644.53,1644.96,137.929
2023-08-26 18:30:00,1644.96,1644.96,1644.45,1644.58,176.1291
2023-08-26 18:45:00,1644.58,1645.93,1644.5,1645.91,133.8146
2023-08-26 19:00:00,1645.91,1645.91,1645.39,1645.53,218.0096
2023-08-26 19:15:00,1645.53,1645.53,1644.16,1645.07,201.5408
2023-08-26 19:30:00,1645.07,1646.3,1645.03,1646.29,214.5017
2023-08-26 19:45:00,1646.29,1646.42,1645.81,1646.24,210.5293
2023-08-26 20:00:00,1646.24,1646.24,1645.81,1645.87,208.2398
2023-08-26 20:15:00,1645.87,1647.73,1645.87,1647.44,195.3431
2023-08-26 20:30:00,1647.44,1647.46,1646.19,1646.21,175.6376
2023-08-26 20:45:00,1646.21,1647.8,1646.15,1647.5,190.9596
2023-08-26 21:00:00,1647.5,1649.17,1647.4,1649.17,178.5207
2023-08-26 21:15:00,1649.17,1650.5,1649.01,1650.42,169.0775
2023-08-26 21:30:00,1650.42,1650.43,1649.01,1650.2,233.4766
2023-08-26 21:45:00,1650.2,1650.22,1649.15,1649.16,174.1431
2023-08-26 22:00:00,1649.16,1649.8,1648.94,1649.64,250.6519
2023-08-26 22:15:00,1649.64,1650.17,1648.75,1649.01,211.3231
2023-08-26 22:30:00,1649.01,1649.28,1648.63,1648.76,175.8054
2023-08-26 22:45:00,1648.76,1648.77,1648.18,1648.55,257.772
2023-08-26 23:00:00,1648.55,1648.67,1645.27,1645.74,186.6311
2023-08-26 23:15:00,1645.74,1646.76,1645.41,1646.73,153.829
2023-08-26 23:30:00,1646.73,1647.56,1646.56,1646.56,157.4806
2023-08-26 23:45:00,1646.56,1647.04,1646.25,1647.0,179.7168
2023-08-27 00:00:00,1647.0,1647.41,1646.68,1647.4,179.4887
2023-08-27 00:15:00,1647.4,1649.26,1647.35,1648.97,206.648
2023-08-27 00:30:00,1648.97,1649.25,1647.97,1648.0,188.2194
2023-08-27 00:45:00,1648.0,1648.71,1647.86,1647.96,168.3743
2023-08-27 01:00:00,1647.96,1648.43,1646.82,1648.16,106.5184
2023-08-27 01:15:00,1648.16,1648.4,1647.51,1647.94,107.133
2023-08-27 01:30:00,1647.94,1648.31,1646.7,1646.97,125.3253
2023-08-27 01:45:00,1646.97,1649.78,1646.96,1649.65,112.1297
2023-08-27 02:00:00,1649.65,1650.44,1649.2,1649.44,140.5564
2023-08-27 02:15:00,1649.44,1650.1,1648.05,1648.28,144.4312
2023-08-27 02:30:00,1648.28,1648.31,1647.01,1647.59,152.9871
2023-08-27 02:45:00,1647.59,1647.83,1646.36,1646.38,154.8479
2023-08-27 03:00:00,1646.38,1646.92,1646.36,1646.92,117.4263
2023-08-27 03:15:00,1646.92,1647.5,1646.9,1647.06,82.9602
2023-08-27 03:30:00,1647.06,1647.64,1647.06,1647.61,108.6481
2023-08-27 03:45:00,1647.61,1647.69,1647.35,1647.36,133.1876
2023-08-27 04:00:00,1647.36,1648.18,1647.35,1647.86,146.3829
2023-08-27 04:15:00,1647.86,1648.64,1647.86,1648.6,191.7934
2023-08-27 04:30:00,1648.6,1650.31,1648.6,1649.01,157.1557
2023-08-27 04:45:00,1649.01,1652.0,1649.01,1651.82,225.5451
2023-08-27 05:00:00,1651.82,1652.39,1651.8,1652.16,179.2028
2023-08-27 05:15:00,1652.16,1655.0,1652.14,1652.76,222.5823
2023-08-27 05:30:00,1652.76,1653.29,1651.5,1651.53,190.5073
2023-08-27 05:45:00,1651.53,1651.8,1651.4,1651.74,195.4515
2023-08-27 06:00:00,1651.74,1652.13,1651.21,1651.22,259.417
2023-08-27 06:15:00,1651.22,1651.53,1649.9,1650.01,103.574
2023-08-27 06:30:00,1650.01,1650.14,1648.45,1648.49,97.5448
2023-08-27 06:45:00,1648.49,1650.52,1648.41,1650.15,78.9693
2023-08-27 07:00:00,1650.15,1650.22,1649.71,1650.0,110.1254
2023-08-27 07:15:00,1650.0,1650.0,1649.25,1649.29,122.6273
2023-08-27 07:30:00,1649.29,1649.56,1648.83,1648.91,99.6032
2023-08-27 07:45:00,1648.91,1649.15,1648.51,1648.54,117.274
2023-08-27 08:00:00,1648.54,1650.27,1648.54,1649.69,192.3556
2023-08-27 08:15:00,1649.69,1649.7,1647.58,1648.59,205.0529
2023-08-27 08:30:00,1648.59,1650.53,1648.34,1649.29,183.1056
2023-08-27 08:45:00,1649.29,1651.41,1649.29,1650.92,216.0745
2023-08-27 09:00:00,1650.92,1651.09,1649.34,1649.75,243.1826
2023-08-27 09:15:00,1649.75,1650.6,1649.03,1649.93,240.1624
2023-08-27 09:30:00,1649.93,1649.93,1648.61,1648.62,264.8117
2023-08-27 09:45:00,1648.62,1650.79,1648.2,1650.55,315.3406
2023-08-27 10:00:00,1650.55,1651.14,1650.55,1650.72,191.7034
2023-08-27 10:15:00,1650.72,1652.05,1650.7,1652.03,129.5599
2023-08-27 10:30:00,1652.03,1652.59,1651.75,1652.39,149.7998
2023-08-27 10:45:00,1652.39,1652.55,1651.01,1651.03,115.0347
2023-08-27 11:00:00,1651.03,1651.04,1650.0,1650.0,135.5395
2023-08-27 11:15:00,1650.0,1651.18,1650.0,1650.68,176.8911
2023-08-27 11:30:00,1650.68,1650.69,1650.03,1650.21,186.495
2023-08-27 11:45:00,1650.21,1650.24,1649.28,1649.42,146.293
2023-08-27 12:00:00,1649.42,1649.54,1648.71,1649.51,76.9443
2023-08-27 12:15:00,1649.51,1649.55,1648.92,1648.96,56.3413
2023-08-27 12:30:00,1648.96,1649.4,1648.93,1649.39,48.9658
2023-08-27 12:45:00,1649.39,1651.04,1649.39,1650.83,52.3697
2023-08-27 13:00:00,1650.83,1651.18,1650.65,1651.02,58.9534
2023-08-27 13:15:00,1651.02,1651.39,1650.94,1651.39,59.0186
2023-08-27 13:30:00,1651.39,1652.47,1649.83,1649.87,74.1206
2023-08-27 13:45:00,1649.87,1651.63,1649.82,1651.56,70.5499
2023-08-27 14:00:00,1651.56,1658.38,1651.55,1656.23,82.3552
2023-08-27 14:15:00,1656.23,1658.32,1654.0,1655.75,125.8708
2023-08-27 14:30:00,1655.75,1659.03,1655.73,1657.91,92.3502
2023-08-27 14:45:00,1657.91,1658.32,1656.29,1657.62,88.6093
2023-08-27 15:00:00,1657.62,1659.85,1656.92,1656.96,85.1999
2023-08-27 15:15:00,1656.96,1658.72,1656.96,1658.48,77.0558
2023-08-27 15:30:00,1658.48,1658.68,1656.67,1657.59,89.8948
2023-08-27 15:45:00,1657.59,1657.98,1654.93,1655.47,79.2652
2023-08-27 16:00:00,1655.47,1656.6,1655.1,1655.64,228.0062
2023-08-27 16:15:00,1655.64,1658.27,1655.36,1657.99,116.2545
2023-08-27 16:30:00,1657.99,1658.52,1656.93,1656.94,118.6073
2023-08-27 16:45:00,1656.94,1659.9,1656.92,1659.31,128.9557
2023-08-27 17:00:00,1659.31,1660.0,1658.24,1658.53,132.8279
2023-08-27 17:15:00,1658.53,1658.57,1656.72,1656.73,229.848
2023-08-27 17:30:00,1656.73,1656.73,1654.25,1654.6,138.2792
2023-08-27 17:45:00,1654.6,1654.6,1650.44,1651.68,133.6525
2023-08-27 18:00:00,1651.68,1653.37,1650.3,1652.06,124.6738
2023-08-27 18:15:00,1652.06,1653.64,1651.87,1653.11,107.8606
2023-08-27 18:30:00,1653.11,1653.38,1652.74,1653.38,90.2024
2023-08-27 18:45:00,1653.38,1655.4,1653.37,1654.94,101.2089
2023-08-27 19:00:00,1654.94,1658.84,1654.6,1656.77,90.2245
2023-08-27 19:15:00,1656.77,1657.85,1656.43,1657.58,58.7862
2023-08-27 19:30:00,1657.58,1658.5,1656.81,1658.0,60.3048
2023-08-27 19:45:00,1658.0,1658.01,1654.6,1655.93,85.9695
2023-08-27 20:00:00,1655.93,1656.36,1653.92,1654.53,178.7326
2023-08-27 20:15:00,1654.53,1654.81,1653.48,1654.81,141.1386
2023-08-27 20:30:00,1654.81,1655.2,1653.41,1654.31,159.0738
2023-08-27 20:45:00,1654.31,1655.0,1653.59,1654.35,145.3084
2023-08-27 21:00:00,1654.35,1655.17,1654.29,1655.16,76.38
2023-08-27 21:15:00,1655.16,1657.4,1655.16,1657.38,60.2418
2023-08-27 21:30:00,1657.38,1658.38,1657.33,1657.44,63.8994
2023-08-27 21:45:00,1657.44,1657.44,1651.1,1653.37,67.227
2023-08-27 22:00:00,1653.37,1653.42,1652.1,1652.37,94.752
2023-08-27 22:15:00,1652.37,1655.32,1652.35,1654.73,93.4312
2023-08-27 22:30:00,1654.73,1655.69,1654.13,1655.51,101.5306
2023-08-27 22:45:00,1655.51,1657.55,1655.46,1657.43,83.9426
2023-08-27 23:00:00,1657.43,1658.85,1657.41,1658.7,91.8138
2023-08-27 23:15:00,1658.7,1659.0,1656.02,1657.54,118.0524
2023-08-27 23:30:00,1657.54,1657.71,1656.22,1657.17,106.7406
2023-08-27 23:45:00,1657.17,1658.46,1657.17,1658.31,92.0037
2023-08-28 00:00:00,1658.31,1658.33,1656.81,1657.77,79.7232
2023-08-28 00:15:00,1657.77,1658.25,1653.68,1654.0,98.2627
2023-08-28 00:30:00,1654.0,1654.53,1652.74,1653.16,103.3206
2023-08-28 00:45:00,1653.16,1654.49,1649.58,1651.62,83.2261
2023-08-28 01:00:00,1651.62,1651.62,1648.51,1649.35,115.0349
2023-08-28 01:15:00,1649.35,1652.09,1649.27,1651.99,102.2515
2023-08-28 01:30:00,1651.99,1652.06,1649.52,1651.56,117.5958
2023-08-28 01:45:00,1651.56,1652.09,1648.16,1649.04,91.6589
2023-08-28 02:00:00,1649.04,1650.76,1648.5,1649.35,274.8247
2023-08-28 02:15:00,1649.35,1650.93,1648.77,1650.82,437.4132
2023-08-28 02:30:00,1650.82,1651.95,1650.66,1651.86,687.3886
2023-08-28 02:45:00,1651.86,1651.87,1649.32,1650.53,687.1425
2023-08-28 03:00:00,1650.53,1651.0,1649.58,1649.6,346.3251
2023-08-28 03:15:00,1649.6,1650.78,1649.29,1650.72,349.952
2023-08-28 03:30:00,1650.72,1651.37,1649.73,1650.38,430.2929
2023-08-28 03:45:00,1650.38,1651.07,1649.87,1650.02,355.7615
2023-08-28 04:00:00,1650.02,1650.12,1649.0,1650.12,410.7093
2023-08-28 04:15:00,1650.12,1650.29,1649.96,1650.23,541.8532
2023-08-28 04:30:00,1650.23,1650.43,1649.64,1649.78,659.5147
2023-08-28 04:45:00,1649.78,1650.45,1649.67,1650.18,653.8375
2023-08-28 05:00:00,1650.18,1651.07,1649.71,1651.06,588.6894
2023-08-28 05:15:00,1651.06,1651.85,1648.73,1648.75,506.1176
2023-08-28 05:30:00,1648.75,1648.75,1636.51,1641.79,998.2471
2023-08-28 05:45:00,1641.79,1643.16,1641.09,1642.89,603.9684
2023-08-28 06:00:00,1642.89,1646.62,1642.07,1645.77,595.7529
2023-08-28 06:15:00,1645.77,1645.77,1642.42,1643.35,697.0708
2023-08-28 06:30:00,1643.35,1644.39,1641.54,1642.25,736.0467
2023-08-28 06:45:00,1642.25,1644.0,1642.0,1643.01,710.1656
2023-08-28 07:00:00,1643.01,1643.76,1642.32,1642.36,700.5777
2023-08-28 07:15:00,1642.36,1642.46,1641.05,1641.16,601.7861
2023-08-28 07:30:00,1641.16,1641.5,1638.9,1640.61,753.8102
2023-08-28 07:45:00,1640.61,1642.15,1639.83,1641.48,631.8808
2023-08-28 08:00:00,1641.48,1643.37,1640.87,1640.87,692.6821
2023-08-28 08:15:00,1640.87,1642.94,1640.6,1640.82,655.909
2023-09-05 16:15:00,1639.86,1640.5,1637.15,1637.33,251.892
2023-09-05 16:30:00,1637.33,1643.39,1637.29,1642.12,410.1128
2023-09-05 16:45:00,1642.12,1642.87,1636.37,1636.74,420.0237
2023-09-05 17:00:00,1636.74,1637.63,1634.79,1636.58,424.0061
2023-09-05 17:15:00,1636.58,1637.09,1634.13,1635.2,418.7761
2023-09-05 17:30:00,1635.2,1637.59,1635.2,1637.53,312.799
2023-09-05 17:45:00,1637.53,1638.76,1635.6,1635.94,173.7184
2023-09-05 18:00:00,1635.94,1636.73,1634.76,1634.79,168.3019
2023-09-05 18:15:00,1634.79,1636.35,1633.43,1633.7,175.5045
2023-09-05 18:30:00,1633.7,1635.86,1633.66,1635.75,284.0015
2023-09-05 18:45:00,1635.75,1637.77,1635.3,1636.67,322.0898
2023-09-05 19:00:00,1636.67,1639.18,1636.36,1636.54,409.023
2023-09-05 19:15:00,1636.54,1637.67,1635.19,1635.19,333.6768
2023-09-05 19:30:00,1635.19,1637.37,1635.0,1635.08,363.8263
2023-09-05 19:45:00,1635.08,1635.58,1632.31,1632.41,443.8816
2023-09-05 20:00:00,1632.41,1633.56,1630.44,1632.62,451.7719
2023-09-05 20:15:00,1632.62,1632.78,1630.8,1631.77,308.452
2023-09-05 20:30:00,1631.77,1632.42,1626.95,1628.23,304.3101
2023-09-05 20:45:00,1628.23,1630.05,1627.56,1629.92,270.5253
2023-09-05 21:00:00,1629.92,1631.89,1629.73,1631.8,220.8317
2023-09-05 21:15:00,1631.8,1632.38,1630.38,1632.37,238.6337
2023-09-05 21:30:00,1632.37,1633.55,1629.75,1631.45,342.2026
2023-09-05 21:45:00,1631.45,1631.71,1630.42,1630.48,346.1535
2023-09-05 22:00:00,1630.48,1631.37,1630.04,1631.13,437.2763
2023-09-05 22:15:00,1631.13,1631.85,1630.81,1631.54,373.1888
2023-09-05 22:30:00,1631.54,1632.03,1630.8,1630.99,315.2333
2023-09-05 22:45:00,1630.99,1631.96,1630.13,1631.78,380.3259
2023-09-05 23:00:00,1631.78,1632.68,1631.7,1632.57,315.6738
2023-09-05 23:15:00,1632.57,1633.57,1632.57,1632.89,297.5538
2023-09-05 23:30:00,1632.89,1634.16,1632.39,1633.79,318.8221
2023-09-05 23:45:00,1633.79,1634.46,1633.23,1634.42,234.2923
2023-09-06 00:00:00,1634.42,1635.27,1633.56,1634.55,272.5732
2023-09-06 00:15:00,1634.55,1634.59,1633.08,1633.08,237.9532
2023-09-06 00:30:00,1633.08,1633.09,1631.82,1632.72,240.4106
2023-09-06 00:45:00,1632.72,1633.79,1631.78,1633.79,211.1288
2023-09-06 01:00:00,1633.79,1635.8,1633.14,1635.61,205.4149
2023-09-06 01:15:00,1635.61,1635.66,1633.97,1634.12,243.6347
2023-09-06 01:30:00,1634.12,1634.19,1633.62,1633.62,221.509
2023-09-06 01:45:00,1633.62,1633.74,1633.03,1633.59,168.1035
2023-09-06 02:00:00,1633.59,1634.19,1632.9,1634.15,174.0258
2023-09-06 02:15:00,1634.15,1637.25,1634.14,1635.59,188.1472
2023-09-06 02:30:00,1635.59,1637.5,1635.55,1637.39,212.545
2023-09-06 02:45:00,1637.39,1639.97,1637.27,1639.37,237.1276
2023-09-06 03:00:00,1639.37,1640.23,1638.32,1639.26,235.4038
2023-09-06 03:15:00,1639.26,1639.43,1636.22,1636.23,286.1574
2023-09-06 03:30:00,1636.23,1636.39,1634.01,1634.26,999.7307
2023-09-06 03:45:00,1634.26,1634.3,1633.48,1633.54,229.9093
2023-09-06 04:00:00,1633.54,1633.85,1632.61,1632.86,225.2505
2023-09-06 04:15:00,1632.86,1633.79,1632.61,1633.08,199.6872
2023-09-06 04:30:00,1633.08,1633.84,1632.1,1632.24,243.7125
2023-09-06 04:45:00,1632.24,1632.25,1630.69,1630.84,198.9682
2023-09-06 05:00:00,1630.84,1631.65,1629.59,1630.03,207.8755
2023-09-06 05:15:00,1630.03,1630.03,1628.7,1629.6,208.2131
2023-09-06 05:30:00,1629.6,1629.61,1628.5,1628.55,251.6089
2023-09-06 05:45:00,1628.55,1629.4,1628.54,1628.9,272.9754
2023-09-06 06:00:00,1628.9,1629.5,1628.01,1628.92,241.0942
2023-09-06 06:15:00,1628.92,1631.67,1628.91,1630.41,276.3012
2023-09-06 06:30:00,1630.41,1631.2,1629.74,1629.94,230.3927
2023-09-06 06:45:00,1629.94,1631.2,1629.84,1630.56,190.5987
2023-09-06 07:00:00,1630.56,1630.73,1629.78,1630.04,162.9705
2023-09-06 07:15:00,1630.04,1630.48,1629.28,1630.47,219.4851
2023-09-06 07:30:00,1630.47,1631.59,1630.47,1631.0,263.1024
2023-09-06 07:45:00,1631.0,1631.5,1629.35,1629.39,424.3774
2023-09-06 08:00:00,1629.39,1629.87,1629.02,1629.55,423.6998
2023-09-06 08:15:00,1629.55,1630.52,1629.28,1629.86,373.6664
2023-09-06 08:30:00,1629.86,1630.68,1629.83,1630.58,299.7203
2023-09-06 08:45:00,1630.58,1632.09,1630.58,1631.48,217.389
2023-09-06 09:00:00,1631.48,1632.48,1630.57,1630.57,203.7844
2023-09-06 09:15:00,1630.57,1630.88,1629.49,1630.47,248.0975
2023-09-06 09:30:00,1630.47,1632.18,1630.47,1631.92,238.4768
2023-09-06 09:45:00,1631.92,1633.19,1631.92,1632.3,205.3478
2023-09-06 10:00:00,1632.3,1633.82,1632.06,1633.79,225.0479
2023-09-06 10:15:00,1633.79,1633.79,1633.05,1633.07,215.1268
2023-09-06 10:30:00,1633.07,1634.17,1633.07,1633.93,258.3847
2023-09-06 10:45:00,1633.93,1633.94,1631.45,1631.62,302.0122
2023-09-06 11:00:00,1631.62,1632.52,1631.38,1632.47,477.3501
2023-09-06 11:15:00,1632.47,1635.38,1632.47,1635.25,359.9527
2023-09-06 11:30:00,1635.25,1636.15,1633.63,1633.91,212.2125
2023-09-06 11:45:00,1633.91,1634.32,1631.96,1632.64,153.3845
2023-09-06 12:00:00,1632.64,1633.74,1632.36,1633.44,186.0131
2023-09-06 12:15:00,1633.44,1634.13,1633.26,1634.08,139.1116
2023-09-06 12:30:00,1634.08,1634.71,1632.36,1632.58,252.825
2023-09-06 12:45:00,1632.58,1632.88,1630.96,1632.39,226.7117
2023-09-06 13:00:00,1632.39,1633.54,1630.9,1631.62,220.9146
2023-09-06 13:15:00,1631.62,1632.65,1630.17,1631.33,211.5274
2023-09-06 13:30:00,1631.33,1634.56,1630.15,1634.55,176.7596
2023-09-06 13:45:00,1634.55,1635.3,1630.83,1632.39,306.7417
2023-09-06 14:00:00,1632.39,1632.39,1622.63,1626.25,433.5492
2023-09-06 14:15:00,1626.25,1627.87,1622.05,1622.05,365.4273
2023-09-06 14:30:00,1622.05,1624.46,1621.32,1621.5,394.8746
2023-09-06 14:45:00,1621.5,1624.85,1619.7,1624.37,433.2974
2023-09-06 15:00:00,1624.37,1625.35,1621.83,1621.83,388.7137
2023-09-06 15:15:00,1621.83,1624.96,1619.7,1624.13,388.8968
2023-09-06 15:30:00,1624.13,1627.17,1623.46,1627.13,303.9583
2023-09-06 15:45:00,1627.13,1627.13,1623.43,1623.43,200.1648
2023-09-06 16:00:00,1623.43,1624.6,1621.96,1622.2,210.862
2023-09-06 16:15:00,1622.2,1624.86,1622.07,1622.7,272.1906
2023-09-06 16:30:00,1622.7,1624.95,1622.21,1623.24,185.7508
2023-09-06 16:45:00,1623.24,1625.8,1622.86,1623.48,269.8751
2023-09-06 17:00:00,1623.48,1623.6,1609.74,1616.46,479.6207
2023-09-06 17:15:00,1616.46,1622.58,1615.66,1621.72,506.2851
2023-09-06 17:30:00,1621.72,1625.52,1620.07,1625.14,354.857
2023-09-06 17:45:00,1625.14,1669.38,1624.01,1647.39,447.757
2023-09-06 18:00:00,1647.39,1655.43,1639.21,1642.09,321.6792
2023-09-06 18:15:00,1642.09,1642.09,1624.62,1630.84,360.3384
2023-09-06 18:30:00,1630.84,1634.45,1627.31,1633.64,310.6617
2023-09-06 18:45:00,1633.64,1635.23,1628.08,1628.09,391.6884
2023-09-06 19:00:00,1628.09,1630.1,1626.14,1630.08,395.9232
2023-09-06 19:15:00,1630.08,1633.13,1629.53,1630.96,363.3219
2023-09-06 19:30:00,1630.96,1632.88,1629.93,1632.09,292.2834
2023-09-06 19:45:00,1632.09,1632.99,1630.49,1631.3,279.8055
2023-09-06 20:00:00,1631.3,1633.64,1631.16,1632.17,212.7412
2023-09-06 20:15:00,1632.17,1632.73,1629.47,1629.85,258.5525
2023-09-06 20:30:00,1629.85,1632.14,1629.6,1631.76,247.8464
2023-09-06 20:45:00,1631.76,1632.33,1628.58,1628.76,404.8084
2023-09-06 21:00:00,1628.76,1631.56,1627.67,1631.52,278.623
2023-09-06 21:15:00,1631.52,1632.61,1630.89,1632.61,337.6614
2023-09-06 21:30:00,1632.61,1633.32,1630.76,1631.88,348.8744
2023-09-06 21:45:00,1631.88,1633.34,1631.72,1632.55,163.8846
2023-09-06 22:00:00,1632.55,1635.0,1632.26,1632.75,171.6136
2023-09-06 22:15:00,1632.75,1633.74,1631.83,1632.89,148.3628
2023-09-06 22:30:00,1632.89,1633.33,1632.25,1633.0,154.3527
2023-09-06 22:45:00,1633.0,1633.01,1631.5,1631.62,225.2828
2023-09-06 23:00:00,1631.62,1632.83,1631.15,1632.83,222.9987
2023-09-06 23:15:00,1632.83,1634.38,1632.8,1633.49,223.5146
2023-09-06 23:30:00,1633.49,1633.79,1632.32,1633.37,199.1903
2023-09-06 23:45:00,1633.37,1634.11,1633.06,1633.11,165.4572
2023-09-07 00:00:00,1633.11,1633.34,1632.58,1633.13,162.6781
2023-09-07 00:15:00,1633.13,1633.2,1631.93,1632.54,159.3925
2023-09-07 00:30:00,1632.54,1633.28,1632.51,1632.97,136.7029
2023-09-07 00:45:00,1632.97,1633.84,1632.56,1633.83,164.6896
2023-09-07 01:00:00,1633.83,1634.51,1633.43,1633.66,167.5366
2023-09-07 01:15:00,1633.66,1634.45,1632.78,1632.82,242.0884
2023-09-07 01:30:00,1632.82,1632.83,1631.91,1632.32,257.1527
2023-09-07 01:45:00,1632.32,1634.07,1632.31,1634.03,252.589
2023-09-07 02:00:00,1634.03,1638.29,1633.04,1636.78,210.2477
2023-09-07 02:15:00,1636.78,1638.89,1632.28,1636.81,273.9701
2023-09-07 02:30:00,1636.81,1636.94,1633.64,1634.72,186.914
2023-09-07 02:45:00,1634.72,1636.76,1633.31,1633.94,206.0627
2023-09-07 03:00:00,1633.94,1634.65,1633.43,1634.51,172.5803
2023-09-07 03:15:00,1634.51,1636.91,1634.16,1636.52,165.585
2023-09-07 03:30:00,1636.52,1638.07,1635.9,1637.24,180.8371
2023-09-07 03:45:00,1637.24,1640.06,1637.01,1640.01,212.1914
2023-09-07 04:00:00,1640.01,1642.17,1639.06,1639.88,260.8299
2023-09-07 04:15:00,1639.88,1640.27,1637.62,1637.86,203.1514
2023-09-07 04:30:00,1637.86,1639.54,1637.6,1638.27,205.1603
2023-09-07 04:45:00,1638.27,1640.28,1637.47,1639.42,181.8076
2023-09-07 05:00:00,1639.42,1640.52,1638.68,1638.71,195.9288
2023-09-07 05:15:00,1638.71,1638.84,1637.73,1637.77,201.4474
2023-09-07 05:30:00,1637.77,1638.67,1637.69,1638.47,207.1789
2023-09-07 05:45:00,1638.47,1639.69,1638.36,1638.36,200.1429
2023-09-07 06:00:00,1638.36,1638.42,1637.28,1637.85,223.2516
2023-09-07 06:15:00,1637.85,1638.86,1637.64,1638.7,202.8144
2023-09-07 06:30:00,1638.7,1639.07,1637.72,1638.59,229.7165
2023-09-07 06:45:00,1638.59,1638.63,1637.54,1637.63,236.0129
2023-09-07 07:00:00,1637.63,1637.65,1636.5,1636.81,288.5774
2023-09-07 07:15:00,1636.81,1637.09,1635.61,1635.9,265.9423
2023-09-07 07:30:00,1635.9,1637.59,1635.89,1637.39,304.6964
2023-09-07 07:45:00,1637.39,1637.4,1635.44,1635.78,205.8205
2023-09-07 08:00:00,1635.78,1635.79,1632.21,1632.94,330.3881
2023-09-07 08:15:00,1632.94,1633.67,1632.32,1632.95,198.7277
2023-09-07 08:30:00,1632.95,1634.08,1632.93,1633.88,307.2802
2023-09-07 08:45:00,1633.88,1633.94,1633.26,1633.44,144.1456
2023-09-07 09:00:00,1633.44,1633.99,1632.6,1633.99,112.6039
2023-09-07 09:15:00,1633.99,1634.06,1633.22,1633.96,150.9218
2023-09-07 09:30:00,1633.96,1634.36,1632.93,1633.0,124.6565
2023-09-07 09:45:00,1633.0,1633.12,1631.49,1632.07,232.0561
2023-09-07 10:00:00,1632.07,1633.2,1632.07,1633.18,233.6721
2023-09-07 10:15:00,1633.18,1633.38,1632.84,1632.86,265.4916
2023-09-07 10:30:00,1632.86,1632.88,1630.58,1630.8,282.7798
2023-09-07 10:45:00,1630.8,1631.16,1629.51,1630.79,279.4403
2023-09-07 11:00:00,1630.79,1631.58,1630.0,1630.21,239.9645
2023-09-07 11:15:00,1630.21,1630.23,1627.63,1627.97,292.0282
2023-09-07 11:30:00,1627.97,1628.75,1627.29,1628.02,324.19
2023-09-07 11:45:00,1628.02,1628.18,1626.21,1627.35,134.6537
2023-09-07 12:00:00,1627.35,1628.92,1627.03,1628.68,167.685
2023-09-07 12:15:00,1628.68,1629.8,1628.17,1629.75,244.645
2023-09-07 12:30:00,1629.75,1629.75,1626.43,1626.66,221.5103
2023-09-07 12:45:00,1626.66,1626.97,1624.54,1626.21,204.1243
2023-09-07 13:00:00,1626.21,1628.19,1625.95,1627.55,259.7781
2023-09-07 13:15:00,1627.55,1628.11,1626.61,1627.67,251.7079
2023-09-07 13:30:00,1627.67,1633.48,1625.46,1630.5,374.6441
2023-09-07 13:45:00,1630.5,1630.66,1625.21,1626.03,341.3029
2023-09-07 14:00:00,1626.03,1629.79,1623.76,1628.56,377.1361
2023-09-07 14:15:00,1628.56,1629.82,1627.02,1627.24,435.5807
2023-09-07 14:30:00,1627.24,1630.8,1624.0,1630.74,473.5616
2023-09-07 14:45:00,1630.74,1632.3,1629.2,1632.3,363.4681
2023-09-07 15:00:00,1632.3,1633.22,1630.16,1632.26,468.2749
2023-09-07 15:15:00,1632.26,1633.95,1629.57,1629.67,273.572
2023-09-07 15:30:00,1629.67,1632.38,1629.0,1630.51,213.9341
2023-09-07 15:45:00,1630.51,1631.72,1629.61,1630.57,212.0473
2023-09-07 16:00:00,1630.57,1632.1,1630.01,1631.74,206.8814
2023-09-07 16:15:00,1631.74,1635.0,1631.0,1633.44,255.6866
2023-09-07 16:30:00,1633.44,1638.24,1633.25,1637.17,417.7485
2023-09-07 16:45:00,1637.17,1640.71,1634.11,1634.18,326.8854
2023-09-07 17:00:00,1634.18,1634.29,1631.46,1633.2,307.6829
2023-09-07 17:15:00,1633.2,1635.24,1632.42,1635.07,286.4056
2023-09-07 17:30:00,1635.07,1637.33,1634.4,1636.24,283.8126
2023-09-07 17:45:00,1636.24,1639.98,1636.12,1638.99,362.2717
2023-09-07 18:00:00,1638.99,1641.19,1636.9,1638.72,304.3468
2023-09-16 02:00:00,1643.62,1647.72,1643.62,1647.72,323.2886
2023-09-16 02:15:00,1647.72,1652.0,1646.0,1646.58,319.0111
2023-09-16 02:30:00,1646.58,1647.31,1644.82,1647.31,317.5876
2023-09-16 02:45:00,1647.31,1649.91,1645.41,1645.42,329.9006
2023-09-16 03:00:00,1645.42,1647.83,1644.92,1644.93,334.2657
2023-09-16 03:15:00,1644.93,1647.54,1644.27,1646.25,329.72
2023-09-16 03:30:00,1646.25,1646.25,1644.37,1644.62,277.7263
2023-09-16 03:45:00,1644.62,1644.85,1640.8,1641.59,229.4883
2023-09-16 04:00:00,1641.59,1642.05,1639.22,1639.49,247.4841
2023-09-16 04:15:00,1639.49,1641.08,1638.82,1640.29,192.8565
2023-09-16 04:30:00,1640.29,1642.22,1640.29,1640.82,350.0417
2023-09-16 04:45:00,1640.82,1641.73,1638.75,1638.96,315.7237
2023-09-16 05:00:00,1638.96,1640.67,1637.85,1639.69,344.4299
2023-09-16 05:15:00,1639.69,1640.72,1637.9,1639.9,369.7258
2023-09-16 05:30:00,1639.9,1639.91,1638.16,1638.76,157.9228
2023-09-16 05:45:00,1638.76,1639.11,1637.84,1638.34,137.1529
2023-09-16 06:00:00,1638.34,1639.49,1637.84,1638.08,141.5209
2023-09-16 06:15:00,1638.08,1638.58,1636.34,1636.35,131.4066
2023-09-16 06:30:00,1636.35,1637.15,1635.72,1636.91,232.8475
2023-09-16 06:45:00,1636.91,1636.94,1634.78,1636.61,220.1725
2023-09-16 07:00:00,1636.61,1636.94,1636.25,1636.42,227.5349
2023-09-16 07:15:00,1636.42,1637.16,1635.4,1637.15,255.8519
2023-09-16 07:30:00,1637.15,1637.85,1635.03,1635.03,151.7603
2023-09-16 07:45:00,1635.03,1637.42,1635.03,1636.85,121.275
2023-09-16 08:00:00,1636.85,1637.17,1634.47,1634.49,179.682
2023-09-16 08:15:00,1634.49,1636.02,1633.98,1635.16,122.1621
2023-09-16 08:30:00,1635.16,1637.4,1635.16,1636.6,265.8743
2023-09-16 08:45:00,1636.6,1637.43,1633.87,1634.84,216.2034
2023-09-16 09:00:00,1634.84,1635.55,1634.42,1634.54,244.7172
2023-09-16 09:15:00,1634.54,1635.87,1634.54,1635.18,164.158
2023-09-16 09:30:00,1635.18,1637.83,1635.08,1636.69,287.4457
2023-09-16 09:45:00,1636.69,1638.64,1634.23,1634.59,317.8609
2023-09-16 10:00:00,1634.59,1635.16,1631.54,1634.77,387.7853
2023-09-16 10:15:00,1634.77,1635.65,1634.23,1635.58,336.7072
2023-09-16 10:30:00,1635.58,1636.64,1635.57,1636.29,268.3336
2023-09-16 10:45:00,1636.29,1636.59,1636.03,1636.58,293.9845
2023-09-16 11:00:00,1636.58,1636.63,1635.41,1635.52,320.823
2023-09-16 11:15:00,1635.52,1636.48,1634.26,1634.93,356.85
2023-09-16 11:30:00,1634.93,1636.89,1634.31,1636.86,157.3184
2023-09-16 11:45:00,1636.86,1637.05,1635.11,1635.79,117.5285
2023-09-16 12:00:00,1635.79,1635.79,1634.62,1634.86,133.9921
2023-09-16 12:15:00,1634.86,1635.37,1634.42,1635.3,150.5027
2023-09-16 12:30:00,1635.3,1637.92,1635.28,1637.92,258.1754
2023-09-16 12:45:00,1637.92,1639.4,1636.66,1637.19,288.576
2023-09-16 13:00:00,1637.19,1637.62,1635.92,1635.95,266.6106
2023-09-16 13:15:00,1635.95,1636.08,1634.43,1634.96,298.5048
2023-09-16 13:30:00,1634.96,1635.67,1634.3,1634.97,172.3976
2023-09-16 13:45:00,1634.97,1636.14,1634.72,1635.21,186.5896
2023-09-16 14:00:00,1635.21,1635.81,1634.8,1635.34,212.7321
2023-09-16 14:15:00,1635.34,1635.57,1634.19,1635.4,212.0541
2023-09-16 14:30:00,1635.4,1636.61,1634.64,1636.15,142.982
2023-09-16 14:45:00,1636.15,1636.16,1633.11,1633.23,166.8557
2023-09-16 15:00:00,1633.23,1635.24,1631.38,1635.15,193.1844
2023-09-16 15:15:00,1635.15,1636.95,1633.86,1635.66,165.044
2023-09-16 15:30:00,1635.66,1636.83,1635.36,1636.28,173.8333
2023-09-16 15:45:00,1636.28,1636.3,1634.45,1634.46,169.4202
2023-09-16 16:00:00,1634.46,1635.23,1633.89,1635.22,189.2689
2023-09-16 16:15:00,1635.22,1635.75,1633.76,1633.88,160.505
2023-09-16 16:30:00,1633.88,1635.94,1633.64,1635.88,198.3456
2023-09-16 16:45:00,1635.88,1636.69,1635.26,1636.62,223.7706
2023-09-16 17:00:00,1636.62,1636.62,1635.47,1636.2,227.2421
2023-09-16 17:15:00,1636.2,1637.81,1635.71,1637.36,158.3037
2023-09-16 17:30:00,1637.36,1638.64,1636.99,1638.15,264.346
2023-09-16 17:45:00,1638.15,1639.4,1637.47,1637.48,329.9572
2023-09-16 18:00:00,1637.48,1638.94,1636.8,1636.92,370.9298
2023-09-16 18:15:00,1636.92,1637.96,1636.12,1636.65,261.8886
2023-09-16 18:30:00,1636.65,1637.28,1635.61,1635.93,255.7346
2023-09-16 18:45:00,1635.93,1637.1,1635.51,1637.1,250.5731
2023-09-16 19:00:00,1637.1,1637.16,1632.3,1633.85,253.4158
2023-09-16 19:15:00,1633.85,1633.89,1632.43,1633.83,219.3237
2023-09-16 19:30:00,1633.83,1633.85,1632.38,1632.42,316.6838
2023-09-16 19:45:00,1632.42,1633.84,1631.89,1633.49,235.3733
2023-09-16 20:00:00,1633.49,1635.04,1632.93,1634.43,249.6185
2023-09-16 20:15:00,1634.43,1634.83,1633.81,1634.62,282.529
2023-09-16 20:30:00,1634.62,1636.3,1634.61,1635.6,152.6591
2023-09-16 20:45:00,1635.6,1635.68,1634.35,1634.72,159.2116
2023-09-16 21:00:00,1634.72,1635.47,1634.66,1635.43,187.4507
2023-09-16 21:15:00,1635.43,1638.0,1634.9,1634.93,142.3082
2023-09-16 21:30:00,1634.93,1637.3,1634.86,1635.75,182.1774
2023-09-16 21:45:00,1635.75,1636.85,1635.55,1636.84,202.3052
2023-09-16 22:00:00,1636.84,1637.3,1635.5,1635.88,234.2119
2023-09-16 22:15:00,1635.88,1636.0,1634.98,1635.45,195.3826
2023-09-16 22:30:00,1635.45,1636.0,1635.16,1635.99,252.6316
2023-09-16 22:45:00,1635.99,1636.24,1635.95,1635.99,282.3578
2023-09-16 23:00:00,1635.99,1636.96,1635.84,1635.87,332.143
2023-09-16 23:15:00,1635.87,1636.02,1633.05,1633.68,313.7469
2023-09-16 23:30:00,1633.68,1634.45,1633.2,1634.35,233.7002
2023-09-16 23:45:00,1634.35,1634.5,1634.26,1634.34,154.4209
2023-09-17 00:00:00,1634.34,1634.37,1624.67,1628.9,226.1634
2023-09-17 00:15:00,1628.9,1629.32,1624.13,1627.69,202.7976
2023-09-17 00:30:00,1627.69,1629.13,1627.0,1629.08,208.292
2023-09-17 00:45:00,1629.08,1629.24,1623.56,1625.25,225.3797
2023-09-17 01:00:00,1625.25,1625.25,1620.0,1624.19,298.5782
2023-09-17 01:15:00,1624.19,1625.89,1622.97,1624.47,280.1226
2023-09-17 01:30:00,1624.47,1626.67,1624.46,1626.56,286.8985
2023-09-17 01:45:00,1626.56,1627.0,1625.31,1625.33,242.2826
2023-09-17 02:00:00,1625.33,1625.56,1624.38,1624.72,281.8583
2023-09-17 02:15:00,1624.72,1627.17,1624.71,1626.81,192.3607
2023-09-17 02:30:00,1626.81,1628.89,1625.73,1628.47,171.6732
2023-09-17 02:45:00,1628.47,1629.52,1627.79,1628.07,137.5173
2023-09-17 03:00:00,1628.07,1628.74,1627.61,1628.46,162.3472
2023-09-17 03:15:00,1628.46,1629.83,1628.46,1629.73,127.8271
2023-09-17 03:30:00,1629.73,1629.86,1627.39,1628.38,445.0333
2023-09-17 03:45:00,1628.38,1629.28,1628.37,1628.99,316.7033
2023-09-17 04:00:00,1628.99,1629.19,1627.35,1627.93,305.6461
2023-09-17 04:15:00,1627.93,1628.18,1627.52,1627.6,275.404
2023-09-17 04:30:00,1627.6,1628.81,1627.6,1628.7,286.6935
2023-09-17 04:45:00,1628.7,1631.45,1628.7,1630.94,298.7333
2023-09-17 05:00:00,1630.94,1631.62,1630.02,1631.0,277.8355
2023-09-17 05:15:00,1631.0,1631.01,1629.05,1629.84,290.5077
2023-09-17 05:30:00,1629.84,1629.84,1628.31,1628.7,244.6133
2023-09-17 05:45:00,1628.7,1630.47,1628.69,1630.11,258.1817
2023-09-17 06:00:00,1630.11,1630.12,1628.9,1629.22,223.7108
2023-09-17 06:15:00,1629.22,1629.74,1629.21,1629.68,227.1622
2023-09-17 06:30:00,1629.68,1631.22,1629.66,1630.02,165.9092
2023-09-17 06:45:00,1630.02,1630.47,1629.09,1630.44,177.3756
2023-09-17 07:00:00,1630.44,1630.46,1630.12,1630.35,166.0014
2023-09-17 07:15:00,1630.35,1630.9,1630.33,1630.67,143.383
2023-09-17 07:30:00,1630.67,1630.68,1629.15,1629.17,242.1142
2023-09-17 07:45:00,1629.17,1629.17,1627.56,1627.82,281.1282
2023-09-17 08:00:00,1627.82,1630.2,1627.3,1629.98,241.8572
2023-09-17 08:15:00,1629.98,1631.0,1629.13,1631.0,246.482
2023-09-17 08:30:00,1631.0,1632.61,1630.9,1631.89,264.7525
2023-09-17 08:45:00,1631.89,1632.61,1631.62,1631.86,251.7174
2023-09-17 09:00:00,1631.86,1632.37,1630.95,1631.41,309.8085
2023-09-17 09:15:00,1631.41,1632.05,1630.55,1631.79,295.7583
2023-09-17 09:30:00,1631.79,1631.92,1631.24,1631.46,236.7712
2023-09-17 09:45:00,1631.46,1634.05,1631.46,1634.0,218.3624
2023-09-17 10:00:00,1634.0,1634.51,1633.21,1633.43,216.014
2023-09-17 10:15:00,1633.43,1634.32,1633.32,1633.45,230.1528
2023-09-17 10:30:00,1633.45,1634.43,1633.44,1634.28,271.9502
2023-09-17 10:45:00,1634.28,1634.99,1633.47,1633.74,203.7333
2023-09-17 11:00:00,1633.74,1634.44,1632.05,1632.13,251.9574
2023-09-17 11:15:00,1632.13,1632.29,1631.07,1631.76,284.621
2023-09-17 11:30:00,1631.76,1632.04,1631.04,1632.04,276.5085
2023-09-17 11:45:00,1632.04,1632.47,1629.45,1629.45,257.7478
2023-09-17 12:00:00,1629.45,1630.63,1629.33,1630.63,275.1726
2023-09-17 12:15:00,1630.63,1631.8,1630.63,1631.74,258.2239
2023-09-17 12:30:00,1631.74,1632.14,1631.19,1631.47,276.5916
2023-09-17 12:45:00,1631.47,1631.52,1630.86,1631.32,308.1612
2023-09-17 13:00:00,1631.32,1631.37,1629.46,1629.77,277.5561
2023-09-17 13:15:00,1629.77,1630.36,1629.69,1630.34,362.3517
2023-09-17 13:30:00,1630.34,1630.57,1628.41,1629.5,331.8988
2023-09-17 13:45:00,1629.5,1629.58,1627.51,1628.64,382.9349
2023-09-17 14:00:00,1628.64,1629.54,1628.35,1629.53,344.418
2023-09-17 14:15:00,1629.53,1630.99,1628.69,1630.82,285.606
2023-09-17 14:30:00,1630.82,1632.19,1630.02,1630.28,160.7827
2023-09-17 14:45:00,1630.28,1630.8,1628.75,1628.84,154.8813
2023-09-17 15:00:00,1628.84,1631.69,1628.62,1630.67,185.9907
2023-09-17 15:15:00,1630.67,1631.03,1629.45,1631.02,109.4425
2023-09-17 15:30:00,1631.02,1631.05,1628.65,1629.35,238.3588
2023-09-17 15:45:00,1629.35,1630.17,1629.17,1629.48,179.074
2023-09-17 16:00:00,1629.48,1629.48,1627.21,1627.85,188.973
2023-09-17 16:15:00,1627.85,1627.87,1625.53,1626.98,203.653
2023-09-17 16:30:00,1626.98,1626.99,1623.81,1623.97,225.5782
2023-09-17 16:45:00,1623.97,1625.14,1623.89,1624.6,237.4547
2023-09-17 17:00:00,1624.6,1624.61,1622.49,1623.79,241.9792
2023-09-17 17:15:00,1623.79,1624.53,1622.22,1623.57,268.0806
2023-09-17 17:30:00,1623.57,1624.03,1622.99,1624.0,258.4806
2023-09-17 17:45:00,1624.0,1624.0,1620.38,1620.38,250.5632
2023-09-17 18:00:00,1620.38,1624.4,1618.18,1624.23,281.4825
2023-09-17 18:15:00,1624.23,1624.39,1623.5,1624.36,220.3475
2023-09-17 18:30:00,1624.36,1625.53,1623.96,1625.48,254.4695
2023-09-17 18:45:00,1625.48,1625.69,1625.14,1625.15,256.6803
2023-09-17 19:00:00,1625.15,1626.54,1625.11,1625.8,281.8638
2023-09-17 19:15:00,1625.8,1626.72,1625.53,1625.84,283.2378
2023-09-17 19:30:00,1625.84,1626.44,1625.61,1625.62,265.4304
2023-09-17 19:45:00,1625.62,1625.96,1625.33,1625.71,410.0822
2023-09-17 20:00:00,1625.71,1626.27,1625.43,1626.23,271.6275
2023-09-17 20:15:00,1626.23,1626.66,1625.79,1626.06,413.943
2023-09-17 20:30:00,1626.06,1626.06,1619.93,1621.79,305.5847
2023-09-17 20:45:00,1621.79,1622.39,1614.15,1617.2,374.8447
2023-09-17 21:00:00,1617.2,1617.38,1612.08,1615.74,427.6339
2023-09-17 21:15:00,1615.74,1620.59,1614.98,1616.69,368.0541
2023-09-17 21:30:00,1616.69,1620.34,1616.67,1619.9,268.0807
2023-09-17 21:45:00,1619.9,1620.0,1618.03,1619.61,184.9965
2023-09-17 22:00:00,1619.61,1619.63,1615.55,1617.48,207.0133
2023-09-17 22:15:00,1617.48,1620.58,1617.43,1620.58,175.4637
2023-09-17 22:30:00,1620.58,1620.63,1618.45,1619.17,262.8062
2023-09-17 22:45:00,1619.17,1620.58,1618.59,1620.58,271.9486
2023-09-17 23:00:00,1620.58,1620.68,1616.53,1616.9,301.7753
2023-09-17 23:15:00,1616.9,1619.25,1616.32,1619.25,316.6727
2023-09-17 23:30:00,1619.25,1620.13,1618.36,1620.11,299.2082
2023-09-17 23:45:00,1620.11,1623.23,1619.95,1622.47,261.5372
2023-09-18 00:00:00,1622.47,1624.49,1621.81,1622.06,262.8943
2023-09-18 00:15:00,1622.06,1623.03,1618.54,1618.56,317.2034
2023-09-18 00:30:00,1618.56,1618.56,1605.71,1614.42,423.6475
2023-09-18 00:45:00,1614.42,1616.78,1612.61,1612.61,196.0783
2023-09-18 01:00:00,1612.61,1615.71,1612.61,1615.71,218.2603
2023-09-18 01:15:00,1615.71,1616.94,1613.47,1616.25,244.3141
2023-09-18 01:30:00,1616.25,1616.39,1614.5,1616.01,304.4893
2023-09-18 01:45:00,1616.01,1616.62,1615.28,1616.52,327.055
2023-09-18 02:00:00,1616.52,1618.0,1615.7,1617.24,339.7626
2023-09-18 02:15:00,1617.24,1632.66,1617.19,1630.09,472.4112
2023-09-18 02:30:00,1630.09,1636.2,1625.32,1627.78,296.4054
2023-09-18 02:45:00,1627.78,1632.72,1627.7,1629.51,228.2507
2023-09-18 03:00:00,1629.51,1630.38,1625.96,1625.98,227.7308
2023-09-18 03:15:00,1625.98,1629.15,1625.32,1628.22,156.1933
2023-09-18 03:30:00,1628.22,1630.99,1628.2,1629.7,212.1128
2023-09-18 03:45:00,1629.7,1630.98,1628.62,1630.2,292.9321
2023-09-26 11:45:00,1590.11,1591.68,1588.96,1591.48,250.4947
2023-09-26 12:00:00,1591.48,1593.65,1590.67,1590.67,306.8982
2023-09-26 12:15:00,1590.67,1593.58,1590.02,1591.48,337.0491
2023-09-26 12:30:00,1591.48,1591.48,1587.73,1588.75,305.0458
2023-09-26 12:45:00,1588.75,1588.86,1587.0,1587.44,286.0535
2023-09-26 13:00:00,1587.44,1587.46,1586.08,1586.28,282.0094
2023-09-26 13:15:00,1586.28,1587.43,1585.55,1586.22,253.455
2023-09-26 13:30:00,1586.22,1589.34,1583.33,1588.76,370.932
2023-09-26 13:45:00,1588.76,1589.35,1580.93,1585.15,383.628
2023-09-26 14:00:00,1585.15,1587.01,1583.21,1585.31,342.099
2023-09-26 14:15:00,1585.31,1586.47,1582.36,1584.56,377.7962
2023-09-26 14:30:00,1584.56,1585.88,1584.16,1585.25,297.1761
2023-09-26 14:45:00,1585.25,1587.52,1585.18,1586.92,321.0087
2023-09-26 15:00:00,1586.92,1586.99,1585.31,1586.1,364.7144
2023-09-26 15:15:00,1586.1,1587.32,1581.34,1581.65,344.2834
2023-09-26 15:30:00,1581.65,1584.44,1580.67,1583.5,401.2465
2023-09-26 15:45:00,1583.5,1584.12,1580.48,1583.02,361.8503
2023-09-26 16:00:00,1583.02,1584.92,1582.07,1584.91,181.129
2023-09-26 16:15:00,1584.91,1588.29,1584.91,1587.17,219.6791
2023-09-26 16:30:00,1587.17,1592.84,1586.39,1590.55,257.9391
2023-09-26 16:45:00,1590.55,1591.97,1588.96,1588.96,194.6875
2023-09-26 17:00:00,1588.96,1591.8,1588.96,1590.41,224.6698
2023-09-26 17:15:00,1590.41,1590.5,1588.02,1588.11,228.1028
2023-09-26 17:30:00,1588.11,1589.06,1584.24,1584.24,219.7521
2023-09-26 17:45:00,1584.24,1586.98,1584.24,1586.09,295.1541
2023-09-26 18:00:00,1586.09,1587.3,1584.41,1585.02,216.3181
2023-09-26 18:15:00,1585.02,1586.0,1584.39,1584.39,242.3252
2023-09-26 18:30:00,1584.39,1585.14,1584.23,1584.38,197.5974
2023-09-26 18:45:00,1584.38,1585.19,1583.88,1584.64,193.563
2023-09-26 19:00:00,1584.64,1586.5,1584.38,1585.62,314.1775
2023-09-26 19:15:00,1585.62,1586.79,1585.62,1586.27,224.6383
2023-09-26 19:30:00,1586.27,1588.79,1586.14,1588.7,285.2074
2023-09-26 19:45:00,1588.7,1590.77,1587.58,1589.55,321.1199
2023-09-26 20:00:00,1589.55,1591.6,1589.22,1589.82,293.8475
2023-09-26 20:15:00,1589.82,1590.6,1588.01,1589.19,364.6064
2023-09-26 20:30:00,1589.19,1590.68,1588.48,1589.67,323.021
2023-09-26 20:45:00,1589.67,1590.64,1586.84,1586.89,371.0809
2023-09-26 21:00:00,1586.89,1588.55,1586.89,1588.12,516.9325
2023-09-26 21:15:00,1588.12,1588.42,1584.03,1587.52,368.6675
2023-09-26 21:30:00,1587.52,1588.98,1586.5,1588.38,315.6561
2023-09-26 21:45:00,1588.38,1588.84,1588.37,1588.84,337.2691
2023-09-26 22:00:00,1588.84,1590.23,1588.75,1589.95,175.7811
2023-09-26 22:15:00,1589.95,1590.91,1589.19,1590.51,166.4418
2023-09-26 22:30:00,1590.51,1591.12,1589.41,1589.41,183.0963
2023-09-26 22:45:00,1589.41,1589.41,1587.71,1587.85,160.7732
2023-09-26 23:00:00,1587.85,1592.72,1587.46,1592.66,235.7611
2023-09-26 23:15:00,1592.66,1593.09,1590.66,1591.08,318.0876
2023-09-26 23:30:00,1591.08,1595.19,1590.73,1595.0,332.4432
2023-09-26 23:45:00,1595.0,1595.2,1592.66,1593.83,288.3033
2023-09-27 00:00:00,1593.83,1597.3,1593.5,1595.0,217.8347
2023-09-27 00:15:00,1595.0,1595.48,1592.77,1592.77,104.9492
2023-09-27 00:30:00,1592.77,1593.38,1592.56,1592.64,140.0556
2023-09-27 00:45:00,1592.64,1594.69,1592.63,1594.67,129.8896
2023-09-27 01:00:00,1594.67,1595.0,1590.14,1590.14,152.5896
2023-09-27 01:15:00,1590.14,1591.19,1589.68,1591.18,112.3827
2023-09-27 01:30:00,1591.18,1593.08,1591.18,1591.67,147.4494
2023-09-27 01:45:00,1591.67,1592.98,1591.22,1592.6,144.2833
2023-09-27 02:00:00,1592.6,1592.78,1591.84,1591.84,185.3336
2023-09-27 02:15:00,1591.84,1593.71,1591.84,1593.67,234.3116
2023-09-27 02:30:00,1593.67,1593.67,1590.0,1590.57,278.6971
2023-09-27 02:45:00,1590.57,1591.59,1589.77,1590.68,237.5097
2023-09-27 03:00:00,1590.68,1591.59,1590.27,1591.51,330.2783
2023-09-27 03:15:00,1591.51,1592.64,1591.51,1592.42,240.1264
2023-09-27 03:30:00,1592.42,1593.28,1592.14,1593.08,287.8767
2023-09-27 03:45:00,1593.08,1597.95,1593.08,1595.74,268.1866
2023-09-27 04:00:00,1595.74,1597.57,1595.17,1595.17,256.3312
2023-09-27 04:15:00,1595.17,1595.84,1594.0,1594.12,236.6713
2023-09-27 04:30:00,1594.12,1594.12,1592.54,1593.41,300.6717
2023-09-27 04:45:00,1593.41,1593.99,1592.47,1592.49,264.1856
2023-09-27 05:00:00,1592.49,1592.99,1591.08,1592.33,300.0023
2023-09-27 05:15:00,1592.33,1592.33,1591.03,1591.21,296.1872
2023-09-27 05:30:00,1591.21,1592.66,1591.2,1592.06,224.4489
2023-09-27 05:45:00,1592.06,1592.75,1591.11,1592.67,247.1107
2023-09-27 06:00:00,1592.67,1593.47,1592.66,1593.4,256.7316
2023-09-27 06:15:00,1593.4,1593.41,1591.43,1591.71,206.4135
2023-09-27 06:30:00,1591.71,1594.26,1591.7,1593.8,255.5671
2023-09-27 06:45:00,1593.8,1594.27,1592.76,1593.76,280.4338
2023-09-27 07:00:00,1593.76,1594.16,1593.69,1594.08,226.7449
2023-09-27 07:15:00,1594.08,1594.1,1591.08,1591.09,167.898
2023-09-27 07:30:00,1591.09,1592.23,1591.08,1591.88,190.1532
2023-09-27 07:45:00,1591.88,1592.7,1591.86,1592.47,186.8248
2023-09-27 08:00:00,1592.47,1592.49,1591.13,1591.17,258.1785
2023-09-27 08:15:00,1591.17,1591.5,1590.4,1591.27,329.0712
2023-09-27 08:30:00,1591.27,1592.84,1590.95,1592.61,286.367
2023-09-27 08:45:00,1592.61,1593.21,1592.61,1592.69,296.3148
2023-09-27 09:00:00,1592.69,1593.42,1592.47,1592.71,276.299
2023-09-27 09:15:00,1592.71,1596.34,1592.7,1596.09,372.6851
2023-09-27 09:30:00,1596.09,1607.99,1595.3,1604.29,507.608
2023-09-27 09:45:00,1604.29,1613.93,1601.88,1612.63,572.7978
2023-09-27 10:00:00,1612.63,1615.37,1610.55,1614.75,264.8712
2023-09-27 10:15:00,1614.75,1615.79,1610.94,1615.35,230.0058
2023-09-27 10:30:00,1615.35,1620.84,1613.69,1615.87,246.818
2023-09-27 10:45:00,1615.87,1618.3,1615.19,1616.79,197.9717
2023-09-27 11:00:00,1616.79,1620.87,1616.78,1618.51,399.9536
2023-09-27 11:15:00,1618.51,1624.33,1618.51,1623.14,442.2897
2023-09-27 11:30:00,1623.14,1628.43,1622.0,1627.04,670.403
2023-09-27 11:45:00,1627.04,1634.04,1626.64,1629.64,712.0253
2023-09-27 12:00:00,1629.64,1631.44,1626.57,1626.97,796.4903
2023-09-27 12:15:00,1626.97,1629.2,1626.14,1626.51,344.9288
2023-09-27 12:30:00,1626.51,1628.58,1622.4,1622.4,435.3806
2023-09-27 12:45:00,1622.4,1624.59,1622.22,1623.83,397.2494
2023-09-27 13:00:00,1623.83,1628.31,1623.82,1626.76,361.3197
2023-09-27 13:15:00,1626.76,1627.61,1625.33,1625.33,359.8436
2023-09-27 13:30:00,1625.33,1625.92,1622.61,1623.2,716.7858
2023-09-27 13:45:00,1623.2,1623.91,1616.96,1618.87,479.2341
2023-09-27 14:00:00,1618.87,1620.64,1617.43,1617.85,316.2672
2023-09-27 14:15:00,1617.85,1617.86,1602.11,1608.12,790.4858
2023-09-27 14:30:00,1608.12,1608.12,1596.0,1599.84,320.9341
2023-09-27 14:45:00,1599.84,1600.25,1592.57,1594.69,271.0662
2023-09-27 15:00:00,1594.69,1602.39,1593.39,1601.2,271.4219
2023-09-27 15:15:00,1601.2,1602.99,1598.84,1602.95,244.631
2023-09-27 15:30:00,1602.95,1602.95,1599.74,1599.74,192.1876
2023-09-27 15:45:00,1599.74,1601.79,1599.24,1601.66,216.4867
2023-09-27 16:00:00,1601.66,1602.42,1598.23,1600.03,262.1572
2023-09-27 16:15:00,1600.03,1601.99,1598.7,1601.96,192.8548
2023-09-27 16:30:00,1601.96,1603.07,1599.0,1599.1,220.2381
2023-09-27 16:45:00,1599.1,1600.05,1598.0,1598.41,243.6604
2023-09-27 17:00:00,1598.41,1599.78,1597.5,1598.85,221.1313
2023-09-27 17:15:00,1598.85,1599.68,1596.66,1596.71,243.0575
2023-09-27 17:30:00,1596.71,1597.38,1593.58,1596.44,208.3283
2023-09-27 17:45:00,1596.44,1598.2,1596.29,1597.1,235.1385
2023-09-27 18:00:00,1597.1,1597.1,1584.0,1588.24,365.3335
2023-09-27 18:15:00,1588.24,1592.54,1586.27,1592.24,317.2785
2023-09-27 18:30:00,1592.24,1596.0,1592.24,1595.85,236.3259
2023-09-27 18:45:00,1595.85,1596.0,1594.41,1594.41,212.25
2023-09-27 19:00:00,1594.41,1596.57,1593.74,1595.6,276.0801
2023-09-27 19:15:00,1595.6,1599.65,1595.33,1598.55,294.8599
2023-09-27 19:30:00,1598.55,1598.93,1596.48,1596.8,280.9055
2023-09-27 19:45:00,1596.8,1597.68,1596.39,1597.52,236.6049
2023-09-27 20:00:00,1597.52,1597.75,1596.7,1597.05,232.8943
2023-09-27 20:15:00,1597.05,1599.8,1596.67,1599.54,262.3265
2023-09-27 20:30:00,1599.54,1599.56,1593.75,1593.75,292.5086
2023-09-27 20:45:00,1593.75,1596.38,1593.26,1594.96,289.3702
2023-09-27 21:00:00,1594.96,1595.8,1594.21,1595.18,304.4233
2023-09-27 21:15:00,1595.18,1595.78,1594.42,1595.78,239.4391
2023-09-27 21:30:00,1595.78,1595.9,1594.09,1594.14,307.5625
2023-09-27 21:45:00,1594.14,1595.85,1594.09,1595.82,273.1913
2023-09-27 22:00:00,1595.82,1597.57,1595.6,1597.48,259.8547
2023-09-27 22:15:00,1597.48,1597.55,1595.5,1597.01,272.6776
2023-09-27 22:30:00,1597.01,1598.46,1596.71,1597.3,337.0821
2023-09-27 22:45:00,1597.3,1598.16,1596.14,1598.15,271.827
2023-09-27 23:00:00,1598.15,1599.1,1595.46,1595.87,244.8881
2023-09-27 23:15:00,1595.87,1596.24,1595.0,1596.15,218.0975
2023-09-27 23:30:00,1596.15,1599.41,1595.81,1599.4,203.284
2023-09-27 23:45:00,1599.4,1599.55,1598.01,1598.62,204.7965
2023-09-28 00:00:00,1598.62,1600.66,1598.05,1600.66,177.3437
2023-09-28 00:15:00,1600.66,1607.24,1599.88,1605.98,265.6095
2023-09-28 00:30:00,1605.98,1606.64,1601.78,1604.14,194.5782
2023-09-28 00:45:00,1604.14,1606.54,1603.0,1603.48,224.7248
2023-09-28 01:00:00,1603.48,1603.94,1598.73,1601.25,318.984
2023-09-28 01:15:00,1601.25,1606.78,1600.0,1605.98,255.246
2023-09-28 01:30:00,1605.98,1605.99,1602.62,1604.59,269.9562
2023-09-28 01:45:00,1604.59,1607.79,1604.51,1607.58,314.5972
2023-09-28 02:00:00,1607.58,1615.55,1607.57,1609.59,364.6197
2023-09-28 02:15:00,1609.59,1612.89,1607.01,1607.02,321.7719
2023-09-28 02:30:00,1607.02,1608.03,1606.33,1606.59,221.9593
2023-09-28 02:45:00,1606.59,1607.6,1605.83,1606.39,237.4668
2023-09-28 03:00:00,1606.39,1606.98,1603.69,1604.31,248.0665
2023-09-28 03:15:00,1604.31,1605.46,1603.59,1605.11,259.5441
2023-09-28 03:30:00,1605.11,1605.78,1604.52,1605.68,204.6732
2023-09-28 03:45:00,1605.68,1606.76,1604.94,1606.34,224.4878
2023-09-28 04:00:00,1606.34,1607.18,1604.61,1604.7,289.1699
2023-09-28 04:15:00,1604.7,1607.14,1604.69,1606.92,320.8565
2023-09-28 04:30:00,1606.92,1608.6,1606.78,1608.6,301.7915
2023-09-28 04:45:00,1608.6,1610.95,1608.6,1609.79,345.0275
2023-09-28 05:00:00,1609.79,1610.03,1607.61,1609.36,330.9947
2023-09-28 05:15:00,1609.36,1612.71,1608.81,1612.66,306.0169
2023-09-28 05:30:00,1612.66,1614.86,1612.17,1614.0,305.8564
2023-09-28 05:45:00,1614.0,1614.0,1612.28,1613.85,313.0789
2023-09-28 06:00:00,1613.85,1614.12,1611.62,1611.78,223.8703
2023-09-28 06:15:00,1611.78,1612.45,1611.01,1612.17,156.7405
2023-09-28 06:30:00,1612.17,1613.29,1609.86,1613.28,204.9044
2023-09-28 06:45:00,1613.28,1619.02,1613.28,1617.31,212.6244
2023-09-28 07:00:00,1617.31,1620.42,1616.87,1618.12,289.2874
2023-09-28 07:15:00,1618.12,1620.25,1617.02,1617.61,291.353
2023-09-28 07:30:00,1617.61,1621.56,1616.66,1620.34,392.3754
2023-09-28 07:45:00,1620.34,1621.47,1618.43,1619.31,1625.7521
2023-09-28 08:00:00,1619.31,1620.5,1616.47,1616.61,256.8206
2023-09-28 08:15:00,1616.61,1617.17,1614.68,1616.39,185.6315
2023-09-28 08:30:00,1616.39,1618.42,1615.35,1618.41,218.8136
2023-09-28 08:45:00,1618.41,1619.38,1616.45,1617.39,188.4111
2023-09-28 09:00:00,1617.39,1619.22,1617.04,1619.22,243.1154
2023-09-28 09:15:00,1619.22,1621.3,1617.25,1617.57,268.4321
2023-09-28 09:30:00,1617.57,1620.22,1617.46,1620.18,277.6904
2023-09-28 09:45:00,1620.18,1621.33,1619.16,1619.57,258.4032
2023-09-28 10:00:00,1619.57,1621.78,1619.57,1620.32,200.6495
2023-09-28 10:15:00,1620.32,1623.87,1619.06,1621.44,339.9245
2023-09-28 10:30:00,1621.44,1636.99,1621.42,1634.98,310.9872
2023-09-28 10:45:00,1634.98,1637.34,1630.04,1632.09,224.3912
2023-09-28 11:00:00,1632.09,1634.0,1626.08,1626.08,201.3339
2023-09-28 11:15:00,1626.08,1627.54,1624.14,1626.05,240.4136
2023-09-28 11:30:00,1626.05,1628.93,1624.57,1624.84,197.0897
2023-09-28 11:45:00,1624.84,1625.43,1621.17,1623.66,193.5529
2023-09-28 12:00:00,1623.66,1625.43,1623.42,1624.66,195.0258
2023-09-28 12:15:00,1624.66,1626.06,1624.65,1625.16,255.1492
2023-09-28 12:30:00,1625.16,1628.29,1622.82,1623.23,348.0945
2023-09-28 12:45:00,1623.23,1623.43,1621.47,1622.48,240.4757
2023-09-28 13:00:00,1622.48,1626.21,1622.14,1624.67,261.3422
2023-09-28 13:15:00,1624.67,1628.64,1624.67,1628.4,277.3217
2023-09-28 13:30:00,1628.4,1629.47,1623.05,1623.37,277.105
2023-10-06 21:30:00,1648.54,1661.35,1648.52,1654.2,451.4024
2023-10-06 21:45:00,1654.2,1658.9,1652.43,1652.43,339.7449
2023-10-06 22:00:00,1652.43,1655.03,1651.4,1655.02,242.2337
2023-10-06 22:15:00,1655.02,1655.14,1649.58,1649.83,168.6778
2023-10-06 22:30:00,1649.83,1649.87,1647.65,1647.81,158.384
2023-10-06 22:45:00,1647.81,1649.54,1644.87,1645.2,174.7326
2023-10-06 23:00:00,1645.2,1646.6,1644.57,1644.79,311.1683
2023-10-06 23:15:00,1644.79,1645.35,1643.0,1643.72,283.1293
2023-10-06 23:30:00,1643.72,1645.65,1643.21,1645.08,330.9261
2023-10-06 23:45:00,1645.08,1645.59,1644.84,1645.13,358.0513
2023-10-07 00:00:00,1645.13,1646.58,1643.97,1646.17,214.9119
2023-10-07 00:15:00,1646.17,1647.7,1644.14,1647.35,236.9771
2023-10-07 00:30:00,1647.35,1647.47,1645.7,1647.35,280.6716
2023-10-07 00:45:00,1647.35,1647.38,1644.22,1644.38,238.2129
2023-10-07 01:00:00,1644.38,1646.64,1644.25,1646.27,173.0872
2023-10-07 01:15:00,1646.27,1646.28,1642.39,1643.23,110.723
2023-10-07 01:30:00,1643.23,1643.36,1642.09,1642.19,129.9734
2023-10-07 01:45:00,1642.19,1643.14,1641.24,1642.9,155.6661
2023-10-07 02:00:00,1642.9,1643.87,1641.5,1641.51,205.2404
2023-10-07 02:15:00,1641.51,1643.54,1641.5,1643.52,298.9497
2023-10-07 02:30:00,1643.52,1643.75,1642.67,1643.23,223.212
2023-10-07 02:45:00,1643.23,1643.87,1641.17,1641.18,279.9325
2023-10-07 03:00:00,1641.18,1642.36,1640.29,1641.61,267.2277
2023-10-07 03:15:00,1641.61,1643.19,1641.61,1642.22,286.752
2023-10-07 03:30:00,1642.22,1643.56,1642.21,1642.65,199.1786
2023-10-07 03:45:00,1642.65,1642.97,1641.21,1641.32,197.1808
2023-10-07 04:00:00,1641.32,1642.42,1641.3,1642.42,291.8683
2023-10-07 04:15:00,1642.42,1643.14,1641.67,1641.71,365.1031
2023-10-07 04:30:00,1641.71,1642.36,1641.46,1641.89,228.1347
2023-10-07 04:45:00,1641.89,1642.1,1641.06,1641.06,217.0491
2023-10-07 05:00:00,1641.06,1641.1,1640.1,1640.31,234.0229
2023-10-07 05:15:00,1640.31,1640.88,1639.6,1640.84,192.8602
2023-10-07 05:30:00,1640.84,1641.73,1640.23,1640.28,176.3414
2023-10-07 05:45:00,1640.28,1640.44,1639.66,1640.18,201.1163
2023-10-07 06:00:00,1640.18,1640.18,1637.36,1637.38,259.9968
2023-10-07 06:15:00,1637.38,1639.15,1637.36,1638.69,266.3084
2023-10-07 06:30:00,1638.69,1639.52,1638.1,1639.35,267.9667
2023-10-07 06:45:00,1639.35,1639.56,1637.9,1638.05,371.7461
2023-10-07 07:00:00,1638.05,1638.31,1637.38,1638.3,344.4384
2023-10-07 07:15:00,1638.3,1638.66,1637.49,1638.59,378.6175
2023-10-07 07:30:00,1638.59,1639.23,1637.53,1637.59,358.9489
2023-10-07 07:45:00,1637.59,1637.74,1636.36,1636.81,231.161
2023-10-07 08:00:00,1636.81,1638.66,1636.14,1638.66,244.6799
2023-10-07 08:15:00,1638.66,1640.84,1638.11,1640.43,293.6357
2023-10-07 08:30:00,1640.43,1643.23,1640.07,1642.98,377.7243
2023-10-07 08:45:00,1642.98,1643.02,1641.22,1642.42,283.0726
2023-10-07 09:00:00,1642.42,1643.19,1640.82,1641.2,301.8654
2023-10-07 09:15:00,1641.2,1641.55,1639.23,1640.33,330.6972
2023-10-07 09:30:00,1640.33,1640.57,1639.29,1639.45,318.1831
2023-10-07 09:45:00,1639.45,1640.11,1638.19,1638.87,289.0725
2023-10-07 10:00:00,1638.87,1639.16,1638.5,1638.61,195.8968
2023-10-07 10:15:00,1638.61,1639.14,1638.14,1638.8,178.0258
2023-10-07 10:30:00,1638.8,1639.72,1638.74,1639.17,201.8262
2023-10-07 10:45:00,1639.17,1640.3,1639.15,1639.87,184.708
2023-10-07 11:00:00,1639.87,1640.78,1639.61,1640.77,142.3229
2023-10-07 11:15:00,1640.77,1641.93,1640.72,1641.43,155.0595
2023-10-07 11:30:00,1641.43,1642.28,1639.03,1639.03,215.9781
2023-10-07 11:45:00,1639.03,1639.6,1637.59,1638.68,222.8832
2023-10-07 12:00:00,1638.68,1639.28,1638.36,1638.93,264.2974
2023-10-07 12:15:00,1638.93,1640.48,1638.93,1639.5,408.2804
2023-10-07 12:30:00,1639.5,1640.31,1638.96,1639.52,343.7991
2023-10-07 12:45:00,1639.52,1640.36,1639.44,1640.15,342.7233
2023-10-07 13:00:00,1640.15,1640.92,1639.81,1640.92,189.9717
2023-10-07 13:15:00,1640.92,1640.92,1639.43,1639.62,161.3262
2023-10-07 13:30:00,1639.62,1640.16,1638.72,1638.73,148.2768
2023-10-07 13:45:00,1638.73,1643.0,1638.43,1641.72,193.8417
2023-10-07 14:00:00,1641.72,1641.73,1640.55,1640.57,142.7644
2023-10-07 14:15:00,1640.57,1641.11,1639.95,1640.4,170.3912
2023-10-07 14:30:00,1640.4,1641.73,1639.34,1641.73,150.3708
2023-10-07 14:45:00,1641.73,1642.44,1641.33,1641.95,122.6159
2023-10-07 15:00:00,1641.95,1642.34,1640.68,1640.68,165.0614
2023-10-07 15:15:00,1640.68,1642.39,1640.68,1641.59,221.1455
2023-10-07 15:30:00,1641.59,1641.76,1635.23,1637.35,277.2179
2023-10-07 15:45:00,1637.35,1639.65,1637.32,1638.59,195.4052
2023-10-07 16:00:00,1638.59,1638.95,1637.74,1638.4,172.244
2023-10-07 16:15:00,1638.4,1639.44,1638.09,1639.15,189.4955
2023-10-07 16:30:00,1639.15,1639.44,1637.64,1637.69,228.7938
2023-10-07 16:45:00,1637.69,1638.29,1637.58,1637.58,198.9378
2023-10-07 17:00:00,1637.58,1637.8,1636.35,1636.6,269.35
2023-10-07 17:15:00,1636.6,1637.57,1634.32,1637.37,359.4426
2023-10-07 17:30:00,1637.37,1638.89,1637.01,1637.76,293.9909
2023-10-07 17:45:00,1637.76,1638.04,1636.19,1636.37,347.8287
2023-10-07 18:00:00,1636.37,1636.66,1635.82,1636.38,235.2637
2023-10-07 18:15:00,1636.38,1636.69,1634.94,1635.7,192.5774
2023-10-07 18:30:00,1635.7,1636.02,1634.29,1634.29,182.8439
2023-10-07 18:45:00,1634.29,1635.61,1633.44,1635.11,294.9078
2023-10-07 19:00:00,1635.11,1635.11,1632.23,1633.73,255.6191
2023-10-07 19:15:00,1633.73,1633.85,1632.38,1633.01,276.4775
2023-10-07 19:30:00,1633.01,1634.77,1632.99,1634.18,231.4101
2023-10-07 19:45:00,1634.18,1634.55,1630.16,1630.6,282.4713
2023-10-07 20:00:00,1630.6,1632.25,1630.29,1631.96,198.7141
2023-10-07 20:15:00,1631.96,1632.36,1630.51,1630.59,186.873
2023-10-07 20:30:00,1630.59,1631.89,1630.52,1631.58,155.2671
2023-10-07 20:45:00,1631.58,1633.46,1631.37,1633.29,207.5235
2023-10-07 21:00:00,1633.29,1633.46,1631.35,1632.29,251.9571
2023-10-07 21:15:00,1632.29,1633.53,1632.29,1633.44,289.2555
2023-10-07 21:30:00,1633.44,1634.36,1632.77,1634.07,365.1414
2023-10-07 21:45:00,1634.07,1634.16,1633.74,1633.78,258.9539
2023-10-07 22:00:00,1633.78,1634.48,1633.78,1634.39,212.7753
2023-10-07 22:15:00,1634.39,1635.44,1634.03,1634.85,278.796
2023-10-07 22:30:00,1634.85,1635.6,1634.42,1635.38,230.0836
2023-10-07 22:45:00,1635.38,1635.56,1634.76,1635.23,214.5879
2023-10-07 23:00:00,1635.23,1635.24,1634.22,1634.83,162.9998
2023-10-07 23:15:00,1634.83,1635.59,1634.2,1635.58,167.4596
2023-10-07 23:30:00,1635.58,1636.02,1633.95,1634.25,174.3737
2023-10-07 23:45:00,1634.25,1634.28,1633.5,1633.79,157.6741
2023-10-08 00:00:00,1633.79,1634.8,1633.56,1634.58,245.9478
2023-10-08 00:15:00,1634.58,1635.67,1634.44,1635.52,264.003
2023-10-08 00:30:00,1635.52,1637.36,1635.51,1636.84,304.258
2023-10-08 00:45:00,1636.84,1638.23,1636.77,1636.9,278.2047
2023-10-08 01:00:00,1636.9,1637.56,1636.25,1636.25,272.3102
2023-10-08 01:15:00,1636.25,1636.3,1635.3,1635.49,254.4227
2023-10-08 01:30:00,1635.49,1639.47,1635.25,1639.44,188.3446
2023-10-08 01:45:00,1639.44,1639.61,1637.83,1639.6,262.4594
2023-10-08 02:00:00,1639.6,1640.22,1639.01,1640.15,280.0525
2023-10-08 02:15:00,1640.15,1641.17,1638.84,1639.71,333.5188
2023-10-08 02:30:00,1639.71,1640.04,1637.3,1637.3,312.8444
2023-10-08 02:45:00,1637.3,1638.31,1636.41,1637.35,392.3367
2023-10-08 03:00:00,1637.35,1637.72,1635.5,1636.58,242.221
2023-10-08 03:15:00,1636.58,1637.55,1635.82,1636.22,175.6019
2023-10-08 03:30:00,1636.22,1637.56,1635.92,1637.55,199.4602
2023-10-08 03:45:00,1637.55,1639.26,1637.12,1639.12,180.004
2023-10-08 04:00:00,1639.12,1639.75,1634.66,1634.92,226.258
2023-10-08 04:15:00,1634.92,1635.59,1634.32,1634.7,235.711
2023-10-08 04:30:00,1634.7,1635.25,1633.5,1633.98,248.2209
2023-10-08 04:45:00,1633.98,1634.0,1632.14,1633.47,272.6404
2023-10-08 05:00:00,1633.47,1633.75,1632.72,1633.73,312.3545
2023-10-08 05:15:00,1633.73,1633.76,1632.25,1632.26,461.5223
2023-10-08 05:30:00,1632.26,1632.3,1625.46,1628.44,453.3386
2023-10-08 05:45:00,1628.44,1629.26,1626.59,1629.19,370.0257
2023-10-08 06:00:00,1629.19,1630.26,1628.37,1630.22,493.701
2023-10-08 06:15:00,1630.22,1630.91,1629.87,1630.37,287.167
2023-10-08 06:30:00,1630.37,1630.52,1629.0,1629.57,250.7702
2023-10-08 06:45:00,1629.57,1629.57,1627.23,1628.0,334.0616
2023-10-08 07:00:00,1628.0,1629.59,1627.0,1629.17,322.2829
2023-10-08 07:15:00,1629.17,1629.58,1627.6,1627.84,356.3295
2023-10-08 07:30:00,1627.84,1629.15,1627.07,1629.05,299.3541
2023-10-08 07:45:00,1629.05,1629.05,1627.88,1628.85,286.0992
2023-10-08 08:00:00,1628.85,1628.86,1625.01,1626.43,233.3204
2023-10-08 08:15:00,1626.43,1629.14,1625.83,1629.12,141.9126
2023-10-08 08:30:00,1629.12,1629.27,1628.41,1628.51,147.1627
2023-10-08 08:45:00,1628.51,1628.51,1627.75,1628.41,155.1597
2023-10-08 09:00:00,1628.41,1629.59,1627.64,1629.58,268.0243
2023-10-08 09:15:00,1629.58,1629.61,1625.2,1626.81,492.8812
2023-10-08 09:30:00,1626.81,1626.85,1622.89,1624.56,298.0863
2023-10-08 09:45:00,1624.56,1626.26,1622.55,1624.62,344.4393
2023-10-08 10:00:00,1624.62,1625.53,1624.09,1624.21,335.033
2023-10-08 10:15:00,1624.21,1625.24,1623.09,1624.62,279.6427
2023-10-08 10:30:00,1624.62,1624.63,1621.61,1622.24,291.4429
2023-10-08 10:45:00,1622.24,1622.24,1616.44,1619.04,417.392
2023-10-08 11:00:00,1619.04,1621.34,1617.74,1619.59,238.7994
2023-10-08 11:15:00,1619.59,1619.81,1617.58,1619.24,260.0168
2023-10-08 11:30:00,1619.24,1619.92,1617.24,1617.54,193.4984
2023-10-08 11:45:00,1617.54,1618.92,1617.25,1617.82,327.6875
2023-10-08 12:00:00,1617.82,1620.07,1617.25,1620.07,288.6772
2023-10-08 12:15:00,1620.07,1624.0,1620.06,1621.72,270.0557
2023-10-08 12:30:00,1621.72,1624.38,1621.71,1622.26,307.6071
2023-10-08 12:45:00,1622.26,1622.95,1620.64,1620.97,273.2195
2023-10-08 13:00:00,1620.97,1621.83,1618.46,1619.94,246.2366
2023-10-08 13:15:00,1619.94,1630.8,1618.41,1627.93,461.1134
2023-10-08 13:30:00,1627.93,1632.13,1627.24,1629.98,378.2263
2023-10-08 13:45:00,1629.98,1634.41,1627.75,1629.36,469.4292
2023-10-08 14:00:00,1629.36,1631.07,1627.64,1628.33,368.4548
2023-10-08 14:15:00,1628.33,1628.66,1625.64,1626.65,334.1863
2023-10-08 14:30:00,1626.65,1635.97,1626.51,1635.97,442.4418
2023-10-08 14:45:00,1635.97,1637.31,1632.17,1633.79,359.788
2023-10-08 15:00:00,1633.79,1634.05,1631.91,1632.52,286.6592
2023-10-08 15:15:00,1632.52,1633.39,1631.74,1633.35,236.4654
2023-10-08 15:30:00,1633.35,1633.35,1630.69,1630.86,219.3536
2023-10-08 15:45:00,1630.86,1631.59,1630.49,1631.17,300.9875
2023-10-08 16:00:00,1631.17,1634.52,1631.07,1631.84,268.0604
2023-10-08 16:15:00,1631.84,1633.0,1629.25,1630.13,277.8234
2023-10-08 16:30:00,1630.13,1633.66,1629.51,1633.23,246.047
2023-10-08 16:45:00,1633.23,1633.76,1632.32,1632.86,233.6251
2023-10-08 17:00:00,1632.86,1637.0,1632.83,1632.89,205.8018
2023-10-08 17:15:00,1632.89,1633.4,1631.28,1632.56,151.9154
2023-10-08 17:30:00,1632.56,1633.7,1631.58,1633.69,161.4906
2023-10-08 17:45:00,1633.69,1633.99,1632.2,1632.21,163.0257
2023-10-08 18:00:00,1632.21,1632.31,1631.0,1632.17,161.7281
2023-10-08 18:15:00,1632.17,1632.24,1630.09,1631.11,199.8572
2023-10-08 18:30:00,1631.11,1633.18,1630.8,1632.98,196.9208
2023-10-08 18:45:00,1632.98,1635.67,1632.98,1635.66,170.1243
2023-10-08 19:00:00,1635.66,1638.76,1635.6,1635.85,238.6938
2023-10-08 19:15:00,1635.85,1636.31,1634.59,1636.06,210.0866
2023-10-08 19:30:00,1636.06,1636.68,1634.82,1635.33,182.327
2023-10-08 19:45:00,1635.33,1635.95,1634.89,1635.65,173.2119
2023-10-08 20:00:00,1635.65,1635.84,1634.18,1634.86,221.9689
2023-10-08 20:15:00,1634.86,1634.9,1634.08,1634.9,284.3636
2023-10-08 20:30:00,1634.9,1636.83,1634.48,1635.87,209.4867
2023-10-08 20:45:00,1635.87,1637.67,1635.87,1636.29,309.0958
2023-10-08 21:00:00,1636.29,1638.27,1636.09,1637.15,255.6578
2023-10-08 21:15:00,1637.15,1637.16,1635.14,1635.57,230.0125
2023-10-08 21:30:00,1635.57,1637.38,1634.45,1636.52,233.7963
2023-10-08 21:45:00,1636.52,1636.54,1632.82,1632.82,235.0943
2023-10-08 22:00:00,1632.82,1633.79,1627.51,1628.29,272.267
2023-10-08 22:15:00,1628.29,1632.9,1627.71,1630.1,259.941
2023-10-08 22:30:00,1630.1,1631.15,1628.5,1630.82,174.6539
2023-10-08 22:45:00,1630.82,1631.6,1629.64,1631.04,182.6468
2023-10-08 23:00:00,1631.04,1632.94,1630.4,1632.03,201.1632
2023-10-08 23:15:00,1632.03,1632.49,1630.11,1631.35,193.7637
2023-10-17 07:15:00,1585.67,1587.0,1584.33,1584.35,249.2578
2023-10-17 07:30:00,1584.35,1588.42,1582.79,1588.26,291.8988
2023-10-17 07:45:00,1588.26,1592.15,1587.97,1590.38,288.7421
2023-10-17 08:00:00,1590.38,1593.2,1589.77,1590.16,216.401
2023-10-17 08:15:00,1590.16,1590.42,1586.77,1586.98,170.3786
2023-10-17 08:30:00,1586.98,1587.58,1584.7,1586.38,269.3811
2023-10-17 08:45:00,1586.38,1588.98,1586.38,1588.82,227.1196
2023-10-17 09:00:00,1588.82,1589.29,1587.46,1587.73,288.2784
2023-10-17 09:15:00,1587.73,1588.22,1586.61,1588.15,382.9122
2023-10-17 09:30:00,1588.15,1590.35,1587.62,1588.83,344.9378
2023-10-17 09:45:00,1588.83,1590.83,1588.81,1590.17,307.1095
2023-10-17 10:00:00,1590.17,1590.85,1589.42,1590.22,172.89
2023-10-17 10:15:00,1590.22,1593.99,1588.39,1588.49,226.3391
2023-10-17 10:30:00,1588.49,1588.51,1583.33,1584.97,219.3524
2023-10-17 10:45:00,1584.97,1587.19,1584.9,1586.39,220.6266
2023-10-17 11:00:00,1586.39,1586.45,1583.85,1584.58,282.995
2023-10-17 11:15:00,1584.58,1585.2,1584.2,1585.12,358.8046
2023-10-17 11:30:00,1585.12,1585.55,1583.77,1583.79,308.1651
2023-10-17 11:45:00,1583.79,1585.08,1583.5,1584.41,348.0399
2023-10-17 12:00:00,1584.41,1586.0,1581.43,1581.67,365.6805
2023-10-17 12:15:00,1581.67,1583.19,1581.2,1581.64,267.6408
2023-10-17 12:30:00,1581.64,1582.07,1577.63,1579.14,391.1367
2023-10-17 12:45:00,1579.14,1581.25,1574.18,1574.56,335.2833
2023-10-17 13:00:00,1574.56,1577.77,1568.55,1576.99,487.2031
2023-10-17 13:15:00,1576.99,1578.88,1573.3,1573.84,446.9814
2023-10-17 13:30:00,1573.84,1575.38,1572.12,1572.29,547.8414
2023-10-17 13:45:00,1572.29,1573.33,1564.95,1571.73,495.4567
2023-10-17 14:00:00,1571.73,1576.09,1570.47,1575.98,434.8443
2023-10-17 14:15:00,1575.98,1577.83,1572.38,1572.83,512.3167
2023-10-17 14:30:00,1572.83,1577.15,1571.46,1574.14,476.7417
2023-10-17 14:45:00,1574.14,1576.26,1572.36,1573.09,540.7203
2023-10-17 15:00:00,1573.09,1577.79,1572.31,1575.72,491.9857
2023-10-17 15:15:00,1575.72,1577.84,1573.53,1575.29,458.4829
2023-10-17 15:30:00,1575.29,1578.59,1574.75,1577.01,348.4624
2023-10-17 15:45:00,1577.01,1578.77,1575.18,1575.51,427.8957
2023-10-17 16:00:00,1575.51,1576.25,1574.45,1575.6,318.9777
2023-10-17 16:15:00,1575.6,1580.23,1575.37,1578.38,429.8758
2023-10-17 16:30:00,1578.38,1579.27,1577.05,1578.83,355.6043
2023-10-17 16:45:00,1578.83,1579.67,1576.09,1576.39,506.919
2023-10-17 17:00:00,1576.39,1576.44,1571.63,1571.89,380.887
2023-10-17 17:15:00,1571.89,1571.89,1567.3,1569.26,274.8108
2023-10-17 17:30:00,1569.26,1569.94,1565.63,1567.07,331.3343
2023-10-17 17:45:00,1567.07,1569.62,1564.6,1567.95,262.9076
2023-10-17 18:00:00,1567.95,1569.34,1566.75,1567.75,275.4563
2023-10-17 18:15:00,1567.75,1569.8,1567.36,1567.74,255.5415
2023-10-17 18:30:00,1567.74,1569.91,1566.34,1569.57,238.7879
2023-10-17 18:45:00,1569.57,1569.67,1551.84,1553.71,733.8901
2023-10-17 19:00:00,1553.71,1559.35,1552.88,1556.67,345.3226
2023-10-17 19:15:00,1556.67,1559.77,1556.67,1558.45,207.2879
2023-10-17 19:30:00,1558.45,1562.5,1558.0,1562.37,198.4073
2023-10-17 19:45:00,1562.37,1564.05,1561.76,1564.05,196.347
2023-10-17 20:00:00,1564.05,1565.5,1562.61,1563.86,251.8659
2023-10-17 20:15:00,1563.86,1564.27,1561.2,1564.19,384.8598
2023-10-17 20:30:00,1564.19,1564.19,1562.64,1563.2,328.5704
2023-10-17 20:45:00,1563.2,1563.25,1559.77,1560.02,320.7291
2023-10-17 21:00:00,1560.02,1562.44,1557.43,1562.44,287.2034
2023-10-17 21:15:00,1562.44,1565.56,1562.43,1565.16,233.9702
2023-10-17 21:30:00,1565.16,1565.16,1563.22,1564.65,165.2691
2023-10-17 21:45:00,1564.65,1564.65,1561.81,1562.07,165.3681
2023-10-17 22:00:00,1562.07,1562.07,1559.14,1560.81,214.7361
2023-10-17 22:15:00,1560.81,1562.05,1559.57,1562.04,238.1627
2023-10-17 22:30:00,1562.04,1563.73,1560.79,1561.08,240.4522
2023-10-17 22:45:00,1561.08,1562.35,1560.51,1562.21,267.3021
2023-10-17 23:00:00,1562.21,1564.59,1561.26,1564.59,251.6658
2023-10-17 23:15:00,1564.59,1565.16,1563.72,1564.8,313.3965
2023-10-17 23:30:00,1564.8,1565.85,1564.34,1564.34,295.7449
2023-10-17 23:45:00,1564.34,1565.43,1562.3,1564.67,279.1316
2023-10-18 00:00:00,1564.67,1567.23,1563.92,1563.99,310.0893
2023-10-18 00:15:00,1563.99,1567.18,1563.93,1566.88,313.0768
2023-10-18 00:30:00,1566.88,1567.03,1563.19,1563.38,261.4264
2023-10-18 00:45:00,1563.38,1564.52,1562.22,1564.5,272.9595
2023-10-18 01:00:00,1564.5,1568.27,1563.76,1567.62,263.1785
2023-10-18 01:15:00,1567.62,1568.85,1564.76,1565.8,319.2153
2023-10-18 01:30:00,1565.8,1568.32,1565.59,1566.09,253.1787
2023-10-18 01:45:00,1566.09,1568.87,1566.09,1567.84,298.7407
2023-10-18 02:00:00,1567.84,1569.25,1566.8,1566.8,190.4486
2023-10-18 02:15:00,1566.8,1569.45,1565.52,1569.44,169.4003
2023-10-18 02:30:00,1569.44,1571.89,1567.94,1568.7,257.7356
2023-10-18 02:45:00,1568.7,1568.95,1566.16,1567.47,184.9193
2023-10-18 03:00:00,1567.47,1568.4,1564.51,1564.51,218.0313
2023-10-18 03:15:00,1564.51,1565.52,1563.7,1565.11,163.8666
2023-10-18 03:30:00,1565.11,1566.51,1564.37,1566.3,145.1177
2023-10-18 03:45:00,1566.3,1568.23,1565.81,1568.2,280.1541
2023-10-18 04:00:00,1568.2,1568.49,1566.86,1567.55,184.8107
2023-10-18 04:15:00,1567.55,1568.78,1566.71,1568.51,172.4476
2023-10-18 04:30:00,1568.51,1570.8,1567.44,1570.8,163.3013
2023-10-18 04:45:00,1570.8,1581.91,1569.81,1572.73,217.5304
2023-10-18 05:00:00,1572.73,1575.34,1570.02,1570.65,406.643
2023-10-18 05:15:00,1570.65,1575.22,1570.1,1574.67,526.854
2023-10-18 05:30:00,1574.67,1576.37,1573.66,1574.15,529.8191
2023-10-18 05:45:00,1574.15,1574.59,1570.88,1572.76,478.0392
2023-10-18 06:00:00,1572.76,1574.49,1571.84,1574.11,414.9697
2023-10-18 06:15:00,1574.11,1574.74,1571.12,1571.27,290.7347
2023-10-18 06:30:00,1571.27,1571.94,1570.32,1570.99,249.6293
2023-10-18 06:45:00,1570.99,1572.8,1570.01,1572.3,301.665
2023-10-18 07:00:00,1572.3,1572.43,1566.58,1570.04,404.8966
2023-10-18 07:15:00,1570.04,1574.0,1569.68,1573.84,435.7532
2023-10-18 07:30:00,1573.84,1576.36,1573.02,1573.48,563.1795
2023-10-18 07:45:00,1573.48,1573.48,1570.98,1572.4,449.3211
2023-10-18 08:00:00,1572.4,1574.23,1571.32,1572.01,282.8327
2023-10-18 08:15:00,1572.01,1575.56,1571.49,1574.85,222.9406
2023-10-18 08:30:00,1574.85,1575.48,1574.06,1575.35,226.5148
2023-10-18 08:45:00,1575.35,1577.73,1574.76,1577.73,190.2098
2023-10-18 09:00:00,1577.73,1578.12,1576.64,1577.5,320.4128
2023-10-18 09:15:00,1577.5,1582.1,1577.42,1580.74,459.8533
2023-10-18 09:30:00,1580.74,1583.77,1580.73,1581.62,436.3945
2023-10-18 09:45:00,1581.62,1582.53,1569.31,1569.39,329.9108
2023-10-18 10:00:00,1569.39,1577.73,1569.39,1577.49,775.1063
2023-10-18 10:15:00,1577.49,1580.0,1575.44,1576.51,810.7148
2023-10-18 10:30:00,1576.51,1582.41,1575.01,1581.49,803.6521
2023-10-18 10:45:00,1581.49,1582.5,1579.86,1580.47,675.4758
2023-10-18 11:00:00,1580.47,1580.99,1578.96,1578.97,444.4077
2023-10-18 11:15:00,1578.97,1585.34,1578.94,1580.03,571.2513
2023-10-18 11:30:00,1580.03,1583.26,1580.02,1580.71,454.4146
2023-10-18 11:45:00,1580.71,1581.88,1578.65,1578.77,533.764
2023-10-18 12:00:00,1578.77,1581.54,1577.5,1578.87,493.336
2023-10-18 12:15:00,1578.87,1580.48,1578.35,1580.07,338.9055
2023-10-18 12:30:00,1580.07,1581.74,1578.16,1579.17,336.0282
2023-10-18 12:45:00,1579.17,1579.99,1576.03,1579.19,450.7266
2023-10-18 13:00:00,1579.19,1579.82,1577.28,1577.28,634.0689
2023-10-18 13:15:00,1577.28,1577.8,1575.23,1575.6,565.2131
2023-10-18 13:30:00,1575.6,1577.22,1572.82,1573.3,571.8754
2023-10-18 13:45:00,1573.3,1575.97,1571.33,1573.37,669.9536
2023-10-18 14:00:00,1573.37,1575.43,1571.12,1573.58,785.0676
2023-10-18 14:15:00,1573.58,1577.68,1572.78,1573.67,745.0092
2023-10-18 14:30:00,1573.67,1574.44,1568.71,1571.5,932.847
2023-10-18 14:45:00,1571.5,1572.47,1569.94,1570.61,807.2077
2023-10-18 15:00:00,1570.61,1572.91,1569.58,1572.41,547.6991
2023-10-18 15:15:00,1572.41,1573.2,1570.8,1571.98,359.103
2023-10-18 15:30:00,1571.98,1572.44,1569.38,1569.4,447.4423
2023-10-18 15:45:00,1569.4,1571.78,1568.82,1570.11,335.3417
2023-10-18 16:00:00,1570.11,1574.42,1569.32,1573.8,405.9673
2023-10-18 16:15:00,1573.8,1574.85,1570.63,1570.64,373.425
2023-10-18 16:30:00,1570.64,1571.72,1566.32,1571.1,301.0548
2023-10-18 16:45:00,1571.1,1573.69,1570.79,1570.94,335.0757
2023-10-18 17:00:00,1570.94,1573.38,1570.09,1573.22,308.2886
2023-10-18 17:15:00,1573.22,1573.5,1572.22,1572.79,213.013
2023-10-18 17:30:00,1572.79,1573.2,1568.53,1568.68,162.0231
2023-10-18 17:45:00,1568.68,1570.65,1566.98,1569.25,235.562
2023-10-18 18:00:00,1569.25,1572.18,1569.21,1570.97,481.6901
2023-10-18 18:15:00,1570.97,1572.42,1570.45,1570.86,564.2508
2023-10-18 18:30:00,1570.86,1572.62,1569.73,1570.42,490.6044
2023-10-18 18:45:00,1570.42,1570.51,1568.17,1569.05,559.5342
2023-10-18 19:00:00,1569.05,1569.05,1563.69,1565.37,396.9347
2023-10-18 19:15:00,1565.37,1566.88,1564.8,1565.74,440.7779
2023-10-18 19:30:00,1565.74,1566.01,1562.89,1565.92,467.5217
2023-10-18 19:45:00,1565.92,1567.09,1562.85,1562.96,354.085
2023-10-18 20:00:00,1562.96,1565.26,1559.42,1563.54,336.2522
2023-10-18 20:15:00,1563.54,1565.72,1563.3,1565.25,279.616
2023-10-18 20:30:00,1565.25,1565.25,1561.22,1562.87,301.8735
2023-10-18 20:45:00,1562.87,1562.9,1560.79,1562.16,356.2942
2023-10-18 21:00:00,1562.16,1562.21,1557.78,1559.16,404.1172
2023-10-18 21:15:00,1559.16,1560.68,1557.47,1559.91,409.4391
2023-10-18 21:30:00,1559.91,1559.99,1555.85,1558.74,368.9756
2023-10-18 21:45:00,1558.74,1559.59,1558.14,1558.77,355.7629
2023-10-18 22:00:00,1558.77,1560.89,1557.14,1560.54,301.0893
2023-10-18 22:15:00,1560.54,1564.84,1560.0,1563.02,290.7447
2023-10-18 22:30:00,1563.02,1565.09,1563.0,1564.72,304.5685
2023-10-18 22:45:00,1564.72,1565.84,1563.57,1564.57,246.5261
2023-10-18 23:00:00,1564.57,1564.79,1563.02,1563.77,330.4104
2023-10-18 23:15:00,1563.77,1563.78,1560.1,1561.75,431.7137
2023-10-18 23:30:00,1561.75,1563.9,1561.75,1563.17,378.6865
2023-10-18 23:45:00,1563.17,1564.5,1562.83,1563.29,295.3341
2023-10-19 00:00:00,1563.29,1563.3,1560.78,1563.19,299.3293
2023-10-19 00:15:00,1563.19,1565.63,1561.89,1564.47,299.6479
2023-10-19 00:30:00,1564.47,1565.56,1563.32,1563.76,293.412
2023-10-19 00:45:00,1563.76,1567.25,1563.28,1566.35,308.6353
2023-10-19 01:00:00,1566.35,1566.76,1565.39,1565.58,308.9263
2023-10-19 01:15:00,1565.58,1565.75,1564.45,1565.09,274.332
2023-10-19 01:30:00,1565.09,1565.53,1545.3,1545.75,444.4845
2023-10-19 01:45:00,1545.75,1551.11,1542.01,1549.46,532.258
2023-10-19 02:00:00,1549.46,1551.16,1547.12,1549.79,655.5459
2023-10-19 02:15:00,1549.79,1549.82,1546.88,1546.89,530.3523
2023-10-19 02:30:00,1546.89,1548.62,1544.66,1546.9,550.2702
2023-10-19 02:45:00,1546.9,1549.4,1545.97,1547.6,414.6844
2023-10-19 03:00:00,1547.6,1550.0,1546.93,1549.96,452.1508
2023-10-19 03:15:00,1549.96,1551.17,1548.97,1549.0,363.8685
2023-10-19 03:30:00,1549.0,1551.33,1548.8,1549.19,336.8115
2023-10-19 03:45:00,1549.19,1550.48,1548.25,1549.23,290.5752
2023-10-19 04:00:00,1549.23,1549.23,1545.97,1546.37,226.2785
2023-10-19 04:15:00,1546.37,1549.84,1545.74,1548.82,253.0293
2023-10-19 04:30:00,1548.82,1549.83,1547.78,1549.53,230.5458
2023-10-19 04:45:00,1549.53,1550.4,1548.92,1550.36,332.4333
2023-10-19 05:00:00,1550.36,1552.26,1549.72,1552.13,284.4879
2023-10-19 05:15:00,1552.13,1553.45,1549.64,1553.19,366.716
2023-10-19 05:30:00,1553.19,1553.48,1551.37,1551.78,348.5368
2023-10-19 05:45:00,1551.78,1552.62,1550.88,1552.34,340.6357
2023-10-19 06:00:00,1552.34,1552.53,1551.06,1551.08,316.2386
2023-10-19 06:15:00,1551.08,1551.97,1550.74,1551.14,425.7841
2023-10-19 06:30:00,1551.14,1552.69,1550.27,1552.68,407.2609
2023-10-19 06:45:00,1552.68,1553.1,1551.02,1551.34,432.4369
2023-10-19 07:00:00,1551.34,1552.05,1548.81,1549.24,296.3932
2023-10-19 07:15:00,1549.24,1549.76,1547.84,1549.36,190.0695
2023-10-19 07:30:00,1549.36,1552.47,1549.36,1552.19,175.1209
2023-10-19 07:45:00,1552.19,1552.53,1551.45,1551.8,212.2264
2023-10-19 08:00:00,1551.8,1553.39,1551.64,1552.06,312.84
2023-10-19 08:15:00,1552.06,1552.29,1550.21,1551.44,378.0378
2023-10-19 08:30:00,1551.44,1551.47,1548.7,1550.6,361.3491
2023-10-19 08:45:00,1550.6,1550.65,1547.0,1548.03,324.8273
2023-10-19 09:00:00,1548.03,1548.67,1541.96,1545.3,389.6513
2023-10-27 17:00:00,1771.1,1773.37,1745.19,1761.38,2032.4403
2023-10-27 17:15:00,1761.38,1765.68,1759.41,1763.03,1461.8834
2023-10-27 17:30:00,1763.03,1765.04,1759.6,1762.47,1321.7674
2023-10-27 17:45:00,1762.47,1764.72,1759.83,1761.38,1159.4388
2023-10-27 18:00:00,1761.38,1764.0,1757.61,1759.82,1093.0213
2023-10-27 18:15:00,1759.82,1761.24,1751.44,1751.96,1087.4719
2023-10-27 18:30:00,1751.96,1771.18,1750.0,1768.78,1762.4294
2023-10-27 18:45:00,1768.78,1769.53,1763.93,1765.44,1911.3588
2023-10-27 19:00:00,1765.44,1771.0,1764.78,1770.05,2155.0383
2023-10-27 19:15:00,1770.05,1771.16,1768.56,1769.99,941.5677
2023-10-27 19:30:00,1769.99,1774.39,1768.81,1773.16,904.2229
2023-10-27 19:45:00,1773.16,1775.0,1772.67,1774.38,586.8026
2023-10-27 20:00:00,1774.38,1777.17,1773.76,1776.68,557.3603
2023-10-27 20:15:00,1776.68,1779.63,1775.69,1779.29,526.4747
2023-10-27 20:30:00,1779.29,1782.99,1777.37,1777.37,757.8282
2023-10-27 20:45:00,1777.37,1781.43,1777.12,1781.06,729.636
2023-10-27 21:00:00,1781.06,1783.28,1779.1,1781.02,622.8538
2023-10-27 21:15:00,1781.02,1781.76,1778.67,1779.58,638.9074
2023-10-27 21:30:00,1779.58,1782.88,1778.68,1778.69,663.1145
2023-10-27 21:45:00,1778.69,1780.66,1778.68,1780.63,553.1879
2023-10-27 22:00:00,1780.63,1781.57,1778.6,1780.38,596.0518
2023-10-27 22:15:00,1780.38,1780.55,1776.58,1780.55,596.926
2023-10-27 22:30:00,1780.55,1780.57,1776.09,1776.13,1009.0676
2023-10-27 22:45:00,1776.13,1780.18,1775.31,1776.98,1483.476
2023-10-27 23:00:00,1776.98,1780.7,1776.06,1780.46,1411.5962
2023-10-27 23:15:00,1780.46,1781.1,1779.45,1779.56,1212.0763
2023-10-27 23:30:00,1779.56,1784.2,1778.86,1781.84,1593.9914
2023-10-27 23:45:00,1781.84,1782.23,1779.43,1779.45,1335.963
2023-10-28 00:00:00,1779.45,1781.11,1778.87,1780.25,900.7934
2023-10-28 00:15:00,1780.25,1782.67,1779.86,1781.72,827.4108
2023-10-28 00:30:00,1781.72,1784.21,1780.43,1780.99,1160.1618
2023-10-28 00:45:00,1780.99,1781.02,1779.14,1779.86,892.7426
2023-10-28 01:00:00,1779.86,1781.26,1778.83,1779.84,1028.9068
2023-10-28 01:15:00,1779.84,1781.88,1778.87,1780.59,925.35
2023-10-28 01:30:00,1780.59,1782.73,1779.51,1781.12,755.8091
2023-10-28 01:45:00,1781.12,1783.82,1780.79,1783.27,892.9295
2023-10-28 02:00:00,1783.27,1783.3,1780.98,1781.28,826.3615
2023-10-28 02:15:00,1781.28,1783.4,1780.49,1783.0,706.5855
2023-10-28 02:30:00,1783.0,1783.76,1781.94,1783.75,596.2019
2023-10-28 02:45:00,1783.75,1793.25,1783.66,1791.53,816.7034
2023-10-28 03:00:00,1791.53,1792.18,1787.56,1790.52,747.9427
2023-10-28 03:15:00,1790.52,1790.52,1786.17,1786.37,796.7917
2023-10-28 03:30:00,1786.37,1789.96,1785.57,1788.15,853.0274
2023-10-28 03:45:00,1788.15,1790.0,1787.92,1790.0,685.6198
2023-10-28 04:00:00,1790.0,1790.03,1787.8,1788.0,946.6743
2023-10-28 04:15:00,1788.0,1789.06,1787.02,1788.88,924.8753
2023-10-28 04:30:00,1788.88,1790.63,1788.36,1790.3,627.4709
2023-10-28 04:45:00,1790.3,1791.02,1789.27,1790.21,658.8928
2023-10-28 05:00:00,1790.21,1792.72,1789.52,1791.66,649.6846
2023-10-28 05:15:00,1791.66,1795.52,1790.54,1791.24,763.944
2023-10-28 05:30:00,1791.24,1791.25,1788.76,1791.01,635.6543
2023-10-28 05:45:00,1791.01,1791.13,1786.78,1787.51,779.2549
2023-10-28 06:00:00,1787.51,1789.25,1786.74,1789.21,826.0756
2023-10-28 06:15:00,1789.21,1789.46,1787.88,1789.05,655.8804
2023-10-28 06:30:00,1789.05,1789.17,1786.56,1786.92,761.6656
2023-10-28 06:45:00,1786.92,1788.4,1785.5,1786.12,861.7601
2023-10-28 07:00:00,1786.12,1787.83,1785.83,1787.45,670.7955
2023-10-28 07:15:00,1787.45,1788.6,1787.45,1788.05,749.26
2023-10-28 07:30:00,1788.05,1789.32,1787.66,1788.13,631.8422
2023-10-28 07:45:00,1788.13,1789.04,1786.65,1787.51,631.6497
2023-10-28 08:00:00,1787.51,1788.77,1785.29,1788.28,902.182
2023-10-28 08:15:00,1788.28,1789.7,1787.03,1788.42,692.3468
2023-10-28 08:30:00,1788.42,1790.97,1788.42,1790.79,566.7071
2023-10-28 08:45:00,1790.79,1790.82,1787.4,1788.89,546.2626
2023-10-28 09:00:00,1788.89,1789.41,1786.68,1789.25,594.2893
2023-10-28 09:15:00,1789.25,1789.7,1786.96,1787.61,621.4269
2023-10-28 09:30:00,1787.61,1791.12,1787.48,1791.09,679.3805
2023-10-28 09:45:00,1791.09,1791.17,1788.88,1788.92,710.357
2023-10-28 10:00:00,1788.92,1790.42,1788.92,1789.08,618.2877
2023-10-28 10:15:00,1789.08,1790.18,1788.81,1790.18,696.5077
2023-10-28 10:30:00,1790.18,1790.98,1788.93,1789.19,530.9984
2023-10-28 10:45:00,1789.19,1790.91,1789.19,1790.79,445.7426
2023-10-28 11:00:00,1790.79,1794.72,1790.66,1793.99,653.6744
2023-10-28 11:15:00,1793.99,1802.94,1793.94,1795.51,597.7359
2023-10-28 11:30:00,1795.51,1798.23,1787.16,1788.33,725.0781
2023-10-28 11:45:00,1788.33,1789.99,1786.4,1787.92,620.8629
2023-10-28 12:00:00,1787.92,1789.45,1785.63,1785.77,608.1036
2023-10-28 12:15:00,1785.77,1787.77,1783.28,1785.95,670.6709
2023-10-28 12:30:00,1785.95,1786.13,1783.86,1785.37,499.6034
2023-10-28 12:45:00,1785.37,1785.48,1775.75,1780.9,715.9855
2023-10-28 13:00:00,1780.9,1784.2,1777.93,1783.82,662.7531
2023-10-28 13:15:00,1783.82,1785.76,1783.12,1784.33,590.7328
2023-10-28 13:30:00,1784.33,1786.24,1784.29,1784.48,848.5637
2023-10-28 13:45:00,1784.48,1788.46,1783.83,1788.09,915.675
2023-10-28 14:00:00,1788.09,1791.0,1786.04,1789.41,711.4847
2023-10-28 14:15:00,1789.41,1789.79,1785.12,1787.18,716.4589
2023-10-28 14:30:00,1787.18,1787.8,1785.57,1786.36,346.4094
2023-10-28 14:45:00,1786.36,1787.21,1784.66,1786.61,386.6547
2023-10-28 15:00:00,1786.61,1789.2,1786.25,1787.99,329.5591
2023-10-28 15:15:00,1787.99,1790.61,1787.9,1790.5,298.9988
2023-10-28 15:30:00,1790.5,1791.44,1788.73,1791.0,471.9797
2023-10-28 15:45:00,1791.0,1791.7,1789.34,1790.72,484.2036
2023-10-28 16:00:00,1790.72,1790.93,1786.54,1786.56,403.5992
2023-10-28 16:15:00,1786.56,1786.77,1784.28,1786.51,482.3361
2023-10-28 16:30:00,1786.51,1786.58,1785.22,1786.27,409.7565
2023-10-28 16:45:00,1786.27,1787.78,1785.54,1787.44,548.0084
2023-10-28 17:00:00,1787.44,1787.56,1785.37,1786.37,449.098
2023-10-28 17:15:00,1786.37,1786.42,1784.01,1786.4,430.3058
2023-10-28 17:30:00,1786.4,1786.48,1785.02,1785.24,398.2057
2023-10-28 17:45:00,1785.24,1785.53,1784.15,1785.03,364.6518
2023-10-28 18:00:00,1785.03,1785.03,1781.32,1782.78,367.2924
2023-10-28 18:15:00,1782.78,1783.52,1780.58,1781.35,349.8839
2023-10-28 18:30:00,1781.35,1784.79,1780.74,1783.01,792.2469
2023-10-28 18:45:00,1783.01,1785.38,1782.74,1783.94,555.7557
2023-10-28 19:00:00,1783.94,1784.28,1782.25,1783.4,574.5945
2023-10-28 19:15:00,1783.4,1783.71,1781.93,1782.3,663.8684
2023-10-28 19:30:00,1782.3,1782.86,1778.89,1779.76,432.1889
2023-10-28 19:45:00,1779.76,1779.77,1776.75,1776.8,423.2561
2023-10-28 20:00:00,1776.8,1780.7,1776.32,1778.61,394.4602
2023-10-28 20:15:00,1778.61,1780.45,1778.43,1778.7,416.6306
2023-10-28 20:30:00,1778.7,1779.9,1777.11,1778.33,500.1407
2023-10-28 20:45:00,1778.33,1779.92,1777.47,1778.87,556.3886
2023-10-28 21:00:00,1778.87,1779.8,1777.58,1779.8,603.6931
2023-10-28 21:15:00,1779.8,1782.18,1779.74,1781.81,559.0733
2023-10-28 21:30:00,1781.81,1783.36,1781.72,1782.67,288.0677
2023-10-28 21:45:00,1782.67,1783.21,1782.12,1783.21,258.0334
2023-10-28 22:00:00,1783.21,1783.24,1781.76,1782.26,295.6515
2023-10-28 22:15:00,1782.26,1782.27,1778.41,1778.49,330.4038
2023-10-28 22:30:00,1778.49,1779.28,1770.67,1778.84,514.5827
2023-10-28 22:45:00,1778.84,1778.84,1776.47,1776.86,453.0642
2023-10-28 23:00:00,1776.86,1776.87,1771.88,1773.7,529.3354
2023-10-28 23:15:00,1773.7,1776.26,1773.22,1776.2,378.2789
2023-10-28 23:30:00,1776.2,1777.13,1775.07,1776.11,419.2137
2023-10-28 23:45:00,1776.11,1776.91,1775.72,1776.19,432.4815
2023-10-29 00:00:00,1776.19,1777.13,1773.83,1776.11,490.3978
2023-10-29 00:15:00,1776.11,1780.33,1775.81,1780.32,550.1593
2023-10-29 00:30:00,1780.32,1781.66,1776.81,1781.51,322.0767
2023-10-29 00:45:00,1781.51,1781.87,1777.39,1777.42,328.2238
2023-10-29 01:00:00,1777.42,1779.01,1773.96,1773.97,251.1977
2023-10-29 01:15:00,1773.97,1774.82,1763.0,1768.38,421.1795
2023-10-29 01:30:00,1768.38,1773.85,1766.51,1773.58,332.9275
2023-10-29 01:45:00,1773.58,1774.51,1772.07,1773.41,331.7471
2023-10-29 02:00:00,1773.41,1774.63,1770.81,1773.7,389.0412
2023-10-29 02:15:00,1773.7,1776.58,1773.31,1775.81,285.7338
2023-10-29 02:30:00,1775.81,1775.82,1772.88,1775.04,678.9438
2023-10-29 02:45:00,1775.04,1777.88,1774.63,1777.47,642.7944
2023-10-29 03:00:00,1777.47,1777.62,1774.4,1775.5,726.7955
2023-10-29 03:15:00,1775.5,1776.24,1774.53,1775.82,665.944
2023-10-29 03:30:00,1775.82,1776.32,1775.37,1776.15,354.6058
2023-10-29 03:45:00,1776.15,1776.42,1772.56,1774.98,482.9205
2023-10-29 04:00:00,1774.98,1775.73,1772.68,1775.69,478.9173
2023-10-29 04:15:00,1775.69,1777.94,1775.66,1777.83,360.2817
2023-10-29 04:30:00,1777.83,1778.69,1777.07,1777.6,523.1118
2023-10-29 04:45:00,1777.6,1778.82,1777.0,1777.03,555.8838
2023-10-29 05:00:00,1777.03,1778.3,1776.62,1778.09,431.4374
2023-10-29 05:15:00,1778.09,1778.43,1774.03,1775.77,471.5207
2023-10-29 05:30:00,1775.77,1777.26,1775.48,1777.24,242.2823
2023-10-29 05:45:00,1777.24,1777.5,1776.47,1776.67,179.1702
2023-10-29 06:00:00,1776.67,1778.88,1775.46,1778.17,232.6439
2023-10-29 06:15:00,1778.17,1779.94,1778.17,1779.68,229.7322
2023-10-29 06:30:00,1779.68,1781.32,1779.57,1781.11,315.5755
2023-10-29 06:45:00,1781.11,1782.45,1779.76,1780.14,374.3179
2023-10-29 07:00:00,1780.14,1781.33,1779.82,1780.25,382.4509
2023-10-29 07:15:00,1780.25,1781.83,1779.44,1781.52,441.3956
2023-10-29 07:30:00,1781.52,1781.8,1780.22,1781.05,300.408
2023-10-29 07:45:00,1781.05,1784.12,1781.03,1782.95,235.9242
2023-10-29 08:00:00,1782.95,1786.47,1782.88,1786.28,305.351
2023-10-29 08:15:00,1786.28,1786.57,1784.31,1784.39,258.758
2023-10-29 08:30:00,1784.39,1786.66,1784.37,1786.6,317.0274
2023-10-29 08:45:00,1786.6,1788.84,1785.71,1788.83,295.1558
2023-10-29 09:00:00,1788.83,1790.91,1786.01,1786.82,373.6614
2023-10-29 09:15:00,1786.82,1792.73,1786.49,1790.14,250.3087
2023-10-29 09:30:00,1790.14,1791.86,1788.62,1789.04,293.042
2023-10-29 09:45:00,1789.04,1789.88,1787.67,1788.63,337.2453
2023-10-29 10:00:00,1788.63,1788.91,1785.74,1786.33,245.6646
2023-10-29 10:15:00,1786.33,1786.34,1785.23,1785.7,296.4409
2023-10-29 10:30:00,1785.7,1786.2,1784.05,1784.08,288.0783
2023-10-29 10:45:00,1784.08,1784.58,1783.6,1784.14,240.1719
2023-10-29 11:00:00,1784.14,1786.76,1783.32,1786.41,324.2258
2023-10-29 11:15:00,1786.41,1792.95,1786.4,1791.78,294.9466
2023-10-29 11:30:00,1791.78,1792.37,1789.59,1790.74,331.472
2023-10-29 11:45:00,1790.74,1791.24,1788.45,1788.72,299.3496
2023-10-29 12:00:00,1788.72,1791.94,1788.37,1788.37,400.896
2023-10-29 12:15:00,1788.37,1789.93,1788.0,1789.46,406.8288
2023-10-29 12:30:00,1789.46,1791.69,1789.46,1791.48,231.511
2023-10-29 12:45:00,1791.48,1798.73,1791.43,1798.69,214.2667
2023-10-29 13:00:00,1798.69,1800.7,1792.08,1793.58,260.4345
2023-10-29 13:15:00,1793.58,1795.55,1791.55,1794.3,270.9323
2023-10-29 13:30:00,1794.3,1796.41,1792.35,1793.74,346.8261
2023-10-29 13:45:00,1793.74,1793.87,1792.2,1792.85,287.085
2023-10-29 14:00:00,1792.85,1793.92,1788.89,1789.82,302.0468
2023-10-29 14:15:00,1789.82,1794.84,1789.82,1794.8,294.9697
2023-10-29 14:30:00,1794.8,1799.27,1794.5,1797.27,407.9103
2023-10-29 14:45:00,1797.27,1797.34,1793.45,1795.24,342.4496
2023-10-29 15:00:00,1795.24,1797.49,1791.98,1795.47,345.3272
2023-10-29 15:15:00,1795.47,1798.0,1793.78,1796.37,305.0507
2023-10-29 15:30:00,1796.37,1796.47,1791.77,1792.37,191.4293
2023-10-29 15:45:00,1792.37,1793.96,1790.21,1792.26,197.0911
2023-10-29 16:00:00,1792.26,1793.39,1791.09,1792.78,190.7779
2023-10-29 16:15:00,1792.78,1793.09,1789.19,1789.77,211.6115
2023-10-29 16:30:00,1789.77,1791.7,1786.77,1788.89,463.8214
2023-10-29 16:45:00,1788.89,1789.92,1788.25,1788.96,299.3482
2023-10-29 17:00:00,1788.96,1790.8,1787.86,1790.64,273.0191
2023-10-29 17:15:00,1790.64,1793.91,1790.43,1793.34,260.8896
2023-10-29 17:30:00,1793.34,1806.45,1792.93,1803.1,651.1993
2023-10-29 17:45:00,1803.1,1806.88,1793.64,1793.68,589.3655
2023-10-29 18:00:00,1793.68,1802.27,1793.68,1799.92,475.9652
2023-10-29 18:15:00,1799.92,1802.01,1797.76,1799.31,428.4148
2023-10-29 18:30:00,1799.31,1800.23,1793.24,1794.55,404.7198
2023-10-29 18:45:00,1794.55,1797.79,1794.11,1795.89,338.1862
2023-11-07 02:45:00,1885.37,1887.7,1879.92,1880.68,549.4544
2023-11-07 03:00:00,1880.68,1887.1,1878.39,1886.38,397.5789
2023-11-07 03:15:00,1886.38,1889.33,1886.03,1888.57,382.2345
2023-11-07 03:30:00,1888.57,1888.57,1884.92,1887.55,341.175
2023-11-07 03:45:00,1887.55,1890.18,1886.6,1890.18,398.6451
2023-11-07 04:00:00,1890.18,1890.88,1886.66,1887.98,447.0497
2023-11-07 04:15:00,1887.98,1890.04,1887.78,1887.88,535.2828
2023-11-07 04:30:00,1887.88,1888.33,1885.67,1886.67,540.5439
2023-11-07 04:45:00,1886.67,1895.12,1886.39,1893.38,682.5979
2023-11-07 05:00:00,1893.38,1893.95,1888.9,1890.78,448.4128
2023-11-07 05:15:00,1890.78,1893.87,1890.0,1892.02,434.539
2023-11-07 05:30:00,1892.02,1896.42,1891.45,1892.43,319.2171
2023-11-07 05:45:00,1892.43,1894.97,1892.14,1894.49,374.1149
2023-11-07 06:00:00,1894.49,1894.73,1890.58,1892.28,364.4816
2023-11-07 06:15:00,1892.28,1894.8,1890.65,1890.74,426.4923
2023-11-07 06:30:00,1890.74,1894.47,1890.09,1894.01,431.6863
2023-11-07 06:45:00,1894.01,1895.86,1892.48,1893.85,522.0966
2023-11-07 07:00:00,1893.85,1894.85,1891.67,1894.79,497.7272
2023-11-07 07:15:00,1894.79,1894.9,1890.19,1890.77,494.6421
2023-11-07 07:30:00,1890.77,1890.97,1886.97,1890.18,469.8865
2023-11-07 07:45:00,1890.18,1892.53,1888.42,1891.79,401.8931
2023-11-07 08:00:00,1891.79,1894.7,1889.2,1893.97,387.08
2023-11-07 08:15:00,1893.97,1894.87,1888.13,1888.71,533.1902
2023-11-07 08:30:00,1888.71,1891.78,1887.0,1888.05,570.6959
2023-11-07 08:45:00,1888.05,1889.71,1887.05,1888.51,908.958
2023-11-07 09:00:00,1888.51,1888.97,1883.81,1883.94,521.9991
2023-11-07 09:15:00,1883.94,1887.68,1881.95,1883.01,862.7526
2023-11-07 09:30:00,1883.01,1883.13,1875.03,1879.3,1067.51
2023-11-07 09:45:00,1879.3,1884.11,1874.67,1875.2,958.3801
2023-11-07 10:00:00,1875.2,1878.87,1869.55,1874.86,1223.257
2023-11-07 10:15:00,1874.86,1879.03,1874.2,1878.52,586.1765
2023-11-07 10:30:00,1878.52,1879.92,1876.07,1876.36,487.6593
2023-11-07 10:45:00,1876.36,1876.97,1867.17,1869.49,582.1361
2023-11-07 11:00:00,1869.49,1874.26,1867.75,1874.11,461.3672
2023-11-07 11:15:00,1874.11,1876.99,1872.81,1875.02,564.3678
2023-11-07 11:30:00,1875.02,1876.12,1872.57,1875.56,545.6784
2023-11-07 11:45:00,1875.56,1876.64,1872.61,1873.4,544.2132
2023-11-07 12:00:00,1873.4,1875.55,1867.37,1871.77,694.7872
2023-11-07 12:15:00,1871.77,1878.0,1870.1,1874.53,909.0289
2023-11-07 12:30:00,1874.53,1878.73,1874.52,1878.18,793.2312
2023-11-07 12:45:00,1878.18,1879.92,1877.0,1877.59,707.1319
2023-11-07 13:00:00,1877.59,1877.99,1874.93,1875.56,870.1792
2023-11-07 13:15:00,1875.56,1877.8,1872.4,1873.01,908.9935
2023-11-07 13:30:00,1873.01,1873.62,1866.21,1868.36,855.7807
2023-11-07 13:45:00,1868.36,1873.62,1867.84,1873.38,794.2219
2023-11-07 14:00:00,1873.38,1878.45,1870.35,1877.16,787.2278
2023-11-07 14:15:00,1877.16,1877.81,1874.64,1874.88,594.5617
2023-11-07 14:30:00,1874.88,1877.12,1871.23,1876.09,414.0759
2023-11-07 14:45:00,1876.09,1878.38,1874.67,1876.95,347.8093
2023-11-07 15:00:00,1876.95,1877.6,1874.2,1875.62,507.2738
2023-11-07 15:15:00,1875.62,1875.93,1868.08,1870.93,744.2648
2023-11-07 15:30:00,1870.93,1870.93,1858.34,1861.72,948.821
2023-11-07 15:45:00,1861.72,1866.09,1860.72,1863.0,662.1394
2023-11-07 16:00:00,1863.0,1866.28,1860.15,1865.55,552.1802
2023-11-07 16:15:00,1865.55,1867.07,1862.52,1866.89,700.6039
2023-11-07 16:30:00,1866.89,1867.53,1861.08,1861.93,874.1291
2023-11-07 16:45:00,1861.93,1862.34,1855.78,1858.27,787.6446
2023-11-07 17:00:00,1858.27,1858.81,1850.46,1858.11,873.018
2023-11-07 17:15:00,1858.11,1868.86,1856.98,1865.24,879.1131
2023-11-07 17:30:00,1865.24,1870.96,1863.62,1869.98,518.9564
2023-11-07 17:45:00,1869.98,1873.94,1868.79,1873.24,417.7062
2023-11-07 18:00:00,1873.24,1893.01,1872.86,1889.95,677.3701
2023-11-07 18:15:00,1889.95,1895.16,1883.81,1886.24,762.1914
2023-11-07 18:30:00,1886.24,1888.19,1883.85,1887.32,542.3795
2023-11-07 18:45:00,1887.32,1896.31,1887.32,1893.8,586.0952
2023-11-07 19:00:00,1893.8,1899.99,1889.68,1893.93,656.3614
2023-11-07 19:15:00,1893.93,1895.8,1889.53,1891.66,527.053
2023-11-07 19:30:00,1891.66,1899.27,1890.05,1898.86,559.1994
2023-11-07 19:45:00,1898.86,1898.86,1893.61,1894.03,455.5206
2023-11-07 20:00:00,1894.03,1899.03,1891.07,1893.59,582.5818
2023-11-07 20:15:00,1893.59,1894.93,1891.39,1892.95,561.3012
2023-11-07 20:30:00,1892.95,1899.0,1892.95,1898.88,700.1582
2023-11-07 20:45:00,1898.88,1906.9,1898.84,1901.03,1080.3593
2023-11-07 21:00:00,1901.03,1902.55,1895.1,1895.97,882.9025
2023-11-07 21:15:00,1895.97,1898.08,1893.9,1895.03,789.9521
2023-11-07 21:30:00,1895.03,1897.65,1892.81,1894.21,691.3932
2023-11-07 21:45:00,1894.21,1895.66,1891.69,1892.14,633.7577
2023-11-07 22:00:00,1892.14,1892.48,1878.57,1881.4,932.7564
2023-11-07 22:15:00,1881.4,1881.53,1873.11,1880.39,1172.76
2023-11-07 22:30:00,1880.39,1882.56,1875.58,1882.56,927.4577
2023-11-07 22:45:00,1882.56,1887.08,1879.47,1879.57,914.6014
2023-11-07 23:00:00,1879.57,1883.53,1877.43,1881.65,930.1962
2023-11-07 23:15:00,1881.65,1886.22,1881.63,1884.63,750.628
2023-11-07 23:30:00,1884.63,1888.09,1883.0,1887.02,830.7672
2023-11-07 23:45:00,1887.02,1887.7,1884.83,1885.31,870.0674
2023-11-08 00:00:00,1885.31,1887.3,1883.53,1886.28,892.0504
2023-11-08 00:15:00,1886.28,1887.39,1883.06,1884.12,603.4582
2023-11-08 00:30:00,1884.12,1884.34,1880.11,1884.28,480.3948
2023-11-08 00:45:00,1884.28,1887.01,1883.83,1886.99,502.6418
2023-11-08 01:00:00,1886.99,1888.55,1885.26,1888.55,541.648
2023-11-08 01:15:00,1888.55,1889.76,1886.73,1889.5,437.8593
2023-11-08 01:30:00,1889.5,1892.51,1888.73,1888.73,524.5053
2023-11-08 01:45:00,1888.73,1889.72,1888.24,1888.31,555.0104
2023-11-08 02:00:00,1888.31,1891.6,1887.0,1891.56,470.3352
2023-11-08 02:15:00,1891.56,1892.27,1888.27,1890.49,965.7425
2023-11-08 02:30:00,1890.49,1891.69,1888.16,1890.97,811.0088
2023-11-08 02:45:00,1890.97,1891.12,1886.08,1887.48,707.8963
2023-11-08 03:00:00,1887.48,1888.4,1883.52,1885.08,880.5635
2023-11-08 03:15:00,1885.08,1888.02,1884.49,1885.51,996.9141
2023-11-08 03:30:00,1885.51,1885.52,1881.32,1882.22,848.3452
2023-11-08 03:45:00,1882.22,1882.6,1880.01,1882.1,1067.5579
2023-11-08 04:00:00,1882.1,1884.15,1881.49,1882.15,878.4097
2023-11-08 04:15:00,1882.15,1882.15,1880.2,1880.23,592.5175
2023-11-08 04:30:00,1880.23,1885.5,1880.01,1885.0,498.7176
2023-11-08 04:45:00,1885.0,1885.9,1883.63,1885.28,467.4744
2023-11-08 05:00:00,1885.28,1886.43,1882.81,1883.88,560.2397
2023-11-08 05:15:00,1883.88,1884.18,1878.99,1881.5,566.2837
2023-11-08 05:30:00,1881.5,1881.94,1878.46,1879.96,537.2125
2023-11-08 05:45:00,1879.96,1880.43,1876.79,1879.09,608.146
2023-11-08 06:00:00,1879.09,1879.12,1875.5,1875.97,494.8969
2023-11-08 06:15:00,1875.97,1877.65,1873.0,1877.49,558.8623
2023-11-08 06:30:00,1877.49,1879.89,1877.49,1879.18,599.2884
2023-11-08 06:45:00,1879.18,1880.0,1878.46,1878.64,541.6517
2023-11-08 07:00:00,1878.64,1879.28,1875.65,1876.73,621.2747
2023-11-08 07:15:00,1876.73,1880.18,1875.53,1880.17,465.3907
2023-11-08 07:30:00,1880.17,1880.52,1878.02,1879.69,478.9088
2023-11-08 07:45:00,1879.69,1880.13,1874.04,1874.88,449.1384
2023-11-08 08:00:00,1874.88,1878.41,1873.54,1878.3,519.2946
2023-11-08 08:15:00,1878.3,1880.7,1876.3,1876.31,532.2358
2023-11-08 08:30:00,1876.31,1881.03,1875.91,1879.53,611.5525
2023-11-08 08:45:00,1879.53,1880.92,1876.57,1877.91,662.6149
2023-11-08 09:00:00,1877.91,1880.74,1877.62,1880.66,500.4566
2023-11-08 09:15:00,1880.66,1881.19,1878.93,1880.76,650.9439
2023-11-08 09:30:00,1880.76,1882.91,1879.35,1882.91,758.6932
2023-11-08 09:45:00,1882.91,1885.61,1881.11,1884.23,786.614
2023-11-08 10:00:00,1884.23,1885.71,1883.35,1885.7,636.4786
2023-11-08 10:15:00,1885.7,1887.96,1884.01,1887.67,912.3038
2023-11-08 10:30:00,1887.67,1889.05,1882.43,1884.82,640.7625
2023-11-08 10:45:00,1884.82,1887.45,1884.46,1885.88,591.694
2023-11-08 11:00:00,1885.88,1886.66,1883.52,1883.56,563.8702
2023-11-08 11:15:00,1883.56,1883.62,1881.41,1882.21,551.2078
2023-11-08 11:30:00,1882.21,1883.24,1881.31,1882.3,434.4236
2023-11-08 11:45:00,1882.3,1882.51,1880.84,1880.84,391.7305
2023-11-08 12:00:00,1880.84,1886.04,1880.84,1886.04,477.274
2023-11-08 12:15:00,1886.04,1887.87,1884.65,1885.53,512.6675
2023-11-08 12:30:00,1885.53,1885.6,1882.76,1885.29,590.025
2023-11-08 12:45:00,1885.29,1886.19,1883.32,1885.0,531.2177
2023-11-08 13:00:00,1885.0,1887.46,1883.37,1885.37,572.5537
2023-11-08 13:15:00,1885.37,1885.37,1882.14,1882.45,359.2743
2023-11-08 13:30:00,1882.45,1883.48,1881.38,1882.4,289.1128
2023-11-08 13:45:00,1882.4,1889.4,1882.0,1888.98,457.3134
2023-11-08 14:00:00,1888.98,1892.31,1886.81,1887.97,595.247
2023-11-08 14:15:00,1887.97,1889.95,1885.77,1888.66,788.0021
2023-11-08 14:30:00,1888.66,1890.69,1882.79,1884.22,761.5701
2023-11-08 14:45:00,1884.22,1887.76,1883.31,1886.84,753.4295
2023-11-08 15:00:00,1886.84,1887.99,1881.1,1882.64,666.1417
2023-11-08 15:15:00,1882.64,1886.24,1880.16,1883.93,513.1246
2023-11-08 15:30:00,1883.93,1885.16,1882.12,1885.16,526.7446
2023-11-08 15:45:00,1885.16,1889.62,1884.94,1889.1,432.4784
2023-11-08 16:00:00,1889.1,1889.53,1886.73,1887.68,427.6823
2023-11-08 16:15:00,1887.68,1892.65,1886.76,1890.43,882.6556
2023-11-08 16:30:00,1890.43,1899.85,1889.91,1897.58,1102.6791
2023-11-08 16:45:00,1897.58,1901.29,1895.67,1899.5,1115.3962
2023-11-08 17:00:00,1899.5,1901.04,1893.06,1894.16,1200.3148
2023-11-08 17:15:00,1894.16,1897.07,1893.26,1893.26,718.1377
2023-11-08 17:30:00,1893.26,1894.94,1890.0,1890.95,701.4321
2023-11-08 17:45:00,1890.95,1893.84,1890.55,1892.32,504.2387
2023-11-08 18:00:00,1892.32,1899.23,1890.71,1897.72,663.2349
2023-11-08 18:15:00,1897.72,1899.03,1894.43,1895.01,428.1356
2023-11-08 18:30:00,1895.01,1898.25,1895.0,1896.97,338.2911
2023-11-08 18:45:00,1896.97,1903.55,1896.19,1900.27,395.5041
2023-11-08 19:00:00,1900.27,1904.4,1897.84,1901.54,424.9729
2023-11-08 19:15:00,1901.54,1902.32,1894.76,1894.76,593.0067
2023-11-08 19:30:00,1894.76,1900.42,1894.69,1899.73,496.5657
2023-11-08 19:45:00,1899.73,1903.46,1898.0,1899.02,537.3464
2023-11-08 20:00:00,1899.02,1901.03,1897.53,1898.02,461.7983
2023-11-08 20:15:00,1898.02,1900.0,1895.34,1895.36,540.456
2023-11-08 20:30:00,1895.36,1896.4,1890.12,1894.86,564.9159
2023-11-08 20:45:00,1894.86,1896.46,1893.13,1895.54,559.275
2023-11-08 21:00:00,1895.54,1904.5,1893.28,1896.67,761.0013
2023-11-08 21:15:00,1896.67,1896.98,1885.46,1887.36,807.5974
2023-11-08 21:30:00,1887.36,1888.47,1883.11,1884.66,722.5529
2023-11-08 21:45:00,1884.66,1888.86,1884.33,1887.16,761.8986
2023-11-08 22:00:00,1887.16,1894.76,1886.93,1890.28,936.8364
2023-11-08 22:15:00,1890.28,1894.89,1887.2,1890.24,709.0271
2023-11-08 22:30:00,1890.24,1891.95,1887.83,1890.4,626.822
2023-11-08 22:45:00,1890.4,1896.11,1890.37,1891.1,583.272
2023-11-08 23:00:00,1891.1,1892.42,1888.15,1891.29,462.7934
2023-11-08 23:15:00,1891.29,1895.53,1890.05,1895.22,563.9223
2023-11-08 23:30:00,1895.22,1895.71,1892.1,1893.6,695.7655
2023-11-08 23:45:00,1893.6,1898.24,1888.01,1888.34,1170.1633
2023-11-09 00:00:00,1888.34,1890.51,1884.27,1885.81,901.1308
2023-11-09 00:15:00,1885.81,1888.84,1882.31,1888.07,726.1211
2023-11-09 00:30:00,1888.07,1901.72,1887.81,1901.71,727.2708
2023-11-09 00:45:00,1901.71,1903.23,1894.8,1897.99,729.4924
2023-11-09 01:00:00,1897.99,1900.18,1893.99,1893.99,665.1835
2023-11-09 01:15:00,1893.99,1901.88,1891.53,1898.95,735.2224
2023-11-09 01:30:00,1898.95,1902.0,1898.79,1902.0,933.096
2023-11-09 01:45:00,1902.0,1906.71,1897.68,1901.03,1069.0157
2023-11-09 02:00:00,1901.03,1906.85,1898.49,1904.73,887.3512
2023-11-09 02:15:00,1904.73,1925.8,1903.58,1919.36,1462.8885
2023-11-09 02:30:00,1919.36,1925.72,1918.01,1920.73,1596.1486
2023-11-09 02:45:00,1920.73,1922.53,1912.6,1917.76,1889.9542
2023-11-09 03:00:00,1917.76,1921.32,1912.59,1912.66,1656.781
2023-11-09 03:15:00,1912.66,1916.9,1910.42,1915.05,1426.7443
2023-11-09 03:30:00,1915.05,1923.43,1913.18,1922.72,1406.3439
2023-11-09 03:45:00,1922.72,1923.43,1915.44,1919.19,942.1116
2023-11-09 04:00:00,1919.19,1921.93,1917.9,1918.82,967.0136
2023-11-09 04:15:00,1918.82,1921.12,1916.41,1919.89,915.1469
2023-11-09 04:30:00,1919.89,1929.23,1919.89,1923.61,895.5437
2023-11-17 12:30:00,1954.92,1959.77,1949.75,1957.83,1615.8327
2023-11-17 12:45:00,1957.83,1964.99,1957.6,1964.78,984.3621
2023-11-17 13:00:00,1964.78,1969.4,1962.83,1969.07,1329.9536
2023-11-17 13:15:00,1969.07,1970.74,1962.21,1962.22,1394.7332
2023-11-17 13:30:00,1962.22,1964.52,1957.81,1958.47,742.9452
2023-11-17 13:45:00,1958.47,1958.47,1950.01,1951.92,1349.7166
2023-11-17 14:00:00,1951.92,1957.84,1945.31,1949.81,1182.4504
2023-11-17 14:15:00,1949.81,1953.44,1944.8,1949.53,1832.1908
2023-11-17 14:30:00,1949.53,1954.57,1933.9,1935.23,2062.404
2023-11-17 14:45:00,1935.23,1939.76,1926.19,1932.89,3017.4667
2023-11-17 15:00:00,1932.89,1939.44,1927.98,1938.78,2203.8521
2023-11-17 15:15:00,1938.78,1940.32,1926.26,1929.06,1753.7935
2023-11-17 15:30:00,1929.06,1933.0,1916.9,1918.91,1857.9132
2023-11-17 15:45:00,1918.91,1923.42,1912.84,1918.47,1242.2771
2023-11-17 16:00:00,1918.47,1928.54,1910.26,1925.43,1394.6622
2023-11-17 16:15:00,1925.43,1927.99,1921.84,1923.85,1085.1292
2023-11-17 16:30:00,1923.85,1923.88,1905.98,1915.7,1847.8762
2023-11-17 16:45:00,1915.7,1919.61,1912.57,1916.02,1396.8442
2023-11-17 17:00:00,1916.02,1942.41,1912.81,1929.09,2592.8701
2023-11-17 17:15:00,1929.09,1935.53,1925.32,1930.59,2563.7835
2023-11-17 17:30:00,1930.59,1943.24,1926.6,1942.78,2390.7944
2023-11-17 17:45:00,1942.78,1944.69,1938.9,1943.25,1705.3004
2023-11-17 18:00:00,1943.25,1945.58,1938.43,1945.51,1472.2698
2023-11-17 18:15:00,1945.51,1946.57,1938.4,1943.66,1091.2045
2023-11-17 18:30:00,1943.66,1945.9,1939.86,1942.99,1380.4247
2023-11-17 18:45:00,1942.99,1947.45,1940.27,1945.71,1611.5383
2023-11-17 19:00:00,1945.71,1947.83,1943.27,1944.98,1801.559
2023-11-17 19:15:00,1944.98,1948.86,1940.01,1942.19,1704.5563
2023-11-17 19:30:00,1942.19,1944.94,1938.03,1938.82,1371.3373
2023-11-17 19:45:00,1938.82,1941.57,1936.08,1938.8,1716.7713
2023-11-17 20:00:00,1938.8,1950.66,1937.36,1949.99,1817.3244
2023-11-17 20:15:00,1949.99,1950.43,1944.99,1945.87,1595.8277
2023-11-17 20:30:00,1945.87,1945.87,1939.64,1939.64,2972.3888
2023-11-17 20:45:00,1939.64,1947.44,1939.36,1943.09,4091.5559
2023-11-17 21:00:00,1943.09,1945.6,1941.66,1943.75,1101.0374
2023-11-17 21:15:00,1943.75,1944.56,1939.05,1941.36,990.7448
2023-11-17 21:30:00,1941.36,1944.47,1940.07,1942.4,805.9843
2023-11-17 21:45:00,1942.4,1947.05,1941.5,1945.63,983.4589
2023-11-17 22:00:00,1945.63,1950.4,1945.38,1949.39,776.2373
2023-11-17 22:15:00,1949.39,1965.95,1945.85,1954.29,1596.2669
2023-11-17 22:30:00,1954.29,1963.43,1954.25,1954.83,1623.7508
2023-11-17 22:45:00,1954.83,1963.46,1953.92,1962.6,1452.0051
2023-11-17 23:00:00,1962.6,1966.79,1959.55,1962.64,1040.5256
2023-11-17 23:15:00,1962.64,1963.45,1952.85,1953.49,1494.8924
2023-11-17 23:30:00,1953.49,1958.99,1953.35,1958.78,1795.9155
2023-11-17 23:45:00,1958.78,1960.87,1955.9,1960.75,1208.1357
2023-11-18 00:00:00,1960.75,1961.36,1954.81,1955.37,1549.6485
2023-11-18 00:15:00,1955.37,1956.0,1954.05,1954.62,1257.1565
2023-11-18 00:30:00,1954.62,1956.59,1952.27,1952.57,1391.0783
2023-11-18 00:45:00,1952.57,1957.43,1952.17,1954.25,1079.3518
2023-11-18 01:00:00,1954.25,1956.46,1952.17,1952.44,1267.7047
2023-11-18 01:15:00,1952.44,1956.85,1952.41,1956.14,1225.5114
2023-11-18 01:30:00,1956.14,1957.31,1953.77,1956.27,780.6038
2023-11-18 01:45:00,1956.27,1957.0,1947.91,1949.59,991.8727
2023-11-18 02:00:00,1949.59,1952.66,1949.33,1952.41,695.5252
2023-11-18 02:15:00,1952.41,1955.24,1952.41,1954.34,949.631
2023-11-18 02:30:00,1954.34,1955.61,1950.84,1952.65,1623.1953
2023-11-18 02:45:00,1952.65,1953.0,1949.36,1949.58,1082.8359
2023-11-18 03:00:00,1949.58,1950.02,1946.55,1949.21,1375.3131
2023-11-18 03:15:00,1949.21,1949.99,1943.58,1946.12,1435.6514
2023-11-18 03:30:00,1946.12,1947.12,1941.38,1942.99,1185.3992
2023-11-18 03:45:00,1942.99,1944.33,1939.88,1941.06,1340.7783
2023-11-18 04:00:00,1941.06,1943.74,1940.81,1941.54,1264.1144
2023-11-18 04:15:00,1941.54,1945.04,1940.09,1944.81,1118.8441
2023-11-18 04:30:00,1944.81,1945.57,1938.36,1940.86,1425.0272
2023-11-18 04:45:00,1940.86,1941.6,1937.5,1937.53,1521.0722
2023-11-18 05:00:00,1937.53,1938.18,1931.24,1931.42,1604.3311
2023-11-18 05:15:00,1931.42,1933.77,1929.38,1931.36,1212.593
2023-11-18 05:30:00,1931.36,1935.06,1931.31,1933.6,1224.0245
2023-11-18 05:45:00,1933.6,1933.9,1929.66,1931.5,1550.7554
2023-11-18 06:00:00,1931.5,1936.57,1930.85,1935.61,1346.1881
2023-11-18 06:15:00,1935.61,1936.64,1932.91,1933.01,1119.19
2023-11-18 06:30:00,1933.01,1933.07,1929.42,1931.46,1038.9177
2023-11-18 06:45:00,1931.46,1931.92,1925.78,1925.78,1683.5996
2023-11-18 07:00:00,1925.78,1928.35,1917.39,1926.66,1489.3947
2023-11-18 07:15:00,1926.66,1932.0,1926.66,1932.0,1732.4706
2023-11-18 07:30:00,1932.0,1934.91,1931.73,1932.91,1359.3335
2023-11-18 07:45:00,1932.91,1935.67,1931.3,1935.64,1656.4504
2023-11-18 08:00:00,1935.64,1937.2,1931.9,1933.19,1471.1043
2023-11-18 08:15:00,1933.19,1934.38,1930.7,1934.38,1223.5299
2023-11-18 08:30:00,1934.38,1941.76,1933.98,1941.02,926.7531
2023-11-18 08:45:00,1941.02,1941.02,1937.49,1938.41,544.9036
2023-11-18 09:00:00,1938.41,1941.26,1937.6,1939.39,554.0685
2023-11-18 09:15:00,1939.39,1941.95,1938.74,1941.4,468.8151
2023-11-18 09:30:00,1941.4,1944.8,1940.65,1944.77,1242.995
2023-11-18 09:45:00,1944.77,1944.77,1939.7,1940.3,1298.0798
2023-11-18 10:00:00,1940.3,1944.32,1939.71,1943.5,1512.6257
2023-11-18 10:15:00,1943.5,1944.05,1942.18,1944.05,1152.9793
2023-11-18 10:30:00,1944.05,1944.09,1939.93,1941.42,1241.9932
2023-11-18 10:45:00,1941.42,1944.77,1939.95,1944.15,1121.5805
2023-11-18 11:00:00,1944.15,1944.47,1941.29,1943.9,1089.3575
2023-11-18 11:15:00,1943.9,1944.8,1940.25,1940.39,1110.3527
2023-11-18 11:30:00,1940.39,1942.31,1939.49,1940.57,912.27
2023-11-18 11:45:00,1940.57,1940.8,1933.64,1934.94,1038.1619
2023-11-18 12:00:00,1934.94,1936.63,1932.18,1934.29,1079.0815
2023-11-18 12:15:00,1934.29,1941.37,1933.97,1940.23,1008.1142
2023-11-18 12:30:00,1940.23,1940.47,1937.54,1940.35,960.2423
2023-11-18 12:45:00,1940.35,1941.48,1939.8,1939.81,885.997
2023-11-18 13:00:00,1939.81,1942.19,1936.01,1936.58,964.3193
2023-11-18 13:15:00,1936.58,1939.14,1930.72,1939.14,1276.2705
2023-11-18 13:30:00,1939.14,1942.35,1934.71,1939.42,1605.6168
2023-11-18 13:45:00,1939.42,1939.77,1935.56,1936.94,1481.0197
2023-11-18 14:00:00,1936.94,1939.76,1935.74,1937.92,869.713
2023-11-18 14:15:00,1937.92,1944.31,1937.86,1942.18,884.3244
2023-11-18 14:30:00,1942.18,1944.14,1939.8,1939.91,859.9824
2023-11-18 14:45:00,1939.91,1943.63,1938.72,1940.05,950.1218
2023-11-18 15:00:00,1940.05,1945.88,1939.6,1945.74,893.8579
2023-11-18 15:15:00,1945.74,1951.8,1944.02,1949.54,1168.5691
2023-11-18 15:30:00,1949.54,1953.74,1945.0,1950.4,1229.6585
2023-11-18 15:45:00,1950.4,1954.79,1948.44,1952.8,1042.5875
2023-11-18 16:00:00,1952.8,1960.67,1952.43,1960.58,1026.1647
2023-11-18 16:15:00,1960.58,1960.66,1954.81,1959.88,1109.4277
2023-11-18 16:30:00,1959.88,1962.44,1954.2,1962.36,827.9157
2023-11-18 16:45:00,1962.36,1964.41,1960.55,1964.09,712.6711
2023-11-18 17:00:00,1964.09,1968.0,1958.96,1966.58,1017.9496
2023-11-18 17:15:00,1966.58,1971.01,1964.81,1967.2,919.8614
2023-11-18 17:30:00,1967.2,1971.12,1965.7,1966.88,1372.9661
2023-11-18 17:45:00,1966.88,1966.88,1964.21,1964.95,1284.2776
2023-11-18 18:00:00,1964.95,1965.91,1961.03,1962.41,1333.4743
2023-11-18 18:15:00,1962.41,1962.67,1957.54,1959.88,989.3717
2023-11-18 18:30:00,1959.88,1962.42,1958.7,1962.24,735.4985
2023-11-18 18:45:00,1962.24,1970.0,1961.85,1967.31,959.8561
2023-11-18 19:00:00,1967.31,1970.03,1965.37,1966.44,1006.0043
2023-11-18 19:15:00,1966.44,1968.56,1964.63,1966.3,964.0081
2023-11-18 19:30:00,1966.3,1966.45,1962.72,1962.92,902.4268
2023-11-18 19:45:00,1962.92,1964.6,1961.38,1963.79,1107.4972
2023-11-18 20:00:00,1963.79,1966.41,1958.84,1960.31,1175.6682
2023-11-18 20:15:00,1960.31,1964.81,1960.18,1962.71,800.8301
2023-11-18 20:30:00,1962.71,1965.14,1962.71,1964.6,425.2856
2023-11-18 20:45:00,1964.6,1965.79,1963.1,1963.61,507.4405
2023-11-18 21:00:00,1963.61,1965.3,1962.24,1963.8,1053.5138
2023-11-18 21:15:00,1963.8,1964.0,1960.79,1961.02,792.6233
2023-11-18 21:30:00,1961.02,1961.74,1959.36,1960.21,909.9665
2023-11-18 21:45:00,1960.21,1961.05,1958.73,1959.98,935.1245
2023-11-18 22:00:00,1959.98,1961.12,1956.36,1956.65,1089.2735
2023-11-18 22:15:00,1956.65,1957.53,1950.57,1955.76,1067.1386
2023-11-18 22:30:00,1955.76,1957.91,1953.47,1956.93,908.3596
2023-11-18 22:45:00,1956.93,1958.62,1956.2,1957.2,626.016
2023-11-18 23:00:00,1957.2,1958.7,1955.86,1957.93,626.4964
2023-11-18 23:15:00,1957.93,1962.59,1957.37,1960.22,611.1187
2023-11-18 23:30:00,1960.22,1963.43,1959.23,1963.29,708.0263
2023-11-18 23:45:00,1963.29,1963.36,1960.9,1962.58,657.4378
2023-11-19 00:00:00,1962.58,1962.85,1956.3,1957.77,728.2717
2023-11-19 00:15:00,1957.77,1960.72,1957.27,1958.38,730.609
2023-11-19 00:30:00,1958.38,1960.46,1956.6,1958.97,1370.6434
2023-11-19 00:45:00,1958.97,1959.23,1951.51,1952.2,1307.6918
2023-11-19 01:00:00,1952.2,1954.29,1950.43,1952.21,1244.6904
2023-11-19 01:15:00,1952.21,1953.28,1947.92,1948.59,1313.1328
2023-11-19 01:30:00,1948.59,1948.9,1944.12,1948.06,1313.5391
2023-11-19 01:45:00,1948.06,1951.54,1948.02,1950.84,1227.1235
2023-11-19 02:00:00,1950.84,1952.1,1947.69,1947.95,1354.2795
2023-11-19 02:15:00,1947.95,1948.24,1943.46,1946.2,1444.0307
2023-11-19 02:30:00,1946.2,1949.75,1946.2,1948.12,752.1281
2023-11-19 02:45:00,1948.12,1950.51,1947.72,1948.41,821.3946
2023-11-19 03:00:00,1948.41,1950.49,1947.95,1950.31,696.3559
2023-11-19 03:15:00,1950.31,1950.52,1945.7,1945.89,683.7544
2023-11-19 03:30:00,1945.89,1955.75,1943.64,1951.65,743.2797
2023-11-19 03:45:00,1951.65,1957.2,1947.7,1955.74,826.6526
2023-11-19 04:00:00,1955.74,1956.89,1953.89,1955.13,554.7659
2023-11-19 04:15:00,1955.13,1955.25,1953.27,1953.46,602.2138
2023-11-19 04:30:00,1953.46,1955.58,1952.74,1953.32,429.8573
2023-11-19 04:45:00,1953.32,1957.69,1953.09,1956.68,421.7643
2023-11-19 05:00:00,1956.68,1960.0,1956.04,1958.67,411.1329
2023-11-19 05:15:00,1958.67,1962.4,1957.04,1962.08,735.9324
2023-11-19 05:30:00,1962.08,1962.08,1957.75,1959.68,881.5809
2023-11-19 05:45:00,1959.68,1960.03,1956.3,1956.78,2685.6646
2023-11-19 06:00:00,1956.78,1962.3,1956.1,1959.99,1066.9439
2023-11-19 06:15:00,1959.99,1960.8,1958.5,1959.5,986.9234
2023-11-19 06:30:00,1959.5,1962.97,1958.86,1962.78,974.7697
2023-11-19 06:45:00,1962.78,1966.4,1961.04,1962.15,988.348
2023-11-19 07:00:00,1962.15,1964.9,1960.83,1964.46,951.5435
2023-11-19 07:15:00,1964.46,1965.17,1962.15,1962.2,847.4039
2023-11-19 07:30:00,1962.2,1963.62,1960.86,1963.15,1002.2497
2023-11-19 07:45:00,1963.15,1963.3,1960.91,1961.76,943.6666
2023-11-19 08:00:00,1961.76,1964.37,1960.42,1964.08,668.6689
2023-11-19 08:15:00,1964.08,1966.47,1962.7,1964.4,1422.4965
2023-11-19 08:30:00,1964.4,1964.47,1960.27,1960.35,1320.3461
2023-11-19 08:45:00,1960.35,1960.38,1958.07,1958.4,1274.639
2023-11-19 09:00:00,1958.4,1959.16,1956.98,1957.35,1421.2627
2023-11-19 09:15:00,1957.35,1960.96,1957.17,1960.95,1393.9688
2023-11-19 09:30:00,1960.95,1964.36,1959.82,1964.36,1122.5998
2023-11-19 09:45:00,1964.36,1964.59,1960.83,1962.68,724.2189
2023-11-19 10:00:00,1962.68,1963.03,1958.87,1959.29,1210.6075
2023-11-19 10:15:00,1959.29,1960.57,1957.73,1958.12,1130.0587
2023-11-19 10:30:00,1958.12,1959.94,1958.0,1959.93,519.1837
2023-11-19 10:45:00,1959.93,1960.51,1957.6,1957.61,590.8379
2023-11-19 11:00:00,1957.61,1957.61,1951.37,1951.74,807.497
2023-11-19 11:15:00,1951.74,1953.19,1946.15,1947.22,1116.4001
2023-11-19 11:30:00,1947.22,1951.4,1946.11,1951.35,1603.3054
2023-11-19 11:45:00,1951.35,1953.13,1949.78,1951.93,1760.3284
2023-11-19 12:00:00,1951.93,1953.1,1950.04,1951.95,1872.8186
2023-11-19 12:15:00,1951.95,1952.24,1945.3,1947.36,1080.4112
2023-11-19 12:30:00,1947.36,1950.88,1945.27,1949.67,767.3746
2023-11-19 12:45:00,1949.67,1953.91,1949.33,1953.1,1203.1236
2023-11-19 13:00:00,1953.1,1955.63,1952.0,1952.57,1020.7142
2023-11-19 13:15:00,1952.57,1953.79,1950.97,1953.27,766.5497
2023-11-19 13:30:00,1953.27,1955.3,1952.45,1954.34,574.6885
2023-11-19 13:45:00,1954.34,1954.34,1952.73,1952.99,524.9593
2023-11-19 14:00:00,1952.99,1952.99,1947.5,1949.93,698.7372
2023-11-19 14:15:00,1949.93,1956.06,1949.21,1954.7,598.3308
2023-11-27 22:15:00,2013.2,2017.42,2011.91,2017.11,1092.0126
2023-11-27 22:30:00,2017.11,2018.65,2016.02,2017.51,1223.7458
2023-11-27 22:45:00,2017.51,2022.4,2017.48,2020.38,1187.8569
2023-11-27 23:00:00,2020.38,2025.96,2020.28,2024.53,1071.65
2023-11-27 23:15:00,2024.53,2028.29,2023.56,2027.68,736.9109
2023-11-27 23:30:00,2027.68,2029.81,2026.63,2027.32,675.6067
2023-11-27 23:45:00,2027.32,2029.08,2025.15,2027.55,819.0873
2023-11-28 00:00:00,2027.55,2028.38,2024.51,2024.9,652.8685
2023-11-28 00:15:00,2024.9,2033.73,2022.8,2032.42,1322.0538
2023-11-28 00:30:00,2032.42,2040.41,2032.42,2037.77,1064.1489
2023-11-28 00:45:00,2037.77,2038.17,2032.86,2033.7,939.1636
2023-11-28 01:00:00,2033.7,2034.29,2030.16,2031.88,727.1559
2023-11-28 01:15:00,2031.88,2032.12,2024.88,2025.21,708.4555
2023-11-28 01:30:00,2025.21,2027.68,2024.53,2026.52,729.6547
2023-11-28 01:45:00,2026.52,2029.33,2026.14,2026.7,721.8108
2023-11-28 02:00:00,2026.7,2026.97,2020.47,2021.92,913.1051
2023-11-28 02:15:00,2021.92,2026.7,2021.13,2025.36,1231.7875
2023-11-28 02:30:00,2025.36,2028.19,2023.73,2028.03,968.3233
2023-11-28 02:45:00,2028.03,2029.4,2025.75,2026.55,1000.5276
2023-11-28 03:00:00,2026.55,2028.49,2025.21,2025.99,848.3157
2023-11-28 03:15:00,2025.99,2028.72,2024.0,2028.71,1187.6002
2023-11-28 03:30:00,2028.71,2031.99,2025.24,2025.24,1292.8305
2023-11-28 03:45:00,2025.24,2027.52,2023.54,2027.12,1265.4716
2023-11-28 04:00:00,2027.12,2029.72,2025.48,2027.64,1452.9489
2023-11-28 04:15:00,2027.64,2028.99,2024.45,2024.59,814.7216
2023-11-28 04:30:00,2024.59,2025.37,2021.99,2022.32,538.2615
2023-11-28 04:45:00,2022.32,2022.73,2017.53,2019.02,799.5356
2023-11-28 05:00:00,2019.02,2020.06,2009.26,2010.18,802.4614
2023-11-28 05:15:00,2010.18,2011.95,2005.92,2008.28,1603.8668
2023-11-28 05:30:00,2008.28,2008.35,2002.07,2002.94,1719.917
2023-11-28 05:45:00,2002.94,2005.05,1997.71,1997.71,1315.1973
2023-11-28 06:00:00,1997.71,2004.54,1995.31,2004.09,1638.9436
2023-11-28 06:15:00,2004.09,2011.23,2003.52,2008.14,905.7622
2023-11-28 06:30:00,2008.14,2014.41,2008.0,2011.4,1131.098
2023-11-28 06:45:00,2011.4,2014.61,2009.36,2013.5,853.6956
2023-11-28 07:00:00,2013.5,2014.08,2008.83,2009.07,887.3578
2023-11-28 07:15:00,2009.07,2010.39,2002.53,2003.82,1080.3252
2023-11-28 07:30:00,2003.82,2010.58,2003.48,2009.96,1220.0282
2023-11-28 07:45:00,2009.96,2016.99,2007.69,2014.62,1161.275
2023-11-28 08:00:00,2014.62,2015.75,2008.76,2009.14,1291.9488
2023-11-28 08:15:00,2009.14,2010.56,2007.66,2009.79,738.4334
2023-11-28 08:30:00,2009.79,2015.34,2008.64,2009.57,744.2087
2023-11-28 08:45:00,2009.57,2010.19,2005.5,2006.13,863.3812
2023-11-28 09:00:00,2006.13,2009.3,2005.61,2008.78,562.5055
2023-11-28 09:15:00,2008.78,2014.18,2008.78,2014.18,699.3375
2023-11-28 09:30:00,2014.18,2019.15,2011.86,2019.06,724.3446
2023-11-28 09:45:00,2019.06,2020.57,2017.44,2018.44,874.6921
2023-11-28 10:00:00,2018.44,2019.23,2014.56,2016.77,604.7322
2023-11-28 10:15:00,2016.77,2019.81,2014.5,2015.23,744.2431
2023-11-28 10:30:00,2015.23,2019.63,2015.12,2016.49,944.1957
2023-11-28 10:45:00,2016.49,2021.0,2013.86,2020.65,943.1477
2023-11-28 11:00:00,2020.65,2022.44,2018.23,2019.56,987.3799
2023-11-28 11:15:00,2019.56,2025.16,2018.71,2023.46,538.5
2023-11-28 11:30:00,2023.46,2026.92,2023.19,2025.4,686.4695
2023-11-28 11:45:00,2025.4,2028.83,2024.0,2028.05,562.5604
2023-11-28 12:00:00,2028.05,2028.99,2022.76,2022.98,564.0767
2023-11-28 12:15:00,2022.98,2024.97,2021.93,2024.69,688.0475
2023-11-28 12:30:00,2024.69,2027.21,2023.08,2025.71,853.9966
2023-11-28 12:45:00,2025.71,2025.88,2021.4,2022.64,644.2767
2023-11-28 13:00:00,2022.64,2022.88,2019.21,2022.45,752.6515
2023-11-28 13:15:00,2022.45,2028.91,2022.12,2028.85,1313.307
2023-11-28 13:30:00,2028.85,2034.18,2028.85,2030.74,1808.2735
2023-11-28 13:45:00,2030.74,2036.52,2028.3,2034.91,1501.6387
2023-11-28 14:00:00,2034.91,2035.97,2031.32,2034.71,1318.4361
2023-11-28 14:15:00,2034.71,2036.51,2032.12,2035.62,1189.0336
2023-11-28 14:30:00,2035.62,2041.59,2032.38,2035.98,1337.8156
2023-11-28 14:45:00,2035.98,2037.96,2030.32,2031.25,1169.2411
2023-11-28 15:00:00,2031.25,2035.45,2029.79,2031.68,1191.9369
2023-11-28 15:15:00,2031.68,2034.54,2029.42,2029.43,1048.6089
2023-11-28 15:30:00,2029.43,2039.29,2024.83,2035.13,1301.6457
2023-11-28 15:45:00,2035.13,2039.3,2032.14,2036.48,988.1288
2023-11-28 16:00:00,2036.48,2041.54,2035.26,2037.63,1123.4007
2023-11-28 16:15:00,2037.63,2043.66,2036.92,2039.4,805.6357
2023-11-28 16:30:00,2039.4,2057.04,2039.4,2052.36,865.1293
2023-11-28 16:45:00,2052.36,2063.2,2052.36,2057.29,1317.7229
2023-11-28 17:00:00,2057.29,2060.9,2050.17,2055.44,896.0732
2023-11-28 17:15:00,2055.44,2074.36,2055.44,2067.12,1644.8605
2023-11-28 17:30:00,2067.12,2075.0,2066.77,2073.28,1932.4417
2023-11-28 17:45:00,2073.28,2075.0,2068.41,2071.98,1609.2768
2023-11-28 18:00:00,2071.98,2072.96,2061.07,2064.45,1265.6318
2023-11-28 18:15:00,2064.45,2066.21,2058.93,2062.41,1094.8727
2023-11-28 18:30:00,2062.41,2064.23,2059.31,2061.11,896.4228
2023-11-28 18:45:00,2061.11,2063.06,2051.36,2057.05,1616.2169
2023-11-28 19:00:00,2057.05,2062.2,2055.46,2059.17,1157.1596
2023-11-28 19:15:00,2059.17,2061.52,2057.93,2059.23,783.9562
2023-11-28 19:30:00,2059.23,2068.4,2057.05,2066.02,795.5949
2023-11-28 19:45:00,2066.02,2066.22,2057.63,2059.04,1103.0234
2023-11-28 20:00:00,2059.04,2061.77,2056.34,2061.77,904.7704
2023-11-28 20:15:00,2061.77,2062.19,2056.1,2056.21,1997.9446
2023-11-28 20:30:00,2056.21,2060.96,2054.4,2059.73,1533.8322
2023-11-28 20:45:00,2059.73,2065.04,2059.41,2062.65,1616.1877
2023-11-28 21:00:00,2062.65,2064.09,2059.38,2061.55,1548.8829
2023-11-28 21:15:00,2061.55,2064.03,2060.51,2060.99,750.5394
2023-11-28 21:30:00,2060.99,2061.82,2054.76,2054.9,1210.2981
2023-11-28 21:45:00,2054.9,2056.73,2052.39,2053.63,1158.2222
2023-11-28 22:00:00,2053.63,2055.55,2052.33,2055.11,1316.5639
2023-11-28 22:15:00,2055.11,2057.77,2054.28,2055.9,1779.4885
2023-11-28 22:30:00,2055.9,2057.0,2053.92,2054.9,1567.4787
2023-11-28 22:45:00,2054.9,2054.91,2043.15,2048.92,1952.5922
2023-11-28 23:00:00,2048.92,2053.8,2047.76,2052.61,1875.1211
2023-11-28 23:15:00,2052.61,2052.9,2051.01,2051.9,1451.4013
2023-11-28 23:30:00,2051.9,2052.58,2043.69,2047.77,1723.9249
2023-11-28 23:45:00,2047.77,2048.79,2045.05,2048.18,1851.4629
2023-11-29 00:00:00,2048.18,2048.72,2039.13,2040.39,1901.1078
2023-11-29 00:15:00,2040.39,2044.07,2039.18,2043.98,884.339
2023-11-29 00:30:00,2043.98,2048.0,2043.78,2047.99,683.7742
2023-11-29 00:45:00,2047.99,2050.9,2046.98,2050.61,845.6058
2023-11-29 01:00:00,2050.61,2055.74,2050.61,2054.71,669.1321
2023-11-29 01:15:00,2054.71,2056.34,2051.38,2055.87,1030.5667
2023-11-29 01:30:00,2055.87,2057.57,2052.56,2056.17,1188.0803
2023-11-29 01:45:00,2056.17,2056.7,2050.49,2050.5,1030.7636
2023-11-29 02:00:00,2050.5,2051.25,2047.0,2050.9,1153.2158
2023-11-29 02:15:00,2050.9,2052.93,2048.98,2050.96,2069.4298
2023-11-29 02:30:00,2050.96,2051.15,2047.25,2050.42,1948.0144
2023-11-29 02:45:00,2050.42,2051.89,2048.07,2049.49,1849.9963
2023-11-29 03:00:00,2049.49,2052.68,2048.41,2052.25,1684.6482
2023-11-29 03:15:00,2052.25,2054.29,2051.44,2051.5,1686.7541
2023-11-29 03:30:00,2051.5,2052.3,2048.58,2049.8,854.5694
2023-11-29 03:45:00,2049.8,2053.25,2048.64,2053.22,1075.0029
2023-11-29 04:00:00,2053.22,2054.27,2052.41,2054.26,703.7325
2023-11-29 04:15:00,2054.26,2054.33,2050.06,2050.07,593.0032
2023-11-29 04:30:00,2050.07,2052.36,2049.95,2051.8,509.495
2023-11-29 04:45:00,2051.8,2055.26,2051.19,2054.48,722.2008
2023-11-29 05:00:00,2054.48,2056.41,2054.48,2054.76,547.6091
2023-11-29 05:15:00,2054.76,2054.81,2052.21,2054.05,408.3704
2023-11-29 05:30:00,2054.05,2054.06,2047.71,2049.79,639.3102
2023-11-29 05:45:00,2049.79,2053.61,2049.76,2053.61,553.1137
2023-11-29 06:00:00,2053.61,2054.4,2052.5,2053.11,589.6793
2023-11-29 06:15:00,2053.11,2053.22,2050.27,2051.79,751.2894
2023-11-29 06:30:00,2051.79,2059.75,2051.3,2058.79,863.6736
2023-11-29 06:45:00,2058.79,2063.54,2056.55,2062.05,1008.5557
2023-11-29 07:00:00,2062.05,2062.37,2058.38,2060.36,703.5666
2023-11-29 07:15:00,2060.36,2061.3,2057.66,2061.3,874.4427
2023-11-29 07:30:00,2061.3,2061.3,2054.78,2058.05,898.6865
2023-11-29 07:45:00,2058.05,2060.05,2056.43,2057.32,961.7779
2023-11-29 08:00:00,2057.32,2059.33,2056.85,2057.82,935.5308
2023-11-29 08:15:00,2057.82,2058.63,2054.52,2058.3,1044.7318
2023-11-29 08:30:00,2058.3,2062.9,2056.69,2062.35,1264.1743
2023-11-29 08:45:00,2062.35,2071.42,2061.69,2071.05,1058.9201
2023-11-29 09:00:00,2071.05,2071.4,2067.32,2068.25,1317.9781
2023-11-29 09:15:00,2068.25,2071.43,2065.4,2065.4,739.4778
2023-11-29 09:30:00,2065.4,2068.54,2062.0,2066.17,666.819
2023-11-29 09:45:00,2066.17,2074.69,2063.3,2066.24,1043.7174
2023-11-29 10:00:00,2066.24,2066.72,2060.35,2064.55,730.7862
2023-11-29 10:15:00,2064.55,2064.87,2055.6,2055.93,1077.2415
2023-11-29 10:30:00,2055.93,2058.27,2045.5,2045.53,1167.5606
2023-11-29 10:45:00,2045.53,2049.35,2045.14,2048.18,1327.5126
2023-11-29 11:00:00,2048.18,2053.0,2045.85,2052.86,1148.8182
2023-11-29 11:15:00,2052.86,2054.99,2051.6,2053.23,896.5763
2023-11-29 11:30:00,2053.23,2056.93,2051.8,2055.02,711.6255
2023-11-29 11:45:00,2055.02,2056.29,2052.61,2052.77,624.2921
2023-11-29 12:00:00,2052.77,2054.95,2051.4,2051.86,651.5537
2023-11-29 12:15:00,2051.86,2057.21,2050.26,2057.1,946.3077
2023-11-29 12:30:00,2057.1,2060.48,2055.8,2055.88,894.197
2023-11-29 12:45:00,2055.88,2058.05,2053.56,2053.94,1021.9865
2023-11-29 13:00:00,2053.94,2059.32,2053.82,2058.17,699.3135
2023-11-29 13:15:00,2058.17,2059.43,2054.43,2054.98,628.6321
2023-11-29 13:30:00,2054.98,2061.7,2053.35,2053.36,629.8134
2023-11-29 13:45:00,2053.36,2056.32,2052.09,2053.66,482.1809
2023-11-29 14:00:00,2053.66,2058.58,2051.99,2056.78,233.9856
2023-11-29 14:15:00,2056.78,2057.08,2049.31,2051.93,353.4055
2023-11-29 14:30:00,2051.93,2052.54,2042.94,2045.42,479.0458
2023-11-29 14:45:00,2045.42,2045.54,2033.03,2036.37,570.2082
2023-11-29 15:00:00,2036.37,2040.28,2023.13,2024.56,626.8158
2023-11-29 15:15:00,2024.56,2028.02,2020.35,2027.34,469.7914
2023-11-29 15:30:00,2027.34,2035.01,2023.9,2031.43,552.9996
2023-11-29 15:45:00,2031.43,2034.35,2029.63,2031.54,524.6911
2023-11-29 16:00:00,2031.54,2034.04,2024.16,2024.71,867.3437
2023-11-29 16:15:00,2024.71,2027.95,2019.88,2024.0,1210.8365
2023-11-29 16:30:00,2024.0,2026.67,2019.33,2025.33,890.649
2023-11-29 16:45:00,2025.33,2029.31,2024.36,2025.74,787.5281
2023-11-29 17:00:00,2025.74,2025.78,2020.84,2024.01,703.6796
2023-11-29 17:15:00,2024.01,2024.65,2020.47,2024.65,832.8866
2023-11-29 17:30:00,2024.65,2030.73,2024.65,2030.64,872.7743
2023-11-29 17:45:00,2030.64,2037.78,2030.62,2032.89,553.2365
2023-11-29 18:00:00,2032.89,2034.13,2029.35,2029.35,501.7758
2023-11-29 18:15:00,2029.35,2034.13,2028.55,2033.56,584.0505
2023-11-29 18:30:00,2033.56,2037.4,2030.92,2034.73,480.659
2023-11-29 18:45:00,2034.73,2037.78,2033.42,2037.32,520.8786
2023-11-29 19:00:00,2037.32,2042.14,2036.08,2040.0,608.1009
2023-11-29 19:15:00,2040.0,2041.46,2035.21,2036.07,525.0083
2023-11-29 19:30:00,2036.07,2036.58,2033.23,2036.02,554.2089
2023-11-29 19:45:00,2036.02,2039.29,2035.32,2038.86,413.4269
2023-11-29 20:00:00,2038.86,2040.0,2035.21,2035.27,558.8532
2023-11-29 20:15:00,2035.27,2035.55,2029.69,2031.12,585.3791
2023-11-29 20:30:00,2031.12,2031.13,2020.11,2025.24,622.0921
2023-11-29 20:45:00,2025.24,2026.89,2023.02,2025.69,547.7599
2023-11-29 21:00:00,2025.69,2030.35,2022.56,2028.18,416.516
2023-11-29 21:15:00,2028.18,2029.8,2026.7,2028.8,418.7158
2023-11-29 21:30:00,2028.8,2029.33,2025.02,2025.6,522.5212
2023-11-29 21:45:00,2025.6,2029.03,2025.26,2029.03,447.0519
2023-11-29 22:00:00,2029.03,2032.19,2029.03,2032.18,467.2567
2023-11-29 22:15:00,2032.18,2032.53,2028.4,2030.43,452.5047
2023-11-29 22:30:00,2030.43,2032.06,2029.15,2031.58,412.0388
2023-11-29 22:45:00,2031.58,2031.59,2029.07,2029.07,610.5912
2023-11-29 23:00:00,2029.07,2030.25,2024.98,2029.56,869.2016
2023-11-29 23:15:00,2029.56,2029.93,2025.35,2028.98,751.1522
2023-11-29 23:30:00,2028.98,2030.85,2028.55,2030.85,709.018
2023-11-29 23:45:00,2030.85,2031.14,2025.9,2028.8,662.4423
2023-11-30 00:00:00,2028.8,2029.75,2026.34,2027.32,531.9769
2023-12-08 08:00:00,2352.85,2355.91,2349.11,2353.01,1665.1047
2023-12-08 08:15:00,2353.01,2357.42,2349.37,2355.89,1626.3103
2023-12-08 08:30:00,2355.89,2358.33,2355.83,2358.08,899.5932
2023-12-08 08:45:00,2358.08,2358.08,2350.45,2351.3,1538.8768
2023-12-08 09:00:00,2351.3,2357.18,2350.84,2352.69,1196.5607
2023-12-08 09:15:00,2352.69,2356.51,2351.41,2351.43,869.0463
2023-12-08 09:30:00,2351.43,2356.2,2351.39,2353.64,877.2592
2023-12-08 09:45:00,2353.64,2355.04,2346.0,2347.35,1055.893
2023-12-08 10:00:00,2347.35,2354.19,2346.58,2353.79,682.675
2023-12-08 10:15:00,2353.79,2359.33,2349.69,2357.29,681.0738
2023-12-08 10:30:00,2357.29,2358.83,2352.27,2358.83,561.0552
2023-12-08 10:45:00,2358.83,2359.94,2356.48,2357.83,345.7344
2023-12-08 11:00:00,2357.83,2362.16,2355.11,2362.16,496.405
2023-12-08 11:15:00,2362.16,2367.6,2361.05,2365.54,358.1987
2023-12-08 11:30:00,2365.54,2373.09,2364.11,2371.79,526.9644
2023-12-08 11:45:00,2371.79,2371.79,2364.16,2365.8,776.6113
2023-12-08 12:00:00,2365.8,2366.29,2361.41,2362.28,760.9747
2023-12-08 12:15:00,2362.28,2368.04,2360.86,2365.8,732.0981
2023-12-08 12:30:00,2365.8,2368.87,2363.72,2367.39,765.5594
2023-12-08 12:45:00,2367.39,2367.58,2362.25,2362.37,749.4257
2023-12-08 13:00:00,2362.37,2363.07,2357.16,2360.12,895.6218
2023-12-08 13:15:00,2360.12,2360.65,2357.53,2357.58,734.083
2023-12-08 13:30:00,2357.58,2357.58,2338.54,2350.01,1298.0419
2023-12-08 13:45:00,2350.01,2351.03,2342.86,2343.86,860.8707
2023-12-08 14:00:00,2343.86,2349.98,2339.13,2341.06,793.3661
2023-12-08 14:15:00,2341.06,2352.11,2341.06,2348.89,908.1408
2023-12-08 14:30:00,2348.89,2362.0,2346.21,2361.59,1041.7907
2023-12-08 14:45:00,2361.59,2368.32,2357.14,2363.93,1274.5065
2023-12-08 15:00:00,2363.93,2376.34,2363.93,2365.41,1336.7426
2023-12-08 15:15:00,2365.41,2366.57,2358.13,2360.13,1086.9045
2023-12-08 15:30:00,2360.13,2360.57,2356.0,2359.41,913.1681
2023-12-08 15:45:00,2359.41,2359.42,2344.13,2346.09,977.0146
2023-12-08 16:00:00,2346.09,2355.36,2345.6,2354.83,804.9976
2023-12-08 16:15:00,2354.83,2359.66,2353.06,2355.85,573.3577
2023-12-08 16:30:00,2355.85,2359.83,2355.17,2358.95,553.5189
2023-12-08 16:45:00,2358.95,2361.11,2351.91,2355.26,690.5917
2023-12-08 17:00:00,2355.26,2356.65,2345.32,2346.94,798.3239
2023-12-08 17:15:00,2346.94,2350.09,2345.0,2345.38,1015.321
2023-12-08 17:30:00,2345.38,2350.92,2341.0,2350.74,1033.065
2023-12-08 17:45:00,2350.74,2353.36,2349.11,2350.23,863.2933
2023-12-08 18:00:00,2350.23,2352.74,2348.0,2352.56,821.2785
2023-12-08 18:15:00,2352.56,2356.63,2351.89,2353.14,948.1542
2023-12-08 18:30:00,2353.14,2353.74,2349.76,2350.56,792.4781
2023-12-08 18:45:00,2350.56,2353.46,2345.44,2345.45,991.6474
2023-12-08 19:00:00,2345.45,2350.0,2345.36,2349.96,802.1935
2023-12-08 19:15:00,2349.96,2352.65,2348.8,2350.77,673.1808
2023-12-08 19:30:00,2350.77,2355.0,2349.7,2354.99,764.0542
2023-12-08 19:45:00,2354.99,2355.88,2351.2,2352.88,915.5401
2023-12-08 20:00:00,2352.88,2357.91,2352.01,2355.87,695.3553
2023-12-08 20:15:00,2355.87,2359.59,2355.83,2356.88,712.3191
2023-12-08 20:30:00,2356.88,2362.99,2355.84,2362.14,629.8406
2023-12-08 20:45:00,2362.14,2367.82,2358.99,2365.46,693.0536
2023-12-08 21:00:00,2365.46,2366.47,2360.92,2362.18,947.2886
2023-12-08 21:15:00,2362.18,2376.23,2362.06,2371.94,703.312
2023-12-08 21:30:00,2371.94,2376.12,2362.03,2366.11,783.8397
2023-12-08 21:45:00,2366.11,2368.61,2361.11,2367.92,655.1675
2023-12-08 22:00:00,2367.92,2371.86,2366.85,2368.03,566.0728
2023-12-08 22:15:00,2368.03,2371.67,2364.73,2365.97,531.1628
2023-12-08 22:30:00,2365.97,2366.37,2362.64,2364.09,719.7054
2023-12-08 22:45:00,2364.09,2367.38,2363.0,2363.77,1114.6436
2023-12-08 23:00:00,2363.77,2365.71,2359.11,2361.06,1121.8711
2023-12-08 23:15:00,2361.06,2363.19,2359.67,2362.97,860.1423
2023-12-08 23:30:00,2362.97,2363.61,2354.34,2355.35,1777.8304
2023-12-08 23:45:00,2355.35,2360.29,2353.97,2358.8,1261.9085
2023-12-09 00:00:00,2358.8,2363.25,2358.36,2362.62,873.3209
2023-12-09 00:15:00,2362.62,2364.98,2360.86,2364.98,847.6828
2023-12-09 00:30:00,2364.98,2365.63,2362.47,2365.01,715.7544
2023-12-09 00:45:00,2365.01,2366.5,2362.46,2362.46,669.895
2023-12-09 01:00:00,2362.46,2363.27,2350.21,2351.28,1167.9841
2023-12-09 01:15:00,2351.28,2354.35,2351.18,2352.13,915.9292
2023-12-09 01:30:00,2352.13,2355.99,2350.16,2354.25,764.5214
2023-12-09 01:45:00,2354.25,2355.8,2352.0,2354.39,923.0073
2023-12-09 02:00:00,2354.39,2355.63,2351.65,2352.16,889.1245
2023-12-09 02:15:00,2352.16,2354.35,2349.53,2353.01,989.6522
2023-12-09 02:30:00,2353.01,2354.18,2351.16,2351.3,679.0929
2023-12-09 02:45:00,2351.3,2354.02,2351.09,2352.5,829.8666
2023-12-09 03:00:00,2352.5,2357.36,2352.48,2356.16,818.1513
2023-12-09 03:15:00,2356.16,2362.68,2356.16,2362.68,1340.9094
2023-12-09 03:30:00,2362.68,2363.59,2357.29,2357.86,870.5121
2023-12-09 03:45:00,2357.86,2360.28,2356.01,2360.27,987.5314
2023-12-09 04:00:00,2360.27,2363.46,2359.47,2359.87,1157.4362
2023-12-09 04:15:00,2359.87,2364.4,2359.75,2364.39,734.2635
2023-12-09 04:30:00,2364.39,2366.14,2362.2,2363.01,695.9794
2023-12-09 04:45:00,2363.01,2368.55,2362.89,2367.82,982.491
2023-12-09 05:00:00,2367.82,2372.72,2367.82,2369.24,710.7828
2023-12-09 05:15:00,2369.24,2371.14,2367.49,2369.3,757.0197
2023-12-09 05:30:00,2369.3,2370.17,2365.43,2366.78,948.9688
2023-12-09 05:45:00,2366.78,2367.84,2365.44,2367.07,1053.8945
2023-12-09 06:00:00,2367.07,2374.95,2367.0,2370.0,1029.2415
2023-12-09 06:15:00,2370.0,2372.13,2369.7,2371.12,750.2778
2023-12-09 06:30:00,2371.12,2374.24,2370.46,2373.71,695.3869
2023-12-09 06:45:00,2373.71,2379.57,2368.58,2370.49,657.0312
2023-12-09 07:00:00,2370.49,2386.68,2367.93,2381.64,600.5749
2023-12-09 07:15:00,2381.64,2384.0,2374.81,2376.73,641.0507
2023-12-09 07:30:00,2376.73,2379.57,2374.03,2378.61,573.1086
2023-12-09 07:45:00,2378.61,2384.94,2377.21,2383.18,600.7293
2023-12-09 08:00:00,2383.18,2389.76,2380.68,2387.51,929.8336
2023-12-09 08:15:00,2387.51,2403.0,2387.49,2400.18,1120.7947
2023-12-09 08:30:00,2400.18,2400.19,2357.79,2362.76,1338.2541
2023-12-09 08:45:00,2362.76,2371.55,2359.44,2362.05,1473.4981
2023-12-09 09:00:00,2362.05,2366.42,2355.01,2364.41,971.9869
2023-12-09 09:15:00,2364.41,2374.3,2362.91,2372.33,1175.216
2023-12-09 09:30:00,2372.33,2374.0,2359.34,2359.35,1456.4669
2023-12-09 09:45:00,2359.35,2362.45,2355.57,2358.15,1752.1115
2023-12-09 10:00:00,2358.15,2362.0,2358.04,2361.97,704.2815
2023-12-09 10:15:00,2361.97,2362.89,2352.44,2355.23,925.3769
2023-12-09 10:30:00,2355.23,2360.62,2352.98,2359.18,857.6675
2023-12-09 10:45:00,2359.18,2361.79,2357.82,2359.59,904.7131
2023-12-09 11:00:00,2359.59,2360.78,2353.42,2353.56,1012.3723
2023-12-09 11:15:00,2353.56,2354.31,2349.08,2350.15,934.3323
2023-12-09 11:30:00,2350.15,2355.45,2349.38,2353.16,1028.1544
2023-12-09 11:45:00,2353.16,2357.76,2351.47,2356.33,972.3036
2023-12-09 12:00:00,2356.33,2361.43,2354.91,2358.37,946.8266
2023-12-09 12:15:00,2358.37,2359.64,2350.82,2352.82,985.4902
2023-12-09 12:30:00,2352.82,2353.97,2350.27,2351.01,851.593
2023-12-09 12:45:00,2351.01,2358.89,2351.0,2358.54,751.8519
2023-12-09 13:00:00,2358.54,2359.86,2355.34,2355.81,1046.0728
2023-12-09 13:15:00,2355.81,2356.1,2352.01,2352.01,1051.3022
2023-12-09 13:30:00,2352.01,2355.87,2350.16,2351.98,1184.6229
2023-12-09 13:45:00,2351.98,2360.0,2351.49,2359.47,976.8319
2023-12-09 14:00:00,2359.47,2368.64,2357.87,2365.7,1097.3943
2023-12-09 14:15:00,2365.7,2368.48,2364.01,2366.69,1041.2821
2023-12-09 14:30:00,2366.69,2366.69,2341.78,2348.13,1259.6616
2023-12-09 14:45:00,2348.13,2352.33,2337.1,2351.9,795.9806
2023-12-09 15:00:00,2351.9,2355.27,2347.63,2348.39,818.9921
2023-12-09 15:15:00,2348.39,2353.85,2348.39,2352.2,575.4963
2023-12-09 15:30:00,2352.2,2358.91,2351.23,2358.24,621.0117
2023-12-09 15:45:00,2358.24,2366.62,2357.59,2362.67,513.8995
2023-12-09 16:00:00,2362.67,2365.67,2361.0,2361.3,823.1373
2023-12-09 16:15:00,2361.3,2362.94,2346.43,2351.35,1061.5433
2023-12-09 16:30:00,2351.35,2355.95,2349.05,2354.66,1161.3899
2023-12-09 16:45:00,2354.66,2358.08,2351.58,2355.22,964.1542
2023-12-09 17:00:00,2355.22,2355.26,2342.18,2343.64,1034.6321
2023-12-09 17:15:00,2343.64,2349.97,2343.64,2347.64,1083.834
2023-12-09 17:30:00,2347.64,2353.28,2345.87,2348.76,904.8889
2023-12-09 17:45:00,2348.76,2352.5,2347.67,2348.01,1079.8472
2023-12-09 18:00:00,2348.01,2352.56,2347.41,2350.63,1142.1717
2023-12-09 18:15:00,2350.63,2355.53,2350.63,2354.34,1138.4215
2023-12-09 18:30:00,2354.34,2360.12,2354.34,2360.02,879.1952
2023-12-09 18:45:00,2360.02,2360.47,2358.0,2358.79,1032.6134
2023-12-09 19:00:00,2358.79,2360.44,2355.6,2360.26,938.59
2023-12-09 19:15:00,2360.26,2360.27,2356.97,2358.2,792.1745
2023-12-09 19:30:00,2358.2,2360.54,2357.09,2358.18,828.1433
2023-12-09 19:45:00,2358.18,2358.99,2356.0,2357.51,681.5594
2023-12-09 20:00:00,2357.51,2358.05,2355.0,2355.08,684.7098
2023-12-09 20:15:00,2355.08,2355.81,2349.67,2349.76,445.2644
2023-12-09 20:30:00,2349.76,2354.07,2346.43,2353.6,397.9865
2023-12-09 20:45:00,2353.6,2353.99,2351.28,2352.98,710.6592
2023-12-09 21:00:00,2352.98,2352.99,2344.81,2344.87,628.1356
2023-12-09 21:15:00,2344.87,2349.19,2344.1,2348.23,649.2885
2023-12-09 21:30:00,2348.23,2357.75,2348.22,2356.58,530.9311
2023-12-09 21:45:00,2356.58,2356.58,2353.4,2354.56,644.1342
2023-12-09 22:00:00,2354.56,2362.45,2353.69,2361.86,556.379
2023-12-09 22:15:00,2361.86,2362.02,2358.7,2359.53,554.3318
2023-12-09 22:30:00,2359.53,2360.66,2357.62,2358.48,568.0782
2023-12-09 22:45:00,2358.48,2358.51,2353.07,2353.39,520.7637
2023-12-09 23:00:00,2353.39,2357.32,2352.95,2354.7,528.8003
2023-12-09 23:15:00,2354.7,2356.56,2343.84,2344.86,604.5773
2023-12-09 23:30:00,2344.86,2346.88,2329.04,2336.37,935.2041
2023-12-09 23:45:00,2336.37,2341.18,2333.69,2340.64,677.2373
2023-12-10 00:00:00,2340.64,2344.98,2339.92,2342.54,545.467
2023-12-10 00:15:00,2342.54,2346.63,2342.46,2345.94,298.9362
2023-12-10 00:30:00,2345.94,2348.0,2344.93,2347.61,338.0026
2023-12-10 00:45:00,2347.61,2353.22,2347.07,2351.48,377.2555
2023-12-10 01:00:00,2351.48,2352.23,2346.96,2347.65,333.4596
2023-12-10 01:15:00,2347.65,2354.76,2345.96,2354.27,346.7111
2023-12-10 01:30:00,2354.27,2354.8,2349.21,2351.04,648.9181
2023-12-10 01:45:00,2351.04,2351.05,2348.78,2349.18,534.8143
2023-12-10 02:00:00,2349.18,2351.81,2344.82,2344.84,664.7274
2023-12-10 02:15:00,2344.84,2347.1,2344.0,2344.01,655.6426
2023-12-10 02:30:00,2344.01,2347.36,2343.24,2346.22,525.7879
2023-12-10 02:45:00,2346.22,2348.49,2344.48,2345.53,451.7727
2023-12-10 03:00:00,2345.53,2349.07,2345.25,2347.82,367.1617
2023-12-10 03:15:00,2347.82,2349.2,2345.33,2347.65,451.4827
2023-12-10 03:30:00,2347.65,2351.11,2347.64,2350.32,704.6696
2023-12-10 03:45:00,2350.32,2351.64,2348.82,2351.25,633.0596
2023-12-10 04:00:00,2351.25,2351.64,2349.72,2349.81,703.7296
2023-12-10 04:15:00,2349.81,2352.95,2348.68,2352.93,481.3263
2023-12-10 04:30:00,2352.93,2354.78,2352.56,2354.39,541.2894
2023-12-10 04:45:00,2354.39,2354.76,2352.74,2354.62,606.4208
2023-12-10 05:00:00,2354.62,2355.0,2351.72,2352.67,691.9937
2023-12-10 05:15:00,2352.67,2354.59,2352.07,2354.17,719.37
2023-12-10 05:30:00,2354.17,2357.02,2353.83,2355.33,757.3054
2023-12-10 05:45:00,2355.33,2358.57,2354.16,2357.13,594.9326
2023-12-10 06:00:00,2357.13,2357.65,2354.71,2354.77,657.7143
2023-12-10 06:15:00,2354.77,2355.14,2352.24,2353.73,688.4107
2023-12-10 06:30:00,2353.73,2353.74,2350.34,2352.21,771.6306
2023-12-10 06:45:00,2352.21,2353.77,2348.4,2350.6,654.0639
2023-12-10 07:00:00,2350.6,2351.78,2348.94,2349.0,750.1154
2023-12-10 07:15:00,2349.0,2349.78,2344.74,2348.2,653.1916
2023-12-10 07:30:00,2348.2,2350.26,2345.48,2350.21,544.2733
2023-12-10 07:45:00,2350.21,2354.63,2350.2,2353.93,551.2578
2023-12-10 08:00:00,2353.93,2356.06,2351.92,2352.06,588.0042
2023-12-10 08:15:00,2352.06,2353.57,2346.2,2346.76,491.5193
2023-12-10 08:30:00,2346.76,2347.5,2341.34,2341.42,569.0206
2023-12-10 08:45:00,2341.42,2345.08,2341.3,2344.03,350.8844
2023-12-10 09:00:00,2344.03,2345.24,2342.62,2344.0,242.5871
2023-12-10 09:15:00,2344.0,2345.73,2335.56,2338.46,282.3548
2023-12-10 09:30:00,2338.46,2338.64,2332.0,2332.36,606.9448
2023-12-10 09:45:00,2332.36,2336.52,2322.22,2322.69,794.2905
2023-12-18 17:45:00,2168.3,2172.0,2162.9,2162.99,340.6153
2023-12-18 18:00:00,2162.99,2163.41,2158.43,2158.7,197.5499
2023-12-18 18:15:00,2158.7,2162.2,2158.39,2160.54,189.6193
2023-12-18 18:30:00,2160.54,2165.39,2160.53,2165.33,164.541
2023-12-18 18:45:00,2165.33,2170.84,2164.71,2170.45,205.8462
2023-12-18 19:00:00,2170.45,2174.62,2168.51,2172.83,222.2199
2023-12-18 19:15:00,2172.83,2174.28,2170.0,2172.89,238.4906
2023-12-18 19:30:00,2172.89,2175.82,2170.44,2173.48,342.3866
2023-12-18 19:45:00,2173.48,2175.65,2171.86,2174.93,230.2969
2023-12-18 20:00:00,2174.93,2180.71,2172.2,2174.02,561.6165
2023-12-18 20:15:00,2174.02,2174.81,2167.5,2172.12,316.2809
2023-12-18 20:30:00,2172.12,2180.76,2172.06,2179.42,269.1851
2023-12-18 20:45:00,2179.42,2188.03,2179.37,2186.15,167.4857
2023-12-18 21:00:00,2186.15,2208.93,2183.98,2208.04,600.6669
2023-12-18 21:15:00,2208.04,2211.03,2204.0,2210.66,520.4533
2023-12-18 21:30:00,2210.66,2213.17,2206.43,2212.54,340.3243
2023-12-18 21:45:00,2212.54,2217.42,2212.01,2216.15,379.4336
2023-12-18 22:00:00,2216.15,2221.95,2215.34,2221.78,372.9311
2023-12-18 22:15:00,2221.78,2224.0,2216.33,2216.35,446.5998
2023-12-18 22:30:00,2216.35,2216.83,2210.7,2213.33,371.3754
2023-12-18 22:45:00,2213.33,2214.47,2211.03,2212.74,135.6481
2023-12-18 23:00:00,2212.74,2223.49,2212.74,2221.56,342.5828
2023-12-18 23:15:00,2221.56,2222.89,2214.55,2215.63,353.5666
2023-12-18 23:30:00,2215.63,2216.99,2213.13,2214.65,188.7414
2023-12-18 23:45:00,2214.65,2219.43,2214.65,2219.43,228.4128
2023-12-19 00:00:00,2219.43,2220.78,2212.62,2215.8,533.8889
2023-12-19 00:15:00,2215.8,2219.23,2212.01,2213.06,283.6982
2023-12-19 00:30:00,2213.06,2222.79,2211.74,2219.12,292.5103
2023-12-19 00:45:00,2219.12,2220.49,2213.2,2214.95,178.1536
2023-12-19 01:00:00,2214.95,2227.75,2213.0,2227.64,301.5522
2023-12-19 01:15:00,2227.64,2241.31,2225.31,2235.16,1336.2845
2023-12-19 01:30:00,2235.16,2235.17,2225.77,2228.76,516.7662
2023-12-19 01:45:00,2228.76,2248.19,2228.09,2247.36,874.5991
2023-12-19 02:00:00,2247.36,2252.6,2242.89,2244.12,908.6794
2023-12-19 02:15:00,2244.12,2244.12,2234.75,2235.05,350.9961
2023-12-19 02:30:00,2235.05,2239.77,2234.38,2237.45,254.5369
2023-12-19 02:45:00,2237.45,2239.15,2233.5,2233.51,195.8379
2023-12-19 03:00:00,2233.51,2235.59,2231.22,2233.7,208.6854
2023-12-19 03:15:00,2233.7,2235.0,2231.53,2232.9,122.1761
2023-12-19 03:30:00,2232.9,2236.8,2232.58,2235.35,149.1702
2023-12-19 03:45:00,2235.35,2238.95,2235.34,2236.97,126.8802
2023-12-19 04:00:00,2236.97,2242.68,2236.96,2242.07,187.3056
2023-12-19 04:15:00,2242.07,2242.25,2237.5,2237.74,145.9772
2023-12-19 04:30:00,2237.74,2237.77,2231.6,2233.66,189.5251
2023-12-19 04:45:00,2233.66,2237.71,2233.64,2236.99,180.6821
2023-12-19 05:00:00,2236.99,2237.65,2235.26,2236.45,169.5708
2023-12-19 05:15:00,2236.45,2238.99,2236.25,2238.72,190.4451
2023-12-19 05:30:00,2238.72,2239.83,2237.52,2238.76,267.1551
2023-12-19 05:45:00,2238.76,2244.85,2236.73,2243.72,347.8142
2023-12-19 06:00:00,2243.72,2244.22,2239.0,2239.0,284.4059
2023-12-19 06:15:00,2239.0,2247.58,2236.95,2244.41,337.4666
2023-12-19 06:30:00,2244.41,2247.3,2241.53,2243.0,244.4513
2023-12-19 06:45:00,2243.0,2245.11,2240.89,2242.79,219.9188
2023-12-19 07:00:00,2242.79,2247.36,2242.79,2247.31,197.9613
2023-12-19 07:15:00,2247.31,2251.45,2245.06,2246.04,302.6243
2023-12-19 07:30:00,2246.04,2251.0,2243.23,2249.1,530.4624
2023-12-19 07:45:00,2249.1,2253.24,2247.0,2247.85,380.8383
2023-12-19 08:00:00,2247.85,2254.74,2244.53,2252.79,323.0545
2023-12-19 08:15:00,2252.79,2254.67,2248.44,2252.29,308.08
2023-12-19 08:30:00,2252.29,2252.34,2246.73,2249.72,316.7944
2023-12-19 08:45:00,2249.72,2252.0,2246.99,2247.68,279.3725
2023-12-19 09:00:00,2247.68,2253.33,2243.07,2252.97,439.3959
2023-12-19 09:15:00,2252.97,2253.15,2246.07,2247.42,576.5575
2023-12-19 09:30:00,2247.42,2248.09,2241.5,2245.92,319.2802
2023-12-19 09:45:00,2245.92,2248.56,2243.54,2244.9,239.5455
2023-12-19 10:00:00,2244.9,2245.23,2240.68,2241.42,188.7225
2023-12-19 10:15:00,2241.42,2243.1,2237.69,2241.95,245.0689
2023-12-19 10:30:00,2241.95,2246.66,2238.79,2246.13,431.7461
2023-12-19 10:45:00,2246.13,2246.19,2241.41,2241.81,622.6891
2023-12-19 11:00:00,2241.81,2244.07,2239.67,2239.91,657.7992
2023-12-19 11:15:00,2239.91,2241.69,2237.52,2239.89,593.4554
2023-12-19 11:30:00,2239.89,2241.41,2237.4,2240.55,714.8479
2023-12-19 11:45:00,2240.55,2240.83,2234.74,2236.34,684.5296
2023-12-19 12:00:00,2236.34,2239.81,2236.34,2239.81,552.8595
2023-12-19 12:15:00,2239.81,2241.27,2234.62,2237.34,668.9425
2023-12-19 12:30:00,2237.34,2237.99,2232.0,2232.86,621.0643
2023-12-19 12:45:00,2232.86,2234.29,2229.61,2232.57,453.4076
2023-12-19 13:00:00,2232.57,2236.08,2231.89,2232.89,401.9552
2023-12-19 13:15:00,2232.89,2235.3,2230.0,2231.55,384.8913
2023-12-19 13:30:00,2231.55,2234.69,2229.9,2231.85,578.9581
2023-12-19 13:45:00,2231.85,2231.85,2225.37,2225.37,583.69
2023-12-19 14:00:00,2225.37,2227.54,2203.15,2207.16,2309.0506
2023-12-19 14:15:00,2207.16,2212.66,2200.79,2211.79,1530.1772
2023-12-19 14:30:00,2211.79,2212.29,2204.76,2205.01,957.143
2023-12-19 14:45:00,2205.01,2206.84,2183.0,2187.81,4082.8155
2023-12-19 15:00:00,2187.81,2195.99,2179.16,2193.33,1932.5104
2023-12-19 15:15:00,2193.33,2204.35,2188.24,2204.34,1747.4502
2023-12-19 15:30:00,2204.34,2204.71,2193.94,2197.84,1126.7003
2023-12-19 15:45:00,2197.84,2197.9,2189.85,2191.4,586.5364
2023-12-19 16:00:00,2191.4,2205.29,2188.0,2204.95,694.4292
2023-12-19 16:15:00,2204.95,2204.95,2194.05,2194.85,425.1422
2023-12-19 16:30:00,2194.85,2197.57,2191.11,2191.53,542.8162
2023-12-19 16:45:00,2191.53,2191.53,2175.61,2177.6,2256.0454
2023-12-19 17:00:00,2177.6,2180.38,2162.15,2164.43,3204.9302
2023-12-19 17:15:00,2164.43,2165.14,2152.61,2156.53,3113.8696
2023-12-19 17:30:00,2156.53,2158.45,2147.44,2151.0,2678.0439
2023-12-19 17:45:00,2151.0,2156.82,2139.29,2140.78,2018.6901
2023-12-19 18:00:00,2140.78,2149.59,2136.11,2149.5,1256.7035
2023-12-19 18:15:00,2149.5,2160.94,2147.66,2160.36,669.116
2023-12-19 18:30:00,2160.36,2169.41,2159.43,2169.33,643.3688
2023-12-19 18:45:00,2169.33,2173.57,2168.87,2171.89,840.0248
2023-12-19 19:00:00,2171.89,2174.85,2168.42,2172.59,804.858
2023-12-19 19:15:00,2172.59,2179.34,2171.19,2179.33,1057.5702
2023-12-19 19:30:00,2179.33,2186.46,2172.5,2172.85,2071.4043
2023-12-19 19:45:00,2172.85,2177.44,2170.1,2176.68,428.3648
2023-12-19 20:00:00,2176.68,2179.01,2173.32,2175.75,429.3408
2023-12-19 20:15:00,2175.75,2178.11,2172.48,2174.71,347.8403
2023-12-19 20:30:00,2174.71,2174.71,2165.33,2168.52,564.0589
2023-12-19 20:45:00,2168.52,2173.99,2167.12,2170.36,579.9786
2023-12-19 21:00:00,2170.36,2178.31,2170.03,2177.59,348.2542
2023-12-19 21:15:00,2177.59,2184.54,2176.56,2182.86,439.8476
2023-12-19 21:30:00,2182.86,2183.32,2178.28,2180.84,294.5836
2023-12-19 21:45:00,2180.84,2185.91,2180.26,2185.91,534.9566
2023-12-19 22:00:00,2185.91,2186.33,2176.23,2176.52,975.9851
2023-12-19 22:15:00,2176.52,2177.55,2172.05,2175.03,729.959
2023-12-19 22:30:00,2175.03,2179.67,2173.57,2175.0,1053.6264
2023-12-19 22:45:00,2175.0,2181.56,2174.93,2177.73,263.0268
2023-12-19 23:00:00,2177.73,2182.8,2173.69,2173.69,537.3159
2023-12-19 23:15:00,2173.69,2176.36,2170.04,2175.4,469.0149
2023-12-19 23:30:00,2175.4,2179.52,2174.39,2174.48,545.7134
2023-12-19 23:45:00,2174.48,2179.52,2172.12,2178.07,1374.3803
2023-12-20 00:00:00,2178.07,2184.3,2176.02,2180.73,1119.2624
2023-12-20 00:15:00,2180.73,2185.71,2178.67,2181.74,1203.491
2023-12-20 00:30:00,2181.74,2190.9,2180.93,2186.58,1555.6809
2023-12-20 00:45:00,2186.58,2188.47,2183.55,2185.38,564.8347
2023-12-20 01:00:00,2185.38,2187.51,2184.16,2185.32,497.8563
2023-12-20 01:15:00,2185.32,2186.29,2179.84,2180.1,576.0139
2023-12-20 01:30:00,2180.1,2181.81,2173.46,2176.25,485.4793
2023-12-20 01:45:00,2176.25,2177.82,2170.35,2176.37,407.5566
2023-12-20 02:00:00,2176.37,2181.56,2171.25,2175.88,707.0321
2023-12-20 02:15:00,2175.88,2184.28,2174.73,2183.39,474.4123
2023-12-20 02:30:00,2183.39,2186.81,2182.18,2182.45,385.3661
2023-12-20 02:45:00,2182.45,2185.62,2181.13,2185.38,444.7864
2023-12-20 03:00:00,2185.38,2186.65,2183.37,2185.11,380.3225
2023-12-20 03:15:00,2185.11,2185.74,2182.29,2182.52,445.6124
2023-12-20 03:30:00,2182.52,2184.98,2181.3,2181.48,519.0451
2023-12-20 03:45:00,2181.48,2186.73,2181.48,2186.24,472.0029
2023-12-20 04:00:00,2186.24,2186.63,2183.45,2185.29,445.8851
2023-12-20 04:15:00,2185.29,2200.99,2184.15,2198.07,2101.1187
2023-12-20 04:30:00,2198.07,2206.77,2197.89,2202.14,655.9055
2023-12-20 04:45:00,2202.14,2217.65,2200.53,2214.07,977.1525
2023-12-20 05:00:00,2214.07,2215.43,2205.43,2207.25,301.6126
2023-12-20 05:15:00,2207.25,2209.89,2206.1,2206.71,223.1607
2023-12-20 05:30:00,2206.71,2208.36,2203.0,2203.16,306.656
2023-12-20 05:45:00,2203.16,2210.44,2203.14,2209.74,515.3462
2023-12-20 06:00:00,2209.74,2210.49,2205.24,2210.28,224.2689
2023-12-20 06:15:00,2210.28,2222.88,2210.13,2219.39,636.0695
2023-12-20 06:30:00,2219.39,2220.05,2210.48,2211.31,408.1713
2023-12-20 06:45:00,2211.31,2211.45,2204.44,2205.75,234.3568
2023-12-20 07:00:00,2205.75,2208.3,2203.15,2206.74,214.166
2023-12-20 07:15:00,2206.74,2207.24,2203.91,2203.91,278.512
2023-12-20 07:30:00,2203.91,2212.77,2203.83,2211.28,442.8143
2023-12-20 07:45:00,2211.28,2217.4,2210.78,2216.32,298.037
2023-12-20 08:00:00,2216.32,2218.2,2206.92,2207.79,227.7272
2023-12-20 08:15:00,2207.79,2214.06,2207.78,2210.85,321.9857
2023-12-20 08:30:00,2210.85,2214.09,2209.83,2211.35,272.3191
2023-12-20 08:45:00,2211.35,2212.2,2207.32,2207.41,503.4594
2023-12-20 09:00:00,2207.41,2215.34,2207.41,2215.34,365.1557
2023-12-20 09:15:00,2215.34,2222.21,2212.2,2221.43,651.3794
2023-12-20 09:30:00,2221.43,2221.67,2215.4,2216.35,329.5424
2023-12-20 09:45:00,2216.35,2216.99,2206.86,2214.87,409.976
2023-12-20 10:00:00,2214.87,2224.1,2212.04,2222.99,435.638
2023-12-20 10:15:00,2222.99,2223.92,2212.34,2213.57,698.824
2023-12-20 10:30:00,2213.57,2216.49,2212.74,2215.86,646.3733
2023-12-20 10:45:00,2215.86,2220.4,2214.21,2219.94,747.9721
2023-12-20 11:00:00,2219.94,2220.43,2210.55,2212.62,1149.2137
2023-12-20 11:15:00,2212.62,2214.41,2208.0,2208.0,861.7376
2023-12-20 11:30:00,2208.0,2209.74,2204.66,2209.42,586.5491
2023-12-20 11:45:00,2209.42,2215.89,2209.2,2211.57,1098.2877
2023-12-20 12:00:00,2211.57,2213.19,2203.79,2206.05,1135.1411
2023-12-20 12:15:00,2206.05,2209.65,2203.02,2209.65,790.2422
2023-12-20 12:30:00,2209.65,2213.58,2206.58,2211.28,1129.5318
2023-12-20 12:45:00,2211.28,2212.69,2207.6,2212.68,1091.8879
2023-12-20 13:00:00,2212.68,2234.73,2212.62,2232.01,3833.0802
2023-12-20 13:15:00,2232.01,2235.0,2226.0,2234.52,2336.9951
2023-12-20 13:30:00,2234.52,2235.12,2227.86,2234.16,1488.5284
2023-12-20 13:45:00,2234.16,2249.9,2233.54,2248.53,3352.2621
2023-12-20 14:00:00,2248.53,2251.0,2234.24,2234.63,2315.781
2023-12-20 14:15:00,2234.63,2250.2,2231.15,2249.82,1471.0831
2023-12-20 14:30:00,2249.82,2265.86,2248.13,2249.48,4874.0251
2023-12-20 14:45:00,2249.48,2256.87,2240.09,2241.48,5054.0741
2023-12-20 15:00:00,2241.48,2259.15,2236.36,2259.15,2467.727
2023-12-20 15:15:00,2259.15,2259.42,2249.48,2250.57,1732.6684
2023-12-20 15:30:00,2250.57,2256.51,2242.11,2243.91,1960.3562
2023-12-20 15:45:00,2243.91,2248.78,2241.66,2247.07,1102.7626
2023-12-20 16:00:00,2247.07,2249.7,2239.02,2240.96,1122.423
2023-12-20 16:15:00,2240.96,2245.52,2237.38,2241.61,933.9048
2023-12-20 16:30:00,2241.61,2244.36,2238.21,2241.21,540.3075
2023-12-20 16:45:00,2241.21,2242.75,2214.15,2223.09,3110.1084
2023-12-20 17:00:00,2223.09,2230.07,2222.83,2224.95,1332.2414
2023-12-20 17:15:00,2224.95,2234.72,2224.95,2234.36,528.945
2023-12-20 17:30:00,2234.36,2234.54,2229.87,2234.35,667.8062
2023-12-20 17:45:00,2234.35,2234.86,2229.72,2232.17,1183.0078
2023-12-20 18:00:00,2232.17,2238.42,2230.17,2233.6,1208.1687
2023-12-20 18:15:00,2233.6,2233.66,2223.44,2223.91,1775.1965
2023-12-20 18:30:00,2223.91,2228.49,2221.3,2227.24,1054.7231
2023-12-20 18:45:00,2227.24,2227.75,2223.53,2225.33,589.1167
2023-12-20 19:00:00,2225.33,2227.8,2215.2,2216.87,626.4243
2023-12-20 19:15:00,2216.87,2222.51,2216.1,2216.42,685.0335
2023-12-20 19:30:00,2216.42,2218.89,2194.22,2202.19,2770.9614
2023-12-29 03:30:00,2348.27,2357.5,2346.92,2354.18,677.4828
2023-12-29 03:45:00,2354.18,2356.79,2350.0,2351.81,548.8197
2023-12-29 04:00:00,2351.81,2355.17,2348.64,2349.56,349.9189
2023-12-29 04:15:00,2349.56,2350.5,2344.11,2344.82,201.5637
2023-12-29 04:30:00,2344.82,2349.95,2343.77,2349.66,211.0612
2023-12-29 04:45:00,2349.66,2353.6,2349.64,2351.77,178.9573
2023-12-29 05:00:00,2351.77,2352.47,2347.4,2348.0,214.162
2023-12-29 05:15:00,2348.0,2349.47,2343.95,2343.95,285.7295
2023-12-29 05:30:00,2343.95,2349.63,2342.26,2349.05,264.2459
2023-12-29 05:45:00,2349.05,2358.64,2347.76,2357.88,321.0461
2023-12-29 06:00:00,2357.88,2357.89,2355.61,2355.65,218.5722
2023-12-29 06:15:00,2355.65,2355.91,2351.66,2355.31,232.4498
2023-12-29 06:30:00,2355.31,2359.67,2351.71,2357.21,212.8468
2023-12-29 06:45:00,2357.21,2357.28,2350.51,2350.68,523.9058
2023-12-29 07:00:00,2350.68,2358.29,2349.76,2355.65,377.09
2023-12-29 07:15:00,2355.65,2357.33,2347.79,2357.33,686.1761
2023-12-29 07:30:00,2357.33,2359.73,2341.6,2342.57,658.3607
2023-12-29 07:45:00,2342.57,2345.86,2331.0,2332.61,607.2655
2023-12-29 08:00:00,2332.61,2339.75,2331.35,2339.74,551.4618
2023-12-29 08:15:00,2339.74,2346.89,2333.5,2335.44,957.286
2023-12-29 08:30:00,2335.44,2349.82,2334.41,2342.41,692.955
2023-12-29 08:45:00,2342.41,2348.39,2341.61,2345.66,516.721
2023-12-29 09:00:00,2345.66,2348.86,2338.86,2348.43,548.8495
2023-12-29 09:15:00,2348.43,2358.16,2346.11,2357.61,642.8438
2023-12-29 09:30:00,2357.61,2363.23,2356.74,2357.9,586.1305
2023-12-29 09:45:00,2357.9,2371.29,2354.58,2367.36,851.0459
2023-12-29 10:00:00,2367.36,2367.88,2360.82,2365.07,464.9191
2023-12-29 10:15:00,2365.07,2366.51,2362.89,2365.73,217.2548
2023-12-29 10:30:00,2365.73,2369.21,2364.8,2368.22,256.761
2023-12-29 10:45:00,2368.22,2369.91,2365.11,2365.55,1305.5892
2023-12-29 11:00:00,2365.55,2373.84,2364.04,2371.88,245.2503
2023-12-29 11:15:00,2371.88,2378.1,2371.68,2372.58,277.003
2023-12-29 11:30:00,2372.58,2377.06,2369.39,2369.67,267.2771
2023-12-29 11:45:00,2369.67,2372.99,2367.34,2372.11,172.7593
2023-12-29 12:00:00,2372.11,2375.0,2367.04,2367.08,175.397
2023-12-29 12:15:00,2367.08,2369.9,2365.63,2366.35,192.2147
2023-12-29 12:30:00,2366.35,2367.38,2358.33,2359.71,141.3658
2023-12-29 12:45:00,2359.71,2364.98,2357.81,2364.15,208.7268
2023-12-29 13:00:00,2364.15,2366.57,2359.52,2359.62,142.8727
2023-12-29 13:15:00,2359.62,2360.32,2351.22,2353.63,270.5495
2023-12-29 13:30:00,2353.63,2369.05,2352.83,2365.95,262.4541
2023-12-29 13:45:00,2365.95,2369.2,2361.37,2363.28,229.0873
2023-12-29 14:00:00,2363.28,2366.5,2359.64,2365.13,302.0132
2023-12-29 14:15:00,2365.13,2367.5,2359.89,2363.59,492.7077
2023-12-29 14:30:00,2363.59,2385.13,2359.17,2378.74,1356.6997
2023-12-29 14:45:00,2378.74,2383.1,2370.46,2381.67,1151.0871
2023-12-29 15:00:00,2381.67,2382.5,2362.81,2363.89,620.6667
2023-12-29 15:15:00,2363.89,2364.38,2349.18,2353.47,1190.6005
2023-12-29 15:30:00,2353.47,2356.55,2337.36,2341.31,889.0533
2023-12-29 15:45:00,2341.31,2342.02,2317.41,2326.99,3032.8904
2023-12-29 16:00:00,2326.99,2332.94,2316.28,2317.82,1737.6418
2023-12-29 16:15:00,2317.82,2321.42,2292.29,2313.23,5235.1403
2023-12-29 16:30:00,2313.23,2319.84,2310.01,2313.44,992.3292
2023-12-29 16:45:00,2313.44,2315.0,2297.94,2298.53,1057.2289
2023-12-29 17:00:00,2298.53,2305.92,2290.79,2301.51,2234.4278
2023-12-29 17:15:00,2301.51,2309.45,2295.75,2298.58,1129.9858
2023-12-29 17:30:00,2298.58,2301.91,2290.61,2290.7,771.7888
2023-12-29 17:45:00,2290.7,2299.66,2286.51,2298.6,1212.4677
2023-12-29 18:00:00,2298.6,2305.0,2296.87,2303.78,331.5389
2023-12-29 18:15:00,2303.78,2306.94,2300.25,2301.33,214.1665
2023-12-29 18:30:00,2301.33,2316.16,2301.27,2314.91,522.0653
2023-12-29 18:45:00,2314.91,2316.45,2311.42,2315.52,264.2468
2023-12-29 19:00:00,2315.52,2316.06,2307.69,2312.91,313.0898
2023-12-29 19:15:00,2312.91,2318.2,2309.34,2315.65,287.0687
2023-12-29 19:30:00,2315.65,2318.94,2314.3,2315.76,242.3454
2023-12-29 19:45:00,2315.76,2318.94,2313.8,2316.77,225.1944
2023-12-29 20:00:00,2316.77,2317.1,2310.11,2311.49,229.616
2023-12-29 20:15:00,2311.49,2311.49,2303.22,2305.56,341.2805
2023-12-29 20:30:00,2305.56,2306.66,2299.44,2299.57,244.9015
2023-12-29 20:45:00,2299.57,2307.0,2299.55,2305.51,285.2897
2023-12-29 21:00:00,2305.51,2310.59,2300.18,2310.14,338.6027
2023-12-29 21:15:00,2310.14,2310.14,2296.08,2299.2,639.1563
2023-12-29 21:30:00,2299.2,2302.0,2295.46,2300.99,414.183
2023-12-29 21:45:00,2300.99,2301.15,2276.69,2285.86,1289.0285
2023-12-29 22:00:00,2285.86,2286.76,2275.34,2276.73,522.2634
2023-12-29 22:15:00,2276.73,2281.46,2256.0,2278.89,1876.073
2023-12-29 22:30:00,2278.89,2284.42,2271.14,2284.42,556.2062
2023-12-29 22:45:00,2284.42,2284.75,2276.61,2281.77,246.2346
2023-12-29 23:00:00,2281.77,2288.18,2281.31,2287.55,264.9293
2023-12-29 23:15:00,2287.55,2294.44,2286.67,2294.0,396.9407
2023-12-29 23:30:00,2294.0,2297.4,2293.12,2295.74,372.5972
2023-12-29 23:45:00,2295.74,2299.98,2295.4,2299.2,316.8534
2023-12-30 00:00:00,2299.2,2299.77,2295.0,2299.08,358.7752
2023-12-30 00:15:00,2299.08,2304.95,2299.08,2302.27,395.2291
2023-12-30 00:30:00,2302.27,2303.35,2297.85,2301.63,524.2256
2023-12-30 00:45:00,2301.63,2304.84,2301.34,2302.18,305.97
2023-12-30 01:00:00,2302.18,2304.6,2300.46,2302.12,257.1611
2023-12-30 01:15:00,2302.12,2306.89,2301.68,2305.61,189.4538
2023-12-30 01:30:00,2305.61,2309.34,2304.4,2305.82,204.9535
2023-12-30 01:45:00,2305.82,2307.58,2304.95,2307.03,161.6504
2023-12-30 02:00:00,2307.03,2307.03,2302.7,2302.71,179.4264
2023-12-30 02:15:00,2302.71,2307.84,2301.9,2305.29,257.447
2023-12-30 02:30:00,2305.29,2305.29,2293.5,2293.55,319.4482
2023-12-30 02:45:00,2293.55,2296.63,2289.43,2293.77,280.1712
2023-12-30 03:00:00,2293.77,2300.0,2293.34,2298.09,381.1178
2023-12-30 03:15:00,2298.09,2298.4,2287.24,2288.2,565.2477
2023-12-30 03:30:00,2288.2,2295.08,2287.8,2294.57,409.6941
2023-12-30 03:45:00,2294.57,2299.45,2293.6,2298.04,336.2601
2023-12-30 04:00:00,2298.04,2303.99,2296.93,2299.02,328.417
2023-12-30 04:15:00,2299.02,2301.84,2298.67,2300.99,279.7802
2023-12-30 04:30:00,2300.99,2306.59,2299.19,2303.8,276.5865
2023-12-30 04:45:00,2303.8,2303.8,2300.64,2301.61,286.41
2023-12-30 05:00:00,2301.61,2305.48,2300.17,2302.1,306.4994
2023-12-30 05:15:00,2302.1,2307.92,2301.65,2303.17,244.85
2023-12-30 05:30:00,2303.17,2306.33,2302.03,2305.59,132.7143
2023-12-30 05:45:00,2305.59,2307.88,2304.92,2307.88,135.8906
2023-12-30 06:00:00,2307.88,2308.62,2305.75,2306.72,216.0088
2023-12-30 06:15:00,2306.72,2306.74,2300.92,2302.86,255.0038
2023-12-30 06:30:00,2302.86,2303.23,2301.13,2302.98,302.6419
2023-12-30 06:45:00,2302.98,2306.16,2302.31,2303.14,265.1374
2023-12-30 07:00:00,2303.14,2304.69,2302.23,2302.79,315.6404
2023-12-30 07:15:00,2302.79,2306.27,2300.34,2301.69,434.9717
2023-12-30 07:30:00,2301.69,2301.79,2297.49,2298.42,300.5681
2023-12-30 07:45:00,2298.42,2298.45,2293.6,2295.7,393.2558
2023-12-30 08:00:00,2295.7,2296.59,2286.1,2294.95,669.1481
2023-12-30 08:15:00,2294.95,2294.96,2280.57,2283.29,683.6438
2023-12-30 08:30:00,2283.29,2286.97,2276.94,2279.55,513.0262
2023-12-30 08:45:00,2279.55,2280.7,2270.16,2272.93,497.3807
2023-12-30 09:00:00,2272.93,2281.72,2272.93,2273.73,805.3839
2023-12-30 09:15:00,2273.73,2278.69,2270.89,2275.54,522.2154
2023-12-30 09:30:00,2275.54,2280.4,2267.9,2268.95,687.7779
2023-12-30 09:45:00,2268.95,2279.91,2268.87,2277.61,690.0007
2023-12-30 10:00:00,2277.61,2281.8,2277.04,2280.84,358.4512
2023-12-30 10:15:00,2280.84,2282.93,2278.2,2282.92,408.1353
2023-12-30 10:30:00,2282.92,2287.05,2281.0,2286.58,337.5851
2023-12-30 10:45:00,2286.58,2289.31,2285.35,2286.11,308.8541
2023-12-30 11:00:00,2286.11,2292.85,2286.11,2291.62,284.3633
2023-12-30 11:15:00,2291.62,2292.3,2286.0,2286.7,166.657
2023-12-30 11:30:00,2286.7,2287.7,2283.97,2285.78,214.2547
2023-12-30 11:45:00,2285.78,2289.68,2285.78,2288.18,205.2879
2023-12-30 12:00:00,2288.18,2295.62,2286.93,2294.6,198.8861
2023-12-30 12:15:00,2294.6,2297.26,2291.79,2295.52,198.8196
2023-12-30 12:30:00,2295.52,2297.8,2287.86,2288.22,228.7329
2023-12-30 12:45:00,2288.22,2293.0,2285.69,2291.9,253.7425
2023-12-30 13:00:00,2291.9,2294.42,2286.46,2286.62,184.8819
2023-12-30 13:15:00,2286.62,2287.32,2282.57,2286.9,181.9083
2023-12-30 13:30:00,2286.9,2295.0,2285.4,2292.29,267.2432
2023-12-30 13:45:00,2292.29,2294.12,2288.8,2294.12,222.2787
2023-12-30 14:00:00,2294.12,2302.17,2294.12,2299.22,568.04
2023-12-30 14:15:00,2299.22,2299.94,2288.92,2292.65,712.4875
2023-12-30 14:30:00,2292.65,2296.38,2291.74,2295.0,457.5004
2023-12-30 14:45:00,2295.0,2302.37,2295.0,2301.87,542.2296
2023-12-30 15:00:00,2301.87,2305.24,2297.76,2302.05,533.0091
2023-12-30 15:15:00,2302.05,2302.6,2297.72,2300.47,238.0429
2023-12-30 15:30:00,2300.47,2306.91,2298.6,2306.27,197.0663
2023-12-30 15:45:00,2306.27,2316.58,2303.32,2312.97,502.9648
2023-12-30 16:00:00,2312.97,2319.93,2312.89,2319.76,500.2289
2023-12-30 16:15:00,2319.76,2322.76,2315.28,2315.74,477.6029
2023-12-30 16:30:00,2315.74,2319.45,2312.02,2312.04,323.5018
2023-12-30 16:45:00,2312.04,2313.87,2308.59,2310.06,448.1979
2023-12-30 17:00:00,2310.06,2311.84,2300.72,2300.72,353.8805
2023-12-30 17:15:00,2300.72,2314.29,2297.69,2311.91,568.9612
2023-12-30 17:30:00,2311.91,2313.33,2303.11,2307.12,484.8377
2023-12-30 17:45:00,2307.12,2309.9,2304.09,2308.08,323.9102
2023-12-30 18:00:00,2308.08,2310.97,2303.11,2304.94,348.0905
2023-12-30 18:15:00,2304.94,2306.1,2302.28,2302.4,252.8708
2023-12-30 18:30:00,2302.4,2304.46,2297.62,2297.91,274.3216
2023-12-30 18:45:00,2297.91,2304.08,2296.07,2302.56,364.4736
2023-12-30 19:00:00,2302.56,2302.57,2297.0,2299.21,216.5733
2023-12-30 19:15:00,2299.21,2302.99,2297.05,2301.27,185.9844
2023-12-30 19:30:00,2301.27,2303.55,2299.2,2299.82,161.4467
2023-12-30 19:45:00,2299.82,2305.79,2297.97,2300.09,218.76
2023-12-30 20:00:00,2300.09,2303.09,2299.0,2301.88,233.9638
2023-12-30 20:15:00,2301.88,2305.75,2298.75,2302.98,481.1403
2023-12-30 20:30:00,2302.98,2304.77,2297.25,2298.19,487.4895
2023-12-30 20:45:00,2298.19,2302.3,2295.0,2298.38,492.1411
2023-12-30 21:00:00,2298.38,2304.38,2298.38,2303.21,525.5893
2023-12-30 21:15:00,2303.21,2303.68,2299.84,2303.52,218.9537
2023-12-30 21:30:00,2303.52,2303.94,2298.4,2299.81,220.9673
2023-12-30 21:45:00,2299.81,2301.79,2298.64,2301.48,215.5904
2023-12-30 22:00:00,2301.48,2301.64,2298.21,2301.47,229.5676
2023-12-30 22:15:00,2301.47,2301.53,2296.6,2298.63,205.3596
2023-12-30 22:30:00,2298.63,2298.63,2293.82,2295.3,177.0603
2023-12-30 22:45:00,2295.3,2295.41,2278.16,2288.12,1822.1556
2023-12-30 23:00:00,2288.12,2296.14,2284.95,2292.07,592.9121
2023-12-30 23:15:00,2292.07,2296.31,2289.6,2295.62,218.8209
2023-12-30 23:30:00,2295.62,2298.3,2292.05,2293.09,211.6918
2023-12-30 23:45:00,2293.09,2294.11,2290.83,2291.67,229.6181
2023-12-31 00:00:00,2291.67,2299.76,2291.01,2297.67,272.6303
2023-12-31 00:15:00,2297.67,2303.92,2296.34,2297.65,358.985
2023-12-31 00:30:00,2297.65,2304.55,2296.02,2302.25,385.0
2023-12-31 00:45:00,2302.25,2303.64,2300.38,2301.01,242.804
2023-12-31 01:00:00,2301.01,2303.3,2298.77,2300.75,273.6849
2023-12-31 01:15:00,2300.75,2300.75,2295.31,2297.32,309.5823
2023-12-31 01:30:00,2297.32,2299.19,2289.63,2290.53,330.2086
2023-12-31 01:45:00,2290.53,2293.03,2289.8,2289.9,266.5266
2023-12-31 02:00:00,2289.9,2294.43,2289.84,2293.43,232.1483
2023-12-31 02:15:00,2293.43,2293.93,2289.16,2291.5,159.8239
2023-12-31 02:30:00,2291.5,2291.99,2283.47,2283.98,148.0449
2023-12-31 02:45:00,2283.98,2287.48,2277.7,2285.61,321.5713
2023-12-31 03:00:00,2285.61,2286.58,2280.45,2280.7,326.8293
2023-12-31 03:15:00,2280.7,2283.58,2277.76,2277.93,352.9905
2023-12-31 03:30:00,2277.93,2283.19,2277.89,2283.19,304.448
2023-12-31 03:45:00,2283.19,2285.76,2282.0,2284.01,290.0558
2023-12-31 04:00:00,2284.01,2287.95,2281.87,2287.8,341.6788
2023-12-31 04:15:00,2287.8,2290.92,2287.23,2290.9,288.8628
2023-12-31 04:30:00,2290.9,2291.26,2284.71,2285.47,274.9584
2023-12-31 04:45:00,2285.47,2285.54,2280.21,2282.68,276.7068
2023-12-31 05:00:00,2282.68,2286.58,2282.06,2284.98,352.0338
2023-12-31 05:15:00,2284.98,2286.19,2281.34,2282.16,360.8875
2024-01-08 13:15:00,2266.63,2274.9,2262.72,2271.2,2861.6101
2024-01-08 13:30:00,2271.2,2272.94,2263.7,2267.12,2310.9697
2024-01-08 13:45:00,2267.12,2269.21,2260.02,2265.41,1985.9495
2024-01-08 14:00:00,2265.41,2268.4,2258.64,2264.98,1077.9356
2024-01-08 14:15:00,2264.98,2268.89,2261.61,2267.83,485.5033
2024-01-08 14:30:00,2267.83,2272.6,2263.01,2264.42,701.1909
2024-01-08 14:45:00,2264.42,2265.91,2256.1,2261.15,722.086
2024-01-08 15:00:00,2261.15,2263.89,2256.27,2262.18,1163.3492
2024-01-08 15:15:00,2262.18,2264.39,2258.5,2261.01,608.478
2024-01-08 15:30:00,2261.01,2282.93,2261.01,2272.37,2822.738
2024-01-08 15:45:00,2272.37,2275.1,2267.12,2269.41,1800.2467
2024-01-08 16:00:00,2269.41,2281.91,2269.41,2270.91,1368.2268
2024-01-08 16:15:00,2270.91,2272.1,2266.75,2269.43,712.583
2024-01-08 16:30:00,2269.43,2271.2,2260.65,2264.36,908.6463
2024-01-08 16:45:00,2264.36,2265.19,2260.09,2263.57,535.1135
2024-01-08 17:00:00,2263.57,2267.8,2261.45,2267.64,813.3496
2024-01-08 17:15:00,2267.64,2272.68,2264.63,2271.26,999.7735
2024-01-08 17:30:00,2271.26,2281.49,2268.87,2280.39,1958.9476
2024-01-08 17:45:00,2280.39,2307.72,2278.54,2307.67,5914.775
2024-01-08 18:00:00,2307.67,2319.93,2305.73,2312.11,3775.6748
2024-01-08 18:15:00,2312.11,2320.5,2309.96,2319.99,1929.5385
2024-01-08 18:30:00,2319.99,2339.82,2319.13,2337.61,4780.3913
2024-01-08 18:45:00,2337.61,2337.61,2327.64,2335.75,3003.0101
2024-01-08 19:00:00,2335.75,2343.24,2323.52,2342.21,3512.5629
2024-01-08 19:15:00,2342.21,2352.27,2336.04,2344.17,1829.1447
2024-01-08 19:30:00,2344.17,2358.26,2344.17,2351.79,2466.0317
2024-01-08 19:45:00,2351.79,2357.0,2349.67,2354.53,559.547
2024-01-08 20:00:00,2354.53,2357.76,2347.1,2349.74,805.6729
2024-01-08 20:15:00,2349.74,2350.8,2344.8,2348.88,525.7354
2024-01-08 20:30:00,2348.88,2353.32,2345.65,2346.72,558.4613
2024-01-08 20:45:00,2346.72,2347.73,2334.39,2336.45,1348.0506
2024-01-08 21:00:00,2336.45,2338.84,2333.42,2333.69,691.3588
2024-01-08 21:15:00,2333.69,2341.35,2333.69,2336.56,714.6118
2024-01-08 21:30:00,2336.56,2347.22,2335.83,2345.21,678.5808
2024-01-08 21:45:00,2345.21,2346.41,2337.05,2337.26,1046.4662
2024-01-08 22:00:00,2337.26,2340.06,2332.99,2338.42,673.7299
2024-01-08 22:15:00,2338.42,2342.57,2334.1,2337.16,425.6515
2024-01-08 22:30:00,2337.16,2337.48,2333.25,2337.01,363.6749
2024-01-08 22:45:00,2337.01,2337.72,2334.97,2337.58,334.1906
2024-01-08 23:00:00,2337.58,2337.58,2326.11,2333.63,2030.1411
2024-01-08 23:15:00,2333.63,2335.39,2327.82,2329.41,717.7174
2024-01-08 23:30:00,2329.41,2330.54,2327.0,2329.33,461.5429
2024-01-08 23:45:00,2329.33,2332.67,2328.94,2330.76,423.7871
2024-01-09 00:00:00,2330.76,2336.78,2327.49,2335.73,594.9425
2024-01-09 00:15:00,2335.73,2335.91,2317.6,2321.59,969.3882
2024-01-09 00:30:00,2321.59,2323.88,2290.14,2306.41,3585.7683
2024-01-09 00:45:00,2306.41,2309.09,2296.29,2307.05,1531.5809
2024-01-09 01:00:00,2307.05,2313.72,2306.02,2311.89,840.2959
2024-01-09 01:15:00,2311.89,2315.0,2300.23,2302.68,1215.5884
2024-01-09 01:30:00,2302.68,2304.13,2296.72,2301.67,1615.6285
2024-01-09 01:45:00,2301.67,2309.68,2298.1,2309.36,1531.7692
2024-01-09 02:00:00,2309.36,2312.15,2306.01,2307.74,538.637
2024-01-09 02:15:00,2307.74,2315.35,2307.74,2312.76,500.9531
2024-01-09 02:30:00,2312.76,2316.5,2310.2,2314.49,889.2131
2024-01-09 02:45:00,2314.49,2315.75,2310.3,2312.1,406.2812
2024-01-09 03:00:00,2312.1,2312.46,2307.01,2308.58,304.4592
2024-01-09 03:15:00,2308.58,2314.6,2307.28,2313.97,323.0861
2024-01-09 03:30:00,2313.97,2314.46,2310.85,2311.69,270.7473
2024-01-09 03:45:00,2311.69,2312.85,2308.73,2309.26,472.1277
2024-01-09 04:00:00,2309.26,2310.88,2304.0,2306.25,836.5875
2024-01-09 04:15:00,2306.25,2306.79,2300.52,2305.36,980.6488
2024-01-09 04:30:00,2305.36,2312.33,2304.42,2311.97,882.1648
2024-01-09 04:45:00,2311.97,2317.4,2311.79,2315.19,505.4277
2024-01-09 05:00:00,2315.19,2318.37,2310.41,2310.43,626.6302
2024-01-09 05:15:00,2310.43,2312.17,2308.49,2309.7,450.547
2024-01-09 05:30:00,2309.7,2312.03,2303.61,2304.78,597.8822
2024-01-09 05:45:00,2304.78,2308.85,2301.73,2308.67,378.2914
2024-01-09 06:00:00,2308.67,2309.12,2302.7,2307.52,292.9241
2024-01-09 06:15:00,2307.52,2307.77,2302.37,2303.53,301.063
2024-01-09 06:30:00,2303.53,2304.55,2299.88,2301.93,281.6031
2024-01-09 06:45:00,2301.93,2304.3,2297.58,2302.06,314.7632
2024-01-09 07:00:00,2302.06,2302.67,2298.62,2302.25,262.9974
2024-01-09 07:15:00,2302.25,2310.0,2300.9,2309.15,662.933
2024-01-09 07:30:00,2309.15,2309.58,2305.91,2306.88,281.9939
2024-01-09 07:45:00,2306.88,2308.6,2306.11,2306.19,427.9573
2024-01-09 08:00:00,2306.19,2306.19,2300.44,2302.59,566.9537
2024-01-09 08:15:00,2302.59,2311.2,2302.51,2307.57,657.915
2024-01-09 08:30:00,2307.57,2307.57,2297.0,2298.23,743.3673
2024-01-09 08:45:00,2298.23,2301.1,2290.74,2291.45,588.9915
2024-01-09 09:00:00,2291.45,2297.26,2290.63,2293.44,702.1626
2024-01-09 09:15:00,2293.44,2296.42,2286.93,2292.62,1048.0274
2024-01-09 09:30:00,2292.62,2296.81,2292.04,2293.5,381.3327
2024-01-09 09:45:00,2293.5,2294.65,2285.72,2291.49,1114.7319
2024-01-09 10:00:00,2291.49,2297.8,2290.3,2296.61,511.7392
2024-01-09 10:15:00,2296.61,2301.73,2296.08,2298.63,455.4811
2024-01-09 10:30:00,2298.63,2299.91,2296.4,2298.07,414.9142
2024-01-09 10:45:00,2298.07,2298.07,2289.16,2292.43,728.6522
2024-01-09 11:00:00,2292.43,2298.99,2291.56,2297.28,649.1848
2024-01-09 11:15:00,2297.28,2303.0,2297.24,2301.12,575.2515
2024-01-09 11:30:00,2301.12,2302.18,2289.76,2291.52,1154.1411
2024-01-09 11:45:00,2291.52,2299.68,2289.37,2298.81,685.4335
2024-01-09 12:00:00,2298.81,2304.24,2297.81,2302.42,464.9585
2024-01-09 12:15:00,2302.42,2303.85,2296.7,2298.44,251.4086
2024-01-09 12:30:00,2298.44,2299.13,2292.55,2293.92,434.7153
2024-01-09 12:45:00,2293.92,2302.41,2228.47,2264.01,5725.6595
2024-01-09 13:00:00,2264.01,2280.9,2260.5,2274.09,5780.1414
2024-01-09 13:15:00,2274.09,2283.32,2268.73,2272.87,2500.5203
2024-01-09 13:30:00,2272.87,2277.15,2264.38,2264.85,1813.1175
2024-01-09 13:45:00,2264.85,2280.72,2264.56,2275.16,2422.6437
2024-01-09 14:00:00,2275.16,2282.92,2273.06,2275.24,1029.0834
2024-01-09 14:15:00,2275.24,2275.31,2265.19,2267.29,839.0566
2024-01-09 14:30:00,2267.29,2267.79,2253.76,2253.8,1613.0371
2024-01-09 14:45:00,2253.8,2260.31,2243.33,2247.56,3934.221
2024-01-09 15:00:00,2247.56,2258.54,2241.83,2255.3,1889.7004
2024-01-09 15:15:00,2255.3,2265.62,2254.63,2259.6,1639.166
2024-01-09 15:30:00,2259.6,2268.19,2259.32,2266.34,779.5004
2024-01-09 15:45:00,2266.34,2266.35,2256.51,2257.06,1308.4892
2024-01-09 16:00:00,2257.06,2258.4,2248.91,2255.66,2169.7574
2024-01-09 16:15:00,2255.66,2257.53,2248.75,2249.12,1446.6892
2024-01-09 16:30:00,2249.12,2263.2,2243.66,2263.16,2699.0291
2024-01-09 16:45:00,2263.16,2265.84,2259.26,2264.45,760.2066
2024-01-09 17:00:00,2264.45,2265.12,2256.06,2259.34,1500.3077
2024-01-09 17:15:00,2259.34,2266.35,2257.02,2264.65,1116.3347
2024-01-09 17:30:00,2264.65,2266.48,2259.56,2264.19,1467.0991
2024-01-09 17:45:00,2264.19,2270.4,2263.14,2263.96,883.5335
2024-01-09 18:00:00,2263.96,2267.85,2259.21,2267.84,704.9716
2024-01-09 18:15:00,2267.84,2275.4,2265.33,2271.49,735.9405
2024-01-09 18:30:00,2271.49,2274.64,2268.68,2273.15,405.6977
2024-01-09 18:45:00,2273.15,2277.78,2272.56,2275.74,440.6687
2024-01-09 19:00:00,2275.74,2277.78,2270.28,2271.77,478.8733
2024-01-09 19:15:00,2271.77,2277.39,2270.4,2271.1,584.9825
2024-01-09 19:30:00,2271.1,2273.73,2260.53,2263.79,1035.5069
2024-01-09 19:45:00,2263.79,2272.0,2258.27,2270.86,1031.0637
2024-01-09 20:00:00,2270.86,2273.72,2263.83,2264.51,1093.1294
2024-01-09 20:15:00,2264.51,2265.29,2258.26,2262.04,1458.2722
2024-01-09 20:30:00,2262.04,2262.63,2253.71,2256.7,1675.8746
2024-01-09 20:45:00,2256.7,2259.68,2247.8,2250.61,943.8809
2024-01-09 21:00:00,2250.61,2299.29,2249.9,2299.13,2377.3161
2024-01-09 21:15:00,2299.13,2327.67,2249.46,2290.64,10392.8574
2024-01-09 21:30:00,2290.64,2352.64,2275.53,2334.22,8110.5415
2024-01-09 21:45:00,2334.22,2373.04,2309.09,2317.19,11119.3016
2024-01-09 22:00:00,2317.19,2364.08,2316.58,2352.08,6734.6187
2024-01-09 22:15:00,2352.08,2371.68,2341.96,2349.47,6176.6858
2024-01-09 22:30:00,2349.47,2363.54,2341.54,2342.5,3524.051
2024-01-09 22:45:00,2342.5,2343.0,2326.79,2341.45,1915.6154
2024-01-09 23:00:00,2341.45,2341.58,2326.36,2328.68,949.4798
2024-01-09 23:15:00,2328.68,2342.5,2317.4,2340.95,1798.2074
2024-01-09 23:30:00,2340.95,2342.46,2333.62,2338.42,368.6862
2024-01-09 23:45:00,2338.42,2346.67,2337.21,2344.32,746.0108
2024-01-10 00:00:00,2344.32,2369.02,2340.21,2368.94,4632.9303
2024-01-10 00:15:00,2368.94,2386.2,2361.97,2382.83,5196.1642
2024-01-10 00:30:00,2382.83,2394.8,2377.1,2383.86,3735.2304
2024-01-10 00:45:00,2383.86,2399.51,2380.03,2398.67,2058.7733
2024-01-10 01:00:00,2398.67,2400.87,2379.99,2381.28,1874.0105
2024-01-10 01:15:00,2381.28,2387.83,2372.52,2376.21,1764.1636
2024-01-10 01:30:00,2376.21,2376.36,2365.93,2367.01,2101.0629
2024-01-10 01:45:00,2367.01,2377.78,2367.0,2376.79,1273.1726
2024-01-10 02:00:00,2376.79,2377.22,2368.66,2372.04,759.4914
2024-01-10 02:15:00,2372.04,2374.66,2365.1,2368.47,764.1054
2024-01-10 02:30:00,2368.47,2369.78,2346.26,2347.02,1849.1635
2024-01-10 02:45:00,2347.02,2355.2,2345.12,2347.4,958.495
2024-01-10 03:00:00,2347.4,2355.55,2344.0,2353.58,626.707
2024-01-10 03:15:00,2353.58,2358.9,2353.58,2356.98,444.0624
2024-01-10 03:30:00,2356.98,2364.71,2356.01,2363.38,857.0326
2024-01-10 03:45:00,2363.38,2368.13,2358.2,2361.57,1067.8718
2024-01-10 04:00:00,2361.57,2364.91,2360.76,2364.88,390.3791
2024-01-10 04:15:00,2364.88,2365.04,2357.71,2363.59,559.7909
2024-01-10 04:30:00,2363.59,2378.0,2363.18,2372.11,2343.2979
2024-01-10 04:45:00,2372.11,2388.22,2372.04,2380.39,3016.2162
2024-01-10 05:00:00,2380.39,2383.38,2374.66,2376.02,782.5483
2024-01-10 05:15:00,2376.02,2384.95,2371.63,2380.89,879.4763
2024-01-10 05:30:00,2380.89,2389.99,2380.82,2383.99,994.998
2024-01-10 05:45:00,2383.99,2393.15,2381.85,2386.76,1533.5666
2024-01-10 06:00:00,2386.76,2388.56,2378.47,2379.37,835.1962
2024-01-10 06:15:00,2379.37,2385.61,2376.52,2376.79,779.186
2024-01-10 06:30:00,2376.79,2380.21,2372.41,2379.86,702.8068
2024-01-10 06:45:00,2379.86,2381.43,2373.4,2380.6,694.1159
2024-01-10 07:00:00,2380.6,2383.6,2374.46,2375.68,754.4187
2024-01-10 07:15:00,2375.68,2385.54,2374.38,2383.41,946.8298
2024-01-10 07:30:00,2383.41,2384.44,2367.37,2370.69,1106.365
2024-01-10 07:45:00,2370.69,2372.6,2366.05,2368.8,466.8352
2024-01-10 08:00:00,2368.8,2376.36,2368.8,2374.96,768.0942
2024-01-10 08:15:00,2374.96,2383.09,2372.2,2373.35,739.6727
2024-01-10 08:30:00,2373.35,2373.51,2363.11,2367.8,505.5333
2024-01-10 08:45:00,2367.8,2371.04,2362.75,2365.01,712.8433
2024-01-10 09:00:00,2365.01,2380.19,2364.66,2377.62,781.1326
2024-01-10 09:15:00,2377.62,2418.24,2377.62,2415.89,4729.7885
2024-01-10 09:30:00,2415.89,2430.53,2409.87,2424.69,2271.266
2024-01-10 09:45:00,2424.69,2425.6,2415.64,2425.6,1293.2904
2024-01-10 10:00:00,2425.6,2427.25,2414.8,2419.91,1068.9495
2024-01-10 10:15:00,2419.91,2419.91,2411.96,2419.1,1053.8942
2024-01-10 10:30:00,2419.1,2419.1,2405.0,2406.59,1229.4547
2024-01-10 10:45:00,2406.59,2409.73,2400.32,2400.58,1025.7703
2024-01-10 11:00:00,2400.58,2407.69,2396.68,2407.37,1140.1907
2024-01-10 11:15:00,2407.37,2408.44,2403.63,2408.44,309.5071
2024-01-10 11:30:00,2408.44,2408.99,2403.1,2405.84,324.7909
2024-01-10 11:45:00,2405.84,2407.72,2381.52,2402.23,1752.4452
2024-01-10 12:00:00,2402.23,2417.5,2397.36,2401.48,1978.3005
2024-01-10 12:15:00,2401.48,2401.98,2364.66,2379.57,3840.907
2024-01-10 12:30:00,2379.57,2382.67,2368.23,2372.68,2894.8455
2024-01-10 12:45:00,2372.68,2376.61,2344.52,2359.6,4978.3586
2024-01-10 13:00:00,2359.6,2388.0,2350.37,2383.04,4906.3592
2024-01-10 13:15:00,2383.04,2391.06,2368.89,2386.57,3006.5786
2024-01-10 13:30:00,2386.57,2387.07,2377.61,2381.47,1615.5378
2024-01-10 13:45:00,2381.47,2389.17,2376.48,2377.9,1551.9452
2024-01-10 14:00:00,2377.9,2381.35,2369.82,2377.0,1572.1185
2024-01-10 14:15:00,2377.0,2393.17,2376.4,2392.06,1408.2909
2024-01-10 14:30:00,2392.06,2395.17,2385.83,2386.81,661.0391
2024-01-10 14:45:00,2386.81,2388.78,2380.67,2386.26,779.2941
2024-01-10 15:00:00,2386.26,2442.77,2382.69,2438.45,5522.3092
2024-01-18 23:00:00,2470.45,2470.45,2465.17,2465.91,280.602
2024-01-18 23:15:00,2465.91,2471.37,2465.47,2469.67,376.719
2024-01-18 23:30:00,2469.67,2469.91,2467.29,2469.72,384.5102
2024-01-18 23:45:00,2469.72,2470.82,2468.12,2470.82,437.0164
2024-01-19 00:00:00,2470.82,2474.34,2465.67,2466.29,658.8945
2024-01-19 00:15:00,2466.29,2468.63,2462.37,2462.61,663.4783
2024-01-19 00:30:00,2462.61,2471.86,2462.08,2470.05,825.7499
2024-01-19 00:45:00,2470.05,2472.0,2467.41,2467.92,589.1342
2024-01-19 01:00:00,2467.92,2468.84,2463.81,2468.33,631.8101
2024-01-19 01:15:00,2468.33,2468.56,2458.67,2459.66,1253.2947
2024-01-19 01:30:00,2459.66,2466.89,2457.32,2465.84,875.12
2024-01-19 01:45:00,2465.84,2468.35,2462.83,2463.23,565.9979
2024-01-19 02:00:00,2463.23,2465.31,2460.0,2463.02,525.0869
2024-01-19 02:15:00,2463.02,2464.06,2459.69,2459.91,427.592
2024-01-19 02:30:00,2459.91,2460.48,2451.25,2452.24,673.8108
2024-01-19 02:45:00,2452.24,2457.13,2451.81,2452.84,741.785
2024-01-19 03:00:00,2452.84,2457.81,2449.09,2451.17,570.1112
2024-01-19 03:15:00,2451.17,2454.38,2446.19,2448.32,706.1796
2024-01-19 03:30:00,2448.32,2456.0,2443.16,2456.0,1403.9827
2024-01-19 03:45:00,2456.0,2462.75,2454.79,2460.37,885.9639
2024-01-19 04:00:00,2460.37,2463.15,2456.64,2456.71,378.1619
2024-01-19 04:15:00,2456.71,2463.79,2456.56,2462.67,567.3806
2024-01-19 04:30:00,2462.67,2465.94,2461.22,2462.07,921.651
2024-01-19 04:45:00,2462.07,2463.97,2461.09,2461.93,452.0177
2024-01-19 05:00:00,2461.93,2467.64,2459.19,2466.08,566.6179
2024-01-19 05:15:00,2466.08,2467.54,2464.56,2466.61,450.8447
2024-01-19 05:30:00,2466.61,2468.13,2462.57,2465.18,611.6518
2024-01-19 05:45:00,2465.18,2466.32,2462.99,2464.47,427.287
2024-01-19 06:00:00,2464.47,2466.6,2463.0,2463.71,447.7506
2024-01-19 06:15:00,2463.71,2464.8,2462.23,2464.02,421.0749
2024-01-19 06:30:00,2464.02,2468.47,2463.39,2468.19,320.4863
2024-01-19 06:45:00,2468.19,2473.14,2467.45,2471.13,443.5094
2024-01-19 07:00:00,2471.13,2474.35,2468.1,2468.65,232.9624
2024-01-19 07:15:00,2468.65,2471.82,2467.67,2468.26,262.0735
2024-01-19 07:30:00,2468.26,2469.71,2467.38,2467.78,437.7633
2024-01-19 07:45:00,2467.78,2469.88,2465.32,2465.52,515.2498
2024-01-19 08:00:00,2465.52,2466.8,2461.0,2462.77,488.7333
2024-01-19 08:15:00,2462.77,2464.59,2460.41,2462.38,392.1264
2024-01-19 08:30:00,2462.38,2464.65,2462.14,2464.14,381.9811
2024-01-19 08:45:00,2464.14,2477.0,2462.6,2473.5,567.7357
2024-01-19 09:00:00,2473.5,2480.68,2472.61,2479.36,446.7803
2024-01-19 09:15:00,2479.36,2483.25,2475.93,2476.89,730.6972
2024-01-19 09:30:00,2476.89,2478.35,2475.0,2477.25,513.9585
2024-01-19 09:45:00,2477.25,2482.74,2476.82,2482.45,483.309
2024-01-19 10:00:00,2482.45,2490.14,2481.58,2489.02,600.2785
2024-01-19 10:15:00,2489.02,2494.85,2488.86,2489.04,865.1294
2024-01-19 10:30:00,2489.04,2490.41,2484.4,2485.92,474.8307
2024-01-19 10:45:00,2485.92,2492.42,2485.25,2490.65,531.4016
2024-01-19 11:00:00,2490.65,2491.19,2487.63,2489.19,372.0145
2024-01-19 11:15:00,2489.19,2489.93,2487.3,2489.92,370.5635
2024-01-19 11:30:00,2489.92,2493.3,2486.42,2486.98,359.2185
2024-01-19 11:45:00,2486.98,2491.94,2485.54,2488.9,284.5045
2024-01-19 12:00:00,2488.9,2489.4,2485.27,2485.6,225.5409
2024-01-19 12:15:00,2485.6,2486.39,2482.17,2483.28,271.7491
2024-01-19 12:30:00,2483.28,2486.88,2482.71,2484.0,424.7195
2024-01-19 12:45:00,2484.0,2486.9,2481.23,2485.76,492.1989
2024-01-19 13:00:00,2485.76,2487.95,2483.53,2487.87,697.7125
2024-01-19 13:15:00,2487.87,2493.65,2486.47,2489.33,648.2464
2024-01-19 13:30:00,2489.33,2491.44,2486.06,2486.07,338.3579
2024-01-19 13:45:00,2486.07,2497.19,2486.06,2497.18,427.5747
2024-01-19 14:00:00,2497.18,2499.87,2490.98,2492.57,826.117
2024-01-19 14:15:00,2492.57,2492.6,2475.25,2475.66,673.0426
2024-01-19 14:30:00,2475.66,2483.58,2472.84,2477.05,1384.27
2024-01-19 14:45:00,2477.05,2482.05,2470.3,2474.55,1341.0365
2024-01-19 15:00:00,2474.55,2478.12,2464.8,2470.21,1477.2923
2024-01-19 15:15:00,2470.21,2481.92,2460.36,2463.33,1714.9282
2024-01-19 15:30:00,2463.33,2474.01,2462.28,2466.14,1278.5159
2024-01-19 15:45:00,2466.14,2473.99,2462.54,2463.01,873.8913
2024-01-19 16:00:00,2463.01,2467.89,2452.0,2456.74,1095.1707
2024-01-19 16:15:00,2456.74,2458.84,2437.19,2443.02,2194.2742
2024-01-19 16:30:00,2443.02,2443.84,2415.44,2417.82,4536.2665
2024-01-19 16:45:00,2417.82,2436.54,2416.0,2428.41,4592.7017
2024-01-19 17:00:00,2428.41,2431.33,2416.84,2430.98,4049.9341
2024-01-19 17:15:00,2430.98,2443.93,2430.72,2443.79,3120.7755
2024-01-19 17:30:00,2443.79,2467.59,2437.57,2462.32,7865.722
2024-01-19 17:45:00,2462.32,2471.43,2454.91,2471.18,2719.895
2024-01-19 18:00:00,2471.18,2471.65,2461.87,2469.37,1719.7367
2024-01-19 18:15:00,2469.37,2488.24,2463.24,2484.88,4713.004
2024-01-19 18:30:00,2484.88,2492.3,2480.42,2487.1,1665.7322
2024-01-19 18:45:00,2487.1,2504.22,2486.88,2495.99,2049.2146
2024-01-19 19:00:00,2495.99,2496.35,2482.83,2487.03,1112.7452
2024-01-19 19:15:00,2487.03,2489.95,2481.46,2489.01,494.47
2024-01-19 19:30:00,2489.01,2497.44,2488.55,2496.0,942.3394
2024-01-19 19:45:00,2496.0,2497.49,2490.98,2493.29,912.6163
2024-01-19 20:00:00,2493.29,2504.2,2490.92,2503.12,639.0909
2024-01-19 20:15:00,2503.12,2503.41,2487.33,2491.71,1273.2592
2024-01-19 20:30:00,2491.71,2497.67,2489.47,2492.6,802.8476
2024-01-19 20:45:00,2492.6,2493.63,2481.94,2484.61,506.7235
2024-01-19 21:00:00,2484.61,2487.28,2481.0,2486.12,673.5783
2024-01-19 21:15:00,2486.12,2487.59,2482.72,2484.22,380.415
2024-01-19 21:30:00,2484.22,2492.75,2482.2,2492.04,495.9488
2024-01-19 21:45:00,2492.04,2492.39,2487.05,2489.16,389.8975
2024-01-19 22:00:00,2489.16,2489.17,2483.59,2486.97,332.6002
2024-01-19 22:15:00,2486.97,2487.99,2483.98,2487.5,287.5352
2024-01-19 22:30:00,2487.5,2488.36,2484.71,2485.75,262.6239
2024-01-19 22:45:00,2485.75,2493.74,2485.4,2490.82,388.1205
2024-01-19 23:00:00,2490.82,2496.75,2486.62,2496.75,485.9251
2024-01-19 23:15:00,2496.75,2497.93,2491.0,2492.0,281.1331
2024-01-19 23:30:00,2492.0,2493.03,2490.85,2492.81,488.5889
2024-01-19 23:45:00,2492.81,2492.94,2490.38,2491.92,408.7194
2024-01-20 00:00:00,2491.92,2491.93,2483.81,2485.2,752.4381
2024-01-20 00:15:00,2485.2,2486.72,2482.14,2486.71,555.0822
2024-01-20 00:30:00,2486.71,2487.56,2479.2,2482.57,383.174
2024-01-20 00:45:00,2482.57,2483.92,2475.63,2476.26,548.1786
2024-01-20 01:00:00,2476.26,2484.15,2475.56,2483.66,514.668
2024-01-20 01:15:00,2483.66,2488.49,2482.58,2487.46,476.6722
2024-01-20 01:30:00,2487.46,2490.88,2485.31,2485.81,470.9057
2024-01-20 01:45:00,2485.81,2489.77,2484.13,2489.7,353.723
2024-01-20 02:00:00,2489.7,2489.75,2482.25,2484.5,408.012
2024-01-20 02:15:00,2484.5,2485.7,2481.2,2483.36,287.3818
2024-01-20 02:30:00,2483.36,2485.05,2481.61,2484.83,278.2167
2024-01-20 02:45:00,2484.83,2486.67,2483.01,2486.43,294.5313
2024-01-20 03:00:00,2486.43,2486.72,2483.18,2484.15,254.4885
2024-01-20 03:15:00,2484.15,2484.15,2478.12,2479.9,260.7271
2024-01-20 03:30:00,2479.9,2480.07,2476.97,2477.31,444.2423
2024-01-20 03:45:00,2477.31,2482.38,2475.7,2481.34,562.4862
2024-01-20 04:00:00,2481.34,2482.73,2480.22,2481.77,422.1757
2024-01-20 04:15:00,2481.77,2481.82,2478.12,2481.26,585.29
2024-01-20 04:30:00,2481.26,2482.71,2479.3,2481.95,478.3012
2024-01-20 04:45:00,2481.95,2484.6,2481.52,2483.0,378.5195
2024-01-20 05:00:00,2483.0,2484.31,2477.84,2478.44,338.3649
2024-01-20 05:15:00,2478.44,2481.15,2477.2,2480.77,409.4052
2024-01-20 05:30:00,2480.77,2481.6,2475.56,2476.33,246.5628
2024-01-20 05:45:00,2476.33,2479.28,2475.64,2477.74,320.8612
2024-01-20 06:00:00,2477.74,2478.55,2477.04,2478.19,271.8825
2024-01-20 06:15:00,2478.19,2482.5,2478.18,2481.5,293.5146
2024-01-20 06:30:00,2481.5,2483.1,2477.51,2482.59,414.5866
2024-01-20 06:45:00,2482.59,2483.64,2481.49,2482.46,287.4169
2024-01-20 07:00:00,2482.46,2483.97,2481.89,2483.94,197.3931
2024-01-20 07:15:00,2483.94,2485.57,2483.13,2485.55,253.2307
2024-01-20 07:30:00,2485.55,2486.4,2483.22,2483.41,285.0155
2024-01-20 07:45:00,2483.41,2483.45,2478.2,2478.3,289.4108
2024-01-20 08:00:00,2478.3,2480.06,2475.42,2477.42,349.108
2024-01-20 08:15:00,2477.42,2477.53,2472.01,2473.83,532.2987
2024-01-20 08:30:00,2473.83,2475.54,2473.09,2473.18,416.9933
2024-01-20 08:45:00,2473.18,2475.82,2473.17,2474.54,401.2933
2024-01-20 09:00:00,2474.54,2477.28,2472.4,2472.64,432.3036
2024-01-20 09:15:00,2472.64,2474.08,2466.5,2467.56,616.5457
2024-01-20 09:30:00,2467.56,2469.98,2466.66,2469.43,321.1081
2024-01-20 09:45:00,2469.43,2470.08,2463.4,2465.98,254.356
2024-01-20 10:00:00,2465.98,2468.8,2465.72,2468.65,213.8155
2024-01-20 10:15:00,2468.65,2474.5,2468.57,2472.49,310.5433
2024-01-20 10:30:00,2472.49,2472.8,2470.6,2471.85,405.105
2024-01-20 10:45:00,2471.85,2474.19,2469.84,2470.48,534.2181
2024-01-20 11:00:00,2470.48,2470.67,2465.94,2469.07,549.6903
2024-01-20 11:15:00,2469.07,2470.19,2468.85,2468.96,502.0588
2024-01-20 11:30:00,2468.96,2469.65,2467.89,2469.1,526.9461
2024-01-20 11:45:00,2469.1,2472.31,2469.1,2470.59,519.4459
2024-01-20 12:00:00,2470.59,2471.87,2469.22,2469.22,525.9681
2024-01-20 12:15:00,2469.22,2471.58,2469.19,2470.7,442.9026
2024-01-20 12:30:00,2470.7,2471.53,2466.92,2468.68,322.3368
2024-01-20 12:45:00,2468.68,2475.76,2467.92,2467.93,784.2327
2024-01-20 13:00:00,2467.93,2473.17,2467.07,2472.85,350.325
2024-01-20 13:15:00,2472.85,2474.09,2470.52,2471.49,280.9579
2024-01-20 13:30:00,2471.49,2473.13,2469.87,2472.51,262.6635
2024-01-20 13:45:00,2472.51,2473.02,2470.07,2471.87,232.9435
2024-01-20 14:00:00,2471.87,2472.61,2467.16,2469.25,245.1457
2024-01-20 14:15:00,2469.25,2470.0,2460.33,2465.56,341.1049
2024-01-20 14:30:00,2465.56,2467.0,2462.78,2463.7,321.7284
2024-01-20 14:45:00,2463.7,2468.39,2463.69,2466.47,302.7997
2024-01-20 15:00:00,2466.47,2466.96,2458.41,2463.82,450.2096
2024-01-20 15:15:00,2463.82,2470.64,2463.02,2469.48,269.2537
2024-01-20 15:30:00,2469.48,2473.78,2466.99,2467.23,545.69
2024-01-20 15:45:00,2467.23,2468.9,2463.42,2463.85,613.3342
2024-01-20 16:00:00,2463.85,2467.77,2462.06,2464.89,746.5154
2024-01-20 16:15:00,2464.89,2466.12,2463.2,2464.89,573.774
2024-01-20 16:30:00,2464.89,2464.9,2460.65,2461.18,313.1574
2024-01-20 16:45:00,2461.18,2464.11,2457.26,2458.7,315.6059
2024-01-20 17:00:00,2458.7,2460.75,2457.01,2460.02,323.5532
2024-01-20 17:15:00,2460.02,2463.6,2458.49,2461.71,322.4847
2024-01-20 17:30:00,2461.71,2462.3,2457.26,2457.46,331.1136
2024-01-20 17:45:00,2457.46,2464.11,2457.37,2462.13,663.1866
2024-01-20 18:00:00,2462.13,2462.13,2456.21,2456.67,827.0236
2024-01-20 18:15:00,2456.67,2460.39,2455.0,2458.0,699.1293
2024-01-20 18:30:00,2458.0,2462.44,2454.25,2455.24,918.3746
2024-01-20 18:45:00,2455.24,2458.07,2454.75,2457.78,831.2758
2024-01-20 19:00:00,2457.78,2460.2,2457.57,2460.0,665.5851
2024-01-20 19:15:00,2460.0,2463.13,2459.29,2462.74,704.4123
2024-01-20 19:30:00,2462.74,2463.72,2460.55,2460.82,646.5665
2024-01-20 19:45:00,2460.82,2461.76,2458.88,2461.5,431.316
2024-01-20 20:00:00,2461.5,2467.0,2460.21,2465.07,528.149
2024-01-20 20:15:00,2465.07,2468.2,2465.06,2467.81,539.4973
2024-01-20 20:30:00,2467.81,2472.19,2466.28,2471.0,711.62
2024-01-20 20:45:00,2471.0,2472.15,2465.57,2466.74,591.9868
2024-01-20 21:00:00,2466.74,2472.71,2466.64,2471.01,661.7186
2024-01-20 21:15:00,2471.01,2472.07,2469.16,2469.35,617.9041
2024-01-20 21:30:00,2469.35,2471.17,2467.0,2468.39,504.3632
2024-01-20 21:45:00,2468.39,2469.63,2465.58,2465.58,275.0383
2024-01-20 22:00:00,2465.58,2470.25,2465.58,2470.23,352.6719
2024-01-20 22:15:00,2470.23,2470.85,2465.73,2468.57,328.0278
2024-01-20 22:30:00,2468.57,2471.86,2468.57,2471.85,302.3798
2024-01-20 22:45:00,2471.85,2473.43,2471.42,2471.69,424.3141
2024-01-20 23:00:00,2471.69,2474.6,2468.83,2473.11,587.8582
2024-01-20 23:15:00,2473.11,2473.64,2470.81,2472.38,423.1875
2024-01-20 23:30:00,2472.38,2472.56,2471.62,2472.16,451.256
2024-01-20 23:45:00,2472.16,2472.64,2468.56,2472.12,761.2051
2024-01-21 00:00:00,2472.12,2472.13,2468.9,2469.1,610.9723
2024-01-21 00:15:00,2469.1,2469.49,2466.63,2469.35,488.3801
2024-01-21 00:30:00,2469.35,2469.38,2464.87,2467.01,627.6952
2024-01-21 00:45:00,2467.01,2468.8,2465.23,2465.78,425.1884
2024-01-29 08:45:00,2260.98,2264.9,2259.55,2263.45,355.7305
2024-01-29 09:00:00,2263.45,2263.96,2255.29,2258.82,481.9231
2024-01-29 09:15:00,2258.82,2267.47,2257.41,2264.04,393.966
2024-01-29 09:30:00,2264.04,2272.94,2264.04,2270.61,558.0706
2024-01-29 09:45:00,2270.61,2273.48,2269.26,2273.47,525.3996
2024-01-29 10:00:00,2273.47,2277.0,2272.72,2274.76,520.2766
2024-01-29 10:15:00,2274.76,2275.76,2269.67,2270.3,667.9116
2024-01-29 10:30:00,2270.3,2275.09,2269.92,2274.42,511.56
2024-01-29 10:45:00,2274.42,2276.8,2273.62,2275.6,457.3568
2024-01-29 11:00:00,2275.6,2276.38,2272.91,2275.06,534.1404
2024-01-29 11:15:00,2275.06,2275.74,2271.28,2271.28,601.368
2024-01-29 11:30:00,2271.28,2272.02,2267.64,2267.77,567.2419
2024-01-29 11:45:00,2267.77,2268.72,2261.41,2264.26,567.2067
2024-01-29 12:00:00,2264.26,2269.3,2262.85,2266.37,560.8809
2024-01-29 12:15:00,2266.37,2266.38,2263.34,2263.34,599.6428
2024-01-29 12:30:00,2263.34,2264.4,2255.78,2256.13,835.7628
2024-01-29 12:45:00,2256.13,2259.53,2255.32,2256.07,655.9214
2024-01-29 13:00:00,2256.07,2256.38,2251.29,2251.47,638.648
2024-01-29 13:15:00,2251.47,2253.24,2246.6,2248.15,619.318
2024-01-29 13:30:00,2248.15,2250.06,2242.43,2248.65,963.7324
2024-01-29 13:45:00,2248.65,2248.68,2239.66,2244.48,1201.9299
2024-01-29 14:00:00,2244.48,2249.94,2243.27,2248.93,780.5522
2024-01-29 14:15:00,2248.93,2252.12,2244.07,2246.85,1177.3103
2024-01-29 14:30:00,2246.85,2248.18,2242.33,2245.63,795.4941
2024-01-29 14:45:00,2245.63,2247.81,2234.18,2244.12,1129.6819
2024-01-29 15:00:00,2244.12,2247.8,2239.45,2247.5,601.3066
2024-01-29 15:15:00,2247.5,2252.84,2246.13,2249.83,566.9085
2024-01-29 15:30:00,2249.83,2255.0,2247.88,2254.98,428.4822
2024-01-29 15:45:00,2254.98,2275.85,2253.91,2275.84,1530.0179
2024-01-29 16:00:00,2275.84,2282.54,2265.45,2269.28,1567.5874
2024-01-29 16:15:00,2269.28,2286.2,2269.05,2283.95,1044.911
2024-01-29 16:30:00,2283.95,2293.78,2277.78,2293.03,1808.8562
2024-01-29 16:45:00,2293.03,2302.24,2289.8,2299.52,652.1793
2024-01-29 17:00:00,2299.52,2314.23,2297.82,2298.83,2276.6211
2024-01-29 17:15:00,2298.83,2305.33,2296.0,2303.35,536.8828
2024-01-29 17:30:00,2303.35,2310.99,2301.07,2304.34,639.4556
2024-01-29 17:45:00,2304.34,2306.04,2296.54,2302.65,755.2794
2024-01-29 18:00:00,2302.65,2310.26,2300.93,2308.33,612.1582
2024-01-29 18:15:00,2308.33,2312.93,2304.87,2308.53,920.4189
2024-01-29 18:30:00,2308.53,2309.41,2299.12,2299.44,573.1107
2024-01-29 18:45:00,2299.44,2301.39,2295.21,2300.19,960.5014
2024-01-29 19:00:00,2300.19,2304.99,2299.46,2301.28,949.8905
2024-01-29 19:15:00,2301.28,2304.05,2298.27,2299.87,676.329
2024-01-29 19:30:00,2299.87,2304.0,2299.08,2301.98,802.2408
2024-01-29 19:45:00,2301.98,2302.0,2292.39,2293.33,458.5122
2024-01-29 20:00:00,2293.33,2300.99,2292.82,2297.85,445.4709
2024-01-29 20:15:00,2297.85,2299.39,2292.23,2294.57,415.5017
2024-01-29 20:30:00,2294.57,2299.13,2293.18,2298.78,373.1356
2024-01-29 20:45:00,2298.78,2304.38,2297.05,2302.84,334.8771
2024-01-29 21:00:00,2302.84,2308.67,2300.87,2308.0,373.8761
2024-01-29 21:15:00,2308.0,2310.0,2305.42,2309.19,255.9363
2024-01-29 21:30:00,2309.19,2311.75,2305.24,2306.39,317.7155
2024-01-29 21:45:00,2306.39,2307.69,2304.55,2306.18,575.7856
2024-01-29 22:00:00,2306.18,2311.53,2305.71,2308.91,511.7222
2024-01-29 22:15:00,2308.91,2317.97,2308.91,2316.28,443.4103
2024-01-29 22:30:00,2316.28,2322.36,2315.08,2318.25,929.3635
2024-01-29 22:45:00,2318.25,2318.28,2310.83,2311.48,680.7359
2024-01-29 23:00:00,2311.48,2314.3,2310.23,2312.54,471.6135
2024-01-29 23:15:00,2312.54,2316.55,2311.88,2312.38,487.2335
2024-01-29 23:30:00,2312.38,2316.96,2312.22,2314.1,648.0857
2024-01-29 23:45:00,2314.1,2317.95,2313.38,2317.52,3044.9382
2024-01-30 00:00:00,2317.52,2318.33,2308.94,2309.87,819.3577
2024-01-30 00:15:00,2309.87,2315.38,2308.6,2313.78,538.7588
2024-01-30 00:30:00,2313.78,2313.86,2305.63,2305.81,855.193
2024-01-30 00:45:00,2305.81,2306.93,2304.88,2305.04,836.2495
2024-01-30 01:00:00,2305.04,2309.89,2304.0,2308.16,694.4651
2024-01-30 01:15:00,2308.16,2316.01,2308.12,2315.15,963.2325
2024-01-30 01:30:00,2315.15,2324.98,2313.63,2318.61,1335.763
2024-01-30 01:45:00,2318.61,2319.02,2313.24,2314.85,439.336
2024-01-30 02:00:00,2314.85,2320.73,2314.85,2320.71,500.9956
2024-01-30 02:15:00,2320.71,2322.25,2317.35,2320.92,523.4042
2024-01-30 02:30:00,2320.92,2327.98,2318.98,2326.14,620.4761
2024-01-30 02:45:00,2326.14,2326.66,2316.76,2317.88,536.4363
2024-01-30 03:00:00,2317.88,2320.0,2314.08,2315.53,372.897
2024-01-30 03:15:00,2315.53,2317.22,2312.94,2313.85,532.9977
2024-01-30 03:30:00,2313.85,2314.4,2311.5,2313.52,418.9363
2024-01-30 03:45:00,2313.52,2313.88,2310.47,2311.35,781.6326
2024-01-30 04:00:00,2311.35,2314.54,2310.21,2312.58,645.1472
2024-01-30 04:15:00,2312.58,2312.96,2309.51,2309.94,645.88
2024-01-30 04:30:00,2309.94,2310.68,2308.5,2309.82,614.6599
2024-01-30 04:45:00,2309.82,2312.53,2309.77,2311.48,665.1594
2024-01-30 05:00:00,2311.48,2312.74,2309.84,2311.09,468.7176
2024-01-30 05:15:00,2311.09,2313.53,2308.4,2308.95,539.5585
2024-01-30 05:30:00,2308.95,2309.09,2305.45,2307.07,451.3888
2024-01-30 05:45:00,2307.07,2307.2,2304.37,2305.0,396.1279
2024-01-30 06:00:00,2305.0,2307.53,2304.5,2306.88,330.1392
2024-01-30 06:15:00,2306.88,2309.13,2305.65,2307.36,423.2023
2024-01-30 06:30:00,2307.36,2307.78,2301.46,2302.6,387.364
2024-01-30 06:45:00,2302.6,2305.12,2302.6,2304.37,443.0608
2024-01-30 07:00:00,2304.37,2306.64,2302.91,2305.97,340.2374
2024-01-30 07:15:00,2305.97,2310.6,2305.97,2310.56,450.5146
2024-01-30 07:30:00,2310.56,2313.97,2310.41,2312.52,422.3766
2024-01-30 07:45:00,2312.52,2313.59,2308.55,2309.23,627.6044
2024-01-30 08:00:00,2309.23,2309.97,2302.78,2307.79,831.8951
2024-01-30 08:15:00,2307.79,2312.97,2307.79,2311.73,571.8799
2024-01-30 08:30:00,2311.73,2312.06,2309.21,2310.25,655.5582
2024-01-30 08:45:00,2310.25,2310.25,2305.42,2308.28,572.5725
2024-01-30 09:00:00,2308.28,2308.56,2305.93,2307.42,526.6602
2024-01-30 09:15:00,2307.42,2309.09,2304.0,2307.0,696.4185
2024-01-30 09:30:00,2307.0,2308.31,2304.41,2307.65,509.7436
2024-01-30 09:45:00,2307.65,2308.59,2303.49,2304.4,652.345
2024-01-30 10:00:00,2304.4,2307.21,2302.9,2307.21,497.6472
2024-01-30 10:15:00,2307.21,2310.57,2307.2,2310.01,484.2301
2024-01-30 10:30:00,2310.01,2316.07,2310.0,2314.36,698.9091
2024-01-30 10:45:00,2314.36,2315.38,2313.12,2314.75,296.4653
2024-01-30 11:00:00,2314.75,2317.44,2312.65,2314.38,346.8047
2024-01-30 11:15:00,2314.38,2315.05,2312.27,2315.01,500.47
2024-01-30 11:30:00,2315.01,2316.08,2312.36,2313.64,276.8606
2024-01-30 11:45:00,2313.64,2315.33,2311.07,2313.87,403.8778
2024-01-30 12:00:00,2313.87,2321.15,2312.67,2320.73,377.0879
2024-01-30 12:15:00,2320.73,2332.3,2307.93,2308.01,1386.7557
2024-01-30 12:30:00,2308.01,2314.99,2304.61,2306.18,1792.5646
2024-01-30 12:45:00,2306.18,2308.7,2299.0,2306.73,1356.8074
2024-01-30 13:00:00,2306.73,2313.74,2301.04,2301.82,1041.6271
2024-01-30 13:15:00,2301.82,2307.08,2297.29,2301.67,1253.3895
2024-01-30 13:30:00,2301.67,2305.63,2300.37,2302.31,692.3082
2024-01-30 13:45:00,2302.31,2307.66,2300.49,2305.62,591.3449
2024-01-30 14:00:00,2305.62,2305.63,2298.76,2301.96,586.1161
2024-01-30 14:15:00,2301.96,2315.37,2301.16,2314.58,1223.6375
2024-01-30 14:30:00,2314.58,2315.61,2306.21,2307.93,977.5151
2024-01-30 14:45:00,2307.93,2313.29,2306.59,2313.29,632.1374
2024-01-30 15:00:00,2313.29,2313.41,2303.41,2308.62,1433.7873
2024-01-30 15:15:00,2308.62,2320.43,2306.54,2317.41,1390.3784
2024-01-30 15:30:00,2317.41,2331.71,2313.86,2331.71,1361.5701
2024-01-30 15:45:00,2331.71,2347.42,2331.41,2341.01,5270.6604
2024-01-30 16:00:00,2341.01,2350.43,2340.25,2346.73,1999.2075
2024-01-30 16:15:00,2346.73,2360.0,2335.83,2357.5,4790.7844
2024-01-30 16:30:00,2357.5,2362.22,2352.65,2361.27,1570.2964
2024-01-30 16:45:00,2361.27,2369.43,2358.33,2369.35,1177.8343
2024-01-30 17:00:00,2369.35,2377.69,2368.73,2375.55,1342.2417
2024-01-30 17:15:00,2375.55,2379.46,2372.89,2378.41,982.337
2024-01-30 17:30:00,2378.41,2379.87,2369.84,2375.04,1122.9293
2024-01-30 17:45:00,2375.04,2377.54,2364.37,2370.33,1690.0246
2024-01-30 18:00:00,2370.33,2373.22,2369.27,2370.76,763.9219
2024-01-30 18:15:00,2370.76,2374.22,2364.4,2368.15,888.9694
2024-01-30 18:30:00,2368.15,2380.89,2368.14,2373.31,1478.0618
2024-01-30 18:45:00,2373.31,2378.73,2370.73,2376.72,1015.553
2024-01-30 19:00:00,2376.72,2378.28,2371.85,2371.89,478.7254
2024-01-30 19:15:00,2371.89,2374.22,2369.23,2373.06,468.7344
2024-01-30 19:30:00,2373.06,2375.72,2370.39,2371.35,314.9957
2024-01-30 19:45:00,2371.35,2374.98,2369.77,2374.92,709.7667
2024-01-30 20:00:00,2374.92,2380.49,2373.59,2375.78,703.6227
2024-01-30 20:15:00,2375.78,2384.58,2375.78,2381.15,986.9481
2024-01-30 20:30:00,2381.15,2383.89,2374.92,2377.41,755.7277
2024-01-30 20:45:00,2377.41,2378.44,2373.52,2373.8,717.5917
2024-01-30 21:00:00,2373.8,2376.69,2370.0,2372.93,779.8043
2024-01-30 21:15:00,2372.93,2383.69,2371.85,2383.69,748.2468
2024-01-30 21:30:00,2383.69,2391.83,2383.23,2383.8,1366.5117
2024-01-30 21:45:00,2383.8,2384.88,2378.85,2380.11,592.839
2024-01-30 22:00:00,2380.11,2381.86,2375.78,2377.03,683.3265
2024-01-30 22:15:00,2377.03,2377.03,2374.33,2374.63,530.853
2024-01-30 22:30:00,2374.63,2374.96,2372.41,2372.66,525.0564
2024-01-30 22:45:00,2372.66,2372.84,2365.0,2365.16,628.9999
2024-01-30 23:00:00,2365.16,2367.92,2361.67,2361.67,452.5359
2024-01-30 23:15:00,2361.67,2363.99,2350.05,2350.66,843.1008
2024-01-30 23:30:00,2350.66,2356.22,2338.01,2339.91,1347.2936
2024-01-30 23:45:00,2339.91,2347.04,2337.21,2342.94,726.0946
2024-01-31 00:00:00,2342.94,2351.74,2341.8,2348.8,1199.1972
2024-01-31 00:15:00,2348.8,2348.81,2331.72,2342.66,2936.1014
2024-01-31 00:30:00,2342.66,2343.76,2336.93,2338.91,601.6497
2024-01-31 00:45:00,2338.91,2343.42,2338.48,2340.4,608.9999
2024-01-31 01:00:00,2340.4,2346.48,2337.99,2338.35,902.4585
2024-01-31 01:15:00,2338.35,2339.82,2333.07,2333.07,528.5372
2024-01-31 01:30:00,2333.07,2337.97,2332.0,2333.26,799.76
2024-01-31 01:45:00,2333.26,2335.89,2327.81,2332.46,888.8442
2024-01-31 02:00:00,2332.46,2336.94,2329.41,2331.49,664.7448
2024-01-31 02:15:00,2331.49,2337.19,2327.3,2336.38,674.3074
2024-01-31 02:30:00,2336.38,2338.67,2332.11,2332.41,724.0826
2024-01-31 02:45:00,2332.41,2339.24,2332.02,2338.66,579.4121
2024-01-31 03:00:00,2338.66,2342.23,2338.42,2342.23,542.9021
2024-01-31 03:15:00,2342.23,2343.02,2340.0,2340.36,489.6365
2024-01-31 03:30:00,2340.36,2343.84,2338.88,2343.53,590.9578
2024-01-31 03:45:00,2343.53,2344.06,2340.55,2342.99,295.176
2024-01-31 04:00:00,2342.99,2344.6,2340.65,2344.24,264.098
2024-01-31 04:15:00,2344.24,2344.41,2340.57,2340.72,248.316
2024-01-31 04:30:00,2340.72,2340.95,2336.29,2339.1,247.315
2024-01-31 04:45:00,2339.1,2342.33,2336.83,2342.01,654.7316
2024-01-31 05:00:00,2342.01,2344.31,2340.15,2341.05,595.0665
2024-01-31 05:15:00,2341.05,2341.05,2334.85,2334.96,659.2982
2024-01-31 05:30:00,2334.96,2338.51,2334.26,2337.79,564.0139
2024-01-31 05:45:00,2337.79,2341.61,2337.16,2338.68,616.6396
2024-01-31 06:00:00,2338.68,2339.07,2335.78,2337.34,521.3487
2024-01-31 06:15:00,2337.34,2341.59,2336.4,2340.0,514.0456
2024-01-31 06:30:00,2340.0,2340.01,2332.06,2332.78,536.2176
2024-01-31 06:45:00,2332.78,2334.22,2330.79,2332.03,275.4525
2024-01-31 07:00:00,2332.03,2335.97,2330.04,2334.64,436.6218
2024-01-31 07:15:00,2334.64,2341.04,2333.83,2340.3,318.8428
2024-01-31 07:30:00,2340.3,2340.6,2338.18,2339.51,279.5267
2024-01-31 07:45:00,2339.51,2342.01,2337.78,2340.76,331.6957
2024-01-31 08:00:00,2340.76,2343.02,2335.64,2335.93,294.1918
2024-01-31 08:15:00,2335.93,2341.53,2335.27,2340.28,360.3975
2024-01-31 08:30:00,2340.28,2341.47,2336.75,2336.89,420.3077
2024-01-31 08:45:00,2336.89,2339.67,2336.39,2339.12,623.3977
2024-01-31 09:00:00,2339.12,2339.13,2325.31,2325.96,1463.0022
2024-01-31 09:15:00,2325.96,2330.46,2321.56,2321.98,954.8849
2024-01-31 09:30:00,2321.98,2327.32,2321.75,2325.79,680.6211
2024-01-31 09:45:00,2325.79,2327.76,2309.19,2310.85,846.0012
2024-01-31 10:00:00,2310.85,2313.71,2305.0,2306.28,649.4873
2024-01-31 10:15:00,2306.28,2308.83,2303.07,2307.26,513.1263
2024-01-31 10:30:00,2307.26,2308.72,2299.78,2300.27,567.9195
2024-02-08 18:30:00,2430.54,2431.25,2427.25,2427.89,632.796
2024-02-08 18:45:00,2427.89,2432.91,2427.35,2430.78,572.0192
2024-02-08 19:00:00,2430.78,2432.61,2426.79,2427.26,612.0153
2024-02-08 19:15:00,2427.26,2430.05,2427.18,2427.3,462.68
2024-02-08 19:30:00,2427.3,2432.53,2423.01,2427.77,1267.3064
2024-02-08 19:45:00,2427.77,2429.27,2421.36,2421.63,633.2096
2024-02-08 20:00:00,2421.63,2429.56,2421.15,2429.24,855.8045
2024-02-08 20:15:00,2429.24,2434.14,2423.97,2426.67,856.2801
2024-02-08 20:30:00,2426.67,2431.9,2423.86,2424.27,747.2315
2024-02-08 20:45:00,2424.27,2431.09,2423.9,2427.83,507.3169
2024-02-08 21:00:00,2427.83,2427.83,2422.22,2423.83,470.1258
2024-02-08 21:15:00,2423.83,2428.98,2422.89,2427.78,334.7769
2024-02-08 21:30:00,2427.78,2429.52,2425.0,2425.0,279.2568
2024-02-08 21:45:00,2425.0,2427.11,2423.03,2425.76,493.6308
2024-02-08 22:00:00,2425.76,2431.33,2425.61,2428.05,582.9945
2024-02-08 22:15:00,2428.05,2430.51,2426.55,2427.54,428.0127
2024-02-08 22:30:00,2427.54,2427.54,2424.0,2424.88,429.9253
2024-02-08 22:45:00,2424.88,2425.89,2423.51,2424.29,569.9049
2024-02-08 23:00:00,2424.29,2428.13,2423.7,2427.21,633.2394
2024-02-08 23:15:00,2427.21,2428.58,2418.33,2419.31,674.0187
2024-02-08 23:30:00,2419.31,2422.63,2419.08,2420.99,584.8358
2024-02-08 23:45:00,2420.99,2422.76,2419.57,2419.63,399.171
2024-02-09 00:00:00,2419.63,2423.49,2419.19,2419.74,409.1054
2024-02-09 00:15:00,2419.74,2422.26,2419.12,2420.51,352.0051
2024-02-09 00:30:00,2420.51,2423.75,2420.07,2421.55,362.8406
2024-02-09 00:45:00,2421.55,2424.73,2421.54,2423.8,498.1305
2024-02-09 01:00:00,2423.8,2426.17,2422.17,2424.49,567.485
2024-02-09 01:15:00,2424.49,2428.42,2424.12,2426.26,621.5696
2024-02-09 01:30:00,2426.26,2427.76,2424.15,2426.27,523.8157
2024-02-09 01:45:00,2426.27,2426.27,2423.21,2425.19,473.2359
2024-02-09 02:00:00,2425.19,2433.03,2423.58,2431.81,617.5341
2024-02-09 02:15:00,2431.81,2439.84,2430.85,2436.29,772.8849
2024-02-09 02:30:00,2436.29,2445.28,2433.01,2444.64,561.9213
2024-02-09 02:45:00,2444.64,2458.6,2444.54,2457.49,974.0698
2024-02-09 03:00:00,2457.49,2465.61,2453.64,2463.2,742.3396
2024-02-09 03:15:00,2463.2,2463.67,2446.11,2446.3,801.71
2024-02-09 03:30:00,2446.3,2449.98,2442.94,2447.02,613.3622
2024-02-09 03:45:00,2447.02,2451.9,2446.34,2448.66,567.203
2024-02-09 04:00:00,2448.66,2456.55,2448.64,2450.91,486.2677
2024-02-09 04:15:00,2450.91,2451.78,2444.88,2451.42,536.6506
2024-02-09 04:30:00,2451.42,2451.52,2446.13,2449.65,440.8209
2024-02-09 04:45:00,2449.65,2449.86,2443.19,2446.0,447.188
2024-02-09 05:00:00,2446.0,2448.22,2445.68,2446.0,450.2991
2024-02-09 05:15:00,2446.0,2446.47,2440.18,2445.86,821.9924
2024-02-09 05:30:00,2445.86,2452.84,2445.86,2452.69,579.9049
2024-02-09 05:45:00,2452.69,2454.65,2450.28,2453.71,449.0447
2024-02-09 06:00:00,2453.71,2453.95,2450.66,2451.23,495.2526
2024-02-09 06:15:00,2451.23,2452.32,2449.36,2449.38,404.4037
2024-02-09 06:30:00,2449.38,2450.7,2446.32,2450.7,379.2642
2024-02-09 06:45:00,2450.7,2451.72,2448.16,2448.91,323.6996
2024-02-09 07:00:00,2448.91,2453.32,2448.22,2450.87,349.079
2024-02-09 07:15:00,2450.87,2457.68,2450.2,2457.62,296.6421
2024-02-09 07:30:00,2457.62,2463.43,2455.2,2459.01,539.2977
2024-02-09 07:45:00,2459.01,2459.02,2453.37,2453.57,394.2471
2024-02-09 08:00:00,2453.57,2456.35,2453.39,2456.06,468.9814
2024-02-09 08:15:00,2456.06,2460.17,2455.61,2459.95,346.1901
2024-02-09 08:30:00,2459.95,2468.13,2457.89,2464.83,500.0742
2024-02-09 08:45:00,2464.83,2476.82,2464.54,2476.0,416.2492
2024-02-09 09:00:00,2476.0,2479.65,2471.21,2472.55,356.0895
2024-02-09 09:15:00,2472.55,2475.58,2467.96,2474.57,292.0659
2024-02-09 09:30:00,2474.57,2474.59,2468.5,2468.69,291.9168
2024-02-09 09:45:00,2468.69,2470.43,2466.52,2467.0,302.1356
2024-02-09 10:00:00,2467.0,2469.82,2466.15,2468.95,286.8692
2024-02-09 10:15:00,2468.95,2469.54,2462.34,2463.79,518.8344
2024-02-09 10:30:00,2463.79,2467.15,2463.16,2465.77,320.2351
2024-02-09 10:45:00,2465.77,2474.62,2465.38,2474.61,543.6032
2024-02-09 11:00:00,2474.61,2476.88,2466.24,2468.79,670.3478
2024-02-09 11:15:00,2468.79,2473.26,2468.29,2473.26,370.1016
2024-02-09 11:30:00,2473.26,2483.49,2472.7,2482.34,588.6475
2024-02-09 11:45:00,2482.34,2506.57,2479.62,2503.19,1575.8839
2024-02-09 12:00:00,2503.19,2524.04,2498.49,2514.86,3725.3921
2024-02-09 12:15:00,2514.86,2518.56,2506.69,2511.25,874.4147
2024-02-09 12:30:00,2511.25,2514.57,2502.9,2511.24,884.656
2024-02-09 12:45:00,2511.24,2514.54,2507.83,2514.52,818.7763
2024-02-09 13:00:00,2514.52,2520.77,2512.34,2518.38,1266.582
2024-02-09 13:15:00,2518.38,2520.56,2512.23,2517.01,995.2247
2024-02-09 13:30:00,2517.01,2521.24,2515.96,2519.68,888.0985
2024-02-09 13:45:00,2519.68,2521.25,2510.83,2513.09,404.2227
2024-02-09 14:00:00,2513.09,2519.64,2511.07,2515.37,421.6901
2024-02-09 14:15:00,2515.37,2515.71,2481.35,2490.84,7077.5264
2024-02-09 14:30:00,2490.84,2506.19,2490.83,2503.11,1649.93
2024-02-09 14:45:00,2503.11,2505.2,2491.44,2494.32,877.3417
2024-02-09 15:00:00,2494.32,2495.04,2482.84,2484.65,1361.6903
2024-02-09 15:15:00,2484.65,2492.8,2476.96,2491.04,1141.8926
2024-02-09 15:30:00,2491.04,2500.6,2490.2,2499.85,694.3506
2024-02-09 15:45:00,2499.85,2499.85,2492.7,2495.16,710.0348
2024-02-09 16:00:00,2495.16,2500.34,2493.93,2499.79,599.8412
2024-02-09 16:15:00,2499.79,2502.75,2483.34,2486.88,1601.1701
2024-02-09 16:30:00,2486.88,2489.32,2483.15,2485.96,736.698
2024-02-09 16:45:00,2485.96,2488.1,2478.3,2486.5,1079.3202
2024-02-09 17:00:00,2486.5,2492.78,2484.65,2491.22,663.0472
2024-02-09 17:15:00,2491.22,2499.62,2491.2,2497.88,795.2348
2024-02-09 17:30:00,2497.88,2500.76,2493.01,2496.34,992.8058
2024-02-09 17:45:00,2496.34,2500.89,2495.25,2497.34,640.2154
2024-02-09 18:00:00,2497.34,2509.27,2493.86,2507.98,2174.6728
2024-02-09 18:15:00,2507.98,2522.99,2506.91,2517.42,2286.2222
2024-02-09 18:30:00,2517.42,2523.22,2508.81,2509.44,1795.9991
2024-02-09 18:45:00,2509.44,2511.11,2498.49,2501.33,1675.8232
2024-02-09 19:00:00,2501.33,2502.4,2481.76,2492.64,2823.5976
2024-02-09 19:15:00,2492.64,2492.65,2483.27,2489.26,1037.5787
2024-02-09 19:30:00,2489.26,2493.43,2485.28,2488.09,730.7332
2024-02-09 19:45:00,2488.09,2489.6,2483.02,2485.81,769.6461
2024-02-09 20:00:00,2485.81,2491.12,2485.8,2490.03,452.8917
2024-02-09 20:15:00,2490.03,2493.9,2486.37,2491.84,729.086
2024-02-09 20:30:00,2491.84,2495.24,2488.95,2493.01,730.6331
2024-02-09 20:45:00,2493.01,2494.46,2487.01,2489.56,640.2512
2024-02-09 21:00:00,2489.56,2493.52,2488.17,2489.44,408.3679
2024-02-09 21:15:00,2489.44,2493.91,2488.44,2489.47,470.5671
2024-02-09 21:30:00,2489.47,2493.0,2484.03,2490.22,646.3806
2024-02-09 21:45:00,2490.22,2506.52,2489.99,2502.77,1587.0463
2024-02-09 22:00:00,2502.77,2505.79,2499.31,2500.19,724.2547
2024-02-09 22:15:00,2500.19,2502.64,2496.24,2499.96,562.7721
2024-02-09 22:30:00,2499.96,2502.87,2487.2,2491.71,923.8446
2024-02-09 22:45:00,2491.71,2495.27,2490.05,2495.25,309.0719
2024-02-09 23:00:00,2495.25,2495.26,2492.11,2494.37,269.5802
2024-02-09 23:15:00,2494.37,2498.59,2489.8,2491.09,383.7005
2024-02-09 23:30:00,2491.09,2491.45,2486.92,2488.29,421.8483
2024-02-09 23:45:00,2488.29,2489.0,2485.28,2486.51,513.9271
2024-02-10 00:00:00,2486.51,2494.06,2486.51,2492.04,579.885
2024-02-10 00:15:00,2492.04,2496.2,2488.41,2495.07,757.8131
2024-02-10 00:30:00,2495.07,2495.69,2489.22,2491.93,795.7438
2024-02-10 00:45:00,2491.93,2491.94,2484.52,2485.93,803.522
2024-02-10 01:00:00,2485.93,2489.16,2483.06,2485.88,768.207
2024-02-10 01:15:00,2485.88,2496.82,2485.31,2495.55,773.6094
2024-02-10 01:30:00,2495.55,2505.0,2493.42,2501.14,945.8093
2024-02-10 01:45:00,2501.14,2501.27,2497.05,2498.25,314.0505
2024-02-10 02:00:00,2498.25,2500.45,2496.39,2498.83,345.5428
2024-02-10 02:15:00,2498.83,2506.24,2498.01,2505.82,268.5832
2024-02-10 02:30:00,2505.82,2505.82,2501.43,2503.31,349.7095
2024-02-10 02:45:00,2503.31,2505.99,2502.46,2505.99,472.6005
2024-02-10 03:00:00,2505.99,2510.99,2505.98,2510.98,525.6384
2024-02-10 03:15:00,2510.98,2511.16,2508.48,2510.1,575.4747
2024-02-10 03:30:00,2510.1,2514.8,2509.46,2513.5,390.9373
2024-02-10 03:45:00,2513.5,2513.63,2510.62,2512.34,304.8386
2024-02-10 04:00:00,2512.34,2515.79,2510.47,2513.27,371.6192
2024-02-10 04:15:00,2513.27,2513.77,2508.0,2509.06,323.5083
2024-02-10 04:30:00,2509.06,2510.98,2506.51,2506.62,358.1564
2024-02-10 04:45:00,2506.62,2508.48,2506.08,2506.25,466.8476
2024-02-10 05:00:00,2506.25,2507.88,2503.4,2506.52,469.6338
2024-02-10 05:15:00,2506.52,2506.53,2504.0,2504.0,423.2529
2024-02-10 05:30:00,2504.0,2504.83,2502.33,2503.4,397.8516
2024-02-10 05:45:00,2503.4,2505.07,2500.97,2504.04,375.2212
2024-02-10 06:00:00,2504.04,2506.78,2503.54,2505.17,497.4698
2024-02-10 06:15:00,2505.17,2507.35,2504.37,2507.03,461.4244
2024-02-10 06:30:00,2507.03,2507.41,2504.66,2505.42,540.1331
2024-02-10 06:45:00,2505.42,2507.55,2504.06,2504.47,419.3907
2024-02-10 07:00:00,2504.47,2506.95,2501.76,2502.17,598.0431
2024-02-10 07:15:00,2502.17,2503.34,2498.46,2499.03,542.785
2024-02-10 07:30:00,2499.03,2503.18,2498.68,2502.6,450.3894
2024-02-10 07:45:00,2502.6,2502.61,2494.5,2495.22,453.3994
2024-02-10 08:00:00,2495.22,2498.07,2494.5,2497.67,473.2343
2024-02-10 08:15:00,2497.67,2498.8,2496.6,2497.06,503.3981
2024-02-10 08:30:00,2497.06,2497.16,2492.31,2492.48,410.381
2024-02-10 08:45:00,2492.48,2492.5,2485.39,2485.39,412.7153
2024-02-10 09:00:00,2485.39,2491.06,2485.39,2489.5,418.5425
2024-02-10 09:15:00,2489.5,2492.54,2489.49,2491.29,392.1925
2024-02-10 09:30:00,2491.29,2494.44,2491.11,2491.4,366.1721
2024-02-10 09:45:00,2491.4,2492.06,2486.8,2487.55,395.8235
2024-02-10 10:00:00,2487.55,2490.27,2485.76,2490.25,419.2257
2024-02-10 10:15:00,2490.25,2490.68,2488.05,2490.67,323.0417
2024-02-10 10:30:00,2490.67,2491.87,2485.01,2485.01,416.7879
2024-02-10 10:45:00,2485.01,2485.01,2471.78,2474.38,1304.3014
2024-02-10 11:00:00,2474.38,2480.36,2473.59,2478.61,843.7547
2024-02-10 11:15:00,2478.61,2481.98,2478.0,2481.44,688.7991
2024-02-10 11:30:00,2481.44,2482.19,2477.24,2477.58,550.0981
2024-02-10 11:45:00,2477.58,2483.15,2477.58,2483.14,505.4863
2024-02-10 12:00:00,2483.14,2491.65,2480.81,2491.53,804.7124
2024-02-10 12:15:00,2491.53,2492.0,2488.37,2489.01,610.0621
2024-02-10 12:30:00,2489.01,2489.4,2484.31,2487.28,614.3472
2024-02-10 12:45:00,2487.28,2488.66,2485.6,2487.99,367.0561
2024-02-10 13:00:00,2487.99,2489.47,2485.23,2485.91,519.5568
2024-02-10 13:15:00,2485.91,2486.0,2481.0,2483.24,474.867
2024-02-10 13:30:00,2483.24,2491.22,2481.02,2490.5,535.478
2024-02-10 13:45:00,2490.5,2492.68,2488.8,2490.12,277.2823
2024-02-10 14:00:00,2490.12,2493.88,2488.4,2493.7,217.6803
2024-02-10 14:15:00,2493.7,2496.57,2491.1,2492.29,256.5187
2024-02-10 14:30:00,2492.29,2494.0,2489.46,2490.51,296.7087
2024-02-10 14:45:00,2490.51,2492.94,2490.51,2492.75,334.2587
2024-02-10 15:00:00,2492.75,2496.55,2491.76,2493.33,220.495
2024-02-10 15:15:00,2493.33,2495.28,2492.51,2494.7,316.4732
2024-02-10 15:30:00,2494.7,2495.79,2491.62,2492.99,338.3854
2024-02-10 15:45:00,2492.99,2493.45,2488.81,2490.55,448.5168
2024-02-10 16:00:00,2490.55,2491.69,2487.31,2491.66,445.7453
2024-02-10 16:15:00,2491.66,2492.01,2489.64,2490.83,405.1579
2024-02-10 16:30:00,2490.83,2494.3,2490.83,2493.37,363.1754
2024-02-10 16:45:00,2493.37,2494.03,2489.28,2491.34,577.1527
2024-02-10 17:00:00,2491.34,2492.4,2483.92,2485.92,560.8921
2024-02-10 17:15:00,2485.92,2486.36,2483.78,2484.39,502.0375
2024-02-10 17:30:00,2484.39,2486.64,2484.39,2486.44,435.3296
2024-02-10 17:45:00,2486.44,2486.57,2483.78,2484.43,266.3519
2024-02-10 18:00:00,2484.43,2488.59,2483.35,2488.37,305.9064
2024-02-10 18:15:00,2488.37,2490.52,2487.16,2490.23,290.9577
2024-02-10 18:30:00,2490.23,2492.0,2490.04,2491.41,253.512
2024-02-10 18:45:00,2491.41,2493.12,2490.7,2490.79,361.7486
2024-02-10 19:00:00,2490.79,2490.95,2489.06,2489.87,441.7073
2024-02-10 19:15:00,2489.87,2494.5,2489.87,2493.39,423.3112
2024-02-10 19:30:00,2493.39,2496.84,2493.25,2496.83,364.6302
2024-02-10 19:45:00,2496.83,2497.5,2494.75,2497.49,433.7836
2024-02-10 20:00:00,2497.49,2497.51,2493.23,2495.97,559.1741
2024-02-10 20:15:00,2495.97,2497.49,2494.14,2494.62,519.5053
2024-02-19 04:15:00,2882.45,2895.22,2880.82,2892.65,939.5582
2024-02-19 04:30:00,2892.65,2901.45,2890.0,2894.02,773.2279
2024-02-19 04:45:00,2894.02,2898.36,2890.61,2896.67,268.0593
2024-02-19 05:00:00,2896.67,2898.98,2883.43,2886.61,752.9259
2024-02-19 05:15:00,2886.61,2894.35,2886.19,2894.12,261.7636
2024-02-19 05:30:00,2894.12,2898.52,2885.89,2890.03,465.8581
2024-02-19 05:45:00,2890.03,2910.54,2886.22,2907.09,1502.9296
2024-02-19 06:00:00,2907.09,2926.3,2905.45,2926.05,1512.5416
2024-02-19 06:15:00,2926.05,2931.0,2921.07,2924.68,927.6974
2024-02-19 06:30:00,2924.68,2926.11,2915.39,2916.35,847.3089
2024-02-19 06:45:00,2916.35,2924.69,2916.35,2921.59,614.6499
2024-02-19 07:00:00,2921.59,2925.98,2918.11,2924.66,624.4497
2024-02-19 07:15:00,2924.66,2929.99,2922.56,2927.66,600.1319
2024-02-19 07:30:00,2927.66,2929.6,2921.1,2921.91,511.1255
2024-02-19 07:45:00,2921.91,2927.78,2919.9,2926.31,791.084
2024-02-19 08:00:00,2926.31,2927.98,2919.31,2919.92,811.6486
2024-02-19 08:15:00,2919.92,2921.75,2915.88,2918.07,611.2623
2024-02-19 08:30:00,2918.07,2918.38,2909.59,2912.51,709.1636
2024-02-19 08:45:00,2912.51,2913.92,2902.3,2906.74,864.4619
2024-02-19 09:00:00,2906.74,2911.54,2905.0,2909.77,464.9218
2024-02-19 09:15:00,2909.77,2920.4,2908.41,2914.12,820.307
2024-02-19 09:30:00,2914.12,2918.23,2910.31,2916.38,500.4004
2024-02-19 09:45:00,2916.38,2916.66,2908.07,2908.07,306.6387
2024-02-19 10:00:00,2908.07,2913.84,2906.16,2912.49,560.59
2024-02-19 10:15:00,2912.49,2918.24,2893.85,2900.98,1837.6055
2024-02-19 10:30:00,2900.98,2913.94,2900.59,2912.0,848.3712
2024-02-19 10:45:00,2912.0,2915.35,2909.47,2911.1,471.5752
2024-02-19 11:00:00,2911.1,2914.96,2907.2,2907.75,433.0063
2024-02-19 11:15:00,2907.75,2916.58,2905.62,2914.82,580.5235
2024-02-19 11:30:00,2914.82,2915.84,2910.01,2912.53,482.0776
2024-02-19 11:45:00,2912.53,2916.13,2910.11,2912.89,242.608
2024-02-19 12:00:00,2912.89,2913.18,2905.48,2912.14,364.8657
2024-02-19 12:15:00,2912.14,2913.36,2906.33,2907.76,284.6834
2024-02-19 12:30:00,2907.76,2913.5,2906.24,2913.41,342.2045
2024-02-19 12:45:00,2913.41,2919.38,2906.04,2906.11,1013.2444
2024-02-19 13:00:00,2906.11,2912.71,2903.07,2909.2,891.1343
2024-02-19 13:15:00,2909.2,2910.19,2900.58,2905.11,514.8804
2024-02-19 13:30:00,2905.11,2905.12,2897.2,2900.13,574.0298
2024-02-19 13:45:00,2900.13,2901.15,2892.71,2894.28,514.0448
2024-02-19 14:00:00,2894.28,2900.99,2886.9,2900.7,541.4794
2024-02-19 14:15:00,2900.7,2900.78,2893.48,2896.87,267.4586
2024-02-19 14:30:00,2896.87,2907.22,2895.07,2902.3,378.7874
2024-02-19 14:45:00,2902.3,2906.99,2897.79,2900.88,636.0189
2024-02-19 15:00:00,2900.88,2906.88,2899.76,2904.51,626.9723
2024-02-19 15:15:00,2904.51,2919.91,2904.0,2914.0,739.4551
2024-02-19 15:30:00,2914.0,2914.0,2904.0,2904.62,483.7416
2024-02-19 15:45:00,2904.62,2909.33,2898.31,2908.95,721.1306
2024-02-19 16:00:00,2908.95,2912.34,2907.05,2909.7,482.0498
2024-02-19 16:15:00,2909.7,2919.67,2909.25,2916.42,358.485
2024-02-19 16:30:00,2916.42,2936.4,2912.08,2932.07,1178.4708
2024-02-19 16:45:00,2932.07,2935.11,2891.12,2897.33,3060.4458
2024-02-19 17:00:00,2897.33,2908.18,2887.55,2900.48,1115.3013
2024-02-19 17:15:00,2900.48,2942.63,2899.53,2940.39,1476.2425
2024-02-19 17:30:00,2940.39,2944.32,2925.64,2934.89,2585.2938
2024-02-19 17:45:00,2934.89,2944.1,2926.15,2942.42,986.664
2024-02-19 18:00:00,2942.42,2951.79,2937.53,2938.85,1242.2923
2024-02-19 18:15:00,2938.85,2953.79,2938.18,2939.28,1137.2738
2024-02-19 18:30:00,2939.28,2942.86,2935.79,2940.46,459.5176
2024-02-19 18:45:00,2940.46,2943.84,2929.41,2932.81,609.2745
2024-02-19 19:00:00,2932.81,2932.99,2920.53,2921.85,518.5478
2024-02-19 19:15:00,2921.85,2928.07,2920.31,2926.44,588.6496
2024-02-19 19:30:00,2926.44,2935.78,2923.89,2935.77,460.5589
2024-02-19 19:45:00,2935.77,2936.66,2925.58,2933.96,1125.7786
2024-02-19 20:00:00,2933.96,2937.5,2928.47,2932.55,1050.9578
2024-02-19 20:15:00,2932.55,2938.02,2926.87,2936.59,700.9619
2024-02-19 20:30:00,2936.59,2938.07,2931.27,2935.3,479.7463
2024-02-19 20:45:00,2935.3,2941.98,2933.74,2934.35,347.68
2024-02-19 21:00:00,2934.35,2946.14,2932.63,2939.7,501.7231
2024-02-19 21:15:00,2939.7,2950.57,2939.44,2943.02,725.0638
2024-02-19 21:30:00,2943.02,2950.1,2938.79,2948.53,499.1519
2024-02-19 21:45:00,2948.53,2969.33,2948.5,2967.93,1107.4279
2024-02-19 22:00:00,2967.93,2984.66,2962.85,2983.19,1019.8501
2024-02-19 22:15:00,2983.19,2984.33,2970.71,2974.94,745.2081
2024-02-19 22:30:00,2974.94,2976.63,2964.0,2968.84,1188.2744
2024-02-19 22:45:00,2968.84,2970.23,2960.18,2961.66,995.6072
2024-02-19 23:00:00,2961.66,2963.79,2950.98,2957.59,916.5941
2024-02-19 23:15:00,2957.59,2962.35,2952.02,2953.4,870.0626
2024-02-19 23:30:00,2953.4,2954.77,2945.31,2945.91,704.5399
2024-02-19 23:45:00,2945.91,2948.0,2934.67,2944.77,813.394
2024-02-20 00:00:00,2944.77,2954.55,2942.14,2949.65,843.0008
2024-02-20 00:15:00,2949.65,2953.6,2940.59,2950.68,751.5891
2024-02-20 00:30:00,2950.68,2955.53,2929.29,2933.33,1433.5304
2024-02-20 00:45:00,2933.33,2944.99,2932.52,2934.88,2050.2444
2024-02-20 01:00:00,2934.88,2943.54,2930.67,2941.18,811.2483
2024-02-20 01:15:00,2941.18,2944.41,2903.8,2915.14,7152.9294
2024-02-20 01:30:00,2915.14,2921.38,2910.92,2921.37,1632.462
2024-02-20 01:45:00,2921.37,2926.51,2915.74,2921.63,787.3952
2024-02-20 02:00:00,2921.63,2926.66,2918.03,2920.72,586.0654
2024-02-20 02:15:00,2920.72,2925.29,2917.37,2921.68,473.9366
2024-02-20 02:30:00,2921.68,2924.82,2915.48,2919.14,560.8781
2024-02-20 02:45:00,2919.14,2929.59,2915.81,2926.8,396.0483
2024-02-20 03:00:00,2926.8,2930.84,2918.08,2919.07,359.002
2024-02-20 03:15:00,2919.07,2922.25,2913.77,2917.96,263.8727
2024-02-20 03:30:00,2917.96,2923.64,2916.19,2916.27,310.2416
2024-02-20 03:45:00,2916.27,2918.85,2905.61,2907.12,440.1242
2024-02-20 04:00:00,2907.12,2921.68,2903.47,2918.39,749.4228
2024-02-20 04:15:00,2918.39,2920.88,2914.11,2917.26,325.3308
2024-02-20 04:30:00,2917.26,2926.19,2916.93,2924.92,372.0063
2024-02-20 04:45:00,2924.92,2926.61,2921.53,2924.43,279.0638
2024-02-20 05:00:00,2924.43,2929.3,2922.58,2927.91,356.9104
2024-02-20 05:15:00,2927.91,2935.2,2925.41,2931.18,353.7618
2024-02-20 05:30:00,2931.18,2932.43,2925.0,2925.72,423.7394
2024-02-20 05:45:00,2925.72,2928.56,2923.68,2927.61,382.046
2024-02-20 06:00:00,2927.61,2932.96,2925.8,2932.45,425.1234
2024-02-20 06:15:00,2932.45,2933.57,2931.0,2932.11,456.2144
2024-02-20 06:30:00,2932.11,2935.2,2930.28,2933.76,405.2438
2024-02-20 06:45:00,2933.76,2935.1,2930.01,2930.84,271.694
2024-02-20 07:00:00,2930.84,2931.66,2927.8,2930.03,288.7632
2024-02-20 07:15:00,2930.03,2930.79,2926.48,2929.02,306.21
2024-02-20 07:30:00,2929.02,2930.37,2922.13,2923.24,280.2239
2024-02-20 07:45:00,2923.24,2924.23,2916.26,2921.69,555.7889
2024-02-20 08:00:00,2921.69,2923.87,2913.08,2918.08,638.7958
2024-02-20 08:15:00,2918.08,2918.71,2904.6,2911.42,1098.5191
2024-02-20 08:30:00,2911.42,2919.74,2911.42,2919.14,735.7747
2024-02-20 08:45:00,2919.14,2919.59,2912.89,2916.43,456.3255
2024-02-20 09:00:00,2916.43,2921.11,2911.6,2911.6,550.3721
2024-02-20 09:15:00,2911.6,2911.74,2891.32,2894.62,2625.8568
2024-02-20 09:30:00,2894.62,2897.6,2889.0,2889.02,856.6497
2024-02-20 09:45:00,2889.02,2902.85,2874.42,2900.5,3749.5588
2024-02-20 10:00:00,2900.5,2917.16,2900.27,2913.42,1144.8239
2024-02-20 10:15:00,2913.42,2916.51,2906.86,2916.51,559.6204
2024-02-20 10:30:00,2916.51,2923.63,2913.43,2913.79,921.1509
2024-02-20 10:45:00,2913.79,2920.0,2912.85,2919.66,544.6894
2024-02-20 11:00:00,2919.66,2941.32,2919.65,2931.13,3227.9688
2024-02-20 11:15:00,2931.13,2936.69,2926.68,2935.85,643.4037
2024-02-20 11:30:00,2935.85,2938.0,2931.24,2934.14,652.4085
2024-02-20 11:45:00,2934.14,2937.03,2929.0,2935.38,331.9836
2024-02-20 12:00:00,2935.38,2939.76,2932.35,2936.95,303.5221
2024-02-20 12:15:00,2936.95,2954.49,2934.01,2947.44,1672.3735
2024-02-20 12:30:00,2947.44,2952.1,2936.89,2938.27,578.3099
2024-02-20 12:45:00,2938.27,2938.63,2930.77,2931.0,719.5297
2024-02-20 13:00:00,2931.0,2959.95,2927.2,2959.95,817.6134
2024-02-20 13:15:00,2959.95,2970.85,2953.12,2967.78,3708.917
2024-02-20 13:30:00,2967.78,2996.12,2965.84,2995.76,2517.5554
2024-02-20 13:45:00,2995.76,3002.13,2977.95,2997.38,2865.8961
2024-02-20 14:00:00,2997.38,3004.5,2959.33,2972.19,6329.1406
2024-02-20 14:15:00,2972.19,2983.81,2954.36,2967.59,4645.0061
2024-02-20 14:30:00,2967.59,2972.16,2918.91,2936.65,7576.0035
2024-02-20 14:45:00,2936.65,2943.68,2922.73,2938.94,1854.941
2024-02-20 15:00:00,2938.94,2940.26,2920.01,2923.0,926.7397
2024-02-20 15:15:00,2923.0,2934.78,2907.22,2911.69,2669.1253
2024-02-20 15:30:00,2911.69,2929.03,2900.69,2927.58,2061.5043
2024-02-20 15:45:00,2927.58,2927.9,2917.22,2925.23,813.5829
2024-02-20 16:00:00,2925.23,2932.19,2921.68,2922.18,721.4471
2024-02-20 16:15:00,2922.18,2934.53,2919.75,2933.22,848.5888
2024-02-20 16:30:00,2933.22,2933.49,2912.93,2914.77,730.6227
2024-02-20 16:45:00,2914.77,2917.51,2894.08,2897.14,2149.1425
2024-02-20 17:00:00,2897.14,2912.18,2886.56,2911.42,4513.2152
2024-02-20 17:15:00,2911.42,2913.61,2887.0,2900.51,4568.9856
2024-02-20 17:30:00,2900.51,2909.93,2900.0,2909.15,1210.0138
2024-02-20 17:45:00,2909.15,2918.47,2902.0,2917.34,673.1228
2024-02-20 18:00:00,2917.34,2919.0,2908.26,2912.49,375.6684
2024-02-20 18:15:00,2912.49,2920.86,2908.78,2916.48,419.3718
2024-02-20 18:30:00,2916.48,2931.01,2914.51,2929.68,521.3946
2024-02-20 18:45:00,2929.68,2931.39,2924.49,2930.56,657.9921
2024-02-20 19:00:00,2930.56,2937.74,2927.03,2937.63,883.6934
2024-02-20 19:15:00,2937.63,2953.6,2934.22,2953.26,2211.9042
2024-02-20 19:30:00,2953.26,2963.52,2950.76,2958.77,1790.087
2024-02-20 19:45:00,2958.77,2987.04,2958.69,2986.05,2311.1347
2024-02-20 20:00:00,2986.05,2987.95,2974.45,2974.84,1506.4717
2024-02-20 20:15:00,2974.84,2980.34,2966.25,2966.99,1262.2662
2024-02-20 20:30:00,2966.99,2979.82,2966.99,2977.63,771.9682
2024-02-20 20:45:00,2977.63,2980.64,2971.17,2977.48,563.353
2024-02-20 21:00:00,2977.48,2983.89,2970.0,2979.52,890.0758
2024-02-20 21:15:00,2979.52,2994.58,2976.0,2993.53,1233.6083
2024-02-20 21:30:00,2993.53,2994.82,2987.18,2992.57,527.1186
2024-02-20 21:45:00,2992.57,2994.08,2987.12,2988.03,687.9893
2024-02-20 22:00:00,2988.03,2992.04,2983.63,2991.21,667.4306
2024-02-20 22:15:00,2991.21,2994.84,2986.48,2988.8,504.4936
2024-02-20 22:30:00,2988.8,2994.69,2983.48,2992.49,634.7817
2024-02-20 22:45:00,2992.49,3002.21,2992.49,2995.22,427.7168
2024-02-20 23:00:00,2995.22,3021.82,2995.17,3019.65,3257.5881
2024-02-20 23:15:00,3019.65,3032.96,3008.25,3012.08,1691.622
2024-02-20 23:30:00,3012.08,3014.91,3005.24,3008.04,588.4226
2024-02-20 23:45:00,3008.04,3016.2,3008.04,3014.71,270.5684
2024-02-21 00:00:00,3014.71,3017.36,3009.53,3012.49,264.9846
2024-02-21 00:15:00,3012.49,3014.26,3004.99,3008.06,421.6267
2024-02-21 00:30:00,3008.06,3010.19,3003.05,3004.95,423.9802
2024-02-21 00:45:00,3004.95,3008.77,2998.91,3003.63,812.0274
2024-02-21 01:00:00,3003.63,3004.1,2995.35,3003.25,598.1035
2024-02-21 01:15:00,3003.25,3004.53,2992.59,2995.22,594.8405
2024-02-21 01:30:00,2995.22,2999.72,2991.19,2991.85,452.6502
2024-02-21 01:45:00,2991.85,3000.61,2988.69,3000.36,283.6402
2024-02-21 02:00:00,3000.36,3004.48,2992.45,2996.32,261.1207
2024-02-21 02:15:00,2996.32,3004.86,2994.92,3001.97,455.2465
2024-02-21 02:30:00,3001.97,3007.83,2998.71,3005.38,296.6924
2024-02-21 02:45:00,3005.38,3012.5,3001.8,3009.85,542.6335
2024-02-21 03:00:00,3009.85,3011.02,3000.87,3001.24,452.3686
2024-02-21 03:15:00,3001.24,3010.77,3000.32,3005.75,424.546
2024-02-21 03:30:00,3005.75,3006.87,3002.52,3002.97,358.0354
2024-02-21 03:45:00,3002.97,3010.97,3002.56,3005.7,541.5306
2024-02-21 04:00:00,3005.7,3010.0,3004.15,3008.56,422.6097
2024-02-21 04:15:00,3008.56,3009.66,3003.33,3003.36,526.3552
2024-02-21 04:30:00,3003.36,3004.2,2986.55,2993.9,943.8016
2024-02-21 04:45:00,2993.9,2999.89,2990.23,2997.53,308.2768
2024-02-21 05:00:00,2997.53,3008.87,2996.13,3005.18,455.3115
2024-02-21 05:15:00,3005.18,3005.94,2997.25,2998.8,252.0175
2024-02-21 05:30:00,2998.8,3000.38,2983.34,2985.39,941.5324
2024-02-21 05:45:00,2985.39,2987.28,2972.54,2976.31,712.0113
2024-02-21 06:00:00,2976.31,2980.17,2967.05,2980.14,561.5378
2024-02-29 14:00:00,3478.6,3489.83,3472.58,3477.47,714.872
2024-02-29 14:15:00,3477.47,3484.39,3472.7,3484.37,613.31
2024-02-29 14:30:00,3484.37,3497.12,3464.95,3466.59,2887.5936
2024-02-29 14:45:00,3466.59,3471.67,3451.28,3468.6,2157.7695
2024-02-29 15:00:00,3468.6,3471.43,3455.85,3464.34,2080.1355
2024-02-29 15:15:00,3464.34,3485.29,3464.19,3480.68,2662.4011
2024-02-29 15:30:00,3480.68,3485.51,3466.29,3469.76,1649.522
2024-02-29 15:45:00,3469.76,3474.44,3461.7,3468.24,1204.2088
2024-02-29 16:00:00,3468.24,3470.51,3454.25,3456.57,1500.8768
2024-02-29 16:15:00,3456.57,3456.92,3429.77,3439.4,6337.2368
2024-02-29 16:30:00,3439.4,3452.44,3396.6,3426.62,11517.761
2024-02-29 16:45:00,3426.62,3443.3,3420.48,3441.33,3566.1632
2024-02-29 17:00:00,3441.33,3451.61,3431.11,3431.33,2320.7814
2024-02-29 17:15:00,3431.33,3441.73,3420.42,3424.99,2728.1065
2024-02-29 17:30:00,3424.99,3428.43,3352.94,3374.49,12160.2239
2024-02-29 17:45:00,3374.49,3390.29,3354.31,3384.85,8990.8356
2024-02-29 18:00:00,3384.85,3411.25,3384.53,3405.0,2994.6644
2024-02-29 18:15:00,3405.0,3409.73,3388.27,3388.27,1514.2344
2024-02-29 18:30:00,3388.27,3391.49,3361.48,3367.98,3159.7172
2024-02-29 18:45:00,3367.98,3373.99,3351.74,3370.18,2293.9362
2024-02-29 19:00:00,3370.18,3378.05,3358.54,3366.16,1422.967
2024-02-29 19:15:00,3366.16,3383.72,3366.12,3383.25,1212.0131
2024-02-29 19:30:00,3383.25,3402.41,3378.62,3394.65,2056.9639
2024-02-29 19:45:00,3394.65,3404.46,3388.26,3403.27,657.7366
2024-02-29 20:00:00,3403.27,3409.06,3394.95,3406.13,732.566
2024-02-29 20:15:00,3406.13,3414.87,3402.74,3412.94,746.3332
2024-02-29 20:30:00,3412.94,3415.49,3398.38,3399.28,761.9626
2024-02-29 20:45:00,3399.28,3408.58,3393.83,3393.83,852.5543
2024-02-29 21:00:00,3393.83,3398.73,3333.34,3351.36,4250.6829
2024-02-29 21:15:00,3351.36,3363.97,3336.0,3336.44,3054.8743
2024-02-29 21:30:00,3336.44,3343.52,3310.01,3332.15,3236.2699
2024-02-29 21:45:00,3332.15,3350.72,3320.56,3347.72,1480.1653
2024-02-29 22:00:00,3347.72,3357.72,3340.0,3347.27,2023.7906
2024-02-29 22:15:00,3347.27,3351.49,3315.08,3316.3,4135.5703
2024-02-29 22:30:00,3316.3,3326.72,3300.17,3300.51,4570.6614
2024-02-29 22:45:00,3300.51,3331.99,3300.51,3322.61,3714.4631
2024-02-29 23:00:00,3322.61,3342.7,3319.25,3340.38,1949.4168
2024-02-29 23:15:00,3340.38,3352.67,3339.19,3351.57,1293.0151
2024-02-29 23:30:00,3351.57,3356.7,3347.34,3352.83,898.4364
2024-02-29 23:45:00,3352.83,3358.78,3339.31,3340.52,1404.7847
2024-03-01 00:00:00,3340.52,3354.25,3338.95,3349.48,1786.3128
2024-03-01 00:15:00,3349.48,3378.11,3347.95,3369.67,6048.6226
2024-03-01 00:30:00,3369.67,3375.69,3363.69,3367.56,971.7083
2024-03-01 00:45:00,3367.56,3380.33,3364.13,3378.94,898.3617
2024-03-01 01:00:00,3378.94,3379.62,3364.7,3370.69,1366.8814
2024-03-01 01:15:00,3370.69,3381.33,3367.28,3379.02,344.0252
2024-03-01 01:30:00,3379.02,3387.94,3368.45,3384.22,769.8144
2024-03-01 01:45:00,3384.22,3388.54,3372.53,3375.23,581.7413
2024-03-01 02:00:00,3375.23,3380.8,3360.83,3361.25,883.7128
2024-03-01 02:15:00,3361.25,3368.45,3352.46,3365.14,1556.6674
2024-03-01 02:30:00,3365.14,3371.97,3360.0,3370.72,715.7532
2024-03-01 02:45:00,3370.72,3370.72,3360.36,3366.56,617.9248
2024-03-01 03:00:00,3366.56,3375.99,3362.99,3367.45,1151.2885
2024-03-01 03:15:00,3367.45,3367.87,3355.24,3358.96,656.9254
2024-03-01 03:30:00,3358.96,3367.61,3356.73,3365.32,699.8518
2024-03-01 03:45:00,3365.32,3377.65,3365.09,3367.96,865.3855
2024-03-01 04:00:00,3367.96,3374.45,3365.51,3374.36,530.0004
2024-03-01 04:15:00,3374.36,3382.47,3373.95,3378.96,409.8561
2024-03-01 04:30:00,3378.96,3381.48,3367.62,3370.1,350.3073
2024-03-01 04:45:00,3370.1,3378.28,3366.46,3376.93,437.0459
2024-03-01 05:00:00,3376.93,3384.3,3372.53,3383.2,515.2521
2024-03-01 05:15:00,3383.2,3386.84,3375.13,3375.53,484.0794
2024-03-01 05:30:00,3375.53,3377.99,3371.43,3375.39,326.1693
2024-03-01 05:45:00,3375.39,3380.0,3369.13,3369.71,399.555
2024-03-01 06:00:00,3369.71,3383.45,3369.12,3383.44,490.4846
2024-03-01 06:15:00,3383.44,3398.38,3383.44,3397.36,1273.3203
2024-03-01 06:30:00,3397.36,3397.68,3382.64,3385.76,1100.2964
2024-03-01 06:45:00,3385.76,3391.98,3382.63,3387.18,791.3377
2024-03-01 07:00:00,3387.18,3393.22,3385.73,3392.12,576.8979
2024-03-01 07:15:00,3392.12,3396.0,3375.27,3375.89,797.3838
2024-03-01 07:30:00,3375.89,3378.49,3367.76,3369.64,939.6152
2024-03-01 07:45:00,3369.64,3376.72,3364.86,3365.41,1505.9481
2024-03-01 08:00:00,3365.41,3371.31,3355.0,3365.91,1476.6384
2024-03-01 08:15:00,3365.91,3396.98,3365.57,3393.99,1235.7744
2024-03-01 08:30:00,3393.99,3436.82,3391.99,3434.68,2621.7569
2024-03-01 08:45:00,3434.68,3436.95,3416.73,3420.94,1643.0144
2024-03-01 09:00:00,3420.94,3431.35,3416.75,3421.08,1208.4608
2024-03-01 09:15:00,3421.08,3428.17,3418.46,3423.5,914.4445
2024-03-01 09:30:00,3423.5,3429.08,3417.5,3425.34,779.8556
2024-03-01 09:45:00,3425.34,3430.58,3422.76,3428.81,563.2424
2024-03-01 10:00:00,3428.81,3428.81,3415.55,3416.16,602.6578
2024-03-01 10:15:00,3416.16,3427.43,3414.45,3417.58,698.4037
2024-03-01 10:30:00,3417.58,3421.68,3407.12,3409.12,756.5159
2024-03-01 10:45:00,3409.12,3411.06,3400.74,3406.09,683.8096
2024-03-01 11:00:00,3406.09,3412.84,3404.57,3408.26,681.4654
2024-03-01 11:15:00,3408.26,3411.05,3401.07,3406.32,721.8151
2024-03-01 11:30:00,3406.32,3416.39,3398.81,3414.11,1425.146
2024-03-01 11:45:00,3414.11,3417.65,3409.01,3410.71,890.259
2024-03-01 12:00:00,3410.71,3422.0,3410.04,3416.1,915.9236
2024-03-01 12:15:00,3416.1,3426.77,3416.1,3420.92,1279.2663
2024-03-01 12:30:00,3420.92,3435.97,3420.92,3432.91,1209.2622
2024-03-01 12:45:00,3432.91,3436.62,3420.88,3423.98,1651.6681
2024-03-01 13:00:00,3423.98,3435.93,3422.62,3434.99,666.9336
2024-03-01 13:15:00,3434.99,3449.47,3432.83,3441.76,1370.1429
2024-03-01 13:30:00,3441.76,3445.76,3434.22,3437.92,866.6267
2024-03-01 13:45:00,3437.92,3443.69,3434.43,3438.55,655.8099
2024-03-01 14:00:00,3438.55,3440.81,3432.05,3438.44,1318.2941
2024-03-01 14:15:00,3438.44,3449.4,3436.49,3444.51,1267.8984
2024-03-01 14:30:00,3444.51,3449.45,3389.01,3413.85,11884.0317
2024-03-01 14:45:00,3413.85,3417.24,3400.2,3415.89,2891.393
2024-03-01 15:00:00,3415.89,3427.88,3408.11,3415.27,5300.0973
2024-03-01 15:15:00,3415.27,3419.36,3403.23,3410.76,2392.4189
2024-03-01 15:30:00,3410.76,3414.39,3393.76,3402.85,2769.0794
2024-03-01 15:45:00,3402.85,3406.99,3380.15,3390.71,4350.4714
2024-03-01 16:00:00,3390.71,3400.69,3390.03,3397.02,909.8379
2024-03-01 16:15:00,3397.02,3402.46,3380.25,3396.27,1297.7272
2024-03-01 16:30:00,3396.27,3396.93,3382.21,3392.28,1150.8722
2024-03-01 16:45:00,3392.28,3396.49,3387.15,3387.16,695.528
2024-03-01 17:00:00,3387.16,3403.56,3387.16,3401.51,692.4923
2024-03-01 17:15:00,3401.51,3419.89,3401.03,3411.7,1360.9376
2024-03-01 17:30:00,3411.7,3423.54,3411.06,3423.37,890.5255
2024-03-01 17:45:00,3423.37,3425.42,3416.4,3419.4,612.8367
2024-03-01 18:00:00,3419.4,3421.37,3410.2,3417.32,1254.6386
2024-03-01 18:15:00,3417.32,3428.1,3412.64,3428.06,1332.8083
2024-03-01 18:30:00,3428.06,3432.69,3421.26,3430.25,1336.3027
2024-03-01 18:45:00,3430.25,3433.79,3426.0,3431.61,1045.6672
2024-03-01 19:00:00,3431.61,3435.65,3421.04,3426.58,756.5093
2024-03-01 19:15:00,3426.58,3430.0,3420.51,3422.92,467.0102
2024-03-01 19:30:00,3422.92,3428.18,3419.39,3427.49,502.252
2024-03-01 19:45:00,3427.49,3428.3,3422.86,3427.5,554.8769
2024-03-01 20:00:00,3427.5,3436.83,3421.19,3423.08,926.0902
2024-03-01 20:15:00,3423.08,3434.52,3421.11,3434.5,851.8568
2024-03-01 20:30:00,3434.5,3436.2,3428.24,3429.19,751.7693
2024-03-01 20:45:00,3429.19,3449.28,3421.85,3443.34,1403.0839
2024-03-01 21:00:00,3443.34,3445.37,3424.39,3443.97,2996.3365
2024-03-01 21:15:00,3443.97,3448.4,3432.95,3436.83,1307.9328
2024-03-01 21:30:00,3436.83,3437.9,3427.21,3432.06,564.3775
2024-03-01 21:45:00,3432.06,3432.88,3424.0,3426.52,553.4998
2024-03-01 22:00:00,3426.52,3435.67,3424.13,3435.37,384.3771
2024-03-01 22:15:00,3435.37,3438.07,3429.16,3430.04,536.0056
2024-03-01 22:30:00,3430.04,3435.02,3425.74,3430.68,454.003
2024-03-01 22:45:00,3430.68,3438.19,3426.71,3433.4,311.3528
2024-03-01 23:00:00,3433.4,3449.14,3433.33,3444.86,660.9785
2024-03-01 23:15:00,3444.86,3447.14,3435.36,3439.42,801.3114
2024-03-01 23:30:00,3439.42,3440.17,3428.85,3429.68,474.5507
2024-03-01 23:45:00,3429.68,3435.52,3428.77,3432.95,402.0739
2024-03-02 00:00:00,3432.95,3436.51,3427.29,3433.94,601.9591
2024-03-02 00:15:00,3433.94,3446.16,3428.0,3445.86,576.1691
2024-03-02 00:30:00,3445.86,3459.82,3444.24,3454.51,1196.2411
2024-03-02 00:45:00,3454.51,3460.0,3442.15,3457.8,921.8597
2024-03-02 01:00:00,3457.8,3458.55,3435.0,3435.26,1104.5237
2024-03-02 01:15:00,3435.26,3446.98,3425.0,3428.45,1070.3312
2024-03-02 01:30:00,3428.45,3439.08,3427.25,3437.09,717.7078
2024-03-02 01:45:00,3437.09,3443.53,3433.56,3442.6,595.0411
2024-03-02 02:00:00,3442.6,3446.41,3430.77,3432.35,989.6013
2024-03-02 02:15:00,3432.35,3438.44,3428.73,3434.8,596.8329
2024-03-02 02:30:00,3434.8,3443.66,3431.75,3432.62,762.3379
2024-03-02 02:45:00,3432.62,3440.15,3430.46,3437.51,537.7288
2024-03-02 03:00:00,3437.51,3440.33,3429.42,3430.62,555.7362
2024-03-02 03:15:00,3430.62,3434.55,3428.57,3433.08,474.1182
2024-03-02 03:30:00,3433.08,3444.27,3433.08,3443.03,430.7001
2024-03-02 03:45:00,3443.03,3443.78,3437.03,3442.26,551.4509
2024-03-02 04:00:00,3442.26,3445.0,3438.0,3439.92,427.2907
2024-03-02 04:15:00,3439.92,3442.43,3431.6,3432.24,604.4761
2024-03-02 04:30:00,3432.24,3438.61,3431.47,3432.33,581.2606
2024-03-02 04:45:00,3432.33,3434.48,3427.6,3427.61,547.5687
2024-03-02 05:00:00,3427.61,3431.1,3421.31,3422.88,432.6284
2024-03-02 05:15:00,3422.88,3423.31,3399.39,3415.27,4478.7342
2024-03-02 05:30:00,3415.27,3416.53,3411.81,3413.66,413.285
2024-03-02 05:45:00,3413.66,3421.16,3412.55,3419.54,591.8428
2024-03-02 06:00:00,3419.54,3424.02,3414.81,3424.02,310.5213
2024-03-02 06:15:00,3424.02,3448.08,3424.01,3448.07,2230.6741
2024-03-02 06:30:00,3448.07,3448.49,3438.93,3443.27,637.6103
2024-03-02 06:45:00,3443.27,3444.13,3435.4,3436.17,394.4723
2024-03-02 07:00:00,3436.17,3440.21,3427.01,3432.27,888.3321
2024-03-02 07:15:00,3432.27,3438.24,3428.43,3428.46,648.3253
2024-03-02 07:30:00,3428.46,3430.86,3424.73,3429.33,587.6829
2024-03-02 07:45:00,3429.33,3433.42,3422.59,3430.31,769.9329
2024-03-02 08:00:00,3430.31,3435.77,3422.37,3422.66,806.1022
2024-03-02 08:15:00,3422.66,3424.17,3405.81,3415.77,1528.3591
2024-03-02 08:30:00,3415.77,3424.19,3411.43,3422.63,791.0551
2024-03-02 08:45:00,3422.63,3425.56,3416.37,3417.75,649.8123
2024-03-02 09:00:00,3417.75,3423.15,3415.16,3418.63,649.5761
2024-03-02 09:15:00,3418.63,3419.95,3409.53,3411.69,1087.9492
2024-03-02 09:30:00,3411.69,3411.7,3394.52,3401.44,1715.9028
2024-03-02 09:45:00,3401.44,3410.38,3396.35,3403.42,1563.7258
2024-03-02 10:00:00,3403.42,3411.94,3401.6,3410.26,588.1965
2024-03-02 10:15:00,3410.26,3415.16,3405.32,3409.11,1144.2851
2024-03-02 10:30:00,3409.11,3413.97,3409.11,3412.77,656.8486
2024-03-02 10:45:00,3412.77,3412.79,3402.95,3407.47,912.2225
2024-03-02 11:00:00,3407.47,3415.4,3406.57,3409.5,558.8074
2024-03-02 11:15:00,3409.5,3412.64,3403.71,3411.49,359.2967
2024-03-02 11:30:00,3411.49,3416.38,3406.0,3415.73,372.958
2024-03-02 11:45:00,3415.73,3416.05,3403.62,3403.64,395.8772
2024-03-02 12:00:00,3403.64,3415.9,3403.33,3414.88,523.4792
2024-03-02 12:15:00,3414.88,3423.9,3412.49,3419.63,434.0876
2024-03-02 12:30:00,3419.63,3426.87,3416.69,3423.28,406.6312
2024-03-02 12:45:00,3423.28,3426.48,3418.61,3420.62,368.0695
2024-03-02 13:00:00,3420.62,3420.96,3413.26,3417.61,339.0686
2024-03-02 13:15:00,3417.61,3421.45,3413.55,3413.61,404.6841
2024-03-02 13:30:00,3413.61,3422.39,3409.5,3422.37,463.0065
2024-03-02 13:45:00,3422.37,3424.78,3409.77,3410.16,903.5413
2024-03-02 14:00:00,3410.16,3410.27,3396.14,3405.38,2034.5777
2024-03-02 14:15:00,3405.38,3416.34,3398.05,3401.74,2387.1869
2024-03-02 14:30:00,3401.74,3409.74,3394.53,3399.49,1994.0583
2024-03-02 14:45:00,3399.49,3414.97,3399.49,3413.2,1360.5683
2024-03-02 15:00:00,3413.2,3420.71,3413.14,3419.75,1004.825
2024-03-02 15:15:00,3419.75,3422.06,3410.53,3422.05,1327.1947
2024-03-02 15:30:00,3422.05,3424.19,3409.09,3420.19,1477.0168
2024-03-02 15:45:00,3420.19,3423.25,3413.83,3418.09,738.6964
2024-03-10 23:45:00,3870.26,3884.15,3868.59,3878.79,1465.8543
2024-03-11 00:00:00,3878.79,3888.58,3875.2,3881.27,876.3453
2024-03-11 00:15:00,3881.27,3886.85,3861.9,3863.32,933.0923
2024-03-11 00:30:00,3863.32,3869.72,3837.22,3838.87,918.0301
2024-03-11 00:45:00,3838.87,3849.24,3726.55,3827.81,5492.3101
2024-03-11 01:00:00,3827.81,3840.29,3805.92,3830.09,1947.9916
2024-03-11 01:15:00,3830.09,3839.68,3810.5,3815.22,1973.8804
2024-03-11 01:30:00,3815.22,3817.49,3778.77,3793.68,2692.9526
2024-03-11 01:45:00,3793.68,3819.19,3784.85,3818.49,1735.8204
2024-03-11 02:00:00,3818.49,3839.0,3814.24,3838.99,1406.162
2024-03-11 02:15:00,3838.99,3838.99,3826.52,3835.43,1509.5509
2024-03-11 02:30:00,3835.43,3843.43,3825.57,3828.8,1780.7865
2024-03-11 02:45:00,3828.8,3840.63,3827.09,3835.22,1068.1793
2024-03-11 03:00:00,3835.22,3861.78,3833.64,3860.7,682.2124
2024-03-11 03:15:00,3860.7,3864.94,3855.01,3862.52,956.1915
2024-03-11 03:30:00,3862.52,3863.19,3849.51,3855.68,773.2844
2024-03-11 03:45:00,3855.68,3867.47,3849.33,3867.0,914.164
2024-03-11 04:00:00,3867.0,3877.82,3859.22,3859.23,1390.2072
2024-03-11 04:15:00,3859.23,3866.26,3857.57,3861.23,1233.5579
2024-03-11 04:30:00,3861.23,3864.6,3854.5,3859.39,1166.6079
2024-03-11 04:45:00,3859.39,3859.52,3852.22,3856.43,1200.4049
2024-03-11 05:00:00,3856.43,3877.97,3855.57,3874.1,1075.318
2024-03-11 05:15:00,3874.1,3878.91,3851.6,3859.58,1339.8407
2024-03-11 05:30:00,3859.58,3860.85,3853.27,3853.99,1254.1529
2024-03-11 05:45:00,3853.99,3857.38,3842.5,3847.91,1001.9498
2024-03-11 06:00:00,3847.91,3849.95,3834.28,3838.46,1285.1451
2024-03-11 06:15:00,3838.46,3852.57,3838.04,3846.34,1150.6717
2024-03-11 06:30:00,3846.34,3849.54,3838.41,3848.33,1246.1012
2024-03-11 06:45:00,3848.33,3884.09,3845.54,3884.09,1364.609
2024-03-11 07:00:00,3884.09,3950.0,3880.94,3949.79,5659.7804
2024-03-11 07:15:00,3949.79,3969.69,3929.0,3965.99,2753.3729
2024-03-11 07:30:00,3965.99,4003.26,3956.49,3977.88,2926.6403
2024-03-11 07:45:00,3977.88,4010.8,3975.42,4001.19,2611.0375
2024-03-11 08:00:00,4001.19,4018.78,3986.68,3999.79,1804.6842
2024-03-11 08:15:00,3999.79,4009.66,3987.31,3995.73,1436.3113
2024-03-11 08:30:00,3995.73,4007.59,3986.67,4001.88,1062.2559
2024-03-11 08:45:00,4001.88,4015.71,3996.43,4015.43,1161.1046
2024-03-11 09:00:00,4015.43,4019.26,3994.72,4006.87,1828.9902
2024-03-11 09:15:00,4006.87,4007.24,3990.0,4006.66,1534.1994
2024-03-11 09:30:00,4006.66,4018.73,4005.82,4010.45,1104.4056
2024-03-11 09:45:00,4010.45,4045.66,4009.8,4036.33,2346.4487
2024-03-11 10:00:00,4036.33,4038.0,4028.13,4029.94,1140.8267
2024-03-11 10:15:00,4029.94,4035.26,4025.0,4035.15,1242.8968
2024-03-11 10:30:00,4035.15,4037.12,4028.26,4028.67,1411.0279
2024-03-11 10:45:00,4028.67,4033.34,4023.54,4025.41,1269.0233
2024-03-11 11:00:00,4025.41,4035.35,4022.61,4026.84,1008.7472
2024-03-11 11:15:00,4026.84,4029.37,4022.05,4025.46,607.3976
2024-03-11 11:30:00,4025.46,4050.0,4024.03,4049.78,971.043
2024-03-11 11:45:00,4049.78,4054.09,4019.31,4034.0,1418.6574
2024-03-11 12:00:00,4034.0,4043.29,4024.97,4040.01,1391.8632
2024-03-11 12:15:00,4040.01,4047.84,4029.43,4047.2,1201.2078
2024-03-11 12:30:00,4047.2,4065.22,4044.21,4057.46,1994.1865
2024-03-11 12:45:00,4057.46,4065.0,4044.21,4054.75,1442.7549
2024-03-11 13:00:00,4054.75,4055.38,4044.22,4047.78,1126.3454
2024-03-11 13:15:00,4047.78,4062.31,4045.02,4052.75,1068.6961
2024-03-11 13:30:00,4052.75,4055.94,4034.19,4040.92,889.2645
2024-03-11 13:45:00,4040.92,4045.18,4016.85,4021.86,1017.0773
2024-03-11 14:00:00,4021.86,4048.88,4021.66,4047.43,1591.0312
2024-03-11 14:15:00,4047.43,4048.6,4034.9,4040.37,1747.362
2024-03-11 14:30:00,4040.37,4048.6,4030.25,4034.53,1712.4348
2024-03-11 14:45:00,4034.53,4039.47,4031.19,4034.25,1624.8853
2024-03-11 15:00:00,4034.25,4052.55,4029.51,4046.23,1533.3333
2024-03-11 15:15:00,4046.23,4046.23,4028.86,4039.93,1229.5861
2024-03-11 15:30:00,4039.93,4049.59,4033.0,4033.03,1442.5333
2024-03-11 15:45:00,4033.03,4035.05,4017.84,4017.89,1279.6694
2024-03-11 16:00:00,4017.89,4023.63,4000.42,4022.64,2708.3736
2024-03-11 16:15:00,4022.64,4027.13,4017.45,4022.68,1717.0652
2024-03-11 16:30:00,4022.68,4042.86,4022.68,4041.89,1803.6316
2024-03-11 16:45:00,4041.89,4045.57,4036.88,4040.12,1200.1623
2024-03-11 17:00:00,4040.12,4041.8,4031.81,4033.13,1018.712
2024-03-11 17:15:00,4033.13,4045.79,4030.13,4040.0,672.562
2024-03-11 17:30:00,4040.0,4050.77,4036.61,4037.19,769.7061
2024-03-11 17:45:00,4037.19,4049.91,4034.05,4038.73,787.1085
2024-03-11 18:00:00,4038.73,4039.86,4034.32,4037.97,980.596
2024-03-11 18:15:00,4037.97,4087.4,4037.21,4069.53,3129.1225
2024-03-11 18:30:00,4069.53,4072.01,4046.66,4050.31,1480.8114
2024-03-11 18:45:00,4050.31,4067.83,4048.81,4058.45,1434.3825
2024-03-11 19:00:00,4058.45,4062.57,4050.63,4057.1,1017.4408
2024-03-11 19:15:00,4057.1,4059.58,4049.12,4053.89,779.6502
2024-03-11 19:30:00,4053.89,4057.98,4032.09,4041.99,998.823
2024-03-11 19:45:00,4041.99,4044.6,4029.42,4031.66,740.0958
2024-03-11 20:00:00,4031.66,4037.38,4028.32,4034.49,746.2213
2024-03-11 20:15:00,4034.49,4034.74,4029.04,4032.99,503.9998
2024-03-11 20:30:00,4032.99,4036.92,4029.34,4036.88,622.5518
2024-03-11 20:45:00,4036.88,4037.08,4029.37,4031.82,663.5414
2024-03-11 21:00:00,4031.82,4034.78,4029.71,4032.24,826.7512
2024-03-11 21:15:00,4032.24,4053.2,4031.74,4052.28,775.1862
2024-03-11 21:30:00,4052.28,4053.3,4044.82,4045.63,916.4343
2024-03-11 21:45:00,4045.63,4058.29,4044.31,4054.42,811.8287
2024-03-11 22:00:00,4054.42,4054.42,4045.01,4050.74,1040.426
2024-03-11 22:15:00,4050.74,4062.69,4050.71,4062.42,1002.5818
2024-03-11 22:30:00,4062.42,4068.52,4052.91,4067.28,1022.1925
2024-03-11 22:45:00,4067.28,4069.1,4056.06,4067.61,1264.9464
2024-03-11 23:00:00,4067.61,4077.9,4062.8,4077.64,1167.1974
2024-03-11 23:15:00,4077.64,4081.4,4070.14,4080.39,960.5596
2024-03-11 23:30:00,4080.39,4082.08,4070.99,4074.18,887.7315
2024-03-11 23:45:00,4074.18,4074.18,4064.87,4065.01,852.6526
2024-03-12 00:00:00,4065.01,4089.19,4065.0,4080.39,1191.5672
2024-03-12 00:15:00,4080.39,4092.45,4073.96,4074.3,1267.5672
2024-03-12 00:30:00,4074.3,4082.29,4071.35,4077.72,1034.9251
2024-03-12 00:45:00,4077.72,4077.75,4054.31,4057.49,1046.6402
2024-03-12 01:00:00,4057.49,4069.4,4048.84,4065.93,1165.3711
2024-03-12 01:15:00,4065.93,4068.25,4059.02,4062.32,636.3383
2024-03-12 01:30:00,4062.32,4063.0,4055.18,4062.1,725.9949
2024-03-12 01:45:00,4062.1,4062.88,4057.15,4061.78,705.3809
2024-03-12 02:00:00,4061.78,4061.79,4053.55,4054.26,581.6481
2024-03-12 02:15:00,4054.26,4056.06,4049.9,4050.29,1466.1969
2024-03-12 02:30:00,4050.29,4055.04,4048.58,4054.67,1604.7457
2024-03-12 02:45:00,4054.67,4057.4,4051.39,4052.39,2043.2055
2024-03-12 03:00:00,4052.39,4059.63,4048.46,4050.07,1671.6607
2024-03-12 03:15:00,4050.07,4050.17,4034.5,4042.58,2286.2586
2024-03-12 03:30:00,4042.58,4053.6,4037.25,4047.75,2449.956
2024-03-12 03:45:00,4047.75,4047.76,4022.12,4028.78,2170.0202
2024-03-12 04:00:00,4028.78,4038.45,4023.6,4037.58,1881.6865
2024-03-12 04:15:00,4037.58,4047.81,4036.95,4041.89,1653.6792
2024-03-12 04:30:00,4041.89,4042.34,4036.4,4039.95,999.9516
2024-03-12 04:45:00,4039.95,4052.4,4035.82,4036.96,1234.6177
2024-03-12 05:00:00,4036.96,4041.74,4033.0,4038.39,1128.664
2024-03-12 05:15:00,4038.39,4041.48,4036.63,4040.89,1611.7553
2024-03-12 05:30:00,4040.89,4041.18,4033.2,4039.38,2045.578
2024-03-12 05:45:00,4039.38,4043.41,4034.5,4040.01,1978.0248
2024-03-12 06:00:00,4040.01,4040.01,4017.87,4020.87,3064.3204
2024-03-12 06:15:00,4020.87,4025.85,4005.07,4005.18,3030.9413
2024-03-12 06:30:00,4005.18,4014.53,4000.5,4010.07,3855.9261
2024-03-12 06:45:00,4010.07,4032.22,4009.22,4030.48,2317.2638
2024-03-12 07:00:00,4030.48,4031.48,4023.12,4024.75,2126.9956
2024-03-12 07:15:00,4024.75,4032.82,4024.26,4029.51,2200.1344
2024-03-12 07:30:00,4029.51,4029.51,4017.46,4019.8,2025.7941
2024-03-12 07:45:00,4019.8,4031.44,4017.7,4027.28,2806.2582
2024-03-12 08:00:00,4027.28,4034.25,3983.54,3984.15,5868.2992
2024-03-12 08:15:00,3984.15,3999.55,3965.73,3976.09,12403.6012
2024-03-12 08:30:00,3976.09,3990.73,3969.34,3982.74,5310.5596
2024-03-12 08:45:00,3982.74,3987.29,3976.0,3985.64,3694.9702
2024-03-12 09:00:00,3985.64,3998.94,3983.97,3998.31,1311.9758
2024-03-12 09:15:00,3998.31,4011.75,3995.85,4010.22,1306.9271
2024-03-12 09:30:00,4010.22,4010.65,4001.32,4008.07,1028.6108
2024-03-12 09:45:00,4008.07,4011.48,4002.13,4009.41,1160.6004
2024-03-12 10:00:00,4009.41,4010.65,4000.47,4002.43,901.7682
2024-03-12 10:15:00,4002.43,4005.28,3992.87,3995.09,857.3012
2024-03-12 10:30:00,3995.09,4010.53,3995.09,4005.68,820.181
2024-03-12 10:45:00,4005.68,4010.96,4004.82,4007.59,734.0634
2024-03-12 11:00:00,4007.59,4027.9,4005.31,4019.04,1249.0822
2024-03-12 11:15:00,4019.04,4065.21,4015.23,4035.09,5151.2061
2024-03-12 11:30:00,4035.09,4043.07,4021.67,4026.07,1576.0186
2024-03-12 11:45:00,4026.07,4028.14,4018.94,4020.91,1755.2214
2024-03-12 12:00:00,4020.91,4029.46,4001.53,4005.14,1577.8685
2024-03-12 12:15:00,4005.14,4007.0,3980.75,3987.89,1382.0338
2024-03-12 12:30:00,3987.89,4026.43,3977.53,4019.61,2480.8708
2024-03-12 12:45:00,4019.61,4029.16,4010.35,4021.95,961.7242
2024-03-12 13:00:00,4021.95,4029.38,4015.15,4028.98,835.4839
2024-03-12 13:15:00,4028.98,4035.29,4018.71,4030.47,1329.2613
2024-03-12 13:30:00,4030.47,4037.25,4004.14,4004.14,1494.7416
2024-03-12 13:45:00,4004.14,4027.88,3999.32,4024.53,1415.0363
2024-03-12 14:00:00,4024.53,4053.14,3992.34,3998.23,5451.0234
2024-03-12 14:15:00,3998.23,4013.56,3989.37,4008.32,1689.1302
2024-03-12 14:30:00,4008.32,4022.5,3992.0,3998.59,1708.3654
2024-03-12 14:45:00,3998.59,4005.81,3978.94,3979.99,1083.016
2024-03-12 15:00:00,3979.99,4004.88,3950.9,3999.42,3856.4
2024-03-12 15:15:00,3999.42,4005.66,3989.51,4001.47,1211.6911
2024-03-12 15:30:00,4001.47,4003.24,3991.95,3995.2,1001.4948
2024-03-12 15:45:00,3995.2,3997.27,3983.13,3988.25,965.8147
2024-03-12 16:00:00,3988.25,3991.71,3960.62,3968.73,1141.81
2024-03-12 16:15:00,3968.73,3968.89,3900.8,3924.08,5695.6376
2024-03-12 16:30:00,3924.08,3934.99,3901.21,3920.04,4018.0953
2024-03-12 16:45:00,3920.04,3937.65,3916.56,3921.79,1737.6773
2024-03-12 17:00:00,3921.79,3926.94,3872.07,3890.38,9304.077
2024-03-12 17:15:00,3890.38,3895.41,3830.6,3865.12,9599.0083
2024-03-12 17:30:00,3865.12,3932.1,3865.02,3923.17,6441.906
2024-03-12 17:45:00,3923.17,3950.8,3919.22,3950.62,4187.3349
2024-03-12 18:00:00,3950.62,3961.03,3938.78,3942.87,2927.1655
2024-03-12 18:15:00,3942.87,3957.8,3932.85,3946.07,1851.4542
2024-03-12 18:30:00,3946.07,3971.81,3946.07,3954.87,1924.7238
2024-03-12 18:45:00,3954.87,3972.69,3952.81,3969.72,1079.0805
2024-03-12 19:00:00,3969.72,3977.72,3956.54,3974.32,1130.4265
2024-03-12 19:15:00,3974.32,3985.0,3963.13,3979.11,1089.7891
2024-03-12 19:30:00,3979.11,3987.16,3975.86,3984.26,721.0958
2024-03-12 19:45:00,3984.26,3990.9,3972.94,3980.14,973.9647
2024-03-12 20:00:00,3980.14,3980.67,3966.75,3971.64,793.2293
2024-03-12 20:15:00,3971.64,3972.45,3942.97,3952.4,1734.3525
2024-03-12 20:30:00,3952.4,3961.88,3927.62,3956.79,1934.6257
2024-03-12 20:45:00,3956.79,3957.55,3943.64,3949.28,753.7154
2024-03-12 21:00:00,3949.28,3949.33,3931.73,3941.1,725.9144
2024-03-12 21:15:00,3941.1,3942.69,3929.68,3938.2,902.5094
2024-03-12 21:30:00,3938.2,3952.91,3931.21,3949.22,1018.1553
2024-03-12 21:45:00,3949.22,3949.74,3936.58,3940.75,634.088
2024-03-12 22:00:00,3940.75,3954.09,3933.8,3952.11,961.9845
2024-03-12 22:15:00,3952.11,3957.91,3941.49,3942.67,1295.0337
2024-03-12 22:30:00,3942.67,3954.41,3934.32,3953.61,1404.0108
2024-03-12 22:45:00,3953.61,3955.94,3947.37,3949.38,1183.5031
2024-03-12 23:00:00,3949.38,3951.67,3939.85,3941.57,829.5183
2024-03-12 23:15:00,3941.57,3970.18,3941.56,3967.87,730.4629
2024-03-12 23:30:00,3967.87,3979.31,3965.72,3973.4,634.5403
2024-03-12 23:45:00,3973.4,3980.53,3971.8,3980.0,626.3296
2024-03-13 00:00:00,3980.0,3999.61,3974.15,3987.32,1012.973
2024-03-13 00:15:00,3987.32,3987.32,3973.73,3978.73,1189.4092
2024-03-13 00:30:00,3978.73,3987.59,3974.17,3982.59,931.3372
2024-03-13 00:45:00,3982.59,3991.11,3977.59,3978.23,1216.8941
2024-03-13 01:00:00,3978.23,3988.2,3975.5,3982.21,1140.063
2024-03-13 01:15:00,3982.21,4001.6,3980.3,4001.3,1187.0824
2024-03-13 01:30:00,4001.3,4029.88,4000.77,4020.3,2556.0983
2024-03-21 09:30:00,3560.43,3561.64,3527.16,3531.02,1243.441
2024-03-21 09:45:00,3531.02,3541.28,3524.0,3536.66,1525.1824
2024-03-21 10:00:00,3536.66,3549.9,3530.61,3549.3,1388.6493
2024-03-21 10:15:00,3549.3,3549.88,3533.4,3538.14,2298.1964
2024-03-21 10:30:00,3538.14,3540.11,3525.68,3529.66,1255.6084
2024-03-21 10:45:00,3529.66,3550.24,3529.41,3541.8,1783.9678
2024-03-21 11:00:00,3541.8,3549.97,3540.83,3547.33,1866.778
2024-03-21 11:15:00,3547.33,3548.97,3520.14,3526.0,1798.9067
2024-03-21 11:30:00,3526.0,3544.44,3521.09,3537.12,3141.5205
2024-03-21 11:45:00,3537.12,3539.67,3527.84,3531.31,1788.7291
2024-03-21 12:00:00,3531.31,3548.81,3531.26,3544.32,1285.1918
2024-03-21 12:15:00,3544.32,3548.68,3535.06,3547.92,1065.5084
2024-03-21 12:30:00,3547.92,3565.11,3535.31,3535.73,2426.0121
2024-03-21 12:45:00,3535.73,3551.82,3524.1,3541.61,2048.1521
2024-03-21 13:00:00,3541.61,3558.23,3540.07,3549.34,1818.8029
2024-03-21 13:15:00,3549.34,3557.62,3538.38,3554.32,2643.4338
2024-03-21 13:30:00,3554.32,3574.47,3534.09,3538.67,4842.0272
2024-03-21 13:45:00,3538.67,3541.16,3516.13,3519.93,4155.677
2024-03-21 14:00:00,3519.93,3548.05,3511.38,3543.45,2329.0537
2024-03-21 14:15:00,3543.45,3565.0,3535.7,3547.21,3824.6836
2024-03-21 14:30:00,3547.21,3549.1,3530.79,3535.24,1699.7352
2024-03-21 14:45:00,3535.24,3538.47,3521.48,3529.77,1969.3703
2024-03-21 15:00:00,3529.77,3533.52,3493.09,3498.82,2873.0327
2024-03-21 15:15:00,3498.82,3510.04,3487.25,3490.67,4689.0058
2024-03-21 15:30:00,3490.67,3508.37,3479.36,3499.31,5848.8753
2024-03-21 15:45:00,3499.31,3499.68,3479.03,3497.31,3665.9325
2024-03-21 16:00:00,3497.31,3505.34,3485.01,3502.05,3319.068
2024-03-21 16:15:00,3502.05,3527.84,3495.17,3521.33,3655.1844
2024-03-21 16:30:00,3521.33,3522.6,3504.3,3508.82,2245.9696
2024-03-21 16:45:00,3508.82,3530.27,3503.06,3529.27,2178.9814
2024-03-21 17:00:00,3529.27,3545.43,3515.4,3527.4,5000.1987
2024-03-21 17:15:00,3527.4,3527.4,3488.2,3489.16,3292.6803
2024-03-21 17:30:00,3489.16,3499.9,3476.42,3477.26,5478.8832
2024-03-21 17:45:00,3477.26,3488.34,3462.17,3472.75,3596.2204
2024-03-21 18:00:00,3472.75,3481.06,3434.34,3436.08,4925.4812
2024-03-21 18:15:00,3436.08,3449.91,3427.37,3446.64,6191.18
2024-03-21 18:30:00,3446.64,3446.94,3412.18,3413.5,6153.6388
2024-03-21 18:45:00,3413.5,3431.03,3412.33,3421.94,2928.4728
2024-03-21 19:00:00,3421.94,3435.27,3416.9,3433.41,4290.4503
2024-03-21 19:15:00,3433.41,3435.13,3418.53,3430.8,3084.8168
2024-03-21 19:30:00,3430.8,3452.21,3430.01,3446.97,3228.7907
2024-03-21 19:45:00,3446.97,3451.55,3434.06,3441.42,3568.4059
2024-03-21 20:00:00,3441.42,3474.99,3412.52,3474.82,7287.8805
2024-03-21 20:15:00,3474.82,3499.33,3466.31,3483.52,8276.1386
2024-03-21 20:30:00,3483.52,3486.58,3465.36,3472.91,5293.995
2024-03-21 20:45:00,3472.91,3486.66,3454.34,3484.9,4468.5511
2024-03-21 21:00:00,3484.9,3489.9,3474.7,3477.94,2888.9936
2024-03-21 21:15:00,3477.94,3489.87,3468.77,3472.5,2344.5875
2024-03-21 21:30:00,3472.5,3490.0,3472.43,3487.64,2685.6342
2024-03-21 21:45:00,3487.64,3507.37,3487.61,3504.07,1594.6203
2024-03-21 22:00:00,3504.07,3521.99,3500.37,3517.91,1854.6168
2024-03-21 22:15:00,3517.91,3519.82,3492.13,3503.39,2364.3331
2024-03-21 22:30:00,3503.39,3507.24,3490.43,3498.11,1155.6412
2024-03-21 22:45:00,3498.11,3501.85,3482.39,3483.09,1560.3838
2024-03-21 23:00:00,3483.09,3492.09,3480.62,3489.17,1658.7887
2024-03-21 23:15:00,3489.17,3492.72,3482.14,3485.93,1160.6605
2024-03-21 23:30:00,3485.93,3494.54,3480.64,3487.02,1491.7593
2024-03-21 23:45:00,3487.02,3500.05,3487.02,3492.79,1557.4474
2024-03-22 00:00:00,3492.79,3516.0,3490.43,3516.0,2516.7849
2024-03-22 00:15:00,3516.0,3519.48,3503.93,3505.03,1776.8291
2024-03-22 00:30:00,3505.03,3505.39,3473.25,3491.67,3379.1777
2024-03-22 00:45:00,3491.67,3503.13,3477.74,3495.37,3064.7055
2024-03-22 01:00:00,3495.37,3509.08,3480.03,3507.98,2401.9324
2024-03-22 01:15:00,3507.98,3511.14,3492.93,3498.59,1140.0898
2024-03-22 01:30:00,3498.59,3498.59,3482.88,3486.75,1627.9789
2024-03-22 01:45:00,3486.75,3496.39,3461.63,3463.43,2866.1197
2024-03-22 02:00:00,3463.43,3474.8,3454.32,3460.86,1916.3673
2024-03-22 02:15:00,3460.86,3478.3,3454.51,3469.13,2411.4225
2024-03-22 02:30:00,3469.13,3474.85,3463.91,3467.83,1465.375
2024-03-22 02:45:00,3467.83,3481.72,3460.47,3477.76,1119.8291
2024-03-22 03:00:00,3477.76,3488.67,3475.71,3478.06,1548.778
2024-03-22 03:15:00,3478.06,3501.33,3477.17,3501.32,2381.1744
2024-03-22 03:30:00,3501.32,3517.55,3500.78,3506.8,2227.5879
2024-03-22 03:45:00,3506.8,3526.26,3506.5,3521.9,3018.2727
2024-03-22 04:00:00,3521.9,3525.89,3508.18,3516.88,1800.8451
2024-03-22 04:15:00,3516.88,3518.14,3505.0,3509.26,1394.3108
2024-03-22 04:30:00,3509.26,3512.5,3501.79,3503.2,1077.7939
2024-03-22 04:45:00,3503.2,3526.26,3501.79,3511.12,1587.2525
2024-03-22 05:00:00,3511.12,3519.37,3500.6,3503.19,1386.3399
2024-03-22 05:15:00,3503.19,3516.78,3500.35,3514.39,1026.9315
2024-03-22 05:30:00,3514.39,3524.44,3509.8,3523.85,1307.4187
2024-03-22 05:45:00,3523.85,3533.15,3520.74,3531.33,1269.3469
2024-03-22 06:00:00,3531.33,3542.17,3525.96,3535.03,1016.9268
2024-03-22 06:15:00,3535.03,3537.25,3523.68,3526.34,963.3424
2024-03-22 06:30:00,3526.34,3534.42,3521.09,3530.53,1057.0777
2024-03-22 06:45:00,3530.53,3532.99,3521.91,3531.82,1193.9702
2024-03-22 07:00:00,3531.82,3532.23,3518.18,3524.4,902.0719
2024-03-22 07:15:00,3524.4,3525.99,3515.48,3522.01,823.8187
2024-03-22 07:30:00,3522.01,3531.98,3518.5,3523.16,898.6424
2024-03-22 07:45:00,3523.16,3523.38,3508.99,3511.57,800.1598
2024-03-22 08:00:00,3511.57,3520.23,3509.89,3519.75,813.4967
2024-03-22 08:15:00,3519.75,3523.67,3509.87,3512.7,848.0625
2024-03-22 08:30:00,3512.7,3515.97,3486.51,3491.0,1086.0423
2024-03-22 08:45:00,3491.0,3501.34,3477.54,3483.07,1131.9013
2024-03-22 09:00:00,3483.07,3493.96,3481.47,3483.33,1246.2977
2024-03-22 09:15:00,3483.33,3490.75,3483.09,3483.86,1318.9035
2024-03-22 09:30:00,3483.86,3487.21,3457.66,3457.74,2280.4802
2024-03-22 09:45:00,3457.74,3468.31,3456.0,3466.45,1545.2206
2024-03-22 10:00:00,3466.45,3473.25,3444.15,3453.78,1418.2127
2024-03-22 10:15:00,3453.78,3459.28,3430.06,3436.74,2905.9
2024-03-22 10:30:00,3436.74,3448.1,3428.55,3441.15,2910.1191
2024-03-22 10:45:00,3441.15,3447.31,3429.19,3433.16,1638.3122
2024-03-22 11:00:00,3433.16,3442.48,3428.07,3437.06,2291.2034
2024-03-22 11:15:00,3437.06,3441.84,3425.54,3434.21,1082.6823
2024-03-22 11:30:00,3434.21,3441.96,3427.6,3433.29,1111.4289
2024-03-22 11:45:00,3433.29,3436.45,3397.74,3405.03,1511.9087
2024-03-22 12:00:00,3405.03,3425.5,3382.24,3416.27,2863.6461
2024-03-22 12:15:00,3416.27,3420.42,3405.96,3416.24,1551.322
2024-03-22 12:30:00,3416.24,3421.85,3407.35,3418.75,1760.1542
2024-03-22 12:45:00,3418.75,3419.04,3406.72,3411.41,985.101
2024-03-22 13:00:00,3411.41,3419.23,3400.53,3401.3,1096.6477
2024-03-22 13:15:00,3401.3,3411.87,3381.9,3408.87,1650.8814
2024-03-22 13:30:00,3408.87,3410.49,3367.06,3376.71,3199.9054
2024-03-22 13:45:00,3376.71,3377.32,3330.0,3340.5,3605.9337
2024-03-22 14:00:00,3340.5,3359.5,3329.72,3332.52,3687.767
2024-03-22 14:15:00,3332.52,3342.77,3292.94,3310.79,8129.461
2024-03-22 14:30:00,3310.79,3320.38,3288.53,3300.02,3864.9116
2024-03-22 14:45:00,3300.02,3313.12,3281.72,3287.1,3823.3384
2024-03-22 15:00:00,3287.1,3334.78,3281.45,3316.98,4692.8349
2024-03-22 15:15:00,3316.98,3364.71,3305.52,3364.71,4076.4108
2024-03-22 15:30:00,3364.71,3376.0,3336.77,3344.16,5968.1352
2024-03-22 15:45:00,3344.16,3362.46,3341.35,3349.62,2795.783
2024-03-22 16:00:00,3349.62,3349.77,3315.89,3337.32,2791.0252
2024-03-22 16:15:00,3337.32,3344.37,3308.01,3323.19,2432.1189
2024-03-22 16:30:00,3323.19,3325.0,3291.1,3303.9,2251.3027
2024-03-22 16:45:00,3303.9,3320.59,3289.29,3312.78,2068.4623
2024-03-22 17:00:00,3312.78,3336.51,3312.52,3326.14,3208.2533
2024-03-22 17:15:00,3326.14,3336.1,3321.48,3324.74,2304.2134
2024-03-22 17:30:00,3324.74,3344.37,3320.38,3340.73,1595.074
2024-03-22 17:45:00,3340.73,3344.37,3333.23,3336.25,1236.1912
2024-03-22 18:00:00,3336.25,3353.78,3332.32,3333.21,1845.4986
2024-03-22 18:15:00,3333.21,3333.85,3321.62,3325.44,2178.0959
2024-03-22 18:30:00,3325.44,3360.27,3322.42,3344.64,2273.124
2024-03-22 18:45:00,3344.64,3349.17,3335.54,3342.38,2200.2721
2024-03-22 19:00:00,3342.38,3349.57,3326.68,3327.62,2060.5696
2024-03-22 19:15:00,3327.62,3336.48,3322.09,3328.31,1040.1652
2024-03-22 19:30:00,3328.31,3348.0,3325.0,3333.23,922.339
2024-03-22 19:45:00,3333.23,3358.82,3330.59,3341.09,1919.1156
2024-03-22 20:00:00,3341.09,3345.95,3313.49,3315.75,1444.6354
2024-03-22 20:15:00,3315.75,3329.55,3314.53,3319.76,2705.9631
2024-03-22 20:30:00,3319.76,3325.07,3315.42,3316.38,2870.0572
2024-03-22 20:45:00,3316.38,3322.58,3306.39,3317.27,3599.1576
2024-03-22 21:00:00,3317.27,3319.19,3292.51,3296.62,2928.7058
2024-03-22 21:15:00,3296.62,3302.32,3266.53,3288.0,2391.8659
2024-03-22 21:30:00,3288.0,3291.14,3249.52,3276.08,5737.8812
2024-03-22 21:45:00,3276.08,3300.58,3265.58,3294.85,2635.1501
2024-03-22 22:00:00,3294.85,3299.55,3275.24,3290.54,1659.9823
2024-03-22 22:15:00,3290.54,3291.09,3255.0,3284.07,3411.1419
2024-03-22 22:30:00,3284.07,3297.73,3280.22,3295.51,1671.5146
2024-03-22 22:45:00,3295.51,3301.64,3276.8,3287.11,1476.4102
2024-03-22 23:00:00,3287.11,3305.48,3281.43,3301.5,1591.5154
2024-03-22 23:15:00,3301.5,3314.73,3299.73,3309.79,1700.5644
2024-03-22 23:30:00,3309.79,3317.94,3308.19,3315.72,1438.4377
2024-03-22 23:45:00,3315.72,3336.64,3312.29,3336.64,1699.632
2024-03-23 00:00:00,3336.64,3337.08,3318.41,3322.42,2236.1031
2024-03-23 00:15:00,3322.42,3328.02,3315.94,3324.26,1286.4149
2024-03-23 00:30:00,3324.26,3331.84,3318.8,3327.52,1135.639
2024-03-23 00:45:00,3327.52,3327.65,3317.91,3318.8,852.2218
2024-03-23 01:00:00,3318.8,3336.75,3317.7,3333.33,1028.8335
2024-03-23 01:15:00,3333.33,3342.34,3327.4,3340.29,906.2847
2024-03-23 01:30:00,3340.29,3349.38,3331.89,3344.79,1532.4419
2024-03-23 01:45:00,3344.79,3352.94,3341.96,3346.92,1125.8972
2024-03-23 02:00:00,3346.92,3361.19,3341.57,3343.12,1248.407
2024-03-23 02:15:00,3343.12,3346.09,3331.92,3336.59,949.5286
2024-03-23 02:30:00,3336.59,3338.97,3330.56,3337.88,906.1488
2024-03-23 02:45:00,3337.88,3341.14,3329.29,3338.79,872.4069
2024-03-23 03:00:00,3338.79,3339.9,3325.88,3331.59,1257.3893
2024-03-23 03:15:00,3331.59,3331.63,3297.83,3299.86,2121.5895
2024-03-23 03:30:00,3299.86,3301.11,3270.61,3290.71,2656.8364
2024-03-23 03:45:00,3290.71,3307.27,3282.42,3303.86,2513.8263
2024-03-23 04:00:00,3303.86,3325.43,3298.4,3311.57,2493.1351
2024-03-23 04:15:00,3311.57,3330.34,3311.57,3326.3,3001.1069
2024-03-23 04:30:00,3326.3,3337.28,3322.49,3332.66,1811.0837
2024-03-23 04:45:00,3332.66,3336.74,3325.01,3327.9,1696.3268
2024-03-23 05:00:00,3327.9,3337.11,3315.68,3323.5,2146.8694
2024-03-23 05:15:00,3323.5,3331.37,3320.14,3324.94,1527.8972
2024-03-23 05:30:00,3324.94,3330.42,3315.84,3329.27,1331.5613
2024-03-23 05:45:00,3329.27,3333.27,3324.93,3331.78,1304.8006
2024-03-23 06:00:00,3331.78,3333.93,3321.55,3330.23,1681.2481
2024-03-23 06:15:00,3330.23,3345.47,3327.71,3342.31,1332.3341
2024-03-23 06:30:00,3342.31,3347.12,3335.66,3342.21,1695.8311
2024-03-23 06:45:00,3342.21,3347.41,3337.09,3342.04,1322.836
2024-03-23 07:00:00,3342.04,3369.02,3340.92,3363.52,1469.3913
2024-03-23 07:15:00,3363.52,3383.41,3356.21,3368.63,1665.1406
2024-03-23 07:30:00,3368.63,3375.77,3363.41,3370.87,962.7795
2024-03-23 07:45:00,3370.87,3372.88,3360.67,3365.43,700.7316
2024-03-23 08:00:00,3365.43,3377.77,3357.38,3359.85,1022.8166
2024-03-23 08:15:00,3359.85,3362.6,3349.95,3350.19,742.1372
2024-03-23 08:30:00,3350.19,3354.38,3341.25,3347.39,769.0287
2024-03-23 08:45:00,3347.39,3352.63,3342.52,3351.5,852.5602
2024-03-23 09:00:00,3351.5,3354.9,3328.69,3330.26,1668.3937
2024-03-23 09:15:00,3330.26,3341.99,3328.42,3341.83,1792.2926
2024-03-23 09:30:00,3341.83,3345.31,3333.71,3345.31,1444.551
2024-03-23 09:45:00,3345.31,3357.07,3335.2,3354.35,1707.4822
2024-03-23 10:00:00,3354.35,3365.69,3353.03,3354.5,1138.1493
2024-03-23 10:15:00,3354.5,3370.57,3351.73,3369.25,849.1059
2024-03-23 10:30:00,3369.25,3379.66,3360.94,3364.32,898.7116
2024-03-23 10:45:00,3364.32,3366.2,3336.91,3347.08,1270.2827
2024-03-23 11:00:00,3347.08,3360.94,3341.96,3356.08,1331.0039
2024-03-23 11:15:00,3356.08,3368.7,3355.68,3365.96,1442.2336
2024-03-31 19:15:00,3633.67,3642.86,3630.27,3638.28,763.9079
2024-03-31 19:30:00,3638.28,3644.14,3633.58,3643.33,742.4864
2024-03-31 19:45:00,3643.33,3643.38,3634.36,3638.83,726.9947
2024-03-31 20:00:00,3638.83,3644.03,3637.72,3641.87,769.0613
2024-03-31 20:15:00,3641.87,3643.12,3632.72,3635.31,772.186
2024-03-31 20:30:00,3635.31,3637.72,3628.98,3629.85,1110.6502
2024-03-31 20:45:00,3629.85,3638.09,3629.81,3632.79,1177.9641
2024-03-31 21:00:00,3632.79,3640.05,3630.73,3638.65,1311.151
2024-03-31 21:15:00,3638.65,3638.8,3628.44,3633.22,1115.8254
2024-03-31 21:30:00,3633.22,3637.76,3620.16,3624.34,1848.1075
2024-03-31 21:45:00,3624.34,3626.84,3617.9,3625.53,884.233
2024-03-31 22:00:00,3625.53,3637.48,3623.01,3632.15,991.3869
2024-03-31 22:15:00,3632.15,3639.14,3628.25,3634.56,756.9599
2024-03-31 22:30:00,3634.56,3639.34,3628.17,3630.66,724.783
2024-03-31 22:45:00,3630.66,3631.65,3627.77,3630.21,884.5794
2024-03-31 23:00:00,3630.21,3640.0,3628.42,3638.41,1229.5233
2024-03-31 23:15:00,3638.41,3649.15,3635.57,3644.45,887.3089
2024-03-31 23:30:00,3644.45,3650.64,3642.26,3646.6,778.9523
2024-03-31 23:45:00,3646.6,3648.82,3641.0,3645.0,713.7505
2024-04-01 00:00:00,3645.0,3645.54,3635.87,3635.87,927.4551
2024-04-01 00:15:00,3635.87,3638.93,3632.0,3633.11,850.3109
2024-04-01 00:30:00,3633.11,3634.96,3615.01,3620.3,1005.2552
2024-04-01 00:45:00,3620.3,3626.1,3616.66,3625.75,1017.6987
2024-04-01 01:00:00,3625.75,3626.66,3618.38,3620.7,916.8063
2024-04-01 01:15:00,3620.7,3622.54,3610.91,3612.04,1082.2878
2024-04-01 01:30:00,3612.04,3619.52,3608.98,3610.56,1110.4205
2024-04-01 01:45:00,3610.56,3614.63,3606.44,3609.35,1174.6307
2024-04-01 02:00:00,3609.35,3612.93,3606.84,3609.79,1335.6797
2024-04-01 02:15:00,3609.79,3612.14,3607.66,3608.66,1397.1428
2024-04-01 02:30:00,3608.66,3612.26,3606.27,3610.99,1250.8249
2024-04-01 02:45:00,3610.99,3615.75,3610.9,3612.9,1078.2588
2024-04-01 03:00:00,3612.9,3616.59,3606.18,3606.97,726.2262
2024-04-01 03:15:00,3606.97,3612.04,3601.0,3602.18,795.2554
2024-04-01 03:30:00,3602.18,3607.01,3601.0,3605.48,916.8157
2024-04-01 03:45:00,3605.48,3619.99,3604.59,3610.65,1243.5839
2024-04-01 04:00:00,3610.65,3613.72,3607.98,3610.16,1378.1625
2024-04-01 04:15:00,3610.16,3612.63,3602.87,3607.79,1396.6308
2024-04-01 04:30:00,3607.79,3609.83,3603.8,3604.71,1463.6421
2024-04-01 04:45:00,3604.71,3607.46,3600.0,3600.69,1098.9368
2024-04-01 05:00:00,3600.69,3606.2,3588.0,3598.66,1725.507
2024-04-01 05:15:00,3598.66,3599.46,3588.46,3591.17,963.4019
2024-04-01 05:30:00,3591.17,3592.02,3564.52,3570.17,2027.7037
2024-04-01 05:45:00,3570.17,3570.17,3500.3,3510.03,9811.6192
2024-04-01 06:00:00,3510.03,3527.27,3502.56,3524.86,6180.6972
2024-04-01 06:15:00,3524.86,3538.77,3524.86,3532.37,3998.5468
2024-04-01 06:30:00,3532.37,3547.2,3529.59,3546.03,3408.465
2024-04-01 06:45:00,3546.03,3548.02,3537.57,3541.96,1559.6245
2024-04-01 07:00:00,3541.96,3555.55,3538.67,3548.99,1993.2713
2024-04-01 07:15:00,3548.99,3551.0,3545.17,3550.3,1331.1385
2024-04-01 07:30:00,3550.3,3554.98,3542.7,3545.98,2014.6159
2024-04-01 07:45:00,3545.98,3552.75,3543.38,3546.3,1175.3053
2024-04-01 08:00:00,3546.3,3546.57,3529.34,3534.47,1415.2092
2024-04-01 08:15:00,3534.47,3540.12,3520.01,3529.04,1699.1231
2024-04-01 08:30:00,3529.04,3540.74,3520.18,3539.29,1599.0139
2024-04-01 08:45:00,3539.29,3543.52,3529.37,3533.91,969.083
2024-04-01 09:00:00,3533.91,3551.06,3533.91,3549.22,1319.4942
2024-04-01 09:15:00,3549.22,3549.55,3543.53,3545.04,1100.3229
2024-04-01 09:30:00,3545.04,3547.19,3539.98,3540.35,1072.3757
2024-04-01 09:45:00,3540.35,3547.22,3539.11,3540.17,1269.821
2024-04-01 10:00:00,3540.17,3545.93,3536.84,3543.34,1284.8688
2024-04-01 10:15:00,3543.34,3544.46,3529.69,3531.97,1580.6864
2024-04-01 10:30:00,3531.97,3542.82,3530.46,3539.76,1181.8411
2024-04-01 10:45:00,3539.76,3547.8,3539.28,3546.56,1111.3699
2024-04-01 11:00:00,3546.56,3559.86,3544.78,3556.14,1233.6388
2024-04-01 11:15:00,3556.14,3556.42,3547.55,3547.84,1123.1791
2024-04-01 11:30:00,3547.84,3548.12,3535.77,3540.34,1032.6183
2024-04-01 11:45:00,3540.34,3543.47,3535.52,3538.33,1004.0381
2024-04-01 12:00:00,3538.33,3547.81,3535.0,3545.82,886.5318
2024-04-01 12:15:00,3545.82,3556.88,3544.29,3552.33,938.2621
2024-04-01 12:30:00,3552.33,3556.53,3549.0,3555.26,963.2902
2024-04-01 12:45:00,3555.26,3559.62,3550.86,3557.64,1146.6298
2024-04-01 13:00:00,3557.64,3559.69,3551.88,3555.23,1558.5095
2024-04-01 13:15:00,3555.23,3565.63,3546.51,3563.5,1924.0099
2024-04-01 13:30:00,3563.5,3570.28,3553.17,3563.76,2239.092
2024-04-01 13:45:00,3563.76,3567.79,3552.47,3555.25,1747.2535
2024-04-01 14:00:00,3555.25,3558.04,3540.34,3542.41,983.5476
2024-04-01 14:15:00,3542.41,3549.99,3531.48,3532.09,1005.7227
2024-04-01 14:30:00,3532.09,3534.94,3514.32,3515.31,2423.005
2024-04-01 14:45:00,3515.31,3526.02,3493.44,3508.95,2932.9617
2024-04-01 15:00:00,3508.95,3515.12,3455.0,3469.42,10727.4178
2024-04-01 15:15:00,3469.42,3492.54,3460.47,3489.19,4618.5219
2024-04-01 15:30:00,3489.19,3490.27,3475.88,3479.21,1822.7984
2024-04-01 15:45:00,3479.21,3486.22,3437.3,3444.21,6355.5732
2024-04-01 16:00:00,3444.21,3459.28,3433.75,3457.93,4186.7291
2024-04-01 16:15:00,3457.93,3463.54,3447.0,3460.83,3142.5908
2024-04-01 16:30:00,3460.83,3462.26,3446.39,3453.1,2315.6319
2024-04-01 16:45:00,3453.1,3460.81,3445.41,3445.41,1648.3696
2024-04-01 17:00:00,3445.41,3451.5,3435.48,3442.17,1219.9254
2024-04-01 17:15:00,3442.17,3445.48,3431.0,3437.64,1347.9345
2024-04-01 17:30:00,3437.64,3444.92,3415.0,3435.85,2581.3713
2024-04-01 17:45:00,3435.85,3443.43,3427.74,3443.43,1882.8369
2024-04-01 18:00:00,3443.43,3443.81,3418.48,3427.82,2843.6083
2024-04-01 18:15:00,3427.82,3441.52,3427.28,3438.42,1859.2076
2024-04-01 18:30:00,3438.42,3443.23,3430.96,3433.83,1795.0138
2024-04-01 18:45:00,3433.83,3449.25,3432.71,3446.3,1295.5439
2024-04-01 19:00:00,3446.3,3457.49,3442.67,3454.69,1088.4534
2024-04-01 19:15:00,3454.69,3476.59,3454.49,3468.57,985.0393
2024-04-01 19:30:00,3468.57,3475.5,3465.57,3473.09,1174.3775
2024-04-01 19:45:00,3473.09,3488.88,3471.2,3486.15,749.6418
2024-04-01 20:00:00,3486.15,3489.92,3475.77,3476.78,987.4719
2024-04-01 20:15:00,3476.78,3479.94,3470.93,3477.48,827.8453
2024-04-01 20:30:00,3477.48,3485.54,3474.82,3483.7,655.6293
2024-04-01 20:45:00,3483.7,3496.63,3481.12,3496.07,1130.8362
2024-04-01 21:00:00,3496.07,3501.39,3484.46,3499.95,1218.1727
2024-04-01 21:15:00,3499.95,3503.0,3494.95,3499.38,1230.6387
2024-04-01 21:30:00,3499.38,3505.33,3486.33,3492.45,1647.7129
2024-04-01 21:45:00,3492.45,3497.5,3486.86,3493.41,1147.6935
2024-04-01 22:00:00,3493.41,3498.6,3490.44,3497.81,1433.7206
2024-04-01 22:15:00,3497.81,3500.78,3493.98,3499.62,1201.996
2024-04-01 22:30:00,3499.62,3511.5,3496.08,3509.09,1212.3301
2024-04-01 22:45:00,3509.09,3514.5,3502.59,3504.15,1054.1093
2024-04-01 23:00:00,3504.15,3513.17,3501.23,3512.58,1415.8177
2024-04-01 23:15:00,3512.58,3514.04,3509.07,3510.53,1193.5109
2024-04-01 23:30:00,3510.53,3514.57,3508.92,3509.59,1123.8371
2024-04-01 23:45:00,3509.59,3513.54,3502.15,3503.81,1317.3374
2024-04-02 00:00:00,3503.81,3506.24,3499.77,3502.71,1148.8709
2024-04-02 00:15:00,3502.71,3505.06,3488.29,3495.29,2045.6329
2024-04-02 00:30:00,3495.29,3499.76,3471.11,3478.53,2917.5902
2024-04-02 00:45:00,3478.53,3493.22,3474.19,3487.64,1760.9012
2024-04-02 01:00:00,3487.64,3503.13,3482.33,3500.07,1579.6146
2024-04-02 01:15:00,3500.07,3502.02,3491.12,3493.4,1123.5022
2024-04-02 01:30:00,3493.4,3497.39,3490.3,3497.29,1028.7506
2024-04-02 01:45:00,3497.29,3498.22,3487.29,3493.17,936.5346
2024-04-02 02:00:00,3493.17,3493.45,3478.74,3482.6,1485.4533
2024-04-02 02:15:00,3482.6,3484.82,3441.32,3441.93,3186.0945
2024-04-02 02:30:00,3441.93,3448.79,3317.69,3351.75,28166.114
2024-04-02 02:45:00,3351.75,3376.63,3348.14,3366.15,8101.412
2024-04-02 03:00:00,3366.15,3382.48,3360.06,3372.06,4587.2341
2024-04-02 03:15:00,3372.06,3375.09,3352.98,3366.0,5576.8352
2024-04-02 03:30:00,3366.0,3374.0,3356.26,3361.24,1854.9729
2024-04-02 03:45:00,3361.24,3372.66,3360.13,3366.09,2156.3089
2024-04-02 04:00:00,3366.09,3374.14,3354.2,3357.71,801.9617
2024-04-02 04:15:00,3357.71,3367.34,3347.76,3367.34,1302.6558
2024-04-02 04:30:00,3367.34,3382.76,3361.96,3374.11,1428.9321
2024-04-02 04:45:00,3374.11,3375.11,3358.86,3363.29,1121.6532
2024-04-02 05:00:00,3363.29,3367.15,3355.75,3356.66,1601.2478
2024-04-02 05:15:00,3356.66,3356.66,3337.18,3352.36,2899.1775
2024-04-02 05:30:00,3352.36,3359.19,3346.62,3358.82,2067.8053
2024-04-02 05:45:00,3358.82,3372.73,3351.91,3369.33,1455.3408
2024-04-02 06:00:00,3369.33,3375.0,3366.71,3371.5,677.7006
2024-04-02 06:15:00,3371.5,3376.66,3368.0,3374.1,697.2942
2024-04-02 06:30:00,3374.1,3387.1,3370.0,3385.21,676.5463
2024-04-02 06:45:00,3385.21,3388.59,3380.47,3382.09,1059.3003
2024-04-02 07:00:00,3382.09,3385.54,3378.73,3379.87,1282.1202
2024-04-02 07:15:00,3379.87,3387.89,3379.01,3384.57,1168.588
2024-04-02 07:30:00,3384.57,3387.96,3370.78,3372.52,1703.5719
2024-04-02 07:45:00,3372.52,3375.27,3362.35,3363.13,1166.7492
2024-04-02 08:00:00,3363.13,3371.8,3355.59,3357.84,2580.7669
2024-04-02 08:15:00,3357.84,3368.22,3353.73,3365.76,1610.8064
2024-04-02 08:30:00,3365.76,3370.91,3348.84,3353.79,2522.8317
2024-04-02 08:45:00,3353.79,3360.25,3327.05,3335.26,4902.1928
2024-04-02 09:00:00,3335.26,3344.0,3313.44,3338.96,10650.5735
2024-04-02 09:15:00,3338.96,3352.79,3332.02,3341.78,4560.4824
2024-04-02 09:30:00,3341.78,3348.62,3333.0,3342.63,3750.1959
2024-04-02 09:45:00,3342.63,3354.09,3340.34,3345.45,1882.9679
2024-04-02 10:00:00,3345.45,3345.46,3326.56,3330.47,1702.8659
2024-04-02 10:15:00,3330.47,3349.4,3327.26,3342.51,1799.614
2024-04-02 10:30:00,3342.51,3342.74,3320.81,3325.28,1231.819
2024-04-02 10:45:00,3325.28,3332.44,3309.54,3328.45,3005.5714
2024-04-02 11:00:00,3328.45,3332.75,3302.82,3308.99,3149.4737
2024-04-02 11:15:00,3308.99,3313.52,3281.68,3285.26,5579.0171
2024-04-02 11:30:00,3285.26,3300.86,3277.41,3298.98,3979.5914
2024-04-02 11:45:00,3298.98,3309.88,3297.83,3309.22,2242.2933
2024-04-02 12:00:00,3309.22,3320.0,3299.18,3314.93,1399.7951
2024-04-02 12:15:00,3314.93,3323.7,3314.93,3323.66,964.3845
2024-04-02 12:30:00,3323.66,3324.53,3309.63,3312.55,990.7832
2024-04-02 12:45:00,3312.55,3312.86,3288.37,3296.97,1948.4898
2024-04-02 13:00:00,3296.97,3302.0,3280.54,3300.6,2430.6389
2024-04-02 13:15:00,3300.6,3307.46,3257.79,3265.34,3776.5882
2024-04-02 13:30:00,3265.34,3272.97,3235.25,3258.44,7631.5523
2024-04-02 13:45:00,3258.44,3274.15,3253.77,3271.3,2968.7854
2024-04-02 14:00:00,3271.3,3294.2,3269.67,3292.16,3126.1484
2024-04-02 14:15:00,3292.16,3308.85,3290.78,3306.0,2897.313
2024-04-02 14:30:00,3306.0,3317.6,3302.48,3312.14,3606.008
2024-04-02 14:45:00,3312.14,3313.5,3286.2,3293.04,3153.2874
2024-04-02 15:00:00,3293.04,3311.58,3286.88,3300.85,2297.1056
2024-04-02 15:15:00,3300.85,3304.76,3291.12,3291.77,1568.6185
2024-04-02 15:30:00,3291.77,3296.65,3260.8,3274.39,3541.6166
2024-04-02 15:45:00,3274.39,3277.52,3232.33,3239.76,8318.9547
2024-04-02 16:00:00,3239.76,3250.96,3211.58,3250.28,10929.4004
2024-04-02 16:15:00,3250.28,3250.4,3218.26,3246.23,7735.2077
2024-04-02 16:30:00,3246.23,3263.55,3243.23,3244.99,3970.6515
2024-04-02 16:45:00,3244.99,3270.0,3244.76,3261.82,5368.5042
2024-04-02 17:00:00,3261.82,3271.84,3255.52,3260.0,3977.097
2024-04-02 17:15:00,3260.0,3264.78,3245.0,3253.63,3279.4598
2024-04-02 17:30:00,3253.63,3262.3,3248.11,3258.92,3450.0312
2024-04-02 17:45:00,3258.92,3271.84,3249.47,3269.04,1918.1453
2024-04-02 18:00:00,3269.04,3278.85,3256.77,3264.78,2145.0108
2024-04-02 18:15:00,3264.78,3278.47,3263.72,3267.49,1344.8811
2024-04-02 18:30:00,3267.49,3270.24,3262.1,3267.91,1356.2046
2024-04-02 18:45:00,3267.91,3284.12,3266.03,3274.62,1631.1778
2024-04-02 19:00:00,3274.62,3283.56,3273.72,3278.07,1377.5804
2024-04-02 19:15:00,3278.07,3278.25,3265.57,3271.54,1257.3429
2024-04-02 19:30:00,3271.54,3282.0,3267.67,3280.96,1252.3541
2024-04-02 19:45:00,3280.96,3284.14,3268.38,3277.84,2025.4623
2024-04-02 20:00:00,3277.84,3295.34,3270.95,3291.86,3480.9387
2024-04-02 20:15:00,3291.86,3292.77,3280.32,3286.16,1707.7223
2024-04-02 20:30:00,3286.16,3286.56,3269.71,3273.3,1603.8693
2024-04-02 20:45:00,3273.3,3279.95,3259.05,3270.68,2881.0887
2024-04-02 21:00:00,3270.68,3274.39,3260.4,3267.71,1414.3455
2024-04-11 05:00:00,3561.21,3569.22,3558.04,3569.02,1714.5363
2024-04-11 05:15:00,3569.02,3569.77,3556.36,3560.1,1391.1897
2024-04-11 05:30:00,3560.1,3565.07,3555.4,3558.48,725.0517
2024-04-11 05:45:00,3558.48,3564.0,3557.66,3563.0,820.1536
2024-04-11 06:00:00,3563.0,3574.13,3561.92,3568.89,545.6034
2024-04-11 06:15:00,3568.89,3570.85,3562.14,3564.41,734.557
2024-04-11 06:30:00,3564.41,3579.36,3564.24,3577.17,1039.9201
2024-04-11 06:45:00,3577.17,3585.0,3573.64,3575.17,1252.537
2024-04-11 07:00:00,3575.17,3589.5,3575.17,3580.19,973.2198
2024-04-11 07:15:00,3580.19,3605.25,3580.19,3594.21,1897.6724
2024-04-11 07:30:00,3594.21,3596.04,3585.19,3587.29,923.7228
2024-04-11 07:45:00,3587.29,3593.42,3582.08,3583.35,838.8334
2024-04-11 08:00:00,3583.35,3590.13,3578.77,3589.89,724.9946
2024-04-11 08:15:00,3589.89,3601.52,3588.18,3596.79,895.9189
2024-04-11 08:30:00,3596.79,3613.57,3594.73,3607.2,2044.4496
2024-04-11 08:45:00,3607.2,3617.77,3603.44,3607.68,2354.3112
2024-04-11 09:00:00,3607.68,3608.6,3595.43,3598.0,1362.7759
2024-04-11 09:15:00,3598.0,3601.29,3586.04,3590.94,1635.1011
2024-04-11 09:30:00,3590.94,3592.29,3581.69,3583.69,1332.1743
2024-04-11 09:45:00,3583.69,3588.89,3578.02,3578.18,1306.2143
2024-04-11 10:00:00,3578.18,3584.51,3568.75,3570.98,1482.3025
2024-04-11 10:15:00,3570.98,3576.87,3570.61,3572.01,1345.9046
2024-04-11 10:30:00,3572.01,3576.15,3558.56,3563.73,1306.9508
2024-04-11 10:45:00,3563.73,3568.25,3559.79,3561.92,1315.4751
2024-04-11 11:00:00,3561.92,3566.3,3555.61,3561.91,1646.6709
2024-04-11 11:15:00,3561.91,3563.02,3558.11,3558.66,1145.3012
2024-04-11 11:30:00,3558.66,3559.0,3531.96,3545.87,2313.1088
2024-04-11 11:45:00,3545.87,3547.91,3515.48,3522.73,1693.0208
2024-04-11 12:00:00,3522.73,3538.0,3520.51,3532.97,1687.2593
2024-04-11 12:15:00,3532.97,3540.48,3522.19,3526.47,1795.2805
2024-04-11 12:30:00,3526.47,3574.49,3524.26,3563.7,11258.0216
2024-04-11 12:45:00,3563.7,3568.0,3548.43,3557.94,3547.1045
2024-04-11 13:00:00,3557.94,3566.53,3553.98,3564.45,2140.7926
2024-04-11 13:15:00,3564.45,3571.07,3549.08,3555.88,1581.3506
2024-04-11 13:30:00,3555.88,3568.0,3498.17,3505.62,3808.3246
2024-04-11 13:45:00,3505.62,3538.46,3490.16,3526.08,3935.641
2024-04-11 14:00:00,3526.08,3528.01,3506.13,3510.93,1866.8464
2024-04-11 14:15:00,3510.93,3511.48,3485.92,3497.14,2398.0821
2024-04-11 14:30:00,3497.14,3513.33,3490.8,3504.0,4199.4957
2024-04-11 14:45:00,3504.0,3512.34,3493.44,3494.02,2017.8641
2024-04-11 15:00:00,3494.02,3511.0,3492.55,3501.31,2490.5943
2024-04-11 15:15:00,3501.31,3508.65,3494.87,3496.84,1624.4884
2024-04-11 15:30:00,3496.84,3510.51,3488.0,3502.1,1665.6733
2024-04-11 15:45:00,3502.1,3510.72,3489.45,3508.38,1261.8817
2024-04-11 16:00:00,3508.38,3522.0,3503.83,3511.29,2117.9986
2024-04-11 16:15:00,3511.29,3514.03,3490.87,3493.71,1296.327
2024-04-11 16:30:00,3493.71,3501.58,3474.48,3491.0,2087.0463
2024-04-11 16:45:00,3491.0,3508.63,3482.89,3503.99,1502.3701
2024-04-11 17:00:00,3503.99,3519.92,3498.73,3514.55,1731.3185
2024-04-11 17:15:00,3514.55,3521.52,3510.11,3514.49,1286.3594
2024-04-11 17:30:00,3514.49,3515.88,3501.89,3511.0,1740.26
2024-04-11 17:45:00,3511.0,3517.1,3508.93,3512.0,1658.2701
2024-04-11 18:00:00,3512.0,3517.65,3505.53,3507.33,1924.851
2024-04-11 18:15:00,3507.33,3507.75,3502.73,3504.35,1341.2302
2024-04-11 18:30:00,3504.35,3512.5,3495.81,3511.07,1055.275
2024-04-11 18:45:00,3511.07,3511.96,3499.38,3505.44,875.0004
2024-04-11 19:00:00,3505.44,3508.54,3497.78,3504.25,1034.2586
2024-04-11 19:15:00,3504.25,3512.5,3501.67,3511.46,1073.5339
2024-04-11 19:30:00,3511.46,3518.75,3508.24,3517.82,1033.6149
2024-04-11 19:45:00,3517.82,3518.28,3508.0,3518.25,1214.5591
2024-04-11 20:00:00,3518.25,3520.63,3512.17,3520.36,1130.6105
2024-04-11 20:15:00,3520.36,3531.78,3518.08,3523.83,1377.271
2024-04-11 20:30:00,3523.83,3525.0,3518.0,3518.63,943.9183
2024-04-11 20:45:00,3518.63,3524.67,3518.62,3524.67,771.2774
2024-04-11 21:00:00,3524.67,3524.77,3517.13,3522.37,737.7704
2024-04-11 21:15:00,3522.37,3522.86,3500.8,3503.53,1466.5608
2024-04-11 21:30:00,3503.53,3509.73,3496.3,3502.39,1160.6654
2024-04-11 21:45:00,3502.39,3505.86,3495.58,3500.78,913.0331
2024-04-11 22:00:00,3500.78,3509.48,3496.87,3507.94,808.968
2024-04-11 22:15:00,3507.94,3512.5,3506.66,3510.42,747.9968
2024-04-11 22:30:00,3510.42,3510.71,3498.48,3505.0,967.3784
2024-04-11 22:45:00,3505.0,3510.48,3501.5,3505.64,966.9422
2024-04-11 23:00:00,3505.64,3511.39,3503.1,3503.6,915.0725
2024-04-11 23:15:00,3503.6,3504.27,3491.0,3498.0,1323.0191
2024-04-11 23:30:00,3498.0,3505.56,3496.98,3505.56,635.0274
2024-04-11 23:45:00,3505.56,3508.94,3502.01,3502.25,575.4276
2024-04-12 00:00:00,3502.25,3515.48,3501.03,3512.16,763.3476
2024-04-12 00:15:00,3512.16,3518.5,3508.74,3518.42,659.5105
2024-04-12 00:30:00,3518.42,3524.1,3516.3,3524.08,1674.3649
2024-04-12 00:45:00,3524.08,3525.37,3518.84,3523.59,1153.4001
2024-04-12 01:00:00,3523.59,3525.68,3512.06,3516.54,1408.6044
2024-04-12 01:15:00,3516.54,3518.9,3508.27,3510.2,1495.1369
2024-04-12 01:30:00,3510.2,3514.58,3505.36,3510.92,1489.8947
2024-04-12 01:45:00,3510.92,3515.79,3508.63,3509.07,1304.1341
2024-04-12 02:00:00,3509.07,3522.65,3503.01,3522.23,1565.4765
2024-04-12 02:15:00,3522.23,3529.14,3515.2,3527.81,1684.2776
2024-04-12 02:30:00,3527.81,3530.0,3522.42,3523.56,981.8604
2024-04-12 02:45:00,3523.56,3527.84,3519.79,3520.07,986.6582
2024-04-12 03:00:00,3520.07,3526.63,3520.04,3523.38,840.8054
2024-04-12 03:15:00,3523.38,3537.17,3522.08,3535.31,1151.7906
2024-04-12 03:30:00,3535.31,3536.26,3529.68,3530.73,1431.9252
2024-04-12 03:45:00,3530.73,3536.51,3527.48,3534.42,1519.4627
2024-04-12 04:00:00,3534.42,3535.59,3527.76,3534.73,1508.1522
2024-04-12 04:15:00,3534.73,3540.88,3534.42,3538.01,1398.538
2024-04-12 04:30:00,3538.01,3545.49,3537.35,3542.6,1330.9956
2024-04-12 04:45:00,3542.6,3552.82,3542.14,3547.3,1463.8816
2024-04-12 05:00:00,3547.3,3551.76,3540.72,3545.1,1618.491
2024-04-12 05:15:00,3545.1,3547.49,3542.83,3545.31,1517.5345
2024-04-12 05:30:00,3545.31,3549.23,3542.34,3542.89,1007.2139
2024-04-12 05:45:00,3542.89,3545.75,3536.37,3542.38,1006.8051
2024-04-12 06:00:00,3542.38,3543.45,3534.85,3534.85,947.2654
2024-04-12 06:15:00,3534.85,3535.87,3526.79,3531.37,1206.1236
2024-04-12 06:30:00,3531.37,3535.61,3527.15,3532.4,744.9117
2024-04-12 06:45:00,3532.4,3536.08,3529.83,3534.77,649.402
2024-04-12 07:00:00,3534.77,3539.44,3531.31,3534.08,578.3533
2024-04-12 07:15:00,3534.08,3534.54,3526.65,3532.99,731.3925
2024-04-12 07:30:00,3532.99,3534.39,3508.0,3517.12,1197.1575
2024-04-12 07:45:00,3517.12,3517.78,3510.18,3516.24,928.6837
2024-04-12 08:00:00,3516.24,3524.82,3512.56,3524.39,1001.7832
2024-04-12 08:15:00,3524.39,3528.1,3518.92,3522.41,890.0813
2024-04-12 08:30:00,3522.41,3523.88,3512.82,3521.11,1249.129
2024-04-12 08:45:00,3521.11,3525.82,3517.05,3525.39,1233.8912
2024-04-12 09:00:00,3525.39,3531.94,3515.94,3525.04,1607.7635
2024-04-12 09:15:00,3525.04,3525.34,3516.37,3519.87,1155.3255
2024-04-12 09:30:00,3519.87,3520.93,3510.09,3512.21,1145.4471
2024-04-12 09:45:00,3512.21,3516.31,3508.97,3514.75,1196.6557
2024-04-12 10:00:00,3514.75,3517.66,3508.96,3517.02,1148.8733
2024-04-12 10:15:00,3517.02,3520.78,3512.14,3515.32,1063.7276
2024-04-12 10:30:00,3515.32,3524.42,3508.96,3518.42,1123.9581
2024-04-12 10:45:00,3518.42,3532.35,3516.3,3530.6,1284.492
2024-04-12 11:00:00,3530.6,3541.28,3528.0,3535.01,1300.6791
2024-04-12 11:15:00,3535.01,3539.44,3531.36,3533.93,929.3398
2024-04-12 11:30:00,3533.93,3539.23,3530.7,3538.3,865.2432
2024-04-12 11:45:00,3538.3,3540.9,3531.62,3532.23,978.4668
2024-04-12 12:00:00,3532.23,3532.87,3525.0,3526.33,628.1597
2024-04-12 12:15:00,3526.33,3526.42,3515.48,3520.68,863.0086
2024-04-12 12:30:00,3520.68,3520.86,3488.0,3493.75,2085.8069
2024-04-12 12:45:00,3493.75,3502.66,3490.96,3498.0,1161.0716
2024-04-12 13:00:00,3498.0,3498.14,3477.78,3491.45,1550.7415
2024-04-12 13:15:00,3491.45,3491.76,3468.65,3477.53,1206.4638
2024-04-12 13:30:00,3477.53,3486.18,3453.11,3455.88,2450.3299
2024-04-12 13:45:00,3455.88,3468.62,3450.5,3463.43,2954.4467
2024-04-12 14:00:00,3463.43,3474.41,3455.0,3463.27,2997.6716
2024-04-12 14:15:00,3463.27,3473.1,3457.99,3465.43,1361.6191
2024-04-12 14:30:00,3465.43,3473.0,3452.0,3462.31,1367.1417
2024-04-12 14:45:00,3462.31,3462.44,3439.54,3441.92,1782.5849
2024-04-12 15:00:00,3441.92,3452.92,3440.0,3444.07,2343.5923
2024-04-12 15:15:00,3444.07,3458.02,3440.8,3457.32,1028.1247
2024-04-12 15:30:00,3457.32,3457.81,3442.5,3444.95,1189.7959
2024-04-12 15:45:00,3444.95,3447.27,3440.35,3440.59,1352.0922
2024-04-12 16:00:00,3440.59,3454.15,3428.44,3428.44,2196.4761
2024-04-12 16:15:00,3428.44,3437.01,3408.5,3430.4,2320.0163
2024-04-12 16:30:00,3430.4,3439.44,3422.26,3423.71,3085.6116
2024-04-12 16:45:00,3423.71,3438.93,3421.82,3423.72,2105.1519
2024-04-12 17:00:00,3423.72,3428.5,3411.87,3417.08,3188.9108
2024-04-12 17:15:00,3417.08,3419.77,3277.67,3319.6,8493.5276
2024-04-12 17:30:00,3319.6,3348.15,3303.7,3340.02,5637.9717
2024-04-12 17:45:00,3340.02,3348.5,3320.76,3325.48,2542.8411
2024-04-12 18:00:00,3325.48,3341.65,3318.54,3338.64,1918.0762
2024-04-12 18:15:00,3338.64,3339.31,3285.0,3303.6,3562.8136
2024-04-12 18:30:00,3303.6,3305.95,3070.26,3224.41,28614.5306
2024-04-12 18:45:00,3224.41,3237.71,3192.8,3211.4,11436.6372
2024-04-12 19:00:00,3211.4,3232.69,3199.54,3219.91,6410.4158
2024-04-12 19:15:00,3219.91,3232.0,3210.22,3225.03,4200.328
2024-04-12 19:30:00,3225.03,3242.48,3212.08,3221.57,5111.0946
2024-04-12 19:45:00,3221.57,3224.6,3195.21,3206.37,8114.4672
2024-04-12 20:00:00,3206.37,3249.86,3201.35,3248.62,6217.4
2024-04-12 20:15:00,3248.62,3255.46,3239.19,3245.64,4166.6128
2024-04-12 20:30:00,3245.64,3247.33,3233.85,3237.31,1539.8184
2024-04-12 20:45:00,3237.31,3242.78,3215.38,3225.68,2420.0975
2024-04-12 21:00:00,3225.68,3226.24,3209.18,3213.89,2123.5055
2024-04-12 21:15:00,3213.89,3223.54,3211.28,3220.12,1444.9602
2024-04-12 21:30:00,3220.12,3220.39,3208.0,3214.2,2132.7044
2024-04-12 21:45:00,3214.2,3220.34,3210.32,3218.86,1444.5487
2024-04-12 22:00:00,3218.86,3220.47,3210.47,3219.94,1324.4239
2024-04-12 22:15:00,3219.94,3230.74,3217.51,3222.69,2121.4441
2024-04-12 22:30:00,3222.69,3225.2,3215.35,3215.9,2093.3378
2024-04-12 22:45:00,3215.9,3219.25,3211.12,3218.6,1790.3198
2024-04-12 23:00:00,3218.6,3219.7,3207.56,3218.06,2494.4461
2024-04-12 23:15:00,3218.06,3226.98,3212.37,3224.87,2042.6785
2024-04-12 23:30:00,3224.87,3244.88,3222.72,3241.79,1936.1296
2024-04-12 23:45:00,3241.79,3245.51,3237.0,3237.46,1848.9539
2024-04-13 00:00:00,3237.46,3237.66,3225.45,3225.45,3975.3419
2024-04-13 00:15:00,3225.45,3234.72,3223.65,3234.17,2498.0409
2024-04-13 00:30:00,3234.17,3236.6,3217.3,3222.03,1310.0908
2024-04-13 00:45:00,3222.03,3233.49,3219.31,3233.03,1041.6861
2024-04-13 01:00:00,3233.03,3233.6,3213.27,3215.89,1479.3082
2024-04-13 01:15:00,3215.89,3219.74,3201.18,3205.0,943.6848
2024-04-13 01:30:00,3205.0,3205.01,3170.0,3184.64,5718.3653
2024-04-13 01:45:00,3184.64,3184.98,3143.38,3159.85,9423.0184
2024-04-13 02:00:00,3159.85,3187.19,3158.71,3185.52,4047.8912
2024-04-13 02:15:00,3185.52,3200.35,3168.43,3200.12,2747.6544
2024-04-13 02:30:00,3200.12,3211.93,3191.18,3211.13,1624.6567
2024-04-13 02:45:00,3211.13,3216.65,3204.8,3213.07,1476.3481
2024-04-13 03:00:00,3213.07,3218.69,3202.99,3204.21,1359.3755
2024-04-13 03:15:00,3204.21,3214.19,3203.05,3213.97,1321.3587
2024-04-13 03:30:00,3213.97,3225.77,3213.47,3221.15,2440.6559
2024-04-13 03:45:00,3221.15,3232.68,3219.03,3230.52,1204.1471
2024-04-13 04:00:00,3230.52,3232.12,3223.1,3231.72,1181.7245
2024-04-13 04:15:00,3231.72,3238.67,3225.24,3237.12,1844.478
2024-04-13 04:30:00,3237.12,3249.32,3232.01,3249.32,899.7786
2024-04-13 04:45:00,3249.32,3264.43,3246.11,3255.74,1098.7873
2024-04-13 05:00:00,3255.74,3263.09,3251.95,3255.75,1089.1674
2024-04-13 05:15:00,3255.75,3261.95,3250.46,3259.89,1036.751
2024-04-13 05:30:00,3259.89,3259.89,3246.82,3253.0,1043.3724
2024-04-13 05:45:00,3253.0,3258.01,3247.12,3247.93,887.749
2024-04-13 06:00:00,3247.93,3256.78,3247.48,3250.15,1038.4819
2024-04-13 06:15:00,3250.15,3259.37,3246.28,3258.56,948.7523
2024-04-13 06:30:00,3258.56,3264.13,3250.41,3262.84,1259.9773
2024-04-13 06:45:00,3262.84,3267.12,3255.66,3265.83,1114.857
