adx,plus_di,minus_di,atr,label,exit_status
18.120169616400908,28.995074744704745,43.26678759890376,4.578541635232381,-1,END_OF_WINDOW
18.09383381743634,28.497898708708558,40.79914080078195,4.508645804144348,-1,END_OF_WINDOW
16.88990842643248,36.905174707475524,36.001944200540144,4.744456818134034,-1,END_OF_WINDOW
15.77197770621461,34.689219873029856,33.840223440972245,4.68699561683875,-1,END_OF_WINDOW
15.384189375070173,38.93831762900166,31.6385896952862,4.655067358493142,-1,END_OF_WINDOW
15.677161908619548,43.46895623064353,29.291077962739273,4.668991118600768,-1,END_OF_WINDOW
14.717281254432171,37.779895749892795,36.125282417146025,4.988348895843561,-1,END_OF_WINDOW
13.825963504115322,37.7798957498928,36.12528241714603,4.632038260426164,-1,END_OF_WINDOW
12.999880045359404,37.79022676812386,36.119284179827865,4.3018926703957066,-1,END_OF_WINDOW
12.875369185299093,42.1262604337393,33.60176283156782,4.293900336796018,-1,END_OF_WINDOW
13.317707857533655,46.068198343811595,31.313055315106677,4.278621741310583,-1,END_OF_WINDOW
13.728450910322891,46.068198343811595,31.313055315106677,3.9730059026455415,-1,END_OF_WINDOW
14.109855173627182,46.068198343811595,31.313055315106677,3.689219766742289,-1,END_OF_WINDOW
13.373237591296856,41.359605374191744,38.333491895548775,3.8157040691178423,-1,END_OF_WINDOW
12.759773629141431,41.77350185046349,37.958529750430095,3.578153778466585,-1,END_OF_WINDOW
12.434109677736355,43.451148604309424,36.864852365727536,3.4211427942904082,-1,END_OF_WINDOW
12.031805076969945,38.47663752053135,44.092888948666236,3.587489737555379,-1,END_OF_WINDOW
11.22122478998681,41.4160497068123,41.98625547024908,3.498383327729973,-1,END_OF_WINDOW
10.48837189554628,42.216498688219254,41.412585458990705,3.293498804320697,-1,END_OF_WINDOW
9.985075881456961,42.68057895763362,39.840031642744584,3.1789631754406513,-1,END_OF_WINDOW
10.092433460647833,44.96956398644761,35.701953872168154,3.294037234337745,-1,END_OF_WINDOW
9.87514660966273,38.73691836816437,44.61346868213112,3.5508917175993258,-1,END_OF_WINDOW
9.818534293534109,38.028440663632594,45.62645898242072,3.3586851663422403,-1,END_OF_WINDOW
9.953355787545323,48.22602513085114,38.11850413352162,3.733064797317788,-1,END_OF_WINDOW
11.81414332817022,61.0088611827966,28.70716204291148,4.602845883223682,-1,END_OF_WINDOW
14.243398780942686,66.46236356002608,24.69202985663494,4.969071177279135,-1,END_OF_WINDOW
16.812585577142272,65.85204460525233,21.826754025238092,5.219851807473484,-1,END_OF_WINDOW
19.183851586672663,59.055195622626314,19.679653650824743,5.404862392653978,-1,END_OF_WINDOW
20.787735895702408,55.30094761733602,22.78665185406849,5.359515078892978,-1,END_OF_WINDOW
21.328321063715336,49.199841276281134,27.461738672352723,5.593835430400613,-1,END_OF_WINDOW
21.281416322052703,42.76609563371586,28.114005823363907,5.9757043282291455,-1,END_OF_WINDOW
21.132714442412425,42.394995548980454,28.737791982351187,5.597439733355623,-1,END_OF_WINDOW
20.994634125603596,42.394995548980454,28.737791982351183,5.197622609544507,-1,END_OF_WINDOW
20.866416688566826,42.394995548980454,28.737791982351187,4.8263638517199,-1,END_OF_WINDOW
21.866821727148977,50.81435812838186,24.537568534116605,5.248766433739892,-1,END_OF_WINDOW
22.80660137096921,49.20891115291666,23.68036348987047,5.050283117044171,1,END_OF_WINDOW
23.275663543842516,47.09976352168592,25.71232518488199,4.899548608683877,-1,END_OF_WINDOW
23.865188574267556,46.20043552123915,24.050886414238196,4.8638665652064645,1,END_OF_WINDOW
24.03502186773938,44.73589474150855,26.136860558404212,4.664304667691729,-1,END_OF_WINDOW
22.8803115025965,39.91708640989359,34.09316307111879,4.853997191428014,1,END_OF_WINDOW
21.806430991476383,37.75704382676162,32.26326162161966,4.765140249183165,1,END_OF_WINDOW
21.17745110869728,38.104358849325315,29.336558931830197,4.8662016599557845,1,END_OF_WINDOW
20.589616350401553,38.092315870638245,29.35889229054394,4.52004439853037,1,END_OF_WINDOW
20.043769789126948,38.092315870638245,29.358892290543935,4.1971840843496295,1,END_OF_WINDOW
19.68586536607594,31.168869913358836,42.19822432931235,4.763099506896077,1,END_OF_WINDOW
19.353525544671434,29.848079381466643,40.41006148248002,4.61859239926066,1,END_OF_WINDOW
18.349567760337237,33.34972839815824,37.081243380124434,4.673692942170604,1,END_OF_WINDOW
17.41732124631263,32.322977387764666,35.939608772110795,4.477714874872691,1,END_OF_WINDOW
16.551663769004062,32.322977387764666,35.939608772110795,4.157878098096071,1,END_OF_WINDOW
15.735628275073676,32.398017862969375,35.899758831660805,3.8651725196606335,1,END_OF_WINDOW
15.01170673509331,37.26710660908294,33.31404897242754,3.867660196827705,1,END_OF_WINDOW
14.381521076131396,34.22445388449351,38.74032232847234,3.910684468482855,1,END_OF_WINDOW
13.796348678523904,34.2244538844935,38.74032232847233,3.6313498635912227,1,END_OF_WINDOW
13.057538860642268,38.69195303419698,36.10906546657169,3.6176820161918535,1,END_OF_WINDOW
12.498500360522454,39.540420732110256,35.60933701057779,3.4064190150352824,1,END_OF_WINDOW
12.561328885272173,43.5316614940049,33.25858566394801,3.3866747996756272,1,END_OF_WINDOW
12.95871504522471,45.63079548066359,31.627867461570258,3.30691231398451,1,END_OF_WINDOW
13.78240992751277,48.95541303533935,29.693857863502696,3.270704291557026,1,END_OF_WINDOW
14.547269461065968,48.601070817732364,29.478931938210945,3.059225413588663,1,END_OF_WINDOW
15.46299704928175,50.1430413116671,28.594562478290108,2.9285664554751882,1,END_OF_WINDOW
15.768364805110352,46.91447496301827,31.447311443198405,2.90652599436981,1,EXIT_PROFIT_TARGET_MET
16.051920578379768,46.91447496301827,31.447311443198405,2.6989169947719662,1,EXIT_PROFIT_TARGET_MET
16.315222367844225,46.91447496301827,31.447311443198405,2.5061372094311114,1,EXIT_PROFIT_TARGET_MET
16.55971688663265,46.91447496301828,31.447311443198405,2.3271274087574607,1,EXIT_PROFIT_TARGET_MET
15.716730600026414,42.18714104975832,38.3550184934249,2.4030468795604905,1,END_OF_WINDOW
16.51850933695973,53.54760091050651,30.818102728234454,2.777114959591875,1,EXIT_PROFIT_TARGET_MET
17.333998870334824,51.89365524421727,29.23114732289466,2.7187496053353155,1,EXIT_PROFIT_TARGET_MET
18.88274821223116,55.3965810005008,24.301275185091328,3.036696062097084,1,EXIT_PROFIT_TARGET_MET
20.82523979605079,59.611684804667085,22.004760707581877,3.1140749148044273,1,EXIT_PROFIT_TARGET_MET
21.139970501667236,52.390414159254526,31.279312460342446,3.2902124208898202,1,EXIT_PROFIT_TARGET_MET
20.545091858745145,47.97153106853664,37.075576701133116,3.336625819397694,1,EXIT_PROFIT_TARGET_MET
19.222270782682447,43.76422206619807,42.02644898396858,3.3961525465835782,1,END_OF_WINDOW
18.716344800769264,48.80854265134869,38.2412955213166,3.4657130789704578,1,EXIT_PROFIT_TARGET_MET
18.246556388992737,48.80854265134869,38.24129552131661,3.218162144758282,1,EXIT_PROFIT_TARGET_MET
17.810324292343104,48.808542651348695,38.24129552131661,2.988293420132691,1,EXIT_PROFIT_TARGET_MET
18.16961559112485,54.32301180726437,34.12184951300496,3.109843890123217,1,EXIT_PROFIT_TARGET_MET
20.03559525983875,65.92809813762788,25.452560555527864,3.8712836122572716,1,EXIT_PROFIT_TARGET_MET
21.76829066650166,62.951077903201885,24.303235913497684,3.7647633542388705,1,EXIT_PROFIT_TARGET_MET
23.577219003745846,62.67676801073929,22.543664714304946,3.7687088289360737,1,EXIT_PROFIT_TARGET_MET
25.25693817404402,62.66397767273891,22.539064268228753,3.500229626869195,1,EXIT_PROFIT_TARGET_MET
27.40509762549663,67.73401423159605,19.47837722340361,3.760927510664259,1,EXIT_PROFIT_TARGET_MET
29.399817116131196,67.73401423159605,19.47837722340361,3.4922898313310977,1,EXIT_PROFIT_TARGET_MET
30.891476526142966,65.8062015512614,21.77014461960548,3.3378405576645855,1,EXIT_PROFIT_TARGET_MET
32.53963466460546,68.04494444740013,20.344805557374084,3.3165662321171125,1,EXIT_PROFIT_TARGET_MET
33.95018599975051,64.8559507269212,20.31980326367767,3.231097215537311,1,EXIT_PROFIT_TARGET_MET
35.25998366809948,64.8559507269212,20.31980326367767,3.0003045572846463,1,EXIT_PROFIT_TARGET_MET
36.66059037507845,66.48840134666168,19.375942891383996,2.921711374621464,1,EXIT_PROFIT_TARGET_MET
38.21352187669221,68.76624203328302,18.058926907867214,2.910874847862787,1,EXIT_PROFIT_TARGET_MET
40.78957054107312,79.66448098787355,11.757715861948727,4.151526644443998,1,EXIT_PROFIT_TARGET_MET
43.30784476414047,74.38971492413845,10.122247149864801,4.477846169840873,-1,END_OF_WINDOW
44.89406082037058,67.31290938623734,14.024688339807447,4.5951428719951215,1,EXIT_PROFIT_TARGET_MET
46.377575987824244,64.23428462816483,13.313723932906576,4.4947755239954414,-1,END_OF_WINDOW
47.58524663268307,63.516851318072156,14.28192373988556,4.220862986567218,1,EXIT_PROFIT_TARGET_MET
49.131821682141094,68.29025524911755,12.413296897470756,4.509372773241004,-1,END_OF_WINDOW
50.704280641305616,69.8975189572579,11.784107297919629,4.4108461465809405,1,EXIT_PROFIT_TARGET_MET
51.47483053192182,62.080724180075215,14.803248042241805,4.611499993253749,-1,END_OF_WINDOW
52.19034114463686,61.57741831400432,14.68323395292559,4.317107136592784,1,EXIT_PROFIT_TARGET_MET
52.85474385644369,61.577418314004326,14.683233952925592,4.008742341121871,-1,END_OF_WINDOW
53.471689231692885,61.577418314004326,14.683233952925592,3.722403602470309,1,EXIT_PROFIT_TARGET_MET
52.62472177273322,55.623272279916804,22.932824437702894,3.8265176308653075,1,EXIT_PROFIT_TARGET_MET
51.99043632774129,54.725982100429555,21.417308575119105,3.8046235143749594,1,EXIT_PROFIT_TARGET_MET
50.970495277886926,52.886816511584996,23.921450126425647,3.6557218347767337,1,EXIT_PROFIT_TARGET_MET
50.023407160165014,52.88681651158499,23.921450126425647,3.3945988465783956,1,EXIT_PROFIT_TARGET_MET
49.14396819370895,52.88681651158499,23.921450126425643,3.1521275003942244,1,EXIT_PROFIT_TARGET_MET
47.0493193741247,47.44503050107051,31.74954823687926,3.2626898217946563,1,EXIT_PROFIT_TARGET_MET
45.1042883273679,47.44503050107052,31.749548236879264,3.029640548809324,1,EXIT_PROFIT_TARGET_MET
41.99943832051439,40.830868349293745,39.51608033669214,3.2689519381800944,1,EXIT_PROFIT_TARGET_MET
39.706344914106886,44.889910542975755,36.80525067026341,3.259026799738667,1,EXIT_PROFIT_TARGET_MET
37.71710670858703,45.161712241354984,35.587294417209336,3.129810599757353,1,EXIT_PROFIT_TARGET_MET
35.869956946318595,45.12843784804541,35.56107429462113,2.9083955569175566,1,EXIT_PROFIT_TARGET_MET
34.77935699471982,49.60675434432067,32.65877409770212,2.9406530171377403,1,EXIT_PROFIT_TARGET_MET
33.93125180607545,45.95845547948718,28.827964586826123,3.093463515913643,1,EXIT_PROFIT_TARGET_MET
33.14372555947711,40.81305993992764,25.600456637481724,3.2346446933483946,1,EXIT_PROFIT_TARGET_MET
32.46904621184648,37.660560457896175,23.230472693182012,3.310027215252078,1,EXIT_PROFIT_TARGET_MET
31.84463752479466,37.67504440936079,23.22507532289027,3.0743109855912314,1,EXIT_PROFIT_TARGET_MET
32.09088494752677,43.782894088594674,20.940609532977184,3.1661459151918665,1,EXIT_PROFIT_TARGET_MET
32.31954326863515,42.184076681752764,20.1759225078697,3.051421206963872,1,EXIT_PROFIT_TARGET_MET
31.742620559030033,38.540690196144894,23.5003204352478,3.1013196921807387,1,EXIT_PROFIT_TARGET_MET
31.56262780370813,41.11140541413729,22.51735086459376,3.005511142739273,1,EXIT_PROFIT_TARGET_MET
29.418697849445575,34.291926272179175,35.370020441802104,3.3458317754007525,1,EXIT_PROFIT_TARGET_MET
27.42790574905892,34.291926272179175,35.370020441802104,3.106843791443556,1,EXIT_PROFIT_TARGET_MET
25.579313084414167,34.29192627217918,35.37002044180211,2.8849263777690166,1,EXIT_PROFIT_TARGET_MET
25.662515194612745,48.222124745831536,27.87152936120252,3.3995744936426684,1,EXIT_PROFIT_TARGET_MET
24.897431693683192,44.73029587462283,33.09444887253023,3.403176315525322,1,EXIT_PROFIT_TARGET_MET
24.186997014248604,44.73029587462283,33.09444887253023,3.160092292987799,1,EXIT_PROFIT_TARGET_MET
24.757703574510344,53.8518213504591,27.63265269908301,3.514371414917234,1,EXIT_PROFIT_TARGET_MET
25.287645380467673,53.8518213504591,27.63265269908301,3.2633448852802887,1,EXIT_PROFIT_TARGET_MET
24.238445221826964,37.897309876660536,46.88304692402807,4.305963107760277,1,EXIT_PROFIT_TARGET_MET
23.26418793166059,35.58345638152263,44.020561371862655,4.25839431434882,1,EXIT_PROFIT_TARGET_MET
22.79057241781662,32.869977873113314,45.986651021834355,4.280651863323916,1,EXIT_PROFIT_TARGET_MET
22.350786583532933,32.869977873113314,45.986651021834355,3.9748910159436366,1,EXIT_PROFIT_TARGET_MET
21.177367761199807,43.54416518356478,38.674421541861896,4.388827371947661,1,EXIT_PROFIT_TARGET_MET
20.081318575171576,41.2453188885403,36.699072611612735,4.302482559665673,1,EXIT_PROFIT_TARGET_MET
19.415908461843358,43.191155484202184,34.79544767980528,4.213733805403836,1,EXIT_PROFIT_TARGET_MET
18.684522763688623,36.87659405891166,44.32837510947406,4.582752819303569,1,EXIT_PROFIT_TARGET_MET
17.36746420334179,40.24688628250369,40.44514896838082,4.663984760781904,1,EXIT_PROFIT_TARGET_MET
16.1444812544483,40.24688628250369,40.44514896838082,4.330842992154626,1,EXIT_PROFIT_TARGET_MET
17.30924552522432,28.34869394292398,55.58673048526808,5.7093542070007315,1,EXIT_PROFIT_TARGET_MET
18.390812348087767,24.55416213671254,48.14633068221821,6.120828906500665,1,EXIT_PROFIT_TARGET_MET
19.12349217949146,25.934012092664577,46.75948502718776,5.852198270322023,1,EXIT_PROFIT_TARGET_MET
19.547031593056282,27.29213481720744,45.53840097150153,5.579898393870447,1,EXIT_PROFIT_TARGET_MET
19.940318191366472,27.292134817207444,45.53840097150153,5.181334222879701,1,EXIT_PROFIT_TARGET_MET
19.859212433807034,29.564296066961507,43.25850565624649,5.064810349816878,1,EXIT_PROFIT_TARGET_MET
21.298143587789475,58.90144360733148,25.24092235758709,8.060181039115673,1,EXIT_PROFIT_TARGET_MET
22.634293945058886,49.93700428077014,21.39940841219932,8.828025250607407,-1,END_OF_WINDOW
24.179408153873293,47.2412476158685,18.250666899147653,9.61173773270689,-1,END_OF_WINDOW
25.718379556733183,45.78819663302367,17.053723674544372,9.551613608942112,-1,END_OF_WINDOW
27.465315479306913,45.48546658825877,15.090954861238007,10.02292692258911,1,EXIT_PROFIT_TARGET_MET
29.095118972452056,43.57589862742285,14.41605646893814,9.742717856689914,-1,END_OF_WINDOW
29.749372920151064,40.55929775918359,18.114013623700647,9.719666581212069,-1,END_OF_WINDOW
29.887468457843877,38.73528046821253,20.09595156896921,9.450404682554051,-1,END_OF_WINDOW
30.01439884389322,37.620642497343106,19.525580290132496,9.035375776657357,-1,END_OF_WINDOW
30.23128998963961,37.15292316592217,18.694771482035833,8.762848935467565,-1,END_OF_WINDOW
28.425908893488156,32.321089624173716,29.268726282797235,9.353359725791291,-1,END_OF_WINDOW
26.74948358991895,31.517557474835453,28.541078706187715,8.90669117394905,-1,END_OF_WINDOW
25.173105433632273,29.713503837004993,32.631361622891276,8.772641804381243,-1,END_OF_WINDOW
23.751200644258994,28.95438156700812,32.17365177747198,8.359595961211138,-1,END_OF_WINDOW
22.15354966468967,30.59119041824442,29.755933759692624,8.393196249696052,-1,END_OF_WINDOW
20.670016612232445,29.353677831511405,28.55221000608373,8.122253660432042,-1,END_OF_WINDOW
19.796261769250965,31.388626563574125,26.503968490796343,8.124949827544029,-1,END_OF_WINDOW
18.984917986482447,31.38862656357412,26.503968490796343,7.544596268433741,-1,END_OF_WINDOW
19.024112115583645,34.279602412719086,23.07597317074972,8.046410820688454,-1,END_OF_WINDOW
19.060506664034754,32.41707471710393,21.822176857235693,7.900952904924976,-1,END_OF_WINDOW
19.975652344614893,38.03071826908857,19.64727365149284,8.148741983144646,-1,END_OF_WINDOW
21.260561718029667,41.35246918492427,18.594117193605953,7.995260412920029,-1,END_OF_WINDOW
22.62396809749072,41.27417192211797,17.542623611946773,7.869170383425742,-1,END_OF_WINDOW
24.240893301698797,44.21866387283558,16.663042757823394,7.6928010703239105,-1,END_OF_WINDOW
25.471791079173606,41.660851638136464,17.234789981578192,7.581886708157908,-1,END_OF_WINDOW
26.858243011555132,42.107615191098475,16.019109809684824,7.574609086146631,-1,END_OF_WINDOW
28.296481583813573,42.064976097472346,15.168782318826526,7.427851294279013,-1,END_OF_WINDOW
29.35634767307991,40.69121349729199,16.166054493269723,7.1301476304019245,-1,END_OF_WINDOW
28.777640970448953,36.50127378666684,23.704801341858516,7.380851371087492,-1,END_OF_WINDOW
27.94205531329929,35.734088756753174,25.30837645561788,7.000790558866953,-1,END_OF_WINDOW
26.760796692748094,34.39982851381576,27.35683068818031,6.752876947519296,-1,END_OF_WINDOW
26.19630560460259,37.72217008642834,25.75221954360117,6.661242879839333,-1,END_OF_WINDOW
25.672135308467475,37.72217008642834,25.752219543601175,6.185439816993666,-1,END_OF_WINDOW
25.86060071135459,42.53197435200313,23.763339462507673,6.224336972922691,-1,END_OF_WINDOW
25.167880403612017,39.7743832644317,28.706198072937934,6.180455760571047,-1,END_OF_WINDOW
23.833442593184884,37.444196830990585,32.88295296903303,6.09613749195883,-1,END_OF_WINDOW
23.174694375832928,31.901219311909752,42.81849209994136,6.644270528247484,-1,END_OF_WINDOW
23.23190678628062,27.58366334320381,44.981692147207305,7.1353940619440905,-1,END_OF_WINDOW
23.285032595982052,26.65549250650962,43.468089899502935,6.856437343233799,-1,END_OF_WINDOW
24.242384933958007,22.750344148053546,49.117016507116055,7.459548961574256,-1,END_OF_WINDOW
25.131354962078536,22.511243480375214,48.60080842846931,7.000295464318966,-1,END_OF_WINDOW
24.25926697369652,32.598780444657415,42.27392342558482,7.473131502581921,-1,END_OF_WINDOW
23.149467352855766,34.21963447943743,40.759356246842096,7.197193538111794,-1,END_OF_WINDOW
22.827231684065136,28.78108705325585,41.96728805620103,7.945965428246687,-1,END_OF_WINDOW
22.528012848759552,27.109348023971304,39.5296333120644,7.8333964690862015,-1,END_OF_WINDOW
21.936314735822467,28.93084395450165,38.54181026121609,7.460296721294307,-1,END_OF_WINDOW
20.545769064873493,34.044914065186966,35.768377581891706,7.464561241201856,-1,END_OF_WINDOW
19.653015576379396,32.48812434965994,38.17450146653227,7.263521152544587,-1,END_OF_WINDOW
19.157601312973902,30.611112072737573,39.53127026397666,7.158269641648542,-1,END_OF_WINDOW
18.6975737826688,29.744888050075982,38.412626293525115,6.840536095816506,-1,END_OF_WINDOW
17.96989287670989,31.55020665758057,37.41956234582395,6.520497803258194,-1,END_OF_WINDOW
17.018574875188307,37.50034482732263,34.166790418593756,6.631176531596907,-1,END_OF_WINDOW
16.135208159489697,36.842183827433004,33.56713596078897,6.267521065054269,-1,END_OF_WINDOW
15.987891116511367,41.368476865511255,31.161500316383325,6.269126703264677,-1,END_OF_WINDOW
15.245041516815553,38.40445215441318,34.33952130305225,6.270617653031484,-1,END_OF_WINDOW
14.859319700350307,40.187751309504065,32.98403565012358,6.062002106386371,-1,END_OF_WINDOW
14.601195560239379,39.50283656399245,31.516319336948268,5.891144813073065,-1,END_OF_WINDOW
14.361508858707804,39.50283656399246,31.516319336948275,5.470348754996417,-1,END_OF_WINDOW
13.83335165904353,38.12504010233056,33.15849650818383,5.263180986782366,-1,END_OF_WINDOW
13.620982465894018,39.401110424488,31.68141780929493,5.11509663058363,-1,END_OF_WINDOW
12.74803102710852,36.95056647688779,35.930477957407106,5.0647325855419325,-1,END_OF_WINDOW
12.528107611689277,33.92122019501914,41.183138116277235,5.122965972288945,-1,END_OF_WINDOW
12.323893011657123,33.92122019501914,41.183138116277235,4.757039831411164,-1,END_OF_WINDOW
11.986416161510483,42.05439467186483,36.114193913732066,5.0372512720246725,-1,END_OF_WINDOW
11.673044800660033,42.05439467186483,36.114193913732066,4.677447609737196,-1,END_OF_WINDOW
11.074704241228961,40.72819750383092,38.12885078301415,4.484772780470254,-1,END_OF_WINDOW
11.444249212499493,46.95542798127991,33.8292618815528,4.693717581865258,-1,END_OF_WINDOW
11.78739811439356,44.83205548954794,32.29946804976143,4.564880611732016,-1,END_OF_WINDOW
12.106036380438049,43.57638824292933,31.39481659734821,4.360960568036842,-1,END_OF_WINDOW
12.534049367504617,43.63048818300461,30.257990150087394,4.201606241748472,-1,END_OF_WINDOW
13.586673842960156,48.43565618015193,27.67867517572279,4.265062938766449,-1,END_OF_WINDOW
14.399140263525458,47.53545788927029,28.544887802095065,4.03541558599743,-1,END_OF_WINDOW
13.836303569555918,42.00290295396906,36.86140248811968,4.24074304414046,-1,END_OF_WINDOW
13.630231537982688,35.11704118478526,43.754495992713224,4.709975683844709,-1,END_OF_WINDOW
13.541254757912764,33.803112975924016,43.359340743928456,4.543548849284381,-1,END_OF_WINDOW
12.958226328777771,37.03321042967825,41.24360838203526,4.435438217192621,-1,END_OF_WINDOW
12.528763060161848,35.41774820148109,40.705039552091385,4.306478344536012,-1,END_OF_WINDOW
12.250945846262681,34.92491850115621,41.53011508829095,4.055301319926295,-1,END_OF_WINDOW
12.925496801985673,30.707757452739354,47.723054927011304,4.282779797074402,-1,END_OF_WINDOW
14.140901978789303,27.99275454968979,51.91938289508882,4.362581240140522,-1,END_OF_WINDOW
15.429811606920161,25.95612088015609,50.59439038285262,4.368825437273362,-1,END_OF_WINDOW
16.323957042187082,26.665206827984843,47.35119928075538,4.334623620325288,-1,END_OF_WINDOW
16.746035416701307,28.487736358939674,44.77664633517538,4.256436218873467,-1,END_OF_WINDOW
16.60795813796083,31.503262779930868,42.45930331333543,4.168119346096789,-1,END_OF_WINDOW
16.97743373528386,28.087308558235826,43.729438906692344,4.341110821375568,-1,END_OF_WINDOW
17.320518218512387,28.08730855823583,43.72943890669235,4.031031476991599,-1,END_OF_WINDOW
17.13810495282106,31.110871307472042,41.89083851679667,3.907386371492179,-1,END_OF_WINDOW
17.095717296735167,30.62849503734239,42.7724438555836,3.6854302020998615,-1,END_OF_WINDOW
16.72234391008763,32.69360010938541,41.49916038281783,3.5271851876641755,-1,END_OF_WINDOW
16.37564005105778,32.69360010938541,41.49916038281783,3.275243388545306,-1,END_OF_WINDOW
16.0537007533872,32.693600109385414,41.499160382817834,3.041297432220641,-1,END_OF_WINDOW
16.05127663687265,31.536992540442974,43.568755461497986,2.9276333299191863,-1,END_OF_WINDOW
16.78539501438252,28.537699393677126,48.93559076739299,3.004230949210673,-1,END_OF_WINDOW
18.08963916428024,25.850396755366987,53.74416064408519,3.0796430242670496,-1,END_OF_WINDOW
21.044593670708515,17.47148889630019,68.72021761217125,4.23109709396228,-1,END_OF_WINDOW
23.788479998106197,14.724848239157145,57.91691717329011,4.661733015822133,-1,END_OF_WINDOW
25.791917451224265,17.725174571732218,55.87916469664915,4.486609228977698,-1,END_OF_WINDOW
27.652252229119618,17.725174571732214,55.87916469664914,4.166137141193577,-1,END_OF_WINDOW
29.623467592710586,16.17514942198167,56.11483759309719,4.239270202536865,-1,END_OF_WINDOW
31.300167363288185,16.893939304030795,55.14424388933514,4.005750902355678,-1,END_OF_WINDOW
32.85710286453882,16.66354454704772,54.3922023174285,3.771054409330291,-1,END_OF_WINDOW
33.55690923548533,20.78401546997674,51.70284521836678,3.6838362372352833,-1,END_OF_WINDOW
34.42564242323186,19.651458141214153,52.75517064499753,3.6178479345756034,-1,END_OF_WINDOW
35.23232324042506,19.65145814121415,52.75517064499752,3.3594302249630603,-1,END_OF_WINDOW
36.39927725807152,18.070820709631093,56.555242130311605,3.3923280660371065,-1,END_OF_WINDOW
35.590713519084346,29.235229673313924,48.80798884290587,3.6500189184630276,-1,END_OF_WINDOW
34.52790657783561,31.076837488736526,47.31234807832078,3.4964461385728116,-1,END_OF_WINDOW
32.92322813293186,34.00707637116341,43.336584588301825,3.544557128674759,-1,END_OF_WINDOW
30.582130604436344,38.64614892234449,38.76060466449446,3.6799459051979944,-1,END_OF_WINDOW
28.408254327976223,36.42297480372002,36.53084631818441,3.6256640548267147,-1,END_OF_WINDOW
26.38965492840611,36.422974803720024,36.53084631818441,3.366688050910521,-1,END_OF_WINDOW
24.871753494612076,35.07655651035502,38.877058565868886,3.2462103329883294,-1,END_OF_WINDOW
23.47957430802419,40.00935104978403,35.92323276897678,3.2621953092034346,-1,END_OF_WINDOW
22.413999424909186,41.55292518154878,34.99891916674235,3.1091813585460386,-1,END_OF_WINDOW
21.92542058667551,45.04702210357267,32.90660546046133,3.0706684043641905,-1,END_OF_WINDOW
20.418654944042014,39.7935436249853,39.137859206805025,3.2277635183381754,-1,END_OF_WINDOW
19.01951541873948,37.354347842540626,36.73885443329668,3.192923267028323,-1,END_OF_WINDOW
18.591437567771877,33.41028012401778,43.41829756313396,3.314857319383449,-1,END_OF_WINDOW
18.1939367061591,31.759412370922327,41.272913954399904,3.2380817965703628,-1,END_OF_WINDOW
18.434943415085087,48.38579481416975,31.217032611715002,3.975361668243904,-1,END_OF_WINDOW
18.65873535908779,44.90172089517607,28.96921484684075,3.977835834797894,-1,END_OF_WINDOW
18.527943311259495,43.51331668003841,30.978155010202023,3.8115618465980514,-1,END_OF_WINDOW
17.47105418601547,38.88343100104387,36.08595181164597,3.9607360004124827,-1,END_OF_WINDOW
16.610412844289453,38.6689277367346,34.69128185757505,3.8256834289544277,-1,END_OF_WINDOW
15.993361855748955,34.93859496930367,40.991514771821635,3.9317060411719646,-1,END_OF_WINDOW
15.420385937818493,33.32801600567636,39.10191184312007,3.827298466802524,-1,END_OF_WINDOW
14.888336871168777,32.98329975176663,38.69747539034793,3.591062862030914,-1,END_OF_WINDOW
14.670903181279309,31.6347972041305,40.135456382806254,3.4767012290286905,-1,END_OF_WINDOW
14.60201318776201,29.857751275548747,39.34266740617082,3.420508284098074,-1,END_OF_WINDOW
14.538043908067374,28.677542021422575,37.78754090899232,3.306900549519635,-1,END_OF_WINDOW
13.989778097085724,31.589656053809268,36.24466603830972,3.20140765312537,-1,END_OF_WINDOW
13.806818435489898,39.995274579401524,31.791262960185236,3.3891642493306953,-1,END_OF_WINDOW
14.142999141861011,41.03107137326717,28.211882189830657,3.546366802949942,-1,END_OF_WINDOW
13.4626415717737,36.39686780478156,33.18364450517064,3.712340602739224,-1,END_OF_WINDOW
13.024074515293684,34.419333450600966,29.722423248946647,3.8486019882578435,-1,END_OF_WINDOW
12.99420475869575,35.83311522692832,27.81029224619651,3.819416131953716,-1,END_OF_WINDOW
13.238531981473372,37.64160918107781,27.026480696543665,3.6494578368141686,-1,END_OF_WINDOW
14.515782387239701,45.2064383977215,23.747840755529808,3.856639419898884,-1,END_OF_WINDOW
15.701800621165578,43.715435354415284,22.96458721701988,3.703308032763252,-1,END_OF_WINDOW
17.232549762409832,44.39357548858169,20.352044878815448,3.8802146018516117,-1,END_OF_WINDOW
18.832211170719557,45.83412989866171,19.81773425328365,3.7001992731479345,-1,END_OF_WINDOW
21.23044361157008,53.57321164689815,16.72939659668145,4.070185039351661,-1,END_OF_WINDOW
23.45737373521699,48.62876174590544,15.185384938554199,4.16374325082655,-1,END_OF_WINDOW
25.525237421460552,44.66015548601091,13.946101609874157,4.209904447196078,-1,END_OF_WINDOW
26.206220194609678,39.9386347179781,19.203867193359084,4.371339843824916,-1,END_OF_WINDOW
26.455425569997292,38.05680335474753,20.62976952249522,4.25981556926599,-1,END_OF_WINDOW
26.791232766504315,37.80762849338871,19.844967075105014,4.1119716000327085,-1,END_OF_WINDOW
25.726140995654273,33.86693367249383,26.6746276807193,4.262545057173215,-1,END_OF_WINDOW
24.317333027663004,31.459752267169364,27.896686484978268,4.260934695946574,-1,END_OF_WINDOW
22.786640994674844,29.83834188029044,31.612833404025913,4.1715822176646595,-1,END_OF_WINDOW
21.78935168208113,27.76483286962154,33.13938035612881,4.162897773545736,-1,END_OF_WINDOW
20.38521908768318,30.53729942826997,31.867453849115044,4.01983364686392,-1,END_OF_WINDOW
19.081381678599367,30.53729942826997,31.86745384911504,3.732702672087926,-1,END_OF_WINDOW
17.870675513021542,30.53729942826997,31.867453849115037,3.4660810526530743,-1,END_OF_WINDOW
17.721912069534557,27.730916092578976,38.12884715225146,3.544218120320708,-1,END_OF_WINDOW
17.583774586296645,27.73091609257898,38.12884715225147,3.291059683154943,-1,END_OF_WINDOW
16.65600640224455,36.645387919172244,33.425611476057654,3.4859839915010173,-1,END_OF_WINDOW
16.109709792710806,38.197693288963656,31.884767622426306,3.393413706393773,-1,END_OF_WINDOW
15.602434369572329,38.18903646594141,31.877541510935107,3.1517412987942337,-1,END_OF_WINDOW
15.510852173360702,40.07819325026952,30.037436243048347,3.105902634594661,-1,END_OF_WINDOW
16.355347937167664,45.501501918595636,25.966567781085804,3.3361953035521803,-1,END_OF_WINDOW
17.13952257498842,42.13969570877898,24.048069157232604,3.345038496155566,-1,END_OF_WINDOW
17.08500593266367,39.667624310952235,28.503692120048726,3.2996786035730286,-1,END_OF_WINDOW
17.034383336219257,39.66762431095223,28.503692120048722,3.063987274746384,-1,END_OF_WINDOW
16.987376639520875,39.667624310952235,28.50369212004873,2.845131040835928,-1,END_OF_WINDOW
16.943727564015234,39.66762431095223,28.50369212004873,2.641907395061933,-1,END_OF_WINDOW
16.709019772794868,39.03121120807368,29.650753178849705,2.493199723986077,-1,END_OF_WINDOW
15.893114075713102,37.010087238146426,33.293595525160086,2.4415426008442456,-1,END_OF_WINDOW
14.831492519124755,35.93454349387678,35.20154846435421,2.335003843641072,-1,END_OF_WINDOW
14.761444752502097,31.778391126831437,41.99687295240304,2.451789283380981,-1,END_OF_WINDOW
15.106722785628305,27.91592942334631,41.522654004168025,2.591661477425219,-1,END_OF_WINDOW
14.326717464817358,33.345748545110425,36.25989190367887,2.7558285147519803,-1,END_OF_WINDOW
13.654177381961093,29.79459230516249,32.872259340811986,2.8639836208411236,-1,END_OF_WINDOW
13.029675876451703,27.497689049336735,30.33809479400673,2.8815562193524813,-1,END_OF_WINDOW
12.449781621335841,27.49768904933674,30.338094794006736,2.6757307751130184,-1,END_OF_WINDOW
13.655250074848137,22.91852939622669,41.93881458924914,2.98103571974779,-1,END_OF_WINDOW
14.845896660261653,21.57671677894428,40.357982067570326,2.940247454051509,-1,END_OF_WINDOW
15.484623263147515,24.00541714859818,38.99106349510963,2.825944064476412,-1,END_OF_WINDOW
17.561292366032994,19.421856990294945,50.640022933441934,3.243376631299531,-1,END_OF_WINDOW
19.85582557532196,17.685361910473834,52.61286566458846,3.3074211576352694,-1,END_OF_WINDOW
21.986463555375998,16.31900742098939,48.54804496318804,3.3283196463756006,-1,END_OF_WINDOW
22.713657646660447,22.93905664744584,44.695038261959404,3.3570111002059164,-1,END_OF_WINDOW
22.198234379588506,29.792329642502843,40.72016739472426,3.4215103073340485,-1,END_OF_WINDOW
22.198050299586097,28.08737173539629,44.11263856247504,3.3699738568101747,-1,END_OF_WINDOW
21.159743595256828,34.474000130961116,40.19495349317459,3.43426143846659,-1,END_OF_WINDOW
20.19560165552251,33.64503369451819,39.2284202439535,3.267528478576113,-1,END_OF_WINDOW
19.4359739001288,33.046005908592555,40.03294810241154,3.0891335872492465,-1,END_OF_WINDOW
18.615013293196267,41.21420893566075,35.14903860141663,3.2670526167314704,-1,END_OF_WINDOW
17.852692729616056,39.17571366068142,33.41053261138518,3.191548858393511,-1,END_OF_WINDOW
16.633747188011824,36.82375798980329,37.40830216835928,3.1528667970796955,-1,END_OF_WINDOW
17.188071528524073,29.894769509091923,49.18594727953175,3.6062334544311456,-1,END_OF_WINDOW
17.702801273285445,29.49836255169019,48.53373781184975,3.3936453505432147,-1,END_OF_WINDOW
18.18076460770672,29.49836255169019,48.53373781184975,3.1512421112186995,-1,END_OF_WINDOW
18.14596044064911,32.49730000728485,46.46925180199385,3.0561533889888044,-1,END_OF_WINDOW
17.65989048181096,35.4074601778644,44.46588059216982,2.9657138612038874,-1,END_OF_WINDOW
18.29961924976414,30.359857530773418,52.38269153310462,3.2117342996893137,-1,END_OF_WINDOW
18.514908220856082,32.79051927179602,50.554369538249865,3.0901818497115214,-1,END_OF_WINDOW
19.28091621961716,29.740401214003278,54.31835913538071,3.1637402890178334,-1,END_OF_WINDOW
20.493928636329187,27.218941517384764,58.19135383665273,3.2099016969451597,-1,END_OF_WINDOW
22.10330082832302,23.927580015986923,60.065885636025236,3.390623004306204,-1,END_OF_WINDOW
23.69115481808096,22.326940820897367,57.88950257522536,3.374149932570069,-1,END_OF_WINDOW
24.494471182726706,26.435832387922662,54.827157774280174,3.3081392231007976,-1,END_OF_WINDOW
25.341866763970756,25.272288856216097,54.147881965734825,3.213272135736456,-1,END_OF_WINDOW
26.71893750170691,22.594826632981984,59.00566570627718,3.3373241260410147,-1,END_OF_WINDOW
27.997646043890484,22.594826632981988,59.00566570627719,3.0989438313237994,-1,END_OF_WINDOW
27.778858434044885,31.413645501153024,52.28311402885619,3.2475907005149773,-1,END_OF_WINDOW
27.575698510616828,31.413645501153024,52.28311402885619,3.015619936192479,-1,END_OF_WINDOW
27.387050010290775,31.413645501153024,52.28311402885619,2.8002185121787306,-1,END_OF_WINDOW
26.590571394465712,35.45618440460701,49.20150218347193,2.7630600470231212,-1,END_OF_WINDOW
25.85098410834244,35.45618440460701,49.201502183471916,2.565698615092898,-1,END_OF_WINDOW
25.598512919088158,33.252889306408264,52.3581893204125,2.540291571157694,-1,END_OF_WINDOW
24.95746228686892,35.37499602779432,49.48134847766492,2.495985030360721,-1,END_OF_WINDOW
25.05589375863628,31.815709808023744,54.56432686340273,2.576986099620645,-1,END_OF_WINDOW
23.888748904049244,39.516477069211454,47.06259258645476,2.7743442353620056,-1,END_OF_WINDOW
22.72277828029451,47.51954626479528,40.83535636174008,2.969033932836148,-1,END_OF_WINDOW
21.640091272522255,45.45846869355841,39.064193888057105,2.881960080490709,-1,END_OF_WINDOW
22.179663387649352,31.518612664410668,57.50959842548329,3.859677217598527,-1,END_OF_WINDOW
22.680694637410227,27.85958480875013,50.83325055296727,4.054700273484357,-1,END_OF_WINDOW
23.145937940759612,27.859584808750135,50.83325055296728,3.765078825378332,-1,END_OF_WINDOW
23.57794957958404,27.859584808750135,50.83325055296727,3.496144623565594,-1,END_OF_WINDOW
23.669883978921405,29.77550565997895,49.483210018656884,3.334991436168036,-1,END_OF_WINDOW
24.115149691730775,28.170580888432394,52.206107441320846,3.2732063335845902,-1,END_OF_WINDOW
23.676158355395344,33.57203063999549,48.280297243259724,3.2865487383285505,-1,END_OF_WINDOW
22.38622600269703,39.37550429904392,44.062293351197546,3.3439381141622033,-1,END_OF_WINDOW
21.18843167519145,39.37550429904392,44.06229335119755,3.1050853917220462,-1,END_OF_WINDOW
20.82524687124223,50.14526384033463,36.23475930339307,3.506150720884743,-1,END_OF_WINDOW
20.062376655729487,47.15537454854026,38.46875221399636,3.4621399551072525,-1,END_OF_WINDOW
19.353997169896225,47.15537454854026,38.46875221399636,3.2148442440281633,-1,END_OF_WINDOW
19.01657400228685,49.43018856010345,36.812779524320796,3.119498226597588,-1,END_OF_WINDOW
19.07951645332644,50.031170096998935,33.42521245181859,3.1902483532691654,-1,END_OF_WINDOW
19.571832646127085,52.91124552114495,31.093564116627153,3.184516328035663,-1,END_OF_WINDOW
19.69514213638044,50.14931336852637,32.53835656911459,3.11990801889024,-1,END_OF_WINDOW
19.527229463114605,48.78998620306905,34.36694480656692,2.9777717318266594,-1,END_OF_WINDOW
19.3713105522249,48.789986203069056,34.36694480656692,2.765073750981898,-1,END_OF_WINDOW
18.25039693168252,43.97043186357171,40.85028494639424,2.848997054483195,-1,END_OF_WINDOW
17.002153968147606,41.284071844899984,41.9289691196863,2.8176401220200997,-1,END_OF_WINDOW
15.843071216293756,39.494237070519496,40.111175388818864,2.7349515418757964,-1,END_OF_WINDOW
15.146640430204155,41.01358167651779,36.30267129339228,2.806026431741812,-1,END_OF_WINDOW
14.565892059486272,41.27202511892232,35.860295587257795,2.637738829474527,-1,END_OF_WINDOW
14.351436759870523,43.4392727698951,34.43434326740493,2.550757484512066,-1,END_OF_WINDOW
15.095064287846714,49.14215302069033,29.635143781545022,2.752131949904086,-1,END_OF_WINDOW
15.785575563824604,46.6145403066479,28.11086855955443,2.6941225249109406,-1,END_OF_WINDOW
16.329099769123122,45.90674197225936,28.499471900231892,2.5402566302744423,-1,END_OF_WINDOW
16.833800816900318,45.906741972259354,28.49947190023189,2.358809728111982,-1,END_OF_WINDOW
17.302451789836283,45.90674197225936,28.499471900231892,2.190323318961126,-1,END_OF_WINDOW
17.692102466676918,45.73008000302152,28.77462590927231,2.0417287961781976,-1,END_OF_WINDOW
17.627848592886988,44.03775437905063,31.374170516984268,1.9687481678797538,-1,END_OF_WINDOW
17.568184281510625,44.03775437905063,31.374170516984265,1.8281232987454858,-1,END_OF_WINDOW
17.512781706661144,44.03775437905063,31.374170516984265,1.6975430631208084,-1,END_OF_WINDOW
17.943713180230286,47.09255749208045,29.142407966752938,1.6970042728978973,-1,END_OF_WINDOW
20.03429955275739,57.29789217187663,20.54619985471511,2.2350753962623346,-1,END_OF_WINDOW
22.05071380240924,56.846343234431274,19.836203112910987,2.1497128679578794,-1,END_OF_WINDOW
24.079964621861343,56.25970944419242,18.523788110012134,2.1375905202466035,-1,END_OF_WINDOW
25.01216452179919,50.9433134768123,23.35557071260231,2.192048340228963,-1,END_OF_WINDOW
25.877778714598616,50.94331347681229,23.35557071260231,2.035473458784037,-1,END_OF_WINDOW
26.681563322198084,50.943313476812286,23.35557071260231,1.8900824974423203,-1,END_OF_WINDOW
28.822147530641512,63.24074484717993,17.500843287866076,2.3422194619107444,-1,END_OF_WINDOW
30.809832867053267,59.803625411095354,16.54967661900485,2.299918071774263,-1,END_OF_WINDOW
32.65554067943561,59.80362541109534,16.54967661900485,2.135638209504673,-1,END_OF_WINDOW
34.76557288020601,63.85277915359467,14.882556494258713,2.2052354802543483,-1,END_OF_WINDOW
37.210553369005254,69.17517838104345,12.691214937902725,2.4012900888075963,-1,END_OF_WINDOW
39.48089239431884,62.57976741504354,11.481188738732945,2.4647693681784797,-1,END_OF_WINDOW
40.45944306626742,56.84908476269161,17.37582895885539,2.5194286990228756,-1,END_OF_WINDOW
41.212808264582414,53.10374110309036,17.229286237014318,2.5044695062355236,-1,END_OF_WINDOW
42.82176869717299,62.360299473885256,13.81041546691067,2.901293112932982,-1,END_OF_WINDOW
42.86763918365359,56.29993217856126,22.186586583931025,2.9840578905806545,-1,END_OF_WINDOW
42.774075013264316,55.71112219264151,23.000394222500987,2.8001966126820257,-1,END_OF_WINDOW
42.44270267278402,54.64531317657095,24.473473041264686,2.6508968546333125,-1,END_OF_WINDOW
42.569065156497714,58.24396263714936,22.531635124903374,2.673689936445237,-1,END_OF_WINDOW
42.686401748517575,58.243962637149366,22.531635124903378,2.4827120838420056,-1,END_OF_WINDOW
42.79535715539316,58.24396263714936,22.531635124903374,2.3053755064247197,-1,END_OF_WINDOW
44.16159224118727,64.38502886634024,15.140632947912582,3.18570582739439,-1,END_OF_WINDOW
46.01294126760636,69.96781965022275,12.308312474531483,3.638869696866201,-1,END_OF_WINDOW
47.37163001404282,60.238978727011634,12.762664165059178,3.924664718518606,-1,END_OF_WINDOW
49.18942396631331,64.89639040226173,10.20615619583134,4.55718866719583,-1,END_OF_WINDOW
51.111108089742785,63.78496139833176,8.659668183318516,4.987389476681837,-1,END_OF_WINDOW
52.89552906149872,58.622205135546174,7.9587544386526465,5.039004514061709,-1,END_OF_WINDOW
54.48080550333735,58.399330944129204,8.308683584682937,4.696932763057302,-1,END_OF_WINDOW
55.28439911791127,56.27940994931275,11.637118064474356,4.5257232799817615,-1,END_OF_WINDOW
56.24927283404026,57.24089433063379,10.583031326282455,4.621028759983074,-1,END_OF_WINDOW
56.530238502991274,55.227550838741834,13.728109229923648,4.447383848555716,-1,END_OF_WINDOW
56.88228428733872,54.28098586026866,12.957169184274791,4.375427859373169,-1,END_OF_WINDOW
57.22848251714973,54.49697907798379,12.895954813902822,4.082183012275085,-1,END_OF_WINDOW
58.114097707179,61.2821176414217,10.972987095558906,4.454884225684021,-1,END_OF_WINDOW
59.042005818050505,62.6618253226909,10.581965850078618,4.2895353524208675,-1,END_OF_WINDOW
60.2622825110228,67.05184838785024,9.088976084642594,4.637425684390795,-1,END_OF_WINDOW
61.50392838956816,62.12781954790662,7.8180904996841765,5.006180992648608,-1,END_OF_WINDOW
62.80285373507493,62.60470553383266,7.076517265979497,5.13573949317372,-1,END_OF_WINDOW
64.44715973662545,67.00356900749172,5.111851942067885,6.60175810080419,-1,END_OF_WINDOW
65.97401530949378,55.800856666129114,4.2571719946128574,7.360918236461035,-1,END_OF_WINDOW
67.4449035261196,52.65323472832446,3.7912488663757857,7.67513836242812,-1,END_OF_WINDOW
67.89203877965697,49.40036998433423,7.4781628092327574,7.596199907968948,-1,END_OF_WINDOW
68.54625378753826,51.419542661237735,6.664883252765858,7.914328485971179,-1,END_OF_WINDOW
69.15373915199947,49.32452853512468,6.393332324057097,7.661162165544691,-1,END_OF_WINDOW
68.96348624452274,46.9891115982202,9.457588611686527,7.4675077251486615,-1,END_OF_WINDOW
69.02834993521013,50.14734604639682,8.894133007552405,7.373400030495192,-1,END_OF_WINDOW
69.47586882425453,53.47073160369775,7.536318530171428,8.080300028316962,-1,END_OF_WINDOW
69.8914220783672,50.42263700819986,7.10671132090374,7.956707169151492,-1,END_OF_WINDOW
68.31935841176961,45.16933252920895,15.9187923511944,8.247656657069257,-1,END_OF_WINDOW
67.21205073716806,48.461973873788715,14.962851519738262,8.147824038707162,-1,END_OF_WINDOW
66.29867936212875,48.65976743375846,14.36087589575801,7.882979464513798,-1,END_OF_WINDOW
65.7327525377294,51.15242646126028,13.443878688200334,7.819195217048511,-1,END_OF_WINDOW
65.51385775085814,54.142985378785,12.425621004172477,7.855681272973612,-1,END_OF_WINDOW
65.831902780592,59.842164064346754,10.574262973320163,8.571704039189791,-1,END_OF_WINDOW
66.12723030820203,54.71587245492228,9.66843417512209,8.705153750676239,-1,END_OF_WINDOW
66.4064566276061,53.05639840418395,9.34953207294228,8.35907133991366,-1,END_OF_WINDOW
66.89560916538802,55.067294028840124,8.500768835642365,8.536994815634106,-1,END_OF_WINDOW
67.45135611293196,53.49695623004614,7.755804177376251,8.688638043088803,-1,END_OF_WINDOW
68.07209094205078,53.95861961346,7.308686031821541,8.561592468582448,-1,END_OF_WINDOW
68.71454903870585,53.561271038318104,6.937208051793417,8.375764435112277,-1,END_OF_WINDOW
69.42453115180338,53.474468104002256,6.389155124144348,8.444638404032839,-1,END_OF_WINDOW
69.07684726396619,47.193737342079636,10.164806814499919,8.885021375173359,-1,END_OF_WINDOW
68.46668919372563,43.680544957195075,10.738297622090212,8.913948419803832,-1,END_OF_WINDOW
68.08670482416188,45.77232047123569,10.33946371982151,8.596523532674972,-1,END_OF_WINDOW
67.03509036952384,43.921223672441634,13.355835258761331,8.318914708912477,-1,END_OF_WINDOW
66.52599551038722,46.84957609288886,11.746173615376179,8.783277943990168,-1,END_OF_WINDOW
65.65932441341322,41.79138919299682,12.345129204451903,9.14304380513374,-1,END_OF_WINDOW
64.83744644242185,41.75625844279295,12.418813794256994,8.497112104767037,-1,END_OF_WINDOW
63.82784032979823,41.24103696062769,13.490518044960217,7.98874695442651,-1,END_OF_WINDOW
63.4468734322704,46.71552022177061,12.233626986964616,8.180265029110304,-1,END_OF_WINDOW
61.83323977858766,42.89191499007159,18.009877330559878,8.273103241316711,-1,END_OF_WINDOW
60.17017680348995,41.01926105181065,18.192799611570603,8.03288158122265,-1,END_OF_WINDOW
58.92982526489028,41.44004979654124,16.59709977501332,8.176247182563888,-1,END_OF_WINDOW
57.79784173589246,38.986073586493816,15.508633457601459,8.125086669523613,-1,END_OF_WINDOW
56.746714173251625,37.57041756852729,14.945486460097804,7.829009050271928,-1,END_OF_WINDOW
56.01918954861512,38.30260017011245,13.965743554445975,7.779794118109638,-1,END_OF_WINDOW
55.343630968595505,36.85587583577902,13.43824461292391,7.507665966816112,-1,END_OF_WINDOW
54.35396698485419,35.083710862451206,14.508661277339503,7.323546969186378,-1,END_OF_WINDOW
52.733815953227094,32.76742301591811,17.003917454054402,7.281150757101638,-1,END_OF_WINDOW
51.22938999528765,32.19598694788174,16.707383554319915,6.8810685601657955,-1,END_OF_WINDOW
50.11118739227666,34.14683432345763,16.226681101876114,6.578849377296817,-1,END_OF_WINDOW
49.03925662803507,33.28669335564824,15.988908773029909,6.266788707489904,-1,END_OF_WINDOW
49.00059375316474,40.65684977152298,14.100596441110614,6.598446656954901,-1,END_OF_WINDOW
49.04737606071127,40.19164412477921,13.520557237920034,6.389986181458111,-1,END_OF_WINDOW
48.897907365314325,38.73224611690977,13.980890631656129,6.157130025639683,-1,END_OF_WINDOW
49.113236837593625,40.396806090461496,12.787495106724865,6.250906452379724,-1,END_OF_WINDOW
50.00448518128266,47.1030330761815,11.196150103894778,6.629413134352614,-1,END_OF_WINDOW
51.181780723717736,49.29892198507865,9.92376049024972,6.945169339041726,-1,END_OF_WINDOW
52.37288226835733,46.333214835400284,8.872298168631808,7.213371529110161,-1,END_OF_WINDOW
53.4969456645263,43.42254161029824,8.237206253439929,7.214559277030865,-1,END_OF_WINDOW
52.474480467625305,39.08442431298656,17.078445521091005,7.442805042957222,-1,END_OF_WINDOW
51.52504849907438,37.26648079532376,16.284071550575376,7.248318968460295,-1,END_OF_WINDOW
50.71373207592857,36.45658199055576,15.562340005540005,7.04272475642741,-1,END_OF_WINDOW
50.70935168524666,42.78121166662697,14.013382764783456,7.262530130968302,-1,END_OF_WINDOW
50.969214121866706,44.1556783701614,13.060278607275093,7.235920835899128,-1,END_OF_WINDOW
51.37067548330551,44.742316418838534,12.403618571182012,7.0747836333349055,-1,END_OF_WINDOW
51.50804646416934,41.97650607480585,12.789553767839301,7.002299088096694,-1,END_OF_WINDOW
51.42662555197717,40.379595998812356,13.3280475506655,6.75927772466121,-1,END_OF_WINDOW
51.60875581669293,42.788616685593404,12.789514764753564,6.540757887185396,-1,END_OF_WINDOW
51.02352809267062,39.79345548605267,15.700457942839984,6.530703752386446,-1,END_OF_WINDOW
51.220140016886205,46.448832470399516,13.96215983738115,6.8192249129302835,-1,END_OF_WINDOW
50.66781666582944,42.64383501262649,16.79521215067864,6.897137419149539,-1,END_OF_WINDOW
50.27402584408319,41.658294067018055,15.740165791394002,6.833770460638841,-1,END_OF_WINDOW
49.90836293817596,41.658294067018055,15.740165791394002,6.345643999164638,-1,END_OF_WINDOW
49.988421580617604,45.4165816568376,14.726207272192458,6.298097999224296,-1,END_OF_WINDOW
49.13012336109548,42.91135317709227,19.291523507704543,6.189662427851113,-1,END_OF_WINDOW
46.34863710941971,35.28193633328199,28.756824711882008,6.990400825861754,-1,END_OF_WINDOW
43.76582844714936,33.91955833260386,27.64640761383095,6.751800766871603,-1,END_OF_WINDOW
41.60417506950349,33.59840381955996,25.604433463492345,6.769529283523632,-1,END_OF_WINDOW
39.745074785572356,34.550356652009896,25.237360767037686,6.377420048986244,-1,END_OF_WINDOW
37.658779802853964,33.29728739917418,26.949153084386896,6.144747188344394,-1,END_OF_WINDOW
36.015391211040075,35.17985513093956,26.18856023865541,5.8715509606055205,-1,END_OF_WINDOW
33.464996167759665,31.922002752093636,32.12044506844034,6.008583034847981,-1,END_OF_WINDOW
31.096772198999282,31.478706414995294,31.674392990963014,5.657969960930262,-1,END_OF_WINDOW
29.4072311216507,30.017686119073147,34.84558742492011,5.5095435351495246,-1,END_OF_WINDOW
27.440531237682563,31.692285708611536,32.9024241554511,5.418147568353132,-1,END_OF_WINDOW
26.463227942682632,29.101734215748504,38.387030941775635,5.478994170613621,-1,END_OF_WINDOW
24.664764244565916,33.25757282717411,34.12323848104924,5.723351729855512,-1,END_OF_WINDOW
22.994762239171823,32.677832665829214,33.52840818824899,5.408826606294416,-1,END_OF_WINDOW
21.44404609130588,32.44710506623886,33.29167495020136,5.058196134416243,-1,END_OF_WINDOW
20.581351360321232,37.087430007707574,30.734967337332414,5.08761069624364,-1,END_OF_WINDOW
20.04467393942857,38.85326222141695,29.87229719973962,4.860638503654831,-1,END_OF_WINDOW
19.852204134788295,38.51324992005435,27.124957480647012,4.970592896250921,-1,END_OF_WINDOW
19.673482173336613,35.68568580543284,25.133498527114906,4.98126483223299,-1,END_OF_WINDOW
19.507526066274334,35.46660886223901,24.979202206200473,4.65403162993064,-1,END_OF_WINDOW
18.263220623211588,31.666750270706594,33.016858812944605,4.840172227792721,-1,END_OF_WINDOW
17.165734182833585,31.496558774660585,33.376856631193476,4.518731354378965,-1,END_OF_WINDOW
16.146639631054015,31.496558774660585,33.376856631193476,4.195964829066182,-1,END_OF_WINDOW
16.49147966559123,42.72171771714918,27.90763473541499,4.659824484132887,-1,END_OF_WINDOW
15.992662022662172,39.48244497690276,32.62632004462726,4.68197987812338,-1,END_OF_WINDOW
15.529474211370905,39.1352376826394,32.33940528260853,4.386124172543136,-1,END_OF_WINDOW
15.739532790537675,42.6738751030107,29.36760221087247,4.48497244593291,-1,END_OF_WINDOW
16.29853044729403,43.49282082221321,26.90356138390155,4.546045842651998,-1,END_OF_WINDOW
16.91933965279957,42.12790259477612,25.28221022957149,4.492042568176854,-1,END_OF_WINDOW
17.495805343626145,42.12790259477612,25.28221022957149,4.17118238473565,-1,END_OF_WINDOW
17.152477822709727,39.240515149480075,30.403262900970248,4.158240785825978,-1,END_OF_WINDOW
16.485907863014784,38.04409640454114,32.52522385216251,3.9826521582669665,-1,END_OF_WINDOW
15.431759284737382,35.60292484760695,36.854870759558686,3.951748432676482,-1,END_OF_WINDOW
14.52700032497475,37.19178275902666,35.19032071590316,3.843052116056754,-1,END_OF_WINDOW
13.861006891923823,37.78275866044783,34.0454696700633,3.68854839348126,-1,END_OF_WINDOW
13.526974623032592,38.73460041502741,32.217926469043555,3.619366365375474,-1,END_OF_WINDOW
12.588828500924253,34.49688471625738,34.769050603345285,3.7736973392772404,-1,END_OF_WINDOW
11.717692816109366,34.49688471625738,34.769050603345285,3.504147529328866,-1,END_OF_WINDOW
12.056652928052003,30.440701093982586,42.43898111401117,3.6874227058053877,-1,END_OF_WINDOW
12.004924474489783,32.70101175454656,41.059937866823205,3.5390353696764407,-1,END_OF_WINDOW
12.679421946608315,29.426270924095565,45.495384473856895,3.651961414699544,-1,END_OF_WINDOW
13.468110933221725,27.502966250208992,44.6085996626049,3.628249885078127,-1,END_OF_WINDOW
14.044767992944857,27.67553775166714,42.87251159839476,3.505517750429679,-1,END_OF_WINDOW
15.087545916119135,25.85969649622432,46.62074771905394,3.483695053970436,-1,END_OF_WINDOW
16.237042350883797,23.583994848105746,44.95469979018649,3.5470025501153972,-1,END_OF_WINDOW
17.304431897450986,22.589510384280583,43.059060361616325,3.438645225107169,-1,END_OF_WINDOW
17.43443955939312,27.02110280936332,39.80040900710983,3.4544562804566468,-1,END_OF_WINDOW
17.555160959767957,25.803002502781002,38.00622278326472,3.3591379747097356,-1,END_OF_WINDOW
18.316800805495333,23.066813071697233,41.20236652088652,3.4891995479447426,-1,END_OF_WINDOW
19.024037805099322,20.980745824063632,37.47619476681453,3.5621138659487053,-1,END_OF_WINDOW
18.003273871288126,30.138247683476955,33.133097292156876,3.7412485898094916,-1,END_OF_WINDOW
17.352078629058415,35.22208348405073,29.47293452048749,3.9054451191088435,-1,END_OF_WINDOW
16.311535001145874,32.75141248695265,30.976917630945096,3.900056182029635,-1,END_OF_WINDOW
15.180740749774523,30.81844886525905,31.11599150545718,3.848623597598935,-1,END_OF_WINDOW
15.463437267320545,26.159769451803314,38.54288103629108,4.210150483484715,-1,END_OF_WINDOW
16.174250444678663,24.139742604046994,40.59092686822218,4.236568306092945,-1,END_OF_WINDOW
16.784316162694886,23.042717485542767,38.172052176904856,4.183241998514862,-1,END_OF_WINDOW
17.672757315144775,21.534047335295266,39.3159261496583,4.156581855763797,-1,END_OF_WINDOW
18.49773838527681,21.47443538601577,39.207089247843356,3.870397437494961,-1,END_OF_WINDOW
20.085999509605575,19.21035814455709,45.61656373235615,4.017511906245309,-1,END_OF_WINDOW
22.427019445440457,16.272301581328247,52.766297298582984,4.404118198656347,-1,END_OF_WINDOW
24.960007484677412,14.79191014699158,55.45984430601076,4.498824041609466,-1,END_OF_WINDOW
27.36033136955901,13.556444563206258,51.8775830836566,4.558193752923071,-1,END_OF_WINDOW
29.04158092202812,16.17141946488186,49.6970252595123,4.418322770571416,-1,END_OF_WINDOW
29.10831716198956,24.20747412191674,44.93292202970539,4.537728286959183,-1,END_OF_WINDOW
29.370420200005544,23.506160106630407,46.429504041733104,4.339319123604971,-1,END_OF_WINDOW
29.81439496619669,22.810653543413704,48.014562229235146,4.1522249004903165,-1,END_OF_WINDOW
30.226657249088465,22.810653543413704,48.01456222923514,3.855637407598151,-1,END_OF_WINDOW
30.156962966966407,25.40033638882209,46.40368593810373,3.704520449912553,-1,END_OF_WINDOW
29.710876763744597,27.179290869169723,44.26220780097804,3.6063404177759697,-1,END_OF_WINDOW
28.69335833047339,30.7957912907787,42.06401040515221,3.5237446736491016,-1,END_OF_WINDOW
27.59334543793411,31.606435243604103,41.29771336751735,3.332762911245588,-1,END_OF_WINDOW
27.812255028656914,26.597133236824593,50.11586555191407,3.677565560442354,-1,END_OF_WINDOW
27.995214980619092,25.803743350933587,48.3169301856335,3.5420251632679145,-1,END_OF_WINDOW
28.54093478423828,24.329585727069784,51.26956346660191,3.488309080177379,-1,END_OF_WINDOW
29.047674601884673,24.048521265578657,50.67727832010258,3.2770012887361197,-1,END_OF_WINDOW
30.09647112337627,21.714060607987474,55.46517991353012,3.3700726252549957,-1,END_OF_WINDOW
31.467745858724378,20.018825668249953,58.942050702853464,3.3943531520224983,-1,END_OF_WINDOW
29.937088160780306,37.59043094853865,45.97964483592035,4.040470784020895,-1,END_OF_WINDOW
28.615206997319518,34.80723672604068,43.79168437096752,4.05186572801939,-1,END_OF_WINDOW
27.387745916963073,34.80723672604068,43.79168437096752,3.7624467474465764,-1,END_OF_WINDOW
26.168065447825402,45.24133756433494,36.7828259078696,4.1594148369146895,-1,END_OF_WINDOW
25.035505012197564,42.631672476798585,34.66107483328671,4.098742348563636,-1,END_OF_WINDOW
23.983841750543146,42.63167247679858,34.66107483328671,3.805975037951948,-1,END_OF_WINDOW
22.324217063548847,39.71772511131679,39.12710156391931,3.7934053923839595,-1,END_OF_WINDOW
20.90200824576998,38.728203492115625,40.643680090436575,3.612447864356517,-1,END_OF_WINDOW
19.581385772118175,38.728203492115625,40.643680090436575,3.3544158740453374,-1,END_OF_WINDOW
18.355093475155783,38.72820349211563,40.64368009043658,3.1148147401849564,-1,END_OF_WINDOW
17.216393485119276,38.72820349211563,40.643680090436575,2.892327973028888,-1,END_OF_WINDOW
16.30158869796021,41.66699142521036,38.147853954653854,2.8614474035267947,-1,END_OF_WINDOW
16.374975426082877,48.13622703160492,33.91718831369732,2.988486874703476,-1,END_OF_WINDOW
15.95768819628791,43.65298545350778,35.33338701055475,3.0600235265103546,-1,END_OF_WINDOW
15.824100691786299,45.425047928078854,34.206923334211275,2.9350218460453257,-1,END_OF_WINDOW
15.14052525586993,42.89551842788412,37.84591328669215,2.8860917141849454,-1,END_OF_WINDOW
14.79954545794733,42.45846280712881,34.48217458893853,2.9413708774574387,-1,END_OF_WINDOW
14.078718042425452,39.58082273373778,36.02149463269065,2.9298443862104935,-1,END_OF_WINDOW
13.412537354591187,36.816311242458205,40.49005544236931,2.9248555014811495,-1,END_OF_WINDOW
12.552531168338508,38.403876867220404,39.47269445207182,2.7859372513753544,-1,END_OF_WINDOW
12.129902441348408,35.179042485102805,40.17964045585786,2.824084590562841,-1,END_OF_WINDOW
11.737461480571888,33.071169868196066,37.7721399131718,2.7895071198083627,-1,END_OF_WINDOW
11.37305201699369,33.071169868196066,37.7721399131718,2.5902566112506227,-1,END_OF_WINDOW
12.431419853872153,27.845054351154623,47.60578010455813,2.856666853304129,-1,END_OF_WINDOW
12.824908086000983,30.5329926005048,43.88350147726922,2.877619220925269,-1,END_OF_WINDOW
13.190290015834895,30.532992600504798,43.88350147726922,2.6720749908591785,-1,END_OF_WINDOW
12.827548875678021,34.93473924907536,41.102842531587974,2.649069634369231,-1,END_OF_WINDOW
12.289659798152552,36.23093724966003,40.284011996016304,2.509850374771416,-1,END_OF_WINDOW
11.972122306260646,35.48061293456158,41.52069978829627,2.3798610622877474,-1,END_OF_WINDOW
11.67726606378959,35.48061293456157,41.52069978829626,2.2098709864100514,-1,END_OF_WINDOW
11.28011739440769,35.95771072528975,40.643551406642416,2.09630877309504,-1,END_OF_WINDOW
10.911336487124496,35.95771072528975,40.643551406642416,1.94657243215968,-1,END_OF_WINDOW
10.545533956741357,41.26880558970702,36.75135919984011,1.9989601155768342,-1,END_OF_WINDOW
10.672298207884031,41.575852450564646,32.45506996673162,2.1018915358927788,-1,END_OF_WINDOW
11.434383140896998,46.02395263519953,29.834607648911057,2.1231849976147297,-1,END_OF_WINDOW
12.14203343583761,46.023952635199535,29.834607648911057,1.9715289263565348,-1,END_OF_WINDOW
12.799137281139606,46.02395263519953,29.83460764891106,1.8307054316167823,-1,END_OF_WINDOW
13.969646910009736,50.208276866285374,27.521773015679134,1.842797900787012,-1,END_OF_WINDOW
13.565098387167517,43.649002950980325,36.95413263269985,1.9683123364451087,-1,END_OF_WINDOW
12.651942229556532,39.19190668122152,38.58454092819097,2.0355757409847657,-1,END_OF_WINDOW
11.804011511774902,36.69582634919264,36.127142911947814,2.0187489023430096,-1,END_OF_WINDOW
12.514114881828505,47.02997059392171,30.229536411918108,2.24026683788993,-1,END_OF_WINDOW
13.356127074296808,48.377110796866525,29.460735180854297,2.134533492326379,-1,END_OF_WINDOW
14.928765420969107,54.450597470444364,25.99464900712919,2.2463525285887673,-1,END_OF_WINDOW
17.047758716324456,59.36304338986116,22.74654301615446,2.383755919403828,-1,END_OF_WINDOW
18.557654209647914,57.185519437743466,25.58031371523132,2.297773353732147,-1,END_OF_WINDOW
20.10645523689184,56.21104991551792,23.952529332450407,2.2786466856084364,-1,END_OF_WINDOW
20.67763346087627,52.24288828105134,29.32102282180408,2.2766004937792625,-1,END_OF_WINDOW
20.443744148583917,48.24875954499995,33.94451371320972,2.288986172795049,-1,END_OF_WINDOW
20.226561215741018,48.24875954499994,33.944513713209716,2.1254871604525456,-1,END_OF_WINDOW
18.86924593120919,42.646215447882554,41.61473732658814,2.232952363277339,-1,END_OF_WINDOW
18.3498020994756,47.77656459619135,37.84679584111487,2.279884337328949,-1,END_OF_WINDOW
17.867461398580122,47.77656459619135,37.846795841114876,2.1170354560911666,-1,END_OF_WINDOW
17.048666326820733,45.86026708273968,40.33973420094455,2.047961494941804,-1,END_OF_WINDOW
16.291268447960054,43.997365100667494,38.66941194137749,1.983821388160253,-1,END_OF_WINDOW
17.414641047228326,57.281760511959405,29.496633562738833,2.4149770032916624,-1,END_OF_WINDOW
17.067804539785243,49.809129961949736,38.694074514429005,2.5789072173422607,-1,END_OF_WINDOW
16.319770923704738,47.45922829007027,41.586373514727015,2.513270987532089,-1,END_OF_WINDOW
16.22232577530675,51.68821613244362,38.23910124828369,2.5380373455655203,-1,END_OF_WINDOW
16.131840994651476,51.68821613244362,38.23910124828369,2.356748963739412,-1,END_OF_WINDOW
15.499887230019903,48.565466852021935,41.97039276047155,2.329124037758011,-1,END_OF_WINDOW
14.961039818597639,47.10999737048055,40.16627653474489,2.259900892203844,-1,END_OF_WINDOW
14.24094414596784,42.14632544284727,46.47056416088597,2.345622257046429,-1,END_OF_WINDOW
14.396384523118817,37.55276603818206,52.30477724687912,2.444506381543114,-1,END_OF_WINDOW
14.727066557765065,36.49618983127693,53.64671934224302,2.3356130685757215,-1,END_OF_WINDOW
14.783897193564902,37.65478603770324,51.49291165999347,2.25949784939174,-1,END_OF_WINDOW
15.31802569110035,32.03767580447596,50.38675133514517,2.465962288720908,-1,END_OF_WINDOW
14.655843765856686,39.6439564489259,44.747512595831004,2.578393553812269,-1,END_OF_WINDOW
14.692186013045376,36.34744274364695,49.3419223947937,2.611365442825676,-1,END_OF_WINDOW
15.72748422001479,30.468702677291713,55.584501392148425,2.8926964826238226,-1,END_OF_WINDOW
17.11665769146385,28.22455193937262,58.85589351643937,2.899646733864995,-1,END_OF_WINDOW
18.406604486380836,28.22455193937262,58.85589351643937,2.6925291100174955,-1,END_OF_WINDOW
17.475810421560034,42.40757663986751,47.225808103273366,3.115919887873381,-1,END_OF_WINDOW
16.611501647083575,42.40757663986751,47.225808103273366,2.893354181596711,-1,END_OF_WINDOW
17.570017231624494,32.22844305304217,59.89325085331528,3.5352574543398108,-1,END_OF_WINDOW
18.46360630417087,32.2074191772862,59.919414056720676,3.284881921886949,-1,END_OF_WINDOW
19.459060300317653,31.18504175492256,61.078343867304326,3.150247498894998,-1,END_OF_WINDOW
20.573681780546504,30.04779103416308,62.49773210599649,3.035944106116797,-1,END_OF_WINDOW
21.3766867674136,30.746704043107098,59.440413254830624,2.964090955679897,-1,END_OF_WINDOW
22.122334255218757,29.20797346335772,56.465695007960434,2.8973701731313475,-1,END_OF_WINDOW
21.146245074257067,40.23555672610221,47.669786998931784,3.186843732193381,-1,END_OF_WINDOW
20.108141169480554,41.13076648965093,46.955742720929294,3.004212037036719,-1,END_OF_WINDOW
19.14418754361665,41.13076648965094,46.95574272092929,2.789625462962668,-1,END_OF_WINDOW
18.249087748171597,41.13076648965093,46.95574272092929,2.5903665013224773,-1,END_OF_WINDOW
17.27434959615856,42.110637823970144,46.1741700125668,2.4460546083708836,-1,END_OF_WINDOW
16.369235597860747,42.11063782397014,46.174170012566805,2.2713364220586776,-1,END_OF_WINDOW
16.652878903348114,35.85671017641535,54.1679422208657,2.476955249054493,-1,END_OF_WINDOW
17.201522600119787,33.5635763591748,55.15137581985014,2.4571727312648735,-1,END_OF_WINDOW
17.71097746140777,33.563576359174796,55.151375819850124,2.2816603933173827,-1,END_OF_WINDOW
18.184042689746608,33.563576359174796,55.15137581985013,2.1186846509375696,-1,END_OF_WINDOW
20.073438434185782,25.325062696686018,66.15991671841228,2.6073500330134602,-1,END_OF_WINDOW
22.21656037680492,22.538913842242003,67.75605877924205,2.720396459226788,-1,END_OF_WINDOW
24.20660218066555,22.51344985034822,67.6795094058523,2.528939569282015,-1,END_OF_WINDOW
26.54864184359144,19.660861416270233,71.77470842090536,2.6890153143332984,-1,END_OF_WINDOW
27.487226344500854,26.073686567567222,60.39017856340723,2.9676570775952165,-1,END_OF_WINDOW
28.35876909534531,26.073686567567226,60.39017856340723,2.7556815720527013,-1,END_OF_WINDOW
29.168058792558018,26.073686567567222,60.390178563407225,2.558847174048937,-1,END_OF_WINDOW
29.919542082826965,26.073686567567222,60.39017856340723,2.3760723759025844,-1,END_OF_WINDOW
30.61734799521956,26.073686567567222,60.39017856340723,2.2063529204809713,-1,END_OF_WINDOW
29.747328468796567,36.00264518406258,52.279242741524705,2.366613426160889,-1,END_OF_WINDOW
28.939453194260928,36.00264518406258,52.279242741524705,2.1975696100065396,-1,END_OF_WINDOW
28.189283296477836,36.00264518406258,52.279242741524705,2.0406003521489295,-1,END_OF_WINDOW
26.89824368982587,40.00561713590542,49.00922723916848,2.021271755566862,-1,END_OF_WINDOW
25.33122699558323,47.42825454931636,42.9456975161963,2.1418952015978032,-1,END_OF_WINDOW
24.145565834709544,49.32111593766183,41.39942485724058,2.063188401483672,-1,END_OF_WINDOW
22.734573266766983,43.85942455691566,47.88869928015725,2.1543892299491345,-1,END_OF_WINDOW
22.049677733877,39.88606493894712,51.960208997375055,2.1997899992384795,-1,END_OF_WINDOW
21.41370331047916,39.88606493894712,51.96020899737505,2.0426621421500166,-1,END_OF_WINDOW
20.823155631609737,39.88606493894712,51.96020899737505,1.8967577034250156,-1,END_OF_WINDOW
20.829027369617307,56.92028429247812,37.236474861227165,2.4577035817518,-1,END_OF_WINDOW
20.834479697767197,52.424437649709326,34.29535321058363,2.4778676116266882,-1,END_OF_WINDOW
22.44402000730014,64.60067885512336,25.51797944372608,3.092305639367666,-1,END_OF_WINDOW
23.938593151866442,59.69993469388066,23.582131539619514,3.1071409508414174,-1,END_OF_WINDOW
25.630046921336,61.66493904627333,21.881164958339937,3.109488025781307,-1,END_OF_WINDOW
27.200682564414876,61.51276764961811,21.827168514272177,2.89452459536835,-1,END_OF_WINDOW
28.90231774406293,63.62039523245666,20.631874916719195,2.8434871242705992,-1,END_OF_WINDOW
31.359424629316123,71.6202437246811,16.094940705945877,3.384666615394133,-1,END_OF_WINDOW
34.18129483599094,74.378382646223,12.682300570923513,3.988619000008849,-1,END_OF_WINDOW
37.347678219962376,79.9313399663799,9.622235126671097,4.881574785722487,-1,END_OF_WINDOW
40.287891362221565,71.01283838319037,8.5486147013519,5.102176586742295,-1,END_OF_WINDOW
42.7484659299699,66.55749578061709,9.6231658128566,5.054878259117849,-1,END_OF_WINDOW
45.0332851714505,64.71588252760483,9.356897536247969,4.827386954895139,-1,END_OF_WINDOW
45.17581893981622,56.78883277857777,20.45977297536179,5.108287886688359,-1,END_OF_WINDOW
45.52378845579679,58.68225246828573,19.536037929357384,4.967695894782039,-1,END_OF_WINDOW
46.066328421016124,60.68777276701275,18.580815523151504,4.850003330869048,-1,END_OF_WINDOW
46.42330562215602,60.04023381452085,19.44955878106097,4.552145950092708,-1,END_OF_WINDOW
45.13147840393843,52.63169100251419,29.388917014409618,4.821992667943223,-1,END_OF_WINDOW
45.27069171434488,63.29449167482922,22.773351233573106,5.778278905947281,-1,END_OF_WINDOW
45.54447487789655,56.73156704515095,19.36524850657911,6.309830412665351,-1,END_OF_WINDOW
45.79870210119453,55.44064330113915,18.924593322738758,5.995556811760673,1,END_OF_WINDOW
46.14131583002427,55.71304992681702,18.277376114054608,5.764445610920641,-1,END_OF_WINDOW
44.904439142785826,49.52108048250215,27.36005944723611,6.02198521014062,1,END_OF_WINDOW
43.75591079035013,46.73892377851839,25.822936830547274,5.924700552273423,1,END_OF_WINDOW
42.689420177374124,46.7389237785184,25.82293683054728,5.501507655682464,-1,END_OF_WINDOW
42.03146826360654,49.31162819622548,24.575594711776404,5.367828537419439,1,END_OF_WINDOW
41.50469982680995,49.978280793379824,24.252376911357757,5.050840784746611,-1,END_OF_WINDOW
41.5347175234685,54.13228617096211,22.150688871797882,5.135066442978997,1,EXIT_PROFIT_TARGET_MET
41.12815440274018,52.18575268507289,24.646791531611484,4.946133125623339,-1,END_OF_WINDOW
40.750631504921024,50.83386658834757,24.008309703026036,4.714980759507389,-1,END_OF_WINDOW
40.5092914033866,51.71612710421227,23.57749315850982,4.458196419542568,1,END_OF_WINDOW
38.47521912048044,44.008811677336595,34.555709005910224,4.864753818146677,-1,END_OF_WINDOW
37.26949511746737,48.90488368438351,31.534032834786444,4.950128545421911,-1,END_OF_WINDOW
36.30658777686197,48.873507080711974,30.089226383760817,4.817262220748895,-1,END_OF_WINDOW
35.41245953201409,48.873507080711974,30.089226383760817,4.473172062123974,-1,END_OF_WINDOW
34.81375659156651,49.81997491241032,28.617767977210367,4.367231200543708,-1,END_OF_WINDOW
34.20112354996959,47.46248395636825,27.733415513252147,4.256714686219137,-1,END_OF_WINDOW
32.956703194818765,44.73797447170093,31.881765503523557,4.1933779229177945,-1,END_OF_WINDOW
31.598522269950433,41.48119973133579,31.32977032748837,4.199565214137967,-1,END_OF_WINDOW
30.47935654964761,41.038117622391404,29.759857104939154,4.1053105559852625,-1,END_OF_WINDOW
28.41642474011081,37.31176745963747,36.137814552140846,4.192788373414881,-1,END_OF_WINDOW
26.64528941988391,35.56436422268479,33.079106592414334,4.2533034895995305,-1,END_OF_WINDOW
25.693900479599318,40.16359004827706,30.71801742968565,4.253067526056707,-1,END_OF_WINDOW
26.77968636948895,55.03121802388822,23.085473036374246,5.254991274195528,-1,END_OF_WINDOW
27.787916124386467,51.13864133504337,21.45254581035248,5.251063326038692,1,END_OF_WINDOW
26.260318042838332,35.75888606845496,40.65024973994916,6.973130231321619,-1,END_OF_WINDOW
25.57718224408723,29.524978069482124,41.36027549752682,7.842192357655812,-1,END_OF_WINDOW
25.708983520535213,25.571876536394853,44.89580654127076,8.407750046394698,-1,END_OF_WINDOW
26.278490455342446,23.29173180759779,46.950917603234195,8.57148218593792,-1,END_OF_WINDOW
26.52553644547358,23.02452039520035,42.51371284207433,8.78994774408522,-1,END_OF_WINDOW
27.032244396983014,20.852900612822577,41.97544266309255,9.012094333793426,-1,END_OF_WINDOW
27.18197738383507,22.545360258161274,41.07785142661544,8.551230452808179,-1,END_OF_WINDOW
26.47635141251695,27.213748035961608,38.60198503336279,8.449713991893285,-1,END_OF_WINDOW
26.293222484104362,25.11275546067346,40.89748480195674,8.50259156390091,-1,END_OF_WINDOW
25.895087414625273,24.40374416403113,37.15916802947373,8.689549309336552,-1,END_OF_WINDOW
24.53831437197943,29.689150116055572,34.090086329426526,8.795295787241058,-1,END_OF_WINDOW
23.196621296460535,28.627461663657535,32.12343991998091,8.667060373866697,-1,END_OF_WINDOW
21.950763440621564,27.497511700316256,30.8555007577024,8.37869891859048,-1,END_OF_WINDOW
21.560645624329723,25.36016570807388,35.3748280791569,8.435934710119719,-1,END_OF_WINDOW
21.198393366344444,25.197036677728097,35.14727982613565,7.884082230825456,-1,END_OF_WINDOW
20.18591984159219,28.986964225731043,33.36652625523027,7.711647785766481,-1,END_OF_WINDOW
19.192333128365,29.29727602154904,33.22072166358626,7.192244372497451,-1,END_OF_WINDOW
18.22210740271411,34.45666820352354,30.796504858546363,7.204226917319071,-1,END_OF_WINDOW
17.321183514609707,34.45666820352354,30.796504858546367,6.689639280367709,-1,END_OF_WINDOW
16.28530643584,33.857119220000996,32.000651612469106,6.321807903198585,-1,END_OF_WINDOW
16.04304286665267,38.09503982518091,29.39334617447061,6.390964481541541,-1,END_OF_WINDOW
15.818083838121577,36.79306223475609,28.388767147847215,6.144467018574292,-1,END_OF_WINDOW
15.94174511498958,39.03687683034134,27.38098014962884,5.915576517247561,-1,END_OF_WINDOW
15.446781099405982,37.10680646781862,30.971426654296764,5.77874962315845,-1,END_OF_WINDOW
14.98717165636407,37.10680646781862,30.971426654296767,5.365981792932846,-1,END_OF_WINDOW
13.99616628242684,35.232974384238915,34.45725493572251,5.247697379151931,-1,END_OF_WINDOW
13.668044961450132,39.11524399254124,32.39181573497702,5.183576137783929,-1,END_OF_WINDOW
13.363360877686047,39.115243992541245,32.39181573497703,4.813320699370791,-1,END_OF_WINDOW
13.030118358386604,38.89767174379757,32.67252099422712,4.494512077987157,-1,END_OF_WINDOW
13.038171166230732,40.86760239243529,31.373108571894495,4.346332643845222,-1,END_OF_WINDOW
13.303498560301492,41.965175287088215,29.922079794729687,4.231594597856262,-1,END_OF_WINDOW
14.399230667882154,47.73202644451477,26.476051541313616,4.44076641229509,-1,END_OF_WINDOW
15.74193175269497,49.481570883997954,24.816729902292828,4.399283097131164,-1,END_OF_WINDOW
16.988725617164015,46.53598162523212,23.339414373865925,4.3436200187646445,-1,END_OF_WINDOW
18.146462777028127,46.48658654108195,23.314641020070642,4.037647160281452,-1,END_OF_WINDOW
19.221504425473373,46.48658654108194,23.314641020070642,3.7492437916899197,-1,END_OF_WINDOW
19.25255401317196,43.08341517668604,28.92859199318164,3.7564406637120618,-1,END_OF_WINDOW
18.43405852357838,39.91982844243749,34.14731856424525,3.7645520448755105,-1,END_OF_WINDOW
17.935744017611793,41.70653995203887,33.13181868268605,3.6027983273844026,-1,END_OF_WINDOW
17.059580899383903,40.055943270758156,35.75771780667279,3.4833127325712194,-1,END_OF_WINDOW
17.180583659986368,32.621509023961615,47.681167458128215,3.9716475373875726,-1,END_OF_WINDOW
16.610083444737107,36.91385547096678,44.38844833921569,3.961529856145598,-1,END_OF_WINDOW
16.080333244862793,36.91385547096678,44.38844833921569,3.678563437849484,-1,END_OF_WINDOW
15.588422344979504,36.91385547096677,44.388448339215685,3.415808906574521,-1,END_OF_WINDOW
15.13164793794502,36.91385547096677,44.38844833921569,3.1718225561049125,-1,END_OF_WINDOW
14.374567825869134,43.51647939334248,39.742733609466065,3.2895495163831447,-1,END_OF_WINDOW
14.26437711676201,47.66516723483544,36.823648645526134,3.296724550927197,-1,END_OF_WINDOW
14.150943711218234,47.60962303273022,36.89726802486482,3.0648156544324103,-1,END_OF_WINDOW
13.58158716201136,45.26905668988749,39.99950074997776,2.9930431076872344,-1,END_OF_WINDOW
13.918334749448375,51.4010422314048,35.5013366055745,3.1313971714238487,-1,END_OF_WINDOW
13.924866071455607,47.74195090864417,36.008677734032744,3.1305830877507086,-1,END_OF_WINDOW
12.943963127500444,42.658289796651665,42.822605324276594,3.253398581482827,-1,END_OF_WINDOW
12.033124679542079,41.567364913996705,41.72747830650213,3.1002986828054917,-1,END_OF_WINDOW
11.497086083566426,43.87883295732138,40.076829957475226,2.9974202054622645,-1,END_OF_WINDOW
10.681812490987545,42.24190538526305,42.31230165616772,2.8911759050721186,-1,END_OF_WINDOW
10.585373133171887,46.90377099280567,38.89712210111835,2.920377626138409,-1,END_OF_WINDOW
10.49582230091449,46.903770992805676,38.89712210111835,2.7117792242713796,-1,END_OF_WINDOW
11.757887969571026,56.65417808119136,31.754189690585772,3.0845092796805553,-1,END_OF_WINDOW
13.451230087907316,58.193656968381134,27.723436680084482,3.2806157597033674,-1,END_OF_WINDOW
15.33232372084874,59.13316122638573,25.47178117350251,3.315571776867411,-1,END_OF_WINDOW
16.50852259959795,55.63518357965793,28.789035087750058,3.2723166499482805,-1,END_OF_WINDOW
17.600707272722214,55.63518357965793,28.789035087750058,3.038579746380546,-1,END_OF_WINDOW
18.614878754909032,55.63518357965793,28.789035087750058,2.821538335924793,-1,END_OF_WINDOW
21.32453325278621,70.02942310339317,19.4364401204876,3.8807141690730287,-1,END_OF_WINDOW
24.170082805197325,72.90783830750192,17.56973782277858,3.9863774427106464,-1,END_OF_WINDOW
25.190407864809096,61.11482466028704,27.166546722773365,4.415921911088457,-1,END_OF_WINDOW
26.137852563020026,58.938275174049544,26.199034606998257,4.251927488867845,-1,END_OF_WINDOW
27.45353224398365,62.45658685719666,23.9542100182678,4.31821838252013,-1,END_OF_WINDOW
28.984563988390676,63.62378554019561,21.84152464137609,4.3976313551972845,-1,END_OF_WINDOW
29.952003224242265,60.795079022490924,24.514158139650647,4.2735148298260395,-1,END_OF_WINDOW
31.36011804048968,65.02557501820537,21.86890225691091,4.448263770552769,-1,END_OF_WINDOW
32.955310736403284,64.87524910073358,19.546717885951338,4.6212449297989915,-1,END_OF_WINDOW
34.436561096894486,61.79948040443151,18.61999800706956,4.504727434813367,-1,END_OF_WINDOW
35.1278575982286,58.06165597938521,22.515344282493615,4.452246903755268,-1,END_OF_WINDOW
35.76977577803885,58.06165597938521,22.515344282493615,4.134229267772748,-1,END_OF_WINDOW
35.65959909379711,54.808529676200166,26.85671841927941,4.0667843200746665,-1,END_OF_WINDOW
34.1415225558945,48.01515674945278,35.92263556391857,4.310585440069334,-1,END_OF_WINDOW
32.731880056413495,46.67417485272005,34.91937727559296,4.117686480064391,-1,END_OF_WINDOW
31.42292630689542,46.67417485272005,34.91937727559296,3.8235660172026487,-1,END_OF_WINDOW
30.104020454042537,46.190951067803205,35.593165402257604,3.5875970159738872,-1,END_OF_WINDOW
28.10139833583414,41.750784057315514,40.059510992945455,3.685625800547151,-1,END_OF_WINDOW
26.0995768018032,40.06981840339871,40.00904106401884,3.565938243365195,-1,END_OF_WINDOW
24.44287826959192,37.52029156282211,39.766076807491196,3.5362283688390836,-1,END_OF_WINDOW
23.237163330700785,34.77440450291021,40.464634558088484,3.54292634249341,-1,END_OF_WINDOW
22.518451514280777,33.161613132260506,43.225806891755774,3.4498601751724696,-1,END_OF_WINDOW
21.445404013269176,34.412141544880974,39.98909974544146,3.462727305517301,-1,END_OF_WINDOW
20.004099193580583,36.58283614461999,37.52184361798482,3.4268182122660678,-1,END_OF_WINDOW
18.930866066047212,37.173231785307905,33.647199096391425,3.5484740542470705,-1,END_OF_WINDOW
18.626455705715493,40.83399738900945,30.386566656977678,3.6485830503722996,-1,END_OF_WINDOW
17.90546758804701,38.260777577239146,32.244802867812254,3.6158271182028536,-1,END_OF_WINDOW
17.23597862164056,37.04704425578129,31.22191221679251,3.4675537526169657,-1,END_OF_WINDOW
17.63379613757318,44.10268788238416,27.722621622117035,3.6262999131442966,-1,END_OF_WINDOW
16.872503676112306,33.97646568334719,39.07211688250648,4.370849919348256,-1,END_OF_WINDOW
16.165589247612917,33.14238034408383,38.11293883940425,4.160789210823369,-1,END_OF_WINDOW
15.021527549176238,35.49040066829798,35.38499090941449,4.161447124335991,-1,END_OF_WINDOW
14.2585681279846,37.43336291137511,34.31923167325638,3.9842009011691557,-1,END_OF_WINDOW
14.26017960466006,42.23978073707619,31.682801547644047,4.007472265371355,-1,END_OF_WINDOW
14.261675975858703,40.129222083201256,30.099734357934704,3.9169385321305286,-1,END_OF_WINDOW
14.770277570240772,43.6923794788634,28.299092232033054,3.8685857798354752,-1,END_OF_WINDOW
15.240156446851486,43.68369340002516,28.313346427960905,3.5929725098472103,-1,END_OF_WINDOW
15.860674050400513,45.025436571781874,27.638777346058156,3.417760187715258,-1,END_OF_WINDOW
16.436868967981752,45.02543657178187,27.638777346058156,3.173634460021311,-1,END_OF_WINDOW
16.19115108283574,42.068418822023276,32.391055970626574,3.1540891414483667,-1,END_OF_WINDOW
16.512239587505945,45.96890015266328,30.210195263493404,3.1402256313449146,-1,END_OF_WINDOW
16.433960318637688,44.42365143860806,32.556185828094804,3.0173523719631405,-1,END_OF_WINDOW
18.16483391069906,58.03718624470064,24.48041943446749,3.7261129168229203,-1,END_OF_WINDOW
20.38979901455702,60.764006828727624,20.626708417429565,4.106390565621297,-1,END_OF_WINDOW
21.137164284883955,49.6421320852914,26.232574901926537,4.667362668076922,-1,END_OF_WINDOW
21.710900178824378,46.57911626639613,25.541822869319407,4.618979620357159,-1,END_OF_WINDOW
22.506167563911674,45.46789006017314,22.984836129270484,4.766195361760207,-1,END_OF_WINDOW
23.352961005689135,43.81111154638521,21.402784797223703,4.752895693063045,-1,END_OF_WINDOW
23.108203043265533,40.62246503648379,27.12322253774895,4.759831714987107,-1,END_OF_WINDOW
21.830316305260148,35.99753713989638,32.42727501559414,4.9877008782023005,-1,END_OF_WINDOW
20.499166796531597,34.640552973307884,32.4960597261406,4.812865101187848,-1,END_OF_WINDOW
19.231757362832607,32.09138850969865,33.9100140753462,4.8240890225315916,-1,END_OF_WINDOW
18.05487717439783,31.37594687093868,33.154028212250644,4.581654092350785,-1,END_OF_WINDOW
18.09996168767686,27.73870956108462,40.48750032124451,4.81225022861144,-1,END_OF_WINDOW
18.141825878578818,25.63646180681649,37.419053447793836,4.834946640853487,-1,END_OF_WINDOW
18.336161166011724,24.390811213174402,37.2508058389913,4.718879023649669,-1,END_OF_WINDOW
18.048089357126113,26.97399370320518,35.97813474005754,4.5368162362461275,-1,END_OF_WINDOW
18.158061399155358,25.902387825313802,38.52155518721113,4.3870436479428365,-1,END_OF_WINDOW
19.24569969643641,22.853000577941426,45.75917308038438,4.6172548159469295,-1,END_OF_WINDOW
20.588737558117973,20.732258775916645,46.19806039201993,4.726022329093569,-1,END_OF_WINDOW
21.9429523214563,19.632985507719866,45.320704846667894,4.634163591301175,-1,END_OF_WINDOW
23.200437458841886,19.632985507719866,45.32070484666789,4.303151906208234,-1,END_OF_WINDOW
24.626206367411875,18.854420055492405,47.489066359581635,4.160783912907642,-1,END_OF_WINDOW
25.336725680168485,21.591200872030576,44.4101692090611,4.131442204842811,-1,END_OF_WINDOW
25.527074471367484,24.16111317599926,42.954589713634476,3.9663391902111935,-1,END_OF_WINDOW
25.869227838832895,23.63400237931357,44.19912060276495,3.7651721051961147,-1,END_OF_WINDOW
25.01122268417402,30.454014095870903,40.25183346235925,3.8390883833963727,-1,END_OF_WINDOW
24.18236597487179,29.218239163542137,38.26600632969243,3.7498677845823565,-1,END_OF_WINDOW
22.96161773227059,31.927279848549517,36.801445872664466,3.6205915142550493,-1,END_OF_WINDOW
21.828065792712334,31.927279848549514,36.801445872664466,3.361977834665403,-1,END_OF_WINDOW
22.130926101369152,27.13965134410813,46.278332115864394,3.67255084647502,-1,END_OF_WINDOW
22.4121535308362,27.139651344108128,46.278332115864394,3.4102257860125187,-1,END_OF_WINDOW
22.673293286769887,27.139651344108128,46.278332115864394,3.1666382298687674,-1,END_OF_WINDOW
22.915780202994025,27.13965134410813,46.2783321158644,2.9404497848781412,-1,END_OF_WINDOW
22.514046630885137,30.93391092669183,43.86835181332833,2.880417657386839,-1,END_OF_WINDOW
21.340273617595656,35.993518656492256,40.65466685003569,2.886102110430639,-1,END_OF_WINDOW
20.25034153382685,35.993518656492256,40.654666850035696,2.6799519596855936,-1,END_OF_WINDOW
20.633136942857746,29.96440680206943,50.595335752507225,2.989241105422353,-1,END_OF_WINDOW
20.94013143696352,26.911554864273196,44.78668628367907,3.135723883606468,-1,END_OF_WINDOW
21.299375990691626,26.643579260885677,45.33648064274815,2.94102932049171,-1,END_OF_WINDOW
21.632960219153443,26.64357926088568,45.33648064274815,2.730955797599445,-1,END_OF_WINDOW
22.985854734834007,22.638984595030333,53.55254035047281,2.9844589549137845,-1,END_OF_WINDOW
24.24211392796596,22.638984595030337,53.55254035047282,2.7712833152770857,-1,END_OF_WINDOW
25.408640321588486,22.638984595030337,53.552540350472825,2.573334507043008,-1,END_OF_WINDOW
24.985127209355472,31.81141818102983,47.20299701582426,2.7109534708256504,-1,END_OF_WINDOW
25.677598504242575,26.87071453214857,55.40301953005056,2.980171080052391,-1,END_OF_WINDOW
26.320607563780598,26.870714532148565,55.40301953005056,2.767301717191506,-1,END_OF_WINDOW
26.636861923475507,28.636215717673647,54.06546924446798,2.6332087373921365,-1,END_OF_WINDOW
25.960845447442725,34.87621890784419,49.33801954492761,2.67940811329268,-1,END_OF_WINDOW
24.610974858764408,39.673607561466405,45.70350000095204,2.685878962343202,-1,END_OF_WINDOW
23.087768863304337,41.49983065913773,44.31994656816221,2.571887607890126,-1,END_OF_WINDOW
21.673363296091413,41.499830659137736,44.31994656816221,2.3881813501836886,-1,END_OF_WINDOW
20.2287247868381,43.81621340145456,42.56504635970784,2.3090255394562966,-1,END_OF_WINDOW
19.745466141291516,49.832801263839166,38.0068569461042,2.4012380009236973,-1,END_OF_WINDOW
19.57034404483969,51.79402018943154,36.52103017038565,2.3204352865720033,-1,END_OF_WINDOW
19.06393001179521,49.907933602536914,38.83262585474525,2.23611848038828,-1,END_OF_WINDOW
17.904620490860406,46.07246320893098,43.533394563326205,2.2492528746462654,-1,END_OF_WINDOW
16.79336396047104,42.57774426384084,44.624404029957596,2.2600205264572533,-1,END_OF_WINDOW
15.836889944333025,39.71221876570712,42.510017606709404,2.2500190602817276,-1,END_OF_WINDOW
15.351419258646553,43.10530821702723,35.95776861007826,2.470017698833028,-1,END_OF_WINDOW
14.588181543254366,38.70560568102762,42.49447556131193,2.5543021489163897,-1,END_OF_WINDOW
14.019283817049352,44.17312030528648,38.684923811740774,2.605423423993789,-1,END_OF_WINDOW
13.717911844001758,38.382414218068426,46.722788976522864,2.7843217508513525,-1,END_OF_WINDOW
14.083577990462198,33.05788888195741,48.4028402119235,3.0018701972191075,-1,END_OF_WINDOW
14.423125126461178,31.195329058818363,45.67570945573802,2.953879468846309,-1,END_OF_WINDOW
13.510993643003369,39.10802509586387,40.42289739725697,3.099316649643018,-1,END_OF_WINDOW
13.027788364464579,36.9008148792029,42.23973086042625,3.050079746097078,-1,END_OF_WINDOW
13.458015813336292,32.93834799295086,48.44211838373154,3.172931192804461,-1,END_OF_WINDOW
12.780119570835165,40.01995383273579,43.32670624921201,3.2941503933184526,-1,END_OF_WINDOW
12.317526263684547,38.35409605581299,43.51496904634237,3.191711079510001,-1,END_OF_WINDOW
12.599328444475692,34.95100114243606,48.52679154479485,3.252303145259284,-1,END_OF_WINDOW
12.861001898067467,32.962931313498636,45.76650866270575,3.2021386348836343,-1,END_OF_WINDOW
13.60864033595517,29.915852057404525,48.120011511469976,3.276271589534788,-1,END_OF_WINDOW
14.302876028279465,27.412219693301886,44.0928884347168,3.320109333139437,-1,END_OF_WINDOW
14.716820385076291,28.67745421621961,43.10420090814116,3.1536729522008904,-1,END_OF_WINDOW
15.205904507676227,27.652241638627398,42.85681279890518,3.0369820270436825,-1,END_OF_WINDOW
14.71495053541635,32.24565269651465,38.10789659099449,3.171483310826282,-1,END_OF_WINDOW
14.259064704032179,32.24565269651465,38.10789659099449,2.9449487886244046,-1,END_OF_WINDOW
13.835742146318305,32.24565269651465,38.1078965909945,2.7345953037226614,-1,END_OF_WINDOW
13.442656914155423,32.245652696514654,38.1078965909945,2.5392670677424714,-1,END_OF_WINDOW
13.077649198575603,32.245652696514654,38.1078965909945,2.357890848618009,-1,END_OF_WINDOW
12.305800762587282,37.05113222344908,35.40509265042525,2.35661293085959,-1,END_OF_WINDOW
12.403052604589556,40.472102134628116,30.739394366267945,2.520426292941054,-1,END_OF_WINDOW
12.49335788644881,38.375620382930585,29.147073336519018,2.468252986302405,-1,END_OF_WINDOW
11.624601339181174,35.21490102417019,34.982711032938,2.4976634872808128,-1,END_OF_WINDOW
11.447165814016865,38.641436421945244,32.169005183840476,2.5221160953321937,-1,END_OF_WINDOW
10.74265919830817,34.03280207548636,35.128365593249995,2.6591078028084696,-1,END_OF_WINDOW
10.088474483721523,34.03280207548636,35.12836559324999,2.469171531179293,-1,END_OF_WINDOW
10.47126263291489,30.56659981307307,41.73546792494689,2.552802136095049,-1,END_OF_WINDOW
10.826708771451589,30.566599813073072,41.735467924946896,2.370459126373974,-1,END_OF_WINDOW
11.7769942959969,28.23054206640237,46.18834499804086,2.3832834744900993,-1,END_OF_WINDOW
12.668787471518694,28.19414219719249,46.25772861807305,2.2159060834551223,-1,END_OF_WINDOW
13.496881134503218,28.19414219719249,46.25772861807305,2.0576270774940424,-1,END_OF_WINDOW
14.585326059118461,26.935437014365956,48.65700982521818,1.9999394291016108,-1,END_OF_WINDOW
15.554108067798573,27.187487958754435,48.489157657540424,1.863515184165792,-1,END_OF_WINDOW
16.253463294223057,28.39927139070967,47.68217605188468,1.7596926710110823,-1,END_OF_WINDOW
18.516220875111287,21.28224352842234,60.465747198593924,2.180428908796012,-1,END_OF_WINDOW
21.592085882596464,14.354531395340233,60.36648807849982,3.0018268438820317,-1,END_OF_WINDOW
24.541002743242174,12.935776764789429,56.75551737287714,3.093124926461901,-1,END_OF_WINDOW
27.817706766968364,10.13343721985927,58.370121682821825,3.666473146000329,-1,END_OF_WINDOW
30.860360503285538,9.686351257655891,55.79483933288537,3.56172506414315,-1,END_OF_WINDOW
31.56681707932978,20.638669476657167,49.028610264949386,3.76374470241863,-1,END_OF_WINDOW
32.50659435037438,19.38660868092174,50.75776887688442,3.7206200808173215,1,EXIT_PROFIT_TARGET_MET
33.15566855624783,20.61752134718097,49.982731633080625,3.508432932187513,-1,END_OF_WINDOW
33.75838031884461,20.61752134718097,49.982731633080625,3.257830579888405,1,EXIT_PROFIT_TARGET_MET
34.3180412412559,20.617521347180965,49.982731633080625,3.025128395610662,-1,END_OF_WINDOW
35.121968723571605,19.6055063759045,52.43783879932572,2.9540477959242004,-1,END_OF_WINDOW
35.86847281429333,19.605506375904504,52.437838799325725,2.743044381929615,-1,END_OF_WINDOW
36.56165518424921,19.605506375904504,52.437838799325725,2.547112640363214,-1,END_OF_WINDOW
37.75399683462648,17.530203357459637,57.472439528885644,2.645176023194418,-1,END_OF_WINDOW
38.86117122426251,17.530203357459637,57.47243952888565,2.4562348786805313,-1,END_OF_WINDOW
39.88926172892454,17.530203357459637,57.472439528885644,2.2807895302033505,-1,END_OF_WINDOW
40.843917197539284,17.530203357459634,57.472439528885644,2.1178759923316828,-1,END_OF_WINDOW
40.59910928179731,24.091970230214315,52.89960480453629,2.1365991357365703,-1,END_OF_WINDOW
41.19957822658784,20.50428383588588,59.91362007167847,2.331127768898253,-1,END_OF_WINDOW
41.82319515762386,20.204266621342626,60.50016111566112,2.196761499691222,-1,END_OF_WINDOW
42.4022680221573,20.204266621342626,60.50016111566112,2.039849963998992,-1,END_OF_WINDOW
40.163612248732335,37.778636549379236,47.17548613451948,2.4291463951419057,-1,END_OF_WINDOW
39.79347267101406,27.36325499956714,56.80762424921021,3.1142073669174826,-1,END_OF_WINDOW
39.82555057305269,23.996541847765222,56.316614715680544,3.2974782692805404,1,EXIT_PROFIT_TARGET_MET
39.983997220158294,20.73201663592111,50.81172824502525,3.5440869643319304,-1,END_OF_WINDOW
40.131126249613494,20.732016635921113,50.81172824502526,3.290937895451078,1,EXIT_PROFIT_TARGET_MET
40.26774606267904,20.732016635921113,50.811728245025265,3.0558709029188584,-1,END_OF_WINDOW
40.39460731766847,20.73201663592111,50.811728245025265,2.8375944098532258,-1,END_OF_WINDOW
37.7753000563813,37.303284380061505,40.18934683002912,3.3313376662922813,-1,END_OF_WINDOW
35.34308617090035,37.303284380061505,40.18934683002912,3.0933849758428327,-1,END_OF_WINDOW
33.108790590921544,37.20152461404202,40.35250452976512,2.880286048996925,-1,END_OF_WINDOW
31.124337776650798,41.68671633804618,37.470448584180616,2.880265616925724,-1,END_OF_WINDOW
29.317940764414168,41.93483518449715,37.311014508531514,2.6859609300024476,-1,END_OF_WINDOW
27.64057211019444,41.93483518449715,37.31101450853151,2.494106577859416,-1,END_OF_WINDOW
26.083015502704693,41.93483518449716,37.311014508531514,2.3159561080123146,-1,END_OF_WINDOW
24.636712938607072,41.93483518449716,37.31101450853152,2.1505306717257207,-1,END_OF_WINDOW
23.293717700516424,41.93483518449715,37.311014508531514,1.9969213380310264,-1,END_OF_WINDOW
22.13296170280499,37.78647093416524,43.512463617803895,2.057855528171661,-1,END_OF_WINDOW
21.055116847787232,37.786470934165244,43.512463617803895,1.910865847587971,-1,END_OF_WINDOW
20.05426091098503,37.786470934165244,43.5124636178039,1.774375429903116,-1,END_OF_WINDOW
19.372996153612785,46.346190120956734,37.52575179986878,1.9104914706243104,-1,END_OF_WINDOW
18.740393164624276,46.346190120956734,37.52575179986878,1.7740277941511453,-1,END_OF_WINDOW
18.385890336085822,37.48733997910946,49.46740225884096,2.0365972374260504,-1,END_OF_WINDOW
18.335121037498766,35.7843384599766,51.15010596976974,1.9811260061813483,-1,END_OF_WINDOW
18.287978117382213,35.7843384599766,51.15010596976974,1.8396170057398233,-1,END_OF_WINDOW
18.24420254870256,35.78433845997661,51.15010596976974,1.7082157910441218,-1,END_OF_WINDOW
18.692294374677786,33.17035919338811,54.718499732669294,1.7112003773981133,-1,END_OF_WINDOW
17.830636795342876,41.757862708050766,47.687258757858075,1.8232574932982297,-1,END_OF_WINDOW
17.030526185960458,41.75786270805077,47.687258757858075,1.6930248152054992,-1,END_OF_WINDOW
16.28756633439107,41.757862708050766,47.687258757858075,1.5720944712622493,-1,END_OF_WINDOW
15.847028033731295,40.35587837490347,49.44361406172594,1.51051629474352,-1,END_OF_WINDOW
15.365556778951344,49.8767975039751,41.55098964033377,1.6690508451189843,-1,END_OF_WINDOW
14.910627161387719,46.71208906088148,39.00088521651603,1.6548329276105036,-1,END_OF_WINDOW
14.48819251650721,46.712089060881475,39.00088521651603,1.5366305756383247,1,END_OF_WINDOW
13.918341634131634,40.89769632387955,46.59362656230295,1.6297283916641367,1,END_OF_WINDOW
13.389194386211457,40.89769632387955,46.59362656230295,1.5133192208309842,1,END_OF_WINDOW
12.897843370285578,40.89769632387954,46.593626562302944,1.4052249907716283,1,END_OF_WINDOW
12.441588855497262,40.89769632387955,46.59362656230295,1.3048517771450834,1,END_OF_WINDOW
13.120285992300632,55.189137710470234,35.326890046364205,1.5980766502061385,1,END_OF_WINDOW
12.6251561529664,44.88370715906667,39.65222767886361,1.8246426037628416,1,END_OF_WINDOW
12.16539273072747,44.88370715906667,39.65222767886361,1.694310989208353,1,END_OF_WINDOW
11.738469552934179,44.883707159066674,39.65222767886361,1.5732887756934706,1,END_OF_WINDOW
11.964312842382984,49.273614816759896,36.494003332491005,1.58733957742965,1,END_OF_WINDOW
13.330863738127285,56.552517252450826,29.723961515408494,1.8096724647560907,1,END_OF_WINDOW
14.599803855604135,56.552517252450826,29.72396151540849,1.6804101458449414,-1,END_OF_WINDOW
15.77810539326121,56.55251725245083,29.72396151540849,1.56038084971316,-1,END_OF_WINDOW
17.686616054064395,62.89910011175982,25.38203943535213,1.6967822175907772,-1,END_OF_WINDOW
18.510797334258005,53.284813481546934,29.18336216655263,1.85986920204858,1,END_OF_WINDOW
20.012553117688324,55.596815338005854,24.091670857321166,2.092021401902262,-1,END_OF_WINDOW
19.702842882116585,47.74878966232669,34.80686223092506,2.261877016052086,1,END_OF_WINDOW
18.69730693577724,43.2215006655174,38.61776407065817,2.3203143720483927,1,END_OF_WINDOW
17.763594985604993,43.2215006655174,38.61776407065817,2.1545776311877933,1,END_OF_WINDOW
18.387771407182253,31.83351681516263,54.7907312443708,2.7163935146743783,1,END_OF_WINDOW
18.13835417151301,37.318343482281165,50.38214729226667,2.7430796921976475,1,END_OF_WINDOW
18.041694565266326,36.58983103666623,51.35076539932267,2.5978597141835325,1,END_OF_WINDOW
20.43034943137977,22.46263113820723,70.13405689422147,3.929441163170407,1,END_OF_WINDOW
22.40247703340486,22.32188147535958,63.59782537799256,4.023766794372521,-1,END_OF_WINDOW
23.401384862202846,25.55857287405215,54.79810850092394,4.336354880488776,1,END_OF_WINDOW
24.552128835150235,22.731841912591516,52.429403071657184,4.527329531882418,1,END_OF_WINDOW
24.091287371026457,30.72995311245856,44.31298660372609,4.973948851033688,-1,END_OF_WINDOW
22.85111297744555,35.85839784408551,41.032251092467064,4.987952504531255,-1,END_OF_WINDOW
21.791210528227342,42.89488829969873,36.53091290508214,5.202384468493325,-1,END_OF_WINDOW
21.12479557274467,42.51247893634795,33.091201083767636,5.3329284350295305,-1,END_OF_WINDOW
20.50598168551076,42.51247893634795,33.091201083767636,4.952004975384564,-1,END_OF_WINDOW
20.753679021138264,48.41779279751704,29.691960260244603,5.124718905714262,-1,END_OF_WINDOW
21.801028507718037,52.23004943626261,24.909769906640253,5.672238983877526,-1,END_OF_WINDOW
22.773567316684968,49.54897016163988,23.631098556466377,5.55207905645772,-1,END_OF_WINDOW
23.143686063071804,47.52110867556899,26.756603556180394,5.375501980996449,-1,END_OF_WINDOW
23.030689233349943,45.73444154057869,29.51036021145209,5.1865375537824185,-1,END_OF_WINDOW
22.395468917039054,43.52663836289968,32.74382208221712,5.06035629994079,-1,END_OF_WINDOW
22.707472361742468,48.08048979276024,27.77807089795379,5.5389022785164315,-1,END_OF_WINDOW
23.195296839707513,48.46175142472926,26.36126561762959,5.419694972908107,-1,END_OF_WINDOW
23.648276712103627,48.46175142472926,26.361265617629588,5.03257390341467,-1,END_OF_WINDOW
22.976957736688114,44.05145256527469,33.06281512234935,5.140961481742207,-1,END_OF_WINDOW
22.35359011665942,42.87738871586421,32.181621569483575,4.904464233046331,-1,END_OF_WINDOW
21.380395580598183,41.30320609308408,34.67147731927986,4.727716787828757,-1,END_OF_WINDOW
20.085035769059257,37.96165858981517,35.57512649116219,4.776451302983868,-1,END_OF_WINDOW
19.586330817525287,42.73852995350739,32.83588815673014,4.805276209913581,-1,END_OF_WINDOW
18.407388866512903,37.94044627532795,35.6723309715489,5.026327909205474,-1,END_OF_WINDOW
17.312657054858548,37.94044627532795,35.6723309715489,4.6673044871193685,-1,END_OF_WINDOW
16.376798396375946,35.92721800810668,39.08574052168241,4.57678273803942,-1,END_OF_WINDOW
15.60314265598649,40.534672864580855,36.27509644806781,4.579155399608043,-1,END_OF_WINDOW
14.884748039910567,40.53467286458085,36.275096448067806,4.252072871064612,-1,END_OF_WINDOW
14.295593800019534,36.84224669800558,42.07999099165358,4.3440676659885655,-1,END_OF_WINDOW
13.748522005835001,36.842246698005575,42.079990991653574,4.033777118417954,-1,END_OF_WINDOW
14.345585330617793,31.84970221285223,49.928812588364345,4.332793038530943,-1,END_OF_WINDOW
14.900001275058955,31.136603505030013,48.81093175224484,4.115450678635874,-1,END_OF_WINDOW
14.687715520499916,35.804221621619234,45.50248632360526,4.0993470587333025,-1,END_OF_WINDOW
14.166617685734844,37.628292471698735,43.63560047642395,3.9693936973951915,-1,END_OF_WINDOW
13.311939129499974,40.10077525884225,41.90583748996611,3.8380084332955433,-1,END_OF_WINDOW
12.754794759160248,42.393649079246174,37.96438043064781,3.9338649737744538,-1,END_OF_WINDOW
11.96118259614395,39.941264073524025,41.27666921226735,3.8771603327905555,-1,END_OF_WINDOW
11.229401785262338,38.906897944109744,40.26569861734558,3.695934594734098,-1,END_OF_WINDOW
11.126285400445715,43.40872562005686,35.670238205523546,3.8740821236816663,-1,END_OF_WINDOW
12.060867138453396,50.811886645342085,31.00392665592248,4.138790543418717,-1,END_OF_WINDOW
13.088615425927358,45.88320930863953,26.688475384829164,4.464591218888796,-1,END_OF_WINDOW
13.00985363446236,41.95116939202293,32.971031585199256,4.534263274682457,-1,END_OF_WINDOW
12.8906813294248,34.59207931104295,43.44230302770171,5.106101612205137,-1,END_OF_WINDOW
12.780021331889921,34.41064141260582,43.21444508098097,4.7663800684762245,-1,END_OF_WINDOW
12.865068253800803,33.59731695277313,44.5093477631731,4.533067206442208,-1,END_OF_WINDOW
13.892402312311479,27.121768083011744,47.437482651435815,5.214276691696348,-1,END_OF_WINDOW
15.132029446187643,25.21706586103893,48.13866460362849,5.207542642289458,-1,END_OF_WINDOW
16.28311178478694,24.17093760997662,46.141635397781215,5.044861024983089,-1,END_OF_WINDOW
16.979115543582115,26.00094048702557,44.297677320209544,4.87951380891287,-1,END_OF_WINDOW
16.678839875064867,31.642674668630896,40.91167925530719,4.905977108276237,-1,END_OF_WINDOW
16.623296513870127,30.307354292586083,41.76826657143741,4.756264457685106,-1,END_OF_WINDOW
16.496251480674637,29.414823338331576,39.670275559415586,4.650102710707597,-1,END_OF_WINDOW
15.656359508797175,32.193687975692036,35.39592420440089,4.839381088514178,-1,END_OF_WINDOW
14.664926943251734,35.08666753699538,33.861931103292754,4.697282439334587,-1,END_OF_WINDOW
14.110719909112111,35.82900938285991,31.19996905214095,4.733905122239262,-1,END_OF_WINDOW
13.596099091696747,35.25048250861086,30.696186757198767,4.467911899222155,-1,END_OF_WINDOW
13.452910469069492,37.437061755023564,29.659582200010735,4.2937753349920165,-1,END_OF_WINDOW
13.319949605201327,37.437061755023564,29.659582200010732,3.987077096778301,-1,END_OF_WINDOW
13.69642694092646,39.58562150948644,27.174493922834344,4.040857304151264,-1,END_OF_WINDOW
14.329901306152408,41.5871600630191,26.274198353827835,3.8807960681404725,-1,END_OF_WINDOW
15.2190752248361,43.11613172539475,24.902006118524184,3.8021677775589917,-1,END_OF_WINDOW
14.961104040257368,38.36582809897878,30.38552900761613,3.967727222019056,-1,END_OF_WINDOW
14.721559368862831,38.365828098978774,30.385529007616125,3.684318134731981,-1,END_OF_WINDOW
14.954564549954707,41.49296967881867,28.843854182524932,3.6040096965368353,-1,END_OF_WINDOW
15.170926503825735,41.49296967881867,28.843854182524932,3.3465804324984902,-1,END_OF_WINDOW
15.37183403242026,41.49296967881866,28.84385418252493,3.1075389730343126,-1,END_OF_WINDOW
15.558391023258034,41.49296967881866,28.843854182524925,2.885571903531862,-1,END_OF_WINDOW
15.731622514750253,41.49296967881867,28.843854182524932,2.6794596247081577,-1,END_OF_WINDOW
15.028144305441652,38.40577514459668,34.138073086219116,2.688069651514731,-1,END_OF_WINDOW
14.37491453965509,38.405775144596674,34.138073086219116,2.496064676406536,-1,END_OF_WINDOW
14.568430514092885,43.90327746797046,31.09112937440893,2.5449171995203757,-1,END_OF_WINDOW
15.699785892572745,50.919230934985094,27.173313913388707,2.703851685268919,-1,END_OF_WINDOW
18.5509126670945,65.74028075393203,18.75034530307456,3.638576564892565,-1,END_OF_WINDOW
21.198387529150416,58.03521465812429,16.55271778730271,3.827249667400221,-1,END_OF_WINDOW
23.161666703363423,56.08508564215303,19.3567561165405,3.677446119728778,1,EXIT_PROFIT_TARGET_MET
23.583883191033447,50.31731066078509,27.65008542435529,3.8061999683195813,1,EXIT_PROFIT_TARGET_MET
23.4381030937188,47.58605063315789,30.71720924667401,3.7371856848681606,1,EXIT_PROFIT_TARGET_MET
22.918847254780403,45.578414700980325,32.89106080213881,3.6231009930918545,1,EXIT_PROFIT_TARGET_MET
21.440935963918534,41.17270255098617,39.37796190953685,3.724308065013862,1,EXIT_PROFIT_TARGET_MET
20.07073208789934,36.97265351766713,38.68097424121157,3.8511432032271578,1,EXIT_PROFIT_TARGET_MET
18.79839991731009,36.95788951421158,38.66552806726875,3.5774901172823594,1,EXIT_PROFIT_TARGET_MET
17.58165972199917,38.851228736213116,37.504289011896965,3.424812251762195,1,EXIT_PROFIT_TARGET_MET
16.54600471838477,36.25368583436143,38.55980392913322,3.408039948064899,1,EXIT_PROFIT_TARGET_MET
16.27730043081593,43.890398761688175,33.94039719173905,3.5953228089174205,1,EXIT_PROFIT_TARGET_MET
15.674190745220196,40.87337744556122,34.93474723423598,3.5849426082804814,1,EXIT_PROFIT_TARGET_MET
15.1141603228813,38.967011016159475,33.30536318258318,3.491732421974747,1,EXIT_PROFIT_TARGET_MET
15.169200910238157,42.915777318479684,31.15054333824062,3.4666086775479705,1,EXIT_PROFIT_TARGET_MET
15.220310027069527,42.915777318479684,31.150543338240617,3.21899377200883,1,EXIT_PROFIT_TARGET_MET
15.872697827006208,47.28682144323648,28.765288831031967,3.2369227882939318,1,EXIT_PROFIT_TARGET_MET
15.591562776750765,39.64593380477041,31.190343955151405,3.5849997319871987,1,EXIT_PROFIT_TARGET_MET
15.330508801513567,39.64593380477041,31.19034395515141,3.3289283225595416,1,EXIT_PROFIT_TARGET_MET
15.61110894101972,43.28897826350749,29.30765705640359,3.289719156662413,1,EXIT_PROFIT_TARGET_MET
16.57755180445173,48.50294344641622,26.61313491933569,3.3640249311865213,1,EXIT_PROFIT_TARGET_MET
16.534369047970625,43.46404565248958,31.49141500789638,3.4858802932446062,1,EXIT_PROFIT_TARGET_MET
16.31298100753239,42.747135405888265,32.6214181133064,3.291174558012864,1,EXIT_PROFIT_TARGET_MET
16.107406398554026,42.747135405888265,32.6214181133064,3.0560906610119454,1,EXIT_PROFIT_TARGET_MET
15.916515690216977,42.74713540588827,32.6214181133064,2.8377984709396635,1,EXIT_PROFIT_TARGET_MET
15.945621699052902,44.19920267088321,31.79406224708278,2.70367000872969,1,EXIT_PROFIT_TARGET_MET
16.71877931028693,49.6564289094022,28.684655230897544,2.7826935795347083,1,EXIT_PROFIT_TARGET_MET
17.582059680517176,48.85676848455864,27.00500795703123,2.7446440381393717,1,EXIT_PROFIT_TARGET_MET
18.77715665880543,49.0101851338804,23.96865211285348,2.8714551782722726,1,EXIT_PROFIT_TARGET_MET
19.13996589935414,41.97161253747762,25.802977044374007,3.113494094109983,1,EXIT_PROFIT_TARGET_MET
19.09425256229165,40.723997254571124,28.008499639031168,2.979673087387826,1,EXIT_PROFIT_TARGET_MET
18.998101181999523,40.2974672017214,28.149422092396794,2.7961250097172563,1,EXIT_PROFIT_TARGET_MET
19.4935628514274,41.257132855963384,24.264406845356525,3.0121160804517175,1,EXIT_PROFIT_TARGET_MET
21.481656476641053,53.60347068980875,19.164612115962658,3.541250646133743,1,EXIT_PROFIT_TARGET_MET
23.327743414339448,50.95795771436585,18.218773546749475,3.4590184571242135,1,EXIT_PROFIT_TARGET_MET
23.961306333382318,47.21963817099878,24.218314557485975,3.4662314244724803,1,EXIT_PROFIT_TARGET_MET
23.512922752728542,43.39630332220625,30.354294630085267,3.502214894153003,1,EXIT_PROFIT_TARGET_MET
21.958129898499024,37.87285848013577,39.218741199223565,3.7263424017135263,1,EXIT_PROFIT_TARGET_MET
20.47375501660611,36.627799382043776,37.50019810938612,3.6187465158768317,1,EXIT_PROFIT_TARGET_MET
19.013285130111743,37.18857154309167,37.16836385195991,3.3902646218856347,1,EXIT_PROFIT_TARGET_MET
18.081591728263625,35.49720958051,40.004332661544495,3.298102863179512,1,EXIT_PROFIT_TARGET_MET
16.862072994517174,37.803712649552104,38.573850112514286,3.1760955158095574,1,EXIT_PROFIT_TARGET_MET
16.10141255278368,36.266592233041024,41.07147223696037,3.074231550394589,1,EXIT_PROFIT_TARGET_MET
15.761813832498698,33.63254171812555,42.242055367506865,3.0782150110806654,1,EXIT_PROFIT_TARGET_MET
15.44647216366264,33.63254171812555,42.242055367506865,2.8583425102891895,1,EXIT_PROFIT_TARGET_MET
14.994672482803578,43.31878277195919,36.076884341049066,3.107746616697098,1,EXIT_PROFIT_TARGET_MET
14.575144207720163,43.3187827719592,36.076884341049066,2.885764715504448,1,EXIT_PROFIT_TARGET_MET
15.219058510824283,50.726557073685015,31.361928844720257,3.082495807254154,1,EXIT_PROFIT_TARGET_MET
14.959913702928883,38.236337221671505,48.2624371465606,3.797317535307439,1,EXIT_PROFIT_TARGET_MET
14.755787660137086,48.910026899849974,38.3497219824718,4.437509139928319,1,EXIT_PROFIT_TARGET_MET
15.433704909510345,52.5355159229432,32.030989070833535,4.933401344219161,1,EXIT_PROFIT_TARGET_MET
14.95485815634124,44.35409611730662,37.2317719186635,5.426015533917787,1,EXIT_PROFIT_TARGET_MET
14.176976371161333,41.9682582191462,38.68989688715423,5.324871567209357,1,EXIT_PROFIT_TARGET_MET
13.454657570637131,41.9682582191462,38.68989688715423,4.9445235981229745,1,EXIT_PROFIT_TARGET_MET
13.290656855755245,45.47974025595968,36.34878366607508,4.887057626828467,1,EXIT_PROFIT_TARGET_MET
12.980456740118482,37.51904717436218,44.89317336575791,5.500839224912149,1,EXIT_PROFIT_TARGET_MET
12.842274823819357,35.84487089928638,44.74697341905369,5.346493565989831,1,END_OF_WINDOW
12.420771073752523,36.729297252403896,42.20854863214575,5.263172596990578,1,END_OF_WINDOW
12.426298462423023,32.20174460792322,41.40069069955781,5.5743745543483865,1,END_OF_WINDOW
12.646416801701866,30.193480971374164,41.27710788051072,5.520490657609228,1,END_OF_WINDOW
13.01562000487708,29.426715813593226,42.18442854972383,5.259741324922879,1,END_OF_WINDOW
12.895580069831084,31.716229828196745,39.825532124669834,5.173331230285512,1,END_OF_WINDOW
12.260700925568685,38.72288887076994,35.73899847129176,5.353093285265122,1,END_OF_WINDOW
12.052314686050806,41.02469019289259,34.01363882133148,5.222872336317628,1,END_OF_WINDOW
11.816125157366384,40.79039157929842,34.22941352831763,4.877667169437789,1,END_OF_WINDOW
12.215637533579933,45.096757342181654,31.72298001658707,4.887119514477963,1,EXIT_PROFIT_TARGET_MET
12.722418791350472,44.899766415582114,30.36559268943505,4.740896692015229,1,EXIT_PROFIT_TARGET_MET
15.001424215859759,57.345752947442335,21.95501423916476,6.088689785442689,1,EXIT_PROFIT_TARGET_MET
17.161264505992982,52.97011066823252,19.971787859792332,6.215211943625364,1,EXIT_PROFIT_TARGET_MET
19.644072590394245,52.648262462880105,16.66198275108824,6.917696804794994,1,EXIT_PROFIT_TARGET_MET
22.784108657569682,58.98124232089314,13.120948474802955,8.157147033023922,1,EXIT_PROFIT_TARGET_MET
25.69985643423259,52.443316874184745,11.66652365187961,8.518779387807946,-1,END_OF_WINDOW
27.174946818649826,46.628638596059375,17.09296191843441,8.896723717250232,1,EXIT_PROFIT_TARGET_MET
29.088932564299117,51.463664364507565,15.384961470060572,9.178386308875226,-1,END_OF_WINDOW
30.339763891390014,47.753641835508695,17.394319680605292,9.184930143955565,1,EXIT_PROFIT_TARGET_MET
31.725103432351588,46.336059284940546,15.554892874193051,9.537435133673016,-1,END_OF_WINDOW
33.293853541787165,49.02878039844215,14.774387605618147,9.324046909839243,1,EXIT_PROFIT_TARGET_MET
33.49584940287505,44.76003323635356,21.004649105721384,9.483757844850722,-1,END_OF_WINDOW
33.68341698817094,43.859986206014796,20.58228185788928,8.987060855932828,-1,END_OF_WINDOW
33.29200750422059,41.58213315242312,23.28672519236706,8.802270794794776,-1,END_OF_WINDOW
32.14456151908556,38.85230821607755,27.432856638587346,8.747822880880861,-1,END_OF_WINDOW
30.788491160748947,36.46054258325122,27.98038890518828,8.655835532246515,-1,END_OF_WINDOW
29.923408458125284,38.619211545132366,26.463497112792467,8.498275851371751,-1,END_OF_WINDOW
29.120117377117595,38.61921154513237,26.463497112792467,7.89125614770234,-1,END_OF_WINDOW
28.127659221686123,37.412091427647674,27.524967558854552,7.564023565723598,-1,END_OF_WINDOW
26.77608844686407,36.119135317580934,30.02969350295972,7.275164739600483,-1,END_OF_WINDOW
25.52105844167216,36.11913531758094,30.02969350295972,6.755510115343306,-1,END_OF_WINDOW
25.37154829805766,43.10892465016138,26.743870238807567,7.043687964247353,-1,END_OF_WINDOW
24.87690638204516,41.87865160409591,28.83450559182679,6.732710252515404,-1,END_OF_WINDOW
24.623689003183905,43.328642994273814,28.09306255791701,6.4168023773357294,-1,END_OF_WINDOW
23.296479910882077,39.2791680566499,34.80258429098036,6.572745064668886,-1,END_OF_WINDOW
22.27559546004616,40.7086170416109,33.98328525971586,6.250406131478247,-1,END_OF_WINDOW
21.415320848793755,40.63002456053125,33.087437473549834,5.9610914078012165,-1,END_OF_WINDOW
20.401976940327366,39.80811791109311,34.44101480130905,5.6495848786725515,-1,END_OF_WINDOW
19.142005560803856,38.56369750671249,36.49041937386242,5.415328815910219,-1,END_OF_WINDOW
18.58997215359933,42.55086522766728,33.832788042833066,5.423519614773757,-1,END_OF_WINDOW
18.724003001490548,47.14615102071385,31.12654484441921,5.473982499432782,-1,END_OF_WINDOW
18.899002451444343,46.687521178554945,30.371126698230707,5.209412320901867,-1,END_OF_WINDOW
17.61402667867645,40.123025730308186,39.39989074328152,5.6287400122660145,-1,END_OF_WINDOW
16.58670196917046,38.802624540702006,41.394168465272784,5.404544297104141,-1,END_OF_WINDOW
15.55891138353973,38.32124405022531,40.04341219999111,5.187791133025266,-1,END_OF_WINDOW
14.83339058141606,37.33043437338506,41.593611543851466,4.945091766380601,-1,END_OF_WINDOW
14.103742684040132,42.12858219752182,38.40909455012963,4.972585211639125,-1,END_OF_WINDOW
13.668530389996388,42.78234802793202,36.436322116124295,4.867400553664902,-1,END_OF_WINDOW
13.641271995747937,44.540494625315276,34.09258574862534,4.83044337126026,-1,END_OF_WINDOW
13.39751102697589,41.61777535074432,33.89396732080824,4.800411701884517,-1,END_OF_WINDOW
13.903942756963803,45.550428280817854,30.059751023613,5.02609658032134,-1,END_OF_WINDOW
14.374200791952578,43.05313358517377,28.41173014616138,4.937803967441242,-1,END_OF_WINDOW
14.810868967299301,42.81966197295118,28.257656983748365,4.610103684052576,-1,END_OF_WINDOW
16.57773199663096,53.287462276002124,23.084628622179984,5.240096278048808,-1,END_OF_WINDOW
18.4012061365572,54.681118939229265,22.27689350780542,5.042232258188197,-1,END_OF_WINDOW
20.440006033109903,56.375090711583006,20.354732150564548,5.124215668317616,-1,END_OF_WINDOW
22.63417669638043,56.77368255429091,18.344450890452368,5.2796288348663385,-1,END_OF_WINDOW
23.4611554850733,49.68648952926465,24.355375656186364,5.601798203804455,-1,END_OF_WINDOW
24.321338965313522,44.52368981342946,21.192127332587297,5.978098332104128,-1,END_OF_WINDOW
23.466901093540294,39.215277738696344,30.588128980355943,6.302519879810975,-1,END_OF_WINDOW
22.180879276574743,36.382238929815585,32.61329205157634,6.308054174110167,-1,END_OF_WINDOW
21.65553619840279,40.86740526911014,30.313996426225142,6.301764590245173,-1,END_OF_WINDOW
20.569240405864363,36.107332104238004,31.733373756804262,6.623067119513388,-1,END_OF_WINDOW
19.312244191890095,33.77339485848078,35.841868593953464,6.574990896691023,-1,END_OF_WINDOW
18.14503342177113,32.832309515584384,34.843145861544514,6.2803486897845415,-1,END_OF_WINDOW
17.00951282979121,35.17459665848809,33.628087669410455,6.0424666405142045,-1,END_OF_WINDOW
15.902776402743648,33.78950017837898,32.78082471755243,5.840861880477494,-1,END_OF_WINDOW
15.36318161493434,31.530532989416148,37.27470330796002,5.812228889014787,-1,END_OF_WINDOW
14.409427395660666,33.60806460860347,34.98725762226326,5.749926825513702,-1,END_OF_WINDOW
13.523798477763682,33.60806460860347,34.98725762226326,5.339217766548438,-1,END_OF_WINDOW
12.860965184682861,36.45527090127265,33.48683532732509,5.179987926080669,-1,END_OF_WINDOW
12.245477126822099,36.45527090127265,33.486835327325096,4.809988788503478,-1,END_OF_WINDOW
12.070865371642117,32.874928866796665,40.01922072554434,4.952846732181798,-1,END_OF_WINDOW
12.751149239845907,29.626409357565596,45.946191166802016,5.103357679883094,-1,END_OF_WINDOW
13.58420976028928,27.627541359660462,45.474726493893066,5.081689274177139,-1,END_OF_WINDOW
14.360000976809228,27.619179761086894,45.49122881102786,4.720140040307342,-1,END_OF_WINDOW
16.354867563276414,22.527211753159996,55.54065538511852,5.3737014659997,-1,END_OF_WINDOW
18.247660541356993,20.73175650017853,51.8253615722853,5.422008504142592,-1,END_OF_WINDOW
19.798059982754538,21.619102992882357,50.388471014095664,5.178293610989565,-1,END_OF_WINDOW
21.545697088895963,20.478338583466385,53.006297784358104,5.076272638776025,-1,END_OF_WINDOW
23.168502973170146,20.478338583466385,53.006297784358104,4.7136817360063095,-1,END_OF_WINDOW
24.675394151424744,20.478338583466385,53.006297784358104,4.3769901834344305,-1,END_OF_WINDOW
24.371383305327804,30.58006524713047,46.272847776747476,4.6557765989033815,-1,END_OF_WINDOW
24.08908751966636,29.616105951134266,44.81421315951759,4.463935413267412,-1,END_OF_WINDOW
24.410355224006548,27.292763606270128,49.14346142776362,4.497940026605458,-1,END_OF_WINDOW
23.41155834019695,34.933802177332026,43.06711267424996,4.765944310419354,-1,END_OF_WINDOW
22.21911719506685,36.6515251716534,41.9301572009763,4.545519716817961,-1,END_OF_WINDOW
21.111850417446043,36.6515251716534,41.9301572009763,4.2208397370452495,-1,END_OF_WINDOW
20.083674123941012,36.6515251716534,41.93015720097631,3.91935118439916,-1,END_OF_WINDOW
20.47221437401963,30.5831101699234,51.54481589633236,4.361540385513515,-1,END_OF_WINDOW
19.88743319584618,34.581373017742976,44.26827087731963,4.715716072262529,-1,END_OF_WINDOW
19.390738394202256,31.848707044467425,41.31096375656408,4.754593495672364,-1,END_OF_WINDOW
19.01095850510847,31.17783325177696,41.39104676245392,4.509979674552905,-1,END_OF_WINDOW
19.647010137919672,26.83827950239129,47.625293186942834,4.864981126370555,-1,END_OF_WINDOW
20.23762951124436,25.90441446773351,45.96812302189374,4.680339617344101,-1,END_OF_WINDOW
19.860369223996933,31.291603019392,42.29759240983302,4.723172501819537,-1,END_OF_WINDOW
19.510056100124324,29.93621236359634,40.46547912757603,4.584374465975299,-1,END_OF_WINDOW
18.39579724410668,34.81444794290989,37.64804452015058,4.5754905755484945,-1,END_OF_WINDOW
17.545533406170208,34.131602179860145,38.87100714437777,4.333669820152177,-1,END_OF_WINDOW
16.75600269951491,34.131602179860145,38.87100714437777,4.024121975855593,-1,END_OF_WINDOW
16.022867043334987,34.13160217986015,38.87100714437777,3.7366846918659076,-1,END_OF_WINDOW
14.945405728433359,37.551206699290994,36.85299128085694,3.6597786424469363,-1,END_OF_WINDOW
14.179947347815538,36.09459036611936,39.28226900504741,3.5355087394150178,-1,END_OF_WINDOW
13.44987409024701,36.21948255590163,39.20549853093946,3.2894009723139557,-1,END_OF_WINDOW
12.585653661241398,37.43386985749785,38.45902199740472,3.1137294742915254,-1,END_OF_WINDOW
12.436601494166496,34.73908675589912,42.88922352902743,3.1156059404135505,-1,END_OF_WINDOW
12.253267887028786,35.027831436341735,42.69946162520607,2.9059198018125714,-1,END_OF_WINDOW
12.08302953754377,35.02783143634173,42.69946162520606,2.698354101683102,-1,END_OF_WINDOW
11.924951070164825,35.027831436341735,42.69946162520607,2.505614522991452,-1,END_OF_WINDOW
11.778163921884378,35.02783143634173,42.69946162520606,2.3266420570634914,-1,END_OF_WINDOW
13.45117520034567,26.865164315896337,56.05242129745344,2.816881910130389,-1,END_OF_WINDOW
15.004685673202584,26.865164315896333,56.052421297453435,2.61567605940679,-1,END_OF_WINDOW
16.447231112284005,26.86516431589633,56.052421297453435,2.428842055163448,-1,END_OF_WINDOW
17.786737591431038,26.86516431589633,56.052421297453435,2.2553533369374876,-1,END_OF_WINDOW
16.60594282098906,42.77270045533629,43.86047597957859,2.676399527156245,-1,END_OF_WINDOW
15.50949053415008,42.77270045533629,43.86047597957859,2.4852281323593703,-1,END_OF_WINDOW
14.933073838919908,40.43245146260302,46.93207218797102,2.441283265762265,-1,END_OF_WINDOW
14.397829764777606,40.43245146260302,46.932072187971016,2.266905889636389,-1,END_OF_WINDOW
13.900817410216897,40.43245146260303,46.93207218797102,2.104984040376647,-1,END_OF_WINDOW
13.439305938124809,40.43245146260302,46.932072187971016,1.9546280374926008,-1,END_OF_WINDOW
13.601952415874695,37.237735308274665,51.125163631229874,1.9707260348145788,-1,END_OF_WINDOW
13.75298128807102,37.237735308274665,51.125163631229874,1.8299598894706803,-1,END_OF_WINDOW
13.893222383681891,37.237735308274665,51.125163631229874,1.6992484687942033,-1,END_OF_WINDOW
14.023446258177701,37.23773530827466,51.12516363122987,1.577873578166046,-1,END_OF_WINDOW
14.873712716666272,58.06830174613393,34.156908535629924,2.193025465439904,-1,END_OF_WINDOW
15.302045775109924,51.31812669738163,33.59618993361731,2.3042379321941966,-1,END_OF_WINDOW
16.315560982394487,55.88009252960038,30.427034454076434,2.3625066513232076,-1,END_OF_WINDOW
17.924191190296426,61.020263138703264,26.882146053575262,2.4830418905143876,-1,END_OF_WINDOW
19.701548738462876,58.07378054731953,23.257947576117054,2.6649674697633743,-1,END_OF_WINDOW
21.35195217604601,51.2015070829626,20.505673237226418,2.8067555076374253,-1,END_OF_WINDOW
21.467749682368364,45.893673074623536,28.746498851554307,2.907701542806166,-1,END_OF_WINDOW
21.33897388392834,44.96581009893012,30.187078373194925,2.7557228611771682,-1,END_OF_WINDOW
21.21939635680546,44.96581009893011,30.18707837319492,2.558885513950228,-1,END_OF_WINDOW
22.639674842747414,56.787008716015684,23.702973678267302,3.0261079772394908,-1,END_OF_WINDOW
22.86336105937788,51.3680775259065,30.316829807271787,3.106385978865248,-1,END_OF_WINDOW
23.071069689106167,51.36807752590649,30.316829807271787,2.884501266089159,-1,END_OF_WINDOW
22.553581577398727,48.00144312688415,34.883824896497245,2.8663226042256555,-1,END_OF_WINDOW
21.94904260060303,47.40352723690533,35.694925422915,2.6951567039238085,-1,END_OF_WINDOW
23.173387398364895,60.780149548692656,26.61679697159457,3.356216939357809,-1,END_OF_WINDOW
24.310278996286627,60.780149548692656,26.616796971594574,3.116487157975109,-1,END_OF_WINDOW
23.72216377786653,51.80397122827713,37.45422861658453,3.3953095038340284,-1,END_OF_WINDOW
23.57514541318892,54.68860717187161,35.21251250717774,3.353501682131594,-1,END_OF_WINDOW
23.438628360273995,54.6886071718716,35.212512507177735,3.113965847693623,-1,END_OF_WINDOW
23.311862525424424,54.6886071718716,35.212512507177735,2.891539715715507,-1,END_OF_WINDOW
22.305748829864235,41.87706157005413,50.389857357685955,3.506429736021542,-1,END_OF_WINDOW
21.87092950587792,38.88301496670712,53.93678910267726,3.5066847548771296,-1,END_OF_WINDOW
21.760379179422245,35.86943172175153,54.1679265742231,3.5297787009573294,-1,END_OF_WINDOW
22.498334155059315,29.70637955789766,57.78337036124022,3.9576516508889474,-1,END_OF_WINDOW
23.78242775359935,26.447335278138766,62.41489622815865,4.127819390111176,-1,END_OF_WINDOW
23.71445748517559,33.362178329002205,53.10288117515725,4.505118005103225,-1,END_OF_WINDOW
22.436339478371938,41.48757414287317,46.6159062800412,4.765466719024397,-1,END_OF_WINDOW
21.133608825854576,42.27952823026981,45.984969227348834,4.485790524808395,-1,END_OF_WINDOW
20.691191966121753,38.03952576527509,51.40186655826176,4.629662630179224,-1,END_OF_WINDOW
20.28037631065556,38.03952576527508,51.40186655826175,4.29897244230928,-1,END_OF_WINDOW
19.33592512366616,41.86741564600182,48.226282651278616,4.254760125001463,-1,END_OF_WINDOW
17.99642228844863,45.63205403690518,45.10317162607483,4.224420116072782,-1,END_OF_WINDOW
17.250841449067,49.115904080249,42.21300015387857,4.1912472506390275,-1,END_OF_WINDOW
16.89237137326727,51.47592838248419,40.25514467010368,4.081158161307643,-1,END_OF_WINDOW
16.303050810484393,41.4707454497525,49.31647091578681,4.703932578357078,-1,END_OF_WINDOW
15.93306496153345,38.56355460060029,48.216293074371805,4.6972231084744385,-1,END_OF_WINDOW
17.137613469341296,29.645290555211098,58.58046620414028,5.673850029297686,-1,END_OF_WINDOW
18.309373317934423,28.338992964810654,56.94524714361286,5.511432170062111,-1,END_OF_WINDOW
18.004384810483202,37.46043178848097,49.696917687899415,5.864187015057694,-1,END_OF_WINDOW
17.057036802554475,46.63123337757611,42.40936222918788,6.381030799696424,-1,END_OF_WINDOW
15.859648792539906,40.29672203893423,40.53404493939628,6.856671456860963,-1,END_OF_WINDOW
15.417751346816047,41.44986370509375,34.13816935562947,7.559766352799485,-1,END_OF_WINDOW
16.771296675298125,53.800658881569085,26.2792779319145,9.119068756170941,1,END_OF_WINDOW
18.349243088381648,50.39929449116197,22.18945715791706,10.02842098787301,1,END_OF_WINDOW
20.409555723844136,53.259957271024135,19.107251683417797,10.814248060167778,1,END_OF_WINDOW
21.796509054504455,47.6686445950939,20.51372059057234,11.219658913012953,1,EXIT_PROFIT_TARGET_MET
23.33854334984583,48.080390371010964,18.984356982060486,11.257540419226313,1,END_OF_WINDOW
24.87322919615579,46.149609659374,17.582317908671165,11.28700181785301,1,EXIT_PROFIT_TARGET_MET
26.26191836796775,43.73528835946978,16.875632823902627,11.059358830863504,1,END_OF_WINDOW
27.557795414097342,41.552327849375544,15.997700070394346,10.832976057230388,1,EXIT_PROFIT_TARGET_MET
28.76110981407482,39.813662070973,15.328311492542129,10.498477767428223,1,END_OF_WINDOW
30.093107529383424,41.65199752522165,14.860122540695022,10.055729355469078,1,EXIT_PROFIT_TARGET_MET
30.668757072100217,39.26131980536977,17.57645691475479,9.906034401507004,1,END_OF_WINDOW
30.50545377231411,37.054374039086596,20.670582088523922,9.746317658542225,1,EXIT_PROFIT_TARGET_MET
30.376792471565455,35.464650635100895,19.64567499226022,9.522294968646362,1,END_OF_WINDOW
31.21939229340072,42.05648303058507,17.105842914710337,10.15498818517163,1,EXIT_PROFIT_TARGET_MET
32.14869888526641,40.2306776898853,15.556281571894512,10.36891760051652,-1,END_OF_WINDOW
33.234663749493635,40.922452718912275,14.621272830079977,10.243994914765333,1,EXIT_PROFIT_TARGET_MET
34.463230969248,41.79378602201611,13.770272620397487,10.10013813513924,-1,END_OF_WINDOW
35.60404338759135,39.77334009509491,13.104573389085433,9.855128268343584,1,EXIT_PROFIT_TARGET_MET
36.663369204624445,38.75984601432152,12.77064600131403,9.39047624917618,-1,END_OF_WINDOW
38.14349069839927,42.45550860730625,11.49561722136039,9.686870802806451,-1,END_OF_WINDOW
39.51788922833303,39.60604683700881,10.724072541464546,9.6420943168917,-1,END_OF_WINDOW
41.28363897332,44.65879620038729,9.724100978523257,9.874087579970857,-1,END_OF_WINDOW
42.17145402331555,40.84371253347324,12.299091698559483,10.025224181401494,-1,END_OF_WINDOW
41.42191938587996,37.41585650669725,19.413477606900717,10.161993882729963,-1,END_OF_WINDOW
38.67541787732495,32.29866654075976,30.434915635613255,10.9311371768207,-1,END_OF_WINDOW
36.19131579997277,30.20446080525479,27.93807141454967,11.057484521333494,-1,END_OF_WINDOW
34.02779537766677,30.985763702121698,27.532026249558612,10.419092769809666,-1,END_OF_WINDOW
32.39354805261074,27.81138425975451,34.790444483800975,10.77915757196612,-1,END_OF_WINDOW
31.196817438608953,26.39669418958703,36.1838682704386,10.5456463168257,-1,END_OF_WINDOW
30.08556758275015,25.428473757651332,34.85665811623192,10.165243008480992,-1,END_OF_WINDOW
29.642649353334722,23.235850993616737,37.81850935210636,10.329868507875226,-1,END_OF_WINDOW
29.0609502367597,23.14553343827427,35.8231234392779,10.126306471598426,-1,END_OF_WINDOW
28.520801057082895,23.14553343827427,35.82312343927789,9.402998866484253,-1,END_OF_WINDOW
28.30843845373158,22.426357623028522,37.817221248411165,9.01135609030678,-1,END_OF_WINDOW
29.078505594733453,19.77748807233482,45.16188559298891,9.488402083856299,-1,END_OF_WINDOW
30.61523709487653,17.17993764824044,52.36425461040333,10.142801935009427,-1,END_OF_WINDOW
32.0422020592951,16.04009419764544,48.89002473337754,10.087601796794461,-1,END_OF_WINDOW
33.36724095482663,15.803889370028395,48.170075104525864,9.507058811309145,-1,END_OF_WINDOW
33.76080691276964,20.1151165352278,45.70354624961221,9.304411753358497,-1,END_OF_WINDOW
34.44405954716508,18.660331658757585,47.191539944623216,9.31338234240434,-1,END_OF_WINDOW
35.07850842196085,17.8961453429206,45.25893072264133,9.017426460804037,-1,END_OF_WINDOW
35.342294372808894,19.563520650305453,44.33980671998932,8.546895999318023,-1,END_OF_WINDOW
35.36745997119374,20.63552374765814,43.544242925689375,8.081403427938179,-1,END_OF_WINDOW
33.98803084933084,28.168735413347758,38.94398643324575,8.390588897371156,-1,END_OF_WINDOW
32.70713237902958,28.168735413347758,38.94398643324575,7.791261118987502,-1,END_OF_WINDOW
31.75331057196546,27.416243844959016,40.57501937576973,7.433313896202694,-1,END_OF_WINDOW
30.47876771017819,29.162742470094706,38.58646046979514,7.2580771893310745,-1,END_OF_WINDOW
29.371269234800987,28.383625441874702,38.38078785228149,6.924643104378865,-1,END_OF_WINDOW
28.915782646411742,25.842974388780867,41.27680265867673,7.062168596923226,-1,END_OF_WINDOW
28.957044396578635,22.93733782430117,42.127076465508914,7.388442268571575,-1,END_OF_WINDOW
28.995358878876463,22.93733782430117,42.127076465508914,6.860696392245035,-1,END_OF_WINDOW
29.030936612438733,22.937337824301167,42.12707646550891,6.370646649941818,-1,END_OF_WINDOW
29.154830341443628,22.66638690889609,42.81070948905122,5.986314746374563,-1,END_OF_WINDOW
27.75938590986248,31.339190967725653,38.00957735287888,6.260863693062089,-1,END_OF_WINDOW
26.06720752167579,33.279196761781606,36.102250472247874,6.120802000700524,-1,END_OF_WINDOW
24.430502251963855,33.01941475274777,35.16964333222201,5.834316143507639,-1,END_OF_WINDOW
23.127087619913013,31.467729271652924,35.615268002122285,5.684722133257078,-1,END_OF_WINDOW
21.86662145248768,31.640259642462734,35.30948121420789,5.324384838024421,-1,END_OF_WINDOW
20.696188582735587,31.640259642462734,35.30948121420789,4.944071635308391,-1,END_OF_WINDOW
19.372120856675963,35.036367475224125,33.55530828881159,4.830923661357801,-1,END_OF_WINDOW
18.07812892644775,33.91316480245262,34.776062110894614,4.634429114117952,-1,END_OF_WINDOW
17.255560729516894,31.53669431525473,35.96636247126586,4.627684177395239,-1,END_OF_WINDOW
16.491747403795387,31.53669431525473,35.96636247126586,4.297135307581294,-1,END_OF_WINDOW
16.29250346950949,29.09888454515645,38.3395186671686,4.32448278561119,-1,END_OF_WINDOW
16.09679443781919,29.161887288644433,38.30545016423257,4.019162586638975,-1,END_OF_WINDOW
15.01114106242488,35.50643377715223,34.87465987312938,4.0992224018790395,-1,END_OF_WINDOW
14.004921215090114,34.81952880753982,34.18191188679434,3.8835636588876747,-1,END_OF_WINDOW
13.972766149072774,40.011596841197736,30.459425707337115,4.046880540395703,-1,END_OF_WINDOW
13.57530984938957,34.75903575431323,29.367070383387702,4.325674787510283,-1,END_OF_WINDOW
13.206243285398022,34.556247267174655,29.1957392849984,4.040269445545258,-1,END_OF_WINDOW
12.701482471944434,31.43781447590024,35.55063168857242,4.123821628006314,-1,END_OF_WINDOW
12.92426539332435,29.189132613309024,40.160561735982895,4.124262940291585,-1,END_OF_WINDOW
14.43148983030268,24.500623184481487,49.77228176320512,4.562529873127883,-1,END_OF_WINDOW
15.831055378925418,22.027271562504108,44.74774206470016,4.712349167904453,-1,END_OF_WINDOW
17.23540674284197,20.686668384932155,43.450059459935765,4.659324227339835,-1,END_OF_WINDOW
18.5394472950502,20.686668384932155,43.45005945993577,4.326515353958418,-1,END_OF_WINDOW
18.615892033613882,26.9111744596223,40.04010108917131,4.359621400104243,-1,END_OF_WINDOW
19.099793089204482,25.58401268615183,42.99710639917747,4.258219871525372,-1,END_OF_WINDOW
19.520908855927726,25.111277375649287,41.84803446296483,4.062632737844988,-1,END_OF_WINDOW
21.167981469014038,19.858471914056462,49.31061943920173,4.770301827998935,-1,END_OF_WINDOW
22.69740603830847,18.945037346035356,47.042467863328554,4.643137411713314,-1,END_OF_WINDOW
22.688771015068188,26.72502363875411,42.310938472349925,4.793627596590935,-1,END_OF_WINDOW
22.680752779202212,26.725023638754102,42.310938472349925,4.451225625405868,-1,END_OF_WINDOW
23.672552304418996,23.19380259386242,49.93348844200025,4.762566652162588,-1,END_OF_WINDOW
23.873163384130095,27.425428463219735,47.18241042259112,4.680240462722413,-1,END_OF_WINDOW
23.7966482472463,28.37804827485624,45.14206995197608,4.542366143956526,-1,END_OF_WINDOW
24.598039427597865,24.92157015332019,51.779211589676244,4.802911419388207,-1,END_OF_WINDOW
25.34218838078146,24.921570153320186,51.779211589676244,4.459846318003335,-1,END_OF_WINDOW
25.35757294184517,28.612120410130427,48.25834518164752,4.443428723860242,-1,END_OF_WINDOW
24.35475521982165,34.74042627710677,43.60799883656597,4.566040957870214,-1,END_OF_WINDOW
23.423567335085526,34.64121549155881,43.48346427310838,4.252038032308062,-1,END_OF_WINDOW
22.08123976881853,37.749436397146994,41.41555230507573,4.145463887143216,-1,END_OF_WINDOW
20.584220002061137,38.50240563660392,39.376962148106585,4.048645038061555,-1,END_OF_WINDOW
19.564733336109743,36.52462737264267,41.445648576318675,3.9630275353428988,-1,END_OF_WINDOW
18.618067146297737,36.52462737264267,41.445648576318675,3.6799541399612634,-1,END_OF_WINDOW
17.62472543333802,37.272022703775264,40.95764381227334,3.4578145585354707,-1,END_OF_WINDOW
17.220874175368195,35.013187260474034,44.53584958534892,3.4179706614972294,-1,END_OF_WINDOW
16.845869435824785,35.013187260474034,44.53584958534892,3.173829899961713,-1,END_OF_WINDOW
15.935785667102142,38.697871169243335,42.010713770668524,3.1242706213930207,-1,END_OF_WINDOW
16.44655572604351,32.27014408384167,51.64275022376502,3.4789655770078154,-1,END_OF_WINDOW
17.034260279634605,31.709247951843803,52.483260705623266,3.287610892935809,-1,END_OF_WINDOW
17.57998593654062,31.709247951843803,52.48326070562326,3.0527815434403944,-1,END_OF_WINDOW
16.895439393968516,39.566783135678875,46.444535765736504,3.203297147480356,-1,END_OF_WINDOW
15.859565181738132,41.456160122323325,43.48906972205921,3.1766330655174686,-1,END_OF_WINDOW
14.92782678635002,40.94241491394848,38.700291426779174,3.3147307036948015,-1,END_OF_WINDOW
14.06264113348963,37.47268182424736,35.42057082341961,3.3629642248594758,-1,END_OF_WINDOW
13.259254455833554,37.47268182424736,35.42057082341961,3.1227524945123704,-1,END_OF_WINDOW
13.53887611237539,44.48765511075284,31.446718028059855,3.266127316332923,-1,END_OF_WINDOW
14.51179031985374,49.721579375395144,28.48179660636887,3.3485467937377194,-1,END_OF_WINDOW
15.419791623989248,46.8623463600441,26.806799193643535,3.303650594185011,-1,END_OF_WINDOW
16.262935692115075,46.8623463600441,26.806799193643535,3.067675551743225,-1,END_OF_WINDOW
15.838816822558332,40.38178394976007,32.82317334427976,3.3056987266187154,-1,END_OF_WINDOW
15.191301724253014,35.601657277606414,40.77511873745892,3.481720246145949,-1,END_OF_WINDOW
14.590037704398076,35.54668295388875,40.71215580964854,3.2380259428498217,-1,END_OF_WINDOW
14.870069248531275,47.879085431885045,32.922352053973974,3.71816694693198,-1,END_OF_WINDOW
15.603788472245718,48.22324284563162,28.846309376648442,3.9404407364368335,-1,END_OF_WINDOW
16.316069340075032,44.81420152627454,26.55978908967063,3.973980683834225,-1,END_OF_WINDOW
16.244761637907065,39.12644242202958,28.732041665403006,4.226553492131763,-1,END_OF_WINDOW
16.927621048402543,42.064929750997514,24.808404116844212,4.545371099836609,-1,END_OF_WINDOW
16.358320621483347,36.79668058244074,30.74655281435492,4.824987449848282,-1,END_OF_WINDOW
15.829684510772665,34.585621170223774,28.8990368450518,4.766774060573421,-1,END_OF_WINDOW
15.338808122255603,34.020156325288404,28.42654599956605,4.499861627675333,-1,END_OF_WINDOW
14.266047194900876,31.736167062631722,31.940029679004112,4.479157225698494,-1,END_OF_WINDOW
15.00202759620086,26.34343338913991,43.505046117269984,5.010645995291465,-1,END_OF_WINDOW
15.699610932266431,23.99674858671331,39.79740965205457,5.107742709913528,-1,END_OF_WINDOW
16.190289625259325,24.856812725117447,39.34705622365997,4.797189659205402,-1,END_OF_WINDOW
15.069915852532057,33.887270450026925,34.231307967207634,5.12024754069071,-1,END_OF_WINDOW
14.029568777856737,32.60394407249593,32.934952732091034,4.9416584306413665,-1,END_OF_WINDOW
13.65241036667047,36.574864725498884,30.689655719045877,4.924397114166971,-1,END_OF_WINDOW
13.302191841997505,36.21283347443583,30.385878397159722,4.618368748869354,-1,END_OF_WINDOW
13.653394852816099,40.779712860221004,28.21038371336077,4.619199552521518,-1,END_OF_WINDOW
14.442955194057,44.10284668093697,26.62736402971805,4.544256727341422,-1,END_OF_WINDOW
15.176118368066406,44.05809897314131,26.600347326837383,4.223952675388459,-1,END_OF_WINDOW
16.247674413343518,46.9521759819844,25.18322472620266,4.142956055717833,-1,END_OF_WINDOW
17.242690741100837,46.89123127440637,25.150536480456626,3.8520306231665713,-1,END_OF_WINDOW
18.427358810328787,48.921071125409576,24.189272221329887,3.7190284357975476,-1,END_OF_WINDOW
19.527407731754742,48.921071125409576,24.189272221329887,3.453383547526294,-1,END_OF_WINDOW
20.10985533821024,45.73260292439892,25.902740523301343,3.4302847227029627,-1,END_OF_WINDOW
20.955051722714675,47.531524217372535,24.517264447642077,3.365264385367036,-1,END_OF_WINDOW
21.062740221169356,44.538434490042185,28.199530411866206,3.3348883578407906,-1,END_OF_WINDOW
19.699051724338876,37.41795355139062,38.92270524301065,3.685967760852163,-1,END_OF_WINDOW
18.589094234550483,38.009933737993805,34.9740574355135,3.8091129207912835,-1,END_OF_WINDOW
17.845166757785023,39.655091139659376,33.662066359520345,3.6748905693061804,-1,END_OF_WINDOW
17.154376957931383,39.65509113965938,33.66206635952035,3.4123983857843103,-1,END_OF_WINDOW
16.512929286638716,39.655091139659376,33.662066359520345,3.168655643942574,-1,END_OF_WINDOW
16.917702108026816,30.836614240771567,48.41425878969888,3.7837516693752615,-1,END_OF_WINDOW
17.454189319575853,29.103049216594304,47.91820377133219,3.722769407277017,-1,END_OF_WINDOW
17.952356016014246,29.103049216594307,47.918203771332195,3.45685730675723,-1,END_OF_WINDOW
17.519068651729974,34.73772735583899,44.10980789141524,3.4870817848460076,-1,END_OF_WINDOW
16.39772379438858,39.59616492452261,38.180443482915386,3.740861657357004,-1,END_OF_WINDOW
15.356474998285858,39.59616492452261,38.180443482915386,3.4736572532600754,-1,END_OF_WINDOW
14.336157359907727,39.36949034224865,38.534339426539795,3.244110306598657,-1,END_OF_WINDOW
14.031329087263174,35.904483272440174,43.944085567168216,3.303102427555908,-1,END_OF_WINDOW
13.129443379928622,41.28348709350316,40.13955106740925,3.3578808255876407,-1,END_OF_WINDOW
12.291978080260824,41.28348709350316,40.13955106740925,3.1180321951885235,-1,END_OF_WINDOW
11.514331730569298,41.28348709350317,40.13955106740925,2.895315609817915,-1,END_OF_WINDOW
10.792231548712882,41.28348709350317,40.13955106740924,2.688507351973778,-1,END_OF_WINDOW
10.533774062046353,38.394347914286925,44.32876037293417,2.6843282554042305,-1,END_OF_WINDOW
10.293777824427433,38.394347914286925,44.32876037293417,2.492590522875357,-1,END_OF_WINDOW
10.407850343714548,47.74718544330856,37.59886336520271,2.7288340569557015,-1,END_OF_WINDOW
10.065284047429843,45.018763442681745,40.23442105906282,2.6874887671731256,-1,END_OF_WINDOW
9.747186772308332,45.018763442681745,40.234421059062825,2.495525283803617,-1,END_OF_WINDOW
9.451810731124072,45.018763442681745,40.23442105906282,2.3172734778176443,-1,END_OF_WINDOW
9.010930004755348,44.16837226727456,41.36337523367457,2.1931825151164115,-1,END_OF_WINDOW
8.601540758841534,44.16837226727456,41.363375233674574,2.036526621179525,-1,END_OF_WINDOW
8.868443158289013,45.8838620183845,35.80495353059751,2.1846318625238537,-1,END_OF_WINDOW
9.116281100633103,45.883862018384505,35.80495353059751,2.0285867294864355,-1,END_OF_WINDOW
9.346416332809756,45.883862018384505,35.80495353059751,1.8836876773802615,-1,END_OF_WINDOW
9.032842620227466,39.946091285825425,44.112350757721984,2.0091385575673764,-1,END_OF_WINDOW
8.741667029972483,39.946091285825425,44.11235075772198,1.8656286605982781,-1,END_OF_WINDOW
8.788719947608941,38.364266620153145,46.32544493620659,1.8037980419841155,-1,END_OF_WINDOW
9.942062793755273,32.642905435165716,54.33006858779334,1.9685267532709736,-1,END_OF_WINDOW
11.01302400803401,31.931672517730686,53.14630958500207,1.8686319851802016,-1,END_OF_WINDOW
12.007487992721408,31.931672517730686,53.146309585002065,1.7351582719530443,-1,END_OF_WINDOW
12.673510939108667,33.49345659174427,51.65774942705975,1.6576469668135476,-1,END_OF_WINDOW
14.678319955332846,25.604091497424307,60.80985791746933,2.0135293263268568,-1,END_OF_WINDOW
16.602610181606185,25.114765829474532,60.92178873343066,1.9061343744463826,-1,END_OF_WINDOW
16.645899647592906,36.49372955634738,51.66459895693438,2.087124776271645,-1,END_OF_WINDOW
16.686097008866287,33.2689293879339,47.09921171252875,2.1259015779665353,-1,END_OF_WINDOW
18.402904988914187,25.227073666001143,59.88653354136544,2.6033371795403504,-1,END_OF_WINDOW
19.997083827530094,25.22707366600114,59.886533541365445,2.417384523858897,-1,END_OF_WINDOW
19.27389510372374,39.64932284230153,48.33558119291196,2.7811427721547055,-1,END_OF_WINDOW
18.60236271733212,39.398687131548606,48.0300369394798,2.598918288429371,-1,END_OF_WINDOW
17.978796929968475,39.39868713154859,48.03003693947979,2.4132812678272733,-1,END_OF_WINDOW
17.742003926528866,37.555202446068456,50.46173804381232,2.3509040344110366,-1,END_OF_WINDOW
17.366799695274967,38.59990849290586,49.617509462195635,2.220125174810247,-1,END_OF_WINDOW
17.216760136404638,52.36481074886846,38.49407053617204,2.6572590908952396,-1,END_OF_WINDOW
17.077437688882192,48.989580359840765,36.01289367688451,2.637454870117016,-1,END_OF_WINDOW
16.32165694188811,45.710002381044234,40.13319298668805,2.624779522251518,-1,END_OF_WINDOW
15.619860533965037,45.71000238104424,40.13319298668806,2.4372952706621236,-1,END_OF_WINDOW
15.522147245088615,49.62138108239179,37.24175583159795,2.438917037043403,-1,END_OF_WINDOW
15.431413476846224,49.15626670243937,36.89267896605903,2.2861372486831404,-1,END_OF_WINDOW
15.224576167110865,48.51956522807244,37.7100828708121,2.1506988737771926,-1,END_OF_WINDOW
15.032512950928032,48.519565228072445,37.710082870812094,1.9970775256502504,-1,END_OF_WINDOW
14.854168535901117,48.51956522807244,37.710082870812094,1.8544291309609469,-1,END_OF_WINDOW
15.528739797140448,54.60210114403369,33.254546811884566,1.9526841930351662,-1,END_OF_WINDOW
16.842878715601483,59.754666704670285,29.48022604031929,2.0453496078183684,-1,END_OF_WINDOW
18.255845255949183,61.227436881611794,28.4014028783127,1.9713960644027864,-1,END_OF_WINDOW
18.430609294862492,54.75391569205591,35.97145740314806,2.0470106312311733,-1,END_OF_WINDOW
18.76133562916558,55.97807324395325,34.99822995360531,1.9536527290003596,-1,END_OF_WINDOW
17.958284907202177,49.47204943806322,42.553028445933094,2.052677534071773,-1,END_OF_WINDOW
17.374460402470955,42.036625098835096,51.15520510073341,2.243200567352379,-1,END_OF_WINDOW
17.80307136047358,35.41746972986837,57.02618734076506,2.472257669684339,-1,END_OF_WINDOW
18.201067250047448,35.41746972986837,57.02618734076506,2.2956678361354577,-1,END_OF_WINDOW
17.50376620783888,42.71196312023249,50.58517078574694,2.403120133554334,-1,END_OF_WINDOW
16.4867886064094,45.26973367228558,48.32666678991435,2.3357544097290273,-1,END_OF_WINDOW
15.542452262224886,45.26973367228558,48.326666789914356,2.1689148090340966,-1,END_OF_WINDOW
15.025437328045196,43.055561378900116,50.85404332649627,2.117563751245934,-1,END_OF_WINDOW
14.450764315979676,43.709899400824064,50.269688911511054,1.9891663404426647,-1,END_OF_WINDOW
15.281525330375647,35.16897463742035,59.98700355395652,2.2956544589824888,-1,END_OF_WINDOW
16.209893463091216,34.117226680023016,61.02108447752039,2.1973934261980306,-1,END_OF_WINDOW
15.336542592297452,46.09896107649194,49.923518453042696,2.4940081814695936,-1,END_OF_WINDOW
14.525573926560384,46.09896107649194,49.923518453042696,2.3158647399360515,-1,END_OF_WINDOW
13.55361841626418,48.07055346964597,47.195820687413814,2.274731544226318,-1,END_OF_WINDOW
13.39720673245097,53.312202821954905,42.431973593582974,2.3493935767815923,-1,END_OF_WINDOW
13.251967311767276,53.312202821954905,42.431973593582974,2.1815797498686216,-1,END_OF_WINDOW
14.67997859075535,64.46398514037925,32.296731379172265,2.6614669105922983,-1,END_OF_WINDOW
15.038113401591382,58.09971258272197,38.98080549604429,2.742076416978593,-1,END_OF_WINDOW
15.370667154510556,58.09971258272198,38.98080549604429,2.5462138157658365,-1,END_OF_WINDOW
15.998100914351465,60.36292432343586,36.87528732184788,2.4993414003540146,-1,END_OF_WINDOW
15.675853891019088,53.120309524115704,42.17417291996712,2.6372455860430346,-1,END_OF_WINDOW
14.842263435695834,49.712762681704206,45.883567993934925,2.6167280441828114,-1,END_OF_WINDOW
14.55056471852388,42.92413640544578,53.273546190196626,2.814104612455475,-1,END_OF_WINDOW
14.279701624007066,41.440218939492475,51.43184237772636,2.706668568708684,-1,END_OF_WINDOW
13.786447632305027,43.1056547419361,49.96912461938986,2.586906528086617,-1,END_OF_WINDOW
14.37024279239311,36.71838386136267,57.38255460581061,2.8199846332232807,-1,END_OF_WINDOW
15.31695601015257,34.199579501544505,60.30602225265746,2.81141430227878,-1,END_OF_WINDOW
15.875206262487247,36.39244036533256,58.296267375001506,2.700598994973168,-1,END_OF_WINDOW
17.04692065930263,32.265895174562154,63.02506092589505,2.8284133524750694,-1,END_OF_WINDOW
17.59826553203015,33.463067899879995,55.49393612582225,2.982812398726867,-1,END_OF_WINDOW
17.234291307367116,39.34456978287142,50.588574854768986,3.0383257988177883,-1,END_OF_WINDOW
18.30644671781748,29.9209448854466,58.39935482837402,3.709873956045093,-1,END_OF_WINDOW
18.90476534885184,32.40738063673286,55.99596312611393,3.592740102041884,-1,END_OF_WINDOW
19.888903931866096,30.04045218366729,59.20987319475093,3.598972951896056,-1,END_OF_WINDOW
20.581092346580864,31.504449977943377,57.97082682492511,3.413332026760624,-1,END_OF_WINDOW
20.399849497800194,37.01210736193617,53.30945170908688,3.4466654534205876,-1,END_OF_WINDOW
20.23155256678957,37.012107361936174,53.309451709086886,3.2004750638905457,-1,END_OF_WINDOW
19.300967113778924,42.28350464757742,48.84803401008477,3.2432982736126625,-1,END_OF_WINDOW
18.139933095354586,44.33005414960137,47.11594825075787,3.1223483969260246,-1,END_OF_WINDOW
17.292168798383447,48.454853972136306,42.736059377886754,3.1964663685741552,-1,END_OF_WINDOW
16.504959094053103,48.4548539721363,42.73605937788675,2.96814734224743,-1,END_OF_WINDOW
15.711549116933488,43.55585382179902,48.52569716893158,3.0661368178011954,-1,END_OF_WINDOW
14.974811281036704,43.55585382179902,48.52569716893157,2.84712704510111,-1,END_OF_WINDOW
14.290697576275404,43.55585382179902,48.52569716893158,2.643760827593888,-1,END_OF_WINDOW
13.929942896341167,41.92139128652793,50.457304797398564,2.550635054194335,-1,END_OF_WINDOW
14.20294218846302,38.26333482879003,54.780395481124444,2.5948754074661737,-1,END_OF_WINDOW
13.707059110565567,41.65869117241259,48.18161787240842,2.7395271640757572,-1,END_OF_WINDOW
13.246596252517932,41.65869117241259,48.18161787240842,2.5438466523560606,-1,END_OF_WINDOW
13.618868527895653,37.0835248108109,53.872572440366085,2.6535718914735122,-1,END_OF_WINDOW
15.025695316228523,29.91246289901966,59.799506222740014,3.0547453277968315,-1,END_OF_WINDOW
17.191183988873835,24.167519968060454,64.26512407953872,3.5108349472399185,-1,END_OF_WINDOW
19.5959587288492,20.51345979277434,62.973058709685766,3.8407753081513607,-1,END_OF_WINDOW
22.236142649333672,16.382555563328637,59.041028983180425,4.465719928997703,-1,END_OF_WINDOW
24.68774200406925,16.129722736922886,58.129845732556454,4.211739934069318,-1,END_OF_WINDOW
26.964227119180862,16.129722736922886,58.129845732556454,3.9109013673500805,-1,END_OF_WINDOW
26.034232414959394,34.359664239491565,45.49481313413237,4.640122698253671,-1,END_OF_WINDOW
25.230062342399147,31.7344837588717,42.7385013746929,4.6651139340927115,-1,END_OF_WINDOW
24.844659932879793,30.310101224841148,45.30864806855554,4.535462938800369,-1,END_OF_WINDOW
24.82286555714584,28.912554460522486,47.71712405437922,4.415072728886083,-1,END_OF_WINDOW
25.02245016385317,28.000285595031976,49.366789426860116,4.233281819679927,-1,END_OF_WINDOW
25.555501260775454,26.520820259571167,52.0421221341572,4.150190261131373,-1,END_OF_WINDOW
26.050477279346147,26.080921273198708,51.17890310279163,3.9187480996220114,-1,END_OF_WINDOW
26.510097868018935,26.08092127319871,51.17890310279164,3.638837521077582,-1,END_OF_WINDOW
26.936888414643665,26.08092127319871,51.17890310279164,3.378920555286326,-1,END_OF_WINDOW
25.941792242497677,34.76837899052726,45.16402082364398,3.555426229908725,-1,END_OF_WINDOW
24.306524713495914,39.44551007564941,41.92574401165592,3.556467213486685,-1,END_OF_WINDOW
22.955122232322573,37.223412596920745,41.46211541901509,3.4995766982376515,-1,END_OF_WINDOW
22.23404300446173,33.86616273690693,43.862016757393555,3.571749791220692,-1,END_OF_WINDOW
21.216121952109766,36.10902567808846,42.374480331535175,3.433053377562079,-1,END_OF_WINDOW
20.692379050845553,34.26632472842083,45.31520215451714,3.359263850593366,-1,END_OF_WINDOW
19.485034238114885,38.98848820589404,42.05985713228473,3.360745004122419,-1,END_OF_WINDOW
18.131546839812508,41.0567573189529,40.61880424967026,3.2314060752565448,-1,END_OF_WINDOW
18.047000650375452,49.24797032638387,34.97409821412711,3.4848770698810916,-1,END_OF_WINDOW
17.283184912865828,44.34406158683719,38.26904074750786,3.593814422032458,-1,END_OF_WINDOW
16.139181876401814,41.360617421158125,42.42226586115617,3.5778276776015607,-1,END_OF_WINDOW
15.076893342542371,41.360617421158125,42.42226586115617,3.322268557772878,-1,END_OF_WINDOW
14.726853945046361,47.01606576617674,38.330869896441804,3.4142493750748244,-1,END_OF_WINDOW
13.751974920570904,42.34167007519032,43.26497853122116,3.5203744197123434,-1,END_OF_WINDOW
12.846730112129407,42.34167007519032,43.26497853122116,3.2689191040186047,-1,END_OF_WINDOW
12.48241473827182,46.7059299834594,39.99017658183824,3.28399631087442,-1,END_OF_WINDOW
12.264719137495334,46.84096020457116,38.764374003088555,3.1458537172405263,-1,END_OF_WINDOW
12.061930662395714,39.75446406216928,48.02861678354139,3.441864166009058,-1,END_OF_WINDOW
11.643785886471763,41.216518930711004,46.67259028076192,3.288873868436963,-1,END_OF_WINDOW
11.360797881837044,40.45947743397541,47.19289197554008,3.1110971635485893,-1,END_OF_WINDOW
11.243102971603241,49.04091105299332,40.35757435635452,3.3781616518665407,-1,END_OF_WINDOW
12.61328453952349,28.744130333984927,53.884390769691535,5.351864391018946,-1,END_OF_WINDOW
13.885595995449433,23.12120444144322,43.343527903351706,6.178159791660455,-1,END_OF_WINDOW
15.067028061666383,22.066195368865856,41.36578425719536,6.011148377970433,-1,END_OF_WINDOW
16.164072123153552,22.06619536886586,41.365784257195365,5.5817806366868306,-1,END_OF_WINDOW
16.425911000993715,25.164328097557533,37.612946374373784,5.70022487692347,-1,END_OF_WINDOW
20.229337058672858,12.385189097795095,69.29481075703107,10.754494528571797,-1,END_OF_WINDOW
23.761089826517775,9.700667059011032,54.27497979750716,12.749887776530958,-1,END_OF_WINDOW
27.444155632805295,7.56614959753741,53.757833264171495,15.179181506778729,-1,END_OF_WINDOW
30.868649067853067,6.579533175749979,46.88449161047657,16.20852568486594,-1,END_OF_WINDOW
34.08849380335639,5.923662546551583,43.33034605647373,16.717202421661224,-1,END_OF_WINDOW
36.731281023866615,6.844711599827713,40.50308001272085,16.606687962971144,-1,END_OF_WINDOW
39.18529772862611,6.823534921318253,40.37776856729868,15.468353108473211,-1,END_OF_WINDOW
41.917554679376714,6.023457021712916,47.36863623992185,16.271327886439412,-1,END_OF_WINDOW
45.02803072609989,4.446320304398969,56.731271823784105,20.468375894550864,-1,END_OF_WINDOW
48.091375157539005,3.6167780820781394,56.238149824416325,23.365634759225816,-1,END_OF_WINDOW
50.93590927244676,3.283413809404018,51.054588796535214,23.899517990709697,-1,END_OF_WINDOW
52.68997733364601,6.840983795265749,48.98751671214649,23.128838134230445,-1,END_OF_WINDOW
54.318754819045324,6.765826669098634,48.44932497184499,21.71534969607114,-1,END_OF_WINDOW
56.04016184396188,6.294673087057538,52.03917235990815,21.673539003494636,-1,END_OF_WINDOW
57.24559049912426,7.7227546952529345,49.305757918246144,21.24114336038787,-1,END_OF_WINDOW
58.364917107489326,7.38855893362595,47.172092410236075,20.61606169178872,-1,END_OF_WINDOW
59.123635064617055,8.44787529171398,46.031644349546355,19.617771570946662,-1,END_OF_WINDOW
58.96505675781549,11.887403102229014,43.279089750261655,19.375073601593314,-1,END_OF_WINDOW
58.81458011732816,11.620021751487108,42.24917821168481,18.429711201479495,-1,END_OF_WINDOW
58.673115847185436,11.62594322179207,42.24036293874846,17.116874687088085,-1,END_OF_WINDOW
58.734215518900974,11.1918867084671,44.11562509538155,16.510669352296087,-1,END_OF_WINDOW
58.30219670298192,13.044496170404772,42.09555947176482,16.06705011284638,-1,END_OF_WINDOW
58.06493083543702,12.387946709930947,42.645715187339675,15.710117961928795,-1,END_OF_WINDOW
58.00628494378136,11.769043613807685,43.282939179997896,15.355109536076723,-1,END_OF_WINDOW
58.07247989559083,11.34232105544921,43.895826344878536,14.794744569214084,-1,END_OF_WINDOW
58.261253663317675,10.861727821662626,44.43578656692609,14.345834242841633,-1,END_OF_WINDOW
58.436543590492604,10.817066551927768,44.25307542903622,13.376131796924373,-1,END_OF_WINDOW
58.598114154733636,10.822194963684572,44.250530682148785,12.421408097144075,-1,END_OF_WINDOW
58.84476640378566,10.549759016169448,45.05026893993062,11.832021804490934,-1,END_OF_WINDOW
59.20040056754768,9.950099351321867,45.05875528775521,11.649020247027295,-1,END_OF_WINDOW
59.612627748146664,9.773902598111887,46.03165702409077,11.011947372239634,-1,END_OF_WINDOW
59.4362133662122,11.722921045343897,42.98400459118462,10.950379702793953,-1,END_OF_WINDOW
59.5796966698683,10.471004520520383,43.84619939539467,11.38392400973724,-1,END_OF_WINDOW
58.75408189187492,14.194232795200229,40.42112075710211,11.466500866184578,-1,END_OF_WINDOW
59.042290755784165,11.62913000054525,50.87460207583444,12.996036518599974,-1,END_OF_WINDOW
59.309913272271324,11.159495611032687,48.82006638086337,12.575605338699985,-1,END_OF_WINDOW
59.54420735861143,10.973139391829857,47.69111258659734,11.953776385935694,-1,END_OF_WINDOW
59.20390936662632,13.488837174090838,46.16993219706409,11.465649501225993,-1,END_OF_WINDOW
58.21974006764394,16.686051373911006,44.46361872255629,11.055245965424156,-1,END_OF_WINDOW
56.58128344322451,20.338805717275324,42.51418913616824,10.736299825036694,-1,END_OF_WINDOW
55.58820100952588,18.37578223226178,45.73860214062867,11.034421266105491,-1,END_OF_WINDOW
54.8206960742273,17.815656580955054,46.78430059432089,10.568391175669401,-1,END_OF_WINDOW
54.5109040053399,16.59002261454559,50.41818071453912,10.538506091692991,-1,END_OF_WINDOW
53.57827691388525,19.081775830925142,46.10394644681527,10.70146994228636,-1,END_OF_WINDOW
53.11597003290145,16.804802338314474,46.736605641718704,11.283507803551613,-1,END_OF_WINDOW
52.84215450782606,15.543797896534668,45.75186550319191,11.327542960440791,-1,END_OF_WINDOW
52.584354414176794,14.942163831818187,43.923438060382445,10.956289891837885,-1,END_OF_WINDOW
51.33244474462628,19.785607922127117,41.147199375026766,10.860126328135156,-1,END_OF_WINDOW
50.28409021762529,18.26186342075921,39.39699582940408,10.925831590411198,-1,END_OF_WINDOW
49.42583825114465,16.970295515128353,38.0107522419634,10.917557905381823,-1,END_OF_WINDOW
48.62888999655548,16.329443544043112,36.57534615401522,10.535589483568815,-1,END_OF_WINDOW
46.83777655250879,21.289012837686176,34.40734379603753,10.399475949028194,-1,END_OF_WINDOW
44.80621561024336,22.73638062745458,32.9872585921349,10.072370524097622,-1,END_OF_WINDOW
43.90159533835601,20.43030169499568,39.784148286195894,10.408629772376377,1,END_OF_WINDOW
43.0615908001749,19.706484925625485,38.374652033298524,10.020156217206623,-1,END_OF_WINDOW
42.49121409138806,19.202332063566338,39.95121912124241,9.548716487406155,1,END_OF_WINDOW
42.565770335146624,16.43065186000375,41.767000836896685,10.362379595448576,1,END_OF_WINDOW
43.70779501579575,12.730798173619092,48.70255492806129,12.418638195773685,-1,END_OF_WINDOW
44.768246504969945,11.614277923192413,44.43122896066205,12.640164038932706,-1,END_OF_WINDOW
45.90163625528595,10.932972051030706,44.61468349907243,12.468723750437531,-1,END_OF_WINDOW
46.954069594865096,10.832726825985992,44.205608183889346,11.685243482549136,-1,END_OF_WINDOW
48.14195015249124,10.197672225220284,45.809486781271445,11.526297519509916,-1,END_OF_WINDOW
48.42425775494371,13.744517365506292,43.63698383347728,11.235847696687781,1,END_OF_WINDOW
48.92208824851314,12.997078247001822,45.27779348019012,11.033287146924375,-1,END_OF_WINDOW
49.38435942111333,12.601717119271665,43.900477813448596,10.56662377928692,1,END_OF_WINDOW
49.896378919491966,12.234761841114773,44.08516047642613,10.106150652195021,-1,END_OF_WINDOW
50.65328190276872,11.372597812985322,46.20000333383474,10.09571131989538,-1,END_OF_WINDOW
51.35612038723999,11.372597812985322,46.20000333383474,9.374589082759995,-1,END_OF_WINDOW
50.13602454954819,20.32884530372169,41.5312592014326,9.683547005419982,-1,END_OF_WINDOW
49.720200116477585,18.04279078525507,46.75966267457043,10.131150790747114,-1,END_OF_WINDOW
49.371471556125414,16.70821379759,43.8704957482563,10.158925734265177,-1,END_OF_WINDOW
47.30911583071059,25.302408499710157,38.35024148235907,10.79114532467479,-1,END_OF_WINDOW
45.39407122853968,24.883790739301652,37.71575278533821,10.1889206586266,-1,END_OF_WINDOW
43.98945985127711,23.80544976212091,40.299285203642214,9.889712040153272,-1,END_OF_WINDOW
41.52885568796781,30.39922813200844,36.8118368983748,10.05330403728517,-1,END_OF_WINDOW
38.9864421266013,30.609590881910346,34.472240411804634,9.96878232033622,-1,END_OF_WINDOW
36.625629533903805,29.43530557546383,33.14977107361439,9.626012154597925,-1,END_OF_WINDOW
34.914519820219155,27.46034368460595,35.4284072564312,9.581297000698074,-1,END_OF_WINDOW
33.325632228940556,27.460343684605945,35.42840725643119,8.896918643505355,-1,END_OF_WINDOW
31.003507444741466,33.17454145675865,32.63758998352587,8.967853026112106,-1,END_OF_WINDOW
29.472400342027427,29.729381513855962,36.02031803068871,9.292292095675544,-1,END_OF_WINDOW
28.8781579819888,27.110355218917068,41.6566434732936,9.462128374555835,-1,END_OF_WINDOW
28.392814015463937,25.462632315961073,39.89600373649229,9.354833490658992,-1,END_OF_WINDOW
28.33216259603512,23.09971962473722,40.66207267660834,9.575202527040497,-1,END_OF_WINDOW
28.681493991300275,20.99326942109155,41.88229316804621,9.78340234653759,-1,END_OF_WINDOW
29.391304646398467,18.76534600938665,42.37832405574217,10.1631593217849,-1,END_OF_WINDOW
29.238088006936707,21.327613391754866,37.301996082091385,10.72150508451455,-1,END_OF_WINDOW
29.09136860511665,20.05012932938692,35.02055249899325,10.604254721334936,-1,END_OF_WINDOW
28.955129160569456,19.667774559784068,34.35271265306809,10.038236526953858,-1,END_OF_WINDOW
27.51091710634571,26.412075727514285,31.46862673622504,10.175505346457157,-1,END_OF_WINDOW
26.169863055995084,25.320996446505493,30.168662015999473,9.855826393138777,-1,END_OF_WINDOW
25.271823415471108,24.554423760506797,32.28274928892215,9.437553079343152,-1,END_OF_WINDOW
24.43792946355599,24.55442376050679,32.28274928892214,8.763442145104356,-1,END_OF_WINDOW
23.413926293900158,34.38577965216001,28.075965892995626,9.356767706168341,-1,END_OF_WINDOW
22.36493626554123,33.248679969414006,27.91065307887042,8.985570012870593,-1,END_OF_WINDOW
21.680387173805507,34.93349557954677,27.01562432310169,8.620172154808401,-1,END_OF_WINDOW
21.04473444576519,34.52984403300012,26.703462646807033,8.098017000893512,-1,END_OF_WINDOW
19.775396751431998,29.760740230853695,31.775438873086593,8.724587215115395,-1,END_OF_WINDOW
18.816214201536766,28.26310481909155,32.09386580921497,8.530688128321422,-1,END_OF_WINDOW
17.951428560769525,27.755049931628545,31.747182792198874,8.066353262012765,-1,END_OF_WINDOW
17.04478619217215,27.73412245541521,30.812773139201454,7.717328029011841,-1,END_OF_WINDOW
15.880687763896194,29.027550811481962,29.46472688922473,7.493947455511006,-1,END_OF_WINDOW
15.54274194047957,34.18236279458461,27.324669317814404,7.503665494403085,-1,END_OF_WINDOW
15.228935104449846,34.18236279458461,27.324669317814404,6.967689387660008,-1,END_OF_WINDOW
15.220512603498467,36.01887198592111,26.56222921082941,6.655711574255715,-1,END_OF_WINDOW
15.2126917097579,35.292818689538464,26.026798948456616,6.307446461808893,-1,END_OF_WINDOW
14.22371404966803,32.013281539302525,32.90065799339369,6.456914571679693,-1,END_OF_WINDOW
13.37451278045659,31.808650920731814,33.329560598821466,6.034277816559713,-1,END_OF_WINDOW
12.471905461471119,32.50557308975533,32.988929272725684,5.661115115376872,-1,END_OF_WINDOW
12.268918039367346,37.22274915183795,30.683337617195708,5.651749749992825,-1,END_OF_WINDOW
12.808206128731124,40.43142782942482,27.05610631100109,5.951624767850506,-1,END_OF_WINDOW
14.204663042592838,44.89942516880119,22.945692832317434,6.51650871300405,-1,END_OF_WINDOW
15.90294233226614,46.37948818232782,20.846625089981345,6.660329519218061,-1,END_OF_WINDOW
17.47991595839135,43.756645117461986,19.667711130686087,6.5553059821310615,-1,END_OF_WINDOW
19.147566834070393,43.11436057442833,18.115875013187154,6.6084984119788235,-1,END_OF_WINDOW
20.442587346448175,39.36610175043543,17.986341635407488,6.7207485254088954,-1,END_OF_WINDOW
21.805454623519147,38.388564663407465,16.63983805853035,6.745695059308272,-1,END_OF_WINDOW
23.214631307716193,38.88047606045611,16.06108679207607,6.489573983643385,-1,END_OF_WINDOW
24.58353335569696,38.36762833689658,15.527339711729482,6.233175841954578,-1,END_OF_WINDOW
25.549705906322068,35.999675419139834,16.13223204009864,6.168663281814961,-1,END_OF_WINDOW
26.446866131902524,34.72654048917903,15.56171278209548,5.938044475971039,-1,END_OF_WINDOW
26.719102841476076,33.70484518889103,18.045985617789665,5.681041299115976,-1,END_OF_WINDOW
25.30529268681311,30.281203482221557,26.35847490907413,5.871681206321972,-1,END_OF_WINDOW
23.654778982682778,28.845213110442167,27.60439383227362,5.723703977298954,-1,END_OF_WINDOW
22.093705913149638,28.197203229565208,29.23076656695035,5.437010836063318,-1,END_OF_WINDOW
20.60671236466269,28.40589684306951,29.140066070936694,5.064367204915956,-1,END_OF_WINDOW
19.538199202440108,31.306522974970264,27.959459939934536,4.9011981188505125,-1,END_OF_WINDOW
18.92022012170231,32.25925289982184,25.925025991142128,4.908255396075476,-1,END_OF_WINDOW
18.739279344105796,27.113397489617547,37.74114296533059,5.422665724927237,-1,END_OF_WINDOW
19.2854751460585,24.101354456099486,41.37901936200192,5.664618173146716,-1,END_OF_WINDOW
19.9990444057342,22.31640647369726,40.79153787394154,5.680716875064831,-1,END_OF_WINDOW
20.88837646141369,21.38401431781396,41.92884191082332,5.5049513839887565,-1,END_OF_WINDOW
21.714184798830356,21.384014317813964,41.92884191082332,5.1117405708467025,-1,END_OF_WINDOW
21.069164673642746,29.242138762257497,37.73781059972817,5.273759101500485,-1,END_OF_WINDOW
19.627524106728703,33.76074043237849,34.364463768980684,5.377776308536166,-1,END_OF_WINDOW
19.30435319139433,41.293168586883766,30.456692817167777,5.6343637150692825,-1,END_OF_WINDOW
19.004265912869556,41.29316858688377,30.45669281716778,5.231909163992905,-1,END_OF_WINDOW
17.786406418652405,36.71072521559529,38.17415015752485,5.464629937993397,-1,END_OF_WINDOW
16.655536888307907,33.90445203127526,35.25600857105031,5.494299228136734,-1,END_OF_WINDOW
16.060629947416672,38.662005486572774,32.71828325441375,5.497563568984108,-1,END_OF_WINDOW
15.313886265815814,34.976802083001466,39.13147389024526,5.642737599770972,-1,END_OF_WINDOW
14.620481418615016,34.97680208300147,39.13147389024526,5.239684914073045,-1,END_OF_WINDOW
14.521699701190071,32.83642489882277,42.85627423679327,5.182564563067832,-1,END_OF_WINDOW
14.42997382072405,32.792619207158346,42.79910148607855,4.81880995142014,-1,END_OF_WINDOW
14.766783693506545,31.07620940073892,45.79307346876986,4.721752097747276,-1,END_OF_WINDOW
16.635494584309225,24.212703666296377,57.765239903095576,5.627341233622476,-1,END_OF_WINDOW
18.958169364513584,20.968117803701602,61.50712629191676,6.033959716935168,-1,END_OF_WINDOW
20.672970107705936,21.59957612263187,54.14240667738712,6.365105451439804,-1,END_OF_WINDOW
21.84652316448198,24.05915779342805,52.44384862769096,6.101883633479807,-1,END_OF_WINDOW
21.707103161560884,31.390778150773748,46.982952083531266,6.324606231088378,-1,END_OF_WINDOW
20.924534561060884,33.80334527790331,41.94741797263848,6.577848643153486,-1,END_OF_WINDOW
20.64363009088926,31.981940213167867,45.07542989146845,6.455859454356833,-1,END_OF_WINDOW
20.799596015599196,28.12773228206637,44.767679482357615,6.81615520761706,-1,END_OF_WINDOW
21.247649345401044,26.98276905682174,47.01595798570304,6.597858407073,-1,END_OF_WINDOW
22.7019699989209,22.78323656251532,55.25242106226929,7.255868520853496,-1,END_OF_WINDOW
24.249458997095516,19.207520259109877,49.84306742580223,7.991877912221099,-1,END_OF_WINDOW
25.673492612558057,16.86420680153561,43.56574100472982,8.490315204205325,-1,END_OF_WINDOW
26.99580954120185,15.517365765526852,40.08641176975172,8.568149832476369,-1,END_OF_WINDOW
26.526499519206443,23.827126263822457,36.05918669143629,8.84471055872806,-1,END_OF_WINDOW
25.388597459714827,27.311266843338036,33.78494214163158,8.765802661676073,-1,END_OF_WINDOW
24.858022209731434,24.86324327579798,35.749648315436914,8.94110247155634,-1,END_OF_WINDOW
24.812488721868604,23.256572720522136,38.12305924495412,8.876023723588045,-1,END_OF_WINDOW
25.102344296244265,21.680184679378787,39.27954243475952,8.84130774333178,-1,END_OF_WINDOW
25.01534451733692,22.653518549642786,36.87042369696247,8.74621433309378,-1,END_OF_WINDOW
24.93937468355928,22.07306123511455,35.977100666651204,8.33505616644421,-1,END_OF_WINDOW
24.868831266480043,22.073061235114555,35.977100666651204,7.739695011698195,1,END_OF_WINDOW
25.67931028530345,19.856796015401628,42.40537645251986,7.98900251086261,1,END_OF_WINDOW
26.43189794563947,19.750301840195245,42.177951766980236,7.45835947437242,-1,END_OF_WINDOW
27.33718029848334,19.18633922593956,43.82903911475669,7.129190940488702,1,END_OF_WINDOW
27.50378535844726,22.729719943559626,41.90729753562884,6.92353444473951,1,END_OF_WINDOW
28.16824257585664,20.55554387504835,44.50001363843898,7.1089962701152585,1,END_OF_WINDOW
27.235740582328845,27.67879054547346,37.53463563557338,7.82621082224989,1,END_OF_WINDOW
25.513841679365957,32.77328804620327,34.89059650958966,7.817910049232043,1,END_OF_WINDOW
23.876573893991,32.82071680524369,34.56748135983876,7.3273450457154885,-1,END_OF_WINDOW
22.49579605689341,36.04353419920754,32.90916238270647,7.146820399592934,1,END_OF_WINDOW
21.254901368062228,35.54883632867846,32.08383185017507,6.807047513907748,1,END_OF_WINDOW
19.758624522380337,33.415338623784045,33.62115778116978,6.724401262914344,1,END_OF_WINDOW
18.41869940809938,33.18378118745949,33.85393912525133,6.287658315563329,1,END_OF_WINDOW
17.174483230552774,33.18378118745949,33.85393912525133,5.838539864451663,1,END_OF_WINDOW
17.733244370995262,27.323225857751872,45.53593062009553,6.584358445562241,1,END_OF_WINDOW
18.39425414546929,26.791138100113912,46.596554453425576,6.23547569945064,1,END_OF_WINDOW
17.78631240844237,34.29673125637693,41.81933525980754,6.4515131494898625,1,END_OF_WINDOW
17.562699970682754,32.896459168613056,44.194744166103554,6.245690781669138,1,END_OF_WINDOW
17.44241541802121,32.35060189558981,44.56358782447386,5.897427154407081,1,END_OF_WINDOW
18.420894721314085,27.63878321517992,52.637821599368635,6.409753786235126,1,END_OF_WINDOW
19.329482645800326,26.893244033335236,51.21794872928779,6.116914230075471,1,END_OF_WINDOW
20.33698352470427,25.918684443675694,51.955537120134295,5.893563213641493,1,END_OF_WINDOW
21.94624537846602,22.497757099149773,56.257494932632056,6.304737269809965,1,END_OF_WINDOW
24.015724233173295,18.737141861289288,57.614694992224265,7.029398893394955,1,END_OF_WINDOW
25.937383169687198,16.599173010756704,51.040670835381206,7.368013258152457,-1,END_OF_WINDOW
27.923238674329536,15.163326483863875,50.392733963148245,7.489583739712975,1,END_OF_WINDOW
30.116760741583576,13.6278825074513,52.259097338011586,7.738184901162034,-1,END_OF_WINDOW
32.15360266117661,13.623819592946438,52.243517203352404,7.187600265364761,1,END_OF_WINDOW
33.98816917994523,13.904990821074996,52.0541055751835,6.69848596069586,-1,END_OF_WINDOW
33.342319995989094,26.6422950757791,44.352974153736334,7.300022677789006,1,END_OF_WINDOW
31.999428771428065,31.086443204380643,41.6659873227435,7.215735343661212,1,END_OF_WINDOW
31.05993776091159,28.162272602202204,41.24272301268345,7.39603996197111,1,END_OF_WINDOW
29.837511769697713,29.601706452263027,39.19625173352077,7.2263228218303155,1,END_OF_WINDOW
27.768221509967027,35.36719741169899,35.98615069804397,7.308728334556729,1,END_OF_WINDOW
25.846737697359963,34.8717221312457,35.482004217281265,6.883104882088386,1,END_OF_WINDOW
24.16449337071866,34.516834350596376,36.13860064945906,6.457168819082078,1,END_OF_WINDOW
23.020117327266732,39.38385009910226,33.45261049083446,6.477371046290486,1,END_OF_WINDOW
22.663885302734787,43.39463807759093,30.135114187500022,6.676844542984021,1,END_OF_WINDOW
22.924407942814828,44.93091646041484,26.21228486318156,7.127784218485179,1,END_OF_WINDOW
23.266575497367327,45.681262749393866,25.85512818998922,6.710085345736252,1,END_OF_WINDOW
23.061970284103023,42.216128765514966,27.90910640041444,6.742222106755114,1,END_OF_WINDOW
22.871979728929027,42.163213621505776,27.874124169036747,6.268491956272616,1,END_OF_WINDOW
23.40370777102941,47.404064341243256,25.34832471058573,6.400742530824564,1,END_OF_WINDOW
24.767877112227083,54.43038976121791,21.962025445499698,6.859975207194266,1,END_OF_WINDOW
26.03460578619635,50.021648165080855,20.18314979273001,6.9314055495375415,1,END_OF_WINDOW
27.50330467252227,49.5381016139775,18.046238693671466,7.198448010284865,1,END_OF_WINDOW
28.867096495539194,49.5381016139775,18.046238693671466,6.684273152407375,1,END_OF_WINDOW
30.520428119542352,53.115331395454476,16.766945909147037,6.680396498663999,1,END_OF_WINDOW
32.05566462754529,53.11533139545447,16.766945909147033,6.203225320187999,1,END_OF_WINDOW
33.69348872309621,55.182744610639034,16.027595358474812,6.0258520830317,1,END_OF_WINDOW
35.21432538325064,55.182744610639034,16.027595358474812,5.595434077100864,1,END_OF_WINDOW
36.312957062339976,54.06051938816576,17.73530219954199,5.303617357307929,1,END_OF_WINDOW
35.90141431744624,48.015649004555016,25.542603482468103,5.544787546071637,1,END_OF_WINDOW
35.53512133384243,47.18450468635921,24.977779448492264,5.2651598642093855,1,END_OF_WINDOW
34.282106285523994,43.76381234852564,30.416597482370914,5.271219873908709,1,END_OF_WINDOW
33.11859231208545,43.76381234852564,30.416597482370914,4.894704168629516,1,END_OF_WINDOW
32.63251677393468,48.11030108836067,28.065702018393736,4.925796728013117,1,END_OF_WINDOW
32.181160917080405,48.11030108836067,28.06570201839374,4.573954104583609,1,END_OF_WINDOW
29.916223108399276,40.2285130600016,39.850514747346004,5.079385954256215,1,END_OF_WINDOW
28.247987859944576,36.689169304459526,41.841512045838385,5.171572671809335,1,END_OF_WINDOW
26.599316151604995,37.34156576175853,41.410349574475305,4.8521746238229735,1,END_OF_WINDOW
25.06840670814681,37.34156576175854,41.41034957447531,4.505590722121332,1,END_OF_WINDOW
24.652282403305147,32.83452308632868,48.481988093628836,4.7580485276840925,1,END_OF_WINDOW
24.970594292795095,29.1033610114394,53.00358304268055,4.98461648999236,1,END_OF_WINDOW
25.266169618750048,29.103361011439393,53.00358304268054,4.628572454992907,1,END_OF_WINDOW
25.540632421422504,29.103361011439397,53.003583042680546,4.297960136779127,1,END_OF_WINDOW
25.795490738189784,29.103361011439393,53.00358304268055,3.990962984152047,1,END_OF_WINDOW
24.093009093389224,43.74190115947881,42.05955114738276,4.670179913855472,1,END_OF_WINDOW
22.762316429331257,43.43658940956892,38.93630154108004,4.6844527771515025,1,END_OF_WINDOW
22.47839236816976,50.17072949980452,34.300751696466406,4.937706150212112,1,END_OF_WINDOW
22.21474859709123,46.979718465699214,32.11911953299632,4.8964414251969695,1,END_OF_WINDOW
21.969936523946878,46.97971846569922,32.11911953299633,4.546695609111472,1,END_OF_WINDOW
20.96157233873741,43.49194745315859,37.15859135042344,4.560503065603494,1,END_OF_WINDOW
19.471919365440087,40.93711262729524,40.850065950340195,4.4990385609175165,1,END_OF_WINDOW
18.66206644209463,44.876680411685236,38.12531592596974,4.476250092280539,1,END_OF_WINDOW
17.910060156130992,44.876680411685236,38.12531592596974,4.156517942831929,1,END_OF_WINDOW
17.90875488183453,49.825869556268565,34.7022746228727,4.240338089772501,1,END_OF_WINDOW
17.875138112802876,49.66370059134216,34.9148000565633,3.950313940503025,1,END_OF_WINDOW
17.116035442245636,40.53836064131309,46.87372716283316,4.493862944752806,1,END_OF_WINDOW
16.411154391013913,39.484015652047695,45.6546083188422,4.284301305841887,1,END_OF_WINDOW
16.38284603972109,36.26127804293264,50.090351106414346,4.331851212567486,1,END_OF_WINDOW
16.516265313366503,34.76129835137963,50.28237810803272,4.196004697384082,1,END_OF_WINDOW
18.68287301050031,23.84866892465674,65.89025265289796,5.679147218999508,1,END_OF_WINDOW
20.6947230149817,21.540796672437303,59.513951892894845,5.838493846213819,1,END_OF_WINDOW
21.98148629162323,24.502151039367327,55.45188626002277,5.8186014286271135,1,END_OF_WINDOW
21.57145412715801,34.60808801376608,48.02924739851656,6.237987040868037,1,END_OF_WINDOW
21.071039140837435,33.842609997544386,45.38221642656359,6.130273680806036,1,END_OF_WINDOW
20.606368082111185,33.07075826900489,44.3471797613555,5.825254132177044,1,END_OF_WINDOW
20.46723973182012,31.830788260972486,46.43385184177812,5.619878837021528,1,END_OF_WINDOW
19.17215393997874,38.46462919607607,40.304711434436385,6.012030348662856,1,END_OF_WINDOW
17.805906422300048,38.55212804311036,38.586600332214694,5.831171038044082,1,END_OF_WINDOW
16.537248013026975,38.55212804311036,38.586600332214694,5.414658821040933,1,END_OF_WINDOW
15.93798500626085,36.09584570300831,42.49944916071325,5.370040333823721,1,END_OF_WINDOW
16.04473336851218,33.160317512054355,47.16257535000895,5.427894595693444,1,END_OF_WINDOW
16.329299680104704,32.3175997207544,48.50535615368588,5.17161641028678,1,END_OF_WINDOW
15.746118057582336,37.59786635733342,44.283261442195304,5.260072380980604,1,END_OF_WINDOW
15.124028736843215,38.10957281586501,43.87900011314503,4.92935292519625,1,END_OF_WINDOW
15.553190519681815,33.1577636069259,50.92674996917027,5.260827716253639,1,END_OF_WINDOW
15.646865617062343,35.149069925733656,49.40958410994328,5.035054307949801,1,END_OF_WINDOW
16.40054896433458,31.753291966317057,54.2971620629348,5.175407571667673,-1,END_OF_WINDOW
15.98227692049142,49.54841590237171,40.095678869133174,6.507878459405723,1,END_OF_WINDOW
15.593881451208487,46.267151500105136,37.44040682133999,6.471601426591029,1,END_OF_WINDOW
15.233228515445763,46.267151500105136,37.44040682133999,6.0093441818345275,1,END_OF_WINDOW
14.898336503666089,46.26715150010513,37.44040682134,5.58010531170349,1,END_OF_WINDOW
14.691905853541858,47.00500556977451,36.926278921657584,5.2536692180103675,1,END_OF_WINDOW
15.083141743917174,51.192711877490666,34.00833520219348,5.296978559581065,1,END_OF_WINDOW
14.677859306026187,47.23479826646633,39.11041514166702,5.3307658053252736,1,END_OF_WINDOW
14.301525613698843,47.234798266466335,39.11041514166702,4.949996819230611,1,END_OF_WINDOW
13.95207289939488,47.234798266466335,39.110415141667026,4.596425617856996,1,END_OF_WINDOW
14.05947845094795,50.30372562740167,36.835676882692056,4.531680930867214,1,END_OF_WINDOW
14.518764927531178,50.80951081496979,33.528984077400295,4.622989435805267,1,END_OF_WINDOW
14.725189923615346,49.709431040549795,34.96815204081353,4.387775904676314,1,END_OF_WINDOW
15.667337515396635,54.160996308590086,30.52162547389042,4.667934768628002,1,END_OF_WINDOW
16.542188850622118,50.56154771444619,28.493209650868398,4.643082285154585,1,END_OF_WINDOW
16.104960464389578,44.933678038073325,36.45243786384593,4.851433550500682,1,END_OF_WINDOW
15.698962677173647,44.933678038073325,36.45243786384593,4.504902582607776,1,END_OF_WINDOW
15.491850024705423,46.129497514687536,35.66083723364959,4.275980969564376,1,END_OF_WINDOW
15.299531133127786,46.12949751468753,35.66083723364959,3.970553757452635,1,END_OF_WINDOW
17.028695517559,55.14718006778035,23.91243841175661,5.498371346206027,1,END_OF_WINDOW
18.99780015052628,46.667125100808065,17.88109662023435,6.8277733929056055,1,END_OF_WINDOW
20.161693878786757,42.61500303828276,20.381929010958267,6.942932436269495,1,END_OF_WINDOW
21.805656816653247,43.10825909729658,17.108404759371407,7.680580119393101,1,END_OF_WINDOW
23.380222814059394,40.559345732107495,15.831984033451272,7.706967253722178,1,END_OF_WINDOW
24.842319811650817,38.246044022826304,14.92900704837375,7.589326735599162,1,END_OF_WINDOW
27.04672064564038,45.939175737597004,13.069193927472929,8.050089111627791,1,END_OF_WINDOW
29.21677167017562,46.14959847773571,12.480078720423736,7.827939889368667,1,END_OF_WINDOW
27.86947621498732,36.91701011516817,29.98912394187823,9.086658468699465,1,END_OF_WINDOW
26.086828187912726,32.801746888171586,34.76970030832456,9.496182863792372,1,END_OF_WINDOW
24.56602306499252,28.9406597331331,31.85620784818033,9.994312659235792,1,END_OF_WINDOW
23.15384687942376,28.9406597331331,31.85620784818033,9.280433183576093,1,END_OF_WINDOW
22.41094153943225,27.420166124969274,35.43636812642942,9.09540224189209,1,END_OF_WINDOW
21.14648879652521,29.483955537850253,32.39771795839542,9.23787351032838,-1,END_OF_WINDOW
21.01151092693283,26.419455599026286,39.021238225879756,9.5730254024478,-1,END_OF_WINDOW
20.886174333739902,25.136853136487062,37.126848841047476,9.342809302272952,-1,END_OF_WINDOW
20.18248715381734,28.3560930930805,35.3902136113429,9.101180066396317,-1,END_OF_WINDOW
19.52906334388925,28.3560930930805,35.3902136113429,8.451095775939438,-1,END_OF_WINDOW
18.484697621611808,30.92750742718495,34.12000227731476,8.139588934800917,-1,END_OF_WINDOW
18.98550028065335,26.215344880376897,44.15757994449418,8.916761153743709,-1,END_OF_WINDOW
19.45053132119193,26.215344880376893,44.15757994449418,8.279849642762015,-1,END_OF_WINDOW
20.41926767431001,24.29667618916259,48.24461765050341,8.295574668279015,-1,END_OF_WINDOW
20.041582082433226,31.96211868760199,43.35954360298601,8.570890763401948,1,END_OF_WINDOW
20.290342391514898,28.840493975567863,46.58337588948801,8.820112851730377,1,END_OF_WINDOW
20.52133410709073,28.840493975567867,46.58337588948801,8.190104790892493,1,END_OF_WINDOW
20.125286069639486,32.35679403077042,43.75594073856808,8.09652587725729,1,END_OF_WINDOW
20.251301204267122,28.565432882856243,44.57564836685773,8.516059743167471,1,END_OF_WINDOW
20.77521719389363,25.44842086826432,44.83761447789591,8.876341190084077,1,END_OF_WINDOW
21.63782307114854,23.844881765019466,47.176667786501774,8.796602533649516,-1,END_OF_WINDOW
22.438814242885236,22.907398959157696,45.32187499182414,8.502559495531681,1,END_OF_WINDOW
24.289626989913536,18.723423078885663,53.77800164317791,9.65951953156512,-1,END_OF_WINDOW
26.182001062945872,16.09137031350203,49.2979295333851,10.436696707881897,-1,END_OF_WINDOW
28.476343455590907,13.855877042151855,52.60362256187722,11.254789800176038,-1,END_OF_WINDOW
30.78424190984811,13.04036549035123,53.469921862725116,11.104447671592009,-1,END_OF_WINDOW
33.382660184991565,10.965183118188929,55.818517245301955,12.262701409335449,-1,END_OF_WINDOW
35.919034121596255,10.572563058284283,57.400482290377354,11.809651308668604,-1,END_OF_WINDOW
38.56336670634322,9.192430344400913,58.74788851408413,12.612533358049397,-1,END_OF_WINDOW
41.18516848257647,8.019977219392988,56.836638151001665,13.423780975331603,-1,END_OF_WINDOW
42.413266099100696,13.378693040635772,50.908775347382324,13.916368048522214,-1,END_OF_WINDOW
43.148490996071025,14.604894743791158,47.15779310391994,13.950198902199222,-1,END_OF_WINDOW
43.94599042126538,13.534674378281572,45.71551693357151,13.978041837756432,-1,END_OF_WINDOW
43.37270672808586,19.42541994133602,41.20324926963429,14.401038849345234,-1,END_OF_WINDOW
41.03321992129527,29.003673018954366,35.89594163572846,15.349536074391992,-1,END_OF_WINDOW
38.69829708531351,29.228652844844216,34.55058382940584,14.808140640506847,-1,END_OF_WINDOW
35.9618954511401,31.897052297385358,32.145971010292165,14.778987737613509,-1,END_OF_WINDOW
33.733621360008925,33.43858225416299,30.396180333183136,14.513345756355397,-1,END_OF_WINDOW
31.93981654705148,34.459881430710965,28.990255064882962,14.130249630901448,-1,END_OF_WINDOW
30.936796701245473,37.93493572157532,26.417443705527337,14.398803228694192,-1,END_OF_WINDOW
29.500688718505224,34.06254662483148,27.404838946644947,14.890317283787478,-1,END_OF_WINDOW
28.16715987738928,33.623095169654896,27.051280638552864,14.007437477802641,-1,END_OF_WINDOW
26.60725269064686,30.259733558803386,34.34843519922236,14.452620515102439,-1,END_OF_WINDOW
25.735022213662436,27.98940514850429,37.403365408410885,14.508861906880853,-1,END_OF_WINDOW
25.62409903061394,25.245545341073957,41.34966386125879,14.936800342103648,-1,END_OF_WINDOW
25.617354781016047,22.810367637036414,38.44992369778555,15.350600317667675,-1,END_OF_WINDOW
25.257423171194127,23.647944997465114,35.9024011749063,15.265557437834293,-1,END_OF_WINDOW
23.61841889036686,30.75043496650833,32.205577086221055,15.802303335131858,-1,END_OF_WINDOW
22.018225063373563,29.02180663065583,29.736129987616444,15.892138811193897,-1,END_OF_WINDOW
20.532330795451216,27.060978223513914,27.727039060224193,15.826271753251493,-1,END_OF_WINDOW
19.29126004679307,25.460868488322994,27.121058879097465,15.619395199447805,-1,END_OF_WINDOW
18.321695802031204,28.604357377378427,25.51042038398125,15.419438399487227,-1,END_OF_WINDOW
17.304449432271646,25.877830011824702,28.07941883714193,15.826621370952417,-1,END_OF_WINDOW
16.359863517494915,25.860233405779404,28.060325177780527,14.706148415884378,-1,END_OF_WINDOW
16.239514163334665,24.23747086949902,32.57463126859876,14.569994957606935,-1,END_OF_WINDOW
15.926544296262964,24.329777127771553,30.876048627539962,14.273566746349303,-1,END_OF_WINDOW
15.488930359147671,25.057957135684873,30.50289212538413,13.416169121610066,-1,END_OF_WINDOW
15.082574560397758,25.057957135684873,30.50289212538413,12.457871327209347,-1,END_OF_WINDOW
15.210077020370148,23.9277051209161,33.63759483760268,12.1144519466944,-1,END_OF_WINDOW
15.823215919537358,22.73801817277248,36.93713764248743,11.837705379073356,-1,END_OF_WINDOW
16.392559183049766,21.976848046426586,35.700642644877895,11.37286928056811,-1,END_OF_WINDOW
16.723553038914282,22.5898776050836,34.618856790999715,10.890521474813239,-1,END_OF_WINDOW
16.321565956429616,26.15380642880215,32.68207979226012,10.711912798040888,-1,END_OF_WINDOW
15.686063207646239,26.069648728752718,30.251206066300256,10.746061883895115,-1,END_OF_WINDOW
15.09595351234739,26.06964872875272,30.251206066300256,9.978486035045464,-1,END_OF_WINDOW
14.547994509569886,26.069648728752725,30.25120606630026,9.265737032542216,-1,END_OF_WINDOW
14.22116903832961,25.485689998703396,31.131837806503647,8.801041530217788,-1,END_OF_WINDOW
13.917688243606497,25.29994316941883,30.90494027449045,8.232395706630815,-1,END_OF_WINDOW
13.143797160089347,27.315509590723153,29.053485827341934,8.131510299014307,-1,END_OF_WINDOW
12.425184011109138,27.315509590723156,29.053485827341937,7.550688134799,-1,END_OF_WINDOW
12.718041233785545,25.042383720816908,34.957470748798784,7.647781839456203,-1,END_OF_WINDOW
11.908340716903881,31.20748281994874,32.082295654934455,7.737940279495036,-1,END_OF_WINDOW
11.469429675885241,30.31543768696436,34.02367804562697,7.396658830959679,-1,END_OF_WINDOW
11.86823545867755,27.874585036981358,39.33577289120822,7.469754628748279,-1,END_OF_WINDOW
11.188531674340481,35.63479625015034,33.99679490079182,8.025486440980545,-1,END_OF_WINDOW
10.959106326299969,36.558126058821586,31.15679349439987,8.131523123767632,-1,END_OF_WINDOW
10.685138363179776,36.3620574575057,31.526013491834536,7.591414329212813,-1,END_OF_WINDOW
10.414783728887262,36.310547074348825,31.623013538804813,7.059170448554746,-1,END_OF_WINDOW
11.42909494513149,45.07823510956869,27.269691211394672,7.601372559372271,-1,END_OF_WINDOW
12.53949266904235,44.95903796249975,25.856724603004654,7.444131662274258,-1,END_OF_WINDOW
12.960758909017057,42.77548135031665,29.45769220771761,7.265265114968958,-1,END_OF_WINDOW
13.734887190478046,45.54305806531787,28.033015776084518,7.089174749614046,-1,END_OF_WINDOW
14.554564049194218,45.85717196834926,27.391033358747208,6.737090838927319,-1,END_OF_WINDOW
15.995880268482779,48.886125519495664,23.681291136805136,7.235870064718211,-1,END_OF_WINDOW
17.54300354432705,49.280826407505764,22.319347087582166,7.1290222029526085,-1,END_OF_WINDOW
18.979618014753875,49.280826407505764,22.319347087582166,6.619806331313137,-1,END_OF_WINDOW
20.788778346973054,50.843925385976185,19.62198609899514,6.991963021933621,-1,END_OF_WINDOW
22.468712941176577,48.455673270166514,18.700297825291578,6.812537091795507,-1,END_OF_WINDOW
24.244960689782207,50.37213208909786,18.00500596762959,6.570213013810119,-1,END_OF_WINDOW
26.282502261507734,53.99190033584828,16.691752917928056,6.580912084252239,-1,END_OF_WINDOW
28.512806170731313,56.749243626917774,15.310196502740833,6.662275506805669,-1,END_OF_WINDOW
30.676678878475457,56.49924719193131,14.655347536538791,6.4628272563195415,-1,END_OF_WINDOW
31.961284999617277,52.76850422758543,18.22314228431164,6.425482452296721,-1,END_OF_WINDOW
33.3132617012819,50.74604742244207,16.51672358255351,6.58294799141836,-1,END_OF_WINDOW
34.568668638541915,46.99535171332274,15.29595452926963,6.6005945634599,-1,END_OF_WINDOW
35.7182966004563,46.9515779616284,15.374851988672853,6.134837808927045,-1,END_OF_WINDOW
35.67870254148052,43.819747199283476,21.01963866711987,6.103777965432276,-1,END_OF_WINDOW
36.03863687207075,46.7812780989056,19.708225992378644,6.044936682187128,-1,END_OF_WINDOW
36.372861607618816,46.781278098905595,19.70822599237864,5.613155490602334,-1,END_OF_WINDOW
36.52016913284317,46.27396476936046,20.578939424379662,5.269358669845038,-1,END_OF_WINDOW
35.2005659343992,41.48376588670504,28.800466962053484,5.457975907713239,-1,END_OF_WINDOW
34.4626911639704,42.83349998059887,25.771273792255077,5.663834771447986,-1,END_OF_WINDOW
34.00830824050336,44.54322604165574,25.000510873162664,5.421418002058843,-1,END_OF_WINDOW
34.076405539438,48.333278341524945,23.291914484128068,5.403459573340359,-1,END_OF_WINDOW
33.43296191175856,43.60890137317786,26.12729568263893,5.561069603816057,-1,END_OF_WINDOW
32.83547854319908,43.608901373177865,26.127295682638934,5.163850346400625,-1,END_OF_WINDOW
32.50416799970343,45.272017616543046,25.356735595974236,4.940718178800609,-1,END_OF_WINDOW
32.13238196884928,45.04758392810863,25.72677572294351,4.610666880314831,-1,END_OF_WINDOW
32.08921862174264,47.349028817965454,24.649320703630053,4.468476388863764,-1,END_OF_WINDOW
32.493529363905964,47.840932946866054,21.619804084824054,4.730728075373486,-1,END_OF_WINDOW
32.2921960642167,41.19016964776601,22.338209933897094,5.102104641418226,-1,END_OF_WINDOW
31.774566897607357,40.243650821136484,24.122818908220715,4.849097167031206,-1,END_OF_WINDOW
31.70335474685945,43.267545176967,22.902114214147943,4.742733083671811,-1,END_OF_WINDOW
31.075556228419025,38.715084697617854,24.280228159814328,4.921823577695253,-1,END_OF_WINDOW
30.492600461295773,36.43182206044247,22.84827629370337,4.856693322145575,-1,END_OF_WINDOW
31.05091673073347,44.623754313724945,19.903854452947357,5.176929513420902,-1,END_OF_WINDOW
32.000509080831776,45.49736239150079,17.54229442490369,5.45429169103369,-1,END_OF_WINDOW
33.34720028194153,49.19770053170332,16.027802147420818,5.543270855959875,-1,END_OF_WINDOW
34.79771833631819,48.56294103518255,14.647646192672672,5.632322937677056,-1,END_OF_WINDOW
35.41829776451145,42.14507306568736,16.599505361963782,6.026442727842987,-1,END_OF_WINDOW
35.99455009069091,41.009182583026224,16.15211688245754,5.750982532997066,-1,END_OF_WINDOW
36.82794310575863,43.58244025132811,15.447540128870592,5.5837694949258365,-1,END_OF_WINDOW
38.33420974942567,50.676338761673115,13.50517887828018,5.930643102431137,-1,END_OF_WINDOW
39.900929437687424,51.52290366303594,12.772915736588207,5.822740023686062,-1,END_OF_WINDOW
40.21052509735956,46.32689215300351,17.911060990067647,6.013258593422757,-1,END_OF_WINDOW
40.65496850122602,46.45433740273115,16.993686177581942,5.885168693892578,-1,END_OF_WINDOW
41.14035172090138,46.83813624339934,16.692593199191336,5.563370930043084,-1,END_OF_WINDOW
41.59106471059992,46.83813624339934,16.69259319919134,5.165987292182864,-1,END_OF_WINDOW
40.32562720849573,41.78584339630756,25.678719660378302,5.37698819988408,-1,END_OF_WINDOW
39.448130562497276,43.97395843242472,24.71352500885007,5.187917614178075,-1,END_OF_WINDOW
38.287578750238424,41.88122985809769,26.107556044369865,5.058066356022491,-1,END_OF_WINDOW
37.621658114728106,27.281175528107557,49.529006539622365,7.210347330592317,-1,END_OF_WINDOW
37.33771495305437,23.118012658613686,46.563305071727974,7.901036806978555,-1,END_OF_WINDOW
35.755509918847835,30.58916862247681,41.54390656574267,8.22310560648011,-1,END_OF_WINDOW
34.286319529941764,29.230201416646278,39.69825958783011,7.990740920302977,-1,END_OF_WINDOW
32.084061220359786,34.36102867402378,36.82012631006215,7.999973711709899,-1,END_OF_WINDOW
29.807057887879413,34.08604655098276,34.22678092578168,7.991404160873485,-1,END_OF_WINDOW
27.69269765057621,32.29250633616846,32.42583554708512,7.832732435096807,-1,END_OF_WINDOW
26.097918520695764,33.424411212574995,30.020111465590492,7.856108689732738,-1,END_OF_WINDOW
24.617052185806777,32.17677806332228,28.89955062846672,7.577815211894689,-1,END_OF_WINDOW
23.23946111403613,32.17024680252949,28.913982638297416,7.037971268187924,-1,END_OF_WINDOW
22.647259351261162,36.18665298098046,26.77477762526112,7.057401891888816,-1,END_OF_WINDOW
22.097357714398694,36.18665298098046,26.77477762526112,6.553301756753901,-1,END_OF_WINDOW
21.295612724198072,30.604162455713706,38.07118324565334,7.195208774128652,-1,END_OF_WINDOW
20.551135233297494,30.60416245571371,38.071183245653344,6.68126529026232,-1,END_OF_WINDOW
20.386527077874405,28.81907211234833,41.68338903381041,6.588317769529272,-1,END_OF_WINDOW
19.09854931615822,38.03608855565186,36.285925225195214,7.027723643134308,-1,END_OF_WINDOW
18.2960017853631,35.139834465209724,41.13742696190163,7.063600525767555,-1,END_OF_WINDOW
17.74500696452203,34.34321472117819,42.47184098462766,6.711200488212738,-1,END_OF_WINDOW
17.738059715425276,31.284527517351002,44.69281566194768,6.841114739054667,-1,END_OF_WINDOW
17.55864404114907,32.360869827474744,43.98556079602062,6.454606543407894,-1,END_OF_WINDOW
17.72352254374062,30.990646310611837,46.357323430658354,6.258563218878761,-1,END_OF_WINDOW
16.948634669504056,35.39464902983903,40.62077993691049,6.63223727467312,-1,END_OF_WINDOW
16.229095929141533,34.84899097683433,39.99455376150129,6.254934612196463,-1,END_OF_WINDOW
15.66999795747428,42.078957492510575,35.55626049727491,6.533153568468151,-1,END_OF_WINDOW
15.150835555211831,42.078957492510575,35.55626049727491,6.066499742148998,-1,END_OF_WINDOW
15.212542970379962,34.33045137764756,47.42306374900422,6.9046069034240825,-1,END_OF_WINDOW
15.604095935640144,30.570445447384543,46.52474308597054,7.199992124608074,-1,END_OF_WINDOW
14.832749334130709,37.82894450077487,41.64800548552011,7.4685641157075,-1,END_OF_WINDOW
14.116498918443375,37.54664279319917,41.33720371135367,6.987238107442681,-1,END_OF_WINDOW
13.216545367200165,40.55269545188581,39.340595033601915,6.817435385482466,-1,END_OF_WINDOW
12.380874212474328,40.55269545188581,39.340595033601915,6.330475715090862,-1,END_OF_WINDOW
12.174228336704255,44.46023096479032,36.75469524619986,6.291870306870083,-1,END_OF_WINDOW
11.982342880632045,44.46023096479031,36.75469524619985,5.842450999236506,-1,END_OF_WINDOW
11.512452940040331,43.10386863244056,38.68413976784374,5.5958473564338895,-1,END_OF_WINDOW
12.193621558407047,50.63767703864355,33.02721075968774,6.086143973831471,-1,END_OF_WINDOW
12.100975170001256,47.029610802178205,37.78745775604573,6.084990832843521,-1,END_OF_WINDOW
11.994926869524908,46.928758757331835,37.92086864321608,5.662491487640384,-1,END_OF_WINDOW
12.417470022812694,50.64953312196403,35.26227252545981,5.654456381380338,-1,END_OF_WINDOW
12.809831522294207,50.64953312196403,35.262272525459814,5.2505666398531705,-1,END_OF_WINDOW
13.174167200384185,50.64953312196404,35.262272525459814,4.875526165577944,-1,END_OF_WINDOW
13.512478901467734,50.64953312196403,35.262272525459814,4.527274296608091,-1,END_OF_WINDOW
13.839353924740124,50.74159775905228,35.19648979779106,4.211754703993237,-1,END_OF_WINDOW
12.866466644509549,43.99938914603662,43.807152526893546,4.510200796565139,-1,END_OF_WINDOW
12.081545319445542,43.18912273087863,44.8419663723411,4.266615025381942,-1,END_OF_WINDOW
11.652236308903952,41.55583863170779,46.92787906445456,4.117571094997506,-1,END_OF_WINDOW
10.957206501083974,45.4868485154773,43.77146528234503,4.09917315964055,-1,END_OF_WINDOW
10.311821679536852,45.4868485154773,43.771465282345034,3.8063750768090823,-1,END_OF_WINDOW
10.078397033139423,41.88127343085984,48.22849430148101,3.8387768570370207,-1,END_OF_WINDOW
9.861645575770382,41.88127343085984,48.22849430148101,3.564578510105805,-1,END_OF_WINDOW
10.035447424880948,39.73745256153939,50.878576910259724,3.4885371879553904,-1,END_OF_WINDOW
9.799012776304647,49.136129361603594,42.94344438180061,3.8379273888157273,-1,END_OF_WINDOW
9.428463454773196,44.289364152295136,48.571476795549444,3.9537897181860355,-1,END_OF_WINDOW
9.283923299735262,43.08237002082382,49.97303057456868,3.77423330974418,-1,END_OF_WINDOW
8.913565838509944,44.716152254050115,48.53858838990506,3.6082166447624724,-1,END_OF_WINDOW
9.144891419851566,41.194491174657706,52.59147848045281,3.636915455850883,-1,END_OF_WINDOW
9.359693745383073,41.194491174657706,52.59147848045281,3.3771357804329627,-1,END_OF_WINDOW
9.85536498612246,39.36532913510867,54.69656256917307,3.281626081830606,-1,END_OF_WINDOW
10.600815410698775,37.594066677517056,56.73501314698133,3.1907956474141175,-1,END_OF_WINDOW
11.568566883507392,35.87307285026167,58.71561226516237,3.105024529741698,-1,END_OF_WINDOW
12.926898698462926,32.98069714020707,62.04429171192043,3.1360942061887167,-1,END_OF_WINDOW
14.188206812350208,32.98069714020707,62.04429171192044,2.912087477175237,-1,END_OF_WINDOW
14.504480019447263,38.84468501165346,56.61560238561807,2.9633669430912994,-1,END_OF_WINDOW
15.737755559351447,32.806841282409856,63.35907869400934,3.2581264471562172,-1,END_OF_WINDOW
17.436563032902423,27.37734721890471,63.15779544229238,3.6254031295021756,-1,END_OF_WINDOW
19.608591036565127,22.644708906547166,64.19141190629692,4.070017191680618,-1,END_OF_WINDOW
22.319007237025655,18.832637538702997,69.90516075111373,4.544301677989148,-1,END_OF_WINDOW
25.03721458003331,15.96986580839063,64.63291798461904,4.976137272418505,-1,END_OF_WINDOW
27.561264255683277,15.969865808390631,64.63291798461906,4.620698895817183,-1,END_OF_WINDOW
29.90502466878682,15.969865808390633,64.63291798461906,4.290648974687384,-1,END_OF_WINDOW
32.08137362381154,15.969865808390631,64.63291798461904,3.9841740479239998,-1,END_OF_WINDOW
34.10226908204878,15.96986580839063,64.63291798461906,3.699590187358,-1,END_OF_WINDOW
36.36091651233667,14.10726578993832,68.2068392168142,3.8889051739752794,-1,END_OF_WINDOW
38.914830868392656,10.733620445167032,66.2532659418761,4.746126232977036,-1,END_OF_WINDOW
41.28632277044464,10.733620445167032,66.2532659418761,4.40711721633582,-1,END_OF_WINDOW
43.48842239377863,10.733620445167032,66.2532659418761,4.09232312945469,-1,END_OF_WINDOW
45.53322918687447,10.733620445167032,66.2532659418761,3.800014334493641,-1,END_OF_WINDOW
47.43197835189204,10.733620445167032,66.2532659418761,3.5285847391726666,-1,END_OF_WINDOW
46.931437277214016,23.947436969708274,56.446006986450136,3.845828686374605,-1,END_OF_WINDOW
45.11675068008442,53.47481540427638,34.530866417876,5.83755520877642,-1,END_OF_WINDOW
43.69484806285016,53.87700427171905,32.18154568698738,5.816301265292388,-1,END_OF_WINDOW
40.689999783663005,44.908582080328934,43.470676158665555,6.479422603485783,-1,END_OF_WINDOW
37.899783524417785,44.908582080328934,43.47067615866556,6.016606703236798,-1,END_OF_WINDOW
35.47073923038923,46.03323626632703,42.58325158772247,5.703277653005606,-1,END_OF_WINDOW
33.21519810021986,46.03323626632703,42.58325158772247,5.29590067779092,-1,END_OF_WINDOW
31.949808579629867,51.88926052334024,37.96247137064594,5.516193486520115,-1,END_OF_WINDOW
30.414794881367214,47.08910839997442,38.171206206312306,5.644322523197246,-1,END_OF_WINDOW
29.615619710963454,51.5706104073538,34.93814148060661,5.726156628683155,-1,END_OF_WINDOW
28.878004666289254,51.603117701000706,34.91468992703262,5.320716869491514,-1,END_OF_WINDOW
28.193076410520355,51.60311770100071,34.91468992703262,4.940665664527835,-1,END_OF_WINDOW
27.621698733382214,52.07321743538844,34.57554852615632,4.632760974204426,-1,END_OF_WINDOW
27.3106441815186,53.68062400980849,33.41592626400681,4.451135190332659,-1,END_OF_WINDOW
27.02180781193096,53.68062400980848,33.41592626400681,4.133196962451755,-1,END_OF_WINDOW
26.753602611599575,53.6806240098085,33.41592626400681,3.837968607990915,-1,END_OF_WINDOW
26.50455492557758,53.68062400980849,33.41592626400681,3.5638279931344212,-1,END_OF_WINDOW
25.230687270923767,48.058395807281,40.38959440037702,3.696411707910507,-1,END_OF_WINDOW
24.04781016303094,48.058395807281,40.389594400377014,3.432382300202614,-1,END_OF_WINDOW
22.94942427713046,48.058395807280995,40.38959440037701,3.1872121359024272,-1,END_OF_WINDOW
21.929494525937155,48.058395807280995,40.38959440037701,2.959554126195111,-1,END_OF_WINDOW
21.04287452643652,40.80417084220299,49.38754960082289,3.2367288314668996,-1,END_OF_WINDOW
21.07126671365085,33.19838172796214,51.31927620226461,3.6941053435050017,-1,END_OF_WINDOW
21.391118206914626,29.93235627745097,50.47605115378334,3.804526390397486,-1,END_OF_WINDOW
23.123311167923223,21.480623381646225,57.553013313688496,4.922774505369097,-1,END_OF_WINDOW
24.73177606028835,20.3788254489134,54.60096718518797,4.8182906121284175,-1,END_OF_WINDOW
25.59292078011295,24.064217649473836,52.07367491975878,4.691269854119275,-1,END_OF_WINDOW
26.392555162807223,24.06421764947384,52.07367491975879,4.356179150253612,-1,END_OF_WINDOW
25.518217942909942,34.025059356213035,45.2429343004081,4.655737782378335,-1,END_OF_WINDOW
24.62223406828249,34.385310372742374,44.638166945728436,4.381756512208465,-1,END_OF_WINDOW
23.790249041842717,34.38531037274237,44.63816694572843,4.068773904193575,-1,END_OF_WINDOW
22.61943029107075,36.971096356197556,42.87903728938015,3.9331471967511824,-1,END_OF_WINDOW
21.177419444131015,39.32084372175541,41.2804864804088,3.793636682697528,-1,END_OF_WINDOW
19.828199064600227,41.5946566009665,39.73359447372303,3.6598054910762814,-1,END_OF_WINDOW
19.45774494517403,47.74519205371167,35.549338937273646,3.7983908131422552,-1,END_OF_WINDOW
19.11375183427828,47.74519205371167,35.549338937273646,3.527077183632094,-1,END_OF_WINDOW
17.81762392636108,42.20412871714168,43.02915375570851,3.7051430990869436,-1,END_OF_WINDOW
18.52999391629156,32.05520365191143,56.729065755105616,4.529775734866448,-1,END_OF_WINDOW
19.19148033551272,30.112063773173407,53.29023219942724,4.477648896661715,-1,END_OF_WINDOW
19.736677126551456,30.207987955621824,52.3548335602129,4.232102546900162,-1,END_OF_WINDOW
20.242931289658856,30.20798795562182,52.3548335602129,3.9298095078358646,-1,END_OF_WINDOW
20.713024441115728,30.207987955621828,52.3548335602129,3.6491088287047315,-1,END_OF_WINDOW
21.14953951032568,30.207987955621824,52.3548335602129,3.388458198082965,-1,END_OF_WINDOW
22.218598504518482,26.96922839080386,57.463126067178294,3.5242826125056084,-1,END_OF_WINDOW
21.714309745207167,36.696407964614586,49.80944620303754,3.7754052830409197,-1,END_OF_WINDOW
21.246041611560948,36.696407964614586,49.80944620303754,3.5057334771094255,-1,END_OF_WINDOW
20.350354554484294,39.787962640810655,47.376904519752635,3.4224668001730483,-1,END_OF_WINDOW
19.51864514434169,39.78796264081066,47.376904519752635,3.1780048858749734,-1,END_OF_WINDOW
19.043604804790693,38.19770389807854,49.48016219123881,3.073861679741065,-1,END_OF_WINDOW
18.815235606267663,37.04806989819134,51.00065471531067,2.942871559759545,-1,END_OF_WINDOW
20.450041340289726,26.62843014750306,64.72518673883731,3.8019521626338815,-1,END_OF_WINDOW
22.09763985747298,20.724547553459143,52.65800987856756,4.536098436731456,-1,END_OF_WINDOW
23.627552766286,19.62938934083512,49.87537484973555,4.44709140553635,1,EXIT_PROFIT_TARGET_MET
24.578375725565046,22.225800404086154,48.26412698211868,4.2672991622837415,-1,END_OF_WINDOW
23.35521905299233,34.830868895047956,40.44183334969347,4.728920650692047,1,EXIT_PROFIT_TARGET_MET
23.46465272301682,27.781180572911513,46.19080295207338,5.505426318499752,1,EXIT_PROFIT_TARGET_MET
24.19202237551704,23.010087723711617,46.34736352739359,6.1721815814640655,-1,END_OF_WINDOW
24.88271700573359,19.689922104458592,39.85178415611721,6.697740039930933,1,EXIT_PROFIT_TARGET_MET
25.39848991205249,17.606899103472927,34.257067016506795,7.235044322793027,-1,END_OF_WINDOW
25.87742189649147,15.65456369150262,30.4584830265881,7.55611258545067,1,EXIT_PROFIT_TARGET_MET
26.459470355818777,14.542719831996717,29.5435624829613,7.552818829347034,1,EXIT_PROFIT_TARGET_MET
28.6107135913592,11.82755363478782,42.64827606542924,8.623331770107958,-1,END_OF_WINDOW
30.800752825069395,10.64103285246065,41.61216034990205,8.900236643671676,1,EXIT_PROFIT_TARGET_MET
33.24867164700831,9.320702270059034,44.04965897374183,9.43521974055226,-1,END_OF_WINDOW
35.783701701065674,8.335947719644919,44.995502712467754,9.796275473369972,1,EXIT_PROFIT_TARGET_MET
38.632763139649406,6.958932280367002,50.24692866024649,10.896541510986424,-1,END_OF_WINDOW
41.278320189762866,6.6134484980130805,47.752365088448926,10.646788545915973,1,EXIT_PROFIT_TARGET_MET
43.846633258904596,6.165330523978449,47.998957925232034,10.604875078350542,-1,END_OF_WINDOW
44.027574837633125,15.555902729364778,42.46666035625557,11.130241144182648,1,EXIT_PROFIT_TARGET_MET
43.558225156937816,16.63164898026447,36.55276398732176,12.007366776741051,-1,END_OF_WINDOW
43.12240045343503,15.737386321070632,34.587368255186284,11.783269149830968,1,EXIT_PROFIT_TARGET_MET
42.98776765358612,14.96464564963812,35.96802792931272,11.506607067700173,-1,END_OF_WINDOW
41.514773089063375,20.577397073875332,32.4337981729237,11.848992277150142,1,EXIT_PROFIT_TARGET_MET
40.14699242200654,19.73808856759535,31.11089214162281,11.470492828782287,1,EXIT_PROFIT_TARGET_MET
38.876910374025194,19.73808856759535,31.11089214162281,10.651171912440695,-1,END_OF_WINDOW
38.061798599000475,19.056825251994322,33.488610828398,10.24394534726638,1,EXIT_PROFIT_TARGET_MET
37.30490909362038,18.857168050742573,33.137752685795924,9.612949251033056,-1,END_OF_WINDOW
35.89275123301003,22.271853125701462,31.743236536980376,9.318452875959283,1,EXIT_PROFIT_TARGET_MET
33.75029559373502,26.626765199603692,29.9647430359943,9.166420527676483,1,EXIT_PROFIT_TARGET_MET
31.875500393391423,26.000553242430744,30.218781442707037,8.716676204271044,1,EXIT_PROFIT_TARGET_MET
30.134619135929512,26.000553242430744,30.218781442707034,8.094056475394542,1,EXIT_PROFIT_TARGET_MET
29.80571680035157,40.77086435020118,24.187103872619698,9.390195298580663,1,EXIT_PROFIT_TARGET_MET
29.764850807689797,41.60414579958458,22.78181587646949,9.257324205824917,1,EXIT_PROFIT_TARGET_MET
30.41839777602034,45.475001606595086,19.996923740946432,9.793229619694548,1,EXIT_PROFIT_TARGET_MET
31.613559343622395,48.640747755109864,17.46938433244514,10.409427504002087,1,EXIT_PROFIT_TARGET_MET
32.72335222782431,48.60841938485303,17.457773558538012,9.67232553943052,1,EXIT_PROFIT_TARGET_MET
33.753874191726084,48.60841938485302,17.457773558538012,8.981445143756913,1,EXIT_PROFIT_TARGET_MET
35.242630323462876,53.63206198680798,15.751236924829074,9.243484776345712,1,EXIT_PROFIT_TARGET_MET
37.33388569031045,59.923495907211986,12.922870580004323,10.461807292320998,1,END_OF_WINDOW
39.275765673811776,55.838367386698884,12.041887480236243,10.42524962858377,1,END_OF_WINDOW
41.07766270946398,55.83424763678515,12.04837702216637,9.681303226542056,1,END_OF_WINDOW
42.310047825530546,54.390820383017875,14.314362705252615,9.228352996074776,1,END_OF_WINDOW
43.45440543330665,54.390820383017875,14.314362705252613,8.569184924926578,1,END_OF_WINDOW
42.83522001261797,48.56242620089293,23.496236896219983,8.912100287431816,1,EXIT_PROFIT_TARGET_MET
41.23317399116312,42.93344160557333,28.3806728464089,9.360521695472405,1,EXIT_PROFIT_TARGET_MET
38.97830430042208,38.98051024853939,32.10964767863232,9.573341574367245,1,EXIT_PROFIT_TARGET_MET
36.758188493205,36.08132744494485,30.79992681038977,9.603817176198156,1,EXIT_PROFIT_TARGET_MET
34.69665238650342,34.29057666825509,29.27129699648251,9.383544520755429,1,EXIT_PROFIT_TARGET_MET
33.03998844636395,34.415267625658814,27.314295469650872,9.33757705498717,1,EXIT_PROFIT_TARGET_MET
31.50671509537931,34.44766888122742,27.300801209079115,8.674892979630972,1,EXIT_PROFIT_TARGET_MET
30.941195414032883,40.249294238654585,24.88457866032351,8.837400623943033,1,EXIT_PROFIT_TARGET_MET
30.179558851735102,36.71770703266044,24.33688395654421,8.995443436518544,1,EXIT_PROFIT_TARGET_MET
29.316372182395316,36.295595800313784,25.172904231569497,8.45005461962434,1,EXIT_PROFIT_TARGET_MET
28.417292597072414,36.01690511788815,25.69325348113154,7.907193575365451,1,EXIT_PROFIT_TARGET_MET
26.97098951524526,34.07127295089126,28.925070501623427,7.761679748553625,1,EXIT_PROFIT_TARGET_MET
25.87346472611109,29.862744707088602,37.704338850397455,8.22298833794267,1,EXIT_PROFIT_TARGET_MET
24.94565478075669,27.764176312943608,35.97662057275581,8.212774885232474,1,EXIT_PROFIT_TARGET_MET
23.758923615829833,27.68637818960214,32.719003301065165,8.385433822001591,1,EXIT_PROFIT_TARGET_MET
22.65695896268346,25.979970543287,30.70241749015125,8.297902834715753,1,EXIT_PROFIT_TARGET_MET
22.691405478885144,23.40068872424168,37.49040745610759,8.554481203664619,1,EXIT_PROFIT_TARGET_MET
22.723391529643855,23.30638033777418,37.339315328997166,7.975589689117133,-1,END_OF_WINDOW
23.94570569374457,19.929191891667994,46.32013419232833,8.660904711323065,1,EXIT_PROFIT_TARGET_MET
25.718523648043874,17.407541942062167,50.544425668678954,9.20726866051427,-1,END_OF_WINDOW
27.364711748464654,16.452250369359,47.77064726566736,9.046035184763237,1,EXIT_PROFIT_TARGET_MET
28.506912654262244,18.42912156873691,46.640318595264674,8.603461242994461,-1,END_OF_WINDOW
29.045441957716573,20.609363451105885,43.841546602824714,8.498928297066277,1,EXIT_PROFIT_TARGET_MET
29.449571045797175,21.116282023260275,43.56161316015409,7.94257627584726,-1,END_OF_WINDOW
29.39012548033367,23.458772106907222,42.268030029533726,7.600963684715302,1,EXIT_PROFIT_TARGET_MET
30.00520283650967,20.94864543367363,46.62894734071124,7.903751992949902,1,EXIT_PROFIT_TARGET_MET
29.5272613703585,26.837331351119012,43.15546827059404,7.92991256488205,-1,END_OF_WINDOW
28.238121599159335,31.097406084758948,39.16278772631255,8.114204524533347,-1,END_OF_WINDOW
27.039988981253202,29.921209862352597,37.67005110123203,7.833189915638097,-1,END_OF_WINDOW
25.92743726462608,28.899538091818254,36.383792023415154,7.530819207378227,-1,END_OF_WINDOW
24.89435352775803,28.89953809181825,36.38379202341515,6.992903549708354,-1,END_OF_WINDOW
23.902994146166584,29.086751836309617,36.28799031185532,6.510553296157774,-1,END_OF_WINDOW
22.982446148974525,29.086751836309613,36.28799031185531,6.045513775003648,-1,END_OF_WINDOW
22.96353397803109,26.269048011396922,41.712986090940525,6.215834219646233,-1,END_OF_WINDOW
21.84510718555051,29.97855640219022,34.70397696450632,6.9375603468143385,-1,END_OF_WINDOW
20.80656802110426,29.978556402190218,34.70397696450632,6.442020322041886,-1,END_OF_WINDOW
20.66248765152391,27.46630252020106,40.175894462754755,6.529018870467455,-1,END_OF_WINDOW
21.563112145907507,23.36000447255961,46.6547872675398,7.128374665434071,-1,END_OF_WINDOW
22.93478230397948,21.458856734854507,50.99627318732402,7.20563361790307,-1,END_OF_WINDOW
23.301405000493975,24.963153766557106,44.44400929800311,7.677374073767132,-1,END_OF_WINDOW
23.647027121823932,24.94316042373398,44.478493449755334,7.1347044970694755,-1,END_OF_WINDOW
25.251930517432676,20.252854441408743,54.91874440017352,8.159368461564515,-1,END_OF_WINDOW
27.41891378647374,16.047118838189167,56.22042943534581,9.562270714309888,-1,END_OF_WINDOW
29.431112536297587,16.035509141433735,56.17975533404538,8.885679949002016,1,EXIT_PROFIT_TARGET_MET
31.896359072505014,13.736802776887153,62.46143148297071,9.631702809787615,-1,END_OF_WINDOW
34.185516570411906,12.627468216852986,57.41727195482705,9.729438323374215,1,EXIT_PROFIT_TARGET_MET
36.59491873444533,11.571692716744678,60.56461429267676,9.85876415741891,-1,END_OF_WINDOW
39.25639987251377,9.49872730237764,63.16499543796365,11.152423860460402,1,EXIT_PROFIT_TARGET_MET
41.82267146430068,8.277000416717936,58.430509607826075,11.884393584713237,-1,END_OF_WINDOW
44.20563794238853,7.470028842584909,52.733788822312405,12.227651185805152,1,EXIT_PROFIT_TARGET_MET
45.5745869384742,10.97225557273338,48.93783082453354,12.234961815390493,-1,END_OF_WINDOW
46.84575386341089,10.456825274942632,46.63893789883414,11.921035971434007,1,EXIT_PROFIT_TARGET_MET
48.15247630811239,9.9502392822667,47.136402315857026,11.633104830617315,-1,END_OF_WINDOW
48.69209600217154,12.338143111228458,43.37352897712235,11.73931162843039,1,EXIT_PROFIT_TARGET_MET
49.21754163031804,12.169882349244896,43.20859895661899,11.051503654971086,-1,END_OF_WINDOW
50.07577161323257,11.330740829607606,47.124497336427936,11.022110536758856,-1,END_OF_WINDOW
49.71175192073874,16.61756957222976,43.787437068785586,11.01481692699037,-1,END_OF_WINDOW
49.555315571862536,15.050435755963948,42.30820360244362,11.293044289348224,-1,END_OF_WINDOW
48.6722539796412,18.096835523025693,39.529473633492024,11.223541125823331,-1,END_OF_WINDOW
47.72458458914602,18.1893940516492,38.12877598721742,10.804716759693102,-1,END_OF_WINDOW
46.65638591897631,18.460734723630356,36.45725036098081,10.492951276857886,-1,END_OF_WINDOW
44.30090921293086,25.176610396475947,33.15639796070595,10.713454757082317,-1,END_OF_WINDOW
42.11368084303152,23.35701750246559,30.760080697571727,10.723207988719288,-1,END_OF_WINDOW
40.209951647407046,23.09361436019595,31.54091721973604,10.070835989525063,-1,END_OF_WINDOW
38.315056905002336,23.745951423031702,31.273380146876658,9.431490561701837,-1,END_OF_WINDOW
36.5555117870551,23.745951423031705,31.273380146876658,8.75781266443742,-1,END_OF_WINDOW
35.63302808302307,22.15603226651032,35.87499696655317,8.715826045549038,1,END_OF_WINDOW
35.01063410212324,20.770200302168085,36.071785760548,8.63326704229553,1,END_OF_WINDOW
34.43269683414483,20.076145855675556,34.866415425365396,8.293747967845826,-1,END_OF_WINDOW
33.896040799593436,20.07614585567556,34.866415425365396,7.7013373987139815,-1,END_OF_WINDOW
34.138002765368306,18.40508520487113,40.28788282309026,7.800527584520103,-1,END_OF_WINDOW
34.87702344356207,17.10304774492704,44.512118272776235,7.794775614197257,-1,END_OF_WINDOW
34.94773104833776,19.691513468917062,41.71678475043467,7.723005927468879,-1,END_OF_WINDOW
35.013388109915184,19.56678381988253,41.45254300340064,7.217076932649665,-1,END_OF_WINDOW
32.93902618296679,31.378849071391485,35.365006460031815,7.855142866031838,-1,END_OF_WINDOW
30.99633994136354,34.95013190812263,31.15477249845669,8.279775518458116,-1,END_OF_WINDOW
29.774992418918647,36.331173045270376,27.46510191904708,8.721220124282539,-1,END_OF_WINDOW
28.995827327877418,38.7253909520975,26.43229761005345,8.414704401119488,-1,END_OF_WINDOW
28.27231688619628,38.7253909520975,26.43229761005345,7.813654086753811,-1,END_OF_WINDOW
26.366971375854607,34.86409263268308,33.76771343459257,8.059107366271396,-1,END_OF_WINDOW
24.597721973394485,34.86409263268308,33.76771343459257,7.483456840109154,-1,END_OF_WINDOW
23.620954243492022,39.23043412573033,31.504117604671396,7.448209922958518,-1,END_OF_WINDOW
21.970708769150733,36.550314343486214,36.17395345617811,7.423337785604364,-1,END_OF_WINDOW
20.438337971548105,36.550314343486214,36.17395345617812,6.893099372346909,-1,END_OF_WINDOW
19.794817027905257,33.285311190853506,41.87547058205745,7.028592274322127,-1,END_OF_WINDOW
19.197261865951184,32.825468591918096,41.29695337626404,6.61797854044199,-1,END_OF_WINDOW
19.44683668170353,29.62638446115326,47.01799843478849,6.808837216124702,-1,END_OF_WINDOW
19.545014933416496,28.51266835163724,43.508417998806415,6.832491700687214,-1,END_OF_WINDOW
19.688733135484114,28.321356079537214,43.887461193707985,6.3873137220666925,-1,END_OF_WINDOW
19.82218575168976,28.321356079537214,43.887461193707985,5.931077027633357,-1,END_OF_WINDOW
19.946106038166427,28.321356079537214,43.88746119370799,5.507428668516689,-1,END_OF_WINDOW
19.395891807114314,32.37347454418358,41.40642664641926,5.420469477908352,-1,END_OF_WINDOW
18.884978592565925,32.37347454418357,41.40642664641926,5.033293086629184,-1,END_OF_WINDOW
17.904866855100938,35.260330884620416,39.099855350434275,4.949486437584252,-1,END_OF_WINDOW
17.09518991331559,32.91725880380778,37.54628347121388,4.923094549185372,-1,END_OF_WINDOW
16.75804893356799,41.785797034740106,32.58255294296912,5.267873509957845,-1,END_OF_WINDOW
16.699641112053364,40.14997044149101,29.10973784996788,5.475168259246575,-1,END_OF_WINDOW
15.681981531287551,34.809499089603975,33.14302660546666,5.8640848121575395,-1,END_OF_WINDOW
14.912453364133711,31.492266882340214,34.74350762579478,6.0187930398605864,-1,END_OF_WINDOW
14.035222816000472,31.023180348986465,32.69987782631978,5.938164965584853,-1,END_OF_WINDOW
13.806722291019376,34.56712036148973,27.808016169603416,6.48401032518593,-1,END_OF_WINDOW
13.594543232108359,34.56712036148972,27.808016169603412,6.020866730529793,-1,END_OF_WINDOW
13.532413780540425,29.58529059756724,38.21235908280582,6.532233392634796,-1,END_OF_WINDOW
13.39167587422035,26.84036129204774,33.85840283643618,6.845645293160887,-1,END_OF_WINDOW
14.040133828598776,24.72855272698643,39.062445728296694,6.899527772220817,-1,END_OF_WINDOW
14.642273357664457,24.728552726986432,39.0624457282967,6.40670435991933,-1,END_OF_WINDOW
14.328390899576823,29.577386302861665,36.331695592523744,6.396225477067933,-1,END_OF_WINDOW
14.036928617066877,29.57738630286166,36.331695592523744,5.939352228705938,-1,END_OF_WINDOW
13.385916318968977,36.27867590867692,32.87443660632799,6.095112783798363,-1,END_OF_WINDOW
13.505421751527665,31.131731542959663,42.170275139899985,6.595461870669903,-1,END_OF_WINDOW
13.61639108176073,31.131731542959663,42.17027513989998,6.124357451336339,-1,END_OF_WINDOW
13.04929085330014,40.68945931616317,36.317768333232145,6.603331919098024,-1,END_OF_WINDOW
12.682785212030524,36.53553303085994,42.81899249479964,6.828808210591038,-1,END_OF_WINDOW
12.330042891670118,44.0705381600107,37.73518192359813,7.195321909834538,-1,END_OF_WINDOW
12.042724224936881,41.41195840571324,35.05906570955466,7.191370344846348,-1,END_OF_WINDOW
11.775928320113163,41.41195840571324,35.05906570955466,6.67770103450018,-1,END_OF_WINDOW
11.456604928979269,41.11829054690781,35.51958643487414,6.245008103464445,-1,END_OF_WINDOW
11.973152086813556,46.52835735507692,31.875952120201852,6.461793238931252,-1,END_OF_WINDOW
12.582976135253162,45.79630463067202,30.207417694720274,6.331665150436186,-1,END_OF_WINDOW
12.23324390055536,40.08830410480098,34.36526324221097,6.716546211119334,-1,END_OF_WINDOW
11.424000957039741,38.1775695632524,37.49362103755949,6.548935767467945,-1,END_OF_WINDOW
11.375209489466728,40.82094836150907,32.90238391711233,6.929726069791672,-1,END_OF_WINDOW
12.153352478851318,46.65379236728642,29.659437849320163,7.138317064806546,1,EXIT_PROFIT_TARGET_MET
13.367554562462306,49.96492880422182,27.408799097419006,7.17272298874896,1,EXIT_PROFIT_TARGET_MET
13.849317067091764,44.88205590937346,29.851476302373587,7.414671346695459,-1,END_OF_WINDOW
14.296667964247689,44.08173987507701,29.319178602365138,7.010051964788641,-1,END_OF_WINDOW
14.712065225892477,44.08173987507701,29.319178602365135,6.509333967303738,-1,END_OF_WINDOW
15.09870980064547,44.08834715071308,29.315714261843524,6.045095826782026,-1,END_OF_WINDOW
15.457736905773247,44.08834715071308,29.315714261843528,5.613303267726167,-1,END_OF_WINDOW
15.793248671720704,44.10366689285507,29.307681782739216,5.213781605745725,-1,END_OF_WINDOW
16.104795311529056,44.10366689285507,29.307681782739223,4.841368633906744,-1,END_OF_WINDOW
16.394088619922528,44.103666892855074,29.307681782739223,4.495556588627691,-1,END_OF_WINDOW
16.6812680974423,44.23724811501015,29.237642198146677,4.184445403725705,-1,END_OF_WINDOW
16.94793475513923,44.23724811501015,29.237642198146677,3.885556446316726,-1,END_OF_WINDOW
17.195553794429234,44.23724811501015,29.23764219814668,3.6080167001512455,-1,END_OF_WINDOW
18.549110641703894,52.78373163389666,24.756532160877818,3.956729792997602,1,EXIT_PROFIT_TARGET_MET
19.805984857030367,52.78373163389666,24.756532160877818,3.674106236354916,1,EXIT_PROFIT_TARGET_MET
20.973082342690663,52.78373163389666,24.756532160877814,3.4116700766152794,1,EXIT_PROFIT_TARGET_MET
20.33100163886208,45.2186873039191,35.540539886823794,3.6979793568570503,-1,END_OF_WINDOW
19.73478384244983,45.218687303919104,35.540539886823794,3.433837974224404,-1,END_OF_WINDOW
20.586633139260208,55.553676848762294,28.835495957223245,3.9299924046369217,1,EXIT_PROFIT_TARGET_MET
21.377636057726985,55.553676848762294,28.835495957223245,3.6492786614485704,1,EXIT_PROFIT_TARGET_MET
21.06616307278429,49.132558305111736,34.842509102373015,3.8314730427736596,1,EXIT_PROFIT_TARGET_MET
21.168678385600373,46.52010356844701,29.430231906916205,4.21208211114696,1,EXIT_PROFIT_TARGET_MET
21.26387117607245,46.52010356844701,29.43023190691621,3.911219103207891,1,EXIT_PROFIT_TARGET_MET
19.998216426533837,40.84122392416659,38.04494229628051,4.136846310121625,1,EXIT_PROFIT_TARGET_MET
18.803523683071056,38.69013344938044,41.30808971661132,4.054928716541493,1,EXIT_PROFIT_TARGET_MET
17.694166135569905,38.69013344938044,41.30808971661132,3.7652909510742436,1,EXIT_PROFIT_TARGET_MET
16.65749383791823,41.793751191310726,39.216998553921016,3.682770168854664,1,EXIT_PROFIT_TARGET_MET
15.694869561527394,41.793751191310726,39.21699855392101,3.419715156793617,1,EXIT_PROFIT_TARGET_MET
14.801004162021616,41.793751191310726,39.21699855392101,3.175449788451216,1,EXIT_PROFIT_TARGET_MET
14.498229618334417,45.44148407438915,36.75930478171178,3.1457748035618263,1,EXIT_PROFIT_TARGET_MET
14.217081827767732,45.44148407438916,36.75930478171179,2.92107660330741,1,EXIT_PROFIT_TARGET_MET
13.956016022241524,45.44148407438915,36.75930478171178,2.712428274499738,1,EXIT_PROFIT_TARGET_MET
15.025424175876571,55.000040813345855,30.319138760339936,3.053683397749741,1,EXIT_PROFIT_TARGET_MET
16.018446032823398,55.00004081334585,30.319138760339932,2.835563155053331,1,EXIT_PROFIT_TARGET_MET
15.169217265235073,45.71190670315601,42.08649701201682,3.1680229296923637,1,EXIT_PROFIT_TARGET_MET
14.380647695331628,45.711906703156004,42.08649701201682,2.941735577571481,1,EXIT_PROFIT_TARGET_MET
13.64840452327843,45.71190670315601,42.08649701201682,2.7316116077449464,1,EXIT_PROFIT_TARGET_MET
14.541800531772957,56.978779141984965,33.35192623535048,3.2007822071917165,1,EXIT_PROFIT_TARGET_MET
16.28841245641724,63.85068337747336,28.024526440844124,3.5371549066780448,1,EXIT_PROFIT_TARGET_MET
18.664993319382436,66.71635734530817,22.50016369829939,4.090929556201039,1,EXIT_PROFIT_TARGET_MET
20.784724492325957,58.01167472513873,20.202150017429894,4.368720302186681,1,EXIT_PROFIT_TARGET_MET
21.857692750592935,54.105701216225235,25.575004526060475,4.3495259948876255,1,EXIT_PROFIT_TARGET_MET
22.8540204189837,50.53105493921724,23.885319471463507,4.3245598523956525,1,EXIT_PROFIT_TARGET_MET
23.779181825346555,50.531054939217235,23.885319471463504,4.015662720081678,1,EXIT_PROFIT_TARGET_MET
24.74208273574235,51.3694545519742,23.4805111099582,3.793115382932993,1,EXIT_PROFIT_TARGET_MET
25.687813948151394,51.789859142837535,23.277525217542205,3.552892855580625,1,EXIT_PROFIT_TARGET_MET
25.51468087954146,47.52957280875352,29.58879379873925,3.594829080182,1,EXIT_PROFIT_TARGET_MET
25.353914458689374,47.52957280875353,29.58879379873925,3.3380555744547142,1,EXIT_PROFIT_TARGET_MET
24.656894886117836,45.21637991999548,33.0156014018498,3.258194461993681,1,EXIT_PROFIT_TARGET_MET
24.009662425872836,45.21637991999548,33.0156014018498,3.02546628613699,1,EXIT_PROFIT_TARGET_MET
23.408660855645333,45.21637991999548,33.0156014018498,2.8093615514129193,1,EXIT_PROFIT_TARGET_MET
24.951337434545596,61.375959858524936,23.27695599483432,3.7001214405977247,1,EXIT_PROFIT_TARGET_MET
26.3838228292387,61.375959858524936,23.27695599483432,3.4358270519836016,1,EXIT_PROFIT_TARGET_MET
27.53894163851339,60.49559547235139,24.377455859873773,3.236839405413351,1,EXIT_PROFIT_TARGET_MET
28.93537309375673,63.17362805609053,22.724890231255994,3.224208019312394,1,EXIT_PROFIT_TARGET_MET
30.232059445054116,62.635658447476885,22.531371184152317,3.0196217322186607,1,EXIT_PROFIT_TARGET_MET
31.4361253426874,62.635658447476885,22.531371184152317,2.8039344656316136,1,EXIT_PROFIT_TARGET_MET
33.13872376782299,65.78371334277824,18.94952911415864,3.0957962895150932,1,EXIT_PROFIT_TARGET_MET
34.719708019734604,65.78371334277826,18.949529114158643,2.874667983121158,1,EXIT_PROFIT_TARGET_MET
35.14964221540426,60.49067389018663,25.470950880280057,2.902905984326788,1,EXIT_PROFIT_TARGET_MET
35.0735376868819,58.015566262317144,28.520469196259757,2.810555556874884,1,EXIT_PROFIT_TARGET_MET
36.421140802771276,69.42237346232781,20.77170460869352,3.5833730170981144,1,EXIT_PROFIT_TARGET_MET
38.02549193833867,65.5224179402541,16.95689948660715,4.075989230162504,1,EXIT_PROFIT_TARGET_MET
40.225111152232955,70.538548081951,13.027949772537847,4.926275713722326,1,EXIT_PROFIT_TARGET_MET
42.36624955065228,67.96880174528201,11.900038373398623,5.007970305599315,1,END_OF_WINDOW
42.594779868133394,58.244098176016045,21.78039740370619,5.426686712342246,1,END_OF_WINDOW
42.489176133097644,56.81068328227998,23.70541893987644,5.1662090900320665,-1,END_OF_WINDOW
42.391115521993015,56.81068328227999,23.705418939876445,4.797194155029776,1,END_OF_WINDOW
42.44249020585803,56.93070708079058,22.63125704919971,4.665966001099081,-1,END_OF_WINDOW
42.90727649305371,57.932009497931006,19.855442205731375,4.938397001020577,-1,END_OF_WINDOW
43.33886375973541,57.932009497931,19.85544220573137,4.585654358090536,-1,END_OF_WINDOW
43.24520014721191,55.8159771515672,22.782813069394457,4.419536189655481,-1,END_OF_WINDOW
43.23207773386758,56.43771097966045,22.46222556578578,4.1624264618229585,-1,END_OF_WINDOW
41.329639213248754,47.86610933689754,34.23844581249307,4.557253143121322,-1,END_OF_WINDOW
38.88376030344509,41.87880679069971,36.33549744167699,4.836735061469785,-1,END_OF_WINDOW
36.61258703005596,41.87880679069971,36.33549744167699,4.4912539856505145,-1,END_OF_WINDOW
34.50364041905178,41.87880679069971,36.335497441676985,4.170450129532621,-1,END_OF_WINDOW
32.545332851690745,41.87880679069972,36.33549744167699,3.872560834566005,-1,END_OF_WINDOW
31.404856947544598,46.62830178714456,33.36626618947062,3.91594934638272,-1,END_OF_WINDOW
30.34584360798032,46.62830178714456,33.36626618947063,3.6362386787839545,-1,END_OF_WINDOW
29.36247407838492,46.62830178714456,33.36626618947062,3.3765073445851006,-1,END_OF_WINDOW
28.449345229474904,46.628301787144565,33.36626618947063,3.1353282485433076,-1,END_OF_WINDOW
28.82554888360502,55.775081994722804,27.647993895314432,3.5135190879330596,-1,END_OF_WINDOW
29.910554108928185,61.659342656159914,23.969343709316597,3.7632677245092854,-1,END_OF_WINDOW
30.91805896101398,61.65934265615991,23.9693437093166,3.4944628870443366,-1,END_OF_WINDOW
31.853599180807933,61.659342656159914,23.969343709316597,3.2448583951125984,-1,END_OF_WINDOW
32.72231509918803,61.65934265615992,23.9693437093166,3.0130827954616985,-1,END_OF_WINDOW
33.52897988054098,61.659342656159914,23.969343709316597,2.797862595785863,-1,END_OF_WINDOW
31.783569352443322,48.39403665110561,40.326474324303184,3.31015812465832,-1,END_OF_WINDOW
30.31724357035742,49.485740513380044,39.47338361705074,3.1401468300398894,-1,END_OF_WINDOW
28.955655344134797,49.48574051338004,39.473383617050736,2.915850627894183,-1,END_OF_WINDOW
28.143469322279884,52.716473034183835,36.94879065154268,2.892575583044609,-1,END_OF_WINDOW
27.512374987860298,53.60480930019736,36.25461758901212,2.7373916128271225,-1,END_OF_WINDOW
26.92635882018497,53.60480930019736,36.25461758901212,2.5418636404823283,-1,END_OF_WINDOW
26.382200950200733,53.60480930019737,36.25461758901213,2.3603019518764476,-1,END_OF_WINDOW
25.876911499501087,53.60480930019737,36.25461758901213,2.1917089553138442,-1,END_OF_WINDOW
25.407714152422844,53.60480930019737,36.25461758901213,2.0351583156485695,-1,END_OF_WINDOW
24.972030901564477,53.60480930019737,36.25461758901213,1.8897898645308147,-1,END_OF_WINDOW
25.823287675717722,62.8937350140551,28.995967619283974,2.194090588492906,-1,END_OF_WINDOW
26.618894252108895,62.93272149616222,28.9655023926384,2.039512689314823,-1,END_OF_WINDOW
26.218860878764353,56.13631747710493,36.63685576101019,2.1231189257923386,-1,END_OF_WINDOW
25.847401317801566,53.169663083943746,34.70069582071232,2.081467573950026,-1,END_OF_WINDOW
27.361943440309872,67.29765425913367,24.232030493645546,2.7677913186678853,-1,END_OF_WINDOW
28.76830398263901,61.34728297999659,22.08946579548606,2.8193776530487673,-1,END_OF_WINDOW
30.07421020051607,56.22374855095645,20.24462225841889,2.8565649635452943,-1,END_OF_WINDOW
31.286837402830486,56.223748550956444,20.244622258418886,2.652524609006345,-1,END_OF_WINDOW
29.5520486743647,43.7120661092228,37.99288673813045,3.168058565505884,-1,END_OF_WINDOW
28.37480545613436,41.94293705323989,32.24596947588157,3.4660543822554746,-1,END_OF_WINDOW
27.281651039206192,41.94293705323989,32.24596947588157,3.2184790692372265,-1,END_OF_WINDOW
26.49691436745823,33.28075972726154,46.238728881468525,3.766444850005987,-1,END_OF_WINDOW
25.76823031512084,32.176741169119715,44.70485720280568,3.6174130750055475,-1,END_OF_WINDOW
25.09159512366469,32.176741169119715,44.70485720280568,3.359026426790866,-1,END_OF_WINDOW
24.46329101731255,32.17674116911972,44.70485720280568,3.1190959677343755,-1,END_OF_WINDOW
23.496821438835738,45.08365560574589,36.19742513946324,3.5770176843247916,-1,END_OF_WINDOW
22.5993854016787,45.08365560574588,36.19742513946324,3.3215164211587354,-1,END_OF_WINDOW
21.766051938604306,45.08365560574588,36.19742513946324,3.0842652482188258,-1,END_OF_WINDOW
20.992242294320942,45.08365560574588,36.19742513946325,2.863960587631767,-1,END_OF_WINDOW
20.27370476748639,45.083655605745875,36.19742513946324,2.659391974229498,-1,END_OF_WINDOW
20.087326015216505,35.15819478302094,50.243978123212926,3.166578261784549,-1,END_OF_WINDOW
20.893138540486206,29.52146873438334,56.507702571565176,3.5018226716570906,-1,END_OF_WINDOW
21.641393028236642,28.604100600640876,54.75174774030113,3.355978195110158,-1,END_OF_WINDOW
22.33620076686205,28.604100600640876,54.75174774030113,3.116265466888004,-1,END_OF_WINDOW
22.714118132165172,30.3072203370313,53.445667377663185,2.9643893621103063,-1,END_OF_WINDOW
23.065041399946644,30.3072203370313,53.44566737766319,2.752647264816713,-1,END_OF_WINDOW
22.105396510499943,38.73108493838049,46.98561415987765,2.9074581744726675,-1,END_OF_WINDOW
20.5831880926767,42.84430221081351,43.53053183576573,2.9140683048674774,-1,END_OF_WINDOW
20.097061179853725,50.12488232429444,37.98554617953804,3.100920568805529,-1,END_OF_WINDOW
19.645657617946675,50.12488232429444,37.98554617953804,2.879426242462277,-1,END_OF_WINDOW
20.387269411867685,57.01676374795047,30.6822950403843,3.3101815108578507,-1,END_OF_WINDOW
21.075908934794338,50.070361940609374,26.94424440909852,3.500168545796594,-1,END_OF_WINDOW
21.71535992036909,50.07036194060937,26.94424440909852,3.2501565068111233,-1,END_OF_WINDOW
20.199329248162353,40.50339377435541,40.903042808215474,3.730859613467473,-1,END_OF_WINDOW
20.070735088671416,49.937604321547326,34.417161640304734,4.117226783934106,-1,END_OF_WINDOW
22.116913649445575,23.734695296888038,68.82932799199614,8.043853442224504,-1,END_OF_WINDOW
24.826925086705245,16.94733854756094,67.91043301596017,10.460721053494158,-1,END_OF_WINDOW
27.34336427844637,14.937243568287858,59.855692145436365,11.020669549673126,-1,END_OF_WINDOW
29.240951687573407,15.690473893232342,52.39515699829224,11.69062172469648,-1,END_OF_WINDOW
31.10504392597689,13.831185296449082,48.10630320970205,12.314863030075292,-1,END_OF_WINDOW
32.83598671878013,13.784689060562139,47.94458445792874,11.473801385069912,-1,END_OF_WINDOW
34.6891891910704,13.079668002260556,50.38432339477293,11.228529857564915,-1,END_OF_WINDOW
35.28611718043024,18.70717523943491,46.98525972534194,11.180777724881704,-1,END_OF_WINDOW
35.05507792586951,22.92294491540748,44.54864820702896,10.950007887390141,-1,END_OF_WINDOW
33.61670411964287,29.967961232782077,40.47680149219208,11.190721609719429,-1,END_OF_WINDOW
32.281071299575274,28.857150598832067,38.976463809005736,10.79138435188232,-1,END_OF_WINDOW
30.765733041211153,29.972425327765535,37.431578674035435,10.434142612462152,-1,END_OF_WINDOW
30.243142781754983,27.025667274823515,43.58303279848219,10.745275283000566,-1,END_OF_WINDOW
30.5934064228625,23.555316211001866,49.08667669597933,11.447755619929126,-1,END_OF_WINDOW
30.54772014147211,22.85525153654431,42.40239567827848,12.305773075648478,-1,END_OF_WINDOW
29.859972373300845,23.89265551477408,36.53331650458758,13.262503570245036,-1,END_OF_WINDOW
29.39426874888352,23.027195154127522,37.04906805992162,12.77803902951325,-1,END_OF_WINDOW
28.4543377597398,25.75364437546859,35.73675518571041,12.301036241690902,-1,END_OF_WINDOW
28.404866831303654,22.485812804742245,39.76877164097915,13.082390795855822,-1,END_OF_WINDOW
28.951244895307212,20.275513342828983,43.13913022547844,13.472220024723262,-1,END_OF_WINDOW
30.23003191711408,17.960906221004837,49.63023957042485,14.122061451528756,-1,END_OF_WINDOW
31.008839430271582,18.34988179361558,43.99400145044979,14.793342776419557,-1,END_OF_WINDOW
30.86654613146247,22.829084292240285,41.493354886729826,14.564532578103886,-1,END_OF_WINDOW
30.76462679694028,21.64367104207902,39.70432070695299,14.264923108239348,-1,END_OF_WINDOW
30.055460037059873,24.645362507946444,37.61893303850917,13.980285743365124,-1,END_OF_WINDOW
28.37429069649943,29.60054156571363,33.72905446477349,14.478836761696158,-1,END_OF_WINDOW
26.83400239375742,35.447875533571796,30.927540784668892,14.662491278717875,-1,END_OF_WINDOW
25.542817958553552,34.40087170399434,28.860782735429012,14.590170473095144,-1,END_OF_WINDOW
23.823752686775222,30.787624893098616,29.892051035640797,15.138015439302617,-1,END_OF_WINDOW
22.305693462109872,30.03073051899553,31.615610820953254,14.41101433649529,-1,END_OF_WINDOW
21.453690519052326,28.500313738143543,35.100594866936646,14.100227598174195,-1,END_OF_WINDOW
20.662544929070318,27.879759548952496,34.33632885260771,13.384497055447461,-1,END_OF_WINDOW
19.92790973837274,27.8797595489525,34.33632885260771,12.42846155148693,-1,END_OF_WINDOW
18.550611828316985,31.972285303469466,32.387884015679546,12.235000012095023,-1,END_OF_WINDOW
17.27169234040807,31.184129014669708,31.589482705745503,11.648214296945378,-1,END_OF_WINDOW
16.084124244492646,31.184129014669704,31.5894827057455,10.816198990020709,-1,END_OF_WINDOW
15.453465522077423,29.848884713191904,34.51868920483775,10.492899062162085,-1,END_OF_WINDOW
15.35894474499864,28.385966126450214,37.72798253579143,10.24554912915049,-1,END_OF_WINDOW
14.558683035720255,36.194804320169744,33.30681679191493,10.776581334211157,-1,END_OF_WINDOW
14.081183386078024,37.935845449568106,32.39797955215406,10.287539810338918,-1,END_OF_WINDOW
13.315211201178796,36.28620154529366,33.928685594887455,9.987001252457562,-1,END_OF_WINDOW
12.399228254400015,35.573799521458845,35.22585465902536,9.459358305853444,-1,END_OF_WINDOW
11.61178543819429,35.91312763797306,34.93889194384306,8.855832712578215,-1,END_OF_WINDOW
11.121640628899168,37.48250242913089,34.08329992902438,8.429701804536904,-1,END_OF_WINDOW
10.613110452028767,35.186727270360414,38.12064836532991,8.338294532784275,-1,END_OF_WINDOW
10.823937883843152,43.59100347178627,33.1775796951815,8.896273494728263,-1,END_OF_WINDOW
11.484613760281011,46.90994782813796,31.225505599489054,8.777253959390531,-1,END_OF_WINDOW
12.761388478900182,51.752234617507085,28.2608308191282,9.00530724800548,-1,END_OF_WINDOW
13.951270689899715,49.2941548256607,26.883026555886694,8.790642444576518,-1,END_OF_WINDOW
15.05616131439928,49.2941548256607,26.883026555886698,8.162739412821052,-1,END_OF_WINDOW
16.5345824469408,52.83645588936212,25.004983240820867,8.14897231190528,-1,END_OF_WINDOW
18.6108816504442,58.662312496716666,21.916253384375064,8.633331432483462,-1,END_OF_WINDOW
20.71680006349492,56.91546724377655,19.948642558065195,8.807379187306084,-1,END_OF_WINDOW
23.25048281144973,62.273193701333085,17.467952547327037,9.339709245355634,-1,END_OF_WINDOW
25.026243244136342,53.304034384874285,18.674398015026927,10.131872870687362,-1,END_OF_WINDOW
26.67516364591677,51.388396257661256,18.003278291104344,9.758881951352572,-1,END_OF_WINDOW
28.39907674991307,51.94072346692129,16.941634050037184,9.629676097684552,-1,END_OF_WINDOW
29.459946456383374,49.082481397478574,19.443944016274344,9.462556376421366,-1,END_OF_WINDOW
30.59194774084574,49.89896660458687,18.781324661324653,9.09665949239128,-1,END_OF_WINDOW
31.41560778087873,48.58428524430027,19.784973600779107,8.675469528649066,-1,END_OF_WINDOW
31.315670889979355,44.48960871916805,23.947261513973224,8.797221705174142,-1,END_OF_WINDOW
31.104556142385803,41.536803954657906,23.18239689828043,8.749563011947425,-1,END_OF_WINDOW
30.765078912794355,40.566720519867964,23.645576358117435,8.318879939665452,1,END_OF_WINDOW
30.722781194334107,42.58418959772332,22.842924720047947,7.996102801117933,1,END_OF_WINDOW
30.979448089854245,43.02345206602439,21.039525322872112,8.061381172466675,-1,END_OF_WINDOW
31.217781635694372,43.02345206602438,21.039525322872112,7.485568231576198,-1,END_OF_WINDOW
30.770486542667026,41.0533126425605,24.655300826383584,7.284456215035014,-1,END_OF_WINDOW
28.928323972946693,35.31416869640973,31.963594428312106,7.863423628246791,-1,END_OF_WINDOW
27.21774444392067,32.395472307275035,29.32182113771883,7.959607654800594,-1,END_OF_WINDOW
26.17472838607649,35.85458570990103,27.821514753686504,7.78963567945769,-1,END_OF_WINDOW
25.842543178698097,40.17508616439751,25.943608701925015,7.756804559496454,-1,END_OF_WINDOW
25.587380751404723,40.55238736830724,25.779988661887884,7.24846137667527,-1,END_OF_WINDOW
25.350444211775162,40.55238736830724,25.77998866188788,6.73071413548418,-1,END_OF_WINDOW
25.13043171069057,40.55238736830724,25.779988661887884,6.249948840092453,-1,END_OF_WINDOW
24.787391078180942,40.122761665124465,26.566300556962403,5.865666780085842,-1,END_OF_WINDOW
23.276637992758886,36.23134594064137,33.688468644609074,6.031690581508285,-1,END_OF_WINDOW
21.873795842009837,36.231345940641376,33.688468644609074,5.600855539971979,-1,END_OF_WINDOW
21.675593570635105,43.74843546905797,29.717250518520732,5.895794429973982,-1,END_OF_WINDOW
21.491548604358567,43.74843546905797,29.717250518520736,5.474666256404412,-1,END_OF_WINDOW
20.467249627595415,40.4360823753522,35.038612989729074,5.500047238089807,-1,END_OF_WINDOW
19.516114863458203,40.43608237535221,35.038612989729074,5.1071867210833926,-1,END_OF_WINDOW
18.78101418410058,35.59019113856101,42.823635611870046,5.388101955291751,-1,END_OF_WINDOW
18.098420696125647,35.26296123894564,42.429898642942824,5.049666101342347,-1,END_OF_WINDOW
17.785990265817063,33.889729828358455,44.67182809856907,4.878975665532169,-1,END_OF_WINDOW
18.782614023114974,28.07007394891828,54.17296376815479,5.469763117994164,-1,END_OF_WINDOW
19.859913187617945,25.735633956663502,52.091710216655486,5.539780038137425,-1,END_OF_WINDOW
21.19175875991609,24.06173660966355,54.19513156621745,5.50193860684191,-1,END_OF_WINDOW
21.705934126799278,28.28566570604591,50.71377625591466,5.459657277781797,-1,END_OF_WINDOW
22.49278293180148,26.916616867813712,53.09926889585878,5.327538900797392,-1,END_OF_WINDOW
22.489542670612163,31.514734870029102,49.75847248290515,5.279143265026156,-1,END_OF_WINDOW
22.892420718875854,29.61191250774447,52.79199640335494,5.217061603238563,-1,END_OF_WINDOW
23.26652176369214,28.747229651195582,51.25044334625223,4.9901286315786635,-1,END_OF_WINDOW
23.48180539360165,28.39551390805852,48.64112104180828,4.882262300751617,-1,END_OF_WINDOW
23.1947996469425,31.017359387032492,46.009692991708,4.792814993555049,-1,END_OF_WINDOW
22.928294310759004,31.017359387032496,46.009692991708,4.450471065443974,-1,END_OF_WINDOW
21.67275383590375,37.46967608140517,41.70615941347103,4.559008846483708,-1,END_OF_WINDOW
20.264778198738057,37.17276892037832,38.65991992568917,4.566936786020592,-1,END_OF_WINDOW
18.97598758433774,34.94770684639078,36.53586420480911,4.510727015590532,-1,END_OF_WINDOW
17.77925344239459,34.68743037632572,36.26375977724818,4.219960800191212,-1,END_OF_WINDOW
16.668000310590237,34.68743037632572,36.26375977724818,3.918535028748983,-1,END_OF_WINDOW
15.636122402486192,34.68743037632572,36.26375977724818,3.638639669552627,-1,END_OF_WINDOW
14.67795005924672,34.68743037632573,36.26375977724818,3.3787368360131538,-1,END_OF_WINDOW
13.788218597667212,34.68743037632573,36.26375977724819,3.1373984905836427,-1,END_OF_WINDOW
14.239836600577387,29.93192555145998,45.00173761561132,3.376155741256241,-1,END_OF_WINDOW
14.892187862415389,29.006673332929918,46.70183753731422,3.2350017597379446,-1,END_OF_WINDOW
15.185592489183804,30.928296195631155,45.437728318109414,3.08750163404235,-1,END_OF_WINDOW
15.302857957880851,31.848518280598377,44.735557374968145,2.9119658030393327,-1,END_OF_WINDOW
15.411747321670967,31.848518280598373,44.73555737496814,2.7039682456793805,-1,END_OF_WINDOW
14.36122503209312,39.29203252060669,39.84953362384423,2.8186847995594206,-1,END_OF_WINDOW
13.82855396774579,42.28628955966073,36.82460760417693,2.832350171019445,-1,END_OF_WINDOW
15.145873938013292,55.478187653757516,28.40743138793663,3.4093251588037923,-1,END_OF_WINDOW
16.369099624690257,55.47818765375751,28.40743138793663,3.1658019331749503,-1,END_OF_WINDOW
15.8058567940582,46.85907598038609,39.530079223911606,3.4803875093767513,-1,END_OF_WINDOW
15.282845594185577,46.859075980386095,39.53007922391161,3.2317884015641263,-1,END_OF_WINDOW
14.411144083597744,39.94667698545839,42.484761115747524,3.5202320871666872,-1,END_OF_WINDOW
13.601706966623327,37.86176945522443,40.267385227318634,3.4487869380833516,-1,END_OF_WINDOW
12.850086786575655,37.861769455224426,40.267385227318634,3.202445013934541,-1,END_OF_WINDOW
12.029724680206654,38.67197762097344,39.74234671176217,3.0129846557963726,-1,END_OF_WINDOW
11.267959867149724,38.671977620973436,39.74234671176217,2.797771466096632,-1,END_OF_WINDOW
10.941498809890875,37.013198238344145,42.32701289821403,2.7143592185183087,-1,END_OF_WINDOW
10.506892404646921,40.18077408745947,36.45840228874753,2.9261907029098793,-1,END_OF_WINDOW
10.103329314063249,39.649206251133805,35.97607922602265,2.7536056527020465,-1,END_OF_WINDOW
9.905198758402388,36.06276348383989,41.76732069853168,2.8112052489376107,-1,END_OF_WINDOW
10.20445300171625,32.45699054364939,43.10764288329165,2.900404874013524,-1,END_OF_WINDOW
10.482331941936263,29.56375384508783,39.26500028798707,2.956804525869705,-1,END_OF_WINDOW
11.391357615704841,27.317962420023363,43.83061652481251,2.971318488307573,-1,END_OF_WINDOW
12.235452884204236,27.317962420023367,43.83061652481252,2.7590814534284607,-1,END_OF_WINDOW
13.038531925966062,27.249587855506,43.971203771960575,2.568432778183581,-1,END_OF_WINDOW
14.64420289565453,24.051349265829856,50.54720995523976,2.7021161511704723,-1,END_OF_WINDOW
14.931857753043813,30.576385609951974,44.61579689202825,2.84267928322973,-1,END_OF_WINDOW
15.945902285309101,27.455954364489383,50.0249712067927,2.939630762999022,-1,END_OF_WINDOW
16.24960423776624,28.448483640334107,42.848945630199815,3.1867999942133514,-1,END_OF_WINDOW
16.056581285086015,29.224257697641143,38.3832361510937,3.3034571374838055,-1,END_OF_WINDOW
16.140041916174322,26.214842290305814,37.12518025131976,3.419638770520665,-1,END_OF_WINDOW
17.064804832227743,23.703479660569425,43.148541785203136,3.5118074297691915,-1,END_OF_WINDOW
17.923513254277346,22.585425921042997,41.11329678367243,3.4223926133570894,-1,END_OF_WINDOW
18.717633016894606,22.31697128009927,40.584228044897536,3.2193645695458635,-1,END_OF_WINDOW
19.45502993932492,22.31697128009927,40.584228044897536,2.989409957435445,-1,END_OF_WINDOW
18.26536285464219,33.06457800372614,34.969316662113016,3.221594960475755,-1,END_OF_WINDOW
18.316359708949296,29.10967903331312,42.747724798738275,3.397909606156062,-1,END_OF_WINDOW
17.120299004736328,36.88273664475378,38.060476623141085,3.5437732057163474,-1,END_OF_WINDOW
17.308018768519084,31.530573420484917,47.04870443116411,3.84921797673662,-1,END_OF_WINDOW
18.05567473353091,28.04958782337283,49.62342396297846,4.017845264112578,-1,END_OF_WINDOW
18.935048634926762,26.44464193759688,49.50959674953471,3.9572848881045424,-1,END_OF_WINDOW
19.75161011479434,25.945350557116782,48.574824595446906,3.7453359675256634,-1,END_OF_WINDOW
21.00483765146337,23.529103939990616,51.52002369457033,3.8349548269881164,-1,END_OF_WINDOW
22.523455540029904,22.101604119268274,54.46128136681859,3.7910294822032693,-1,END_OF_WINDOW
24.314517074873415,20.50399955050805,57.753027275905374,3.7945273763315854,-1,END_OF_WINDOW
25.570674263882506,22.849460945875748,55.80714219820457,3.646346849450744,-1,END_OF_WINDOW
26.737105939390947,22.849460945875744,55.80714219820457,3.3858935030614052,-1,END_OF_WINDOW
26.02342299031687,34.030130368456526,47.71956152816739,3.6769011099855935,-1,END_OF_WINDOW
25.360717394748086,33.008115660618714,46.286417041052374,3.519979602129481,-1,END_OF_WINDOW
24.7453479131485,33.008115660618714,46.28641704105238,3.268552487691661,-1,END_OF_WINDOW
24.17393339452031,33.008115660618714,46.28641704105238,3.0350844528565424,-1,END_OF_WINDOW
24.690921690051407,28.222785938707304,54.07350818089809,3.296149849081079,-1,END_OF_WINDOW
25.170982250187425,28.222785938707304,54.07350818089809,3.060710574146716,-1,END_OF_WINDOW
24.78587765870511,33.53476153302925,50.07172071237056,3.069231247421939,-1,END_OF_WINDOW
24.22057583706964,34.88919658109664,49.05135435223812,2.9092861583203997,-1,END_OF_WINDOW
22.830612274808775,40.64847596242246,44.71258967858745,2.963622861297487,-1,END_OF_WINDOW
21.539931824137973,40.64847596242246,44.71258967858744,2.7519355140619526,-1,END_OF_WINDOW
20.87707765240817,37.88458185306316,48.471858484885296,2.741797263057504,-1,END_OF_WINDOW
19.645873500250687,42.046923910401944,45.22376869996672,2.728811744267678,-1,END_OF_WINDOW
18.50261250181874,42.04692391040195,45.22376869996673,2.5338966196771295,-1,END_OF_WINDOW
19.44403296165486,30.957374809380546,59.670573604530745,3.1957611468430294,-1,END_OF_WINDOW
20.703760171144022,27.998777087919994,60.9995454460275,3.281063922068518,-1,END_OF_WINDOW
21.873506865669672,27.998777087919994,60.99954544602749,3.0467022133493384,-1,END_OF_WINDOW
21.360705564912305,38.65481084832425,51.97173745398954,3.320509198110108,-1,END_OF_WINDOW
21.153985588414276,36.56268869546537,53.12497380186717,3.2597585411022285,-1,END_OF_WINDOW
19.938465052450546,43.14211905744945,46.86546089356788,3.431204359594916,-1,END_OF_WINDOW
18.64313670026614,43.59212896005627,45.193708376504816,3.303975476766715,-1,END_OF_WINDOW
17.44033180180919,43.59212896005627,45.19370837650482,3.067977228426235,-1,END_OF_WINDOW
16.32344153895631,43.592128960056264,45.193708376504816,2.8488359978243616,-1,END_OF_WINDOW
15.505951648126684,46.90392510576858,42.540313620553675,2.810347712265507,-1,END_OF_WINDOW
14.746853892356317,46.903925105768565,42.54031362055367,2.6096085899608283,-1,END_OF_WINDOW
14.04197740485526,46.903925105768565,42.54031362055367,2.423207976392198,-1,END_OF_WINDOW
13.258136748073644,43.69947057789874,46.46593288958905,2.4151216923642123,-1,END_OF_WINDOW
12.530284709633571,43.69947057789874,46.46593288958905,2.242613000052483,-1,END_OF_WINDOW
12.444712852945118,40.31180420873057,50.61599595342974,2.2574263571915782,-1,END_OF_WINDOW
12.03122073615146,40.00462743097274,45.70961594240892,2.321181617392186,-1,END_OF_WINDOW
12.639110024447064,34.79295328664031,52.7823924947475,2.478240073292743,-1,END_OF_WINDOW
13.836300344609807,29.93364391761134,54.86394336619375,2.6747943537718344,-1,END_OF_WINDOW
14.97519346262345,29.04003566081051,53.672491151622495,2.5601661856452864,-1,END_OF_WINDOW
15.249660648316079,33.57476175815102,49.13976060791589,2.596582886670635,-1,END_OF_WINDOW
14.916107351224877,37.43027365662758,46.28754755265662,2.5596841090512985,-1,END_OF_WINDOW
14.439847429365447,37.454951481184104,44.18935645891965,2.4897066726904864,-1,END_OF_WINDOW
13.997606073353118,37.4549514811841,44.18935645891964,2.311870481784023,-1,END_OF_WINDOW
13.004231343138724,41.35739307471364,41.43220162859423,2.28959401879945,-1,END_OF_WINDOW
12.700998530975209,45.716187701711014,38.35262404307737,2.2967658745995125,-1,END_OF_WINDOW
12.419425205394804,45.71618770171101,38.35262404307737,2.132711169270976,-1,END_OF_WINDOW
12.157964260212998,45.716187701711014,38.35262404307737,1.980374657180192,-1,END_OF_WINDOW
12.352248965984362,37.06383663284815,50.02014852551594,2.2682050388101938,-1,END_OF_WINDOW
12.186780514995498,39.38668477561406,48.17400470474387,2.186904678895188,-1,END_OF_WINDOW
11.358237238938376,44.57268216559407,44.05229874395235,2.2206972018312356,-1,END_OF_WINDOW
10.830173556902555,43.33686424080017,40.03103869454583,2.269218830271868,-1,END_OF_WINDOW
10.648803697516305,45.480685839483705,38.51648422767324,2.1899889138238673,-1,END_OF_WINDOW
10.656324646209422,46.69990739755294,37.63089150068545,2.0814182771221676,-1,END_OF_WINDOW
10.663308384281603,46.69990739755295,37.63089150068545,1.9327455430420128,-1,END_OF_WINDOW
10.669793283920056,46.69990739755295,37.63089150068545,1.7946922899675835,-1,END_OF_WINDOW
10.675814976441476,46.699907397552956,37.63089150068545,1.6664999835413274,-1,END_OF_WINDOW
11.870641066135825,55.33776115037874,31.532400456854642,1.8467499847169508,-1,END_OF_WINDOW
12.980122435137721,55.33776115037874,31.532400456854642,1.714839271522883,-1,END_OF_WINDOW
14.010355134925197,55.337761150378746,31.532400456854646,1.5923507521283915,-1,END_OF_WINDOW
14.966999784727852,55.33776115037874,31.532400456854642,1.4786114126906493,-1,END_OF_WINDOW
15.855312673830317,55.33776115037874,31.532400456854646,1.3729963117841744,-1,END_OF_WINDOW
16.68017464228261,55.337761150378746,31.532400456854646,1.2749251466567333,-1,END_OF_WINDOW
17.446117898702592,55.33776115037874,31.532400456854642,1.183859064752681,-1,END_OF_WINDOW
18.648882784215466,59.06179386873343,28.903161663318773,1.199297702984639,-1,END_OF_WINDOW
19.765735892191707,59.061793868733425,28.903161663318773,1.113633581342879,-1,END_OF_WINDOW
20.802813778169643,59.06179386873343,28.903161663318777,1.0340883255326734,-1,END_OF_WINDOW
21.765814672292013,59.061793868733425,28.903161663318773,0.9602248737089111,-1,END_OF_WINDOW
22.45306448703152,32.06481554241755,61.40132465360805,1.6423516684440043,-1,END_OF_WINDOW
22.567270332755825,33.08257337134758,54.03637641467828,1.7328979778408833,-1,END_OF_WINDOW
21.093002274043815,43.724342436612616,45.44305972723529,1.9134052651379463,-1,END_OF_WINDOW
21.288935427265756,34.798799827273,56.57988347125596,2.2324477461995293,-1,END_OF_WINDOW
21.878850438232277,32.39863782367211,59.57467968266258,2.2265586214709656,-1,END_OF_WINDOW
22.91326364105318,29.494553637553512,63.198243552578774,2.27109014850878,-1,END_OF_WINDOW
24.132273501705054,27.93345319805278,65.1461027699266,2.2267265664724123,-1,END_OF_WINDOW
25.099966771468146,27.493473304194648,60.739723623033974,2.2176746688672337,-1,END_OF_WINDOW
26.748025598180128,23.326541490958572,66.69004109735111,2.427126478233866,-1,END_OF_WINDOW
28.52075601707743,19.88010527188346,62.211848674611886,2.644474586931433,-1,END_OF_WINDOW
29.46381206729248,24.20159408834264,58.856280008291115,2.595583545007762,-1,END_OF_WINDOW
29.91058910660926,26.025375431292474,54.948007598362246,2.581613291792896,-1,END_OF_WINDOW
30.32545350026056,25.141406430434557,53.08166236526121,2.4814980566648526,-1,END_OF_WINDOW
30.761073078171922,24.92506631254693,53.485391517131696,2.3242481954745204,-1,END_OF_WINDOW
31.165576971946756,24.92506631254694,53.4853915171317,2.1582304672263404,-1,END_OF_WINDOW
31.54118773045196,24.92506631254694,53.48539151713171,2.0040711481387445,-1,END_OF_WINDOW
31.889969149063937,24.925066312546942,53.48539151713171,1.860923208985977,-1,END_OF_WINDOW
32.21383760920363,24.925066312546942,53.48539151713172,1.7280001226298358,-1,END_OF_WINDOW
32.51457260790477,24.925066312546942,53.48539151713172,1.6045715424419904,-1,END_OF_WINDOW
33.5942892886247,21.343794833345736,60.16868128804206,1.7399592894104197,-1,END_OF_WINDOW
34.59688334929321,21.343794833345736,60.16868128804206,1.6156764830239612,-1,END_OF_WINDOW
35.52786354848539,21.343794833345736,60.16868128804206,1.5002710199508211,-1,END_OF_WINDOW
37.836742101357686,14.109474157229903,73.66921082202595,2.1073945185257625,-1,END_OF_WINDOW
39.91130583856444,12.299434595512531,61.97393617084203,2.3261520529167847,-1,END_OF_WINDOW
41.83768645168499,12.299434595512531,61.97393617084202,2.1599983348513003,-1,END_OF_WINDOW
42.29614854889862,19.783983239723348,56.68495156960763,2.1928555966476284,-1,END_OF_WINDOW
42.72186335345414,19.783983239723348,56.68495156960764,2.0362230540299406,-1,END_OF_WINDOW
43.11716995768426,19.783983239723348,56.68495156960763,1.8907785501706593,-1,END_OF_WINDOW
42.48887700624612,24.88274982854413,50.888123151189546,1.9557229394441968,-1,END_OF_WINDOW
41.905462122767844,24.88274982854413,50.88812315118954,1.8160284437696115,-1,END_OF_WINDOW
39.51484209421589,36.38810903318186,43.09382643814561,1.991312126357495,-1,END_OF_WINDOW
36.963477104184015,38.57122590000178,41.61487560170531,1.9147898316176792,-1,END_OF_WINDOW
34.742634982075444,43.245256601063524,38.44845711081048,1.9244477007878253,-1,END_OF_WINDOW
32.680424440117484,43.24525660106352,38.44845711081048,1.7869871507315522,-1,END_OF_WINDOW
30.680125405386303,39.66009858405744,43.55125970217826,1.8093452113935777,-1,END_OF_WINDOW
29.99273527153755,52.51709765031289,34.247391173791925,2.13653483915117,-1,END_OF_WINDOW
30.013608844355595,57.40877176138991,30.719235385356438,2.211782350640376,-1,END_OF_WINDOW
30.13501128624159,55.871008976928984,28.966335683821978,2.1780836113089377,-1,END_OF_WINDOW
30.811613523974774,60.2761798176849,26.074774957876325,2.2467919247868617,-1,END_OF_WINDOW
31.63112531593464,56.083036536992246,22.749059326414102,2.391306787302085,-1,END_OF_WINDOW
32.392100551325946,56.08303653699226,22.749059326414102,2.2204991596376504,-1,END_OF_WINDOW
33.09872041276073,56.083036536992246,22.7490593264141,2.06189207680639,-1,END_OF_WINDOW
33.178666463223415,53.54602927716132,26.243631115307583,2.0053283570345037,-1,END_OF_WINDOW
34.23973575073234,61.65615041638931,21.644039836306685,2.257804902960608,-1,END_OF_WINDOW
34.048855557269235,55.83512913217901,29.04170752683363,2.3151045527491325,-1,END_OF_WINDOW
33.87160966333921,55.83512913217901,29.041707526833626,2.1497399418384804,-1,END_OF_WINDOW
34.664742315418984,63.404015647899506,24.064598250295294,2.409044231707142,-1,END_OF_WINDOW
35.532958908212166,64.48144973215804,23.356104713698628,2.3048267865852226,-1,END_OF_WINDOW
37.06056152217009,70.5465697663234,19.36783442814668,2.580910587543426,-1,END_OF_WINDOW
39.19516693410074,76.51728709822092,15.150351953151278,3.0637026884331595,-1,END_OF_WINDOW
41.17730053089349,76.51728709822092,15.150351953151278,2.8448667821165055,-1,END_OF_WINDOW
43.453008398590406,80.54650781191668,12.550817897407931,3.188804869108173,-1,END_OF_WINDOW
45.56616570430897,79.51077331736204,12.389428963432373,2.999604521314762,-1,END_OF_WINDOW
47.466612259992395,79.14543851734277,12.791980581456066,2.7982041983636963,-1,END_OF_WINDOW
49.231312633127004,79.14543851734275,12.791980581456064,2.598332469909147,-1,END_OF_WINDOW
51.10874472824804,81.4712471217672,11.365352717392723,2.7155944363442246,-1,END_OF_WINDOW
52.852074530860435,81.4712471217672,11.365352717392723,2.52162340517678,-1,END_OF_WINDOW
54.47088077614337,81.4712471217672,11.365352717392723,2.341507447664153,-1,END_OF_WINDOW
56.12967095106592,83.01160793463332,10.420510716135334,2.371399772830982,-1,END_OF_WINDOW
57.669976113494,83.01160793463332,10.420510716135334,2.2020140747716264,-1,END_OF_WINDOW
57.84324721078734,75.28010211576274,18.76373354823638,2.2547273551450533,-1,END_OF_WINDOW
56.136745673339185,63.60555741358894,31.36196863923573,2.477961115491843,-1,END_OF_WINDOW
54.55213710285162,63.605557413588954,31.361968639235737,2.300963892956711,1,END_OF_WINDOW
53.08071485882745,63.605557413588954,31.361968639235737,2.136609329174089,-1,END_OF_WINDOW
52.38751641118154,68.57266535267797,27.08169197217192,2.297565805661645,-1,END_OF_WINDOW
51.74383213836747,68.57266535267797,27.081691972171928,2.133453962400099,-1,END_OF_WINDOW
51.14612531361156,68.57266535267797,27.08169197217193,1.9810643936572347,-1,END_OF_WINDOW
50.59111183348107,68.57266535267797,27.08169197217193,1.8395597941102895,-1,END_OF_WINDOW
50.0757421733599,68.57266535267797,27.08169197217193,1.7081626659595546,1,END_OF_WINDOW
49.59718463181881,68.57266535267797,27.081691972171928,1.5861510469624436,1,END_OF_WINDOW
49.76383355508288,73.14415772592183,23.14232677640683,1.7235688293222846,-1,END_OF_WINDOW
49.91857898382809,73.14415772592181,23.142326776406826,1.6004567700849786,-1,END_OF_WINDOW
50.06227116766293,73.14415772592183,23.14232677640683,1.486138429364623,-1,END_OF_WINDOW
48.74957768463508,63.71249941335683,33.05282865490215,1.5842713986957304,-1,END_OF_WINDOW
47.5306480218235,63.712499413356824,33.05282865490215,1.4711091559317497,-1,END_OF_WINDOW
46.39878476349847,63.712499413356824,33.05282865490215,1.3660299305080534,-1,END_OF_WINDOW
43.3330008107055,47.10687924776441,50.50151311640782,1.7155992211860651,-1,END_OF_WINDOW
40.48620142596917,47.10687924776441,50.50151311640782,1.5930564196727748,-1,END_OF_WINDOW
37.84274485442829,47.10687924776441,50.50151311640782,1.4792666754104338,-1,END_OF_WINDOW
37.17964405418697,35.08407823166592,63.134709539149675,1.8443190557382378,-1,END_OF_WINDOW
36.613264763229196,33.1746388134407,60.605701589657514,1.8111534088997676,-1,END_OF_WINDOW
36.08734113591126,33.1746388134407,60.60570158965752,1.68178530826407,-1,END_OF_WINDOW
33.70694671298106,48.93907781404702,46.30851158821733,2.043800643388065,-1,END_OF_WINDOW
31.496580463117294,48.93907781404701,46.30851158821732,1.8978148831460606,-1,END_OF_WINDOW
29.379083348647658,48.526033273758976,46.76166634999462,1.7772566772070588,-1,END_OF_WINDOW
28.00202099791462,52.66454700247669,43.00202219440805,1.794595485977982,-1,END_OF_WINDOW
26.72332024366251,52.66454700247669,43.002022194408056,1.666410094122412,-1,END_OF_WINDOW
26.780730212656554,35.18730131668087,61.91735933107839,2.3159522302565083,-1,END_OF_WINDOW
26.39795251676779,36.66039208830089,56.64897845631714,2.350527070952453,-1,END_OF_WINDOW
26.042516084871085,36.66039208830088,56.64897845631713,2.182632280170135,-1,END_OF_WINDOW
24.24802713579845,47.67061340566331,46.80177840613584,2.453158545872286,-1,END_OF_WINDOW
24.079803365656698,58.259245271337534,37.3316348700932,2.855790078309958,-1,END_OF_WINDOW
23.9235955790965,58.25924527133753,37.33163487009319,2.6518050727163898,-1,END_OF_WINDOW
23.778545491576317,58.25924527133753,37.3316348700932,2.462390424665219,1,EXIT_PROFIT_TARGET_MET
23.643856124593288,58.25924527133753,37.33163487009319,2.2865053943319893,-1,END_OF_WINDOW
22.922246618807577,54.432010701338996,41.44851850553002,2.2724692947368252,1,EXIT_PROFIT_TARGET_MET
23.482935944043067,63.21134605664359,33.46285906474162,2.61372148796989,1,EXIT_PROFIT_TARGET_MET
24.003576031761735,62.150457745061665,32.90124539459313,2.468455667400607,-1,END_OF_WINDOW
24.48864817019804,62.16224890775648,32.89099576106528,2.2928516911577224,1,EXIT_PROFIT_TARGET_MET
23.626580423470323,42.315563565856095,54.31704314739472,3.127647998932172,-1,END_OF_WINDOW
22.123050499096987,47.21030011307465,49.70804230305206,3.17353028472273,-1,END_OF_WINDOW
21.422408769224834,40.87871948173672,52.360224891450194,3.40327812152824,-1,END_OF_WINDOW
20.764041337886187,35.77043439904583,45.716079090028735,3.6194725414190687,-1,END_OF_WINDOW
20.152700151643156,35.77043439904583,45.716079090028735,3.360938788460564,-1,END_OF_WINDOW
19.585026192988913,35.77043439904583,45.71607909002874,3.120871732141952,-1,END_OF_WINDOW
18.432107008366255,39.00861218205559,41.79149522894319,3.170095179846095,-1,END_OF_WINDOW
17.9280585875927,34.63055418268064,43.52058119174889,3.315802666999948,-1,END_OF_WINDOW
17.460013625445832,34.63055418268065,43.52058119174889,3.0789596193570947,-1,END_OF_WINDOW
17.02540044630945,34.63055418268065,43.52058119174889,2.8590339322601594,-1,END_OF_WINDOW
17.540355780298164,28.71297248684223,47.081622020425,3.2019600799558523,-1,END_OF_WINDOW
18.01852859043054,24.8245788812013,40.70569287929143,3.438962931387576,-1,END_OF_WINDOW
18.714411078888688,22.458492175642025,39.71971055340282,3.5297512934313233,-1,END_OF_WINDOW
19.360587675314108,22.182938334558006,39.2323706766142,3.318340486757637,-1,END_OF_WINDOW
19.960608800566284,22.18293833455801,39.2323706766142,3.0813161662749486,-1,END_OF_WINDOW
18.943154670261872,31.017349849618626,34.77840004535703,3.227650725826746,-1,END_OF_WINDOW
17.675165762636595,34.050800625769824,33.24905079042264,3.1349613882676812,-1,END_OF_WINDOW
17.386217689562837,39.19408510911034,29.791432986780347,3.248892717677134,-1,END_OF_WINDOW
16.36251569604129,36.60284694609072,34.43313128664162,3.2304003807002126,-1,END_OF_WINDOW
15.198688161898376,35.84322521125982,35.79384562213652,3.0632289249359026,-1,END_OF_WINDOW
14.11799116590853,35.84322521125982,35.79384562213652,2.8444268588690527,-1,END_OF_WINDOW
13.561560642305936,38.018415975338975,33.49318756513171,2.8226820832355464,-1,END_OF_WINDOW
13.04487515610353,38.018415975338975,33.49318756513171,2.6210619344330075,-1,END_OF_WINDOW
13.883551267889091,28.913439242420235,47.970040486193305,3.200271796259223,-1,END_OF_WINDOW
14.887605323257713,27.933175478425326,49.594703755677195,3.075966667954995,-1,END_OF_WINDOW
14.031940202729734,41.104414101986784,38.781108531265616,3.652683334529645,-1,END_OF_WINDOW
13.350690826850702,41.28353907443857,37.732216294492225,3.4860630963489676,-1,END_OF_WINDOW
13.225917057245487,42.332769189805795,33.52978597372317,3.6427728751811728,-1,END_OF_WINDOW
13.110055699754932,40.298932861139285,31.918880329917734,3.5532890983825083,-1,END_OF_WINDOW
13.0024701535137,40.29893286113928,31.91888032991773,3.2994827342123294,-1,END_OF_WINDOW
13.223719821189798,42.24832393168041,30.530894820669918,3.2030911103400075,-1,END_OF_WINDOW
13.429165941174746,41.6383507932594,30.09009565991075,3.0178703167443017,-1,END_OF_WINDOW
13.619937338303627,41.63835079325939,30.090095659910748,2.802308151262566,-1,END_OF_WINDOW
14.684169972687382,48.10556702007205,26.75572869867613,2.9264289976009517,-1,END_OF_WINDOW
13.882059374785316,40.72011986999686,38.000616312535655,3.2102554977723186,-1,END_OF_WINDOW
13.13724239101911,40.72011986999685,38.000616312535655,2.9809515336457246,-1,END_OF_WINDOW
14.08713852432232,52.42081431336134,30.500034341765602,3.4487407098139014,-1,END_OF_WINDOW
14.183993416750653,48.58463981844681,35.58606742133183,3.4552592305414773,-1,END_OF_WINDOW
14.273930102576962,48.5846398184468,35.586067421331826,3.208454999788515,-1,END_OF_WINDOW
14.909248622024135,52.59650017344307,32.8093420891793,3.2314224998036027,-1,END_OF_WINDOW
15.49918724722508,52.59650017344307,32.8093420891793,3.0006066069604884,-1,END_OF_WINDOW
14.645858546490773,42.53250819620292,45.66582949670866,3.4455632778918837,-1,END_OF_WINDOW
13.853481895808915,40.9596795351446,43.9771323445892,3.3223087580424817,-1,END_OF_WINDOW
14.354405953830124,53.22048044863281,34.84447757276941,3.8935724181822837,-1,END_OF_WINDOW
14.928978228286184,50.26215344019701,31.866609897054747,3.9533172454549788,-1,END_OF_WINDOW
15.462509625995382,47.88616033273629,30.360211139913773,3.853080299351065,-1,END_OF_WINDOW
15.677256281293289,46.64756564431392,32.1031291228872,3.6728602779688413,-1,END_OF_WINDOW
15.691754714512506,45.64382033978179,33.13375652178007,3.4855131152567944,-1,END_OF_WINDOW
15.776737194634169,45.09018420426594,32.06519207682567,3.3444050355956105,-1,END_OF_WINDOW
15.855649497604283,43.57672973113646,30.988922169375694,3.2133761044816542,-1,END_OF_WINDOW
15.928925207505104,43.57672973113647,30.988922169375698,2.983849239875822,-1,END_OF_WINDOW
15.802444763630143,42.81513112525044,32.195041604927106,2.820002865598982,-1,END_OF_WINDOW
15.184274628500138,36.52787854943827,42.15196309782525,3.0692883751990507,-1,END_OF_WINDOW
14.610259503022275,36.52787854943828,42.15196309782526,2.8500534912562614,-1,END_OF_WINDOW
14.005832858392159,42.893479206046784,37.924554940657394,2.941478241880822,-1,END_OF_WINDOW
13.076538774043575,40.52989361238276,41.34513611938961,2.8906583674607647,-1,END_OF_WINDOW
13.126326592564276,47.74391706963166,36.18404231670963,3.067039912642148,-1,END_OF_WINDOW
13.172558138333496,47.74391706963166,36.184042316709636,2.847965633167709,-1,END_OF_WINDOW
12.719435557482885,45.27378552423592,39.485694544850766,2.788825230798618,-1,END_OF_WINDOW
13.105601959585318,51.00389314157965,35.35134538047075,2.892480571455877,-1,END_OF_WINDOW
13.464185047251863,51.00389314157965,35.35134538047075,2.6858748163518857,-1,END_OF_WINDOW
14.715933704100681,57.79675848195055,30.450202327117896,2.8954551866124576,-1,END_OF_WINDOW
16.614264684719085,62.029820232513714,25.7735530935941,3.1764941018544524,-1,END_OF_WINDOW
18.38046736115038,59.3982607746317,24.651261790425643,3.0838873802934277,-1,END_OF_WINDOW
19.07791753091795,52.40493007234426,29.38526734192679,3.245752567415319,-1,END_OF_WINDOW
20.037066949249887,53.682353095656374,27.34393898539419,3.238913098314231,-1,END_OF_WINDOW
21.29938619289463,56.417889757619605,25.51963069124586,3.2225621627203407,1,EXIT_PROFIT_TARGET_MET
22.810420651071105,59.175677076656534,23.904800351103532,3.194522008240311,-1,END_OF_WINDOW
24.57730546222818,60.681610105061765,21.57243649155696,3.2870561505088776,1,EXIT_PROFIT_TARGET_MET
26.697602929653392,63.46030603726987,18.815982441929844,3.4994092826154017,-1,END_OF_WINDOW
28.972591554610194,66.32501364633177,17.340811683018973,3.5258800481428656,1,EXIT_PROFIT_TARGET_MET
30.699974680676412,59.4740657367174,18.190646174267137,3.6511743304183897,-1,END_OF_WINDOW
32.74112454715127,63.709751952634086,16.289397735220795,3.7860904496742167,1,EXIT_PROFIT_TARGET_MET
34.79503499424473,63.032679158317336,15.028362085092672,3.8106554175546377,-1,END_OF_WINDOW
36.70223755226009,61.699999085303666,14.710622161163156,3.614894316300714,1,EXIT_PROFIT_TARGET_MET
35.45581053859829,48.5568684555503,32.87868457420179,4.265259007993539,-1,END_OF_WINDOW
34.39017488163308,49.225337262377394,32.451448237930734,4.012740507422573,1,EXIT_PROFIT_TARGET_MET
33.11918344711012,47.90300432536322,34.26599496955584,3.828973328320965,-1,END_OF_WINDOW
31.938977115053085,47.90300432536322,34.26599496955584,3.5554752334408963,-1,END_OF_WINDOW
31.060696301361947,49.47702487762089,33.23070724082608,3.4043698596236935,-1,END_OF_WINDOW
30.659770958077445,52.53370574131956,31.22022257193704,3.364772012507709,-1,END_OF_WINDOW
29.532663615897157,48.77588496411478,36.14015108304159,3.365145440185722,-1,END_OF_WINDOW
27.901378033465807,44.38293070436377,38.81322631480794,3.4340636230295942,-1,END_OF_WINDOW
26.113866154607766,41.01994894671727,43.44946823139491,3.4502019356703597,-1,END_OF_WINDOW
24.897940391668822,38.60157488225166,46.321886479435065,3.4044732259796158,-1,END_OF_WINDOW
23.95513573362715,37.65712935627763,47.63520217476264,3.2405822812667955,-1,END_OF_WINDOW
23.42950907427808,35.86099671249139,50.132846694325465,3.159826404033462,-1,END_OF_WINDOW
23.594612788150357,32.427074520220195,54.90794889727394,3.2448388037453513,-1,END_OF_WINDOW
22.716421864226504,37.88501951850803,47.5377399606056,3.4802074606206808,-1,END_OF_WINDOW
22.59442326799652,34.06735398957822,52.18832862722404,3.593764070576358,-1,END_OF_WINDOW
21.806791414884252,38.55239505888656,48.63823908289328,3.5806380655352115,-1,END_OF_WINDOW
22.045060388368714,33.28890771593447,55.650565504792404,3.8505924894255625,-1,END_OF_WINDOW
22.26631014946143,33.28890771593447,55.6505655047924,3.5755501687523084,-1,END_OF_WINDOW
22.80183824143992,30.332773824928463,56.040726229391886,3.6437251566985864,-1,END_OF_WINDOW
23.29911432684852,28.765986618391864,53.146039004016174,3.5677447883630005,-1,END_OF_WINDOW
23.01597780714843,33.52441072298281,49.595889559178985,3.5500487320513368,-1,END_OF_WINDOW
23.619553788454024,29.224674703817367,56.06056304642435,3.7814738226190956,-1,END_OF_WINDOW
24.18001719966636,29.218731003561697,56.04916147613181,3.512082835289176,-1,END_OF_WINDOW
24.70044751007781,29.218731003561697,56.049161476131815,3.2612197756256633,-1,END_OF_WINDOW
23.525942149808426,40.15791654411359,47.386810751526816,3.5818469345095445,-1,END_OF_WINDOW
22.85228675737094,37.66645014996905,50.02657781492412,3.546000724901715,-1,END_OF_WINDOW
22.22674960725042,37.66645014996905,50.02657781492412,3.292714958837307,-1,END_OF_WINDOW
22.752599387911907,31.573762709329777,58.109963440607416,3.647521033206086,-1,END_OF_WINDOW
23.24088846995472,31.573762709329777,58.109963440607416,3.3869838165485087,-1,END_OF_WINDOW
23.854595056314153,30.668287824144144,59.31128925005329,3.237913543937914,-1,END_OF_WINDOW
24.913629271908068,27.867795529651136,63.026802211894385,3.3087768622280644,-1,END_OF_WINDOW
25.38751904696999,29.381122313842205,56.46343819483849,3.42957851492606,-1,END_OF_WINDOW
25.827559552384635,29.381122313842205,56.46343819483849,3.18460862100277,-1,END_OF_WINDOW
25.46668850752215,33.5972575483137,51.217920246359185,3.259993719502589,-1,END_OF_WINDOW
25.131593965864127,30.600720615535785,46.649797701904895,3.3235655966809823,-1,END_OF_WINDOW
25.281405407197184,27.604304992504225,48.26187136375631,3.4211680540609164,-1,END_OF_WINDOW
25.126030327763008,28.748820695751718,46.026528182205936,3.3310846216280163,-1,END_OF_WINDOW
25.60570744354068,25.067237835573614,48.48849327492582,3.5474357200831674,-1,END_OF_WINDOW
25.450708472876563,28.523802978199846,45.98562535833719,3.4733331686486713,-1,END_OF_WINDOW
25.645311973997146,25.954418854870312,46.31700687290093,3.544523656602356,-1,END_OF_WINDOW
25.826015225037686,24.623801402486787,43.942451001245,3.469200538273633,-1,END_OF_WINDOW
25.842401411940447,24.703218751877678,42.11227838703442,3.3614004998255194,-1,END_OF_WINDOW
26.271124810144535,23.215655731385148,44.90992651831586,3.321300464123677,-1,END_OF_WINDOW
26.6692251084769,22.481492330215843,43.489711436715695,3.184779002400547,-1,END_OF_WINDOW
27.63071716154259,20.600659208979103,48.21744128931174,3.2272947879433795,-1,END_OF_WINDOW
28.523531210817875,20.600659208979103,48.217441289311736,2.9967737316617096,-1,END_OF_WINDOW
29.832604989272472,18.951557994591585,52.36268147738632,3.024861322257293,-1,END_OF_WINDOW
31.650665637337717,16.5743518844615,57.5596979502923,3.211656942096049,-1,END_OF_WINDOW
32.87859642308297,16.950104913271353,49.31520804386614,3.480824303374904,-1,END_OF_WINDOW
34.1469907258562,16.357276002511362,49.91496554899238,3.3493368531338303,-1,END_OF_WINDOW
35.3247854355742,16.357276002511362,49.91496554899238,3.110098506481414,-1,END_OF_WINDOW
36.41042671466862,16.39863079909101,49.890286495658096,2.889377184589883,-1,END_OF_WINDOW
35.692994509318474,25.8013864747591,44.27906051943742,3.022993099976303,-1,END_OF_WINDOW
35.02680746149334,25.8013864747591,44.27906051943742,2.807065021406567,-1,END_OF_WINDOW
33.72325914223301,29.838951594525618,41.86958705631813,2.75656037702041,-1,END_OF_WINDOW
32.93808820396671,28.194576107435495,44.783014426474146,2.70894892151893,-1,END_OF_WINDOW
33.01109539718763,25.069465287415543,50.85281514701374,2.829023998553316,-1,END_OF_WINDOW
33.10409315639427,24.967632264881477,51.05245268715434,2.6376651415137675,-1,END_OF_WINDOW
32.170777670730835,31.18861479986544,46.81966054528737,2.670689059977063,-1,END_OF_WINDOW
31.231927530219473,30.65894521261263,45.06727994914761,2.576354127121552,-1,END_OF_WINDOW
30.64214021262681,28.69684694780905,45.816133475196004,2.5559002608985817,-1,END_OF_WINDOW
30.094480560576482,28.696846947809053,45.816133475196004,2.373335956548683,-1,END_OF_WINDOW
28.08072494029058,40.028886816541,38.53468477415413,2.6202405310809147,-1,END_OF_WINDOW
26.992840599307492,35.33035959614363,45.749385947897565,2.7566519217180065,-1,END_OF_WINDOW
25.19200429315413,40.57073231621008,42.04217754865529,2.7854624987381387,-1,END_OF_WINDOW
24.038511059212013,45.890390523090744,38.278880043092364,2.8407866059711573,-1,END_OF_WINDOW
22.967410199122902,45.89039052309074,38.27888004309236,2.6378732769732176,-1,END_OF_WINDOW
21.599692550154646,41.24750757237831,44.52341037461378,2.7251680429037113,-1,END_OF_WINDOW
20.395370770209233,45.45102274747365,41.33793136898274,2.7255131826963046,-1,END_OF_WINDOW
19.321124661757203,41.600004454633996,46.308307957624386,2.7651193839322974,-1,END_OF_WINDOW
19.14656953068839,37.08169057668519,52.13993996021652,2.8804679993657127,-1,END_OF_WINDOW
19.13347896028207,36.249179117074696,53.21443380936744,2.7361488565538528,-1,END_OF_WINDOW
19.12132343061906,36.249179117074696,53.21443380936744,2.540709652514292,-1,END_OF_WINDOW
19.110036153074837,36.249179117074696,53.21443380936744,2.359230391620414,-1,END_OF_WINDOW
19.099555109640914,36.249179117074696,53.21443380936744,2.190713935076099,-1,END_OF_WINDOW
18.735080735690293,38.640700925494954,51.21816964813334,2.11352008257064,-1,END_OF_WINDOW
17.62355057235878,43.92646715688701,46.80600595586098,2.1475543623870332,-1,END_OF_WINDOW
16.591415420693806,43.92646715688701,46.80600595586098,1.994157622216531,-1,END_OF_WINDOW
15.951039481487374,49.304229287409115,42.31705094361518,2.048146363486779,-1,END_OF_WINDOW
15.078695612403983,44.49176238308857,47.94734447602724,2.107564480380588,-1,END_OF_WINDOW
14.440711705018074,43.46069789376179,49.15362720818369,2.0034527317819486,-1,END_OF_WINDOW
13.848298076731162,43.46069789376179,49.15362720818369,1.8603489652260952,-1,END_OF_WINDOW
13.2981997076076,43.46069789376178,49.15362720818369,1.7274668962813742,-1,END_OF_WINDOW
13.68694306644315,55.9543491309079,38.292009669540846,2.05907640368984,-1,END_OF_WINDOW
14.047919042504734,50.60429695967372,34.630734850774616,2.114142374854846,-1,END_OF_WINDOW
14.82913604580319,53.87677467058769,32.33643998429178,2.102417919508058,-1,END_OF_WINDOW
15.55455183458033,53.8767746705877,32.33643998429178,1.9522452109717683,-1,END_OF_WINDOW
16.22815220987339,53.87677467058769,32.33643998429178,1.8127991244737849,-1,END_OF_WINDOW
15.645440289546888,47.47111946612621,40.381268911358774,1.9104563298685027,-1,END_OF_WINDOW
15.008028484015806,41.66639560407596,47.67139130298126,2.0211380205921836,-1,END_OF_WINDOW
13.981305454725971,44.657344640979574,45.227127771145234,1.97819959054989,-1,END_OF_WINDOW
13.027919784671125,44.657344640979574,45.227127771145234,1.8368996197963263,-1,END_OF_WINDOW
12.142633091048769,44.657344640979574,45.227127771145234,1.7056925040965887,-1,END_OF_WINDOW
12.203062562922296,39.602942448178894,51.42642438685738,1.7860001823753986,-1,END_OF_WINDOW
12.665908414184543,37.22978068622151,54.337141246784945,1.7641430264914428,-1,END_OF_WINDOW
12.530532866335461,41.08325825779845,51.00137219281045,1.7452756674563399,-1,END_OF_WINDOW
12.27812881448382,41.95312035932329,50.248374666395804,1.6448988340666117,-1,END_OF_WINDOW
13.185284361343847,35.06579718475323,58.41595598568401,1.8274060602047304,-1,END_OF_WINDOW
14.47036778517555,32.34290406182597,61.64499728976474,1.8397341987615354,-1,END_OF_WINDOW
15.66365953587642,32.34290406182597,61.64499728976473,1.7083246131357115,-1,END_OF_WINDOW
15.106921190744863,43.76333188280588,51.23940372548292,1.9084442836260336,-1,END_OF_WINDOW
14.082278165944443,42.76898744095991,42.1221855970818,2.155698263367056,-1,END_OF_WINDOW
13.546488519824184,40.080200381938596,45.72738931394245,2.1360055302694168,-1,END_OF_WINDOW
13.048969562712514,40.080200381938596,45.72738931394245,1.9834337066787442,-1,END_OF_WINDOW
12.586987673965965,40.080200381938596,45.727389313942446,1.8417598704874054,-1,END_OF_WINDOW
12.359591067272046,39.0367372075149,47.1403430938905,1.755919879738296,-1,END_OF_WINDOW
12.286864260451729,38.31498345605151,48.11767005311462,1.6612113168998672,-1,END_OF_WINDOW
13.688807713595828,30.380686455040117,58.86150386881315,1.9454105085498676,-1,END_OF_WINDOW
14.990612348658207,30.38068645504012,58.86150386881316,1.80645261508202,-1,END_OF_WINDOW
16.501923392460167,28.682955848144125,61.16040136433046,1.7767059997190093,-1,END_OF_WINDOW
17.905283647419132,27.424367895377923,58.47672591780313,1.7255127140247906,-1,END_OF_WINDOW
19.690958744703316,24.8940827815618,62.30783417480682,1.76511894873732,-1,END_OF_WINDOW
21.701045493489225,22.238615365442485,63.01935584547743,1.8347533095417816,-1,END_OF_WINDOW
22.553647976094723,25.961193105893592,52.27933544450209,2.053699501717375,-1,END_OF_WINDOW
23.909164025935272,23.1052803731167,55.92884046893627,2.1427209658804003,-1,END_OF_WINDOW
25.703644208454556,18.71199946324422,54.71429869886931,2.456812325460369,-1,END_OF_WINDOW
27.614667229773207,17.771629763332463,56.99012718136192,2.4020400164988858,-1,END_OF_WINDOW
29.389188606711954,17.771629763332463,56.99012718136192,2.230465729606108,-1,END_OF_WINDOW
29.441938225705226,27.121459444713008,50.510028145806174,2.336861034634229,-1,END_OF_WINDOW
29.49092001477041,27.121459444713004,50.510028145806174,2.169942389303213,-1,END_OF_WINDOW
29.536403104616646,27.121459444713004,50.510028145806174,2.0149465043529835,-1,END_OF_WINDOW
28.983939903720294,30.79388015642688,47.964778582648556,1.9703074683277613,-1,END_OF_WINDOW
29.00663532958071,28.419486899657997,51.97700692867753,1.9824283634471977,-1,END_OF_WINDOW
29.478325495312117,26.34436808253816,55.483524021282605,1.985826337486698,-1,END_OF_WINDOW
28.782670361370638,33.551441957379865,50.05455890282385,2.043981599094804,-1,END_OF_WINDOW
28.13670487985355,33.55144195737986,50.05455890282385,1.8979829134451753,-1,END_OF_WINDOW
27.87920189085863,31.460356250419444,51.91330087564539,1.8795555624847966,-1,END_OF_WINDOW
27.53225512167714,32.15452075439311,51.38752675747748,1.7631587365930255,-1,END_OF_WINDOW
27.21009026458004,32.15452075439312,51.38752675747749,1.6372188268363808,-1,END_OF_WINDOW
27.336067240333655,30.050781291322867,54.56804308794616,1.6267031963480523,-1,END_OF_WINDOW
27.622937231182014,29.19483590429665,55.86209509829025,1.5547958251803589,-1,END_OF_WINDOW
27.88931650839835,29.19483590429665,55.86209509829025,1.443738980524619,-1,END_OF_WINDOW
29.69971717881817,20.883212260959628,68.42793568568058,1.8741861962014177,-1,END_OF_WINDOW
32.527851183419784,14.08875895601594,77.67553679906865,2.579601467901316,-1,END_OF_WINDOW
35.153975616264134,13.031756733140837,71.84796779061641,2.589629934479812,1,EXIT_PROFIT_TARGET_MET
38.16865160041756,10.006036326396755,78.38432202830936,3.1317992248741318,-1,END_OF_WINDOW
41.14880388131929,8.393801858621563,75.08833552264852,3.466670708811673,1,EXIT_PROFIT_TARGET_MET
43.9160881421566,8.216943300023676,73.50621397490079,3.2883370867536823,1,EXIT_PROFIT_TARGET_MET
45.51024855896208,13.991312325013878,68.88170025328404,3.2584558662712686,1,EXIT_PROFIT_TARGET_MET
46.703388416756724,15.722232656095342,67.49545964630703,3.087851875823313,1,EXIT_PROFIT_TARGET_MET
46.795515731557124,21.962571486644006,62.49776510608684,3.096576741835936,1,EXIT_PROFIT_TARGET_MET
47.16090866346632,20.548611710476834,64.91217508028375,3.0732498317047967,1,EXIT_PROFIT_TARGET_MET
47.7063535056982,19.46690702638106,66.66439307091386,3.0123034151544723,1,EXIT_PROFIT_TARGET_MET
48.71623622946367,16.79497533786487,71.23987413675752,3.242138885500583,1,EXIT_PROFIT_TARGET_MET
49.895021652740525,14.991619081881622,71.21475306515049,3.3727003936791244,1,EXIT_PROFIT_TARGET_MET
51.20729456523123,13.14746939690187,69.71519163460684,3.571078936987765,1,EXIT_PROFIT_TARGET_MET
51.212359889348974,20.456842012722515,63.51725514605654,3.63957329863151,1,EXIT_PROFIT_TARGET_MET
51.406714416427896,19.157145348734254,64.0142345203744,3.608889491586405,1,EXIT_PROFIT_TARGET_MET
50.8953685247343,23.43302846559816,60.628438882585776,3.538254527901654,-1,END_OF_WINDOW
50.42054733959025,23.43302846559816,60.628438882585776,3.285522061622965,1,EXIT_PROFIT_TARGET_MET
48.565879609496754,32.46196846026019,53.4790045289631,3.4586990572213274,-1,END_OF_WINDOW
46.93025212787036,31.139197489892332,52.64387928899129,3.348077695991255,-1,END_OF_WINDOW
45.411455180645845,31.13919748989233,52.643879288991286,3.108929289134737,-1,END_OF_WINDOW
42.3966857261468,41.75953099373526,44.524665823492235,3.4132914827679945,-1,END_OF_WINDOW
39.943754670792345,36.59657892732037,43.00935510977921,3.6166278054274392,-1,END_OF_WINDOW
38.31158162594339,33.6743625078051,47.56002632382108,3.649725819325474,-1,END_OF_WINDOW
36.145584492855136,37.207064488724995,43.66697702940886,3.691173975087941,-1,END_OF_WINDOW
34.134301440701755,36.808186658453394,43.19884579435029,3.464661548295944,1,EXIT_PROFIT_TARGET_MET
32.045568293526735,42.98551722573421,38.975932469259135,3.5657571519890987,1,EXIT_PROFIT_TARGET_MET
30.739928446616997,47.42055799079621,35.94407387919068,3.59034592684701,1,EXIT_PROFIT_TARGET_MET
29.243374073048663,46.03002692838612,37.82241016995551,3.4346069320722132,1,EXIT_PROFIT_TARGET_MET
27.853716440449496,46.03002692838612,37.82241016995551,3.189277865495627,1,EXIT_PROFIT_TARGET_MET
26.91053127564625,48.489949593915455,36.098484832461565,3.1029008751030838,1,EXIT_PROFIT_TARGET_MET
26.634037954353207,51.58634285613588,32.266875892546544,3.2234079554528607,1,EXIT_PROFIT_TARGET_MET
26.37729415600967,51.58634285613587,32.266875892546544,2.9931645300633707,1,EXIT_PROFIT_TARGET_MET
26.60600207359936,55.083944137964956,29.935784354738725,2.9957956350588586,1,EXIT_PROFIT_TARGET_MET
26.2417172389604,52.138661208855915,33.68204729053269,2.938953089697531,1,EXIT_PROFIT_TARGET_MET
25.903452749652796,52.138661208855915,33.68204729053269,2.72902786900485,1,EXIT_PROFIT_TARGET_MET
25.589350009581448,52.13866120885591,33.68204729053268,2.5340973069330754,1,EXIT_PROFIT_TARGET_MET
25.642028513228567,54.68350650545944,31.89113208021371,2.4852332135807065,1,EXIT_PROFIT_TARGET_MET
26.770617182570955,62.9607990577464,26.066051415414393,2.8234308411821027,1,EXIT_PROFIT_TARGET_MET
27.818592375531747,62.96079905774639,26.06605141541439,2.6217572096690955,1,EXIT_PROFIT_TARGET_MET
27.48689515258154,55.617545725407126,34.68912676455039,2.755917408978446,1,EXIT_PROFIT_TARGET_MET
27.178890588413488,55.617545725407126,34.68912676455039,2.5590661654799858,1,EXIT_PROFIT_TARGET_MET
26.788707728243196,55.022137145405196,35.388306381065576,2.401990010802853,1,EXIT_PROFIT_TARGET_MET
25.445561482820835,49.348590238341394,42.05066981349855,2.486847867174088,1,EXIT_PROFIT_TARGET_MET
24.198354254928645,49.34859023834138,42.05066981349854,2.3092158766616535,1,EXIT_PROFIT_TARGET_MET
24.15759424219554,57.33575267387248,35.41974814905288,2.5457004569001316,1,EXIT_PROFIT_TARGET_MET
25.25756817287717,65.71650425249618,28.4620697926169,2.941721852835814,1,EXIT_PROFIT_TARGET_MET
26.278972537081543,65.7165042524962,28.462069792616905,2.731598863347542,1,EXIT_PROFIT_TARGET_MET
27.22741944669989,65.7165042524962,28.46206979261691,2.5364846588227175,1,EXIT_PROFIT_TARGET_MET
28.108120148488354,65.71650425249618,28.462069792616905,2.3553071831925236,1,EXIT_PROFIT_TARGET_MET
28.92591365729193,65.7165042524962,28.462069792616905,2.1870709558216292,1,EXIT_PROFIT_TARGET_MET
29.685293344038104,65.71650425249618,28.4620697926169,2.03085160183437,1,EXIT_PROFIT_TARGET_MET
30.390431624588125,65.71650425249618,28.462069792616905,1.8857907731319152,1,EXIT_PROFIT_TARGET_MET
31.04520288509886,65.71650425249618,28.46206979261691,1.7510914321939213,1,EXIT_PROFIT_TARGET_MET
29.258276885424987,45.108382278293526,50.89574012041359,2.368870615608615,1,EXIT_PROFIT_TARGET_MET
27.95175884764288,42.827604672543714,53.37855796099425,2.3168084287794515,1,EXIT_PROFIT_TARGET_MET
26.039114278671633,48.8710350362813,47.73615665689706,2.405607826723773,1,EXIT_PROFIT_TARGET_MET
25.3999871265377,56.87008509203533,40.26790638351887,2.648064410529231,1,EXIT_PROFIT_TARGET_MET
25.536294784601488,58.54945019809641,33.43112420499983,2.9617740954914265,1,EXIT_PROFIT_TARGET_MET
25.662866181375005,58.5494501980964,33.43112420499983,2.750218802956325,1,EXIT_PROFIT_TARGET_MET
25.78039676409327,58.549450198096395,33.43112420499983,2.553774602745159,1,EXIT_PROFIT_TARGET_MET
24.267392628625,48.803230755493495,44.51226791088117,2.8449335596919085,1,EXIT_PROFIT_TARGET_MET
22.862460217118752,48.80323075549349,44.512267910881164,2.6417240197139154,1,EXIT_PROFIT_TARGET_MET
23.335477300015622,61.486798425583075,33.48472905387803,3.260886589734346,1,EXIT_PROFIT_TARGET_MET
23.989116740046196,60.47388038722589,30.81679841438151,3.290108976181898,1,EXIT_PROFIT_TARGET_MET
24.71296311411571,61.35040288981846,30.133411895980775,3.1243869064546055,1,EXIT_PROFIT_TARGET_MET
24.970698830417934,57.72625899684822,32.24520416247627,3.0833592702792574,1,EXIT_PROFIT_TARGET_MET
26.29346471487043,64.09463057419902,25.242450908853883,3.6574050366878743,1,EXIT_PROFIT_TARGET_MET
27.521747321862033,63.322185728029915,24.93823820125978,3.4375903912101635,1,EXIT_PROFIT_TARGET_MET
29.05825932704445,66.53476391540084,22.75391937891235,3.4984767918380064,1,EXIT_PROFIT_TARGET_MET
30.24167900643036,61.032717908321175,22.78838738439134,3.5414427352781424,1,EXIT_PROFIT_TARGET_MET
31.34056870871728,61.03271790832118,22.78838738439134,3.2884825399011324,1,EXIT_PROFIT_TARGET_MET
32.360966289412275,61.03271790832119,22.788387384391342,3.0535909299081943,1,EXIT_PROFIT_TARGET_MET
32.45347215111218,56.77096440582709,28.179870375400714,3.048334434914753,1,EXIT_PROFIT_TARGET_MET
32.539370451262094,56.77096440582709,28.179870375400718,2.830596260992271,1,EXIT_PROFIT_TARGET_MET
31.056083625159765,48.675519260460966,38.42130146247506,3.065553670921419,1,EXIT_PROFIT_TARGET_MET
29.855220339046333,46.79338332050654,35.12493938442328,3.1137284087127632,1,EXIT_PROFIT_TARGET_MET
28.740133001941004,46.79338332050654,35.12493938442327,2.8913192366618516,1,EXIT_PROFIT_TARGET_MET
26.831412062112285,42.61025575156762,40.92449127274918,2.9483678626145804,1,EXIT_PROFIT_TARGET_MET
25.059028332271332,41.42149772520106,39.78276338078131,2.816341586713565,1,EXIT_PROFIT_TARGET_MET
23.413243440276162,41.42149772520106,39.78276338078132,2.615174330519739,1,EXIT_PROFIT_TARGET_MET
24.176586644683027,58.018050014874426,28.51144904127338,3.388376164054015,1,EXIT_PROFIT_TARGET_MET
25.86603322485683,65.44140018552477,23.095316643616496,3.8842064380501515,1,EXIT_PROFIT_TARGET_MET
27.36675131125829,57.05708107335051,20.637092918416627,4.136763121046575,1,EXIT_PROFIT_TARGET_MET
28.760275248631075,52.176835096284364,18.87194672098026,4.200565755257548,-1,END_OF_WINDOW
28.704224202648074,47.221807385808816,26.576357142821006,4.309811058453439,1,EXIT_PROFIT_TARGET_MET
28.652176802806714,47.22180738580882,26.576357142821013,4.001967411421051,1,EXIT_PROFIT_TARGET_MET
28.668677352577642,47.71425774395323,26.32838471434424,3.751112596319564,1,EXIT_PROFIT_TARGET_MET
29.03011056221328,50.39951792333158,24.976227127777594,3.671747410868157,1,EXIT_PROFIT_TARGET_MET
29.3657271140178,50.39951792333158,24.97622712777759,3.409479738663289,-1,END_OF_WINDOW
29.82027831001497,51.52530285747348,24.398242385056925,3.2409454716159245,1,EXIT_PROFIT_TARGET_MET
30.242361563440916,51.52530285747348,24.39824238505692,3.0094493665005015,-1,END_OF_WINDOW
29.032248744562025,44.79308842560889,34.27624824748775,3.214488697464727,-1,END_OF_WINDOW
27.44485420994372,37.884877311184596,43.420754394881456,3.529168076217239,-1,END_OF_WINDOW
26.098611437469728,35.44364154583208,42.11140180470623,3.5027989279159972,-1,END_OF_WINDOW
24.637514345279325,40.29125454992736,35.986697389563865,3.8061704330648545,-1,END_OF_WINDOW
23.28078133110252,40.29125454992736,35.986697389563865,3.5343011164173648,-1,END_OF_WINDOW
23.30014965303819,49.34305996304749,30.531138412804722,3.8682796081018416,-1,END_OF_WINDOW
23.318134523407025,49.34305996304749,30.531138412804726,3.591973921808853,-1,END_OF_WINDOW
23.334834760178087,49.34305996304749,30.531138412804722,3.335404355965364,-1,END_OF_WINDOW
23.350342122894073,49.34305996304749,30.531138412804722,3.097161187682124,-1,END_OF_WINDOW
21.953819810234492,42.83250856258434,39.6971811031811,3.313078245704822,-1,END_OF_WINDOW
20.605267402735084,42.467683012508786,39.93456689761428,3.1028583710116124,-1,END_OF_WINDOW
19.644347347784407,44.4773215900289,38.53962835843721,2.9855113445107855,-1,END_OF_WINDOW
20.04864433606258,53.79823102293782,32.0697606252111,3.3315462484742957,-1,END_OF_WINDOW
20.67168298644685,52.43268999451619,29.002748865149382,3.4207215164404126,1,EXIT_PROFIT_TARGET_MET
20.658471949609797,49.65247017725574,32.7673461916793,3.3542414081232574,1,EXIT_PROFIT_TARGET_MET
20.81785016482686,50.89050823224123,31.93251192648198,3.196081307543016,1,EXIT_PROFIT_TARGET_MET
19.78669722378312,45.09479956675447,39.684435500624495,3.349218357004207,1,EXIT_PROFIT_TARGET_MET
19.471161354065025,46.07644232263967,33.800065966383634,3.6514170457896156,1,EXIT_PROFIT_TARGET_MET
19.592492401367963,49.06990533131497,31.92372005155105,3.5898872568046403,1,EXIT_PROFIT_TARGET_MET
19.36211124289099,47.48269034817575,34.12571516038618,3.4448953098900192,1,EXIT_PROFIT_TARGET_MET
19.58454617922664,50.078104729396834,31.69795394263673,3.4438313591836103,1,EXIT_PROFIT_TARGET_MET
19.708251361527168,46.179114291243366,29.950917857946653,3.467843404956224,1,EXIT_PROFIT_TARGET_MET
20.502602693713136,49.433760729055386,26.136176349154002,3.690140304602203,1,EXIT_PROFIT_TARGET_MET
21.717890042489483,51.34599952225638,23.330061364159384,3.8387017114163298,-1,END_OF_WINDOW
22.84637115206752,51.345999522256385,23.330061364159388,3.564508732029449,1,EXIT_PROFIT_TARGET_MET
23.03197410231903,47.90354026470665,28.470347705616536,3.5477581083130874,-1,END_OF_WINDOW
22.75949714071013,46.06573913841116,31.214555645650442,3.4257753862907023,-1,END_OF_WINDOW
22.506482819216156,46.06573913841116,31.214555645650442,3.181077144412795,-1,END_OF_WINDOW
22.271540949257464,46.06573913841117,31.214555645650442,2.95385734838331,-1,END_OF_WINDOW
21.11087788073157,38.14805984832422,43.037248571242465,3.312153252070235,-1,END_OF_WINDOW
20.03311931710039,38.148059848324216,43.03724857124246,3.075570876922361,-1,END_OF_WINDOW
20.15227904918811,32.813518713292964,51.002794967820634,3.3201729571421925,-1,END_OF_WINDOW
19.45634901309893,38.11821468971424,46.97587889675133,3.347303460203484,-1,END_OF_WINDOW
19.041658556453257,36.93829300315667,48.61720210429548,3.2074960701889403,-1,END_OF_WINDOW
18.788558726106352,35.111058965070356,47.99032889310913,3.1333892080325927,-1,END_OF_WINDOW
17.683650841762464,40.890900228038234,43.69916200951297,3.1952899788874074,-1,END_OF_WINDOW
16.914990577377914,37.299156272328496,42.84721435541806,3.2527692661097354,-1,END_OF_WINDOW
16.012228590802337,38.548929716717915,41.99316985643103,3.0818571756733353,-1,END_OF_WINDOW
15.512310371244087,36.25069593160621,43.43287369359376,3.043153091696666,-1,END_OF_WINDOW
15.68081733612692,33.38175912134029,47.909684599999416,3.0686421565754824,-1,END_OF_WINDOW
15.722055987908107,32.171096378344586,44.66288717666565,3.056596288248669,-1,END_OF_WINDOW
15.760349021704924,31.543960173755206,43.79223877784913,2.894696553373761,-1,END_OF_WINDOW
16.143674195866453,30.14222195134516,46.28997738984302,2.812932513847064,-1,END_OF_WINDOW
15.43304926529906,36.92132798301079,41.79792691680063,2.8927230485722624,-1,END_OF_WINDOW
15.314161116304218,33.64662177333532,44.391372962164276,2.947528545102805,-1,END_OF_WINDOW
15.203764977951867,33.646621773335326,44.39137296216428,2.7369907918811758,-1,END_OF_WINDOW
15.101254278053254,33.646621773335326,44.39137296216429,2.541491449603949,-1,END_OF_WINDOW
15.481652746514706,50.31039364326767,33.243067754437526,3.1513849174893758,-1,END_OF_WINDOW
15.834879895800341,45.733474410948176,30.21882514513834,3.2191431376687,-1,END_OF_WINDOW
16.162876534422715,45.73347441094817,30.21882514513834,2.9892043421209356,-1,END_OF_WINDOW
16.006797361422,43.84905423667202,33.09411628308245,2.894975460540874,-1,END_OF_WINDOW
15.861866700778476,43.84905423667202,33.09411628308246,2.688191499073669,-1,END_OF_WINDOW
14.93518561959216,38.68011862597159,40.98099573647164,2.829749249139808,-1,END_OF_WINDOW
14.072189056339232,37.47467459973345,39.67596260653821,2.714052874201253,-1,END_OF_WINDOW
13.614870588585502,36.02480698096813,42.00985527896692,2.6216205260440257,-1,END_OF_WINDOW
14.209189186135205,31.52876780840786,49.24725595195167,2.7815047741837473,-1,END_OF_WINDOW
13.370346621103279,40.63975626896044,42.69426769205575,2.9792544331706354,-1,END_OF_WINDOW
12.625787444032943,40.121792496524705,42.55796659810799,2.802164830801304,-1,END_OF_WINDOW
12.364131598509555,45.96600828643861,38.40423603820679,2.8834387714583576,-1,END_OF_WINDOW
12.121165456237838,45.9660082864386,38.40423603820679,2.677478859211332,-1,END_OF_WINDOW
11.895554038414101,45.9660082864386,38.40423603820679,2.4862303692676657,-1,END_OF_WINDOW
13.309612347396488,30.600137462273143,58.9949418148478,3.4679282000342626,-1,END_OF_WINDOW
14.622666491451561,30.1652204355132,58.15645196428346,3.2666476143175363,-1,END_OF_WINDOW
14.26397381678714,40.653651389203475,49.289019367870445,3.57902992758056,-1,END_OF_WINDOW
13.689758461329712,39.815382703425406,45.10141863533304,3.6319563613247854,-1,END_OF_WINDOW
13.554140956231741,37.60896767133913,47.66354650878576,3.5703880498015854,-1,END_OF_WINDOW
13.428210415783624,37.60896767133914,47.663546508785764,3.3153603319586153,-1,END_OF_WINDOW
13.766180788774044,35.26861983949313,50.92036298205513,3.282834593961548,-1,END_OF_WINDOW
14.377178701184336,33.7124253595419,53.08595552729586,3.1890606943928845,-1,END_OF_WINDOW
14.94453390556532,33.71242535954191,53.08595552729586,2.9612706447933927,-1,END_OF_WINDOW
15.833047319556488,31.78843197974497,55.76337520334519,2.9161798844510023,-1,END_OF_WINDOW
17.665471575028324,25.327903388550908,61.24396172324479,3.3985956069902215,-1,END_OF_WINDOW
20.690255377994077,18.074614979750365,72.32658557791981,4.422267349348064,-1,END_OF_WINDOW
23.505563013320952,16.846773204179993,67.6078620314533,4.405676824394635,-1,END_OF_WINDOW
26.23020695242675,15.395248369804374,64.89408915584517,4.476699908366453,-1,END_OF_WINDOW
28.76023346731071,15.395248369804376,64.89408915584518,4.156935629197421,1,EXIT_PROFIT_TARGET_MET
30.47573718654064,19.16475613149902,62.00277669351111,4.040011655683318,-1,END_OF_WINDOW
30.68504375087935,27.68747573889904,55.4656246376744,4.1935822517059425,1,EXIT_PROFIT_TARGET_MET
30.879399846336717,27.68747573889904,55.4656246376744,3.894040662298375,-1,END_OF_WINDOW
31.22143533692236,26.172620959474024,55.19459578870803,3.8251806149913365,1,EXIT_PROFIT_TARGET_MET
31.549238132427234,24.67413206283277,52.20510560055361,3.7676677139205257,-1,END_OF_WINDOW
31.8536264425389,24.67413206283277,52.2051056005536,3.4985485914976313,1,EXIT_PROFIT_TARGET_MET
31.174082627419672,30.552865868974635,48.130809113147976,3.523652263533541,-1,END_OF_WINDOW
31.440877819470504,25.475318294921756,52.8009489790085,3.9241056732811535,-1,END_OF_WINDOW
31.688616212089133,25.475318294921756,52.800948979008496,3.6438124109039283,1,END_OF_WINDOW
30.597751611970793,33.717037982139715,46.96166713643429,3.8042543815536387,-1,END_OF_WINDOW
29.5848059118609,32.36875720227615,45.083758607697426,3.679664782871232,1,END_OF_WINDOW
27.610428523139614,39.068748435604824,40.61746795648903,3.792545869809017,-1,END_OF_WINDOW
26.785840866712704,47.96573272260489,34.68663665221661,4.123792593394076,-1,END_OF_WINDOW
26.409805951563623,49.86050650325663,32.19998025111001,4.1249502652944905,-1,END_OF_WINDOW
26.35169415982522,52.01697252614908,30.81508067381699,4.002453817773445,-1,END_OF_WINDOW
26.297733210353847,52.016972526149075,30.815080673816986,3.7165642593610566,-1,END_OF_WINDOW
26.34154964244758,52.721521185178496,30.36261393902305,3.5025239551209997,-1,END_OF_WINDOW
26.700989861225512,55.144906155793066,28.806296897254473,3.4280579583266455,-1,END_OF_WINDOW
27.92390703790764,59.275566078330755,23.15359775633122,3.9603395327318927,-1,END_OF_WINDOW
29.059472987683904,54.53050546920224,21.300132122144102,3.997458137536759,-1,END_OF_WINDOW
30.751929776350575,59.000395260908434,18.248575285226156,4.33263969914128,-1,END_OF_WINDOW
32.3234967943982,56.56984595779832,17.496816559778324,4.196022577774051,-1,END_OF_WINDOW
32.899249640614386,53.10409882530993,22.55136755930592,4.1505923936473295,-1,END_OF_WINDOW
35.46246473356364,72.10455728697883,13.335349117324398,6.517692936958232,-1,END_OF_WINDOW
38.253800622691834,69.91984075094945,10.198611394267035,7.913572012889784,-1,END_OF_WINDOW
41.009935712621406,70.11512263617719,9.182824436790584,8.16117401196906,-1,END_OF_WINDOW
42.52394725927796,62.48784859185867,14.559623243843998,8.503233011114114,-1,END_OF_WINDOW
42.94521473987578,58.00651559133522,20.157955941792,8.50585922460596,-1,END_OF_WINDOW
43.48292121398719,58.35224727097945,19.206127196820635,8.289726422848393,1,END_OF_WINDOW
43.23220306922361,55.14389931510364,23.648370105677493,8.145460249787792,-1,END_OF_WINDOW
41.4663638969809,47.96446983432363,32.981080451195204,8.695784517660087,1,END_OF_WINDOW
39.8266560941841,46.006905786322186,31.635030394173583,8.418228480684363,1,END_OF_WINDOW
38.37578939488709,44.98593521148392,30.29518434492755,8.162640732064029,1,END_OF_WINDOW
35.73578204528585,38.78674270576792,39.90071035633147,8.791023536916601,1,END_OF_WINDOW
33.741803175646524,40.317060225385035,34.46875151159118,9.449521855708289,1,END_OF_WINDOW
32.5084831410518,44.455142441418516,31.878867912400867,9.487413151729127,1,END_OF_WINDOW
30.728228198396064,40.11032553960835,34.45463727764026,9.764026498034166,-1,END_OF_WINDOW
28.629622227197707,36.306158022648546,37.29815619406301,10.016596033888883,-1,END_OF_WINDOW
27.703515074112996,31.66410931460225,43.42637434917053,10.664696317182544,-1,END_OF_WINDOW
27.731150106722282,27.87779322441165,49.65787758594528,11.247932294526676,-1,END_OF_WINDOW
27.76766131688027,26.471168996040756,47.30815112254887,10.99950855920334,-1,END_OF_WINDOW
27.801564583455548,26.471168996040756,47.30815112254887,10.213829376403101,-1,END_OF_WINDOW
27.708529806421105,27.211227769373792,46.83200031462265,9.580698706660016,-1,END_OF_WINDOW
27.80086337466205,25.883283956001137,47.02860714402027,9.352791656184323,-1,END_OF_WINDOW
27.88660168802864,25.02302064045332,45.465552565007684,8.983306537885463,-1,END_OF_WINDOW
26.960108749703746,30.985816595655763,41.849751885233395,9.062356070893623,-1,END_OF_WINDOW
26.67207271897819,28.366156660929093,45.24296476442938,9.192187780115514,-1,END_OF_WINDOW
26.404610690447313,28.366156660929093,45.24296476442939,8.535602938678691,-1,END_OF_WINDOW
26.523018018100526,26.883438258902025,47.8574645522754,8.363059871630206,-1,END_OF_WINDOW
27.011928029224563,24.211123385843088,48.45977203144622,8.622841309370905,-1,END_OF_WINDOW
27.677504269293866,23.041542993070617,49.33647279090253,8.413352644415845,-1,END_OF_WINDOW
28.433146522556,21.441838603730165,48.01271823344614,8.39525602695756,-1,END_OF_WINDOW
29.327866818034373,19.660247727594008,46.938639607790215,8.50202345360347,1,END_OF_WINDOW
28.810511964092363,27.15999420611801,42.55689972002431,8.707593206917517,-1,END_OF_WINDOW
27.53295843977508,31.40029875778882,39.10256978943759,8.79990797785198,-1,END_OF_WINDOW
26.346658738623315,30.530283334201116,38.01914574047732,8.404200265148251,-1,END_OF_WINDOW
25.569978618947975,29.107601042882358,39.76423456430209,8.185328817637673,-1,END_OF_WINDOW
25.150124969694573,28.091230634208134,41.86752880151837,7.87566247352069,-1,END_OF_WINDOW
25.29543034416938,25.98471089092591,45.38656385432495,7.905972296840622,-1,END_OF_WINDOW
25.430356763324554,25.984710890925907,45.38656385432494,7.341259989923435,-1,END_OF_WINDOW
25.555645581111502,25.984710890925907,45.38656385432494,6.8168842763574755,-1,END_OF_WINDOW
24.17585917714304,35.11494395598508,39.787857006047915,7.220678256617642,-1,END_OF_WINDOW
23.626035738130046,32.161540601664406,44.852103878037134,7.320629809716374,-1,END_OF_WINDOW
24.23710519000076,27.292064139656205,53.19295446852427,8.010584823308063,-1,END_OF_WINDOW
24.804526823880714,26.652232048351905,51.94590480873701,7.616971621643202,1,END_OF_WINDOW
25.18100064303937,27.407112112569052,50.983091503366786,7.2064736486686805,-1,END_OF_WINDOW
25.283064930885004,28.811452016409834,49.7044575696735,6.863868388049479,-1,END_OF_WINDOW
24.85717077457163,32.06977779513048,47.429466436915384,6.679306360331673,-1,END_OF_WINDOW
24.516274488428692,30.46630614505043,45.780111504514245,6.528641620307995,-1,END_OF_WINDOW
23.851298913622504,32.64091212919363,44.348378212160576,6.258024361714583,-1,END_OF_WINDOW
23.653235461538934,30.068500804481435,46.129915946000196,6.308165478734973,-1,END_OF_WINDOW
22.75917348323411,31.989479107355915,40.00730586055402,6.7540108016824885,-1,END_OF_WINDOW
21.928973074808205,30.439791726569922,38.06920562380807,6.590867172990901,-1,END_OF_WINDOW
22.070143841448463,27.301217955805058,44.45474099730029,6.823662374920116,-1,END_OF_WINDOW
22.341807785809838,26.778967239459103,45.473048504373,6.45982934814011,-1,END_OF_WINDOW
22.860894586848925,25.79008572203748,47.48659495869323,6.2284129661300875,-1,END_OF_WINDOW
23.23038299083306,26.453165968286065,47.06229285047657,5.835669182835083,-1,END_OF_WINDOW
23.796549480139547,25.599442895746446,48.77075156785943,5.599549955489702,-1,END_OF_WINDOW
25.209615337544104,21.5471815786433,54.83346264895461,6.177439244383299,-1,END_OF_WINDOW
26.846162514966267,19.91998157454597,56.87443420942527,6.204765012641664,1,END_OF_WINDOW
28.365813465429706,19.729200453137388,56.329726459704354,5.8172817974529885,-1,END_OF_WINDOW
29.32104116432002,22.20558769770429,54.022380150732026,5.632475954777776,-1,END_OF_WINDOW
30.591182494553507,20.55495248856325,57.161969747918015,5.650156243722229,-1,END_OF_WINDOW
32.153106854577516,17.60456218545348,56.454618875155056,6.125859369170637,-1,END_OF_WINDOW
33.60346518888552,16.772630071137073,53.78676437534008,5.970440842801294,-1,END_OF_WINDOW
34.955798011327246,16.753203747134645,53.84028927183142,5.5504093540297825,-1,END_OF_WINDOW
35.25362142907597,22.057039001472077,50.41000682016487,5.504665828741963,-1,END_OF_WINDOW
36.40385820849526,18.657256979111033,58.05360609432667,6.04290398383182,-1,END_OF_WINDOW
35.86512279174711,27.274764188565157,49.40604325892589,6.593410842129547,-1,END_OF_WINDOW
35.45523141852617,26.580137054485217,49.50075675470409,6.282452924834564,-1,END_OF_WINDOW
35.5870710406209,24.451495969394134,53.544933190574135,6.341563430203532,-1,END_OF_WINDOW
34.16275448204635,34.07533288062394,46.716546816328965,6.7493088994747215,-1,END_OF_WINDOW
32.7926726089138,33.946794774879116,45.91073741173627,6.377215406655097,-1,END_OF_WINDOW
31.520453726719282,33.94679477487911,45.91073741173627,5.9217000204654475,-1,END_OF_WINDOW
30.339107621824375,33.94679477487911,45.910737411736264,5.4987214475750585,-1,END_OF_WINDOW
30.1589048941476,29.725972704887287,52.63600130766882,5.8309556298911325,-1,END_OF_WINDOW
30.258603877281615,28.446305162305787,54.6749647560704,5.658030227756042,-1,END_OF_WINDOW
31.12234819219544,24.45637957071214,60.38946293678899,6.11102806863061,-1,END_OF_WINDOW
31.924396484615418,24.456379570712144,60.389462936788995,5.674526063728424,-1,END_OF_WINDOW
33.65494427097754,19.301820216153455,68.73799481036109,6.676345630604952,-1,END_OF_WINDOW
35.461799483201155,16.51594126301308,63.95329289953501,7.245178085561732,-1,END_OF_WINDOW
37.13959360883737,16.51594126301308,63.953292899535,6.727665365164466,1,END_OF_WINDOW
37.47663294092272,23.895005288736908,58.3005317604499,6.852832124795577,1,END_OF_WINDOW
38.190779375894955,21.220070858472933,59.5793305837253,7.165486973024466,-1,END_OF_WINDOW
38.04625623951743,26.173470917790173,55.833195459418114,7.100095046379861,1,END_OF_WINDOW
37.91205618430973,25.15423391383043,53.658961134887775,6.8600882573527135,1,END_OF_WINDOW
38.01428558936324,23.938277404308366,54.99204593426881,6.693653381827502,1,END_OF_WINDOW
37.44137620010109,28.024349060097613,52.037847258276635,6.568392425982685,1,END_OF_WINDOW
37.16415180469504,26.036311392285814,52.33937600148445,6.564935824126778,1,END_OF_WINDOW
35.79310474175372,32.97844441791664,47.42687207529548,6.727440408117732,1,END_OF_WINDOW
34.519989611879645,32.97844441791665,47.426872075295485,6.246908950395037,1,END_OF_WINDOW
33.92844750172569,30.251654472134142,51.77382897922813,6.3235583110811175,1,END_OF_WINDOW
33.37915839943988,30.251654472134142,51.77382897922813,5.8718755745753235,1,END_OF_WINDOW
32.86910423303163,30.251654472134142,51.77382897922813,5.452455890677086,1,END_OF_WINDOW
32.395482507081105,30.251654472134142,51.77382897922813,5.062994755628723,1,END_OF_WINDOW
32.446823623100975,27.899136674385158,55.524133801338195,5.097780844512399,1,END_OF_WINDOW
32.66290450504387,26.83810434950007,56.34465673697592,4.9207964984758235,1,END_OF_WINDOW
32.94355865884422,25.992942238163995,55.993456713970986,4.717882462870435,1,END_OF_WINDOW
34.79065197859934,18.02540528444048,69.4826476114242,6.317319429808238,1,END_OF_WINDOW
36.5058100612291,15.575114765304805,60.03749672576396,6.788939470536227,1,EXIT_PROFIT_TARGET_MET
38.21451471412742,14.75428271751479,59.81441039190794,6.654729508355057,1,EXIT_PROFIT_TARGET_MET
39.512009315040444,15.50533766914401,55.586539000004116,6.6493916863296905,1,EXIT_PROFIT_TARGET_MET
40.930733886420285,14.106771011615253,55.340500429996155,6.7865779944490106,1,EXIT_PROFIT_TARGET_MET
42.248120988415856,13.807844079731838,54.167817752379115,6.438250994845499,1,EXIT_PROFIT_TARGET_MET
43.47140901169746,13.807844079731836,54.16781775237911,5.978375923785107,1,EXIT_PROFIT_TARGET_MET
44.85039831059602,12.999936313541532,56.84949461413155,5.896349072086165,1,EXIT_PROFIT_TARGET_MET
46.27329372521346,12.505602071061563,58.49033129810297,5.691609852651421,1,EXIT_PROFIT_TARGET_MET
47.82517092338738,11.19528993730414,58.77434179263082,5.903637720319166,1,EXIT_PROFIT_TARGET_MET
48.58536292559071,13.337593722374047,50.89022303129032,6.331235026010646,1,EXIT_PROFIT_TARGET_MET
49.45958454660746,12.841447913921648,52.71706005333754,6.106146809867017,1,EXIT_PROFIT_TARGET_MET
50.27136176612301,12.841447913921646,52.717060053337526,5.669993466305088,1,EXIT_PROFIT_TARGET_MET
51.67647831106017,10.711134375812184,60.560995391874485,6.312136790140428,1,EXIT_PROFIT_TARGET_MET
53.66241762604264,7.98101898942044,69.80528303052337,7.866269876558981,1,EXIT_PROFIT_TARGET_MET
54.442427416892826,12.771298438836617,59.34738956882539,8.591536313947625,-1,END_OF_WINDOW
54.926541455537325,13.940949158772336,57.95671856357779,8.169283720094244,-1,END_OF_WINDOW
55.4828077395853,13.550513174287163,59.13420008163407,7.8043348829446515,-1,END_OF_WINDOW
56.063143554652164,12.925005036515572,58.10615955166351,7.597596677020056,-1,END_OF_WINDOW
56.60202681149997,12.92500503651557,58.106159551663495,7.054911200090053,1,EXIT_PROFIT_TARGET_MET
57.43719201654839,11.696831803466198,62.08703950667505,7.238846114369342,-1,END_OF_WINDOW
58.21270256409335,11.368245357051936,60.34289544932144,6.916071391914407,1,EXIT_PROFIT_TARGET_MET
58.93281950109939,11.368245357051936,60.34289544932144,6.42206629249195,-1,END_OF_WINDOW
59.87752980070623,10.339123913658149,63.93289332447252,6.556918700171092,-1,END_OF_WINDOW
61.08419730124483,8.794599685861943,66.92585567579022,7.1578530787303185,-1,END_OF_WINDOW
62.4602628171815,7.728935852209137,70.93353319316311,7.563006430249577,1,EXIT_PROFIT_TARGET_MET
63.7380379391227,7.67584772059476,70.44630845510876,7.071363113803167,-1,END_OF_WINDOW
62.76299836264627,20.2393508102421,60.859950042073685,7.6005514628172275,1,EXIT_PROFIT_TARGET_MET
62.257720812674094,17.54555735633913,61.64742843477405,8.141226358330288,-1,END_OF_WINDOW
61.903528955294604,17.03687822669622,62.75934254084363,7.7854244755924,1,EXIT_PROFIT_TARGET_MET
61.77768733443864,15.864413035928823,63.739741931481774,7.763608441621516,-1,END_OF_WINDOW
60.76581253782197,19.814348815764568,55.829451603742285,8.230493552934245,1,EXIT_PROFIT_TARGET_MET
59.95220588219891,19.30553177729266,56.963716869365484,7.844029727724636,-1,END_OF_WINDOW
58.91489140864838,20.94140249221553,55.808925490326054,7.434456175744282,1,EXIT_PROFIT_TARGET_MET
58.31996191096878,19.38867072669705,59.08553913495044,7.456280734619676,-1,END_OF_WINDOW
57.83756744043638,18.80849490159942,58.85870378830079,7.1372606821468265,1,EXIT_PROFIT_TARGET_MET
57.38962971779915,18.741837069303156,58.65010689488522,6.651027776279191,-1,END_OF_WINDOW
57.25879749488847,17.52377340797581,61.337506321359,6.6052400779735505,1,EXIT_PROFIT_TARGET_MET
58.167839017796474,12.70695297925249,71.9648001718891,8.458437215261135,1,EXIT_PROFIT_TARGET_MET
59.01194900335391,12.24911374444728,69.37186470597491,8.147834557028206,-1,END_OF_WINDOW
60.1522055382939,10.194310738104631,71.28046185432584,9.090846374383329,1,EXIT_PROFIT_TARGET_MET
61.142597173684756,9.614464336783621,64.39330292652883,9.344357347641687,-1,END_OF_WINDOW
62.055337412457945,9.230847885405554,61.56047010963917,9.076188965667258,1,EXIT_PROFIT_TARGET_MET
63.156757575863345,8.303332815883296,65.42287188261504,9.369318325262475,-1,END_OF_WINDOW
64.33152273368209,6.912360879081151,60.867411526600335,10.450795587743741,1,EXIT_PROFIT_TARGET_MET
65.42237609451378,6.377681033854164,56.159240361391134,10.517881617190609,-1,END_OF_WINDOW
65.02514409753401,13.089848658814326,52.132954330894584,10.520890073105562,1,EXIT_PROFIT_TARGET_MET
64.91691123249765,12.103164893843038,54.23351043785192,10.565826496455172,-1,END_OF_WINDOW
64.5386209407412,13.157126405083021,52.010790580580625,10.230410318136938,1,EXIT_PROFIT_TARGET_MET
64.1873513841102,13.157126405083023,52.01079058058064,9.4996667239843,-1,END_OF_WINDOW
64.24354091421836,11.965389894876365,56.35752186523114,9.699690529413973,1,EXIT_PROFIT_TARGET_MET
64.39150988255699,10.782755005107157,53.23855470044954,9.994712634455858,-1,END_OF_WINDOW
64.56143801290504,10.147057010889005,50.925532964889804,9.862233160566145,1,EXIT_PROFIT_TARGET_MET
64.71922841965682,10.147057010889005,50.92553296488981,9.15778793481142,-1,END_OF_WINDOW
63.65183634149533,15.970148453694964,47.625206616490516,9.092945939467747,1,EXIT_PROFIT_TARGET_MET
62.80188314625917,15.008980855840885,47.20762413007933,8.984164086648635,-1,END_OF_WINDOW
62.68028367294136,12.747496335939966,52.791472208580075,9.822438080459433,1,EXIT_PROFIT_TARGET_MET
60.962846876027015,20.767830530389034,46.9196981919711,10.26226393185519,-1,END_OF_WINDOW
59.36808413603512,20.167680372996454,45.5638096116247,9.812816508151235,-1,END_OF_WINDOW
56.6610694604822,26.95319148480863,41.691020522434876,9.958329614711888,-1,END_OF_WINDOW
53.85494605393063,28.340761967170156,40.26045847686113,9.575591785089603,-1,END_OF_WINDOW
51.06490584313235,28.395861841816995,38.2566967003301,9.357335229011774,-1,END_OF_WINDOW
49.14356200125695,26.23487933262586,42.955486940736925,9.404668426939535,-1,END_OF_WINDOW
47.61276637646545,24.185475496710133,42.72913579742838,9.472906396443832,-1,END_OF_WINDOW
46.37618674854986,22.62219232767324,42.291448451828714,9.4041273681264,-1,END_OF_WINDOW
45.64889262346306,21.014961153120808,44.85653644243337,9.400261127545969,-1,END_OF_WINDOW
44.97354807873961,20.648303429998958,44.07390375521222,8.883813904149834,-1,END_OF_WINDOW
44.34644243006783,20.648303429998958,44.073903755212214,8.249255768139133,-1,END_OF_WINDOW
44.944895840219765,16.819789624350516,54.33712193929891,9.40359464184347,-1,END_OF_WINDOW
45.500602578217986,16.03788101555767,51.81112938111285,9.157623595997512,1,EXIT_PROFIT_TARGET_MET
46.016615977787765,15.63469845036433,50.50862913003995,8.72279333914056,-1,END_OF_WINDOW
46.69489483924479,15.012468334998024,52.47828793118772,8.435450957773366,1,EXIT_PROFIT_TARGET_MET
46.95615478728366,16.936413710402533,51.290285910228555,8.014347317932408,-1,END_OF_WINDOW
47.34648768697744,16.4485761040056,52.69332381046819,7.66260822379439,1,EXIT_PROFIT_TARGET_MET
49.71104723684939,8.259689766378015,76.23980435951121,14.169564779237664,-1,END_OF_WINDOW
52.058621744616836,6.166182804759671,64.61628610622648,17.624595866434973,1,EXIT_PROFIT_TARGET_MET
51.815912839545184,18.24631122870051,52.83494694445117,20.014981875975344,-1,END_OF_WINDOW
51.323017560885326,18.211151760329493,47.90948739205255,20.49605459911996,1,EXIT_PROFIT_TARGET_MET
50.237279319627994,20.714286856783783,44.14218352983806,20.65633641346852,1,EXIT_PROFIT_TARGET_MET
48.941943578935415,21.31329728170629,41.46757701980715,20.41802666964935,1,EXIT_PROFIT_TARGET_MET
47.73913181972088,20.80767505985787,40.483828322911634,19.420310478960133,1,EXIT_PROFIT_TARGET_MET
45.730988170512695,25.289414289965173,37.63923834356515,19.39600258760583,1,EXIT_PROFIT_TARGET_MET
43.831423283560795,25.182664594629685,37.102161423935776,18.271288117062568,1,EXIT_PROFIT_TARGET_MET
41.745974872761835,26.57047992945916,35.68108740504906,17.641910394415245,1,EXIT_PROFIT_TARGET_MET
39.2207766628923,29.60264465326026,33.6462745119589,17.372488223385577,1,EXIT_PROFIT_TARGET_MET
37.40644033472986,26.527531487531665,35.03559786990015,18.00159620742945,1,EXIT_PROFIT_TARGET_MET
35.830820548212714,24.073114476634988,32.802203699842586,18.42005362118447,1,EXIT_PROFIT_TARGET_MET
34.36774503216108,23.212324203151866,31.629284511465787,17.7386212196713,1,EXIT_PROFIT_TARGET_MET
32.769444577722844,24.157120579870377,30.74014773913124,16.948005418266213,1,EXIT_PROFIT_TARGET_MET
31.285308441458763,24.157120579870377,30.740147739131242,15.73743360267577,1,EXIT_PROFIT_TARGET_MET
30.55167518400268,22.7315817547286,34.827249432191614,15.529759773913211,1,EXIT_PROFIT_TARGET_MET
29.87044430207917,22.7315817547286,34.827249432191614,14.420491218633696,1,EXIT_PROFIT_TARGET_MET
28.39751902504814,27.241478381821608,32.794500499159334,14.220456131588426,1,EXIT_PROFIT_TARGET_MET
27.02909965031422,27.245413914247795,32.792726633813466,13.205423550760697,1,EXIT_PROFIT_TARGET_MET
27.010054176570158,23.823266636849223,41.23426429205411,14.023607582849209,1,EXIT_PROFIT_TARGET_MET
27.14273384804574,23.30552766063769,42.22162366013837,13.311207041217104,1,EXIT_PROFIT_TARGET_MET
27.76969835744504,20.521088714282282,43.52748995402785,14.037549395415883,1,EXIT_PROFIT_TARGET_MET
28.351879687601535,20.521088714282282,43.52748995402785,13.034867295743322,1,EXIT_PROFIT_TARGET_MET
29.743827929797803,17.90119465833306,50.73724356183733,13.875233917475954,1,EXIT_PROFIT_TARGET_MET
31.03635129755148,16.967136054759624,48.08984712964033,13.59343149479909,1,EXIT_PROFIT_TARGET_MET
32.236551567608466,16.967136054759624,48.089847129640326,12.622472102313441,-1,END_OF_WINDOW
32.15852256347619,23.317896114109892,44.411700117722326,12.691581237862492,1,END_OF_WINDOW
32.672907568402834,20.465031471476156,47.03167692682746,13.427896863729456,1,END_OF_WINDOW
33.41301165353719,19.586480782542324,49.17947153281676,13.028047087748776,-1,END_OF_WINDOW
34.10025116116194,19.586480782542328,49.17947153281676,12.097472295766721,1,END_OF_WINDOW
35.09255079633688,18.081483494628213,51.45258270378279,12.168367131783395,-1,END_OF_WINDOW
35.30061327339411,22.006107075859273,48.98754759317668,11.867769479513155,1,END_OF_WINDOW
35.63775687663135,20.816084571025208,48.594722481733285,11.650071659547942,1,END_OF_WINDOW
35.95081879392307,20.816084571025204,48.59472248173327,10.817923683865947,1,END_OF_WINDOW
36.11906184236036,21.491567551075878,48.18018238506251,10.131643420732669,1,END_OF_WINDOW
35.811530273542,23.34745255941444,45.133826305808114,10.04295460496604,1,END_OF_WINDOW
35.66976115627811,22.066319451150935,44.62625999266797,9.86702927603989,1,END_OF_WINDOW
35.878566119659766,20.763267275366776,46.86184919916892,9.737241470608483,1,END_OF_WINDOW
36.2915171443719,19.005146061081295,46.147775162827635,9.87815279413645,1,END_OF_WINDOW
36.78646182345297,17.1803008082926,43.33581585327396,10.146856165983872,1,END_OF_WINDOW
37.2460533111711,15.995570645776219,40.347436969136616,10.119937868413595,1,END_OF_WINDOW
36.32165705187292,22.62939395384971,37.161202983089936,10.20279944924121,1,END_OF_WINDOW
35.463289096810314,22.177931029552894,36.41982628500654,9.666885202866826,1,END_OF_WINDOW
35.24045286829692,20.662019765036,40.41724025068159,9.634964831233468,1,END_OF_WINDOW
35.742810864425884,18.697542806217303,46.082173301826685,9.886753057573957,1,END_OF_WINDOW
36.47000955896238,17.049957682196194,46.00880860113037,10.067699267747251,1,END_OF_WINDOW
37.14526548960341,17.048655065808664,46.00529352917702,9.349292177193892,1,END_OF_WINDOW
37.772288853770085,17.047252470736968,46.0015086676893,8.682199878822914,1,END_OF_WINDOW
36.5700413530858,26.60607340110842,40.700657315824756,9.112042744621263,1,END_OF_WINDOW
34.846259564093366,30.12973512849923,38.68875731026587,8.901182548576877,1,END_OF_WINDOW
33.24560504574325,30.129735128499227,38.68875731026587,8.2653837951071,1,END_OF_WINDOW
32.22724235861482,28.541303205667166,41.92107032933251,8.102142095456594,1,END_OF_WINDOW
31.492718116721903,27.7406454095192,43.33809530591448,7.740560517209692,1,END_OF_WINDOW
31.009850753170852,26.53805385109588,43.97865071430723,7.513377623123282,1,END_OF_WINDOW
29.366397646690025,33.772784182645744,39.647514732441024,7.738850650043053,1,END_OF_WINDOW
27.708928303289508,33.682454817051756,38.10593083127457,7.476789889325704,1,END_OF_WINDOW
27.42772671594681,28.102360056867305,45.6301245019783,8.321304897231023,1,END_OF_WINDOW
27.60128653983876,23.452126755235145,43.417882832021846,9.259068833143113,1,END_OF_WINDOW
27.762449233452713,22.59429079268333,41.82973597865149,8.924135345061474,1,END_OF_WINDOW
26.995066835641715,27.704246550624536,39.068336304051435,8.872411391842785,1,END_OF_WINDOW
26.82059407766112,25.220293178781137,41.63487331788657,9.05009629242542,1,END_OF_WINDOW
25.484360042020903,30.672369170902044,36.08892498545618,9.69508941439503,1,END_OF_WINDOW
23.858993114956952,33.01613188773068,34.86886487580309,9.317583027652551,1,END_OF_WINDOW
23.28938006320838,28.22326920695764,38.88264858539026,10.12132709710595,1,END_OF_WINDOW
22.459623131369742,26.026574005077343,32.90559864613235,11.105518018741247,1,END_OF_WINDOW
21.689134551805292,25.45530438204538,32.18333804700201,10.54369530311689,1,END_OF_WINDOW
20.97368087078116,25.455304382045377,32.183338047002,9.790574210037112,1,END_OF_WINDOW
19.96577230926692,31.505339054935046,27.458662610918346,10.655533195034469,1,END_OF_WINDOW
19.029857216432273,29.856487314121818,26.02159622774213,10.440852252532013,1,END_OF_WINDOW
18.160793201657242,29.856487314121818,26.02159622774213,9.69507709163687,1,END_OF_WINDOW
17.8712665587025,33.013519338400336,24.850411474253644,9.426857299377097,1,END_OF_WINDOW
18.048488689625962,35.80895794353079,23.697898534329124,9.17922463513588,1,END_OF_WINDOW
18.70155178038887,38.46218594657826,22.01705152651289,9.17428001834047,1,END_OF_WINDOW
20.148736615208477,44.578417591231755,19.5806659720161,9.5789743027447,1,END_OF_WINDOW
21.878069400276118,45.49696803410534,17.53594761792635,9.931904709691505,1,END_OF_WINDOW
25.821768630190864,71.10177798243589,9.198447605721212,17.581768658999238,1,END_OF_WINDOW
29.483775057968842,65.00156246137807,8.40926181534732,17.85807089764217,1,END_OF_WINDOW
32.16396103164373,57.86987200963035,11.432716866033235,18.62606583352488,1,END_OF_WINDOW
34.65270515005613,52.26438549406965,10.325302282187122,19.150632559701695,1,END_OF_WINDOW
36.96368183143907,50.44678084450039,9.966218036598109,18.42344451972302,1,END_OF_WINDOW
39.10794009246968,50.33329676125077,9.952130007867453,17.146055625457088,1,END_OF_WINDOW
41.217549366979306,51.74709890836269,9.621901353697261,16.467765937924447,1,END_OF_WINDOW
42.700904768070835,49.07859954178298,11.518052573173899,16.122925513786978,1,END_OF_WINDOW
43.72846507814831,45.48088859540427,12.424553911144505,16.15557369137362,1,END_OF_WINDOW
43.86408588171291,42.831723843870606,15.99209023567381,15.92946128484695,1,END_OF_WINDOW
44.424400186689255,46.77448771826426,14.889152734374012,15.88735690735786,1,END_OF_WINDOW
44.94469204131014,45.883632434192485,14.605577626749916,15.038974271117997,1,END_OF_WINDOW
45.10855674787547,44.679275631590606,16.01026579193204,14.34119039460957,1,END_OF_WINDOW
45.260716832543274,44.679275631590606,16.01026579193204,13.316819652137458,1,END_OF_WINDOW
45.52887241027774,45.82462799690381,15.67879153877577,12.627046819841915,1,END_OF_WINDOW
45.97637059342649,47.381373838986285,15.047209115353878,12.21725776128177,1,END_OF_WINDOW
46.65639925226129,48.862445720153836,13.98444833321342,12.206739349761657,1,END_OF_WINDOW
47.28785443546503,48.07476985556672,13.759015236910296,11.520543681921533,1,END_OF_WINDOW
48.18596630850183,50.52428874408001,12.685819781322799,11.602647704641429,1,END_OF_WINDOW
49.04998061459079,50.85337866595993,12.60143947965874,10.846030011452738,1,END_OF_WINDOW
48.62628661482184,47.25710540061836,18.782132186297535,10.837742153491831,1,END_OF_WINDOW
47.58552959500098,44.757026081829714,22.016755227928314,10.625760571099583,1,END_OF_WINDOW
46.61911236231018,44.1119597959028,21.699435965091784,10.011063387449612,1,END_OF_WINDOW
45.63750604900005,43.45418941167939,21.9511288624188,9.436701716917517,1,END_OF_WINDOW
44.72601447235493,43.45418941167939,21.9511288624188,8.762651594280552,1,END_OF_WINDOW
44.323425869836186,46.664370415543075,20.435271867431137,8.740319337546214,1,END_OF_WINDOW
43.94959359606877,46.50067046304187,20.3635843464326,8.144582242007207,1,END_OF_WINDOW
43.96884407870543,49.59954020630856,19.184053762745087,8.027826367578136,1,END_OF_WINDOW
43.986719526868036,48.703515031085644,18.83749016431755,7.591553055608275,1,END_OF_WINDOW
44.18202095671831,50.28039284274214,18.258416953250347,7.272870694493406,1,END_OF_WINDOW
44.731994659839174,53.68492877581635,17.00817705489833,7.249808502029579,1,END_OF_WINDOW
45.15065958956304,49.86002182810172,16.358090944540447,7.248393609027467,1,END_OF_WINDOW
45.53941988144949,49.86002182810172,16.358090944540447,6.730651208382648,1,END_OF_WINDOW
45.68749780771204,48.992145742665954,17.38724914851757,6.360604693498186,1,END_OF_WINDOW
45.82499873924155,48.992145742665954,17.38724914851757,5.906275786819744,1,END_OF_WINDOW
45.83606447568374,48.631125047475855,17.996018417384153,5.525113230618314,1,END_OF_WINDOW
45.31098864770051,46.938561418871025,20.85009502967755,5.315462285574159,1,END_OF_WINDOW
44.82341823600179,46.93856141887102,20.85009502967755,4.935786408033148,1,END_OF_WINDOW
44.935795693096146,51.76470518867429,18.953697967742798,5.041801664602214,1,END_OF_WINDOW
45.04014618896947,51.76470518867429,18.953697967742798,4.681672974273484,1,END_OF_WINDOW
45.137043077994704,51.76470518867429,18.953697967742798,4.347267761825378,1,END_OF_WINDOW
43.838395738154155,46.706788348242455,26.872712562910756,4.473891493123558,1,END_OF_WINDOW
43.5909171049677,51.24601859141123,21.76768762694603,5.128613529329042,1,END_OF_WINDOW
43.36111551700885,47.81106698217131,20.30862884152574,5.104426848662679,1,END_OF_WINDOW
41.49676542466431,42.03959532593227,29.66348931206505,5.390539216615322,1,END_OF_WINDOW
39.76558319605867,39.904218546279985,28.156749635116395,5.273357843999942,1,END_OF_WINDOW
38.486998835364496,41.35772596756533,26.51670802133911,5.199546569428534,1,END_OF_WINDOW
37.018822381943316,39.66197020300515,27.60016809197732,5.03457895732652,1,END_OF_WINDOW
35.97766546332566,40.30350838878136,25.528971464031844,5.054251888946083,1,END_OF_WINDOW
35.01087689603783,39.36879915729088,24.936909724202522,4.8046624683071055,1,END_OF_WINDOW
35.186283203895165,46.871603052542326,21.32185618212938,5.217900863428037,1,END_OF_WINDOW
36.20285700640907,51.848147360737215,17.551841337265643,5.88590794461176,1,END_OF_WINDOW
37.2798492525803,52.39223587113392,16.872672462497526,5.685485948568091,1,END_OF_WINDOW
38.27991348116787,52.39223587113392,16.87267246249753,5.279379809384656,1,END_OF_WINDOW
39.208544550570615,52.39223587113392,16.87267246249753,4.902281251571466,1,END_OF_WINDOW
39.158640149626144,49.24714028031005,21.86278954698745,4.842832590744912,1,END_OF_WINDOW
38.57715782333923,47.322860804644854,24.91591769827992,4.679773119977415,1,END_OF_WINDOW
36.2982596628813,40.62513188659571,35.54276528878003,5.061932182836185,1,END_OF_WINDOW
34.084593674910245,40.22777595117265,36.17322391387339,4.746794169776464,1,END_OF_WINDOW
31.830599993220055,37.90003287223705,39.86650132661393,4.6784517290781436,1,END_OF_WINDOW
29.711752475322626,40.13441566369288,38.432087934148335,4.506419462715417,1,END_OF_WINDOW
27.632171843322062,38.40379035372114,38.8655703097209,4.373103786807165,1,END_OF_WINDOW
26.1121748551702,39.98812634762974,35.21129798061618,4.482167802035198,1,END_OF_WINDOW
25.070988508926742,34.71024168114079,43.76251875993372,4.794870101889804,1,END_OF_WINDOW
24.095273796562175,45.048655681434504,35.82067094343333,5.439522237469116,1,END_OF_WINDOW
23.9125320818472,48.29367488397115,31.177957090809205,5.803127791935589,1,END_OF_WINDOW
24.422935036957778,52.689982630093745,27.717032425446433,6.061475806797338,1,END_OF_WINDOW
24.896880638131886,51.44306301103775,27.061102971911925,5.764941820597518,1,END_OF_WINDOW
24.548660546402125,47.41311331711689,31.5943896070929,5.808160261983435,1,END_OF_WINDOW
24.22531331836735,44.95987163409891,29.959637781891654,5.687577386127501,1,END_OF_WINDOW
23.9204219508184,42.57048711655486,28.405856015797486,5.577750429975543,1,END_OF_WINDOW
22.92729405149816,40.00502798413478,32.72039087205108,5.511482542120154,1,END_OF_WINDOW
21.870221661387404,39.50330609613165,33.56417612147457,5.18280521768299,1,END_OF_WINDOW
21.389747812445545,42.949544261117005,31.652168418873153,5.103319130705613,1,END_OF_WINDOW
20.664268321879494,40.95557057216914,32.68365107200583,4.9695106213694995,1,END_OF_WINDOW
19.990608794925304,40.873322388188086,32.61801480057834,4.623831291271686,1,END_OF_WINDOW
20.694524196509676,50.52063584497934,27.295946559480814,5.130700484752266,1,END_OF_WINDOW
21.23344636928456,48.415582321516226,27.09252088672723,4.971364735841396,1,END_OF_WINDOW
22.158698865037362,49.62610257603221,24.339496905560882,5.138410111852721,1,END_OF_WINDOW
23.01786189680782,47.891107947925136,23.488555683302337,4.944237961006103,1,END_OF_WINDOW
23.373275457744505,43.49277816412975,24.468058282833255,5.0553638209342395,1,END_OF_WINDOW
23.703302335757144,43.492778164129746,24.46805828283325,4.694266405153223,1,END_OF_WINDOW
24.00975586534031,43.492778164129746,24.46805828283325,4.358961661927993,1,END_OF_WINDOW
24.294319857096106,43.49277816412974,24.468058282833248,4.047607257504565,1,END_OF_WINDOW
23.747768611823872,40.7947772539254,29.153554498627688,4.007063881968526,1,END_OF_WINDOW
23.24025674121394,40.7947772539254,29.15355449862769,3.720845033256489,1,END_OF_WINDOW
21.85092228192001,37.542743158902574,34.801215101051255,3.7543561023096004,1,END_OF_WINDOW
20.80123886856907,37.788398643207664,32.74171872011742,3.705473523573212,1,END_OF_WINDOW
19.82653284188605,36.78052793588145,31.86845019352289,3.5350825576037086,1,END_OF_WINDOW
20.142553372809374,45.26123522155629,27.59339080256081,3.791148089203436,1,END_OF_WINDOW
18.8338201606111,39.001652407116104,37.607151239401865,4.0853517971174655,1,END_OF_WINDOW
17.61856789214128,39.001652407116104,37.607151239401865,3.793540954466218,1,END_OF_WINDOW
16.820816535097062,36.5277569561586,41.56476265314189,3.761145172004356,1,END_OF_WINDOW
16.206001284113146,41.400003901255175,35.115478923174194,4.133920516861189,1,END_OF_WINDOW
15.802889405011785,42.55445263819217,34.42368672200263,3.915783337085385,1,END_OF_WINDOW
15.428571231560522,42.55445263819217,34.42368672200263,3.6360845272935722,1,END_OF_WINDOW
14.355649564962675,39.48078913425491,39.160195085981414,3.639221346772591,1,END_OF_WINDOW
14.568662206157164,47.87615442028604,33.72780200424775,3.9235626791459697,1,END_OF_WINDOW
14.505051899154585,45.30055918140681,34.39914031224673,3.8504510592069785,1,END_OF_WINDOW
15.213259262661795,49.872711190973654,30.295636717014787,4.059704554977923,1,END_OF_WINDOW
16.121525420362012,48.09005167480737,27.092365348127586,4.2154399439080885,1,END_OF_WINDOW
16.608957398600822,42.024225717604374,26.338098606273388,4.479337090771786,1,END_OF_WINDOW
16.513462633313768,38.28341417414149,28.139314647034723,4.56581301285952,1,END_OF_WINDOW
16.424788922690077,38.078125934637434,27.988422400631,4.262540654798138,1,END_OF_WINDOW
15.942312359918729,36.83506848207303,30.33923473733765,4.091644893741121,1,END_OF_WINDOW
14.921272323055247,34.98053666356438,33.84643890458774,4.000813115616767,1,END_OF_WINDOW
13.9731637173963,34.98053666356438,33.84643890458774,3.7150407502155693,1,END_OF_WINDOW
13.092777154998707,34.98053666356438,33.84643890458774,3.449680696628743,1,END_OF_WINDOW
12.516797764375035,33.36602227993082,36.89973328209722,3.358274932583838,1,END_OF_WINDOW
12.306230233335299,32.22915431063257,39.04972501572104,3.22839815168499,1,END_OF_WINDOW
12.641797621003619,30.294647532571524,42.70817410021574,3.1892268551360505,1,END_OF_WINDOW
12.307493841885956,40.04273342422468,34.13688957124149,3.7049963654834652,1,END_OF_WINDOW
12.215860741758723,41.535749082313075,33.2868356318431,3.528210910806076,1,END_OF_WINDOW
12.24533774584887,42.327900889519555,32.83582109581364,3.321195845748507,1,END_OF_WINDOW
12.211208346205236,42.0842200104429,33.22248393082058,3.1018247139093282,1,END_OF_WINDOW
13.31312343423936,50.2938527133317,28.513156169045786,3.355980091487223,1,END_OF_WINDOW
14.336330301699618,45.91569166030099,26.03103990426403,3.413410084952411,1,END_OF_WINDOW
15.864492878912367,48.283234063623766,22.862449802982248,3.6088807931701026,1,END_OF_WINDOW
17.803084735065994,52.58829482125595,20.95931000512174,3.6553893079436497,1,END_OF_WINDOW
19.603205744351502,52.58829482125595,20.95931000512174,3.3942900716619606,1,END_OF_WINDOW
19.66749924457377,46.23818679858271,30.503580671438012,3.584697923686135,1,END_OF_WINDOW
19.727200351923017,46.23818679858271,30.50358067143801,3.328648071994268,1,END_OF_WINDOW
20.987066327065065,55.4434786541228,25.2806474034024,3.7294589239946814,1,END_OF_WINDOW
21.827438169661214,51.750304180812904,26.214921352508288,3.7102118579950636,1,END_OF_WINDOW
22.607783452071924,51.7503041808129,26.214921352508288,3.4451967252811304,1,END_OF_WINDOW
23.332389785739014,51.750304180812904,26.214921352508288,3.1991112449039067,1,END_OF_WINDOW
24.00523852414417,51.7503041808129,26.214921352508288,2.9706032988393423,1,END_OF_WINDOW
24.630026638377526,51.750304180812904,26.214921352508288,2.7584173489222463,1,END_OF_WINDOW
24.981800493387645,50.77333369875694,27.607876331147878,2.6106732525706615,1,END_OF_WINDOW
23.568479801793064,42.973496602237894,38.72880794139453,2.864196591672747,1,END_OF_WINDOW
22.256110588169523,42.973496602237894,38.72880794139453,2.659611120838979,1,END_OF_WINDOW
21.03748203266195,42.97349660223789,38.72880794139453,2.4696388979219095,1,END_OF_WINDOW
19.905898373976346,42.97349660223789,38.72880794139453,2.293236119498916,1,END_OF_WINDOW
19.138535703577585,38.058529575159206,45.736519961322834,2.4044335395347014,1,END_OF_WINDOW
18.42598465249302,38.058529575159206,45.736519961322834,2.2326882867107942,1,END_OF_WINDOW
18.4160027252797,51.66418959871956,35.690333828082686,2.6567819805171387,1,END_OF_WINDOW
19.17452905965321,57.312489622925355,31.519725913340203,2.793440410480212,1,END_OF_WINDOW
20.39917195794846,61.24994730992273,28.61237465314154,2.8574803811602005,1,END_OF_WINDOW
21.536340363508337,61.249947309922725,28.612374653141536,2.653374639648758,1,END_OF_WINDOW
20.26835167196555,44.55969793817697,48.065081494944856,3.3867050225309945,1,END_OF_WINDOW
18.87217284092943,46.07836989635791,46.74843839021113,3.2333689494930833,1,END_OF_WINDOW
17.728662993773945,47.05269533853301,44.433415969260594,3.1588425959578346,1,END_OF_WINDOW
16.666832421415283,47.05269533853302,44.433415969260594,2.9332109819608463,1,END_OF_WINDOW
16.961966047698517,56.13954892468817,36.8077219357881,3.287981626106474,1,END_OF_WINDOW
17.423266149055245,57.49204612495898,35.67270531726269,3.1502686528131636,1,END_OF_WINDOW
17.851616243172206,57.492046124958996,35.6727053172627,2.925249463326509,1,END_OF_WINDOW
18.2493699019951,57.49204612495899,35.67270531726269,2.7163030730889015,1,END_OF_WINDOW
17.665164555993417,51.6553555104626,42.203322027522375,2.807281425011107,1,END_OF_WINDOW
18.840086132314674,63.98951752547251,31.435994706049325,3.499618466081742,1,END_OF_WINDOW
20.682589330807858,69.51721794375058,26.61048976568832,3.838931432790189,1,END_OF_WINDOW
23.512850437863943,76.01515920479729,18.8222681026692,5.039722044733754,1,END_OF_WINDOW
26.669587927209747,80.29750131635352,15.461670797925622,5.696884755824184,-1,END_OF_WINDOW
29.787661196849403,80.81447620551795,14.081291830116358,5.808535844693901,1,END_OF_WINDOW
32.843518390912514,82.19832589710151,13.065609820860551,5.812926141501472,-1,END_OF_WINDOW
35.70820866920561,76.60134106365113,11.981143167500951,5.886288559965664,1,END_OF_WINDOW
38.36827821333491,76.60134106365112,11.981143167500951,5.4658393771109735,-1,END_OF_WINDOW
41.01058341568817,78.4578387352923,11.023904184853942,5.516136564460195,1,END_OF_WINDOW
43.46415253215905,78.4578387352923,11.023904184853942,5.122126809855896,-1,END_OF_WINDOW
43.591974421329205,65.99896645648556,24.875118120381547,5.654117752009025,1,END_OF_WINDOW
43.70756053797503,61.66187044447315,23.26588106907123,5.619537912579814,-1,END_OF_WINDOW
43.794868039698905,61.56074948381806,23.39171941561158,5.226713775966962,1,END_OF_WINDOW
41.828615634290614,50.9007534985381,36.65737927706997,5.86980564911218,-1,END_OF_WINDOW
40.12556088254087,45.00863004877423,31.28633309869701,6.386248102747018,-1,END_OF_WINDOW
38.54415289877324,45.00863004877423,31.286333098697014,5.930087523979374,1,END_OF_WINDOW
37.07570262813188,45.008630048774236,31.28633309869702,5.506509843695133,-1,END_OF_WINDOW
35.712141662536325,45.008630048774236,31.286333098697018,5.113187712002623,1,END_OF_WINDOW
34.445977908769024,45.00863004877423,31.286333098697014,4.7479600182881505,-1,END_OF_WINDOW
33.27025442312796,45.00863004877423,31.286333098697014,4.4088200169818546,1,END_OF_WINDOW
32.17851118646126,45.00863004877422,31.28633309869701,4.093904301483151,-1,END_OF_WINDOW
30.464431353004667,42.097741504262686,35.730321409774966,4.064339708520057,1,END_OF_WINDOW
28.872785793366404,42.09774150426268,35.730321409774966,3.7740297293400533,1,END_OF_WINDOW
27.64749538866622,43.84880449337514,34.64977558936702,3.613741891530064,1,END_OF_WINDOW
26.509725727158905,43.84880449337514,34.649775589367025,3.355617470706488,1,END_OF_WINDOW
25.453225327187827,43.84880449337514,34.649775589367025,3.1159305085131677,1,END_OF_WINDOW
25.0042618892384,33.73121334448251,49.728564161015825,3.7612211864765195,1,END_OF_WINDOW
24.58736726828536,33.73121334448251,49.728564161015825,3.4925625302996255,1,END_OF_WINDOW
25.432338413792667,27.50391013351816,59.00944803029121,3.9773794924210955,1,END_OF_WINDOW
26.667803598324546,21.56486795002337,53.7430953980971,4.710423814391001,1,END_OF_WINDOW
27.994817052833763,18.202858944876084,48.28673550476273,5.1818221133631015,1,END_OF_WINDOW
29.227043832020893,17.91824679273245,47.53174466768494,4.888120533837178,1,END_OF_WINDOW
30.309264852240418,18.239906106790336,47.34547880726678,4.556826209991666,1,END_OF_WINDOW
31.31418437101569,18.239906106790336,47.34547880726679,4.23133862356369,1,END_OF_WINDOW
32.47175836976348,17.550733680914025,49.33496515063355,4.083385864737702,1,END_OF_WINDOW
33.975769514179355,16.153954457876225,53.367153735948314,4.11957258868502,1,END_OF_WINDOW
35.65385540217166,15.17629132657699,56.18944809234226,4.071745975207505,1,END_OF_WINDOW
37.52965573562705,13.96530540273719,59.372373105386984,4.108764119835518,1,END_OF_WINDOW
40.15365756333638,10.275540370084684,69.58311452013476,5.185280968418684,1,END_OF_WINDOW
42.59023068906647,9.486073851162494,64.23706582415537,5.215618042103072,1,END_OF_WINDOW
44.85027319452133,9.223319078616694,62.36080693691511,4.988788181952851,1,END_OF_WINDOW
46.099653642249145,13.745246014568158,59.2543812582772,4.875303311813368,-1,END_OF_WINDOW
47.25979262942497,13.74524601456816,59.2543812582772,4.527067360969556,-1,END_OF_WINDOW
48.33706454608824,13.745246014568158,59.25438125827719,4.2037054066145885,-1,END_OF_WINDOW
49.33738846870414,13.745246014568158,59.25438125827718,3.9034407347135467,-1,END_OF_WINDOW
50.54835655366853,12.662289482164784,62.464635475364204,3.9346235393768754,-1,END_OF_WINDOW
51.96900965212962,11.455186327909946,66.04290281616481,4.038579000849946,-1,END_OF_WINDOW
53.20498169526863,11.350720319856404,62.5294456796484,3.960823357932113,-1,END_OF_WINDOW
54.35267002104056,11.350720319856404,62.52944567964839,3.677907403794105,-1,END_OF_WINDOW
55.418380609257355,11.350720319856405,62.5294456796484,3.415199732094526,-1,END_OF_WINDOW
56.45831023238752,11.157217558580289,63.16822943285662,3.2262568940877734,-1,END_OF_WINDOW
57.58435019007636,10.345673039369244,64.14490899914824,3.230809973081534,-1,END_OF_WINDOW
55.7227988318463,57.09470933491817,29.726408559252388,6.473609260718575,-1,END_OF_WINDOW
53.994215427775515,56.05561756449632,29.18540455278789,6.122637170667245,-1,END_OF_WINDOW
52.39558197279611,56.10525087058165,29.152440882869026,5.6917345156195625,-1,END_OF_WINDOW
51.60531232644604,61.53734802358767,25.544745332403373,6.031610621646756,-1,END_OF_WINDOW
50.871490511978116,60.374681546612884,25.062111289586653,5.708638434386289,-1,END_OF_WINDOW
49.140122543704074,54.927272829366096,31.823510236229648,5.826592831930103,-1,END_OF_WINDOW
46.241436948500876,47.458752744231305,39.97565756895517,6.2618362010779585,-1,END_OF_WINDOW
43.54980032438362,42.28968233012389,35.62162429004031,6.52527647242952,-1,END_OF_WINDOW
41.05042345913188,42.28968233012389,35.62162429004031,6.059185295827412,-1,END_OF_WINDOW
38.848689108871675,43.11298665803685,35.11344068216202,5.707814917554049,-1,END_OF_WINDOW
37.33330849017332,46.8518968833023,32.80560283485597,5.672970994871602,-1,END_OF_WINDOW
36.07169890790592,46.5194493719816,31.22626528417045,5.5341873523807745,-1,END_OF_WINDOW
35.20335104173614,46.252975597804976,28.399874351820362,5.650316827210742,-1,END_OF_WINDOW
35.36142309913039,53.70837653257848,24.460447897146455,6.091722768124255,1,END_OF_WINDOW
34.9363035395052,46.769111106169255,25.511549929070508,6.495885427543951,-1,END_OF_WINDOW
32.745512057851386,39.826834811394754,36.56840752014187,7.083322182719369,-1,END_OF_WINDOW
30.72738611802836,34.057144737842215,37.260556812991716,7.691656312525122,-1,END_OF_WINDOW
29.134981363910033,33.04264949162921,39.12944122339114,7.361538004487594,-1,END_OF_WINDOW
27.660105407967226,33.028844331177055,39.154872835070364,6.838571004167049,-1,END_OF_WINDOW
26.734108579815363,44.01211802941663,32.73347125296293,7.595815932440803,-1,END_OF_WINDOW
25.874254382245777,44.01211802941663,32.73347125296293,7.053257651552174,-1,END_OF_WINDOW
25.43361542010566,46.57020287232697,31.237879819230155,6.863024962155614,-1,END_OF_WINDOW
24.014304805609882,41.700022184875834,37.30477454446404,7.1170946077159325,-1,END_OF_WINDOW
22.373508198799442,39.610787590652684,40.445900784963555,6.9573021357362315,-1,END_OF_WINDOW
21.34043713881755,43.97187258205289,37.5250478074264,6.963209126040784,-1,END_OF_WINDOW
20.058795000776634,42.461451909479415,39.67104373092539,6.695837045609285,-1,END_OF_WINDOW
19.262745487482228,45.18801288912474,37.791164529100946,6.526848685208617,-1,END_OF_WINDOW
18.52355665370885,45.188012889124735,37.791164529100946,6.0606452076937165,-1,END_OF_WINDOW
17.353928412274467,41.222150531137366,39.487884553311616,6.169170550001303,-1,END_OF_WINDOW
16.267845045228253,39.00902348142461,37.367866448607046,6.053515510715509,-1,END_OF_WINDOW
17.2779307427691,28.739618108778046,53.85622507412531,7.629692974235821,-1,END_OF_WINDOW
18.29468960811771,24.861915602653156,47.740925840703206,8.189714904647566,-1,END_OF_WINDOW
19.238822840227133,23.12028735542786,44.396575939363196,8.177592411458454,-1,END_OF_WINDOW
20.11551798432874,22.800717381685175,43.78292385151937,7.699907239211407,-1,END_OF_WINDOW
19.460061001326512,31.285452974983414,38.97087742074695,8.032771007839173,-1,END_OF_WINDOW
18.365764457966407,34.230186084438984,37.18678393540421,7.816858792993502,-1,END_OF_WINDOW
18.02564520875367,30.52894871695291,40.143263596800864,8.138511736351122,-1,END_OF_WINDOW
17.6580605700082,29.769896190995137,38.5719581684892,7.865046612326037,-1,END_OF_WINDOW
17.82237546030106,27.04540127934508,40.53301945543568,8.03897185430273,-1,END_OF_WINDOW
17.97495357271586,25.464050135530908,38.16304401983189,7.928331007566805,-1,END_OF_WINDOW
17.175687755174938,30.88870864142722,35.3855724543724,7.939878792740616,-1,END_OF_WINDOW
16.43351235317265,30.88870864142722,35.3855724543724,7.372744593259143,-1,END_OF_WINDOW
16.444116040732204,28.658146226014754,40.05156594894569,7.378977122312064,-1,END_OF_WINDOW
15.581882523960644,33.644197730262945,36.72116734964074,7.473335899289761,-1,END_OF_WINDOW
15.026404736727951,39.28719920186575,33.59834169905703,7.58452619219765,-1,END_OF_WINDOW
14.992970154941897,40.390280261235034,30.12451089947481,7.85491717846924,-1,END_OF_WINDOW
13.970233222862324,35.97896558033905,35.4967524288771,8.18813738000715,-1,END_OF_WINDOW
13.385000019435067,38.30221829664305,34.11849650565191,7.910413281435192,-1,END_OF_WINDOW
12.615915013916286,35.409805334813825,37.31356495247719,7.945383761332685,-1,END_OF_WINDOW
11.901764651648849,33.74057910055386,35.55459505915215,7.742856349808932,-1,END_OF_WINDOW
11.741674111061021,39.44382645771339,32.494250619774746,7.866938039108295,-1,END_OF_WINDOW
11.654696431496387,38.185305829052986,30.91337040352425,7.678585322029132,-1,END_OF_WINDOW
11.573931443329226,36.48568931612719,29.537425555963384,7.462257799027058,-1,END_OF_WINDOW
11.498935382888291,36.485689316127186,29.537425555963388,6.92923938481084,-1,END_OF_WINDOW
12.18789515109067,41.672242967576324,27.125410992281942,7.006436571610082,-1,END_OF_WINDOW
13.395800207743966,44.0467948887228,24.190670905821346,7.2952625307807715,-1,END_OF_WINDOW
14.214253387133091,38.892001173765316,23.407894854895883,7.672029492867871,-1,END_OF_WINDOW
14.929973095227817,36.02412541913801,21.969708687719997,7.6911702433773135,-1,END_OF_WINDOW
15.097605849103054,34.82593604489474,24.56505457972079,7.387515225993224,-1,END_OF_WINDOW
16.508168799078877,43.798919574065785,21.162719855136377,7.962692709850855,-1,END_OF_WINDOW
18.029382614016527,44.051777995076314,19.881644075890392,7.870357516290086,-1,END_OF_WINDOW
19.876363520762542,46.12599722588515,17.98814826518495,8.077474836555078,-1,END_OF_WINDOW
21.59141721988384,43.189323819420565,16.842908707908432,8.010512348229739,-1,END_OF_WINDOW
23.183967083353618,40.803122688017496,15.91234151535476,7.873332894784768,1,END_OF_WINDOW
24.662763385146985,40.59687268827387,15.831908445107755,7.348094830871569,-1,END_OF_WINDOW
26.475506906228652,44.45764561987256,14.802949089825546,7.297516628666448,1,END_OF_WINDOW
26.098449832156334,38.47899996134412,25.019424439534742,7.829122583761686,-1,END_OF_WINDOW
26.038283551928057,37.96949817151546,22.657475732582785,8.027756684921542,-1,END_OF_WINDOW
25.903922293506632,35.85322656800115,21.901328268866802,7.894345493141421,-1,END_OF_WINDOW
25.33838052546439,32.73379323782576,22.753636781729444,8.02903510077416,-1,END_OF_WINDOW
24.813234597996594,31.67764372007559,22.019495084814327,7.704104022147435,-1,END_OF_WINDOW
24.944248235750585,35.15376572434471,20.360612997825992,7.736668020565465,-1,END_OF_WINDOW
24.21731627774436,27.68570193760612,37.279199380084236,9.121906019096478,-1,END_OF_WINDOW
22.54585949944156,29.30567921231654,29.788431639071874,10.600341303446742,-1,END_OF_WINDOW
21.099062472442355,29.134395630054197,27.82952251820855,10.536031210343392,-1,END_OF_WINDOW
19.755608090228808,29.134395630054204,27.829522518208552,9.783457552461721,-1,END_OF_WINDOW
18.55136761152278,28.27406862483709,29.960687741109165,9.361067727285876,-1,END_OF_WINDOW
17.760462271625336,26.842541472403724,31.18202022070689,9.155991461051187,-1,END_OF_WINDOW
18.898754358368436,21.531481230395563,43.41681848242713,10.59913492811897,-1,END_OF_WINDOW
19.95573986748703,20.931438204613585,42.20687111033248,10.124196718967601,-1,END_OF_WINDOW
20.435290910251503,23.100184601538945,39.902713940619606,9.943896953327052,-1,END_OF_WINDOW
20.031011497465396,27.813214370691227,37.45715958268455,9.836475742375123,-1,END_OF_WINDOW
19.315718225780127,29.296062790737082,35.81853015951189,9.551727475062608,-1,END_OF_WINDOW
18.29433809767539,31.21265834352558,34.509544586547804,9.205889798272423,-1,END_OF_WINDOW
17.726930236399607,29.550868177002556,36.3745644966953,9.029040526967252,-1,END_OF_WINDOW
17.208316080643215,29.525713690890026,36.42872416213001,8.391251917898156,-1,END_OF_WINDOW
16.726745793155136,29.525713690890026,36.42872416213001,7.791876780905431,-1,END_OF_WINDOW
16.279573383344776,29.52571369089003,36.42872416213001,7.2353141536979,-1,END_OF_WINDOW
15.864341859949441,29.52571369089003,36.42872416213001,6.718505999862336,-1,END_OF_WINDOW
14.848303415616972,34.8170366979468,33.69359683595393,6.745041285586465,-1,END_OF_WINDOW
14.31482290661207,30.558371938727884,35.427877561185724,7.136109765187418,-1,END_OF_WINDOW
13.409118524809045,31.444253384859895,32.48954643666489,7.2256733533883075,-1,END_OF_WINDOW
12.568107313134808,31.444253384859895,32.489546436664895,6.709553828146285,-1,END_OF_WINDOW
12.17521937031357,30.311367573858163,34.92183935836672,6.46315712613582,-1,END_OF_WINDOW
11.35257982956944,33.090597712486435,33.52913261320322,6.250788759983246,-1,END_OF_WINDOW
10.55393539629008,32.09229045154003,31.982365404880927,6.085018134270178,-1,END_OF_WINDOW
9.899005444470061,30.288863107068856,31.1395957052109,5.986802553250882,-1,END_OF_WINDOW
9.860937799341013,28.73451706803713,34.673333379133354,5.859888085161536,-1,END_OF_WINDOW
9.9952559989101,28.252385245132896,35.769438971846085,5.534181793364297,-1,END_OF_WINDOW
10.910096924796612,25.87836711383734,41.16666526410728,5.610311665266841,-1,END_OF_WINDOW
11.797667510127853,25.22132801955893,40.57580237444977,5.345289403462074,-1,END_OF_WINDOW
12.621840196506863,25.221328019558932,40.57580237444977,4.963483017500497,-1,END_OF_WINDOW
13.498341921039438,24.809913946797362,41.255483778117316,4.685377087679012,-1,END_OF_WINDOW
13.420351382822625,29.46835687547756,37.81596960622537,4.746421581416223,-1,END_OF_WINDOW
12.610022258650838,35.851642125881334,34.393532380553964,4.845962897029342,-1,END_OF_WINDOW
12.17302125561628,36.42832721373183,31.986810830780122,4.83839411867012,-1,END_OF_WINDOW
12.052512332550874,36.94350242893153,29.931100855609753,4.801365967336519,-1,END_OF_WINDOW
11.940611189704425,36.94350242893154,29.931100855609756,4.45841125538391,-1,END_OF_WINDOW
12.255971953925508,39.770060125991236,28.589415434380285,4.334239022856507,-1,END_OF_WINDOW
12.021369891736466,38.009400843230715,31.75083153997585,4.21107909265248,-1,END_OF_WINDOW
12.35938001367166,41.704357880511886,29.735648179109045,4.1752877288915915,-1,END_OF_WINDOW
12.673246555468623,40.14383011582495,28.62297538080309,4.027767176827916,-1,END_OF_WINDOW
13.510614407923637,42.167048147554354,25.627597577571184,4.177212378483057,-1,END_OF_WINDOW
15.02753193731935,47.15543080903688,22.835396286652088,4.3531257800199725,-1,END_OF_WINDOW
15.426811870300016,42.902387954375165,28.23555700968074,4.442902510018555,-1,END_OF_WINDOW
16.287970958924447,46.505273273607784,26.453880505429638,4.403409473588649,-1,END_OF_WINDOW
16.588889092826822,44.619007656772645,29.43692966714666,4.261737368332322,-1,END_OF_WINDOW
16.8683130743076,44.61900765677265,29.436929667146664,3.957327556308585,-1,END_OF_WINDOW
17.127778199968326,44.619007656772645,29.436929667146657,3.6746613022865433,-1,END_OF_WINDOW
16.561722165505728,41.44374666870901,34.458470400401666,3.6736140664089225,-1,END_OF_WINDOW
16.59075607530136,44.65260058644848,31.69738474095449,3.708355918808275,-1,END_OF_WINDOW
15.529854608586021,40.07251648479261,38.70328625936263,3.8370447817505244,-1,END_OF_WINDOW
14.923256998647902,42.59078631823605,36.99027838425507,3.727970154482626,-1,END_OF_WINDOW
14.431519683456923,43.08403689354672,36.672463961729164,3.4916865720195864,-1,END_OF_WINDOW
13.974906462208155,43.084036893546724,36.672463961729164,3.242280388303902,-1,END_OF_WINDOW
13.65285271554427,37.327648752748765,45.133553119585194,3.474974646282195,-1,END_OF_WINDOW
12.938422068556463,38.84162376081695,41.78516566357881,3.4853336001192057,-1,END_OF_WINDOW
12.61487412710744,40.6699670627415,34.36081547004019,3.935666914396403,-1,END_OF_WINDOW
12.314436752904776,38.68878366770823,32.68697400997639,3.8416907062252235,-1,END_OF_WINDOW
11.507169710942602,34.957938128888856,34.25699972305569,3.9479985129234167,-1,END_OF_WINDOW
11.984678433784289,39.86223889487496,27.59095670262686,4.551712904857465,-1,END_OF_WINDOW
13.09358328642235,40.703710377770946,23.140566981208067,5.039447697367653,-1,END_OF_WINDOW
13.187416622306392,34.212450251838945,25.59573542728282,5.56734429041281,-1,END_OF_WINDOW
12.56558094676485,28.93856829497999,31.654163140290084,6.1118196982404704,-1,END_OF_WINDOW
11.988162105190561,27.791290288565744,30.399224581750435,5.9095468626518475,-1,END_OF_WINDOW
11.82087050765948,32.675047291164205,26.9258930593131,6.1952935153195945,-1,END_OF_WINDOW
11.665528309952048,31.344053508019297,25.829086803817294,5.997058264225343,-1,END_OF_WINDOW
10.951078033983865,29.997357945187897,29.015836075633622,5.818696959637818,-1,END_OF_WINDOW
10.896517749208877,25.810635517399117,31.665905247294894,6.279504319663687,-1,END_OF_WINDOW
10.777675839883967,25.944216720011283,31.222242095324336,5.913825439687699,-1,END_OF_WINDOW
10.303410701332837,30.677560659394594,28.239590224799063,6.071409336852888,-1,END_OF_WINDOW
10.563343480111735,27.298468891002347,36.14390219601761,6.335594384220538,-1,END_OF_WINDOW
10.804709631834998,27.298468891002347,36.14390219601761,5.883051928204785,-1,END_OF_WINDOW
10.71062639693866,37.55379866444732,31.045417602019455,6.359976790475868,-1,END_OF_WINDOW
10.013054747790136,34.06788481230285,33.43028140119751,6.509978448299023,-1,END_OF_WINDOW
9.809889807389895,36.270579775667755,31.418147154241424,6.432122844849098,-1,END_OF_WINDOW
9.143463710102058,33.550213979603946,33.8737982965599,6.456971213074144,-1,END_OF_WINDOW
9.330305459096245,39.23304723065248,30.97688682659796,6.556473269283128,-1,END_OF_WINDOW
10.219603823670237,30.154840948023114,46.948270746220025,7.921010892905751,-1,END_OF_WINDOW
11.045380876488943,30.154840948023114,46.948270746220025,7.355224400555341,-1,END_OF_WINDOW
12.78017402859708,24.848283686580615,52.001070085207864,8.288422657658536,-1,END_OF_WINDOW
14.342270148532442,24.565514221346678,50.6153080510129,7.907106753540057,-1,END_OF_WINDOW
16.289853525541897,21.966902233732853,53.273085413948806,8.2108848425729,-1,END_OF_WINDOW
18.14505298896912,20.95958396693577,51.64361836147314,7.990821639531987,-1,END_OF_WINDOW
20.15610207421374,19.112384489185377,52.06933624773806,8.137191522422556,-1,END_OF_WINDOW
22.023504796226604,19.112384489185377,52.06933624773806,7.555963556535231,-1,END_OF_WINDOW
22.832540070823207,23.838317971108815,47.69451769248501,7.659823302497016,-1,END_OF_WINDOW
23.831514105171188,22.216340456444723,48.10876016247612,7.631978780890085,-1,END_OF_WINDOW
24.759132851351456,22.216340456444723,48.10876016247613,7.086837439397937,-1,END_OF_WINDOW
25.416678431021786,23.361769904244298,47.39370485143882,6.679920479440932,-1,END_OF_WINDOW
25.194105545926586,27.543878877193197,43.35473668962245,6.7806404451951625,-1,END_OF_WINDOW
25.452056391442376,25.854436104125533,46.77591062679433,6.707737556252667,-1,END_OF_WINDOW
25.691582176564182,24.32309557732383,44.005405506033455,6.6207563022346365,-1,END_OF_WINDOW
25.91399897703443,24.323095577323834,44.00540550603346,6.1478451377893055,-1,END_OF_WINDOW
26.120528863185374,24.32309557732383,44.005405506033455,5.708713342232927,-1,END_OF_WINDOW
26.312306614611252,24.32309557732383,44.005405506033455,5.300948103502003,-1,END_OF_WINDOW
26.490385955220994,24.323095577323834,44.00540550603346,4.922308953251861,-1,END_OF_WINDOW
25.738802637010835,29.64455613485529,40.91102642822902,4.916429742305278,-1,END_OF_WINDOW
25.040903841529975,29.644556134855293,40.91102642822902,4.565256189283472,-1,END_OF_WINDOW
24.392854960012034,29.64455613485529,40.91102642822902,4.23916646147751,-1,END_OF_WINDOW
22.961289079898393,38.815198915204654,35.57838422544716,4.5263688570862755,-1,END_OF_WINDOW
21.70240897013655,34.18499096332751,38.03959359969033,4.77234251015156,-1,END_OF_WINDOW
20.240211978536838,33.37708300054925,32.564907754141295,5.176460902283612,-1,END_OF_WINDOW
19.374916666150696,35.366648015650206,30.05077726968536,5.208856552120505,-1,END_OF_WINDOW
20.089403122707285,45.19429280357203,24.66980796754659,5.891795369826182,-1,END_OF_WINDOW
20.62512187550392,38.98909225053411,22.127383233207922,6.341667129124316,-1,END_OF_WINDOW
20.193442178972898,35.97387586594299,26.817835793239478,6.382262334186855,-1,END_OF_WINDOW
19.37516154702357,32.813881016806455,27.540416247127105,6.497100738887811,-1,END_OF_WINDOW
18.61532953164205,32.46030929129407,27.24366645124533,6.09873640039583,-1,END_OF_WINDOW
17.909771231644925,32.460309291294074,27.243666451245335,5.663112371796128,-1,END_OF_WINDOW
17.254609953076166,32.46030929129407,27.243666451245332,5.258604345239262,-1,END_OF_WINDOW
16.64624590869089,32.46030929129407,27.243666451245332,4.8829897491507435,-1,END_OF_WINDOW
16.08133643890456,32.460309291294074,27.243666451245335,4.534204767068547,-1,END_OF_WINDOW
15.166881397900582,31.467356229410065,29.46926521311743,4.343190140849375,-1,END_OF_WINDOW
14.46267245049032,29.809553233530316,33.15149822664012,4.257247987931553,-1,END_OF_WINDOW
14.569860592046496,39.45791650203961,28.594500621963757,4.583158845936454,-1,END_OF_WINDOW
14.289312028212292,37.115648242826104,29.97566902614687,4.524361785512405,-1,END_OF_WINDOW
13.522690720020222,33.44256005282986,31.145415265375526,4.662621657975775,-1,END_OF_WINDOW
12.856816587171512,31.780500918557543,34.56741379999508,4.556005825263225,-1,END_OF_WINDOW
12.179401561707332,35.118895196142134,32.82707344053588,4.454862552030129,-1,END_OF_WINDOW
12.265726219341037,39.84502137258323,30.43585504879781,4.461658084027989,-1,END_OF_WINDOW
12.435623371382121,40.46092631093438,30.124233403254554,4.185825363740269,-1,END_OF_WINDOW
13.110540922223477,44.11692345534675,28.274454686926685,4.141123552044532,-1,END_OF_WINDOW
13.726094677345795,44.07598697405325,28.341009451266647,3.848900441184189,-1,END_OF_WINDOW
12.759703306994489,38.02648982827843,38.176316350891184,4.142550409671036,-1,END_OF_WINDOW
12.665130235385758,43.664900172714155,34.702997889037526,4.231653951837382,-1,END_OF_WINDOW
12.148533371274597,36.52702060716221,40.72388799070546,4.697250098134711,-1,END_OF_WINDOW
11.549429390299549,37.30728827467363,40.22327287229667,4.416017948267962,-1,END_OF_WINDOW
10.99311855082272,37.30728827467363,40.223272872296675,4.10058809482025,-1,END_OF_WINDOW
10.47654419987995,37.30728827467363,40.223272872296675,3.8076889451902325,-1,END_OF_WINDOW
10.465856970610195,35.30320554373562,43.434374833570814,3.7364254491052447,-1,END_OF_WINDOW
10.579124244640226,34.7663947415129,44.294496121599536,3.523109345597727,-1,END_OF_WINDOW
10.798426106190634,34.26514074534623,45.09764544539712,3.319315820912148,-1,END_OF_WINDOW
11.84351063760113,30.447797444208007,51.214098809278134,3.4686504051327307,-1,END_OF_WINDOW
11.863502747078746,36.59272339925403,46.68934138286911,3.5330325190518135,-1,END_OF_WINDOW
12.428848559924845,33.8987944867084,50.614032175314094,3.541387339119548,-1,END_OF_WINDOW
11.768786772964784,42.369790860031934,39.751769045415145,4.187002529182433,-1,END_OF_WINDOW
11.15587225650187,37.35330252573468,35.04524862989631,4.410073777097969,-1,END_OF_WINDOW
11.219421457014786,41.61048204730616,32.66373578387817,4.393639935876673,-1,END_OF_WINDOW
11.278431428919635,41.61048204730616,32.66373578387817,4.079808511885482,-1,END_OF_WINDOW
11.333226402831281,41.61048204730616,32.66373578387817,3.7883936181793767,-1,END_OF_WINDOW
11.384107450034952,41.61048204730616,32.66373578387817,3.517794074023707,-1,END_OF_WINDOW
11.70553065413823,43.52463645662405,31.59293684482611,3.3772373544505983,-1,END_OF_WINDOW
13.111144738459448,51.717586509535984,27.009710861771403,3.668148971989828,-1,END_OF_WINDOW
15.331567530111853,50.44568857919603,19.52201706231361,4.712566902562013,-1,END_OF_WINDOW
17.393388693789085,50.44568857919604,19.522017062313612,4.375954980950441,-1,END_OF_WINDOW
17.106484426549077,42.38420295870249,32.382820839428454,4.836243910882565,-1,END_OF_WINDOW
16.041838841454382,39.180982068482535,37.49304459510289,4.8579407743909435,-1,END_OF_WINDOW
15.747095183958937,43.9226704869759,34.56994025410816,4.89237357622014,-1,END_OF_WINDOW
15.473404644856025,43.9226704869759,34.56994025410816,4.542918320775844,-1,END_OF_WINDOW
14.378299480676171,40.2118317755781,40.097846365056554,4.607709869291842,-1,END_OF_WINDOW
13.802931599364143,37.372992575118154,42.4183160201991,4.603587735771009,-1,END_OF_WINDOW
13.268661423860117,37.372992575118154,42.4183160201991,4.274760040358794,-1,END_OF_WINDOW
12.772553403749235,37.37299257511816,42.4183160201991,3.969420037476023,-1,END_OF_WINDOW
12.31188167078913,37.37299257511816,42.4183160201991,3.6858900347991645,-1,END_OF_WINDOW
12.978987855798865,32.32665158001729,50.19336405388718,3.9568978894563687,-1,END_OF_WINDOW
13.59844359902219,32.32665158001729,50.19336405388717,3.674262325923771,-1,END_OF_WINDOW
13.870493110118279,51.322561853687304,36.104085746213656,4.743243588357778,-1,END_OF_WINDOW
14.123110513278933,51.3225618536873,36.104085746213656,4.404440474903652,-1,END_OF_WINDOW
14.39282876098051,51.57627638368488,35.91590552361113,4.11126615526769,-1,END_OF_WINDOW
14.643281419560546,51.576276383684885,35.91590552361114,3.8176042870342837,-1,END_OF_WINDOW
13.97673589112322,46.69326905236298,41.9830961990574,3.9156325522461244,-1,END_OF_WINDOW
13.592626357087322,41.140822075417745,48.88207304644872,4.12665879851425,-1,END_OF_WINDOW
12.963199407827197,42.894368770069086,47.201537891701655,3.9683260271917935,-1,END_OF_WINDOW
12.378731526371368,42.89436877006908,47.201537891701655,3.6848741681066657,-1,END_OF_WINDOW
11.836011350733811,42.894368770069086,47.201537891701655,3.421668870384761,-1,END_OF_WINDOW
11.096906384761473,44.51591904443318,45.861220569745846,3.2701210939286876,-1,END_OF_WINDOW
11.223343687964311,51.70680586677526,39.91748245654526,3.4886838729338088,-1,END_OF_WINDOW
11.340749755224088,51.70680586677526,39.91748245654526,3.239492167724251,-1,END_OF_WINDOW
11.900664526852431,37.92754606271908,55.92877159024509,4.100957012886818,-1,END_OF_WINDOW
12.420585386221608,36.58260835574111,53.94549764754683,3.948031511966334,-1,END_OF_WINDOW
13.620450560736053,31.254252655734714,57.05791933684873,4.291029261111596,-1,END_OF_WINDOW
14.734611079928037,31.22067203890786,56.996614395492635,3.9888128853179072,-1,END_OF_WINDOW
16.524955613652082,27.02973764148453,62.7692117217446,4.278183393509483,-1,END_OF_WINDOW
18.919654141037988,22.823421862272053,68.5629953790078,4.70474172254452,-1,END_OF_WINDOW
21.143302773610614,22.73051023764807,68.28388301241387,4.3865458852199115,-1,END_OF_WINDOW
23.208119360999483,22.730510237648065,68.28388301241385,4.0732211791327755,-1,END_OF_WINDOW
25.125449049289145,22.73051023764807,68.28388301241387,3.78227680919472,-1,END_OF_WINDOW
24.681446225108484,37.603303654479255,55.14063476700461,4.3492570371094015,-1,END_OF_WINDOW
24.269157888369296,37.60330365447926,55.140634767004606,4.038595820173016,-1,END_OF_WINDOW
23.72881614839291,38.6778653320551,54.191033001716896,3.815838975874916,-1,END_OF_WINDOW
22.93208826115507,40.69819042782651,52.40564988464193,3.663993334740997,-1,END_OF_WINDOW
21.84527745698639,43.087854882308896,50.29387758550216,3.5451366679737832,-1,END_OF_WINDOW
20.890777619031788,42.75388923678597,50.6791401450782,3.3176269059756325,-1,END_OF_WINDOW
20.63474751020043,38.877755581008536,55.15064550349728,3.3877964126916718,-1,END_OF_WINDOW
20.3970052662856,38.87775558100854,55.150645503497294,3.1458109546422666,-1,END_OF_WINDOW
19.898161602934124,40.78893231892246,53.42618934569181,3.015395886453545,-1,END_OF_WINDOW
19.43494962982204,40.78893231892246,53.42618934569181,2.8000104659925777,-1,END_OF_WINDOW
19.974938424716758,34.705889762851584,60.371957624041976,3.055724004135973,-1,END_OF_WINDOW
21.187081220465256,29.41201831077337,63.87793232937994,3.3481722895548387,-1,END_OF_WINDOW
22.312642387946006,29.344600127428418,63.73151143068557,3.1161599831580578,-1,END_OF_WINDOW
22.69287589346121,33.75805809621302,59.54252449859027,3.0971485557896186,-1,END_OF_WINDOW
23.045949862868184,33.73292361946742,59.49819226262105,2.8780665160903744,-1,END_OF_WINDOW
23.373804263031808,33.73292361946743,59.49819226262107,2.6724903363696333,-1,END_OF_WINDOW
22.146480010581094,50.40590647701926,44.528279693165544,3.315883883771823,-1,END_OF_WINDOW
22.167078459023546,47.821804913060205,30.296151984913205,4.52546360635955,-1,END_OF_WINDOW
22.18620558972011,47.821804913060205,30.2961519849132,4.202216205905297,-1,END_OF_WINDOW
22.20396649679549,47.8218049130602,30.2961519849132,3.9020579054834905,-1,END_OF_WINDOW
21.053425548050438,38.64856421266429,43.666834600273496,4.483339483663238,-1,END_OF_WINDOW
20.7636136781706,34.87846377750439,49.162037222001175,4.613100949115845,-1,END_OF_WINDOW
20.49450265613932,34.87846377750439,49.162037222001175,4.283593738464713,-1,END_OF_WINDOW
20.06123213676822,36.08363768817101,48.25221831888523,4.052622757145786,-1,END_OF_WINDOW
19.518548691145252,47.13293083048113,36.686018680552486,4.9495782744925245,-1,END_OF_WINDOW
19.014628348781066,47.132930830481136,36.68601868055249,4.59603696917163,-1,END_OF_WINDOW
18.54670231658575,47.13293083048112,36.686018680552486,4.2677486142308,-1,END_OF_WINDOW
19.44766015448592,56.93624763756042,29.883207986381404,4.865052284642894,-1,END_OF_WINDOW
20.284263861107505,56.93624763756043,29.883207986381407,4.517548550025544,-1,END_OF_WINDOW
21.061110160113262,56.93624763756042,29.883207986381404,4.194866510738005,-1,END_OF_WINDOW
21.782467437761465,56.93624763756041,29.883207986381404,3.8952331885424334,-1,END_OF_WINDOW
23.5496555009092,65.5329303517746,23.917716280510948,4.5191451036465535,-1,END_OF_WINDOW
25.19061584526067,65.5329303517746,23.917716280510948,4.196349024814657,-1,END_OF_WINDOW
27.390744160306188,71.09619115913883,20.057205510577397,4.646609808756467,-1,END_OF_WINDOW
27.87433370272898,61.752449398483485,30.304780992140493,4.967566250988138,-1,END_OF_WINDOW
28.329701122696555,54.233996490037164,26.561843414516307,5.262740090203264,-1,END_OF_WINDOW
28.75254229838073,54.23399649003716,26.561843414516304,4.886830083760175,-1,END_OF_WINDOW
29.151576669842942,54.284368835027614,26.532608125492928,4.542770792063031,-1,END_OF_WINDOW
29.52210858620071,54.28436883502762,26.53260812549293,4.218287164058529,-1,END_OF_WINDOW
30.97673808609506,63.4491261437675,21.213532176163003,4.899123795197205,-1,END_OF_WINDOW
34.13933857633061,75.3215095219565,10.635874630786487,9.073472095540271,-1,END_OF_WINDOW
37.076039031549335,64.29460628155653,9.078805990300472,9.870366945858827,-1,END_OF_WINDOW
39.802975168538154,57.609447082233345,8.13481913206944,10.228912164011758,-1,END_OF_WINDOW
42.546596696869216,55.39561226733536,6.772020806635949,11.409704152296648,-1,END_OF_WINDOW
45.094245258890915,53.834928685011796,6.581229852993897,10.901868141418328,1,EXIT_PROFIT_TARGET_MET
47.69661604145441,58.22301668532363,5.924880623637717,11.244591845602754,-1,END_OF_WINDOW
50.30686167725435,60.66168189628913,5.1890169815098846,11.922120999488273,1,EXIT_PROFIT_TARGET_MET
52.730661196211436,58.01880692891533,4.962944728697043,11.574826642381964,-1,END_OF_WINDOW
53.287488049972,50.68867218090067,12.464458523703117,12.302339025068981,1,EXIT_PROFIT_TARGET_MET
53.315468561113995,48.363204206626705,14.57725803065198,11.972886237564058,-1,END_OF_WINDOW
53.44832242661631,49.37911141702193,14.26384255699821,11.361965792023774,1,EXIT_PROFIT_TARGET_MET
53.67006598760237,49.59036832178882,13.762557685227542,10.934682521164941,-1,END_OF_WINDOW
53.927147583550784,48.31100357984441,13.126329376270467,10.645776626796009,1,EXIT_PROFIT_TARGET_MET
53.81516387501841,47.37309264612721,14.81289681417267,10.081078296310565,-1,END_OF_WINDOW
53.30124507465986,45.25624942730576,16.476333605878615,9.798858418002677,1,EXIT_PROFIT_TARGET_MET
53.14303674624128,47.34338920317103,15.327257016736182,9.781082816716753,-1,END_OF_WINDOW
53.20550774233813,47.53995437959504,14.193178595016686,9.808148329808404,1,EXIT_PROFIT_TARGET_MET
53.96301166675666,54.308188419817455,11.997900186343548,10.773994877679227,-1,END_OF_WINDOW
55.01007326636683,57.750196426856164,10.746487942648917,11.16942381498785,1,EXIT_PROFIT_TARGET_MET
55.3806351955276,52.134684244217425,12.953149163435764,11.488750685345853,-1,END_OF_WINDOW
55.741301270588096,51.81552679895515,12.780296474180794,10.81241135067829,1,EXIT_PROFIT_TARGET_MET
56.30874950181355,53.72694493472732,11.919578211660378,10.765096254201277,-1,END_OF_WINDOW
56.75352455844668,51.275755284040905,11.819043875131445,10.474017950329761,1,EXIT_PROFIT_TARGET_MET
57.561144199868465,56.07003133464458,10.65609595624832,10.787302382449042,-1,END_OF_WINDOW
58.31107672404584,53.22354653755892,10.115122205855478,10.552495069416969,1,EXIT_PROFIT_TARGET_MET
58.46149010504602,49.04424191845616,12.101750688292551,10.633745421601475,-1,END_OF_WINDOW
58.60115967311761,47.53469835259841,11.729268228119139,10.18776360577282,1,EXIT_PROFIT_TARGET_MET
58.10823471495683,45.96930924233844,14.636156187003767,9.782209062503316,-1,END_OF_WINDOW
57.762267934114114,44.61926407410257,13.605838166962174,9.771336986610232,1,EXIT_PROFIT_TARGET_MET
57.00198764535201,42.98483872659462,15.45089075430843,9.418384344709496,-1,END_OF_WINDOW
56.55697779517436,43.702401371035094,14.269164867049401,9.46992832008738,1,EXIT_PROFIT_TARGET_MET
56.582330524055436,47.91197240435916,13.156649566338075,9.537076297223985,-1,END_OF_WINDOW
56.65664523152758,44.75276706793214,12.031892406858402,9.683713704565108,1,EXIT_PROFIT_TARGET_MET
56.65677664537367,42.96440758721825,11.886636810740306,9.366305582810442,-1,END_OF_WINDOW
57.11704325360061,46.92883250944911,10.617073080893224,9.737283755466835,1,EXIT_PROFIT_TARGET_MET
57.54443367552563,45.25222427334567,10.237761020079576,9.37676348721921,-1,END_OF_WINDOW
56.0366300232763,39.45521859716312,18.382089729710398,9.986280380989289,1,EXIT_PROFIT_TARGET_MET
54.53633083453116,38.261585431792156,18.408626615814274,9.562260353775748,-1,END_OF_WINDOW
53.398422359022646,40.232839328226234,17.820855174026878,9.172098899934616,1,EXIT_PROFIT_TARGET_MET
51.646320268982265,38.542292703828686,21.27394668337901,8.890520407082144,-1,END_OF_WINDOW
49.89459345413805,38.2280715205936,21.915771335966927,8.323340378004836,-1,END_OF_WINDOW
47.61892361418856,36.536376048404136,25.371209468889525,8.086673208147364,-1,END_OF_WINDOW
45.61006227360936,35.848125482872796,24.15131554590858,7.888339407565405,-1,END_OF_WINDOW
43.88332336917225,35.1664907774762,22.75137963028076,7.775600878453587,-1,END_OF_WINDOW
42.40182542869533,33.90038133547323,21.158468408971178,7.76377224427834,-1,END_OF_WINDOW
40.457625308984014,32.65786288391032,24.048172120027232,7.48350279825847,-1,END_OF_WINDOW
38.65229662639493,30.922391566779297,22.77022833380664,7.338966884097153,-1,END_OF_WINDOW
37.63940170655211,35.201259050930645,21.359774326580606,7.264754963804512,-1,END_OF_WINDOW
36.99115657787101,36.582067707092854,20.326672329668238,7.088701037818488,1,EXIT_PROFIT_TARGET_MET
36.38921467266713,35.3062579747753,19.617774008461737,6.82022239226002,-1,END_OF_WINDOW
35.68915302605113,34.09122571142024,19.77032675392125,6.558777935670008,-1,END_OF_WINDOW
34.65633124012454,32.884069118547075,21.366800457988905,6.313865225979302,-1,END_OF_WINDOW
33.295047974492924,26.589754249320215,36.41792187814823,7.250731995552197,-1,END_OF_WINDOW
32.09229014472676,25.841322541052694,36.02178703456123,6.92782256729847,-1,END_OF_WINDOW
30.605930607172965,27.11540522696163,34.012639364361235,6.812978098205734,-1,END_OF_WINDOW
28.736606378840555,29.924175525886795,32.701886501809675,6.579908234048163,-1,END_OF_WINDOW
26.854723534456927,29.59726508872539,31.04680795701051,6.43562907447329,-1,END_OF_WINDOW
25.633516842769634,34.91093281750409,28.703540728391282,6.463798426296622,-1,END_OF_WINDOW
24.631823099634428,35.767072411669346,28.32599287321293,6.082098538703998,-1,END_OF_WINDOW
23.91591644258245,37.181277189969606,27.702344598481726,5.774805785939441,-1,END_OF_WINDOW
23.592758452912445,39.50991168259149,26.67544318640428,5.5687482298009,-1,END_OF_WINDOW
23.310652124389836,38.921411940353835,26.14102239127361,5.276694784815123,-1,END_OF_WINDOW
23.76460664067016,44.103845244402116,23.92299297464545,5.35407372875691,-1,END_OF_WINDOW
24.657284368509952,47.39837393120394,22.17104519476696,5.364497033845702,-1,END_OF_WINDOW
26.22708843258311,53.25359246135937,19.38085233146027,5.6984615314281495,-1,END_OF_WINDOW
27.906289449117963,53.62369771277986,18.00067127116831,5.697142850611842,-1,END_OF_WINDOW
29.60414361567161,52.693284357805936,16.78797606199748,5.672346932710989,-1,END_OF_WINDOW
30.055175929063097,45.82082894289623,21.603100218104668,6.0571792946602,-1,END_OF_WINDOW
30.485172049836905,44.466862099936144,20.889481617539346,5.816666487898728,-1,END_OF_WINDOW
30.437878052268697,42.53197138710859,22.991014544801086,5.6469045959059665,-1,END_OF_WINDOW
30.698379804962528,43.926207196740734,21.593782523597138,5.5828399819126835,-1,END_OF_WINDOW
31.808392698609072,49.728006406686234,18.281424620570228,6.123351411776071,-1,END_OF_WINDOW
33.50514864058455,55.627082987378216,15.89004076326014,6.541683453792067,-1,END_OF_WINDOW
35.72534150406318,62.152546634386844,13.372526588504082,7.21799177852122,-1,END_OF_WINDOW
37.78694916300762,57.75765633894465,12.426937219896564,7.212420937198267,-1,END_OF_WINDOW
40.27881358148746,62.626324351534294,9.911137610210696,8.39724801311269,-1,END_OF_WINDOW
42.77240407244748,63.21296721666521,8.952452057772403,8.632444583604645,1,EXIT_PROFIT_TARGET_MET
45.087880956910354,58.80599372997007,8.328320323467246,8.616555684775731,-1,END_OF_WINDOW
47.313763112633914,58.30269485327616,7.856304743091968,8.481801707291751,1,EXIT_PROFIT_TARGET_MET
49.525107620815234,56.55204587511171,6.892420906839316,8.97738729962806,-1,END_OF_WINDOW
51.718817348795575,58.11768582754353,6.372592750250151,9.016145349654659,1,EXIT_PROFIT_TARGET_MET
53.915646824827256,60.40837508826526,5.801860596682406,9.19570639610788,-1,END_OF_WINDOW
56.002594452883635,59.901513629213646,5.517107683488927,8.979584510671609,1,EXIT_PROFIT_TARGET_MET
55.88219516015726,52.94416355173511,15.673243548829383,9.433899902766473,-1,END_OF_WINDOW
54.82333529395966,46.14509962856422,19.2819562738334,10.050764195426023,1,EXIT_PROFIT_TARGET_MET
53.8401082753476,42.37643007290629,17.707199210404248,10.162852467181333,-1,END_OF_WINDOW
52.14396931488981,39.69348537821029,21.3292146646863,10.074791576668401,1,END_OF_WINDOW
49.904025526202545,37.05125673152423,24.299625407440487,10.02230646404924,-1,END_OF_WINDOW
47.824077722421514,36.51594728443886,23.948549082675207,9.442856002331428,1,END_OF_WINDOW
45.89269761891055,36.51594728443886,23.948549082675207,8.768366287879184,-1,END_OF_WINDOW
43.552894100427025,35.081761947428056,26.93551461076118,8.474911553030662,1,END_OF_WINDOW
40.44983910106057,32.462353426567034,32.39093432108532,8.504560727814177,1,END_OF_WINDOW
37.952572499102196,34.61239454908256,31.010917197644694,8.248520675827455,1,END_OF_WINDOW
36.08571763891118,37.553302516654334,29.616153574793874,8.020054913268332,1,END_OF_WINDOW
34.625804116023765,38.072730907282676,27.770316479902164,7.942193848034901,1,END_OF_WINDOW
33.270170130485454,37.10598485384572,27.065170218526273,7.567037144603841,1,END_OF_WINDOW
31.763842156230872,36.38473683808771,28.482841827748736,7.165820205703554,1,END_OF_WINDOW
29.92166869193947,34.46460351390279,30.57926423528394,7.024690191010447,1,END_OF_WINDOW
28.02827228718505,32.88380660524425,30.712551252186486,6.836498034509725,1,END_OF_WINDOW
26.388240488084307,31.11575600574575,34.43790205378001,6.708891032044725,1,END_OF_WINDOW
24.690100970911704,33.716072476145094,31.99811485679157,6.70468452975579,1,END_OF_WINDOW
23.106892683532088,31.571710405668583,33.20750541268507,6.648635634773207,1,END_OF_WINDOW
21.780477435909532,30.322766496686317,33.205074989655095,6.428018803717974,1,END_OF_WINDOW
20.344950635976694,30.79747851650196,31.85193214878258,6.2224460320238455,1,END_OF_WINDOW
19.861038107255506,27.253193428508407,35.81113304040636,6.52941417259357,1,END_OF_WINDOW
19.411690759157263,26.278011851440855,34.52972881574076,6.2880274459797505,1,END_OF_WINDOW
19.877792183573327,23.70311087022237,40.30495334267809,6.473168342695458,1,END_OF_WINDOW
20.310600649102525,22.995361088978612,39.10149013198381,6.1957991753600785,1,END_OF_WINDOW
19.90537937557873,27.436790055030343,36.846217029688624,6.1053849485486325,1,END_OF_WINDOW
19.529102478735204,26.53738765005103,35.63836523126676,5.861428880795163,1,END_OF_WINDOW
18.718150631242576,29.16807144721751,34.36216136412427,5.644898246452646,1,END_OF_WINDOW
18.052574037579863,28.919794565079492,34.920866726468276,5.286691228848894,1,END_OF_WINDOW
17.106922305126453,29.960970702251423,32.991138884704824,5.196213283931114,1,END_OF_WINDOW
16.164238660795213,29.038527317188514,31.40133380428423,5.069340906507469,1,END_OF_WINDOW
15.669742919914052,27.75806184440749,33.41086481704061,4.924387984614108,1,END_OF_WINDOW
15.448198469360603,25.48858878747395,32.81643442816694,4.979788842855944,1,END_OF_WINDOW
15.889165216322265,23.522820270594433,36.50101324599218,5.010518211223399,1,END_OF_WINDOW
15.792265900401231,25.691914143222665,34.429036221494826,4.932624053278843,1,END_OF_WINDOW
15.702287964188844,25.34800660485362,33.96817507158801,4.642436620901775,1,END_OF_WINDOW
15.58366409749933,37.63813450687906,28.369620110019397,5.161548290837352,1,END_OF_WINDOW
15.923168784193427,37.39296302652546,24.75425190321519,5.492866270063268,1,END_OF_WINDOW
16.500197035237292,34.60376546534892,21.20805539517501,5.95337582220161,1,END_OF_WINDOW
17.346444080383886,36.453542736576395,20.350833700299756,5.76099183490151,1,END_OF_WINDOW
17.16636126363925,34.116628070874974,25.306918190850986,5.715920989551378,1,END_OF_WINDOW
17.327607994336017,34.006909465759016,22.944728405231857,5.854069490297682,1,END_OF_WINDOW
18.21281092982634,39.08927900940391,21.177670855874492,5.889493098133589,1,END_OF_WINDOW
18.160082186143566,33.02467317300929,23.199686438921486,6.473100733981186,1,END_OF_WINDOW
18.051250383447258,29.614527952803364,21.166392191226844,6.702879252982534,1,END_OF_WINDOW
17.22797315022499,28.25275308122525,24.791424686119925,6.524102163483769,1,END_OF_WINDOW
17.724604018517606,23.18239999602396,37.969396959046726,7.383094866092084,1,END_OF_WINDOW
18.185761253360752,21.0426257872176,34.46475825249204,7.55287380422838,1,END_OF_WINDOW
18.49357335579622,20.07663267978055,31.730777249059905,7.617668532497784,1,END_OF_WINDOW
19.623507101590594,18.211856351728596,37.2382575177503,7.797835065890791,1,END_OF_WINDOW
22.131438776709963,14.506858041177308,49.58996732337299,9.090132561184296,-1,END_OF_WINDOW
24.47468096754091,13.484442512781365,46.362400697346864,9.080837378242563,-1,END_OF_WINDOW
25.727345253053482,16.85142102073481,41.26893315270741,9.472920422653822,-1,END_OF_WINDOW
26.57871105686402,18.25014145388748,40.28749204128878,9.010568963892833,-1,END_OF_WINDOW
27.547593905257923,17.6548023780768,41.33520146499302,8.64909975218619,-1,END_OF_WINDOW
27.91836593450796,19.253668268589504,37.99643857154024,8.737021198458613,-1,END_OF_WINDOW
27.679697396197167,22.101404241511002,36.50513783817355,8.444376827140132,-1,END_OF_WINDOW
27.458076610622857,22.035164401116717,36.39572874916054,7.864778482344404,-1,END_OF_WINDOW
28.14024983370336,19.756906418427725,42.97189655406227,8.14515144789123,-1,END_OF_WINDOW
28.85941604162578,18.9172282795361,42.312072755824616,7.899069201613305,-1,END_OF_WINDOW
29.24652819333518,19.698145722935823,40.24659515570396,7.71127854435521,-1,END_OF_WINDOW
29.605989477065336,19.33931932501623,39.51345301271361,7.293330076901276,-1,END_OF_WINDOW
29.10063275707215,23.647630656483738,37.402929571360104,7.154520785694036,-1,END_OF_WINDOW
29.187156721698425,22.138543246150107,41.39759830920795,7.096340729573044,-1,END_OF_WINDOW
28.789924857403008,23.77104935324084,38.47793992230814,7.089459248889256,-1,END_OF_WINDOW
28.421066697700123,23.490679188935342,38.024107776413246,6.661640731111445,-1,END_OF_WINDOW
28.55518291517336,22.184237237537506,41.47091767599004,6.5500949646034785,-1,END_OF_WINDOW
29.020283389970178,20.80614056715025,43.27840520646748,6.485088181417507,-1,END_OF_WINDOW
29.094507194997348,22.069177578544227,41.03918247436134,6.350439025601965,-1,END_OF_WINDOW
29.163429299665435,22.069177578544227,41.03918247436135,5.896836238058968,-1,END_OF_WINDOW
29.556374800609852,21.1292880245405,43.55022559278476,5.719205078197635,-1,END_OF_WINDOW
29.93865577138355,20.543512082975415,42.578252232254975,5.46211900118351,-1,END_OF_WINDOW
30.711831207428432,19.337113384605534,45.950291126351324,5.388396215384676,-1,END_OF_WINDOW
30.900740691559,21.271706366675208,42.56565748704099,5.401367914285749,-1,END_OF_WINDOW
31.408093226772355,18.871685406786877,42.008328908134985,5.653413063265327,-1,END_OF_WINDOW
31.87920629518475,17.559963187363547,39.088438223128804,5.641740701603503,-1,END_OF_WINDOW
32.666162527911325,16.058000611001983,40.18383016666412,5.728759222917548,-1,END_OF_WINDOW
33.68304192729746,15.167969936950541,41.96452234163506,5.631704992709144,-1,END_OF_WINDOW
34.93398225935889,14.010214301228418,43.40423370921613,5.661583207515648,-1,END_OF_WINDOW
36.18792460887091,13.337888548192444,42.808846815851226,5.522184406978818,-1,END_OF_WINDOW
36.847211408565535,14.866986332954578,39.60873803410161,5.542028377908883,-1,END_OF_WINDOW
37.18123687871727,15.11365369084921,36.57778223137986,5.572597779486806,-1,END_OF_WINDOW
38.70857372175217,12.341827598814941,47.22865944045932,6.33669793809489,-1,END_OF_WINDOW
40.29411298899901,11.27430287374051,46.403798519607015,6.441219513945268,-1,END_OF_WINDOW
41.95307421167734,10.675120287709905,47.85006880064938,6.316846691520594,-1,END_OF_WINDOW
44.04663162238583,9.220989103393226,54.9537677916809,6.790643356411968,-1,END_OF_WINDOW
45.990649218043714,8.325943064580878,49.61961636516446,6.9834545452396695,-1,END_OF_WINDOW
46.16878779079267,15.809735688469758,45.56892927475447,7.061064934865419,-1,END_OF_WINDOW
46.30042607289224,15.852130728005996,45.13135196637841,6.620274582375023,-1,END_OF_WINDOW
46.769085954282126,14.916222515229531,48.370791458754276,6.5331121122053855,-1,END_OF_WINDOW
46.92323779046656,15.700818224655508,45.78326649144904,6.409318389905014,-1,END_OF_WINDOW
46.51883007806712,18.422637330303697,44.305034237813395,6.150081362054638,-1,END_OF_WINDOW
46.6082352847693,17.086905653945912,48.34319276248042,6.157218407622164,-1,END_OF_WINDOW
45.140478390819936,25.421190980373755,43.34014736667281,6.377417092792027,-1,END_OF_WINDOW
43.777561275009816,23.55458500057736,40.157803223066566,6.3911730147354655,-1,END_OF_WINDOW
42.54471593793469,23.006322593256158,39.61101765758921,6.076089227968648,-1,END_OF_WINDOW
41.41474568444658,22.96561844367925,39.717861424562344,5.652082854542307,-1,END_OF_WINDOW
40.60409310223304,22.274440641554968,41.42652391381977,5.4112197935035855,-1,END_OF_WINDOW
39.05173792150847,25.88187174472505,37.92246507647563,5.488989808253329,-1,END_OF_WINDOW
37.04454623050951,28.9630620017282,36.08669632384431,5.356204821949495,-1,END_OF_WINDOW
35.584474617624174,26.420800365516374,36.9411253610861,5.4521901918102325,-1,END_OF_WINDOW
34.22869383423065,25.59739026986825,35.78984700667934,5.225605178109484,-1,END_OF_WINDOW
32.601341657562756,27.037461048215903,34.02672305942918,5.103776236815948,-1,END_OF_WINDOW
30.84459321850813,27.221626669609226,31.9602377791683,5.045649362757664,-1,END_OF_WINDOW
29.21332681081455,26.96266059419077,31.656192122839016,4.73024583684641,-1,END_OF_WINDOW
27.69857943224194,26.962660594190762,31.65619212283901,4.392371134214524,-1,END_OF_WINDOW
26.413420282275762,26.66842478083741,32.40200857623214,4.123630338913494,-1,END_OF_WINDOW
24.625373127879353,31.2350369872497,30.384222821129043,4.083371028991098,-1,END_OF_WINDOW
22.965043627368402,31.2350369872497,30.384222821129043,3.7917016697774484,-1,END_OF_WINDOW
21.444120293609853,31.36036264068827,30.328846908564742,3.5272944076504658,-1,END_OF_WINDOW
21.143113623673237,27.48788607684126,38.932060800381485,3.736773378532578,-1,END_OF_WINDOW
21.208685593127186,25.4936545376226,39.925953567706074,3.741289565780264,-1,END_OF_WINDOW
21.269573850477283,25.4936545376226,39.92595356770607,3.4740545967959595,-1,END_OF_WINDOW
20.894180899336494,27.950466414401344,38.60941393194594,3.3359078398819597,-1,END_OF_WINDOW
21.161076616225643,25.38646132974383,41.979079763237316,3.4104858513189704,-1,END_OF_WINDOW
22.10699924156086,22.157948853103548,45.40088587413135,3.6283082905104753,-1,END_OF_WINDOW
21.66310125539912,29.739868968222357,40.97877873818629,3.7327148411883093,-1,END_OF_WINDOW
21.5153415801809,27.36565539346366,40.7034288220391,3.76680663824629,-1,END_OF_WINDOW
21.227086519380062,28.23346356567051,40.194517827691975,3.5420347355144366,-1,END_OF_WINDOW
20.851632141887908,28.86683694975245,39.839782333366394,3.318317968691966,-1,END_OF_WINDOW
20.031996157873692,40.33320526779045,33.417776079797264,3.6734381137853944,-1,END_OF_WINDOW
20.16441094898911,46.29755570943645,29.671186311727254,3.841763962800705,-1,END_OF_WINDOW
20.01829621867608,43.22506896942538,29.964071523833713,3.8209236797434927,-1,END_OF_WINDOW
20.043757603890434,44.378439051925625,29.355358082563722,3.6215719883332578,-1,END_OF_WINDOW
18.765452729255387,37.93970795124137,39.60497169511738,3.933602560595185,-1,END_OF_WINDOW
18.030084565757623,43.061587444296784,36.33634556314739,3.981202377695555,-1,END_OF_WINDOW
16.821729269566077,39.765448081845044,38.889926907673456,4.003259350717299,-1,END_OF_WINDOW
16.14433656266471,41.8416740011827,36.12062045064911,4.002312254237508,-1,END_OF_WINDOW
15.174001496222937,40.37504423702021,38.35971345062477,3.851432807506281,-1,END_OF_WINDOW
15.041051894223862,45.30924457830146,34.66280048283478,3.957759035541557,-1,END_OF_WINDOW
15.100160257338159,43.64182800238448,31.688053754827965,4.020061961574298,-1,END_OF_WINDOW
15.014517691655243,43.08126903919769,32.56548890164108,3.781486107176122,-1,END_OF_WINDOW
14.934992452092533,43.08126903919769,32.56548890164108,3.511379956663542,-1,END_OF_WINDOW
15.4881158636094,47.27738179987249,29.797732315535356,3.563424245473306,-1,END_OF_WINDOW
16.08851499648025,43.94491241358024,26.99479007775462,3.6524653707966372,-1,END_OF_WINDOW
16.206592371888206,40.680661581684085,28.42093409149482,3.6637178443111917,-1,END_OF_WINDOW
16.31623564905274,40.68066158168409,28.420934091494825,3.402023712574678,-1,END_OF_WINDOW
16.418047263562663,40.68066158168409,28.42093409149482,3.159022018819344,-1,END_OF_WINDOW
16.512586619893305,40.68066158168409,28.420934091494825,2.9333775889036766,-1,END_OF_WINDOW
16.600373165057473,40.680661581684085,28.420934091494825,2.7238506182677,-1,END_OF_WINDOW
16.760076051722542,41.22837702348719,28.15851402937941,2.5528612883914628,-1,END_OF_WINDOW
16.014608077684706,38.11590831138679,33.58206919835859,2.5640854820777896,-1,END_OF_WINDOW
16.715621522876724,29.078309507931706,49.33031287228817,3.1209365190722425,-1,END_OF_WINDOW
18.823789963814498,19.88415661051493,54.07585492787678,4.2380124819956695,-1,END_OF_WINDOW
20.78137494468529,17.602887400327877,47.87184108520405,4.445297304710288,-1,END_OF_WINDOW
23.27083950328907,14.96862673450516,52.50910770734729,4.85420464008813,-1,END_OF_WINDOW
25.63301752838961,13.746558611223847,49.22631342176161,4.908190022938987,-1,END_OF_WINDOW
28.843281691794065,10.50612608961203,60.90756127397396,5.963319307014794,1,EXIT_PROFIT_TARGET_MET
32.350211060669366,8.139539791717988,65.65599827778593,7.147367927942339,1,EXIT_PROFIT_TARGET_MET
35.793408837757774,6.484216881467969,60.20861101409737,8.33112736166073,1,EXIT_PROFIT_TARGET_MET
38.990663916482724,6.149231592421393,57.098135326386554,8.157475407256399,1,EXIT_PROFIT_TARGET_MET
42.00132076618078,5.71888798503885,54.92634506317611,8.144798592452373,1,EXIT_PROFIT_TARGET_MET
45.00124804811354,4.9824538288696445,57.29939737830924,8.68088440727721,1,EXIT_PROFIT_TARGET_MET
47.78689480990824,4.9824538288696445,57.29939737830924,8.060821235328838,1,EXIT_PROFIT_TARGET_MET
49.926170002477726,6.949824493329187,55.48332174318805,7.730048289948195,1,EXIT_PROFIT_TARGET_MET
52.04252223649134,6.442695403087965,56.58227225171188,7.742901983523346,1,EXIT_PROFIT_TARGET_MET
54.00770645378969,6.428644798976503,56.45887434797818,7.205551841843126,-1,END_OF_WINDOW
55.92232633943709,6.065390290240469,57.15653951944133,7.091583853140055,1,EXIT_PROFIT_TARGET_MET
56.19998749981473,12.565565097323798,49.96458962830373,7.532899292201478,-1,END_OF_WINDOW
55.66667978429252,16.39660350593136,47.569771847008205,7.346977914187075,1,EXIT_PROFIT_TARGET_MET
53.27100548281856,25.98468710786598,40.75158103587636,7.963622348887967,-1,END_OF_WINDOW
50.80580636268434,26.603340918320953,38.888429937066824,7.749077895395972,-1,END_OF_WINDOW
48.51669289398829,26.603340918320953,38.88842993706682,7.195572331439117,-1,END_OF_WINDOW
46.3910875301991,26.603340918320953,38.888429937066824,6.681602879193466,-1,END_OF_WINDOW
44.69509274465866,25.75531545170443,40.83646224915125,6.408631244965338,-1,END_OF_WINDOW
42.4106238373853,29.87149942426309,38.572456516907735,6.3001575846106626,-1,END_OF_WINDOW
40.28933128063147,29.87149942426309,38.572456516907735,5.850146328567044,-1,END_OF_WINDOW
38.31955962078863,29.87149942426309,38.57245651690773,5.432278733669398,-1,END_OF_WINDOW
36.58450079470333,29.56173168057141,39.209460748768436,5.097115966978744,-1,END_OF_WINDOW
34.973374741909836,29.561731680571413,39.209460748768436,4.733036255051691,-1,END_OF_WINDOW
32.59053157887206,35.021532785859705,36.17026256514648,4.764247951119432,-1,END_OF_WINDOW
30.58216067637585,32.328179964107214,35.355919127622414,4.7925159546108915,-1,END_OF_WINDOW
29.688655789501336,29.062834810848628,41.885369173923635,4.9501933864244,-1,END_OF_WINDOW
28.679980187529196,30.137598991363646,41.250766785235776,4.667322430251246,-1,END_OF_WINDOW
27.750306504342475,30.112784249573014,41.29913981764091,4.337513685233312,-1,END_OF_WINDOW
27.204480042771348,28.962258778909693,43.5419359081621,4.187691279145203,-1,END_OF_WINDOW
27.91018869438796,24.223464503931332,52.77958387398951,4.6492847592062665,-1,END_OF_WINDOW
25.996365081711645,41.59722010335759,40.678481799803414,5.601478704977249,-1,END_OF_WINDOW
24.758762387226867,33.90914133611961,40.34710385352704,6.380658797478858,-1,END_OF_WINDOW
23.609559885205286,30.176568128169688,35.90586727459803,6.657754597658923,-1,END_OF_WINDOW
22.126304039777573,31.959291616567302,33.83033413150467,6.561486412111885,-1,END_OF_WINDOW
20.80169849002404,33.43177581406912,31.11965563740922,6.6235230969610255,-1,END_OF_WINDOW
19.38334721991532,30.078321300951753,30.652090515992004,6.836128590035231,-1,END_OF_WINDOW
18.57608615417979,32.2629042231937,27.438056294256945,7.091405119318418,-1,END_OF_WINDOW
17.82648659313966,30.458924866669385,25.903858170133706,6.974876182224248,-1,END_OF_WINDOW
18.48785762546566,39.366097884973556,22.585960853754642,7.428099312065385,-1,END_OF_WINDOW
19.263123814736122,39.53054304074037,21.595263113938152,7.21394936120356,-1,END_OF_WINDOW
19.11029159893211,37.1609613634528,26.295082889909676,7.125810121117593,-1,END_OF_WINDOW
18.53774509702202,34.62315318016233,27.707762158032967,7.101823683894906,-1,END_OF_WINDOW
18.589358735892407,36.65148880343292,24.813185907476694,7.363836277902411,-1,END_OF_WINDOW
18.91883569731421,38.58883313299219,24.05434115946066,7.053562258052238,-1,END_OF_WINDOW
18.227687003758803,33.66226994004947,27.966110362207257,7.508307811048479,-1,END_OF_WINDOW
17.58590607402878,33.66226994004947,27.966110362207257,6.9720001102593026,-1,END_OF_WINDOW
17.13355016412297,29.468141557507305,36.94112546287734,7.395428673812184,-1,END_OF_WINDOW
16.713505390639,29.46814155750731,36.94112546287734,6.867183768539885,-1,END_OF_WINDOW
16.052860886407036,30.51711382999544,35.44050892688893,6.646670642215622,-1,END_OF_WINDOW
15.120548470246044,31.124388073733382,33.049930189152775,6.618337024914506,-1,END_OF_WINDOW
14.160695307379264,33.16731314647615,32.06963354789609,6.333455808849192,-1,END_OF_WINDOW
13.269403084717254,33.16731314647615,32.06963354789609,5.881066108217107,-1,END_OF_WINDOW
13.456555551416525,29.189092248428388,40.21747483483838,6.20527567191589,-1,END_OF_WINDOW
14.689267027812509,25.41477308412557,47.947702568571145,6.617755981064756,-1,END_OF_WINDOW
16.736078387947867,20.75205759309013,52.505097566182165,7.525773410988729,-1,END_OF_WINDOW
18.636688936644987,18.409372824301972,46.57783508629257,7.877503881632411,-1,END_OF_WINDOW
20.401541589006598,17.50349690798054,44.285864607897764,7.693396461515792,-1,END_OF_WINDOW
22.926633563913228,14.45291774993446,50.875181203902464,8.651725285693212,1,EXIT_PROFIT_TARGET_MET
25.229127263967992,12.352642763353048,42.745789436505376,9.56160205100083,-1,END_OF_WINDOW
27.395431188171614,11.111843401416404,38.89350710303183,9.870059047357923,-1,END_OF_WINDOW
27.554217625487777,19.152915284019386,35.27303276450937,10.105769115403792,-1,END_OF_WINDOW
27.70166217442421,18.565051422557953,34.19039124811832,9.6810713214464,-1,END_OF_WINDOW
28.01184084221202,18.045985633684122,35.06493631019427,9.248137655628792,-1,END_OF_WINDOW
28.21931721992384,18.419195430775446,34.90525434871214,8.626842108798177,-1,END_OF_WINDOW
29.406749342269006,16.23348107591319,42.6297242111907,9.089210529598333,-1,END_OF_WINDOW
30.720071270246148,15.119002370092142,42.8007271836349,9.062124063198455,-1,END_OF_WINDOW
31.226899484313392,17.556721108805714,38.90998056638379,9.256258058684262,1,EXIT_PROFIT_TARGET_MET
31.1360443638168,20.279625218042007,37.624877069780545,8.88866819734968,1,EXIT_PROFIT_TARGET_MET
30.748391700194425,21.183183003359883,35.84433447899684,8.663763326110402,1,EXIT_PROFIT_TARGET_MET
29.6212970068076,23.927116405382698,32.35149957065896,8.913494517102505,1,EXIT_PROFIT_TARGET_MET
29.221326943974073,20.415714582600813,33.32520595928306,9.700387765880887,1,EXIT_PROFIT_TARGET_MET
28.849926171342943,19.76981158681338,32.270878407962435,9.30178863974653,1,EXIT_PROFIT_TARGET_MET
30.47887921394676,15.237302302461156,47.79873870591748,11.206660879764652,1,EXIT_PROFIT_TARGET_MET
32.6054756735919,12.339703700933914,49.74877648077739,12.849756531210037,-1,END_OF_WINDOW
34.58017238611953,11.762986064113912,47.42368039240787,12.516916778980754,-1,END_OF_WINDOW
36.644825681746404,10.6669248919668,47.758478047612506,12.817137009053575,-1,END_OF_WINDOW
38.74926228885703,10.205709492930342,50.01729158924415,12.43948436554973,-1,END_OF_WINDOW
38.79215721181082,18.864673573995876,43.34343403328273,13.329521196581899,-1,END_OF_WINDOW
38.390771000373064,19.217159423169967,38.29578475916547,14.008841111111774,-1,END_OF_WINDOW
38.01805523260943,17.42244117335088,34.719286157839896,14.348209603175235,-1,END_OF_WINDOW
36.63263588908078,21.54513095644502,31.40573975380183,14.729051774376991,-1,END_OF_WINDOW
34.69647687478649,23.60738748347624,28.57886355910174,15.029833790492924,-1,END_OF_WINDOW
32.38062177805316,24.98782570665411,26.150980681070887,15.251988519743454,-1,END_OF_WINDOW
30.507824918755922,23.52937279593175,26.6192638669499,15.04041791119038,-1,END_OF_WINDOW
29.076631935923178,21.706487083688625,26.78398403494764,15.138959488962502,-1,END_OF_WINDOW
27.747667023292777,20.911698663690597,25.803281802001575,14.59189095403661,-1,END_OF_WINDOW
25.940848461332386,25.521118985733956,24.29941625546779,14.388184457319728,-1,END_OF_WINDOW
24.85679707502576,28.127104861828514,22.660284706069945,14.326885567511189,-1,END_OF_WINDOW
24.467852408535826,30.52806664036225,20.602767992259626,14.63210802697467,-1,END_OF_WINDOW
25.154350987885376,36.31133312527997,17.852821563370163,15.679814596476493,-1,END_OF_WINDOW
25.804573740410774,33.479121172763755,16.39388967966896,15.855542125299625,-1,END_OF_WINDOW
25.901203197980777,32.572067938442764,18.659038528222005,15.133003402063922,-1,END_OF_WINDOW
25.990930551438638,32.572067938442764,18.659038528222005,14.052074587630786,-1,END_OF_WINDOW
26.86930105032706,38.27561963727309,17.08071946010904,14.25406925994288,-1,END_OF_WINDOW
27.684930799294882,38.12747418806947,17.014608685649502,13.287350027089836,-1,END_OF_WINDOW
28.31435147873316,37.85354717149472,17.610817617557775,12.427539310869133,-1,END_OF_WINDOW
27.544094491331556,33.98505910955098,23.84671351615475,12.853429360092758,-1,END_OF_WINDOW
26.828855860172926,30.821634934954176,21.626994851593484,13.160327262943282,-1,END_OF_WINDOW
26.164705702668485,28.178146482004525,19.772105865891014,13.366732458447347,-1,END_OF_WINDOW
24.348148968689177,25.891026050135256,26.273344684046904,13.508394425701134,-1,END_OF_WINDOW
22.833538715956614,24.69702359010236,26.300174271446807,13.149937681008181,-1,END_OF_WINDOW
21.4271149098478,23.74820235146479,25.289762476779416,12.698513560936195,-1,END_OF_WINDOW
20.25852410882871,22.73591561086474,25.16287232779418,12.316476878012175,-1,END_OF_WINDOW
19.45070407126597,21.99148537803668,26.31440012481718,11.823871386725596,-1,END_OF_WINDOW
18.60841163319098,21.6264264880148,25.213731481331237,11.458594859102343,-1,END_OF_WINDOW
17.82628294069277,21.6264264880148,25.213731481331234,10.64012379773789,-1,END_OF_WINDOW
16.687412326191488,25.040532549165583,24.11537205203359,10.33011495504234,-1,END_OF_WINDOW
17.09651520551067,33.305180323356055,21.108446137820643,10.95867817253929,-1,END_OF_WINDOW
17.47639645059277,32.55116707155504,20.63056107734904,10.411629731643607,-1,END_OF_WINDOW
16.38250364005859,29.06970568704469,27.839389604527664,10.825799036526178,-1,END_OF_WINDOW
15.366746030276852,28.41947332023834,27.21667699821932,10.282527676774325,-1,END_OF_WINDOW
14.8139062392116,30.000895153012653,25.748866954436213,10.092347128433326,-1,END_OF_WINDOW
14.300555004651006,30.000895153012653,25.748866954436213,9.37146519068809,-1,END_OF_WINDOW
13.781099688011178,29.907609587063757,25.97974536433613,8.72921767706752,-1,END_OF_WINDOW
12.9474058170762,28.424751118595193,29.64976657098481,8.528559271562704,-1,END_OF_WINDOW
13.09363405424053,26.12496956363126,35.3416429414208,8.616519323593923,-1,END_OF_WINDOW
13.229417417321693,25.090137679178124,33.94173091948859,8.331053657622922,-1,END_OF_WINDOW
14.345164558862443,22.503283442447486,40.75249917540877,8.625264110649876,-1,END_OF_WINDOW
15.860175657965227,20.88643853583788,43.933306145753335,8.629173817032017,-1,END_OF_WINDOW
17.428242154455205,19.233618874060145,42.62384923605956,8.70137568724404,-1,END_OF_WINDOW
18.884303901195896,19.233618874060145,42.62384923605956,8.079848852440895,-1,END_OF_WINDOW
18.86127252810178,26.60536215420306,38.733467250394106,8.256288220123702,-1,END_OF_WINDOW
18.118504292473467,28.587550374008774,33.87331157829516,8.766553347257698,-1,END_OF_WINDOW
17.428790930818607,28.587550374008778,33.87331157829516,8.14037096531072,-1,END_OF_WINDOW
17.33162838005373,27.0560948582143,37.415765562625175,7.9867730392170815,-1,END_OF_WINDOW
17.18604496956754,26.49432129763857,36.06122989286967,7.6948606792730105,-1,END_OF_WINDOW
16.08852061678681,32.11346173867667,33.30452974640756,7.736656345039206,-1,END_OF_WINDOW
15.069390860633273,30.882184837992277,32.027585563354265,7.470466606107817,-1,END_OF_WINDOW
14.333488745439759,29.742892794065035,32.7203672689383,7.2025761342429595,-1,END_OF_WINDOW
13.65015106704578,29.742892794065035,32.720367268938304,6.688106410368462,-1,END_OF_WINDOW
13.425256450668098,28.313312114611023,34.957808884968905,6.523955952484992,-1,END_OF_WINDOW
12.943770145102938,28.932847440883794,33.07792541388625,6.402244813021758,-1,END_OF_WINDOW
12.292458423783806,33.443058166868106,30.97866564868152,6.347798754948799,-1,END_OF_WINDOW
11.687668968273183,33.35413685013948,30.896296873486623,5.910098843881046,-1,END_OF_WINDOW
12.182409167271125,40.321554560260005,27.666277846958,6.128663212175242,-1,END_OF_WINDOW
12.983247570550077,41.64220958688331,25.85241744746256,6.0901872684484495,-1,END_OF_WINDOW
14.393247897019707,46.50773886099999,23.57453852555504,6.201602463559248,-1,END_OF_WINDOW
15.206427393826369,43.9715728524752,25.94789868924861,6.090773716162166,-1,END_OF_WINDOW
15.986304312054024,43.43862748650283,25.443401209065062,5.76786130786488,-1,END_OF_WINDOW
15.244265361321936,38.30909854768961,34.247552104403994,6.073014071588815,-1,END_OF_WINDOW
14.216669327785002,33.994602732357244,34.582943831415044,6.354941637903898,-1,END_OF_WINDOW
13.557165267056638,32.43216027827561,35.83429590671803,6.1853029494821925,-1,END_OF_WINDOW
13.329206632310573,37.9289698920363,30.80425907298193,6.6813527388049,-1,END_OF_WINDOW
12.850885299998316,35.10766744546291,30.74017251011204,6.702684686033123,-1,END_OF_WINDOW
12.359238393190966,33.548351684607844,29.769642326116507,6.51320720845931,-1,END_OF_WINDOW
11.875979193493222,31.948505756503813,28.563689779396576,6.350835264997915,-1,END_OF_WINDOW
11.995779388777256,33.95447674275184,25.84917854264514,6.516489888926609,-1,END_OF_WINDOW
11.926995970395515,32.819359695355296,26.297146934874977,6.260312039717586,-1,END_OF_WINDOW
11.935055546274118,28.069981691407655,35.754319016154966,6.7967183225949,-1,END_OF_WINDOW
11.942539438161393,25.6861768540403,32.71793233217022,6.896952728123823,-1,END_OF_WINDOW
11.40140085841993,28.745817959008182,31.370872977728865,6.679313247543576,-1,END_OF_WINDOW
11.865136472186805,26.155319616051504,37.55555139193428,6.816505158433348,-1,END_OF_WINDOW
13.396855594707807,22.797936302853962,45.57112729909617,7.2617547899738035,-1,END_OF_WINDOW
14.81916620847731,22.797936302853962,45.57112729909616,6.743058019261389,-1,END_OF_WINDOW
15.087088995196043,28.845216932236074,42.00151552736941,6.793553875028421,-1,END_OF_WINDOW
15.335874440006293,28.845216932236074,42.00151552736941,6.308300026812105,-1,END_OF_WINDOW
15.027747723819196,32.11497331271986,40.07143131567537,6.139850024896975,-1,END_OF_WINDOW
15.040182242754556,30.368602830992625,41.25700697910243,6.0291464516900595,-1,END_OF_WINDOW
15.62333500146805,28.249332624041337,45.32077689810286,6.018493133712206,-1,END_OF_WINDOW
16.164833991702007,28.24933262404134,45.32077689810286,5.588600767018478,-1,END_OF_WINDOW
17.184496493697914,26.24111558562445,49.20786863729591,5.586557855088583,-1,END_OF_WINDOW
18.1842545822789,25.551534400489917,48.70579320727934,5.327518008296512,-1,END_OF_WINDOW
19.553711750785045,23.44276717894884,51.40242876965853,5.391981007703905,-1,END_OF_WINDOW
21.274925809768717,21.634153478713266,55.151740122470855,5.425410935725065,-1,END_OF_WINDOW
23.323951823845395,18.919501223943946,56.69995909600016,5.76073872603041,-1,END_OF_WINDOW
25.51765091362755,17.568269197946904,58.8749014159709,5.760685959885397,-1,END_OF_WINDOW
28.384687803358176,13.958028560059102,67.3260186246345,6.732779819893575,-1,END_OF_WINDOW
31.085290492388047,12.16629475776102,59.80897606880833,7.172581261329739,-1,END_OF_WINDOW
32.842384126490764,15.671565377418641,55.05583801661517,7.235254028377628,-1,END_OF_WINDOW
33.97274614519584,17.18637073222464,49.77454015904824,7.431307312064941,-1,END_OF_WINDOW
34.90066174254209,17.19385018245856,47.64402975035146,7.209071075488886,-1,END_OF_WINDOW
34.735229998206826,21.699483827577907,42.67598350804071,7.473423141525417,-1,END_OF_WINDOW
33.94332742141039,24.402751757441767,39.5194548168545,7.49389291713076,-1,END_OF_WINDOW
32.91588905715988,25.828250170676384,38.388533011975156,7.163614851621444,-1,END_OF_WINDOW
31.961839147498694,25.322490973924964,37.636823024178746,6.78478521936278,-1,END_OF_WINDOW
31.135327184561323,24.90737839196166,37.66664129472765,6.405157703694028,-1,END_OF_WINDOW
31.013178894117612,22.689321253237093,41.6093737128212,6.52907501057305,-1,END_OF_WINDOW
30.899755481562735,22.689321253237093,41.6093737128212,6.062712509817832,-1,END_OF_WINDOW
29.9824065583689,27.19705682200815,39.18326574274437,5.978233044830852,-1,END_OF_WINDOW
29.13058255826034,27.19705682200815,39.18326574274437,5.551216398771506,-1,END_OF_WINDOW
28.48380319673257,26.74856518250706,40.18616091021214,5.241129513144973,-1,END_OF_WINDOW
26.820504746451622,33.08326731327784,36.71090667417326,5.327477405063176,-1,END_OF_WINDOW
24.947486731955504,35.152551772049016,35.57568524900437,5.104800447558667,-1,END_OF_WINDOW
23.549056416246945,37.62836214204657,33.793397666532286,4.990171844161619,-1,END_OF_WINDOW
22.250513980231855,36.98414077770303,33.21483332008654,4.714445283864368,-1,END_OF_WINDOW
21.234081066645267,38.233819793584104,32.55614389287942,4.4662706207311835,-1,END_OF_WINDOW
20.002887169591958,36.17172409353232,33.39104524983364,4.383679862107556,-1,END_OF_WINDOW
18.99195660847242,35.101300115762825,31.22150908450839,4.353417014814162,-1,END_OF_WINDOW
18.51541806066966,37.41729763729454,29.20869727427634,4.321030085184585,-1,END_OF_WINDOW
17.408375899138495,33.50993078105074,31.547267148509512,4.480242221957095,-1,END_OF_WINDOW
16.77358386492165,34.460322150432575,29.048548725806373,4.518082063245889,-1,END_OF_WINDOW
16.184134118863152,33.479895575550515,28.222091880504376,4.318219058728344,-1,END_OF_WINDOW
16.120639884670965,36.56444660640627,26.86307145163901,4.2126319831049015,-1,END_OF_WINDOW
15.309790521443423,32.9756954142558,29.973792466652785,4.3374439843116965,-1,END_OF_WINDOW
14.255834998235327,29.799506586932374,30.131773512653893,4.4569122711465585,-1,END_OF_WINDOW
13.536940320849723,30.338502514579442,27.897645309744117,4.469989966064685,-1,END_OF_WINDOW
13.019710305707976,29.89223541792254,26.351299857642083,4.394276397060055,-1,END_OF_WINDOW
13.407808957184354,34.949108106852236,24.06008732402316,4.468970940127198,-1,END_OF_WINDOW
13.848615075411287,33.79189192307517,22.72616757991418,4.3933301586895315,-1,END_OF_WINDOW
14.87290188785935,37.70901777835107,21.124620815131507,4.388806575926021,-1,END_OF_WINDOW
16.35057685208848,39.533623577253074,18.79260997516996,4.581034677645587,-1,END_OF_WINDOW
18.654782887398852,45.25531449532477,15.649710104457624,5.108103629242333,-1,END_OF_WINDOW
21.90081142248496,56.64748916492897,12.393060999707071,5.98966765572501,-1,END_OF_WINDOW
25.514689348507105,62.93196561505711,10.03470386630754,6.868977108887523,-1,END_OF_WINDOW
29.054361086808022,63.2000141944103,8.999654937230064,7.111907315395555,-1,END_OF_WINDOW
31.634222831118286,57.58222381137969,12.141549554031691,7.248199650010158,-1,END_OF_WINDOW
33.63745734114993,54.675161754419136,13.80596413803786,7.08832824643802,-1,END_OF_WINDOW
36.107965269161795,61.71839421017943,11.657801456903055,7.794876228835306,-1,END_OF_WINDOW
38.40200834517281,57.99274405511385,10.954074628597613,7.703099355347086,-1,END_OF_WINDOW
40.53874682677909,55.31986110825815,10.413339576577359,7.5243065442508525,-1,END_OF_WINDOW
42.234512611478365,51.84302408862667,11.27262241173312,7.455427505375788,-1,END_OF_WINDOW
44.238605453441,57.29755584068671,9.995821372836062,7.80718268356324,-1,END_OF_WINDOW
46.099548806692006,54.51521826515731,9.510429823478336,7.619526777594426,1,END_OF_WINDOW
47.8275676347108,53.574124323798515,9.346251669718402,7.1995605791948085,-1,END_OF_WINDOW
48.645842079604556,51.34151001294376,13.124098875051171,6.9760205378237625,1,END_OF_WINDOW
47.29319077126794,44.33161377573612,24.02402567496807,7.502019070836361,-1,END_OF_WINDOW
46.03715741352679,40.781446623650865,22.100132102232724,7.57258913720521,1,END_OF_WINDOW
43.34446008015242,36.24214330559737,30.662685525080466,7.912404198833436,1,END_OF_WINDOW
40.407985241792744,34.03825443187827,32.55078035367614,7.8229467560596095,1,END_OF_WINDOW
38.06613458916217,35.45406206573808,30.43216378844344,7.769879130626775,1,END_OF_WINDOW
37.0111826443186,43.109639142231956,26.8185934938141,8.1870306212963,1,END_OF_WINDOW
35.92635824781717,41.39071986548484,26.561148087281058,7.917957005489427,1,END_OF_WINDOW
34.59330013158082,40.16925324258125,28.34181449390612,7.575960076525905,1,END_OF_WINDOW
33.52393397036973,41.348389789119906,27.78325771371952,7.176248642488342,1,END_OF_WINDOW
31.783790619727185,38.779475713625175,32.269976705481014,7.105088025167735,1,END_OF_WINDOW
29.94742549583694,37.99381780258478,33.64216205964228,6.734010309084348,1,END_OF_WINDOW
28.678345340769752,40.01674814879614,31.326878072109565,6.715152429864023,1,END_OF_WINDOW
28.125557655168546,44.39642717886684,29.022917344720202,6.730498684873757,1,END_OF_WINDOW
27.34258327924504,40.49909998826599,28.63327666033246,6.851177350239922,1,END_OF_WINDOW
26.53210678824243,38.98462905383654,28.232617218862366,6.60895039665136,1,END_OF_WINDOW
25.054275802090046,36.148812780045745,32.158005383880024,6.618311082604819,1,END_OF_WINDOW
23.629627013203223,35.23954309008355,31.813665417239058,6.304146005275922,1,END_OF_WINDOW
22.010669417298942,32.63522101998418,33.27069952902961,6.320992719184782,1,END_OF_WINDOW
20.631824020675626,29.90236453072117,31.566216909209537,6.4059218106715665,1,END_OF_WINDOW
20.188525385067923,27.58070566977979,36.879505720776365,6.449070252766471,1,END_OF_WINDOW
19.861658956019063,26.297778758702982,36.028386029642576,6.280565234711701,1,END_OF_WINDOW
19.27450265974243,27.896212252717447,35.247012307180135,5.961239146518004,1,END_OF_WINDOW
19.04305337040685,27.004159112188997,37.31765564422862,5.718293493195286,1,END_OF_WINDOW
18.11376858168222,31.17152646611869,35.17420867303699,5.633415386538494,1,END_OF_WINDOW
17.167612314346734,29.892497260769428,32.95147858762239,5.583885716071463,1,END_OF_WINDOW
16.169646652563856,33.37995264471556,31.31232718557018,5.4564653077806575,-1,END_OF_WINDOW
16.129634633600546,38.68063283281852,28.23539061520722,5.6188606429391825,1,END_OF_WINDOW
16.530486722427423,37.953829327173594,24.39764393871057,6.038227739872115,1,END_OF_WINDOW
16.902706519195235,35.65970831207391,22.922927192839502,5.967640044166977,1,END_OF_WINDOW
17.52983084640765,35.45720388191402,20.966274018153587,6.058522898155035,1,END_OF_WINDOW
17.961213131470977,31.97769556005813,19.779052887754673,6.237914119715402,-1,END_OF_WINDOW
18.36178239617264,31.366554919844674,19.401046191745706,5.905205968307154,-1,END_OF_WINDOW
19.022936925998867,33.26174569487367,18.86532073419995,5.639119827713775,-1,END_OF_WINDOW
19.57761811975893,32.36980340497264,18.691310395056092,5.380611268591362,-1,END_OF_WINDOW
19.412567609236387,31.08119563501827,21.928123664476313,5.203424749406239,-1,END_OF_WINDOW
19.259306420894028,31.08119563501827,21.92812366447631,4.831751553020079,-1,END_OF_WINDOW
17.905654213167022,28.362885777542648,28.538241117091353,4.916626442090105,-1,END_OF_WINDOW
17.179597361954187,26.13068681142906,30.515595234676727,4.955438839083671,-1,END_OF_WINDOW
16.50540171439941,26.130686811429058,30.515595234676727,4.601478922006266,-1,END_OF_WINDOW
16.465572393581333,36.3002098372793,26.314540222910555,4.954944713291546,-1,END_OF_WINDOW
16.583746222398922,37.34105161105034,25.88456592234193,4.67744866234213,-1,END_OF_WINDOW
15.684859155980444,34.38891409811393,31.74404078414446,4.716202329317678,-1,END_OF_WINDOW
15.878112908597304,41.24130885802306,28.42870625282922,4.8900450200807075,-1,END_OF_WINDOW
16.33461136338874,43.215397518202,27.473600113693728,4.698613232932089,-1,END_OF_WINDOW
16.75850278569507,43.215397518202,27.47360011369373,4.362998002008368,-1,END_OF_WINDOW
17.601393254467528,44.617005334056614,24.793951459015886,4.489212430436349,-1,END_OF_WINDOW
18.38407726118481,43.21739581116286,24.016179613676105,4.30355439969092,-1,END_OF_WINDOW
19.259683916817075,44.341583031821585,23.540705080649204,4.076871942570147,-1,END_OF_WINDOW
20.072747239904178,44.341583031821585,23.5407050806492,3.7856668038151366,-1,END_OF_WINDOW
20.8277346113422,44.34158303182158,23.540705080649197,3.5152620321140557,-1,END_OF_WINDOW
20.88728513049238,40.9871561286041,26.39188442101984,3.5313147441058934,-1,END_OF_WINDOW
20.254446754599833,38.742306137681865,30.423371188992,3.4690779766697806,1,END_OF_WINDOW
20.002428916810864,40.92960952239574,29.199651201202133,3.3562866926219623,1,END_OF_WINDOW
19.106193706777557,37.6267291940571,32.40571523436062,3.3901233574346743,1,END_OF_WINDOW
17.833299020372234,33.765346118430436,32.908146297218046,3.5079716890465136,1,END_OF_WINDOW
17.443794161862275,38.91389170443024,30.340088924962423,3.533116568400343,-1,END_OF_WINDOW
17.293145956145384,40.22704745069215,29.530000038876835,3.370751099228873,-1,END_OF_WINDOW
16.897343837784852,39.34707615784094,31.07153939865769,3.199983163569669,-1,END_OF_WINDOW
15.853898261162513,36.940596737787885,35.28722549506952,3.164984366171838,-1,END_OF_WINDOW
14.88498451144177,36.348696220938834,34.72181700540819,2.986771197159569,-1,END_OF_WINDOW
14.595353686024804,32.90774260464392,40.90138390032779,3.063430397362453,-1,END_OF_WINDOW
15.533145424587197,48.32631732053483,27.346463969347763,4.254613940407976,1,EXIT_PROFIT_TARGET_MET
16.403952038966562,46.534271889861905,26.332397338193402,4.102855801807414,1,EXIT_PROFIT_TARGET_MET
15.99247435107905,41.82885973269308,33.781454110259645,4.238366101678313,-1,END_OF_WINDOW
15.189062288963619,37.275829248355244,40.98927808612734,4.4163399515584345,-1,END_OF_WINDOW
14.149072966061041,39.06559060742122,38.57705395062129,4.3573156693042705,-1,END_OF_WINDOW
13.50095029414518,41.19680079960538,37.21702055811461,4.193935978639692,-1,END_OF_WINDOW
12.899122098794738,41.19680079960538,37.21702055811461,3.894369123022571,-1,END_OF_WINDOW
13.161395697327142,46.930701978597064,33.58798810820499,4.006914185663802,1,EXIT_PROFIT_TARGET_MET
13.630497228398013,48.56011266101214,32.556720903534824,3.8385631724021083,1,EXIT_PROFIT_TARGET_MET
12.837061692244287,40.87651440066293,42.99201392623221,4.234380088659108,-1,END_OF_WINDOW
13.5348800667413,53.530708523781776,33.7904371847474,5.002638653754871,1,EXIT_PROFIT_TARGET_MET
14.727778818059727,57.58119803586765,30.845098293672176,5.08887874991524,1,EXIT_PROFIT_TARGET_MET
14.72990759541362,49.09192284791325,36.46568845800605,5.542530267778441,1,EXIT_PROFIT_TARGET_MET
14.731884317242233,46.638714919606734,34.643435206417664,5.417349534365694,1,EXIT_PROFIT_TARGET_MET
15.897726558776888,55.2382445420412,29.060412855444664,5.996824567625269,1,EXIT_PROFIT_TARGET_MET
17.481127750973236,58.80738373558078,26.380372078415324,6.134194241366327,1,EXIT_PROFIT_TARGET_MET
18.384945748051052,53.01669850450671,28.46310282520428,6.318180366983021,1,EXIT_PROFIT_TARGET_MET
19.141610203126838,49.03476027770763,27.00094495597455,6.343310340769953,1,EXIT_PROFIT_TARGET_MET
20.149877319909464,51.4037828846725,25.74585718716063,6.177359602143527,1,EXIT_PROFIT_TARGET_MET
20.677368394390868,49.683841189362695,28.230359087727432,5.934691059133289,-1,END_OF_WINDOW
20.141128581440157,45.2124645737185,34.689382512772575,6.055784554909458,1,EXIT_PROFIT_TARGET_MET
19.673607309034335,42.7753828446583,32.536153776981564,5.995371372415929,1,EXIT_PROFIT_TARGET_MET
19.461464241767793,44.33936862805738,31.64691965916213,5.723559131529048,1,EXIT_PROFIT_TARGET_MET
19.264474250734576,44.33936862805739,31.646919659162137,5.314733479276973,1,EXIT_PROFIT_TARGET_MET
19.08155497334659,44.33936862805739,31.646919659162133,4.935109659328618,1,EXIT_PROFIT_TARGET_MET
18.526789208035908,42.2516920975077,33.662164988602505,4.809030397948008,1,EXIT_PROFIT_TARGET_MET
18.01164956881884,42.251692097507686,33.6621649886025,4.465528226666008,1,EXIT_PROFIT_TARGET_MET
17.53330561811728,42.2516920975077,33.662164988602505,4.146561924761293,1,EXIT_PROFIT_TARGET_MET
17.08912909246583,42.25169209750769,33.6621649886025,3.850378930135486,1,EXIT_PROFIT_TARGET_MET
16.676679461503767,42.25169209750769,33.6621649886025,3.5753518636972372,1,EXIT_PROFIT_TARGET_MET
19.266940316929897,65.45074689404852,20.139164254808104,5.54925530200458,1,EXIT_PROFIT_TARGET_MET
21.672182539825588,58.45034802607413,17.98514479221082,5.770022780432848,1,EXIT_PROFIT_TARGET_MET
22.784030978606662,52.38812762260567,23.95822609585152,5.977878296116237,-1,END_OF_WINDOW
23.816461671760518,50.62280111721602,23.15090402750421,5.744458417822223,1,EXIT_PROFIT_TARGET_MET
24.590100431074333,48.75557102428619,23.664051584816367,5.538425673692041,-1,END_OF_WINDOW
25.480916965155032,50.14056431744126,23.024478593391695,5.285680982714038,1,EXIT_PROFIT_TARGET_MET
25.071251034146613,45.34320423008366,30.38935968570822,5.427418055377321,1,EXIT_PROFIT_TARGET_MET
25.3133976054022,49.96020437749366,27.822292294138997,5.504745337136099,1,EXIT_PROFIT_TARGET_MET
25.538247992996677,49.96020437749367,27.822292294139,5.111549241626378,-1,END_OF_WINDOW
25.747037638620117,49.96020437749366,27.822292294139,4.746438581510208,-1,END_OF_WINDOW
26.157077999131783,51.62235126223037,26.898133114677098,4.558835825688043,-1,END_OF_WINDOW
26.537829762464046,51.62235126223037,26.898133114677098,4.233204695281754,-1,END_OF_WINDOW
25.19431297150271,44.00233344338223,37.68875993885244,4.611547217047325,-1,END_OF_WINDOW
24.44442668434547,47.50491776795871,35.33137492815596,4.567865272972516,-1,END_OF_WINDOW
23.821529810669468,48.030023946892264,34.977956617408594,4.284446324903044,-1,END_OF_WINDOW
24.15464206748316,54.73474697924961,30.46539899918141,4.567700158838541,-1,END_OF_WINDOW
23.9228212391421,51.73749731839905,33.84328315517328,4.487150147492935,-1,END_OF_WINDOW
23.962570510655034,53.61414860541472,32.5273124250809,4.335210851243449,-1,END_OF_WINDOW
23.999480548488474,53.61414860541471,32.5273124250809,4.025552933297488,-1,END_OF_WINDOW
24.033754155048097,53.61414860541472,32.5273124250809,3.738013438061954,-1,END_OF_WINDOW
23.483934248947588,50.56529908294591,36.36424869364832,3.6802981924860885,-1,END_OF_WINDOW
22.97338719328283,50.56529908294591,36.36424869364832,3.417419750165654,-1,END_OF_WINDOW
21.89847980725164,47.356763693490045,40.402147485982475,3.388318339439551,-1,END_OF_WINDOW
20.878477300219146,47.23879576745107,40.55060854009842,3.1541527437653065,-1,END_OF_WINDOW
19.93133211511754,47.238795767451066,40.55060854009842,2.928856119210642,-1,END_OF_WINDOW
18.50896357968457,44.28456313100495,44.268470725499746,2.901080682124165,-1,END_OF_WINDOW
17.188192796782523,44.284563131004944,44.26847072549974,2.6938606334010107,-1,END_OF_WINDOW
17.432925842226677,35.99923306477207,54.69544758805045,3.077156302443792,-1,END_OF_WINDOW
18.596967206424655,30.290000685610273,61.123231277249275,3.395930852269233,-1,END_OF_WINDOW
20.01553954635662,26.719144428397538,60.111642924602506,3.574792934249976,-1,END_OF_WINDOW
20.771053170922613,27.734659025452476,52.183940687363,3.8237362960892596,-1,END_OF_WINDOW
20.457690989407837,34.1587073802289,47.54503421023899,3.8970408463685917,-1,END_OF_WINDOW
20.435421577128547,31.509180122287543,47.407713826085065,3.9229665001993896,-1,END_OF_WINDOW
20.41474283715492,31.509180122287546,47.407713826085065,3.642754607328005,-1,END_OF_WINDOW
19.42597240955153,37.01199375624283,42.21902191878275,3.798272135375984,-1,END_OF_WINDOW
18.507828441062667,34.938771686345525,39.85412883607129,3.7362526971348307,-1,END_OF_WINDOW
17.43154225262268,36.3795910864194,38.97153556987555,3.547948933053765,-1,END_OF_WINDOW
16.43213364907126,36.37959108641941,38.97153556987555,3.2945240092642103,-1,END_OF_WINDOW
15.504111374344943,36.37959108641941,38.971535569875556,3.0592008657453382,-1,END_OF_WINDOW
15.256001242169551,43.82369519021894,34.41154966564864,3.2171150896206697,-1,END_OF_WINDOW
14.525762432444687,40.235255547588196,36.37949713931214,3.2537497260763377,-1,END_OF_WINDOW
15.888671046023603,27.379909824691758,55.09775086013359,4.439910459928037,-1,END_OF_WINDOW
17.158210473305598,21.795088873709844,43.91434508245005,5.179202569933175,-1,END_OF_WINDOW
17.740260007214907,24.077379378876522,40.39278092114867,5.228545243509402,-1,END_OF_WINDOW
18.59469871010299,22.729735317252526,41.93743942175258,5.142934868972999,-1,END_OF_WINDOW
19.388106077070496,22.729735317252526,41.93743942175258,4.7755823783320706,-1,END_OF_WINDOW
20.12484148925461,22.729735317252526,41.93743942175257,4.434469351308351,-1,END_OF_WINDOW
20.12746180525575,26.503487960008734,39.88928385378539,4.329150111929186,-1,END_OF_WINDOW
19.52163041000068,30.046000623591155,37.966630801673496,4.223496532505666,-1,END_OF_WINDOW
18.236618247191778,34.43784458375443,35.509053439627145,4.193246780183814,-1,END_OF_WINDOW
17.782122728201053,40.735958241524074,32.08895979853816,4.308729153027824,-1,END_OF_WINDOW
18.107979055927316,43.449617620310875,27.578921723041464,4.655248499240112,-1,END_OF_WINDOW
17.223013996787927,33.66474899448875,30.022796916397173,5.5791593207229715,-1,END_OF_WINDOW
16.40126072758707,30.891974558862977,27.549989417092828,5.645647940671314,-1,END_OF_WINDOW
16.941079859032776,25.15457287599254,41.00574349491348,6.438101659194809,-1,END_OF_WINDOW
17.36153536750051,22.488531409228543,35.79264095720632,6.848951540680897,-1,END_OF_WINDOW
16.163150343586118,29.81144063079594,29.465179200499584,7.7254550020608255,-1,END_OF_WINDOW
15.346425514310198,30.05601735892636,27.341678741254654,7.730779644770747,-1,END_OF_WINDOW
14.721051915296039,29.079383073271195,25.48306561364086,7.702152527287117,-1,END_OF_WINDOW
15.579879053619955,38.094199769794564,22.017537055995557,8.277713061052339,-1,END_OF_WINDOW
16.618863551903505,37.491010280943776,20.13176711160249,8.406447842405738,-1,END_OF_WINDOW
17.663956187775977,35.37757480583695,18.531044708886004,8.480272996519618,-1,END_OF_WINDOW
16.50404643381108,28.641020447397324,29.46921898819094,9.726682068196776,-1,END_OF_WINDOW
16.585437915698897,24.434245414046607,34.90352022223056,10.586919063325576,-1,END_OF_WINDOW
16.66101572030901,22.616753658648133,32.30729270780036,10.620710558802317,-1,END_OF_WINDOW
16.41962586841048,22.612377818104402,29.538876846544895,10.786374090316441,-1,END_OF_WINDOW
15.764909823622665,24.314050271333173,28.11720441190845,10.522347369579563,-1,END_OF_WINDOW
15.972588961479165,21.624969594640223,31.554945502617187,10.985751128895325,-1,END_OF_WINDOW
16.165433875203057,20.906209940882654,30.506138400043437,10.551768905402792,-1,END_OF_WINDOW
16.202683539865575,20.895963409477623,29.26654579569583,10.213071126445445,-1,END_OF_WINDOW
15.676956820320214,23.6560098121901,28.245396586062345,9.826423188842213,-1,END_OF_WINDOW
15.320602945441667,23.025151648358754,28.53600992330147,9.374535818210626,-1,END_OF_WINDOW
14.472573401815865,27.688786915943048,25.842912563809065,9.612068974052711,-1,END_OF_WINDOW
14.962078054228776,34.90581909232129,22.634894500675813,10.190492618763235,-1,END_OF_WINDOW
15.46920057219859,33.77188865084632,21.563835552772897,9.932600288851571,-1,END_OF_WINDOW
15.75381222003236,31.54394341113485,21.269701717209937,9.874557411076452,-1,END_OF_WINDOW
15.770039626655878,30.034823307594994,21.757839914898,9.629946167428121,-1,END_OF_WINDOW
15.785107932806287,29.462930023926397,21.34354873072712,9.115664298326134,-1,END_OF_WINDOW
15.799099931374526,29.4629300239264,21.343548730727118,8.464545419874268,-1,END_OF_WINDOW
14.764848717905013,26.820800932382994,26.122174459697593,8.634220747026085,-1,END_OF_WINDOW
13.967839095805713,25.31427450397244,23.551814429013135,8.892490693667078,-1,END_OF_WINDOW
13.147417841089487,23.56716025670355,22.4256457048337,8.869455644119443,-1,END_OF_WINDOW
12.458641693506982,22.390384127835635,24.01674603153187,8.66878024096805,-1,END_OF_WINDOW
12.285953334050966,20.74300569445132,25.373573567715887,8.68886736661321,-1,END_OF_WINDOW
11.958713424365113,20.027124439454028,23.370755124153106,8.759662554712285,-1,END_OF_WINDOW
12.262759947402659,18.546657206375876,25.725558457862174,8.78325808651853,-1,END_OF_WINDOW
12.545088861651807,18.366502550829885,25.47567088668783,8.235882508910056,-1,END_OF_WINDOW
12.300785906294017,20.627582671772235,24.770047156117837,7.865462329702175,-1,END_OF_WINDOW
13.267626481063827,17.57058827580593,29.812830948505,8.574357877580589,-1,END_OF_WINDOW
15.343181564372752,15.341004240366809,37.85747000857527,9.119046600610535,-1,END_OF_WINDOW
17.270482713159613,14.962362370663316,36.923083771423165,8.681971843424067,-1,END_OF_WINDOW
18.55528595677211,16.987232235633577,35.48924640292685,8.387545283179488,-1,END_OF_WINDOW
20.1322100142834,15.594251056933487,36.940143129324234,8.484149191523795,-1,END_OF_WINDOW
21.86841382197329,14.25878967091458,37.06788163247112,8.615995677843518,-1,END_OF_WINDOW
23.480603071971046,13.888054510764738,36.1040994777023,8.214138843711822,-1,END_OF_WINDOW
24.516092222920186,15.857970032882822,35.278174275697516,7.805986069160978,-1,END_OF_WINDOW
26.0002168747571,14.842875714017781,39.42112305559057,7.74412992136377,-1,END_OF_WINDOW
26.14614071183961,20.644366347870378,36.73548426611108,7.716692069837796,-1,END_OF_WINDOW
26.248395973470956,20.332801014277013,35.81787370888556,7.349071207706537,-1,END_OF_WINDOW
25.22559453829331,25.78384674908732,32.768680735483194,7.459137550013204,-1,END_OF_WINDOW
24.460817179624712,24.848524009026963,33.289401728835955,7.187056296440839,-1,END_OF_WINDOW
24.13116458706247,23.92414673381729,35.77106868962219,6.93155227526647,-1,END_OF_WINDOW
23.150681522073064,27.61909195070935,34.03369561415529,6.765012827033145,-1,END_OF_WINDOW
22.66966338240122,25.990704757808814,36.20023540220725,6.675369053673649,-1,END_OF_WINDOW
22.3112837064982,24.22634803382731,34.61284755178745,6.64998554983983,-1,END_OF_WINDOW
22.55620577058239,21.85502809211082,37.00595972454474,6.844986581994136,-1,END_OF_WINDOW
22.783633401517715,20.79189062200326,35.20580544267235,6.681058968994567,-1,END_OF_WINDOW
22.99481620167194,19.802384335917527,33.53032693879019,6.513840471209251,-1,END_OF_WINDOW
22.100604984432795,24.55829071303915,30.305772728841287,6.692137580408574,-1,END_OF_WINDOW
21.23417426335997,32.916902869240175,26.94802536695668,6.988413467522258,-1,END_OF_WINDOW
21.045468171278813,35.69357847154464,24.50186725309722,7.137098219842109,1,EXIT_PROFIT_TARGET_MET
20.62001839596542,31.882727326048315,23.52253271924488,7.419448346996222,-1,END_OF_WINDOW
19.55003978734451,27.89965810880294,31.23504323943683,7.873059179353634,-1,END_OF_WINDOW
18.55648822219652,27.328259887381268,30.595334749696885,7.4635549522569375,-1,END_OF_WINDOW
17.771493171928142,32.88294388729418,28.256772109766217,7.5040153128100275,-1,END_OF_WINDOW
17.096369324588508,31.393237441383498,26.5707714183092,7.410157076180711,-1,END_OF_WINDOW
16.469468609201705,31.077085688082427,26.3031852546921,6.950860142167805,-1,END_OF_WINDOW
16.73984578900753,36.52791500940095,24.22297470553432,7.0086558462986925,-1,END_OF_WINDOW
16.194058219126212,33.64741292751185,28.035037874254527,7.0651804287059425,-1,END_OF_WINDOW
15.68725547566499,31.532591202453382,26.27296756926437,7.000524683798365,-1,END_OF_WINDOW
16.82137403184612,42.45304620123528,22.082466350312313,7.734058634955623,-1,END_OF_WINDOW
18.65664203105243,45.1498795482926,18.21164678081265,8.708054446744534,-1,END_OF_WINDOW
20.75887290150673,43.201171960679176,15.14414792318131,9.723907700548484,-1,END_OF_WINDOW
23.39351996236648,45.78203484278519,12.300803276679803,11.116485721937863,1,EXIT_PROFIT_TARGET_MET
26.297626002620316,47.90051795204457,10.496586156484371,12.096736741799424,-1,END_OF_WINDOW
29.129395272765304,47.08643218273222,9.66390212464767,12.200541260242304,1,EXIT_PROFIT_TARGET_MET
31.913058204531097,45.4704695981155,8.62862220117847,12.68835974165355,-1,END_OF_WINDOW
34.6263122616801,45.19976144694324,8.008160755029873,12.694905474392563,1,EXIT_PROFIT_TARGET_MET
37.26705939673338,45.92909503652902,7.602325701072166,12.417412226221662,-1,END_OF_WINDOW
37.86115893896749,39.930590105750774,14.92497899686363,13.26259706720583,1,EXIT_PROFIT_TARGET_MET
38.64287294371744,40.640243265088976,13.981847298367562,13.14598299097685,-1,END_OF_WINDOW
38.669855383037095,36.67058477785935,16.085017817737384,13.528412777335648,1,EXIT_PROFIT_TARGET_MET
38.69491050526249,36.48388089908657,16.003122881103756,12.62638329324025,-1,END_OF_WINDOW
38.81602983100259,36.81542026812913,15.631716838483786,12.003070200865954,-1,END_OF_WINDOW
38.92849777633268,36.420960782143844,15.464230525839035,11.266422329375533,-1,END_OF_WINDOW
37.92280071284353,33.334737457456214,20.06546146245105,11.430249305848706,-1,END_OF_WINDOW
36.70179233813011,31.964462311772895,20.944269943910456,11.068802926859506,-1,END_OF_WINDOW
34.31691446376082,27.69379477043324,29.591959437368047,11.863174146369547,-1,END_OF_WINDOW
32.16973078099829,26.621818764381313,28.988797274632162,11.459375993057439,-1,END_OF_WINDOW
30.25345127427984,25.512090295252985,28.391523046650473,11.103706279267623,-1,END_OF_WINDOW
28.93781184544629,23.6295592620001,29.973174384411827,11.13201297360565,-1,END_OF_WINDOW
27.716146661529425,22.676831340643787,28.76467617202097,10.771154904062385,-1,END_OF_WINDOW
25.889610976038497,27.9700843939496,26.79555472220465,10.736786696629355,-1,END_OF_WINDOW
24.193542125225495,27.055181965605588,25.919071200064366,10.307016218298672,-1,END_OF_WINDOW
22.667512946579706,27.1346997584786,25.641588054368974,9.674372202705896,-1,END_OF_WINDOW
21.31751792825879,25.89912182219951,27.92706803395322,9.411917045369762,-1,END_OF_WINDOW
19.834913924488433,27.149468873047834,27.455838434334854,8.889637256414773,-1,END_OF_WINDOW
18.934915544802383,26.123214371693084,30.19801997394052,8.578948880956572,-1,END_OF_WINDOW
17.846841459075364,27.51409515108407,29.62948081512085,8.119023960888269,-1,END_OF_WINDOW
16.743113084790302,27.94968980214532,29.32112198584927,7.618379392253402,-1,END_OF_WINDOW
15.718222451525598,27.949689802145322,29.32112198584927,7.074209435663874,-1,END_OF_WINDOW
16.22808910198469,24.26386180620327,38.64180458198791,7.5667659045450115,-1,END_OF_WINDOW
16.600603384865064,23.89306508841873,36.93704045754876,7.350568339934652,-1,END_OF_WINDOW
16.946509504682556,23.504429533622844,36.33623653567373,6.938384887082172,-1,END_OF_WINDOW
18.07495641849446,21.35687925826338,42.15306066078835,7.090643109433425,-1,END_OF_WINDOW
18.812602499926474,21.58475297512764,38.70953861118417,7.169882887331025,-1,END_OF_WINDOW
19.497559575541917,21.58475297512764,38.70953861118417,6.6577483953788095,-1,END_OF_WINDOW
20.309597793598538,21.05207075047524,39.85023366093867,6.338623509994613,-1,END_OF_WINDOW
19.658286599666006,28.05901225862212,35.13072848178775,6.676578973566437,-1,END_OF_WINDOW
18.59373776134857,30.10022142089249,33.105397592206415,6.578966189740259,-1,END_OF_WINDOW
18.559536303329406,27.286298458367582,39.359047861157926,6.7390400333302525,-1,END_OF_WINDOW
18.527777806597324,25.455734947643954,36.718556445974194,6.707680030949533,-1,END_OF_WINDOW
18.448783311946748,24.614560047934212,35.00063235584046,6.534274314453152,-1,END_OF_WINDOW
18.375431281199784,24.527935389863906,34.87745656865739,6.088969006277908,-1,END_OF_WINDOW
18.06819359785169,25.470111103597105,33.81378863931134,5.831899791543756,-1,END_OF_WINDOW
18.15490684438307,24.53174349572532,36.25221525535601,5.622478377862065,-1,END_OF_WINDOW
16.87931814152244,32.319114755943616,32.51144433688625,5.821587065157622,-1,END_OF_WINDOW
15.694842917437567,29.668999019864483,29.845557882678893,5.88861656050349,-1,END_OF_WINDOW
14.594973066501613,27.56604093984398,27.730085194838082,5.885143949038966,-1,END_OF_WINDOW
13.790732928233211,26.157427573256182,27.9626633500632,5.7590622383933505,-1,END_OF_WINDOW
13.742385755400768,23.501749478965547,30.596068337316048,5.9519863642224,-1,END_OF_WINDOW
13.697491952056357,21.82881270414043,28.41813311881795,5.9504159096350735,-1,END_OF_WINDOW
12.977891306047288,26.844974342978468,24.96775615999376,6.288957630375429,-1,END_OF_WINDOW
12.885965640132785,28.38134063558591,22.4398677322405,6.497603513920044,-1,END_OF_WINDOW
12.813802894302407,26.201756615337334,20.639084806885243,6.559917548640033,-1,END_OF_WINDOW
12.746794630317057,26.16493869662803,20.610083386949547,6.099923438022881,-1,END_OF_WINDOW
12.328470633923224,25.30648596438226,22.043920474342343,5.8563574781641075,-1,END_OF_WINDOW
12.774205311331972,29.444171865520577,20.221815751496557,5.928046229723823,-1,END_OF_WINDOW
12.446029237600216,23.86655671072406,28.11882599951088,6.791042927600709,-1,END_OF_WINDOW
12.722201378174642,22.718823702008425,31.575562432233205,6.624539861343519,-1,END_OF_WINDOW
12.613812175514607,32.46477279136794,25.92261093023649,7.49278701410471,-1,END_OF_WINDOW
12.936715718805935,27.061211300485095,38.25233612175087,8.346873655954393,-1,END_OF_WINDOW
13.592895304117352,22.725866828230227,35.63779361349175,9.229239823386242,-1,END_OF_WINDOW
14.20220491904938,20.154111942914824,31.60487066625749,9.663579836001539,-1,END_OF_WINDOW
15.960324398196267,17.660266787803028,40.06800029485723,10.240466990572875,-1,END_OF_WINDOW
17.95435405511146,15.138119938420918,38.80785479356271,11.093290776960515,-1,END_OF_WINDOW
19.805953022246996,13.574633894838925,34.799725673308096,11.487341435749027,-1,END_OF_WINDOW
21.663529437176827,13.344094090876172,35.90703056108911,10.851102761766949,-1,END_OF_WINDOW
23.831444890568708,12.54546371129584,39.74292921129618,10.717452564497883,-1,END_OF_WINDOW
25.84450924014688,12.2775769051229,38.89428729423533,10.169063095605175,-1,END_OF_WINDOW
27.221888587515767,14.357139057659591,37.97225293912523,9.671987160204809,-1,END_OF_WINDOW
28.705277712266486,13.619491447706501,38.75242803086188,9.467559505904495,-1,END_OF_WINDOW
30.082710470963583,13.134980182668922,37.37381650189231,9.115590969768457,-1,END_OF_WINDOW
30.6378977922229,16.24480723517076,36.035808338684184,8.778763043356431,-1,END_OF_WINDOW
31.15342887624941,15.938944205376103,35.3573132749997,8.308137111688119,-1,END_OF_WINDOW
31.466138377047642,16.230938126528336,34.12203535551051,7.993984460853243,-1,END_OF_WINDOW
32.24291398137091,15.319897621721456,37.819757181414765,7.86441414222089,-1,END_OF_WINDOW
32.06206150422495,18.943276486317167,34.95782015159609,7.900527417776566,-1,END_OF_WINDOW
32.39390393806153,17.60459391665525,38.025039357449735,7.894061173649664,-1,END_OF_WINDOW
32.77297580104639,16.25067205439716,35.919181661202586,7.940913946960383,-1,END_OF_WINDOW
33.39287144064345,14.70511731980839,35.52715515786755,8.14870580789181,-1,END_OF_WINDOW
34.45589702039639,12.838696155217592,36.80365525709658,8.6666553930424,-1,END_OF_WINDOW
35.44299220159556,11.956793080527982,34.27557480884487,8.641180007825115,-1,END_OF_WINDOW
36.59034764180201,11.017238815938473,34.42026532372599,8.708238578694745,-1,END_OF_WINDOW
37.954206598057205,9.954178173149275,34.96983104710809,8.949792965930845,-1,END_OF_WINDOW
39.57171299308517,9.059497985491848,36.92697989584939,9.131236325507231,-1,END_OF_WINDOW
41.378476277401305,8.52314867016836,39.99535453559377,9.012576587970987,-1,END_OF_WINDOW
43.53605684055871,7.303806031189625,44.103579406817595,9.765963974544484,-1,END_OF_WINDOW
45.539524506347725,7.091547031159225,42.821866609041166,9.339823690648462,-1,END_OF_WINDOW
48.007095985115605,5.845969078904339,52.86478418258861,10.52055056988785,-1,END_OF_WINDOW
50.7330477572954,4.106143412634398,55.275900711133396,13.908368386324419,-1,END_OF_WINDOW
53.26428868860521,3.7458695971485354,50.425982514817626,14.15705635872981,-1,END_OF_WINDOW
55.75022838253406,3.401205968944202,53.60596138040235,14.477980904534828,-1,END_OF_WINDOW
58.058600955467995,3.2346720576557892,50.981242237084736,14.13598226849663,-1,END_OF_WINDOW
59.69855527596015,5.156623824097877,49.174988752065005,13.608412106461158,-1,END_OF_WINDOW
60.737104370274,6.954257547087907,47.03474202406471,13.211382670285374,-1,END_OF_WINDOW
61.75559555049284,6.541751003770957,45.78384494034614,13.041283908122129,-1,END_OF_WINDOW
63.15772580412978,5.288909486328945,51.53653842616792,14.978335057541965,-1,END_OF_WINDOW
64.45970389679265,4.726275952577712,46.054087874315606,15.56416826771756,-1,END_OF_WINDOW
65.69977347927122,4.351622217702811,43.52279499135121,15.696727677166312,-1,END_OF_WINDOW
66.63941518461534,4.829553579799274,40.850258760715015,15.529104271654425,-1,END_OF_WINDOW
67.51193962529203,4.745170282397444,40.13651172861554,14.676311109393406,-1,END_OF_WINDOW
66.90546902251508,9.794613168143814,38.00888183092352,14.390860315865327,-1,END_OF_WINDOW
66.74217455640816,9.105884048227415,42.367919551584485,14.373656007589206,-1,END_OF_WINDOW
66.69144723511135,8.402171516190938,41.068916282658485,14.464823435618523,-1,END_OF_WINDOW
66.64434329390718,8.402171516190938,41.068916282658485,13.431621761645772,-1,END_OF_WINDOW
66.47562770520832,8.88225744064484,40.85366436057427,12.537934492956794,-1,END_OF_WINDOW
66.54446410218053,8.43266866111259,43.36399610077106,12.26308202917417,-1,END_OF_WINDOW
67.19983053419394,7.003209693899775,50.68289108440336,13.711433312804616,-1,END_OF_WINDOW
67.8339765377613,6.367361687200546,46.866718282786486,14.003473790461442,1,EXIT_PROFIT_TARGET_MET
67.83635419926087,8.7425174917218,45.672502984393944,13.343225662571323,-1,END_OF_WINDOW
68.1594269482169,7.842774223571198,48.9053895144817,13.811566686673379,1,EXIT_PROFIT_TARGET_MET
68.67823502349701,6.846081372723427,48.864615208743054,14.692169066196701,-1,END_OF_WINDOW
69.20843497447706,6.032200375804439,44.44864855230074,15.483442704325508,-1,END_OF_WINDOW
69.79399453207401,5.431772678250907,42.650349088721796,15.966768225445115,-1,END_OF_WINDOW
70.33772840698546,5.268317956071544,41.366900503131376,15.286284780770469,1,EXIT_PROFIT_TARGET_MET
71.05770332755941,4.840804882424385,44.59899646955221,15.447978725001164,-1,END_OF_WINDOW
71.92640725321961,4.415971737634337,48.21639412149793,15.724551673215379,1,EXIT_PROFIT_TARGET_MET
71.87703766329247,7.4005069259514995,44.05485111306531,15.980655125128562,-1,END_OF_WINDOW
71.70549507947905,7.3251653133072026,40.67005997969441,16.074179759047947,1,EXIT_PROFIT_TARGET_MET
71.55119420033341,6.758517314314879,37.625525154986995,16.177452633401664,-1,END_OF_WINDOW
70.19912760450511,11.131037702206564,35.857434685470096,15.762634588158681,1,EXIT_PROFIT_TARGET_MET
68.84045986840782,10.97530803587011,33.98499028041476,15.443160689004488,-1,END_OF_WINDOW
67.80872154474577,10.48740301089437,35.50606850217612,15.00722063978986,1,EXIT_PROFIT_TARGET_MET
66.13039665144015,12.770429611218585,33.09391923485839,14.95099059409057,-1,END_OF_WINDOW
63.187516968929835,18.102409045363892,30.125720969228762,15.25091983736979,1,EXIT_PROFIT_TARGET_MET
60.81134843548582,16.88298995586213,31.299854833659115,15.184425563271958,1,EXIT_PROFIT_TARGET_MET
58.7390975737529,16.13585926992171,31.183262595392005,14.752680880181094,1,EXIT_PROFIT_TARGET_MET
56.529190103898685,17.359619534391218,30.72823095316029,13.901775103025313,1,EXIT_PROFIT_TARGET_MET
54.9449520631533,16.535249977840436,33.83859341867257,13.552362595666379,1,EXIT_PROFIT_TARGET_MET
53.80486337181561,15.557709152520705,35.43755539253802,13.375050981690189,-1,END_OF_WINDOW
53.00467933207363,14.842375534226527,36.87527909252951,13.018261625855184,1,EXIT_PROFIT_TARGET_MET
52.74616881249189,13.59411403480231,40.12220300862103,13.198385795436954,-1,END_OF_WINDOW
52.50612333002313,12.823559994272165,37.84795949675149,12.99207252433431,1,EXIT_PROFIT_TARGET_MET
52.11027534658673,13.42392271429532,37.19824482225343,12.274781629738989,-1,END_OF_WINDOW
51.963933920770366,12.78610831466628,38.421305336506876,11.966582941900493,1,EXIT_PROFIT_TARGET_MET
52.075567878721486,12.284663125276145,40.58307824871021,11.565398446050452,-1,END_OF_WINDOW
51.246409612533974,15.979722156081122,37.70417309718133,11.55929855704685,-1,END_OF_WINDOW
50.47647693678843,15.979722156081126,37.70417309718134,10.733634374400646,-1,END_OF_WINDOW
50.47766479977475,14.412811814021813,43.812663250373184,11.050517633372033,-1,END_OF_WINDOW
50.57740125579499,13.688630018333038,43.19797165169987,10.8040520881312,1,EXIT_PROFIT_TARGET_MET
50.14542928286329,15.678445724806718,40.8508039468838,10.608762653264698,1,EXIT_PROFIT_TARGET_MET
50.49052964588166,13.860394658046477,47.70966361128488,11.143136749460087,1,EXIT_PROFIT_TARGET_MET
51.381617256704715,11.86513604752979,52.211431092735126,12.087198410212947,1,EXIT_PROFIT_TARGET_MET
52.084389105489976,10.857619991106503,45.13896826574649,12.982398523769158,-1,END_OF_WINDOW
52.68601161944592,10.265848210025162,41.72248046678113,13.042227200642802,-1,END_OF_WINDOW
53.433945254025986,9.702196065824266,42.96570715743998,12.814210972025453,1,EXIT_PROFIT_TARGET_MET
54.128455057564615,9.176144413312258,40.636112795691936,12.581053045452187,-1,END_OF_WINDOW
53.24142627752839,15.543182437069584,37.78739344066617,12.56312068506274,1,EXIT_PROFIT_TARGET_MET
51.93416778916411,17.184589210605722,35.64215025798974,12.367897778986825,1,EXIT_PROFIT_TARGET_MET
50.720284907111555,16.518833143609232,34.261321337132415,11.947333651916338,1,EXIT_PROFIT_TARGET_MET
49.365207609452725,16.976889392561425,32.771655896544644,11.598238391065168,1,EXIT_PROFIT_TARGET_MET
47.73458928642442,18.36488962987477,31.632462527216955,11.157649934560501,1,EXIT_PROFIT_TARGET_MET
45.6331224106301,21.089333210671896,30.545823120942224,10.72924636780617,1,EXIT_PROFIT_TARGET_MET
43.167146081478094,23.296697072052588,29.11989404730389,10.450728770105723,1,EXIT_PROFIT_TARGET_MET
40.93998942921617,22.152076302852457,28.1860884245211,10.205676715098171,1,EXIT_PROFIT_TARGET_MET
39.867059695893296,20.186300073728887,34.31159482738205,10.399556949734022,1,EXIT_PROFIT_TARGET_MET
38.870767800664915,19.206067024387558,32.64544703890344,10.149588596181598,1,EXIT_PROFIT_TARGET_MET
38.54018036399775,17.624536375597845,35.98014167579612,10.270332267882923,1,EXIT_PROFIT_TARGET_MET
38.23320631566395,17.535227940027525,35.79782027475701,9.585308534462703,1,EXIT_PROFIT_TARGET_MET
38.72501067582861,15.859073129645715,41.934768864847285,9.84135792485823,1,EXIT_PROFIT_TARGET_MET
39.62049690240824,13.780256297690197,42.767836754683614,10.516975215939798,1,EXIT_PROFIT_TARGET_MET
40.58789153700742,12.391723113509705,40.52367904634712,10.860048414801252,1,EXIT_PROFIT_TARGET_MET
41.48618655484952,12.018849298222387,39.30429908787978,10.397187813744027,1,EXIT_PROFIT_TARGET_MET
41.582044442124584,15.16947373395544,37.89680345787397,10.013102969905168,1,EXIT_PROFIT_TARGET_MET
41.67105533745143,15.16947373395544,37.89680345787397,9.297881329197656,1,EXIT_PROFIT_TARGET_MET
41.538838967964,15.992312364362478,37.15597383499943,8.805889805683528,1,EXIT_PROFIT_TARGET_MET
41.85959480662775,14.77759100742142,39.984063218350165,8.84904053384898,1,EXIT_PROFIT_TARGET_MET
43.15525657087321,12.093671708048616,48.37296278644555,10.040537638574067,1,EXIT_PROFIT_TARGET_MET
44.358371066244004,10.377896274860296,41.51010565065282,10.864784950104486,1,EXIT_PROFIT_TARGET_MET
45.47593862254951,9.006864274901805,36.03231778952525,11.624443167954166,1,EXIT_PROFIT_TARGET_MET
46.5136799248332,8.964154594336255,35.861456018340874,10.845554370243171,1,EXIT_PROFIT_TARGET_MET
47.47729684838234,8.964154594336255,35.861456018340874,10.070871915225801,1,EXIT_PROFIT_TARGET_MET
49.21565618340975,7.546710897261719,46.00326849486615,11.10795249270965,1,EXIT_PROFIT_TARGET_MET
50.95943945808952,6.5160759363170815,42.90171287596636,11.945955886087543,1,EXIT_PROFIT_TARGET_MET
52.57866678457788,6.151271376162476,40.49984699095306,11.75053046565272,1,EXIT_PROFIT_TARGET_MET
51.905526484835434,14.627535131240998,36.836827963815686,11.996206860963245,1,EXIT_PROFIT_TARGET_MET
50.9476719492758,15.338886564808371,34.540072774552435,11.88004922803729,1,EXIT_PROFIT_TARGET_MET
50.393281203438356,13.945596825366207,35.14669129974416,12.133617140320329,1,EXIT_PROFIT_TARGET_MET
50.4564458471586,12.894345331024137,40.03548441042419,12.185501630297457,1,EXIT_PROFIT_TARGET_MET
49.67592057191904,15.569214766582908,35.92402480900885,12.610108656704789,1,EXIT_PROFIT_TARGET_MET
48.95114710205374,15.569214766582908,35.92402480900885,11.709386609797305,1,EXIT_PROFIT_TARGET_MET
48.327174659376304,15.477704135077987,36.30064193722823,10.93728756624036,1,EXIT_PROFIT_TARGET_MET
46.60309870380973,20.648810272362656,33.8264319985273,10.898909882937485,1,EXIT_PROFIT_TARGET_MET
45.05772102051219,19.60942085559944,32.65993487803727,10.656844891299109,1,EXIT_PROFIT_TARGET_MET
42.22798822689055,25.94932281955757,28.935880238059234,11.169213113349166,1,EXIT_PROFIT_TARGET_MET
40.88482169172281,38.14049265894595,23.663692483579812,12.68212646239568,-1,END_OF_WINDOW
40.17272828232327,40.60428838618007,21.426997529324563,13.005546000795992,1,EXIT_PROFIT_TARGET_MET
39.155560374833,38.584595744084496,22.693681512852965,12.708721286453446,1,EXIT_PROFIT_TARGET_MET
38.398069105173946,37.9454532321988,21.09033322159485,12.698098337421087,-1,END_OF_WINDOW
37.69468435477625,37.9454532321988,21.090333221594847,11.791091313319582,-1,END_OF_WINDOW
37.041541372264106,37.9454532321988,21.090333221594847,10.948870505225326,-1,END_OF_WINDOW
36.4350514599314,37.945453232198794,21.090333221594847,10.16680832628066,-1,END_OF_WINDOW
36.45319318103317,42.32248300401156,19.602722382153967,10.157036302974912,-1,END_OF_WINDOW
35.11472475704935,36.8522072524407,25.760580317530906,10.831533709905301,1,EXIT_PROFIT_TARGET_MET
32.97096895539171,33.929378335748865,30.63520083446336,10.924281302054931,1,EXIT_PROFIT_TARGET_MET
30.84696809510512,30.590628560234226,32.63598217401271,11.25111835190815,1,EXIT_PROFIT_TARGET_MET
29.11630684564778,28.37876044620545,32.40098832492865,11.26175275534329,1,EXIT_PROFIT_TARGET_MET
27.472640076517138,26.52882312403375,29.97858458667153,11.302341844247335,1,EXIT_PROFIT_TARGET_MET
25.946378076610113,26.514386694943866,29.962270869754004,10.500745998229663,1,EXIT_PROFIT_TARGET_MET
24.529134790982162,26.514386694943866,29.962270869754004,9.75069271264183,1,EXIT_PROFIT_TARGET_MET
23.21312316861335,26.514386694943866,29.962270869754,9.054214661738843,1,EXIT_PROFIT_TARGET_MET
22.78301726939879,24.650491652253944,34.88574798536909,9.04319932875747,1,EXIT_PROFIT_TARGET_MET
21.45627930198254,28.72527670329224,31.249423343098893,9.374399376703355,1,EXIT_PROFIT_TARGET_MET
20.224308332238877,28.725276703292238,31.24942334309889,8.704799421224545,1,EXIT_PROFIT_TARGET_MET
20.153623511449055,39.29344443517787,26.615955373819165,9.490170891137064,1,EXIT_PROFIT_TARGET_MET
19.614195914895056,37.824871274404494,29.358647950561625,9.154444398912986,1,EXIT_PROFIT_TARGET_MET
19.113298860952057,37.824871274404494,29.358647950561622,8.500555513276344,1,EXIT_PROFIT_TARGET_MET
19.973003022841628,47.35309935692029,24.859487279711615,9.321944405185176,-1,END_OF_WINDOW
20.8064512303851,45.94326459290928,23.85743214277631,9.019662661957673,1,EXIT_PROFIT_TARGET_MET
21.3049097037189,43.16051115760932,24.39132217898083,8.915401043246407,-1,END_OF_WINDOW
21.969705386322946,43.1853857965804,22.94233525395808,8.801443825871674,1,EXIT_PROFIT_TARGET_MET
22.587015663026705,43.1853857965804,22.94233525395808,8.17276926688084,1,EXIT_PROFIT_TARGET_MET
24.037007924172805,50.25525766011667,20.087447074747104,8.66757146210363,-1,END_OF_WINDOW
25.33218114207239,45.258588422404756,18.409933671845277,8.937030643381947,-1,END_OF_WINDOW
27.064931552741616,49.34797919808946,16.629362337752873,9.187242740283242,-1,END_OF_WINDOW
28.673914076934473,44.692867979966955,15.060675383866535,9.41958254454873,-1,END_OF_WINDOW
29.442483610569372,42.82869157280628,18.603564711544802,9.127469505652387,1,EXIT_PROFIT_TARGET_MET
30.884635246799863,49.15358163400152,16.545443167996492,9.529793112391486,-1,END_OF_WINDOW
32.223776051871035,49.15358163400152,16.545443167996492,8.849093604363523,-1,END_OF_WINDOW
31.327370310746065,42.21122463390833,28.332403701744465,9.568444061194672,1,EXIT_PROFIT_TARGET_MET
29.19347617262152,37.464524821551464,36.39150572617914,10.010698056823639,1,EXIT_PROFIT_TARGET_MET
27.745997184173834,37.776815933495,31.58376863482441,10.710648195621946,1,EXIT_PROFIT_TARGET_MET
25.808465602648287,35.41399133358338,35.85626248769923,10.609173324506092,1,EXIT_PROFIT_TARGET_MET
24.009329134088848,35.41399133358338,35.85626248769923,9.851375229898514,1,EXIT_PROFIT_TARGET_MET
22.636727448599313,34.34139164097323,37.799013094104765,9.433419856334336,1,EXIT_PROFIT_TARGET_MET
22.046581722408135,31.7761736438081,42.445274745949504,9.466747009453286,1,EXIT_PROFIT_TARGET_MET
21.174768263322743,31.41857457201688,38.27749998871393,9.747693651635167,1,EXIT_PROFIT_TARGET_MET
20.663548855967516,29.120551564623543,38.6155997122791,9.765715533661226,1,EXIT_PROFIT_TARGET_MET
19.674680083536362,38.44447879447167,33.535861514506514,10.441735852685424,-1,END_OF_WINDOW
20.00359028558308,42.637920395105745,25.9782984382108,12.516611863207912,-1,END_OF_WINDOW
20.309006901769315,41.300297606800164,25.16331582014806,11.998996730121632,-1,END_OF_WINDOW
21.081389982047725,44.21825138519269,23.22752674791613,12.070496963684374,-1,END_OF_WINDOW
21.9777769364108,43.373079290197246,21.541711172492874,12.085461466278362,-1,END_OF_WINDOW
22.704623329015003,41.401946999000586,21.255352867123975,11.756499932972767,-1,END_OF_WINDOW
23.716248738429606,42.92084791642272,19.79803836743033,11.720321366331856,-1,END_OF_WINDOW
23.45884815458992,38.18428224215657,25.39650669503518,12.233155554451017,-1,END_OF_WINDOW
22.52934448520364,34.95538628582197,28.343330920127443,12.408644443418805,1,EXIT_PROFIT_TARGET_MET
21.137171721071873,31.734922440738167,29.863007076169698,12.691598411746057,-1,END_OF_WINDOW
20.11489441110482,30.57947141233822,26.671899661643586,13.195055668049894,1,EXIT_PROFIT_TARGET_MET
19.16563690899256,28.340769099764582,24.719268020366705,13.220408834617773,1,EXIT_PROFIT_TARGET_MET
18.94006242366835,24.39602075247392,33.694994727467325,14.261093917859359,1,EXIT_PROFIT_TARGET_MET
18.730600401581587,21.416757564963426,29.580132782831388,15.08458720944083,1,EXIT_PROFIT_TARGET_MET
17.976701770792943,23.393324223017636,27.559213694871342,15.034259551623604,1,EXIT_PROFIT_TARGET_MET
17.390557595127724,21.608851858428928,26.28877754072669,15.11324101222191,1,EXIT_PROFIT_TARGET_MET
17.686107086307025,19.011672853078675,29.443148066154883,15.950866654206068,1,EXIT_PROFIT_TARGET_MET
18.25344731985719,17.173126029545877,29.00911192153113,16.397233321762766,1,EXIT_PROFIT_TARGET_MET
18.735819339189202,16.429543130625206,27.3864601693826,16.128145227351148,1,EXIT_PROFIT_TARGET_MET
20.016874699945234,14.400024925713335,31.07655830433054,17.086849139683224,1,EXIT_PROFIT_TARGET_MET
21.588898136565906,12.888532854889709,31.574004248038,17.727074201134435,1,EXIT_PROFIT_TARGET_MET
23.04863418485653,11.65867802088349,28.561136748642962,18.197283186767688,-1,END_OF_WINDOW
23.897609362016258,12.79391933269097,26.53222857823072,18.189620101998578,-1,END_OF_WINDOW
24.63850170233324,12.238993281540413,25.00126930059936,17.92464723757011,-1,END_OF_WINDOW
25.326473161199015,11.90785115485037,24.324826941681025,17.107172434886532,-1,END_OF_WINDOW
26.036458289015634,11.52689237078245,24.086354298799105,16.410231546680347,-1,END_OF_WINDOW
26.94395575989073,10.996974842660888,24.906486712922593,15.972357864774589,-1,END_OF_WINDOW
27.7826456282671,10.784962238743706,24.39426054323916,15.142903731576412,-1,END_OF_WINDOW
28.28337449233885,11.565913694230273,23.908458810935766,14.346982036463812,-1,END_OF_WINDOW
29.165563574902066,11.061219105456779,26.2032862983385,13.930054748144984,-1,END_OF_WINDOW
29.835165277300415,11.102722248250544,25.02718329551194,13.542907980420358,-1,END_OF_WINDOW
30.456938286670308,10.73681465121812,24.202373280869473,13.004128838961762,-1,END_OF_WINDOW
31.88321091908894,9.802667691138286,29.743955704977825,13.225976779035898,-1,END_OF_WINDOW
33.20760693490624,9.25624375317736,28.085957094911503,13.006264151961881,1,EXIT_PROFIT_TARGET_MET
34.92114579365108,8.422834556135848,30.933585609914022,13.272245283964605,1,EXIT_PROFIT_TARGET_MET
36.512289019628426,8.029146712228732,29.487733083437448,12.928513477967137,-1,END_OF_WINDOW
38.28502311400824,7.439955263834746,31.039818344604026,12.955762515255195,-1,END_OF_WINDOW
39.874514540727006,7.092609404683081,28.853830139633406,12.941779478451268,-1,END_OF_WINDOW
39.535795846681346,12.744013667770075,26.54840364287679,13.06093808713333,-1,END_OF_WINDOW
38.808562845927604,13.820264515450605,25.305429646982272,12.723728223766674,-1,END_OF_WINDOW
38.23114304458414,13.175844181819292,24.863230201586763,12.39274763635478,-1,END_OF_WINDOW
37.26335724567236,14.471417990139175,23.956169696183828,11.943265662329434,-1,END_OF_WINDOW
36.364699003825706,14.019926774819023,23.208765386674152,11.44731811502019,-1,END_OF_WINDOW
36.91214083055786,12.347975199220011,31.77469452475426,12.068938249661612,-1,END_OF_WINDOW
37.420479669666285,11.81554725904087,30.4046128002052,11.711871231828619,-1,END_OF_WINDOW
37.555062410598225,12.998079232708623,29.832472603709544,11.083880429555151,-1,END_OF_WINDOW
36.813118663686765,15.899586306995705,27.76131426210266,11.06003182744407,-1,END_OF_WINDOW
36.00141395259221,16.399628818610875,27.596251610210917,10.331458125483788,-1,END_OF_WINDOW
34.63985419777015,18.97806256821751,26.71894202373667,9.908496830806364,-1,END_OF_WINDOW
32.719168992817416,22.01720724091051,25.716710617214186,9.559318485748765,-1,END_OF_WINDOW
30.935675588218448,21.74424743771784,25.39788597283357,8.987938593909563,-1,END_OF_WINDOW
29.065400156305223,26.15051092145352,23.77799826517692,8.914514408630312,-1,END_OF_WINDOW
27.328715826671512,25.417946398211257,23.11189586988894,8.516334808013871,-1,END_OF_WINDOW
25.980192295518627,25.939406238848772,21.897482658686894,8.346596607441443,-1,END_OF_WINDOW
24.92709437256582,27.023228703439074,21.56361218180723,7.870411135481328,-1,END_OF_WINDOW
24.18143890357107,27.52020751342355,20.555096921587516,7.666810340089804,-1,END_OF_WINDOW
23.247237466235475,25.8401942597368,20.675710663622972,7.582038172940535,-1,END_OF_WINDOW
22.407343149757423,24.699932194621407,19.609362685410318,7.423321160587649,-1,END_OF_WINDOW
21.33124566487178,22.659472720017316,26.25042697196474,7.513798220545677,-1,END_OF_WINDOW
19.86906380491539,24.309204507074366,24.73129591050311,7.405669776220987,-1,END_OF_WINDOW
19.34733536222444,22.762891257852182,29.30517363606441,7.343836220776628,-1,END_OF_WINDOW
19.421176452121333,21.000898732713743,31.75265986740177,7.391419347864027,-1,END_OF_WINDOW
20.338315332232487,18.244029385006513,35.62172568322052,7.900603680159453,-1,END_OF_WINDOW
20.381132885976175,20.60340542582389,31.516053138667097,8.291989131576642,-1,END_OF_WINDOW
20.420892043023887,20.098136027843275,30.743166479059827,7.893275622178313,-1,END_OF_WINDOW
20.20076145611774,21.16243204120021,30.040549731810668,7.500898792022726,-1,END_OF_WINDOW
20.759383775498016,19.231612305777826,34.20547054415797,7.664406021163957,-1,END_OF_WINDOW
21.576451444945967,17.56239856115064,34.242811718928884,7.793377019652232,-1,END_OF_WINDOW
22.33515713800478,16.679947885025822,32.52222712744676,7.619564375391368,-1,END_OF_WINDOW
23.11113904640259,16.55792109869059,33.0158794955149,7.127452634291987,-1,END_OF_WINDOW
22.849134520348432,20.90870009082492,31.001673269992867,7.048348874699701,-1,END_OF_WINDOW
21.602395272906374,26.027066304270644,28.995410669585063,6.997752526506876,-1,END_OF_WINDOW
20.155497709510282,28.32023857129988,27.568077194737175,6.834341631756355,-1,END_OF_WINDOW
19.121309836063944,28.3321622908733,25.288205091604464,6.91831722948806,-1,END_OF_WINDOW
18.160992525006627,27.667681106008455,24.695114585138338,6.578437427381759,-1,END_OF_WINDOW
17.13515887260218,27.40808533322249,25.40167289224505,6.166406182568773,-1,END_OF_WINDOW
16.416226579044846,28.464312733448647,24.705173305278848,5.887377169528129,-1,END_OF_WINDOW
15.511891716524302,27.988907360987607,25.962732743456684,5.559707371704672,-1,END_OF_WINDOW
14.517692795142104,27.41984357872114,26.5598887825812,5.269728273725766,-1,END_OF_WINDOW
13.97562738457381,29.59848760457157,25.76263859910739,5.044747682745347,-1,END_OF_WINDOW
13.58265171359485,27.075926288180828,32.089593496353125,5.1208371339778305,-1,END_OF_WINDOW
13.2177457334001,25.66855105885808,30.42161366345197,5.015777338693707,-1,END_OF_WINDOW
12.644177428344678,31.05068507230571,27.98788818973395,5.06250752878702,-1,END_OF_WINDOW
12.111578287936071,29.866247612218523,26.920282012174304,4.887328419587956,-1,END_OF_WINDOW
12.0476568535998,31.390398232405392,25.058686092728212,4.875376389617373,-1,END_OF_WINDOW
11.430858479450281,29.703243648163998,27.74290551797601,4.784278076073269,-1,END_OF_WINDOW
11.042298914406457,30.41339485597459,26.975228340553446,4.568972499210892,-1,END_OF_WINDOW
11.140327503526162,33.22399177791419,25.88570121696899,4.421188749267257,-1,END_OF_WINDOW
10.920106967609781,31.39932180156597,26.71676889511199,4.343960981462463,-1,END_OF_WINDOW
10.715616469973142,30.57105066454532,26.01201709537189,4.142963768500873,-1,END_OF_WINDOW
10.070516061321138,29.518738630896777,28.54089208956302,3.9841806421793873,-1,END_OF_WINDOW
9.52520469839536,28.211499502218604,29.620374743529553,3.871024882023723,-1,END_OF_WINDOW
9.018844147107137,27.840829316758406,29.231193381556178,3.6423802475934624,-1,END_OF_WINDOW
8.856295369627725,31.48995877998989,27.511401883446844,3.5936388013367893,-1,END_OF_WINDOW
8.615154926214915,29.400584374896077,26.345514653263,3.574093172669855,-1,END_OF_WINDOW
8.404246572100892,27.512687388258094,24.56388384593826,3.5595150889077147,-1,END_OF_WINDOW
8.985254057791431,22.294769381656902,31.13041391652089,4.078835439700016,-1,END_OF_WINDOW
8.416693391563582,26.861237148040715,27.41781713841985,4.300347194007146,-1,END_OF_WINDOW
8.677789039336872,31.18154280575324,24.463995373941934,4.4753223944352065,1,EXIT_PROFIT_TARGET_MET
10.7206488189023,42.11940248473384,19.24433516518603,5.282799366261278,1,EXIT_PROFIT_TARGET_MET
12.692847418545103,39.64101644662838,17.672085386985405,5.341885125814021,1,EXIT_PROFIT_TARGET_MET
15.112890443681353,44.54419271269205,16.236518640492744,5.398893331113043,1,EXIT_PROFIT_TARGET_MET
16.335022800840285,39.24847672370307,20.11873303375243,5.689686664604986,1,EXIT_PROFIT_TARGET_MET
17.46985998963072,37.27310022894399,19.106156861204916,5.563280474276064,1,EXIT_PROFIT_TARGET_MET
17.743768537704447,33.979570449797116,22.043987018999587,5.666617583256328,1,EXIT_PROFIT_TARGET_MET
17.234268768273143,32.23368557041579,26.049400345853332,5.546859184452322,1,EXIT_PROFIT_TARGET_MET
16.50469915379766,30.583811790710886,26.571351216749633,5.428512099848576,1,EXIT_PROFIT_TARGET_MET
15.37971976484372,29.273029426897136,29.718407524916955,5.266475521287986,1,EXIT_PROFIT_TARGET_MET
16.139998539478448,41.00783864426312,24.071767536010313,6.037441555481729,1,EXIT_PROFIT_TARGET_MET
17.268550232342168,41.536708768289564,21.4264505642259,6.2983385872330055,1,EXIT_PROFIT_TARGET_MET
18.31649109000134,38.7845970471642,20.006791003116486,6.263457259573502,1,EXIT_PROFIT_TARGET_MET
19.796275032590394,41.71619760414583,18.292660289476306,6.361067455318227,1,EXIT_PROFIT_TARGET_MET
20.78007110699106,38.9512545093453,19.372356520345956,6.325991208509775,1,EXIT_PROFIT_TARGET_MET
21.774310382118372,38.61297680215713,18.71908376249094,6.079134693616212,1,EXIT_PROFIT_TARGET_MET
23.061956759887348,40.92419825313599,17.622010953238608,5.9963393583579165,1,EXIT_PROFIT_TARGET_MET
23.520012842585857,38.23163647377603,20.824880507872308,5.960172261332336,1,EXIT_PROFIT_TARGET_MET
23.045861109017675,35.239042298305336,25.059508193386158,6.004445671237164,1,EXIT_PROFIT_TARGET_MET
23.439351895194562,41.04690910263279,22.812131209871747,6.124842409005942,1,EXIT_PROFIT_TARGET_MET
25.406502375226903,53.57324203764919,17.39434855893932,7.458782236934102,1,EXIT_PROFIT_TARGET_MET
28.05781181634205,59.612358357053814,13.74548694923583,8.76458350572454,1,EXIT_PROFIT_TARGET_MET
30.519742011663258,53.50318691930525,12.336827091069342,9.067827541029914,1,EXIT_PROFIT_TARGET_MET
32.9083102532937,53.059238547788404,11.66305527314626,8.906554145242058,1,EXIT_PROFIT_TARGET_MET
34.188880510866284,47.82209164401094,15.587172029115692,9.17608599201047,1,EXIT_PROFIT_TARGET_MET
34.63654951961764,43.926186768470814,18.621671118014856,9.276365564009751,1,EXIT_PROFIT_TARGET_MET
34.86301743242856,41.857483652058015,18.890451049780726,9.039482309437629,1,EXIT_PROFIT_TARGET_MET
35.3017518789598,42.60213962511169,17.824156011471867,8.895947858763495,1,EXIT_PROFIT_TARGET_MET
36.10573116429323,45.99256794935687,16.771302769167068,8.779094440280405,1,EXIT_PROFIT_TARGET_MET
36.97902723007458,44.90218865506342,15.640682965143753,8.741301980260376,1,EXIT_PROFIT_TARGET_MET
37.78994500544297,42.366962178882716,14.757592970057077,8.602637553098933,1,EXIT_PROFIT_TARGET_MET
38.75425101553492,44.0671431375942,14.18796479122687,8.308877727877565,1,EXIT_PROFIT_TARGET_MET
39.7201036502844,42.96746994755733,13.466133414252592,8.128957890172023,-1,END_OF_WINDOW
40.616966811123206,42.96746994755733,13.466133414252594,7.548318040874022,1,EXIT_PROFIT_TARGET_MET
41.06149293136953,42.08820309152594,15.236923291011808,7.15558103795443,-1,END_OF_WINDOW
41.474267185883974,41.966394711229924,15.192825781247926,6.663753820957684,-1,END_OF_WINDOW
42.44868897313246,47.43513753380459,13.72565164605245,6.84919997660358,-1,END_OF_WINDOW
43.1419624330032,45.82925350659635,14.41115773627866,6.582828549703317,-1,END_OF_WINDOW
44.37812306250589,50.4902872630068,12.446266371214739,7.077626510438777,-1,END_OF_WINDOW
45.81228124477445,51.69377912676326,11.172486627021964,7.321367473978881,-1,END_OF_WINDOW
45.969041355509006,44.11150298647776,15.495848012310214,7.966984082980367,1,EXIT_PROFIT_TARGET_MET
46.11460431547681,44.11150298647776,15.495848012310216,7.397913791338912,1,EXIT_PROFIT_TARGET_MET
46.5979225893659,44.84512270364992,13.821559303489753,7.70163423481471,1,EXIT_PROFIT_TARGET_MET
46.73780158253899,42.449623405616286,14.699947280194479,7.555088932327951,1,EXIT_PROFIT_TARGET_MET
47.40960704461287,47.25085454779599,13.271654855008624,7.770439722875967,1,EXIT_PROFIT_TARGET_MET
45.892948316125576,41.31258342759796,24.17127629478833,8.252551171241969,1,EXIT_PROFIT_TARGET_MET
44.484622353958805,39.70987387376485,23.23355872227463,7.97236894472468,1,EXIT_PROFIT_TARGET_MET
43.44830961467903,39.78575100460604,21.434283947886954,8.024342591530047,1,EXIT_PROFIT_TARGET_MET
41.30810486889946,36.53554593807579,27.852528719453336,8.114032406420773,1,EXIT_PROFIT_TARGET_MET
39.572152651169496,35.729566399699586,25.344123558384137,8.280172948819294,1,EXIT_PROFIT_TARGET_MET
37.73144875754905,33.25208453633049,25.186251208493296,8.261589166760771,1,EXIT_PROFIT_TARGET_MET
35.53177221403926,32.04949001089113,27.891964428546057,7.959332797706413,1,EXIT_PROFIT_TARGET_MET
34.76006190390471,39.99791057944867,24.138395266342215,8.540094740727394,1,EXIT_PROFIT_TARGET_MET
34.19821159619999,39.50376765292048,22.758779971500193,8.410802259246868,1,EXIT_PROFIT_TARGET_MET
32.72338195318885,35.561861087663225,27.074289059219446,8.675744955014942,1,EXIT_PROFIT_TARGET_MET
30.61507567914551,32.828677227098744,30.788417136619447,8.726763172513898,1,EXIT_PROFIT_TARGET_MET
28.640039104416992,31.276538502642165,29.475505499872135,8.505565803048595,1,EXIT_PROFIT_TARGET_MET
26.78221293244009,29.386907827567317,30.974703533739003,8.405882531402277,1,EXIT_PROFIT_TARGET_MET
27.938960932228646,19.994820749912957,50.13375990235388,11.471890922016394,1,EXIT_PROFIT_TARGET_MET
29.01308407488945,18.323820284739227,45.9439981052592,11.62389871330093,1,EXIT_PROFIT_TARGET_MET
30.010484135931623,17.6442550663063,44.24009888430442,11.209334519493733,1,EXIT_PROFIT_TARGET_MET
31.54910945354483,15.870151478862002,49.642984521081246,11.57223919667275,1,EXIT_PROFIT_TARGET_MET
32.97783296275709,14.464463448410136,45.24589043977162,11.789936396910404,1,EXIT_PROFIT_TARGET_MET
34.02563111846535,15.414801269529272,43.47314544838915,11.394226654273947,1,EXIT_PROFIT_TARGET_MET
34.28084070836867,18.88278829373169,41.63757764928367,11.046781893254392,1,EXIT_PROFIT_TARGET_MET
34.957016874508845,17.711155877885776,45.25882811450698,10.93629747230765,1,EXIT_PROFIT_TARGET_MET
35.90615502464345,16.79224239345875,48.0989815943668,10.710847652857119,1,EXIT_PROFIT_TARGET_MET
35.43061380765898,22.761195415622474,41.58011326194875,11.505072820510177,1,EXIT_PROFIT_TARGET_MET
35.28377608628818,19.701270806829477,39.43940314570563,12.342567619045166,1,EXIT_PROFIT_TARGET_MET
35.44987009547707,16.6267583099086,36.671899780423104,13.580241360541946,1,EXIT_PROFIT_TARGET_MET
35.782768924013965,16.243091781621146,38.00040406621209,12.908081263360385,1,EXIT_PROFIT_TARGET_MET
35.17684412345285,20.578485981951278,36.033441162455965,12.640361173120349,1,EXIT_PROFIT_TARGET_MET
34.01012325211066,23.565933032648193,34.50881344168283,12.256049660754591,1,EXIT_PROFIT_TARGET_MET
32.92673958586433,22.780967400354267,33.35934770546794,11.772760399272105,-1,END_OF_WINDOW
31.274501847491,25.44363712848968,30.969539807823125,11.775420370752665,1,EXIT_PROFIT_TARGET_MET
29.740281090430045,25.383941601778275,30.896879480940544,10.960033201413198,1,EXIT_PROFIT_TARGET_MET
28.09605446342259,26.574373130804936,30.40394779475642,10.342173687026538,1,EXIT_PROFIT_TARGET_MET
26.585987131433697,31.542814813742805,27.44046196153065,10.640589852238927,1,EXIT_PROFIT_TARGET_MET
25.532639491983627,32.941037308313675,25.966860492656195,10.441262005650426,1,EXIT_PROFIT_TARGET_MET
24.440296116829845,31.886276927185044,25.962644427875272,10.0161718623897,1,EXIT_PROFIT_TARGET_MET
23.904835509906746,34.43472127479484,24.45631399662082,9.873588157933291,1,EXIT_PROFIT_TARGET_MET
23.40762208919244,33.41930604252185,23.73514324692183,9.446903289509459,1,EXIT_PROFIT_TARGET_MET
22.51371690238513,32.40859692901884,26.041641941486624,9.045695911687382,1,EXIT_PROFIT_TARGET_MET
21.683662086064057,32.40859692901884,26.04164194148662,8.399574775138284,1,EXIT_PROFIT_TARGET_MET
21.36239794848535,35.28307474389706,24.934162016189095,8.146033719771257,1,EXIT_PROFIT_TARGET_MET
20.59801853588671,33.29300995819309,26.87811452618891,8.016317025501877,1,EXIT_PROFIT_TARGET_MET
19.232773767166293,30.158824899068783,29.276453643096144,8.217294380823168,1,EXIT_PROFIT_TARGET_MET
18.24595881232317,31.14332490694705,27.94243403683351,7.994630496478649,1,EXIT_PROFIT_TARGET_MET
17.417584059665632,30.897055373065083,27.044676343978292,7.670014032444479,1,EXIT_PROFIT_TARGET_MET
16.915121886091303,27.499294930588384,33.871493643648314,8.002155887269886,1,EXIT_PROFIT_TARGET_MET
16.448549867772282,27.467610072973013,33.83246669928382,7.439144752464887,1,EXIT_PROFIT_TARGET_MET
16.015304422190336,27.433569473225376,33.79053813490105,6.916348698717387,1,EXIT_PROFIT_TARGET_MET
15.259774948772815,34.13477687042501,30.61381832532181,7.088752363094712,1,EXIT_PROFIT_TARGET_MET
14.591290657689346,31.664274500583385,35.63563894281862,7.095984337159379,1,EXIT_PROFIT_TARGET_MET
13.970555244540408,31.66427450058338,35.635638942818616,6.589128313076567,1,EXIT_PROFIT_TARGET_MET
14.62084649785115,25.422752277151144,40.674435684379134,7.620619147856794,1,EXIT_PROFIT_TARGET_MET
15.224688375925412,25.42018634528701,40.67033039202367,7.077003494438435,1,EXIT_PROFIT_TARGET_MET
14.867371452109966,30.756398881239466,37.760353600126315,7.077931816264271,1,EXIT_PROFIT_TARGET_MET
13.893297499650027,32.84458637010363,33.662851397900816,7.372365257959666,1,EXIT_PROFIT_TARGET_MET
12.988800258080083,31.025295872098248,31.798236481035453,7.247196310962572,1,EXIT_PROFIT_TARGET_MET
13.227273131361242,39.05903205418662,28.09457952194806,7.616682288750965,1,EXIT_PROFIT_TARGET_MET
13.448712227979462,38.58748755816795,27.755404595053946,7.159062125268757,1,EXIT_PROFIT_TARGET_MET
13.46753563658747,38.007579592178935,28.841124838224154,6.749129116320994,1,EXIT_PROFIT_TARGET_MET
13.125400717809654,32.655483359653054,38.861472141331284,7.294191322298041,1,EXIT_PROFIT_TARGET_MET
12.636432627649492,31.61815302968247,35.855388511326744,7.341034799276772,1,EXIT_PROFIT_TARGET_MET
12.802177815799231,27.956388265216745,37.78998468131431,7.709532313614146,1,EXIT_PROFIT_TARGET_MET
14.13332624312668,22.49727502877926,43.12904556954893,8.895994291213148,1,EXIT_PROFIT_TARGET_MET
15.36939263993074,18.58828141021743,35.63519737280681,9.997708984697935,1,EXIT_PROFIT_TARGET_MET
17.125718514983863,17.252868845281995,40.21642226186695,10.002158342933793,1,EXIT_PROFIT_TARGET_MET
17.58709344954565,21.557429784900872,34.86453094065954,10.713432747009954,1,EXIT_PROFIT_TARGET_MET
18.015513031638744,20.186307998093547,32.647034771749894,10.623901836509246,1,EXIT_PROFIT_TARGET_MET
19.333208062744724,17.264881795658805,37.08124078843932,11.53433741961572,1,EXIT_PROFIT_TARGET_MET
21.36211133281997,14.34111710671273,40.54035317906464,12.894027603928864,1,EXIT_PROFIT_TARGET_MET
23.246092940746983,13.852700982700913,39.159668395693,12.395168489362506,-1,END_OF_WINDOW
24.995504433822067,13.414801718833477,37.92178778416597,11.885513597265167,1,EXIT_PROFIT_TARGET_MET
27.479853036314264,11.628185185481298,46.18951791021353,12.732262626031957,-1,END_OF_WINDOW
30.416233663597602,9.435709027420867,50.64364944603928,14.569958152743963,1,EXIT_PROFIT_TARGET_MET
33.44914894423795,8.170134666940356,52.07503734980491,15.624961141833658,-1,END_OF_WINDOW
36.454057350973656,7.301982909119123,52.349541746108144,16.233892488845548,1,EXIT_PROFIT_TARGET_MET
39.24432944294252,6.752599816240076,48.410891996687255,16.30075731107087,-1,END_OF_WINDOW
41.177791430112876,8.923192181929384,44.05355540783358,16.633560360280097,1,EXIT_PROFIT_TARGET_MET
42.330643215286294,11.517650252464067,42.45158141510579,16.02830604883154,-1,END_OF_WINDOW
42.19277129759562,16.45677681940845,38.76771079904359,16.297712759629267,1,EXIT_PROFIT_TARGET_MET
41.93947899872377,16.77139729179724,37.90012512764335,15.480018991084313,-1,END_OF_WINDOW
40.11317084505523,24.177654003150753,33.64367989208461,16.192874777435435,-1,END_OF_WINDOW
37.52161351002849,28.53137917153957,30.804765315636658,16.421955150475767,-1,END_OF_WINDOW
35.11516741321795,28.531379171539566,30.804765315636654,15.248958354013213,-1,END_OF_WINDOW
34.02120650658932,25.516782148690123,38.11586469224609,15.832604185869418,-1,END_OF_WINDOW
33.463717542148075,24.17876368087841,41.3608708777374,15.515275315450165,-1,END_OF_WINDOW
33.04041095222318,23.345406655418294,41.08897687748062,14.921327078632316,-1,END_OF_WINDOW
32.557135807698415,23.482577382853865,40.22020158105908,14.15480371587287,-1,END_OF_WINDOW
32.57176739150575,21.333173668811142,42.122511160178036,14.468032021881948,-1,END_OF_WINDOW
32.58535386218399,19.485001290233924,38.47328095884297,14.708886877461788,1,EXIT_PROFIT_TARGET_MET
32.59796987067093,19.47379865486915,38.45116127142552,13.666109243357353,-1,END_OF_WINDOW
31.240206438678108,26.63072265485707,35.006822354865925,13.938530011688972,1,EXIT_PROFIT_TARGET_MET
30.703771700035286,24.612306139740426,39.927735541881,14.004349296568341,1,EXIT_PROFIT_TARGET_MET
30.259820357815286,22.909711980580482,37.768986478499194,13.970467203956298,1,EXIT_PROFIT_TARGET_MET
30.32533393355067,20.187527056747143,38.47754163436785,14.72186240367369,1,EXIT_PROFIT_TARGET_MET
30.452257548597142,17.855981637175603,34.7407110722589,15.4553008034113,-1,END_OF_WINDOW
30.570115191140296,16.299223726168456,31.71187301145166,15.722065031739067,1,EXIT_PROFIT_TARGET_MET
31.489038619229547,14.667986929872045,37.19446556942563,16.22263181518628,1,EXIT_PROFIT_TARGET_MET
32.34232465959814,14.107420648704114,35.77300512335586,15.662443828387268,1,EXIT_PROFIT_TARGET_MET
33.74264580076654,12.96215679212616,40.987059320824955,15.828697840645304,1,EXIT_PROFIT_TARGET_MET
35.04294400328005,12.00263680448426,37.9530038558513,15.873076566313484,-1,END_OF_WINDOW
36.77549860614089,10.972153013892811,42.94334988171607,16.12357109729107,-1,END_OF_WINDOW
38.43137374482267,10.81783838877627,43.214282866844506,15.185458876055979,1,EXIT_PROFIT_TARGET_MET
40.39385693340035,9.857144720845413,47.96642969339855,15.475068956337712,-1,END_OF_WINDOW
42.35327001726295,8.849374088467815,46.159484630267656,16.00613545945647,-1,END_OF_WINDOW
44.12474242199406,8.475739496225987,43.13303771539138,15.905697212352463,1,END_OF_WINDOW
45.85199207918448,7.87583630009711,41.823762039341744,15.894575982898715,-1,END_OF_WINDOW
47.526348776491886,7.29899425555121,40.24059535008924,15.925677698405945,1,END_OF_WINDOW
47.402041151640354,13.669033798240022,36.75721918053536,16.18955786280551,-1,END_OF_WINDOW
46.55159496685823,16.36933670061849,34.38498726988649,16.070303729748005,-1,END_OF_WINDOW
45.592404138059585,16.015975170288936,31.880781015343185,16.09456774905174,-1,END_OF_WINDOW
44.04786296949673,17.578410400192666,28.661598497494076,16.623527195548046,-1,END_OF_WINDOW
42.61364617011693,16.314644756000142,26.601028590195966,16.631846681580313,-1,END_OF_WINDOW
41.281873427835684,15.658507443270274,25.53119668909972,16.09100049003889,-1,END_OF_WINDOW
39.252670345773566,18.29349307850081,23.6992288928326,16.096643312178976,-1,END_OF_WINDOW
36.860335032863404,19.899591132940117,22.332128004899182,15.86188307559476,-1,END_OF_WINDOW
34.51431797040798,19.57209321909289,21.20993884205373,15.508177141623696,-1,END_OF_WINDOW
32.457908364183986,18.466518281613176,20.70916285332307,15.262593060079158,-1,END_OF_WINDOW
30.42416280730248,18.263816705499192,19.7800435592209,14.838122127216375,-1,END_OF_WINDOW
29.045144058632697,22.839887161588734,18.26939783137083,14.917541975272336,-1,END_OF_WINDOW
28.31850699640476,25.409154414473246,17.341209473150233,14.59343183418143,-1,END_OF_WINDOW
27.831140774977783,25.707494609818248,16.61097812837721,14.146758131739878,-1,END_OF_WINDOW
26.87939598782129,24.515752026202172,18.304011500855324,13.774846836615605,-1,END_OF_WINDOW
25.073795303455523,23.25109644893727,22.51833408762272,13.486643491143047,-1,END_OF_WINDOW
24.329327232878864,27.862524303428778,20.7414397544305,13.596168956061401,-1,END_OF_WINDOW
23.655724953743142,27.964413280322646,20.712143968079815,12.642871173485586,-1,END_OF_WINDOW
22.52122559635973,26.782983548341768,22.91972430107431,12.257666089665188,-1,END_OF_WINDOW
21.683378633873385,26.69256986766428,21.492718066282805,12.137832797546274,-1,END_OF_WINDOW
20.80163239889522,25.541677994972396,21.178511567831798,11.778701883435835,-1,END_OF_WINDOW
19.593916239174284,22.994765359711003,24.857962105359903,12.148794606047563,-1,END_OF_WINDOW
19.006863469180313,21.506394277657744,27.02717377043881,12.061737848472726,-1,END_OF_WINDOW
20.647141216574276,43.62045227999395,17.82946143275887,16.978042287867524,-1,END_OF_WINDOW
23.237979441048882,49.49222508775418,13.587789549180323,20.686753553019816,-1,END_OF_WINDOW
25.64593302468314,44.58776787052095,12.230273953255258,21.34127115637557,-1,END_OF_WINDOW
28.52786047208889,50.16491912531659,10.277321356751536,23.582608930920156,1,EXIT_PROFIT_TARGET_MET
31.46778302633141,50.70159591377946,9.057446057308606,24.84742257871157,1,EXIT_PROFIT_TARGET_MET
32.956139813117055,42.95651879068403,13.4521104632545,27.23260668023216,1,EXIT_PROFIT_TARGET_MET
34.338185400846584,41.29547938542711,12.9319452777977,26.304563345929846,1,EXIT_PROFIT_TARGET_MET
33.863579461009834,36.02949065720253,20.40162540301078,27.995665964077684,-1,END_OF_WINDOW
33.72498630762708,36.26974855947936,18.716376479103907,28.336689823786422,1,EXIT_PROFIT_TARGET_MET
33.80799436529033,36.45867507458944,17.599385798273833,27.98264055065883,1,EXIT_PROFIT_TARGET_MET
34.047583297598216,37.22977646847129,17.05597539231954,26.811737654183208,1,EXIT_PROFIT_TARGET_MET
34.38087834308246,37.011247844771,16.3522542849178,25.968042107455837,1,EXIT_PROFIT_TARGET_MET
34.94961087210944,38.483749898021884,15.58805375603785,25.29532481406615,1,EXIT_PROFIT_TARGET_MET
36.04938741086462,41.723115147321444,13.7795005138043,26.571373041632842,1,EXIT_PROFIT_TARGET_MET
37.10994052443352,38.859278217884274,12.6450518646681,26.8869892529448,1,EXIT_PROFIT_TARGET_MET
38.094739844176075,37.34016446013153,12.15072275882605,25.982204306305906,1,EXIT_PROFIT_TARGET_MET
38.26600441565792,34.284892063385065,14.521849601994994,26.276332570141193,1,EXIT_PROFIT_TARGET_MET
37.28535463479998,31.684068724712372,19.19894959477316,26.402308815131107,1,EXIT_PROFIT_TARGET_MET
36.374751266860464,30.772277650515477,18.646450134348225,25.24285818547889,1,EXIT_PROFIT_TARGET_MET
35.7819896256073,31.177520919449407,17.508414661314543,24.963368315087536,1,EXIT_PROFIT_TARGET_MET
35.450118963680005,32.43322641500775,17.031872095560104,23.828842006866992,1,EXIT_PROFIT_TARGET_MET
35.16686541760415,31.754254053112398,16.546857199211633,22.775353292090774,1,EXIT_PROFIT_TARGET_MET
34.04630361972532,30.284422423984292,20.409711877944677,22.174970914084316,1,EXIT_PROFIT_TARGET_MET
33.00578195026641,29.513502418066608,19.89016242174431,21.128901563078276,1,EXIT_PROFIT_TARGET_MET
32.325930161835984,30.930878736184933,19.16453875602514,20.362551451429837,1,EXIT_PROFIT_TARGET_MET
32.01143905187938,32.3397451447254,18.22150081703502,19.88665491918484,1,EXIT_PROFIT_TARGET_MET
32.10390473718082,32.984644294881704,16.502482357047327,20.389750996385942,1,EXIT_PROFIT_TARGET_MET
32.18976573067501,31.483327224120146,15.751361373262123,19.836197353786936,1,EXIT_PROFIT_TARGET_MET
32.4428561443212,31.013361256267846,14.684227471505801,19.75789754280214,1,EXIT_PROFIT_TARGET_MET
32.97283635559195,32.43041281388224,13.9442687086217,19.32019057545914,1,EXIT_PROFIT_TARGET_MET
33.56122159836955,32.28640506279463,13.441733923921678,18.61089124864062,1,EXIT_PROFIT_TARGET_MET
33.23176681762597,29.589670512292376,16.303983353009723,18.8565418737377,-1,END_OF_WINDOW
32.925844521221215,27.53730556394452,15.173125071290666,18.81464602561358,1,EXIT_PROFIT_TARGET_MET
32.641773817416805,27.07025342199858,14.915778158822993,17.772171309498308,-1,END_OF_WINDOW
31.98094384466658,26.103128697533897,16.20677660569445,17.11415907310557,1,EXIT_PROFIT_TARGET_MET
31.83271114534933,28.899419182011087,15.593504969050226,16.516719139312315,1,EXIT_PROFIT_TARGET_MET
30.880794869488223,26.809287762153765,18.436208949709748,16.532667772218595,1,EXIT_PROFIT_TARGET_MET
30.215231566565482,26.87344897597893,17.339788892637042,16.322477217060136,1,EXIT_PROFIT_TARGET_MET
29.59720849956579,25.895909593712744,16.709042666580025,15.728728844413,1,EXIT_PROFIT_TARGET_MET
29.32916393441022,27.537074004356594,16.22654775917598,15.039533926954924,1,EXIT_PROFIT_TARGET_MET
27.291887155455797,23.52849023958773,23.91146781635848,16.344567217886713,1,EXIT_PROFIT_TARGET_MET
25.40013014642669,21.739063728429446,22.09291447971865,16.426383845180535,1,EXIT_PROFIT_TARGET_MET
25.255499699807196,31.249511405506844,19.408133065087956,17.363070713381923,1,EXIT_PROFIT_TARGET_MET
25.12119999937481,29.523018479315596,18.33586015775706,17.065708519568915,1,EXIT_PROFIT_TARGET_MET
23.708172210425257,27.144480355903774,24.39299212940178,17.23530076817114,1,EXIT_PROFIT_TARGET_MET
22.396074977829244,27.09490005123441,24.348437510351573,16.03349357044462,1,EXIT_PROFIT_TARGET_MET
20.868681444398714,26.023666282320082,26.55607056275789,15.501101172555714,1,EXIT_PROFIT_TARGET_MET
20.277417987857767,31.619288284772495,24.54735067530376,15.571736803087466,1,EXIT_PROFIT_TARGET_MET
20.037875968797668,33.54930226931289,23.8372926606727,14.890184174295488,1,EXIT_PROFIT_TARGET_MET
19.32835128998165,31.285017157584555,25.54283002609392,14.827313876131507,1,EXIT_PROFIT_TARGET_MET
18.520185913647392,30.75685882063963,26.19288577472742,14.004648599264966,1,EXIT_PROFIT_TARGET_MET
18.10015484049116,32.277773427315026,25.03374079822879,13.606459413603172,1,EXIT_PROFIT_TARGET_MET
16.892970162733693,29.82137540643563,29.11439990846137,13.675283741202925,1,EXIT_PROFIT_TARGET_MET
16.259637095854828,27.70506555446702,32.5405649491901,13.668477759688427,1,EXIT_PROFIT_TARGET_MET
16.016357344402806,25.107939236215294,32.51457638242438,14.0050150625678,1,EXIT_PROFIT_TARGET_MET
15.860849993383807,23.910229314900064,31.59121547125845,13.656085415241522,1,EXIT_PROFIT_TARGET_MET
15.716450310294737,22.82631773512822,30.15910523018159,13.28279359986715,1,EXIT_PROFIT_TARGET_MET
15.409270434988782,23.592110803215043,29.672796421709972,12.536165485590919,1,EXIT_PROFIT_TARGET_MET
15.594325637054963,22.291317801637515,32.077778692844056,12.320010808048695,1,EXIT_PROFIT_TARGET_MET
15.408397615402748,22.798233088724327,29.606277777348218,12.39501003604521,1,EXIT_PROFIT_TARGET_MET
14.35225335303617,27.468839407574322,27.81290076450874,12.251795033470577,1,EXIT_PROFIT_TARGET_MET
13.69546484714355,25.165198366923082,27.901986814049824,12.418095388222707,1,EXIT_PROFIT_TARGET_MET
13.085589805957545,25.061187645857174,27.786664624834923,11.578945717635376,1,EXIT_PROFIT_TARGET_MET
12.598392964625505,24.83188340313889,28.151184681198767,10.851163880661412,1,EXIT_PROFIT_TARGET_MET
12.145995897674327,24.831883403138892,28.15118468119877,10.076080746328454,1,EXIT_PROFIT_TARGET_MET
11.44979311224829,26.30588883856903,27.599155428471455,9.543503550162162,1,EXIT_PROFIT_TARGET_MET
11.129327823768687,30.093169975350264,26.175056346810578,9.343967582293438,1,EXIT_PROFIT_TARGET_MET
10.58197984003491,28.231543833894214,26.339850434878713,9.24868418355821,1,EXIT_PROFIT_TARGET_MET
10.040009678286129,25.596004399503936,27.176214441029856,9.472349599018346,1,EXIT_PROFIT_TARGET_MET
10.120642819652915,22.43979568003092,28.082575484084316,10.032896056231333,1,EXIT_PROFIT_TARGET_MET
10.195516450922073,22.37631805270228,28.0031355780163,9.342689195071946,1,EXIT_PROFIT_TARGET_MET
10.060040416987396,29.876276637805653,25.297487613123945,9.603211395423967,1,EXIT_PROFIT_TARGET_MET
10.317307248906683,26.19949988048651,34.49088425311384,10.168696295750827,1,EXIT_PROFIT_TARGET_MET
9.856202247829138,27.390370293677663,29.59089397344746,11.00593227462576,1,EXIT_PROFIT_TARGET_MET
9.428033318257132,25.51438006485103,27.564187968335663,10.971222826438206,1,EXIT_PROFIT_TARGET_MET
9.780307035179712,22.528965385551288,30.0841358875495,11.537564053121198,1,EXIT_PROFIT_TARGET_MET
10.564984590505555,19.36011363998197,29.507955661182724,12.467023763612556,1,EXIT_PROFIT_TARGET_MET
11.293613749022409,17.33725420160866,26.424789532805583,12.927236351925966,1,EXIT_PROFIT_TARGET_MET
10.741973623411496,22.848870528373958,24.54099780531164,12.925290898216975,1,EXIT_PROFIT_TARGET_MET
10.256447124247869,22.797314007898404,24.669699056031256,12.029198691201485,1,EXIT_PROFIT_TARGET_MET
11.043449813821729,20.64059208644681,31.796262796791005,12.337113070401388,1,EXIT_PROFIT_TARGET_MET
12.061049487104981,18.36223533488102,30.79369371871511,12.877319279658439,1,EXIT_PROFIT_TARGET_MET
13.516209108989042,15.686119507840498,30.745379553794386,13.997510759682832,1,EXIT_PROFIT_TARGET_MET
16.107294638753487,13.193424006336718,39.36102173047794,15.453402848276925,1,EXIT_PROFIT_TARGET_MET
18.513302630677615,12.574984907607904,37.51598174750229,15.055302644828549,1,EXIT_PROFIT_TARGET_MET
21.709107908571333,10.249338141289108,45.53631988602692,17.152066741626534,1,EXIT_PROFIT_TARGET_MET
24.676641380901213,9.179026693489854,40.78108166549013,17.784061974367496,1,EXIT_PROFIT_TARGET_MET
26.68570001023899,11.54309714790706,37.371919435618615,18.02020040476983,1,EXIT_PROFIT_TARGET_MET
28.551254451766926,11.17576002181422,36.18262913457125,17.283043233000544,1,EXIT_PROFIT_TARGET_MET
30.665607502154764,10.535241592568296,39.81503190753761,17.024254430643353,1,EXIT_PROFIT_TARGET_MET
34.29944415086151,6.353069520819983,62.47505297320552,26.214664828454545,1,EXIT_PROFIT_TARGET_MET
37.67372103894635,5.604325541702061,55.11202639125757,27.594331626422093,1,EXIT_PROFIT_TARGET_MET
40.507454132476354,6.490639623378296,50.811692318025315,27.791879367391953,1,EXIT_PROFIT_TARGET_MET
43.585536655475295,5.044767225955321,56.47907065017541,33.203173698292545,1,EXIT_PROFIT_TARGET_MET
46.44375614111716,4.586674885154629,51.350463417859146,33.91080414841451,1,EXIT_PROFIT_TARGET_MET
49.13350989657998,4.200053865377861,48.631838160427336,34.38717528067062,1,EXIT_PROFIT_TARGET_MET
51.63113838379546,3.958488902714511,45.83479113531333,33.879519903479874,1,EXIT_PROFIT_TARGET_MET
54.00568721900964,3.669546743875137,44.85281461288046,33.9366970532313,1,EXIT_PROFIT_TARGET_MET
55.326008262203196,6.577888153040297,41.24422474417886,34.269790120857664,1,EXIT_PROFIT_TARGET_MET
56.96360919093248,5.462583011221982,44.77365779183563,38.31909082651069,1,EXIT_PROFIT_TARGET_MET
56.25966966542646,14.364893726138336,39.95340592876646,39.874870053188495,1,EXIT_PROFIT_TARGET_MET
55.60601153459944,13.096370186268189,36.42523253014207,40.61309362081789,1,EXIT_PROFIT_TARGET_MET
54.6625424325754,14.168227461527074,35.02482392898427,39.2200155050452,1,EXIT_PROFIT_TARGET_MET
53.88649839850255,13.393552627573893,34.268576769936615,38.52501439754199,1,EXIT_PROFIT_TARGET_MET
53.65320242543787,12.016563962689947,36.6535465983776,39.872513369146155,1,EXIT_PROFIT_TARGET_MET
53.43657045044923,11.466618620883569,34.976074795701955,38.80019098563572,1,EXIT_PROFIT_TARGET_MET
53.92947217039072,9.894221870023923,39.997467599171,41.7544630580903,1,EXIT_PROFIT_TARGET_MET
54.3871666246221,9.288622231117493,37.54932642612785,41.29985855394099,-1,END_OF_WINDOW
54.01355617849662,12.2996613913626,36.08288706633225,39.90844008580236,-1,END_OF_WINDOW
54.09919026771267,11.022000121137953,38.197017408208254,41.35355150824504,-1,END_OF_WINDOW
54.17870763627043,10.638489346344295,36.867951215137275,39.784012114798976,-1,END_OF_WINDOW
54.53582196170822,9.817504240070162,38.281943898148576,40.031582678027625,-1,END_OF_WINDOW
55.031968578690105,9.055686594017324,37.964704454863266,40.299326772454236,-1,END_OF_WINDOW
55.44929362966057,8.915317516497801,36.65763062488017,38.755089145850356,-1,END_OF_WINDOW
56.29597094964337,7.926223282479236,40.556322569143845,40.47758277828961,-1,END_OF_WINDOW
57.08299494189752,7.1335719108421545,36.51593477812272,41.76275543698323,-1,END_OF_WINDOW
57.813802934704945,6.579499432910889,33.67970144097222,42.04541576291302,-1,END_OF_WINDOW
58.36772624615514,6.440701645782199,30.971229508117027,42.45645749413353,-1,END_OF_WINDOW
57.98005342090615,9.185187248024821,29.85113705625622,40.90313910169542,-1,END_OF_WINDOW
57.810853912054064,8.854159992098445,31.039561034161856,39.40148630871719,-1,END_OF_WINDOW
57.77434191066406,8.439295775735497,31.088730901107,38.38566585809452,-1,END_OF_WINDOW
57.939059921766386,7.894303186044455,31.656704402133496,38.10454686823064,-1,END_OF_WINDOW
57.80912781692457,8.476493922349105,30.158400980984496,37.140650663357036,-1,END_OF_WINDOW
57.76901904245709,8.121090984836359,29.87018870824105,35.997032758831544,-1,END_OF_WINDOW
57.85917594214429,7.7153426229903,29.94915117712954,35.183673276057874,-1,END_OF_WINDOW
58.1066233006549,7.278824267343072,30.3606352495384,34.62983947062519,-1,END_OF_WINDOW
58.33639584784332,6.988980275657991,29.15166970955386,33.48985093700911,-1,END_OF_WINDOW
58.82170396932713,6.551668701812103,31.026777070962044,33.173433012937025,-1,END_OF_WINDOW
59.470532250792246,5.968209012461708,31.22303437473718,33.81533065487012,-1,END_OF_WINDOW
60.073015655009854,5.519236719391784,28.874209574775175,33.9542356080937,-1,END_OF_WINDOW
60.7866913661011,4.990052983647673,28.34861794581501,34.87250449322986,-1,END_OF_WINDOW
61.44939024068584,4.733608026153359,26.891747618393577,34.135897029427724,-1,END_OF_WINDOW
61.8932331297974,5.0413629640611095,26.138973447354147,32.61047581304005,-1,END_OF_WINDOW
62.43485305713698,4.754692595105394,26.399015339673042,32.106870397822895,-1,END_OF_WINDOW
61.71805375400976,7.688066907469687,24.61450640130436,31.974951083692705,-1,END_OF_WINDOW
61.052454401105905,7.407742222507,23.717004618931263,30.814597434857514,-1,END_OF_WINDOW
59.89186600380723,8.596139794969996,22.55167368883993,30.092126189510537,-1,END_OF_WINDOW
59.18763718418538,8.3248155652751,24.996213677571912,28.853402890259783,-1,END_OF_WINDOW
58.53371042310794,8.310635643859932,24.953636836938568,26.83815982666982,-1,END_OF_WINDOW
56.83209507827587,11.594838584355227,23.92371909433285,25.99400555333626,-1,END_OF_WINDOW
54.211049644899305,15.20045363567728,22.86608781777252,25.25371944238368,-1,END_OF_WINDOW
52.27964439693344,14.27270163698171,24.922606161115837,24.974168053642,-1,END_OF_WINDOW
50.73677923465958,13.480867620074461,25.41346772804451,24.552441764096123,-1,END_OF_WINDOW
49.80752866898516,12.371906207254622,27.362682170524167,24.84226735237498,-1,END_OF_WINDOW
48.90038838788712,12.220769484681123,26.64167695396861,23.692105398633924,-1,END_OF_WINDOW
46.484126808603165,17.891786560574364,24.242585064547022,24.176955013017217,-1,END_OF_WINDOW
43.842943860961554,19.074183656751394,23.082232558405856,23.578601083516,-1,END_OF_WINDOW
41.35786513937942,18.950505825319144,22.722698320417795,22.24084386326485,-1,END_OF_WINDOW
38.52416486306836,22.4789319061707,21.733483493138465,21.592212158745923,-1,END_OF_WINDOW
36.47368908376998,25.382990373860498,20.844595320946706,20.90491129026409,-1,END_OF_WINDOW
35.09521430175912,27.815049661319133,19.661015470581727,20.580274769530917,-1,END_OF_WINDOW
34.03581168905383,28.758600123331266,19.067351287092528,19.705255143135847,-1,END_OF_WINDOW
32.25158204509692,26.5873432425065,22.171455497686992,19.792022632911866,-1,END_OF_WINDOW
30.040044869603566,24.1276559843981,24.758315119624744,20.25187815913245,-1,END_OF_WINDOW
27.986474635216883,22.79514058527257,23.390969855143375,19.90460114776587,-1,END_OF_WINDOW
26.155018270405343,23.619431546353265,22.53657222171428,19.18355820863973,-1,END_OF_WINDOW
24.454380217366058,22.795847331394693,21.75074614860781,18.456875479451195,-1,END_OF_WINDOW
23.571108074898802,21.048389622971797,26.83705525335893,18.561384373776082,-1,END_OF_WINDOW
22.750926799750633,21.043157132671862,26.830383739109745,17.23985691850636,-1,END_OF_WINDOW
21.792089029806707,21.981638408874087,26.503988877359987,16.20558142432735,-1,END_OF_WINDOW
20.793482416920064,28.432705993365005,24.31246600992909,16.404468465446808,-1,END_OF_WINDOW
20.132468868112486,28.347752657568524,22.482321593073607,16.47272071791487,-1,END_OF_WINDOW
18.87172817045938,25.927479388991593,24.671561060886223,16.72395495234951,-1,END_OF_WINDOW
18.070400645396486,27.418948408050575,23.520481115160514,16.289386741467393,-1,END_OF_WINDOW
18.37276899517191,33.38823103371967,21.210722103330298,16.773001974219717,-1,END_OF_WINDOW
18.265765151685137,31.00375374168534,22.050927405130317,16.772787547489735,-1,END_OF_WINDOW
18.16640443987599,29.82864491154687,21.21514991436566,16.18830272266905,-1,END_OF_WINDOW
18.074140921767498,28.922947160554074,20.570986774491416,15.502709671049843,-1,END_OF_WINDOW
17.98846765495247,28.922947160554077,20.570986774491416,14.395373265974854,-1,END_OF_WINDOW
17.256665004375794,27.75855254027694,23.768680120895606,13.927846604119502,-1,END_OF_WINDOW
17.021123512596105,28.96174538648379,21.866577094809575,14.058000418110966,-1,END_OF_WINDOW
16.802406413086395,28.300511271043,21.367334850598972,13.358857531103071,-1,END_OF_WINDOW
17.064283954906976,30.262513794906635,19.978778432728284,13.266796278881436,-1,END_OF_WINDOW
17.30745595802609,29.371830534766104,19.3907650367267,12.692739401818478,-1,END_OF_WINDOW
16.664989214426743,26.98271502971394,22.84091569535543,12.829686587402882,-1,END_OF_WINDOW
16.068412952513064,25.175876471741145,21.311423680473794,12.768280402588378,-1,END_OF_WINDOW
16.294268867819277,29.02052233403936,19.659215995102684,12.852688945260656,-1,END_OF_WINDOW
16.503992217746475,28.408436285717485,19.244573843144092,12.191782592027778,-1,END_OF_WINDOW
17.988676923546418,37.0474126133801,16.922325113805197,12.874512406882937,-1,END_OF_WINDOW
19.051073632802364,33.03649677471462,16.69395944686466,13.406332949248453,-1,END_OF_WINDOW
19.698655868389807,30.753156576701755,17.254684044663694,13.373023452873568,-1,END_OF_WINDOW
20.301827147059726,28.734140126850303,16.11283250496506,13.297807491954007,-1,END_OF_WINDOW
22.19714617735801,38.41442207279649,13.908366985019436,14.305106956814441,-1,END_OF_WINDOW
24.273020675167015,39.92507100551134,12.865134258102314,14.360456459899119,-1,END_OF_WINDOW
25.226139051169522,36.7860958586471,16.675586852366877,14.472566712763456,-1,END_OF_WINDOW
25.58051170834026,33.91955365249831,18.189275697958518,14.574526233280357,-1,END_OF_WINDOW
25.64600151513083,31.337696695196684,18.209099324493405,14.64848864518888,-1,END_OF_WINDOW
24.65877098518227,27.71778382386527,21.855817460778297,15.378596599103954,-1,END_OF_WINDOW
23.548599039300754,24.8168052110332,20.670057363529803,15.949411127739378,-1,END_OF_WINDOW
22.517725089553633,23.903737495538095,19.90955810121218,15.375881761472286,-1,END_OF_WINDOW
21.70542620378463,24.27758795576639,19.40853351220093,14.646175921367112,-1,END_OF_WINDOW
21.609700136826913,27.92307004252162,18.474154121227674,14.28787764126947,-1,END_OF_WINDOW
20.622903807472976,25.954239970335465,22.200772695784636,14.273743524035913,-1,END_OF_WINDOW
20.1506348189257,26.841957606158825,20.24459566328955,14.534904700890479,-1,END_OF_WINDOW
19.69292314324285,25.83694177106675,19.593575135707635,14.021697222255439,-1,END_OF_WINDOW
18.398004499689094,23.51371781370597,22.789506613849564,14.30657599209432,-1,END_OF_WINDOW
17.57995013974189,25.457669963329284,22.151123358552496,13.667534849801878,-1,END_OF_WINDOW
16.820328234076626,25.199544683644216,21.92652444904896,12.821282360530327,-1,END_OF_WINDOW
15.930702836794358,23.833941788289152,26.009911422806788,12.587619334778173,-1,END_OF_WINDOW
14.948037440164079,23.294762334195635,24.329829149546157,12.495646525151173,-1,END_OF_WINDOW
14.595769099320764,26.8339487046679,21.947828940694276,12.862386059068955,-1,END_OF_WINDOW
15.981736657662985,37.7623710373609,18.599664934243034,14.09364419770688,-1,END_OF_WINDOW
18.69445518424095,49.31561343990086,14.747362364990517,16.50552675501351,-1,END_OF_WINDOW
22.027990508211133,58.00144018887804,12.148601929915092,18.605131986798266,-1,END_OF_WINDOW
25.236143138341117,50.16491751858877,9.933654748214623,21.128336844884092,-1,END_OF_WINDOW
28.215142009176102,44.844071046185014,8.880020965092609,21.947027070249526,-1,END_OF_WINDOW
30.981355246380016,41.28845590896552,8.175938212886821,22.134382279517432,-1,END_OF_WINDOW
33.16959317181188,37.69031877460635,8.951299315989724,22.51549783098046,-1,END_OF_WINDOW
34.878510334409945,34.30869626001737,9.370376902474513,22.96796227162471,-1,END_OF_WINDOW
34.71094751399797,29.731262789032648,15.135065750067998,24.61096496650868,1,END_OF_WINDOW
34.55535346647257,28.30850496108068,14.410793342761425,24.001610326043767,-1,END_OF_WINDOW
32.94609540572365,25.442355029594154,19.979982532641323,24.797923874183507,-1,END_OF_WINDOW
30.774041199899614,22.675237955602455,21.553018256716268,25.836643597456092,-1,END_OF_WINDOW
28.757133723063003,22.36560009262393,21.25870467434886,24.323311911923522,-1,END_OF_WINDOW
27.596891297394258,26.044622391492187,20.251274351768966,23.7095039182147,-1,END_OF_WINDOW
26.670797290102264,26.68408545944852,19.872171686952655,22.435967924056516,-1,END_OF_WINDOW
25.8108528547597,26.4609073081243,19.70596645774847,21.0091130723382,-1,END_OF_WINDOW
24.333973998611913,25.154018322985156,22.697080280960215,20.52203356717119,-1,END_OF_WINDOW
22.98111341549602,25.25208092329007,22.66734274980877,19.081174026658957,-1,END_OF_WINDOW
22.244914667006306,28.12359886067426,21.79655354118728,18.42609016761188,-1,END_OF_WINDOW
21.62020564754001,28.076749312716625,21.398139776396317,17.42851229849675,-1,END_OF_WINDOW
21.13295668347706,28.069564698019963,20.832661147672813,16.622904277175525,-1,END_OF_WINDOW
20.77518859220998,28.199037333529763,20.36799091122356,15.787696828805835,-1,END_OF_WINDOW
20.59698593959485,29.107472790401875,20.110292345050365,14.847861341034,-1,END_OF_WINDOW
20.431512047880798,29.10747279040187,20.110292345050368,13.787299816674428,-1,END_OF_WINDOW
19.38916693693037,27.515507094206843,24.479674564576722,13.543206972626248,-1,END_OF_WINDOW
18.710720001289136,25.22591152831382,30.763803788862337,13.717263617438661,-1,END_OF_WINDOW
17.774747916140473,25.8271365925177,28.895495194532394,13.561030501907311,-1,END_OF_WINDOW
16.905630979931,24.575323375125908,27.494961973281843,13.233814037485363,-1,END_OF_WINDOW
15.905766474145212,24.799615065021545,26.284911939720836,12.8542558919507,-1,END_OF_WINDOW
15.786272306191801,30.663510026047877,23.0224665208826,13.627523328239924,-1,END_OF_WINDOW
15.675313435949349,28.99414906636702,21.769093806119244,13.382700233365663,-1,END_OF_WINDOW
15.40309268090074,28.476908217542963,22.436435634746687,12.65250735955382,-1,END_OF_WINDOW
14.469277056925328,26.515069096612816,27.77996639195142,12.618042548157124,-1,END_OF_WINDOW
14.649935529389225,23.56694774904083,33.21984892333215,13.182468080431615,-1,END_OF_WINDOW
14.817689825248557,21.353949399649064,30.10041777691354,13.509434646115054,-1,END_OF_WINDOW
15.887909229523553,18.129993417150974,33.522969779315716,14.775189314249694,-1,END_OF_WINDOW
16.881684390636046,16.19722896949854,29.949223078012718,15.356961506089007,-1,END_OF_WINDOW
17.804475611669076,15.727699542985421,29.081047320121453,14.685749969939796,-1,END_OF_WINDOW
19.33295295516042,14.708435195741576,33.67708883356154,14.581767829229813,-1,END_OF_WINDOW
20.75225334554524,14.395559214333511,32.960714040489215,13.834498698570533,-1,END_OF_WINDOW
22.102564125252336,14.144672990187457,32.7359270061099,13.074177362958324,-1,END_OF_WINDOW
23.003781562358668,15.385626195384045,31.751426085386203,12.516736122747014,-1,END_OF_WINDOW
23.05909094043559,18.401136052174643,29.881940480093707,12.349826399693677,-1,END_OF_WINDOW
22.89132874407281,18.935846652527534,28.827924320221005,11.886981656858408,-1,END_OF_WINDOW
22.49702196261552,19.66118632587621,27.927903144662615,11.393625824225634,-1,END_OF_WINDOW
21.499584643062445,22.360481368348985,26.53246755732226,11.136223979638086,-1,END_OF_WINDOW
20.57339284633459,22.08587799728092,26.2066290874802,10.469350838235378,-1,END_OF_WINDOW
21.257373928068226,19.187364481751295,35.75071697604558,11.190111492647134,-1,END_OF_WINDOW
21.89249921824946,18.018124109886482,33.57213837806974,11.065103528886628,-1,END_OF_WINDOW
22.482258416274888,17.8101174543047,33.18457149362811,10.394738991109,-1,END_OF_WINDOW
23.479216916434343,16.502216629495663,35.42394094573577,10.417257634601217,-1,END_OF_WINDOW
25.4710467128895,13.812608157150981,42.988300782377834,11.556739232129694,-1,END_OF_WINDOW
27.320602952455,13.342796416695256,41.52612881745844,11.109115001263284,-1,END_OF_WINDOW
29.055061994881086,13.08280444847232,40.98175507192474,10.520606786887328,-1,END_OF_WINDOW
31.116129969046263,12.1023543722154,45.404693820889825,10.5605634449668,-1,END_OF_WINDOW
32.752664599567794,12.373855799988316,41.45783357254943,10.739808913183436,-1,END_OF_WINDOW
31.100114488205136,28.063013586641954,34.034951984516866,12.147679705098923,-1,END_OF_WINDOW
29.56560367051124,25.828830513859366,31.325324475268495,12.255702583306133,-1,END_OF_WINDOW
27.56697564820467,28.886585243070574,29.81692514334797,11.956009541641407,-1,END_OF_WINDOW
26.072157561000395,26.27940915057592,30.017237640084925,12.203437431524137,-1,END_OF_WINDOW
24.680702247345714,26.131668608238733,29.819872904969536,11.406763329272392,-1,END_OF_WINDOW
23.00768743094455,27.898995912000252,28.610160719753484,11.039851662895792,-1,END_OF_WINDOW
21.454173672857756,27.885394993122866,28.59621310399535,10.256290829831787,-1,END_OF_WINDOW
20.68640940591947,32.958797097897374,26.58441413849377,10.24441291341524,-1,END_OF_WINDOW
19.24529804546206,30.62689408063306,30.941416014099776,10.236954848171319,-1,END_OF_WINDOW
18.85949228487172,27.96259717806772,36.94896516109379,10.411458073301926,-1,END_OF_WINDOW
19.972761717759678,23.22491762980675,47.631649475098456,11.63992535378037,-1,END_OF_WINDOW
22.345081236523452,16.48554271435961,53.94327480710432,15.227073542796035,-1,END_OF_WINDOW
24.893362750058674,13.737396572663386,51.71153699630072,16.967996861167773,-1,END_OF_WINDOW
27.132080493765855,13.664023377082186,48.77926120465355,16.703139942512948,-1,END_OF_WINDOW
28.823196690937106,14.934104152075092,45.78314775254986,16.52505851804774,-1,END_OF_WINDOW
30.814399889653625,13.000062385323504,47.04647265792706,17.62755433818719,-1,END_OF_WINDOW
32.80636391855031,11.69785196753242,44.95294270753437,18.190586171173834,-1,END_OF_WINDOW
34.103082220177036,13.466355646242544,41.45399923873202,18.31697287323285,-1,END_OF_WINDOW
35.30717778597329,13.466355646242544,41.453999238732024,17.008617668001932,-1,END_OF_WINDOW
36.444201422437956,13.426279380812767,41.628233837015145,15.84085926314464,-1,END_OF_WINDOW
36.65352638326273,16.936320137465465,38.9358465970967,15.726512172920009,-1,END_OF_WINDOW
37.07288647712253,15.359395974835648,38.08742594359332,16.102475589140024,-1,END_OF_WINDOW
37.46229227856377,15.359395974835648,38.08742594359332,14.95229876134431,-1,END_OF_WINDOW
36.20739424995152,23.115847890706142,34.59710009664014,15.284991706962582,-1,END_OF_WINDOW
35.04213179481157,21.47525248732272,32.141648596123716,15.277492299322386,-1,END_OF_WINDOW
33.75752347266197,21.504231110843076,30.34918782486968,15.024099992227931,1,END_OF_WINDOW
31.701425272652106,25.344694431881035,27.996918743272207,15.123092849925959,1,END_OF_WINDOW
29.71909569453343,27.11318415632088,25.053230925876413,15.692871932074098,-1,END_OF_WINDOW
27.83155317854921,24.72113664895733,26.40497538962648,15.981952508354505,-1,END_OF_WINDOW
26.01275165363993,23.09761649726699,24.218212331972676,16.180384472043485,-1,END_OF_WINDOW
24.32386452336703,21.952728644620542,23.01777950311483,15.808214152611827,-1,END_OF_WINDOW
23.196917671630104,25.33626419341412,21.346473333653773,15.828341713139531,-1,END_OF_WINDOW
22.843472228027174,28.1374997637079,19.45288249851298,16.128460162200977,-1,END_OF_WINDOW
22.329016483321038,26.257742308283664,19.154735037070274,16.048570150615177,-1,END_OF_WINDOW
22.28071999591497,27.40428017009197,17.648962137844208,16.173672282714072,-1,END_OF_WINDOW
22.358374531101894,26.574831288877903,16.50742081338543,16.056981405377385,-1,END_OF_WINDOW
22.430482313775467,25.748379641263423,15.994055931374017,15.388625590707559,-1,END_OF_WINDOW
22.497439540543784,25.748379641263423,15.994055931374017,14.289438048514162,-1,END_OF_WINDOW
21.00003598125294,23.28979708396109,24.01535869583431,14.669478187906016,-1,END_OF_WINDOW
20.02502909984567,25.172477459097227,21.725504119932726,15.057372603055581,-1,END_OF_WINDOW
18.73112214729739,24.557736893386288,23.63705644751901,14.331845988551619,-1,END_OF_WINDOW
17.943015365252645,26.77056952188857,22.943746787986342,13.71028556079794,-1,END_OF_WINDOW
17.550671508803024,28.229136790610376,21.978219791139328,13.290265163598082,-1,END_OF_WINDOW
17.21219781407337,28.107256198235596,21.722985773107347,12.485960509055344,-1,END_OF_WINDOW
16.067733429119027,26.23858482523629,25.621605989267035,12.419820472694244,-1,END_OF_WINDOW
15.495973439480032,27.122288979919535,23.07484693920562,12.805547581787492,-1,END_OF_WINDOW
15.457876594825787,28.890368293181556,21.370088353871616,12.839437040231257,-1,END_OF_WINDOW
14.675109400390804,25.465254311031266,23.272477534032138,13.525905823071868,-1,END_OF_WINDOW
13.721909056954132,22.524149069647454,21.932737071725242,14.199769692852453,-1,END_OF_WINDOW
13.659114530255328,25.032068320277926,19.334203158628238,14.957643286220163,-1,END_OF_WINDOW
12.807335495135652,22.7612075646755,21.985211567115357,15.274954480061586,-1,END_OF_WINDOW
12.132980957729337,21.470232658998935,22.966125774433852,15.036743445771478,-1,END_OF_WINDOW
11.618468363154753,24.184924929441603,21.912416076523876,14.634118913930633,-1,END_OF_WINDOW
12.862386381075702,19.099037577952682,34.72632875793758,17.20739613436415,-1,END_OF_WINDOW
14.017453112002297,18.808124608643265,34.19738381131637,16.225439267623855,-1,END_OF_WINDOW
15.551943152392383,17.85900062138241,37.51801480184574,15.867193605650726,-1,END_OF_WINDOW
15.546390794431352,25.056399265004774,34.23059304061865,16.14882263381853,-1,END_OF_WINDOW
15.42622709714657,24.233656204776747,32.034765980543455,16.023192445688625,-1,END_OF_WINDOW
17.25569347423493,19.243207083262067,46.030881116446075,18.737250128139436,-1,END_OF_WINDOW
18.95448368153127,17.666467228674485,42.25922681349918,18.95173226184375,-1,END_OF_WINDOW
19.620273078374197,22.23040452410281,39.75794100810011,18.70517995742634,-1,END_OF_WINDOW
19.64554216901196,24.710786938407015,37.04614055274414,18.64052424618158,-1,END_OF_WINDOW
19.66900632460417,23.630328549546928,35.426329195264046,18.10048680002575,-1,END_OF_WINDOW
18.82188989390499,27.376114151922437,32.014121105555155,18.599023457166762,-1,END_OF_WINDOW
17.892734459623338,32.56425621842741,28.985905938589024,19.07480749594058,-1,END_OF_WINDOW
17.029947270647515,30.951598919122787,27.55045682299181,18.635178389087685,-1,END_OF_WINDOW
16.228787738027112,30.007731005649475,26.710306617352902,17.84837993272427,-1,END_OF_WINDOW
15.712066873663716,31.155068383722533,26.01297672463726,17.01778136610113,-1,END_OF_WINDOW
16.351315003976755,24.11800659862398,39.907742858130646,20.41293983995106,1,END_OF_WINDOW
18.076869272974985,19.016479438269776,44.914210376131805,24.03987270852599,-1,END_OF_WINDOW
19.580683804973365,17.656779482551233,40.358198641488976,24.842738943631293,-1,END_OF_WINDOW
20.977083013257573,16.77678621720941,38.346793161744806,24.278257590514777,-1,END_OF_WINDOW
21.26706457385444,20.60396800684865,34.36693729115278,25.1548106197637,-1,END_OF_WINDOW
21.755996095781406,18.952764469108743,33.775903413945045,25.39303843263771,1,END_OF_WINDOW
22.877103054950293,17.2231905892769,37.84827813052582,25.94710711602074,-1,END_OF_WINDOW
24.84158693627411,14.123503266632328,42.803011722581246,29.381599464876416,1,END_OF_WINDOW
27.175911771257553,11.779150108949446,43.6810289996317,32.712913788813815,1,END_OF_WINDOW
29.343499118027896,10.684719079033624,39.6225126284439,33.487705661041424,1,END_OF_WINDOW
29.46929056965618,17.756090844901113,33.78896309565774,36.46429811382417,1,END_OF_WINDOW
29.58609691759673,17.029000374721868,32.40534587502689,35.305419677122465,1,END_OF_WINDOW
28.88604680113296,20.00843534081707,29.878827489764,35.555746843042286,1,END_OF_WINDOW
28.2360002644166,18.982561194647626,28.346877783677982,34.80033635425355,-1,END_OF_WINDOW
27.26889942919125,20.369264951628207,27.38794571665674,33.44602661466402,-1,END_OF_WINDOW
26.71475485710743,19.703126360775236,29.255354585793356,32.10702471361661,-1,END_OF_WINDOW
25.485208577671642,22.388101169395597,27.0889706789661,32.19795151978686,-1,END_OF_WINDOW
24.343487032481267,21.59463113325338,26.128894324966176,30.996669268373523,-1,END_OF_WINDOW
22.763516230277023,24.016360746857195,25.10885434277317,29.95190717777544,-1,END_OF_WINDOW
21.542619859961448,22.662571488105172,25.38747371721948,29.473913807934352,-1,END_OF_WINDOW
20.408930373239844,21.59403121249108,24.190454297901525,28.72291996451047,-1,END_OF_WINDOW
19.27498228731769,21.2045612421812,23.218552943755657,27.787711395616874,-1,END_OF_WINDOW
18.06636633513836,22.8243387881336,21.774326126108768,27.5143034387871,-1,END_OF_WINDOW
17.2480852922144,23.161588841993943,20.28929765237751,27.41899605030233,-1,END_OF_WINDOW
16.488252895213584,22.62027149701952,19.815109598548155,26.06978204670932,-1,END_OF_WINDOW
15.782694240855683,22.620271497019523,19.815109598548155,24.207654757658656,-1,END_OF_WINDOW
15.12753263323763,22.620271497019516,19.81510959854815,22.47853656068304,-1,END_OF_WINDOW
15.374545933134229,27.166434655146197,18.65094524990105,22.175783949205698,-1,END_OF_WINDOW
15.904524145538225,27.45717859378707,17.26345063283778,22.246799381405296,-1,END_OF_WINDOW
16.72166428655847,28.18504184341545,16.080780261980497,22.177027997019202,-1,END_OF_WINDOW
16.577182705536217,26.49067573354108,19.700997625652974,21.91009742580355,-1,END_OF_WINDOW
16.940600361934063,28.92001623420053,18.620376036502122,21.52580475253188,-1,END_OF_WINDOW
16.875015462415217,27.390159407575343,19.82513113850787,21.10467584163675,-1,END_OF_WINDOW
17.25473784814551,29.313849559541737,18.666474106171812,20.813627567234143,-1,END_OF_WINDOW
17.607337206323642,27.83456348344711,17.72449426899779,20.354082741003143,-1,END_OF_WINDOW
17.93475089606048,27.834563483447113,17.724494268997795,18.900219688074348,-1,END_OF_WINDOW
16.86503827777893,25.651545262604024,24.17722445988687,19.043775424640454,-1,END_OF_WINDOW
16.004072485163277,24.648937039221366,27.140809596687237,18.402791465737575,-1,END_OF_WINDOW
15.20460424916303,24.42028676807453,26.889044035212823,17.248306361042054,-1,END_OF_WINDOW
15.149649584049858,23.08790409487366,30.87801320145472,16.940570192396198,-1,END_OF_WINDOW
15.098620252159055,23.08790409487366,30.878013201454724,15.730529464367898,-1,END_OF_WINDOW
14.068987934247764,28.926771743955577,28.533874347505204,15.806920216913062,-1,END_OF_WINDOW
13.124297673176601,28.962855539399847,28.478439154926196,14.706425915704994,-1,END_OF_WINDOW
12.764489919659479,27.26573135999625,32.06369567131224,14.505966921726072,-1,END_OF_WINDOW
12.430382719965008,27.265731359996245,32.06369567131224,13.469826427317068,-1,END_OF_WINDOW
11.721255265964796,29.543106473531797,31.059752634072943,12.911981682508696,-1,END_OF_WINDOW
11.139289453841403,29.345553082375407,31.520752890308728,12.070411562329479,-1,END_OF_WINDOW
11.494748954158599,26.897738365113458,37.232845227828626,12.228239307877388,-1,END_OF_WINDOW
12.06839744106221,25.371916334218902,37.68413166577683,12.037650785886143,-1,END_OF_WINDOW
12.86453352962883,23.214933186213212,37.25188289222152,12.216390015465702,-1,END_OF_WINDOW
13.603802754726404,22.90911873618567,36.76115720338169,11.49521930007532,-1,END_OF_WINDOW
14.34507134965486,22.771972922679666,37.13973756871112,10.738417921498485,-1,END_OF_WINDOW
13.929500488051222,28.842788345871476,34.22022116801776,10.822102355677155,-1,END_OF_WINDOW
13.649392176968401,26.70013273343051,32.63875966977723,10.855523615985927,-1,END_OF_WINDOW
13.72055636993792,25.119503917002252,33.739865165951585,10.714414786272656,-1,END_OF_WINDOW
14.339757058448269,22.957089833359937,36.20256046932052,10.886242301538886,-1,END_OF_WINDOW
14.914729126350736,22.725850721345676,35.83790414762057,10.211510708571826,-1,END_OF_WINDOW
16.117654126261904,21.035114163019227,40.611375664555695,10.244259943673844,-1,END_OF_WINDOW
17.413675598658696,19.33900777976976,39.497569131601345,10.34681280484002,1,END_OF_WINDOW
19.507968667922867,16.755466878294076,46.15669932368265,11.089183318780004,-1,END_OF_WINDOW
22.294034977572696,13.673740187906647,52.24428830833309,12.617813081724274,-1,END_OF_WINDOW
24.881096550818967,11.504447111960689,43.95590697831297,13.925826433029671,-1,END_OF_WINDOW
27.536067695849,10.328077447605343,44.10283658008822,14.403981687813259,-1,END_OF_WINDOW
28.358439138160993,16.378254646662683,37.36434721946457,15.787268710112311,-1,END_OF_WINDOW
29.122069763164987,14.756855239517979,33.66538589928914,16.270320945104302,-1,END_OF_WINDOW
29.83115534352584,13.81623821979551,31.519519829694868,16.136726591882574,-1,END_OF_WINDOW
29.61528313671056,17.150723400335313,29.71490320120065,15.894103263890946,-1,END_OF_WINDOW
28.980264831638127,18.533893466774042,28.22460479313679,15.538095887898757,-1,END_OF_WINDOW
28.390604976928014,18.533893466774042,28.224604793136795,14.42823189590599,-1,END_OF_WINDOW
27.172091668794568,21.6259508049759,27.153336015453498,13.926215331912712,-1,END_OF_WINDOW
25.855904961066013,22.034943682595745,26.25842993189171,13.372199951061777,-1,END_OF_WINDOW
24.51977466474044,22.591555139600203,26.070964628416046,12.506328525985936,-1,END_OF_WINDOW
24.236606386873284,20.808674201063184,31.5767091192288,12.608019345558358,-1,END_OF_WINDOW
23.576649327584544,21.59612935358911,29.21662334045394,12.653160820875636,-1,END_OF_WINDOW
23.523098133496735,20.431061069066015,32.51762105577456,12.419363619384526,-1,END_OF_WINDOW
24.176575843981635,18.96290511746122,37.366838428308405,12.42512336085706,-1,END_OF_WINDOW
23.920903407792007,22.61346569964018,34.34536900808751,12.552614549367274,-1,END_OF_WINDOW
23.300911619558867,24.520003137345526,33.33817936209625,12.008142081555347,-1,END_OF_WINDOW
22.725204959056665,24.154831660477466,32.8416805596468,11.318989075729943,-1,END_OF_WINDOW
22.19062020287605,24.154831660477466,32.8416805596468,10.510489856034948,-1,END_OF_WINDOW
21.8048822943884,23.90118963641382,33.54688820981791,9.863312009175328,-1,END_OF_WINDOW
23.36000606272715,18.779497442755314,47.786864925519126,11.65664686566279,-1,END_OF_WINDOW
24.80404956189885,16.699944694141365,42.49517346218641,12.171886375258298,-1,END_OF_WINDOW
26.144947096844,15.56847561686791,39.61600376513325,12.123894491311276,-1,END_OF_WINDOW
26.31078274527823,20.549348732539798,36.9045455243684,12.085044884789037,-1,END_OF_WINDOW
27.23329422830869,17.4825073627083,40.05028992530767,13.190398821589817,1,END_OF_WINDOW
27.612033806245037,18.682696354480967,36.70269130309642,13.365370334333393,1,END_OF_WINDOW
27.513061837833543,20.87320171520169,35.71400330622455,12.754272453309575,-1,END_OF_WINDOW
28.300003254963364,18.74953198358932,42.25455358729026,13.184681563787445,1,END_OF_WINDOW
29.46510666944773,16.287425372305073,42.524100415399836,14.09363288065976,1,END_OF_WINDOW
30.88205131992298,14.151062943565247,41.67423805871816,15.062659103469798,-1,END_OF_WINDOW
31.85320483450589,15.498238018280203,40.32934021071027,14.453183453221937,-1,END_OF_WINDOW
33.06033636774275,14.279941292977245,41.44997146055923,14.56581320656321,-1,END_OF_WINDOW
33.888486429393765,14.904965510433355,38.95649967189686,14.39111226323726,-1,END_OF_WINDOW
35.52692913717737,12.249309393706765,44.49550719489555,16.26031853014888,-1,END_OF_WINDOW
37.19104380325067,11.342486309348768,43.750934790830875,16.30601006370965,-1,END_OF_WINDOW
38.123374011388265,13.03421919026953,39.357982285594574,16.83129505915895,-1,END_OF_WINDOW
38.05497279930625,16.792361097568534,36.6573513748396,16.78048826921905,-1,END_OF_WINDOW
37.991457388087234,16.159026291041446,35.27479555640016,16.19259624998913,-1,END_OF_WINDOW
38.22794579502582,15.319213585892257,36.87776279720596,15.860267946418475,-1,END_OF_WINDOW
38.65103940122233,14.921891818073178,38.514912036851385,15.119534521674282,-1,END_OF_WINDOW
39.76437029215839,13.270459970074887,44.72685141509525,15.78671062726898,-1,END_OF_WINDOW
40.946808628581415,11.628915311553087,41.615214013912166,16.72837415389264,-1,END_OF_WINDOW
41.84682103257772,11.95920585311993,39.53026217830637,16.352776000043153,-1,END_OF_WINDOW
42.1961151193628,13.215546690578872,36.40813717500609,16.48686342861147,-1,END_OF_WINDOW
42.23293047397024,13.741998378667153,34.23274557516732,16.28208746942493,-1,END_OF_WINDOW
41.92560231029735,14.250995384899085,31.66836202232619,16.3433669358946,-1,END_OF_WINDOW
41.16449427359333,15.748405534399682,30.078529166248842,15.97812644047356,-1,END_OF_WINDOW
40.58093595646476,15.248480957428539,30.26575720892098,15.323260266154016,-1,END_OF_WINDOW
40.039060376273945,14.886048863328432,29.546388388159144,14.575170247143008,-1,END_OF_WINDOW
37.496130963326415,24.106514042810655,26.345603538269806,15.178372372347079,-1,END_OF_WINDOW
35.13483936558942,24.05652805839111,26.290974697050842,14.123488631465134,-1,END_OF_WINDOW
33.344546862109304,23.05451463882397,28.21804280356625,13.684668014931914,-1,END_OF_WINDOW
31.682132394592053,22.495604084302844,27.533952845572387,13.022906013865354,-1,END_OF_WINDOW
31.240473665648082,19.984783506751924,33.66485721005319,13.611984155732145,-1,END_OF_WINDOW
30.429852572193766,20.91263629232369,31.298324988517965,13.595413858894142,-1,END_OF_WINDOW
30.148287553654693,19.30380712344928,33.214943488996795,13.676455726115991,-1,END_OF_WINDOW
30.049229035102194,17.888196726547598,32.33236874033107,13.7045660313934,-1,END_OF_WINDOW
29.40277979009298,20.45001779373255,31.321484237953822,13.13638274343673,-1,END_OF_WINDOW
29.271814914494016,18.353246678176674,32.324820673337136,13.591641118905518,-1,END_OF_WINDOW
29.15020467286641,17.558266373407555,30.924654466174832,13.192238181840837,-1,END_OF_WINDOW
28.208435976664187,21.372740128658897,29.493810187890634,12.844221168852185,-1,END_OF_WINDOW
27.034092538601232,22.84672798133436,28.940903752931526,12.154633942505605,-1,END_OF_WINDOW
25.94363077468563,22.84672798133436,28.940903752931522,11.286445803755205,-1,END_OF_WINDOW
24.463220508651965,25.25627457319653,28.037060608256894,10.818128246344122,-1,END_OF_WINDOW
23.08855383304928,25.25627457319653,28.037060608256894,10.045404800176685,-1,END_OF_WINDOW
22.79852331655436,23.151884379549053,34.03311927174431,10.175733028735486,-1,END_OF_WINDOW
22.7884637344943,22.546815919221398,35.757146495641564,9.702466383825788,-1,END_OF_WINDOW
22.77912269400996,22.5468159192214,35.75714649564157,9.009433070695374,-1,END_OF_WINDOW
21.45539464876814,29.777551201508093,32.41899501964442,9.227330708502844,-1,END_OF_WINDOW
20.226218606757882,29.7775512015081,32.41899501964443,8.568235657895498,-1,END_OF_WINDOW
19.432119113632805,35.65796410182556,29.704235284108993,8.683361682331554,-1,END_OF_WINDOW
18.69474101287381,35.65796410182556,29.70423528410899,8.063121562165016,-1,END_OF_WINDOW
19.011321377302064,27.987062887606225,44.82657556617795,9.539327164867515,-1,END_OF_WINDOW
19.305288858556874,25.982019623435715,41.61511948178128,9.541518081662673,-1,END_OF_WINDOW
19.5782586625792,25.98201962343572,41.615119481781285,8.859981075829625,-1,END_OF_WINDOW
18.270828235438593,35.40393497615106,36.31783723825463,9.427125284698917,-1,END_OF_WINDOW
17.507397328343572,31.74858656626414,36.958504825292955,9.761616335791828,-1,END_OF_WINDOW
17.870269456016572,28.017381172474003,44.36736273893646,10.271500883235277,-1,END_OF_WINDOW
18.72049192606436,23.888378078464672,44.14388504793652,11.186393677289928,-1,END_OF_WINDOW
19.50998421968016,22.51070655443999,41.5980540505116,11.023079843197797,-1,END_OF_WINDOW
20.24308420660912,22.47150296579227,41.52560883447193,10.25357414011224,-1,END_OF_WINDOW
20.115452977498123,26.93861535416814,39.13294589432139,10.103318844389944,-1,END_OF_WINDOW
19.49350772064532,29.35509689605249,36.91537806478596,9.945224641219225,-1,END_OF_WINDOW
18.32767067137372,32.90478116390033,35.060496381879325,9.723422881132148,-1,END_OF_WINDOW
17.27875540983261,32.682424478674534,35.153593619117885,9.090321246765575,-1,END_OF_WINDOW
16.460014287479222,31.802419101864487,35.73038331009106,8.674584014853746,-1,END_OF_WINDOW
15.699754673865362,31.684413411023243,35.597802560399515,8.084970870935626,-1,END_OF_WINDOW
15.320544798138005,30.63229428461021,37.73635512977289,7.765330094440234,-1,END_OF_WINDOW
14.968421342105461,30.632294284610214,37.736355129772896,7.210663659123075,-1,END_OF_WINDOW
16.135229872952692,25.35509071646335,48.46287550797617,8.089187683471442,-1,END_OF_WINDOW
16.51776848313555,27.710077061894463,42.880545743987,8.489245706080629,-1,END_OF_WINDOW
16.87298290687678,27.710077061894456,42.88054574398699,7.882871012789156,-1,END_OF_WINDOW
17.948252021600588,25.00415121941847,48.45833634464956,8.111951654732767,-1,END_OF_WINDOW
19.381111277275657,23.323279742664134,51.923157507443634,8.075383679394738,-1,END_OF_WINDOW
20.71162344325965,22.816866100297343,50.79576052011386,7.664999130866538,-1,END_OF_WINDOW
20.828381610203056,26.824086067220268,42.26229249454646,8.554642050090349,-1,END_OF_WINDOW
19.713119219400774,32.267220886042544,35.81764808994098,9.37288190365534,-1,END_OF_WINDOW
18.605738443181917,30.71083915749542,33.41019915998198,9.33053319625137,-1,END_OF_WINDOW
17.40023412153117,32.07116400803668,30.981191841765778,9.343352253662001,-1,END_OF_WINDOW
16.259129956060736,31.340946126665482,32.24693081216823,8.878112806971853,-1,END_OF_WINDOW
15.34516506825278,30.925622972286178,33.14477921470985,8.354676177902448,-1,END_OF_WINDOW
14.870414498968017,29.82712706842465,35.51063494133481,8.043627879480844,-1,END_OF_WINDOW
15.079304880194044,26.978761310589082,38.6589051919588,8.257654459517925,-1,END_OF_WINDOW
16.077977526733854,24.19927021314431,44.02603704149928,8.548536283838068,-1,END_OF_WINDOW
17.005316412806533,24.199270213144313,44.026037041499286,7.937926549278206,-1,END_OF_WINDOW
16.15614523665223,39.152681120618105,35.34090400438491,9.182360367186915,-1,END_OF_WINDOW
15.367629144508946,39.152681120618105,35.34090400438491,8.526477483816421,-1,END_OF_WINDOW
14.775755708608433,34.20591146765902,39.419631429483054,9.062443377829517,-1,END_OF_WINDOW
14.226158946700812,30.45729757561127,35.09964778760072,9.450840279413121,-1,END_OF_WINDOW
13.902975579784862,38.0104230126129,31.28742834124585,9.845065973740741,-1,END_OF_WINDOW
13.087831725601623,34.39334788423033,36.15056979984534,10.103275547044976,-1,END_OF_WINDOW
12.408431439108181,34.081009806926645,31.727545995674525,10.689470150827475,-1,END_OF_WINDOW
11.77755974450713,30.698824450629623,28.578917417304137,11.019507997196937,-1,END_OF_WINDOW
11.351779905253075,31.662443241589333,28.18153336674093,10.376685997397155,-1,END_OF_WINDOW
11.117464675772869,32.65098363534005,27.77387196629983,9.776922711868789,-1,END_OF_WINDOW
12.014977286584319,40.05980012052227,24.718570915322086,10.200713946735307,-1,END_OF_WINDOW
12.92163090063045,38.11660135790641,23.012696314810956,10.174234379111384,-1,END_OF_WINDOW
13.763523542244716,38.11660135790641,23.012696314810956,9.447503352032,-1,END_OF_WINDOW
13.891170314621851,36.355336276811286,26.57007144369987,9.1976816840297,-1,END_OF_WINDOW
13.65385804957138,35.353020658676776,28.594532548118977,8.782847278027601,-1,END_OF_WINDOW
13.479532191140363,35.331385176824554,28.206674457349965,8.26764390102561,-1,END_OF_WINDOW
14.18089232508231,41.21634795444628,25.639815251908782,8.445669336666652,-1,END_OF_WINDOW
14.207889200999977,38.283872217562724,28.553168638653528,8.44312152690477,-1,END_OF_WINDOW
14.23295772863781,36.615883424386446,27.309136555684194,8.197184274983002,-1,END_OF_WINDOW
14.256235647158654,36.61244768104471,27.306574083464092,7.6123853981985174,-1,END_OF_WINDOW
14.277850857213725,36.61244768104471,27.30657408346409,7.068643584041481,-1,END_OF_WINDOW
14.297922123693434,36.61244768104471,27.30657408346409,6.563740470895661,-1,END_OF_WINDOW
13.915701438386895,31.426748175266415,37.602697034125974,7.100616151545966,-1,END_OF_WINDOW
14.29911285453346,26.519730861574722,39.19104236287464,7.813429283578391,-1,END_OF_WINDOW
13.843250531252782,31.14421309652205,36.4996011502445,7.790327191894205,-1,END_OF_WINDOW
13.41994980249215,31.144213096522044,36.49960115024449,7.233875249616048,-1,END_OF_WINDOW
12.833580110339327,37.042290410098445,33.37310330336606,7.346455588929183,-1,END_OF_WINDOW
13.453668349792359,42.407336618539844,27.39046780073032,8.311708761148537,-1,END_OF_WINDOW
14.029464572141602,42.40733661853984,27.39046780073032,7.718015278209356,-1,END_OF_WINDOW
14.564132492894473,42.40733661853984,27.39046780073032,7.166728472622974,-1,END_OF_WINDOW
14.189991176237571,39.34558660588547,32.63277382267347,7.17267643886419,-1,END_OF_WINDOW
13.72228769340877,38.907462035982775,33.38292751310196,6.735342407516729,-1,END_OF_WINDOW
13.287991602210598,38.907462035982775,33.38292751310196,6.254246521265534,-1,END_OF_WINDOW
13.582297289906343,43.71843199435965,30.754058804409574,6.303943198317984,-1,END_OF_WINDOW
13.855581142766678,43.718431994359655,30.754058804409578,5.853661541295271,-1,END_OF_WINDOW
14.109344720422703,43.718431994359655,30.754058804409578,5.43554285977418,-1,END_OF_WINDOW
14.65310764592049,45.937191956761176,29.541657004414812,5.254432655504602,-1,END_OF_WINDOW
15.484780260373348,47.31763631338459,27.61338272301032,5.219830322968558,-1,END_OF_WINDOW
16.804407091981364,49.39544357968129,24.351357455536665,5.4962710141850994,-1,END_OF_WINDOW
18.574552620184285,51.76507713734328,21.35643859103729,5.8193945131718765,-1,END_OF_WINDOW
20.23179177165499,49.286311224225706,20.24075362488679,5.701580619373891,-1,END_OF_WINDOW
20.50058638399263,44.81786083771516,27.471975163687652,5.822182003704318,-1,END_OF_WINDOW
20.750181381163294,44.78236077625442,27.45021471398011,5.410597574868292,-1,END_OF_WINDOW
22.01361116422316,52.783966846577016,23.47239516618991,5.875554890949133,-1,END_OF_WINDOW
23.18679596277875,52.78396684657702,23.472395166189905,5.455872398738481,-1,END_OF_WINDOW
25.00978469899554,58.34627245113812,20.12431692414199,5.909024370257174,-1,END_OF_WINDOW
26.702559954053985,58.34627245113813,20.124316924141993,5.48695120095309,-1,END_OF_WINDOW
28.27442269089397,58.34627245113812,20.12431692414199,5.095026115170727,-1,END_OF_WINDOW
30.563001666327924,66.12098871869064,16.36808996990427,5.816809964087091,-1,END_OF_WINDOW
32.68811071494517,61.29780648005048,15.174122935334045,5.826323538080858,-1,END_OF_WINDOW
33.887228307080086,55.87565078887532,18.88650718041776,5.9351575710750755,-1,END_OF_WINDOW
35.00069464263394,52.15137561858391,17.627666365993377,5.904789173141125,-1,END_OF_WINDOW
36.611445577481085,57.758791534484146,15.56186702027089,6.210875660773873,-1,END_OF_WINDOW
37.263120052713575,51.60970934377219,19.21713242394606,6.45438454214716,-1,END_OF_WINDOW
37.868246351143746,49.15508904469935,18.30314232523063,6.292642789136653,-1,END_OF_WINDOW
38.43014934254319,49.15508904469935,18.303142325230635,5.84316830419832,-1,END_OF_WINDOW
38.02817174574639,46.12506687293469,23.339106961424235,5.7822277110413145,-1,END_OF_WINDOW
37.531190687871444,45.70552123138975,24.03640120361751,5.418497160252621,-1,END_OF_WINDOW
36.04618655756483,39.03843825577502,27.841910252397287,5.890747363091734,-1,END_OF_WINDOW
34.66725415085155,33.845376716231364,24.13825919003026,6.309265408585182,-1,END_OF_WINDOW
34.34022105445265,40.43902117530908,21.732394096106052,6.507175022257663,-1,END_OF_WINDOW
34.26660801729733,42.175268156870715,21.09887858987951,6.223805377810685,-1,END_OF_WINDOW
33.759983661894985,40.92588491591242,23.436213788696982,5.955676422252766,-1,END_OF_WINDOW
31.39063761309759,34.97631725147509,34.5666127439203,6.470985249234716,-1,END_OF_WINDOW
29.877899052394145,38.296121077124674,31.199065674883396,6.657343445717945,-1,END_OF_WINDOW
30.163825716643213,50.58831446012434,24.983817049688824,7.719676056738106,-1,END_OF_WINDOW
30.429329047731635,45.001061069206926,22.224466041088508,8.058270624113959,-1,END_OF_WINDOW
30.675867855170882,45.001061069206926,22.224466041088508,7.482679865248676,1,END_OF_WINDOW
29.31186091128557,39.670826528906986,31.43673409984625,7.881774160588068,1,END_OF_WINDOW
27.702945010938247,36.81443382292726,32.13482145520692,7.886647434831797,1,END_OF_WINDOW
26.208951674901446,36.81443382292726,32.13482145520692,7.323315475200955,1,END_OF_WINDOW
24.614791861088193,35.722530691348766,33.046908306924585,7.008078655543733,1,END_OF_WINDOW
23.20713706391539,36.19178586833818,32.80565063182767,6.555358751576329,1,END_OF_WINDOW
22.100695206394594,37.50447572767317,32.13075876250768,6.214975983606589,1,END_OF_WINDOW
21.484153446372495,39.87787568000891,30.410638050401904,6.0974776990632735,1,END_OF_WINDOW
20.80887027636873,31.814580407292983,40.516097741550055,7.096943577701621,1,END_OF_WINDOW
19.960292425934547,30.427549002383145,36.39388838716706,7.336447607865779,1,END_OF_WINDOW
18.799074669144748,36.03445421897535,33.46087280809725,7.409558493018232,1,END_OF_WINDOW
17.694338591540173,35.03424741760373,32.77434333069983,7.076732886374073,1,END_OF_WINDOW
16.889864692154216,32.46192368222298,36.92466359146302,7.091966251633065,1,END_OF_WINDOW
16.66221727062799,30.668935392071468,40.408540292208485,6.9703972336592654,1,END_OF_WINDOW
16.28651240288186,29.908752685781057,37.607151831884444,6.954654574112175,1,END_OF_WINDOW
15.9376435971176,29.908752685781057,37.607151831884444,6.457893533104163,1,END_OF_WINDOW
15.146527985891758,37.16169174271558,33.715619139952906,6.6887582807395844,1,END_OF_WINDOW
14.323834565343091,34.977457491226936,37.61158318851142,6.598846974972459,1,END_OF_WINDOW
13.5599049605479,34.97745749122694,37.61158318851142,6.127500762474426,1,END_OF_WINDOW
13.075999305122256,39.8550442332854,34.79019613673073,6.15125070801197,1,END_OF_WINDOW
13.08666075508377,42.961177594634066,32.92502967866763,6.035447086011129,1,END_OF_WINDOW
13.096560672905175,42.96117759463406,32.92502967866762,5.604343722724621,1,END_OF_WINDOW
13.66191534400824,46.9309847954839,30.63350235754479,5.593319171101453,1,END_OF_WINDOW
15.184871603937376,52.093451016283176,25.091578339292266,6.340939230308488,1,EXIT_PROFIT_TARGET_MET
17.208441329101003,57.09530761841696,22.471801305947533,6.5744435710007485,1,EXIT_PROFIT_TARGET_MET
16.858984854054647,43.051650415143406,33.60996678932071,8.096269030214987,1,END_OF_WINDOW
16.475357770912403,35.38339597518971,44.56842570247205,9.147249813771056,1,END_OF_WINDOW
16.11913262228032,32.86300336621552,41.39377477826767,9.14530339850172,1,END_OF_WINDOW
15.478008506745029,32.727764943385516,37.763214012979425,9.308496012894443,1,END_OF_WINDOW
14.882678970890833,29.957549752797654,34.56677730900222,9.442889154830558,1,END_OF_WINDOW
15.542415671902797,24.499203809878406,40.073486271795375,10.721968500914084,1,END_OF_WINDOW
16.43161792892419,20.483003296968064,36.40731217295137,11.908256465134501,1,END_OF_WINDOW
17.804271610809923,17.981100484534668,37.9031470673122,12.59623814619632,1,END_OF_WINDOW
19.07887860113239,16.27283672172959,34.30222327029262,12.924363992896588,1,END_OF_WINDOW
20.262442235003252,16.03895853610313,33.809221227772476,12.176195136261104,1,END_OF_WINDOW
20.00906608989774,22.225604853131234,31.146915709425816,12.27289548367104,1,END_OF_WINDOW
19.234451001165485,24.460813525768778,29.396547014627387,12.07483152055168,1,END_OF_WINDOW
18.5142433462725,23.704579829530655,28.480302180722816,11.573057840512288,1,END_OF_WINDOW
18.699582156166205,21.967068705406202,33.72259170657239,11.596410851904274,1,END_OF_WINDOW
18.739772758675052,22.230700384515508,32.83821235413282,11.058095791053999,1,END_OF_WINDOW
19.023269302198866,21.374273777504,33.93409991081175,10.6796603774073,1,END_OF_WINDOW
19.86512846141244,20.074399189613406,37.95189183890239,10.558970350449622,1,END_OF_WINDOW
20.646854823539325,20.071474738565566,37.946362983527564,9.806186753988934,1,END_OF_WINDOW
20.642557062756605,23.818392498945524,36.16749991881133,9.553601985846866,1,END_OF_WINDOW
20.17619574232452,38.1677425071698,28.726609139604637,11.16905898685781,1,END_OF_WINDOW
20.671085083365064,39.39634340348162,22.594062900423044,13.18626905922513,1,END_OF_WINDOW
21.41810533448136,36.682710295094665,19.266175430534187,14.359392697851916,-1,END_OF_WINDOW
22.111766996232205,35.50904377430999,18.64975246438803,13.774436076576785,1,EXIT_PROFIT_TARGET_MET
21.055574295178495,31.056921416178696,26.817574548344396,14.624119213964164,-1,END_OF_WINDOW
20.074823929914334,27.91472027118023,24.10429165971938,15.108110698681017,-1,END_OF_WINDOW
18.700730577313905,25.537842320178402,25.969222742939422,15.334674220203816,-1,END_OF_WINDOW
17.424786749899223,24.09926611522258,24.506346379666095,15.089340347332122,-1,END_OF_WINDOW
16.239981767299874,23.012917869154773,23.40164774362489,14.672958893951272,-1,END_OF_WINDOW
15.237909269872127,24.109734221128694,23.06667937747077,13.822747544383324,-1,END_OF_WINDOW
14.50925058839092,22.982942096969367,25.42089207304125,13.46469414835594,-1,END_OF_WINDOW
13.832638955586942,22.982942096969364,25.42089207304125,12.502930280616232,-1,END_OF_WINDOW
13.50134160993511,28.413437186918916,23.628457600166435,12.490578117715067,-1,END_OF_WINDOW
13.160621929792487,28.350582366050094,23.797403003900534,11.624108252164001,-1,END_OF_WINDOW
13.167397651996943,30.24771316377759,23.167296191654223,11.087386234152296,-1,END_OF_WINDOW
13.173689394043937,30.197431606585425,23.128784595020747,10.31257293171283,-1,END_OF_WINDOW
12.76715998580738,29.356566936726757,25.269307338983037,9.850246293733354,-1,END_OF_WINDOW
12.259117498779478,26.91234408795739,30.13831053187359,9.977371558466663,-1,END_OF_WINDOW
11.787363760824999,26.14241699433245,29.276092742195633,9.537559304290452,-1,END_OF_WINDOW
11.349306718438696,26.142416994332454,29.276092742195633,8.856305068269705,-1,END_OF_WINDOW
11.881105583903878,36.70355595166273,25.089807854504542,9.595854706250444,-1,END_OF_WINDOW
13.03448779185644,39.457014475735754,22.18086753247671,10.07900794151828,-1,END_OF_WINDOW
14.722234388456364,43.35635994347778,20.09370178900466,10.331221659981269,-1,END_OF_WINDOW
16.121680948310875,39.12635411588303,19.134456337467636,10.630420112839749,-1,END_OF_WINDOW
17.337304137632074,37.657604797323394,18.910654294206115,10.256104390494045,-1,END_OF_WINDOW
18.007649980343174,35.36832189203415,20.45194792885695,10.139954076887337,-1,END_OF_WINDOW
18.630113977146337,33.52931387212728,19.388530320899793,9.932100214252529,-1,END_OF_WINDOW
19.3921562031518,34.57153075777258,18.90391699711843,9.45909305609163,-1,END_OF_WINDOW
18.614671120228113,31.356065649284336,26.43921052774513,9.68415783779938,-1,END_OF_WINDOW
18.889165666885074,35.349017656896486,22.38364926719298,10.62171799224228,-1,END_OF_WINDOW
19.622075226468958,37.766367584216056,20.718180572797817,10.655880992796396,-1,END_OF_WINDOW
20.161360701252175,35.85121707821046,20.531000416666604,10.423318064739519,-1,END_OF_WINDOW
20.5831570825385,33.94958330713672,19.910213869074237,10.22093820297242,-1,END_OF_WINDOW
20.3137629668331,31.744447416649983,22.607066803466115,10.150156902760106,-1,END_OF_WINDOW
20.0636112879638,30.514186246337964,21.730926289885574,9.80514569542011,-1,END_OF_WINDOW
19.423767431793628,28.891319024443025,23.115542410557538,9.616206717175839,-1,END_OF_WINDOW
18.192056198175653,26.98524433155369,28.187914452961547,9.560049094520416,-1,END_OF_WINDOW
17.4633390494584,25.014749184397544,29.35923965570685,9.576474159197526,-1,END_OF_WINDOW
16.786673125649525,23.961915281927183,28.12355255637107,9.283154576397722,-1,END_OF_WINDOW
16.880540884418803,21.65924845142239,31.23321985854967,9.536500678083627,-1,END_OF_WINDOW
16.96770380327599,20.46415988839397,29.509869949931137,9.372464915363384,-1,END_OF_WINDOW
17.285553755310865,19.041974550222573,29.421740757803686,9.353003135694564,-1,END_OF_WINDOW
17.771185757383122,18.723219956337438,30.603190943157674,8.832788626002106,-1,END_OF_WINDOW
18.12156954283213,18.99484062758784,30.136031773901934,8.329018009859112,-1,END_OF_WINDOW
17.148970186922153,25.370364817816558,27.764170511476618,8.39480243772632,-1,END_OF_WINDOW
16.138002654449522,25.947140480345954,27.549594923612037,7.8558879778887185,-1,END_OF_WINDOW
15.199247088582078,25.947140480345958,27.549594923612037,7.294753122325239,-1,END_OF_WINDOW
14.324569823522504,28.298582002072756,26.674797355626943,6.995842185016302,-1,END_OF_WINDOW
13.636432474019793,27.103529814883093,29.771328616093115,6.782567743229439,-1,END_OF_WINDOW
12.997447792338704,27.103529814883093,29.771328616093115,6.298098618713051,-1,END_OF_WINDOW
13.392601439414264,24.715733998499704,35.958409371477735,6.413234431662109,-1,END_OF_WINDOW
13.759529825984428,24.7157339984997,35.95840937147773,5.9551462579719585,-1,END_OF_WINDOW
14.402126748492584,23.92161101959697,38.01608237955747,5.713350096688259,-1,END_OF_WINDOW
15.908324640485327,18.884735731970938,39.662506286728195,6.720253661210522,-1,END_OF_WINDOW
17.306936968764305,18.867458491746756,39.62621990926787,6.245949828266909,-1,END_OF_WINDOW
19.18497689347311,16.87074478340253,42.95405663285267,6.486239126247853,-1,END_OF_WINDOW
21.045204127292692,16.575874237265715,43.95111803657381,6.130079188658721,-1,END_OF_WINDOW
20.25841010418074,29.86047067152407,36.51832184387083,6.85078781804026,-1,END_OF_WINDOW
20.459987842719624,26.83796799219823,42.94399223686895,7.07787440246597,-1,END_OF_WINDOW
20.33548821137761,27.93349345998101,40.79795359716852,6.918026230861268,-1,END_OF_WINDOW
20.58680410900464,26.695690118617176,43.42134515247066,6.721738642942611,-1,END_OF_WINDOW
21.210728710689153,25.166397479038665,46.04758123870656,6.620900168446706,-1,END_OF_WINDOW
21.187182877032406,28.711298250436204,43.86628699714764,6.453693013557671,-1,END_OF_WINDOW
21.2140841109264,27.492301944816184,42.60875342995895,6.258429226874998,-1,END_OF_WINDOW
20.683310987322876,30.780115623136204,40.62160000417648,6.0956842820982144,-1,END_OF_WINDOW
19.573246722376044,33.84226119190068,37.51156858150097,6.129563976234036,-1,END_OF_WINDOW
18.25270335597842,34.60460031214615,33.861307311408616,6.305309406503044,-1,END_OF_WINDOW
17.51842578420675,36.99354110293024,31.53026333316403,6.287787306038537,-1,END_OF_WINDOW
17.71593026468639,41.860560162428534,27.74260928443637,6.635802498464378,-1,END_OF_WINDOW
17.899327282274623,39.802723751833156,26.37880165049852,6.480388034288354,-1,END_OF_WINDOW
18.164031900970954,39.06817583862107,25.185948864549086,6.302503174696313,-1,END_OF_WINDOW
18.409829046903262,38.296932356986986,24.688753936104266,5.970181519360836,-1,END_OF_WINDOW
17.975017806768523,34.76296209962619,27.135537066437553,6.107311410835085,-1,END_OF_WINDOW
17.571264512357693,33.1990792265502,25.91478949181195,5.938217738632596,-1,END_OF_WINDOW
17.71725483385571,36.59920940072177,24.595740941459702,5.809773614444577,-1,END_OF_WINDOW
17.880018501922507,36.3704165604539,24.248992204969117,5.471932641984245,-1,END_OF_WINDOW
18.03115619369882,36.3704165604539,24.248992204969117,5.081080310413942,-1,END_OF_WINDOW
19.017713538734014,41.87381751412093,21.646931449708983,5.285288859670093,-1,END_OF_WINDOW
19.93380250198098,37.842233102473294,19.56277871242341,5.4306253696936695,-1,END_OF_WINDOW
20.78445653928174,36.68854022802986,18.96636997661438,5.20129498614414,-1,END_OF_WINDOW
22.74396479401763,46.163343557326215,16.127979801339155,5.6797739157052805,-1,END_OF_WINDOW
24.56350817341524,41.55922648538993,14.519450145185061,5.8583614931548915,-1,END_OF_WINDOW
26.363158881399777,40.80403202438348,13.689034947121007,5.769907100786678,-1,END_OF_WINDOW
24.87696294244877,30.26199041559385,33.822808253269386,7.224199450730494,-1,END_OF_WINDOW
23.723324225174217,26.8156194435371,31.942900143596447,7.570328061392614,-1,END_OF_WINDOW
22.352530103087997,28.50112102764325,31.207226651744755,7.195304628435978,-1,END_OF_WINDOW
22.49589657229674,24.64402708636049,40.517042536819574,7.727068583547685,-1,END_OF_WINDOW
22.629022579419143,22.815631146481927,37.51099178827089,7.7501351132942915,-1,END_OF_WINDOW
22.752639586032803,21.36118755411856,35.11975302308521,7.68655403377328,-1,END_OF_WINDOW
22.376733982085142,23.875186799841615,33.99701184905263,7.373228745646598,-1,END_OF_WINDOW
22.71887077617552,22.170509777897873,38.709593921134754,7.372998120957547,-1,END_OF_WINDOW
22.95939950910611,21.047437697943923,35.90392590610743,7.381355398032025,-1,END_OF_WINDOW
22.711115915720622,22.042290791526952,32.7098939401032,7.523401441029762,-1,END_OF_WINDOW
22.480566864719812,22.042290791526952,32.7098939401032,6.98601562381335,-1,END_OF_WINDOW
22.698640412362078,21.103512152689547,35.57577184597031,6.775585936398108,-1,END_OF_WINDOW
21.154251719250468,31.5414248111897,30.86913902340892,7.250901226655374,-1,END_OF_WINDOW
19.720176504218255,31.541424811189696,30.869139023408916,6.732979710465705,-1,END_OF_WINDOW
18.388535233116915,31.5414248111897,30.86913902340892,6.252052588289583,-1,END_OF_WINDOW
17.979537319531,27.98466557348599,36.099344667905925,6.543334546268894,-1,END_OF_WINDOW
17.599753542629795,26.566745562932446,34.270272133946854,6.4002392215354,-1,END_OF_WINDOW
17.10958490729569,27.00765992532607,33.50515888313445,6.078793562854306,-1,END_OF_WINDOW
17.353630794037166,24.584215501139155,37.28327781806111,6.201022594078997,-1,END_OF_WINDOW
17.58024483172568,24.58421550113916,37.283277818061116,5.75809240878764,-1,END_OF_WINDOW
17.79067215243644,24.58421550113916,37.283277818061116,5.346800093874237,-1,END_OF_WINDOW
16.585870493788317,33.4922996897712,32.879391021173625,5.629885801454645,-1,END_OF_WINDOW
17.032799740912324,40.36358633877573,25.3522066384756,6.7798939584936,-1,END_OF_WINDOW
18.651184548780325,46.0754417690599,19.892601859111103,8.023472961458316,-1,END_OF_WINDOW
20.181960390373817,37.62283483092364,16.0925924009154,9.209653464211302,-1,END_OF_WINDOW
21.60339510042492,35.02231611771134,14.980260279459173,9.186821073910517,-1,END_OF_WINDOW
22.058447174697868,31.68720296551228,17.834062647193043,9.428476711488317,-1,END_OF_WINDOW
22.99036237624402,33.47234565581509,16.077680237656214,9.711442660667714,-1,END_OF_WINDOW
23.85571220625116,33.47234565581509,16.077680237656214,9.017768184905735,1,END_OF_WINDOW
22.98876113919325,30.326657269882563,23.96459289419594,9.242213314555315,-1,END_OF_WINDOW
22.005527997046528,29.32592871768003,24.373008751126648,8.874912363515643,-1,END_OF_WINDOW
21.20968016640624,29.1177520595433,23.41118751931919,8.5795614804074,-1,END_OF_WINDOW
20.34859172605566,26.097041738793845,31.356602256048905,8.888878517521146,-1,END_OF_WINDOW
19.549009602872978,24.584390776020907,29.53909377877992,8.761815766269612,-1,END_OF_WINDOW
19.01241459625223,23.176354786495033,29.519142967430465,8.630257497250327,-1,END_OF_WINDOW
18.51414780439011,23.176354786495036,29.519142967430472,8.013810533161017,-1,END_OF_WINDOW
17.511781998366786,25.365514754501525,27.745430286861406,7.917109780792363,-1,END_OF_WINDOW
16.581013749916558,24.91287219357599,27.250318607064045,7.485173367878615,-1,END_OF_WINDOW
15.819319629997484,28.966453766484197,25.72990809504491,7.361232413030143,-1,END_OF_WINDOW
15.653828679820434,32.21759458112348,24.55227359979218,7.163287240670825,-1,END_OF_WINDOW
14.943157284477623,30.343962072890367,27.068886789402814,7.06233815205148,-1,END_OF_WINDOW
15.015542733765404,34.903067514380055,25.297182386896104,7.017171141190681,-1,END_OF_WINDOW
15.285548891053578,36.244937635294725,24.77572105389392,6.653087488248461,-1,END_OF_WINDOW
16.043723554401485,38.45805801321104,22.63496786709422,6.762152667659274,-1,END_OF_WINDOW
16.801397605841892,35.55300108982651,20.590189407206626,6.902713191397899,-1,END_OF_WINDOW
17.446081358672544,35.01452778340243,20.640516191544208,6.508233677726628,-1,END_OF_WINDOW
18.862906255776902,41.01058853365725,18.736063014861617,6.657645557889006,-1,END_OF_WINDOW
19.848677472574494,40.17505296879937,20.39170639670989,6.3106708751826615,-1,END_OF_WINDOW
21.204577043565358,43.61821652001271,19.218082621070316,6.217765812669597,-1,END_OF_WINDOW
21.455158384559784,40.67916522171831,24.557430669996297,6.190782540336033,-1,END_OF_WINDOW
21.687841058340318,40.10116752880428,24.208501723352725,5.83144093031202,-1,END_OF_WINDOW
21.82243134669767,39.445551824310535,24.39661027833544,5.504909435289716,-1,END_OF_WINDOW
22.544425743351034,43.790695982195764,22.5938698431372,5.519558761340454,-1,END_OF_WINDOW
23.214849111672017,43.790695982195764,22.593869843137195,5.12530456410185,-1,END_OF_WINDOW
23.719567378124797,43.42571355065684,23.239026924270537,4.799211380951747,-1,END_OF_WINDOW
24.18823433983095,43.42571355065684,23.23902692427054,4.456410568026622,-1,END_OF_WINDOW
24.62342508998666,43.42571355065683,23.239026924270537,4.1380955274532925,-1,END_OF_WINDOW
25.027530786559822,43.42571355065683,23.239026924270537,3.842517275492343,-1,END_OF_WINDOW
23.72281680713539,34.33268702985502,39.31221275979963,4.51305175581432,-1,END_OF_WINDOW
22.86729058251126,31.47340332120508,39.85074529392927,4.571405201827578,-1,END_OF_WINDOW
22.072873373931703,28.999380983592165,36.71820722610366,4.607019115982763,-1,END_OF_WINDOW
20.66121523054996,33.05159559083674,34.61445076857624,4.537946321983985,-1,END_OF_WINDOW
19.87871810862375,31.3157622220968,38.0484277418622,4.447378727556557,-1,END_OF_WINDOW
18.911575291050056,32.792069553395315,37.23061022452543,4.220423104159659,-1,END_OF_WINDOW
17.944940851343002,33.2180871663028,36.9946128416341,3.943964311005424,-1,END_OF_WINDOW
17.394642862593386,32.00099959630335,39.303086329873956,3.8015382887907703,-1,END_OF_WINDOW
17.266844517297375,30.61342231771599,41.93493093946466,3.6899998395914144,-1,END_OF_WINDOW
18.011856718898606,27.1798234577219,48.003306493070376,3.859285565334881,-1,END_OF_WINDOW
18.703653763242606,25.564546185144852,45.150504667207976,3.8100508820966805,-1,END_OF_WINDOW
19.346036732990605,25.564546185144852,45.150504667207976,3.5379043905183463,-1,END_OF_WINDOW
18.77376934980032,32.57227020330735,40.89981148576321,3.6266255054813037,-1,END_OF_WINDOW
17.75733136675179,34.0973749001703,37.34338407760912,3.6882951122326237,-1,END_OF_WINDOW
17.000691893986073,38.970204921391336,33.75956849150607,3.788416889930304,-1,END_OF_WINDOW
16.826283909608666,41.37498122095425,30.858520125251538,3.848529969220972,-1,END_OF_WINDOW
16.664333638401075,39.39090533811597,29.37874554279001,3.7536349714194728,-1,END_OF_WINDOW
16.548310819082783,39.625981340498704,29.26479831926282,3.4990896163180856,-1,END_OF_WINDOW
15.408764894993052,36.02276737260939,35.59686840157913,3.5741546437239498,-1,END_OF_WINDOW
14.804901756859767,34.04446106323372,39.13377383326969,3.511715026315083,-1,END_OF_WINDOW
14.962763437798534,31.270342355896627,44.09346863767613,3.5501639530068756,-1,END_OF_WINDOW
15.26694266164828,30.349700567203033,44.79310381564599,3.3965808135063584,-1,END_OF_WINDOW
15.833759370110641,28.108909538954933,45.09364097559419,3.4053964696844745,-1,END_OF_WINDOW
16.408742370157686,25.88148437081723,42.12345972778707,3.4342967218498655,-1,END_OF_WINDOW
16.987057674613478,24.364368381363814,40.18141327626133,3.387561241717747,-1,END_OF_WINDOW
18.146632631998713,21.442881808912077,42.77765516213432,3.5741640101664793,-1,END_OF_WINDOW
19.55367976470224,20.069338527486515,44.50932117969177,3.546009438011719,-1,END_OF_WINDOW
19.353177864258864,26.76928437549689,37.53872338894618,3.9041516210108784,-1,END_OF_WINDOW
19.672155221841496,24.08352858339213,39.14348235018289,4.029569362367266,-1,END_OF_WINDOW
20.439551652199572,21.916344102108496,41.07587039071084,4.111742979341021,-1,END_OF_WINDOW
21.152134051817786,21.084067765603915,39.51600827282098,3.9687613379595286,-1,END_OF_WINDOW
22.99162296406718,17.74453623973703,49.09614240200004,4.378849813819565,-1,END_OF_WINDOW
24.77494636350917,16.07044475538505,45.689254129861176,4.489646255689585,-1,END_OF_WINDOW
26.430889520133874,14.807041047947475,42.0973203696968,4.52467152314033,-1,END_OF_WINDOW
27.968551022713957,14.807041047947479,42.09732036969681,4.201480700058878,-1,END_OF_WINDOW
28.407054300754773,19.535952498268767,39.760572089405905,4.130660650054675,-1,END_OF_WINDOW
28.814235916078385,19.535952498268763,39.760572089405905,3.8356134607650554,-1,END_OF_WINDOW
28.568405221525417,22.728295346221117,38.18310511028858,3.7087839278532617,-1,END_OF_WINDOW
28.340133862297662,22.72829534622112,38.18310511028858,3.4438707901494574,-1,END_OF_WINDOW
27.86365714038938,24.134766056956288,37.48811049067762,3.2571657337102056,-1,END_OF_WINDOW
28.134087667760944,22.142411263508112,42.64854429879831,3.2966538955880442,-1,END_OF_WINDOW
28.317954594268706,22.41556101324376,42.283491353129534,3.087607188760319,-1,END_OF_WINDOW
30.0358920005055,17.31963388244913,55.40469416998324,3.7106352467060066,-1,END_OF_WINDOW
31.631119592011093,15.40368365230435,49.27565949947266,3.8741613005127205,-1,END_OF_WINDOW
33.47950192904454,14.286078958603412,52.9559324983143,3.8788640647618156,-1,END_OF_WINDOW
34.94286629712479,15.281372375185772,51.11117476819584,3.7318023458502694,-1,END_OF_WINDOW
36.913300321076825,13.268413806455811,57.551118593221936,3.9909593211466876,-1,END_OF_WINDOW
38.742989057603715,12.934350503716209,56.10213478595961,3.801605083921935,-1,END_OF_WINDOW
36.83720406098688,45.08917499859665,35.382662660415356,5.597204720784658,-1,END_OF_WINDOW
34.69106224974812,32.23993139480663,28.139436471151527,7.268832955014325,-1,END_OF_WINDOW
32.27041301932821,31.015648837708905,30.522132432434645,7.0160591725133035,-1,END_OF_WINDOW
30.380374897497987,28.816691699142485,32.37166115395124,7.012054945905214,-1,END_OF_WINDOW
28.625339498655634,28.712747554532946,32.25489394613406,6.534765306911979,-1,END_OF_WINDOW
26.637677158917136,31.494824462872042,30.99610513677278,6.314424927846825,-1,END_OF_WINDOW
25.231246021701576,29.93754382152459,34.40804444682536,6.168394575857765,-1,END_OF_WINDOW
24.862487417297235,27.077477434250515,40.674334977257274,6.332794963296514,-1,END_OF_WINDOW
24.52006871320749,25.067821329285103,37.65553731410945,6.351881037346757,-1,END_OF_WINDOW
24.893820694035636,23.07277775116193,42.617273648480115,6.408175248964837,-1,END_OF_WINDOW
25.240876104804627,23.072777751161933,42.61727364848012,5.950448445467349,-1,END_OF_WINDOW
24.1423991605589,31.24935518560609,38.087493060478224,6.182559270791097,-1,END_OF_WINDOW
22.80147670178053,38.15187039905004,34.26353619430421,6.381662180020291,-1,END_OF_WINDOW
21.556334418629184,38.15187039905003,34.26353619430421,5.925829167161699,-1,END_OF_WINDOW
20.53652629924928,34.72186199729597,40.17351179436687,6.046127083792983,-1,END_OF_WINDOW
19.58956161696794,34.72186199729597,40.173511794366874,5.6142608635220554,-1,END_OF_WINDOW
18.71023726913527,34.72186199729597,40.173511794366874,5.2132422304133375,-1,END_OF_WINDOW
17.893721803290646,34.72186199729597,40.173511794366874,4.840867785383813,-1,END_OF_WINDOW
16.905528426813184,38.89420467862018,35.859923742292274,5.035805800713552,-1,END_OF_WINDOW
15.987920291512681,38.89420467862018,35.859923742292274,4.67610538637687,-1,END_OF_WINDOW
15.508075918871233,41.40978370931408,34.38365669210579,4.528526430207102,-1,END_OF_WINDOW
15.28413957926075,42.941152607373105,33.48497316107742,4.317917399478018,-1,END_OF_WINDOW
16.033900771778544,49.86328491476622,29.422721203277842,4.56306615665816,-1,END_OF_WINDOW
16.137721762924627,45.78067620690232,32.15223965038253,4.614990002611147,-1,END_OF_WINDOW
16.669570928519057,48.95428923491678,30.270276551328053,4.551776430996066,-1,END_OF_WINDOW
17.1634308679996,48.95428923491678,30.270276551328053,4.226649543067776,-1,END_OF_WINDOW
17.62201509751725,48.95428923491677,30.270276551328053,3.9247460042772206,-1,END_OF_WINDOW
16.395625031716854,41.09347128778234,41.46710261295706,4.3415498611145775,-1,END_OF_WINDOW
15.256834256330773,41.09347128778235,41.46710261295707,4.031439156749251,-1,END_OF_WINDOW
14.525176989875355,43.76525099015388,39.58631001662678,3.921336359838607,-1,END_OF_WINDOW
13.845780956738182,43.76525099015387,39.586310016626776,3.641240905564421,-1,END_OF_WINDOW
14.337202301592445,51.738176630989585,33.97378908046374,3.9397236980240846,-1,END_OF_WINDOW
14.549207803763247,49.523854482502045,34.91199489192454,3.821886291022362,-1,END_OF_WINDOW
14.23940988295542,46.97129883150401,38.266757096661834,3.7417515559493553,-1,END_OF_WINDOW
13.951740385062436,46.97129883150401,38.266757096661834,3.4744835876672586,-1,END_OF_WINDOW
13.684618708447521,46.97129883150401,38.26675709666184,3.2263061885481688,-1,END_OF_WINDOW
13.97102206692741,50.784879849136026,35.51478740375028,3.227998603651871,-1,END_OF_WINDOW
14.39340470820193,51.91918607300084,34.69624537301213,3.0681415605338973,-1,END_OF_WINDOW
14.785617160813981,51.91918607300084,34.69624537301213,2.8489885919243334,-1,END_OF_WINDOW
16.840322870607583,64.72820318550912,25.452957574318322,3.6062036925011536,-1,END_OF_WINDOW
18.7482638868445,53.878998502283125,21.18674388496524,4.022903428751075,-1,END_OF_WINDOW
21.398030213235167,61.851804582404334,17.524251853598923,4.516267469554591,-1,END_OF_WINDOW
23.858527516312215,55.840816944304066,15.821180100557372,4.645105507443561,-1,END_OF_WINDOW
26.143275012026614,53.92963378735619,15.279691372672481,4.466169399769012,-1,END_OF_WINDOW
27.939422543866815,52.82866138530811,17.009254789688505,4.233585871214086,-1,END_OF_WINDOW
29.343947241235576,51.92297246591269,18.432039247563296,3.9997583089845117,-1,END_OF_WINDOW
30.746764571689575,52.82123779131936,18.087657271766606,3.7847755726284595,-1,END_OF_WINDOW
32.731864467881714,59.447783017512876,15.547135364534448,4.0887201745835675,-1,END_OF_WINDOW
35.18046028590072,60.67651248819569,11.984658776384165,4.925240162113326,1,END_OF_WINDOW
37.45466276187481,60.68265312540002,11.982787288217168,4.574151579105214,1,END_OF_WINDOW
39.695265849546324,62.26895184622683,11.499329434159407,4.425997894883413,-1,END_OF_WINDOW
40.7396501320452,57.29962281433862,16.96277773954431,4.466283759534615,-1,END_OF_WINDOW
41.53087256928667,53.75379041952604,17.060247389625935,4.420834919567852,-1,END_OF_WINDOW
41.404578384265925,49.682113419694055,21.412812811024583,4.441489568170152,-1,END_OF_WINDOW
40.976290197250755,47.197164353163004,22.513598410383043,4.341383170443709,-1,END_OF_WINDOW
39.343409781470115,42.68908421877288,29.594259432833603,4.456998658269161,-1,END_OF_WINDOW
37.82716368110238,40.3426495700973,27.967590765517535,4.3793558969642135,-1,END_OF_WINDOW
36.419220873618045,38.84169595074658,26.92705284767244,4.223687618609647,-1,END_OF_WINDOW
35.639376855394616,42.367831125569715,25.14986918123258,4.19913850299468,-1,END_OF_WINDOW
34.513329988093744,39.387880224961734,26.327192962491946,4.194200038495068,-1,END_OF_WINDOW
32.739614503043164,35.988652053219305,29.63538362631908,4.262471464316856,-1,END_OF_WINDOW
31.092592981210483,35.988652053219305,29.635383626319083,3.9580092168656518,-1,END_OF_WINDOW
30.282930244828183,40.861843624882106,27.379238327975383,3.9781514156609794,-1,END_OF_WINDOW
28.428294498869427,34.873769154775225,38.02140447593566,4.328283457399489,-1,END_OF_WINDOW
26.706132734764868,34.873769154775225,38.02140447593566,4.019120353299526,-1,END_OF_WINDOW
25.377556083251907,33.85642842881657,39.82944963114985,3.8441831852066817,-1,END_OF_WINDOW
24.18462056227927,33.70132287188532,40.10510737648595,3.586027243406206,-1,END_OF_WINDOW
23.768402293585396,30.989175710820668,44.92520786953369,3.6213110117343614,-1,END_OF_WINDOW
23.65858600808065,29.860152560708524,46.931738016806975,3.4897887966104606,-1,END_OF_WINDOW
24.84026438816836,23.63052533299016,55.40408539809613,4.094803882566859,-1,END_OF_WINDOW
25.615026381638028,22.53152089871334,47.536730246372414,4.431603605240651,-1,END_OF_WINDOW
26.385094045989778,19.4114485010431,41.62697823050899,4.776489062009159,-1,END_OF_WINDOW
28.24644203202513,15.753140499630979,50.49771822464112,5.4653112718656205,1,END_OF_WINDOW
29.97483659048653,14.71935358782712,47.183846925276015,5.431360466732347,-1,END_OF_WINDOW
31.85869422595919,13.947017843581657,49.95515088572195,5.322691861965772,-1,END_OF_WINDOW
33.76024193465796,13.01589984882753,49.68165977412888,5.296071014682522,-1,END_OF_WINDOW
33.8598275793282,21.333077610875936,44.46349481972087,5.494923085062338,-1,END_OF_WINDOW
34.08720437554666,20.129809074588263,43.81809797395403,5.407428578986456,-1,END_OF_WINDOW
34.32222102992098,19.214153953082487,42.15080205417025,5.260469394773164,-1,END_OF_WINDOW
31.961703145507137,34.863440081374115,33.98563458783459,6.058293009432244,-1,END_OF_WINDOW
30.805026029661605,38.40939976583718,27.946286789176924,6.841272080187083,-1,END_OF_WINDOW
29.510037581224765,36.11888436472743,27.99262959941397,6.755466931602283,-1,END_OF_WINDOW
27.95227782466088,31.640550795247936,36.9207299487649,7.16079072220214,-1,END_OF_WINDOW
27.485502535258842,27.101767957434074,41.87476414086944,7.762877099187713,1,END_OF_WINDOW
26.90509323485205,25.920175695229517,38.365792844346366,7.8676715921028775,-1,END_OF_WINDOW
25.318648527603557,29.693404706971723,32.618883993864436,8.59283790695267,1,END_OF_WINDOW
23.845521299444243,26.184396405048005,28.764158142669512,9.048349485027465,1,END_OF_WINDOW
22.849417447818823,31.070373157434123,25.472582455029258,9.487753093239808,1,EXIT_PROFIT_TARGET_MET
21.924463871309506,31.070373157434126,25.47258245502926,8.81005644372268,1,EXIT_PROFIT_TARGET_MET
20.907706387809394,28.04833337430604,32.72144360045168,9.06219526917107,1,EXIT_PROFIT_TARGET_MET
20.720904655600002,25.426056651027437,36.81070519412278,9.282752749944573,1,EXIT_PROFIT_TARGET_MET
20.56371912510094,23.943895984778226,34.82877526708631,9.153270410662836,1,EXIT_PROFIT_TARGET_MET
20.89170644142022,22.21338325319088,37.14540887192121,9.161608238472633,1,EXIT_PROFIT_TARGET_MET
21.431226798623115,20.10040922454095,36.08128826857445,9.401493364296016,1,EXIT_PROFIT_TARGET_MET
21.873793866811287,20.027806926632053,35.31839344007115,8.918529552560578,1,EXIT_PROFIT_TARGET_MET
22.284749001557447,19.911027596707726,35.112456847260745,8.330063155949098,1,EXIT_PROFIT_TARGET_MET
22.013013906020248,23.17443971208176,33.68171783741438,8.0636300733813,1,EXIT_PROFIT_TARGET_MET
22.33168566689858,21.778328940189116,37.46181173782136,7.967656496711192,1,EXIT_PROFIT_TARGET_MET
23.292850242237314,20.055107658175718,42.41017748470272,8.034252461231828,1,EXIT_PROFIT_TARGET_MET
24.53356580466451,18.20411281737567,43.154137032078964,8.218948714000975,-1,END_OF_WINDOW
25.68565882691833,17.3747781473893,41.18814053705147,7.996166663000932,1,END_OF_WINDOW
27.018617766286148,16.726322434396852,43.38309726898465,7.712869044215133,-1,END_OF_WINDOW
26.724137861769968,24.63371892449263,39.263580020524,7.913378398199765,1,END_OF_WINDOW
26.29073831471701,24.98419050138776,37.99312817078788,7.59385136975693,1,END_OF_WINDOW
25.148256335788396,29.174053196209453,35.871095609300845,7.4685762719171604,1,END_OF_WINDOW
24.67277936153145,26.265886150340197,38.18361668676801,7.702963681065935,1,END_OF_WINDOW
24.63664052994822,23.05426515136827,37.748327935877754,8.149180560989784,1,END_OF_WINDOW
24.60308304347808,22.80456290526163,37.33947333953859,7.649953378061932,1,END_OF_WINDOW
24.347893879016713,23.989252464861888,36.766438379298194,7.214242422486061,1,END_OF_WINDOW
24.073167970945175,24.191333139824554,36.66869185101641,6.716796535165629,1,END_OF_WINDOW
23.191803503599616,27.64363813070079,34.99352367986166,6.535596782653786,1,END_OF_WINDOW
21.91671623505281,30.29364084833226,33.71190959016154,6.299482726749946,1,END_OF_WINDOW
21.315053917476277,27.892445626932986,36.59387043654296,6.3530911034106445,1,END_OF_WINDOW
20.756367479726638,27.892445626932986,36.59387043654296,5.8992988817384555,1,END_OF_WINDOW
20.237587216101975,27.89244562693299,36.59387043654296,5.477920390185709,1,END_OF_WINDOW
18.95718074808975,34.7049955924455,33.136568730113765,5.6173546480295755,1,END_OF_WINDOW
18.08837593586389,32.27833897253663,36.983959536081215,5.608257887456019,1,END_OF_WINDOW
17.281628610225592,32.27833897253663,36.983959536081215,5.2076680383520175,1,END_OF_WINDOW
16.53250609356146,32.27833897253663,36.98395953608121,4.835691749898302,1,END_OF_WINDOW
15.836892328087618,32.27833897253663,36.98395953608121,4.490285196334138,1,END_OF_WINDOW
15.064416488512054,37.650894744403836,34.0499147672812,4.528836253738825,1,END_OF_WINDOW
14.572406920340093,38.23680892875841,32.456707307951866,4.411776521328933,1,END_OF_WINDOW
14.811121575634003,41.104874958319805,28.614973918835137,4.646649626948314,1,END_OF_WINDOW
15.032785184121204,37.86419603698836,26.358989855941186,4.68403179645201,1,END_OF_WINDOW
14.270320922074296,34.9485816750257,32.029486242440804,4.712315239562576,1,END_OF_WINDOW
14.17876382388144,30.239414907467886,39.26731097567417,5.057149865308137,1,END_OF_WINDOW
13.220198193504437,31.753509475274242,31.27521912064083,5.895924874928965,1,END_OF_WINDOW
12.434225327588567,25.641469743192786,26.80396372042152,6.779787383862609,1,END_OF_WINDOW
11.70439338066669,24.496379559121397,25.60695917825371,6.5898025707295576,1,END_OF_WINDOW
12.119701698987331,32.578961657574105,22.86576148943525,6.852673815677445,1,END_OF_WINDOW
12.505345137427927,32.12459671301543,22.546862423202306,6.453197114557644,1,END_OF_WINDOW
12.863442615979908,32.12459671301542,22.546862423202306,5.9922544635178125,1,END_OF_WINDOW
13.113988468728245,31.95232334952987,22.96221744359572,5.594236287552228,1,END_OF_WINDOW
14.837588145140954,21.748640063533248,47.5635312717681,7.631790838441379,1,END_OF_WINDOW
16.438073558952755,16.67078143126157,36.458428279391185,9.245234349981299,1,END_OF_WINDOW
17.924238586063712,14.503488863736047,31.71863362972866,9.867717610696923,1,END_OF_WINDOW
19.30424896838103,14.503488863736047,31.718633629728664,9.162880638504285,1,END_OF_WINDOW
18.602856007211745,23.472185744417548,28.391307090742387,9.505532021468268,1,END_OF_WINDOW
17.461995745391455,26.034048362877822,27.44087319905844,9.13227973422055,1,END_OF_WINDOW
16.605384458025483,29.274834081194122,26.238563379562997,8.868545467490515,1,END_OF_WINDOW
15.814101097684448,27.49794329433122,30.715651679811373,8.76722079124118,1,END_OF_WINDOW
15.079337977367771,27.497943294331215,30.715651679811366,8.140990734723953,1,END_OF_WINDOW
14.909100183071,35.35331299096962,27.387707475447506,8.478062825100823,1,END_OF_WINDOW
14.751022231223999,35.14920710741494,27.229589557779047,7.918201194736469,1,END_OF_WINDOW
13.996954835950715,31.66679147130686,34.43933441476993,8.161186823683877,1,END_OF_WINDOW
13.197482295363983,33.73652266455571,31.895965039479155,8.182530621992175,1,END_OF_WINDOW
12.455114936247734,33.73652266455571,31.89596503947915,7.5980641489927345,1,END_OF_WINDOW
12.494305947774738,30.141779469380115,39.152685557849054,7.896773852636092,1,END_OF_WINDOW
12.530697601335529,28.479998680274846,36.99411423766512,7.760575720304959,1,END_OF_WINDOW
12.56448985107055,27.75910784807243,36.057712586149165,7.393391740283169,1,END_OF_WINDOW
12.61807679744068,27.629747148953054,36.11750737300401,6.8974351874057875,1,END_OF_WINDOW
11.928049980718772,31.990924380207826,33.9409936177043,6.815475531162517,1,END_OF_WINDOW
11.295031581568427,32.619824084744394,30.67920719904758,7.0015129932223426,1,END_OF_WINDOW
10.758521521965505,31.91413598801098,29.587000186909854,6.741404922277899,1,END_OF_WINDOW
10.397124197605905,29.330436164634616,32.875528579070846,6.811304570686606,1,END_OF_WINDOW
10.323631668728064,28.609913324193467,34.524488537928704,6.484068529923278,1,END_OF_WINDOW
11.00982104149037,26.410425501822637,39.55814902100838,6.522349349214472,1,END_OF_WINDOW
11.788594677207051,24.787921817022912,38.699755593817954,6.452895824270562,1,END_OF_WINDOW
13.68780015010579,20.05833535678638,45.04232110513133,7.4048318368226465,1,END_OF_WINDOW
15.451348089226048,19.13405967935677,42.96679882913338,7.208058134192464,1,END_OF_WINDOW
17.2095778787627,18.804939764694325,43.947811882130885,6.81033969603585,1,END_OF_WINDOW
18.964965385973077,17.895359928163288,43.58488002418262,6.645315432033289,1,END_OF_WINDOW
20.700273649755598,16.753133039596175,42.29840299363732,6.591364329745188,1,END_OF_WINDOW
21.501571880562572,20.41453954531961,39.556301922886405,6.544838306191965,1,END_OF_WINDOW
21.295803247902537,25.42791294997211,37.06450868686523,6.485921284321129,1,END_OF_WINDOW
21.10473237471822,24.613467542483452,35.87734798908276,6.2219269068696175,1,END_OF_WINDOW
20.92730942104707,24.613467542483452,35.87734798908276,5.777503556378931,1,END_OF_WINDOW
20.866846025895565,24.344441493134998,36.57821078764893,5.424110445209002,1,END_OF_WINDOW
19.477851393743222,33.2185287957034,32.287736402057135,5.705959699122637,1,END_OF_WINDOW
18.480900397214373,29.92642891786299,33.423696300300556,5.881248292042471,1,END_OF_WINDOW
17.64045384809643,27.18826551984774,31.10227022611122,6.011159128325171,1,END_OF_WINDOW
16.860039195344054,24.86543587750121,28.445047566109494,6.103219190587672,1,END_OF_WINDOW
16.135368446359703,24.86543587750121,28.445047566109487,5.667274962688553,1,END_OF_WINDOW
17.311034978089573,20.64063084540047,40.60271592968572,6.339612465353683,1,END_OF_WINDOW
17.184582399863984,24.804520094761823,33.93269360862978,7.04392586068555,1,END_OF_WINDOW
17.067162148654507,24.80452009476182,33.932693608629776,6.540788299208011,1,END_OF_WINDOW
16.675295771656874,36.284260069239984,28.752348995474755,7.167874849264562,1,END_OF_WINDOW
17.14225065355659,40.61750822258784,25.313227896558704,7.560169502888544,1,END_OF_WINDOW
17.575851615320616,40.61750822258784,25.313227896558704,7.020157395539362,1,END_OF_WINDOW
18.102326398808337,41.50838615791245,24.933469561569716,6.618003295857971,1,END_OF_WINDOW
17.14763788442759,36.79152617663747,33.4637533459393,6.933145917582416,1,END_OF_WINDOW
17.034194969365753,30.686893667588887,41.99593222574942,7.7186354948979465,1,END_OF_WINDOW
17.148017255248106,25.657314262695575,37.40423484168633,8.572304388119527,1,END_OF_WINDOW
17.693307242922877,22.551076331004555,37.410899369380864,9.05642550325384,1,EXIT_PROFIT_TARGET_MET
18.369881776522455,20.8869805150966,36.46753610482631,9.079537967307145,1,EXIT_PROFIT_TARGET_MET
18.340950438767617,23.67164246295378,34.039327668526184,9.032428112499497,1,END_OF_WINDOW
18.44924643637658,23.353425946530464,34.92603316026002,8.5015403901781,1,END_OF_WINDOW
18.21640459962714,25.12172360359975,34.12026169074948,8.08071607659396,1,END_OF_WINDOW
18.10541046691997,24.458170584246343,34.23849464608623,7.707093499694386,1,END_OF_WINDOW
18.002344486549024,24.458170584246343,34.23849464608624,7.156586821144787,1,END_OF_WINDOW
17.16183543367016,28.573233530856793,32.37338809842235,7.028259191063026,1,END_OF_WINDOW
16.381362741711214,28.573233530856797,32.37338809842235,6.526240677415667,1,END_OF_WINDOW
16.1719413966746,27.191864184592895,35.64278806226062,6.367937771885972,1,END_OF_WINDOW
16.102085352952464,26.806523125368816,36.411903555077565,5.998085073894121,1,END_OF_WINDOW
16.037219026639054,26.806523125368813,36.411903555077565,5.569650425758827,1,END_OF_WINDOW
15.858612274721713,39.512874721294025,30.09081500178747,6.258246823918913,1,END_OF_WINDOW
15.692763147941324,39.512874721294025,30.09081500178747,5.811229193638991,1,END_OF_WINDOW
15.00267657864863,34.51072340035787,38.9410017966228,6.178284251236193,1,END_OF_WINDOW
14.129189096231173,36.000787659306376,38.05498506231801,5.870549661862172,1,END_OF_WINDOW
14.140502189228277,44.22294830945554,33.165953005864836,6.254796114586303,1,END_OF_WINDOW
14.222167035240098,39.686153197738136,29.163329112470766,6.605167820687271,1,END_OF_WINDOW
14.29799867796536,39.0315900849183,28.682324078071606,6.236227262066755,1,END_OF_WINDOW
14.406749448255962,38.53175340517737,28.005259053411702,5.930782457633418,1,END_OF_WINDOW
13.97511815831568,36.844827949953185,31.157198698306043,5.75929799637387,1,END_OF_WINDOW
14.406891594477246,42.53940079991212,28.347817739806725,5.877919568061456,1,END_OF_WINDOW
15.257686109106194,45.82213618778088,26.728301310135127,5.788782456057074,1,END_OF_WINDOW
15.803318923287252,43.11236625528352,27.048053758480073,5.713155137767285,1,END_OF_WINDOW
16.547631970458966,43.177831346929814,25.23694465027263,5.685786913641078,1,END_OF_WINDOW
17.238779799975557,43.17783134692981,25.236944650272623,5.2796592769524295,1,END_OF_WINDOW
16.036944312066403,36.72032884145859,36.418206010030026,5.7646836143129825,1,END_OF_WINDOW
15.52105484308614,40.32212762948573,33.789559118048906,5.769349070433511,1,END_OF_WINDOW
15.751033282830754,43.79839415738345,29.973066863356287,6.039395565402559,1,END_OF_WINDOW
15.964584691165037,43.576383233067105,29.821135533293873,5.63658159644524,1,END_OF_WINDOW
14.926272096534532,38.72490694180693,37.6343378196513,5.889682910984886,1,END_OF_WINDOW
14.077903866150857,37.40583685025726,39.758672936722334,5.661848417343096,1,END_OF_WINDOW
14.608089396865472,31.550460531530565,48.833391728625,6.233144958961436,1,EXIT_PROFIT_TARGET_MET
15.549411831610636,27.995367512380614,49.539740550028725,6.522920319035617,1,EXIT_PROFIT_TARGET_MET
16.423496949588287,26.61439858296833,47.09602044381899,6.371283153390222,1,EXIT_PROFIT_TARGET_MET
17.20534388207555,25.512868203250346,44.7408596922703,6.227620071005184,1,EXIT_PROFIT_TARGET_MET
18.8874274458629,21.922292909241353,52.08264588397648,6.729932923076225,1,EXIT_PROFIT_TARGET_MET
20.537050032900147,21.120809467415086,51.68715277523524,6.486366285713617,1,EXIT_PROFIT_TARGET_MET
22.54712398926384,19.02684227811451,55.12020556513828,6.685911551019801,1,EXIT_PROFIT_TARGET_MET
24.574079064128064,17.31735859915405,53.256988470074745,6.821203583089811,1,EXIT_PROFIT_TARGET_MET
25.33288776006249,23.59035712348006,49.21646673029144,6.8539747557262345,1,EXIT_PROFIT_TARGET_MET
26.037495834858746,23.59035712348006,49.21646673029144,6.364405130317218,1,EXIT_PROFIT_TARGET_MET
27.307935412895237,21.21817224143779,54.323126593409334,6.570519049580274,1,EXIT_PROFIT_TARGET_MET
27.951902374508357,24.36176797745729,52.15549537711365,6.354767688895982,1,EXIT_PROFIT_TARGET_MET
28.549871696006257,24.36176797745729,52.15549537711366,5.900855711117698,1,EXIT_PROFIT_TARGET_MET
28.504298049452018,27.912691624712423,49.52774207248898,5.770080303180731,1,EXIT_PROFIT_TARGET_MET
28.80840459978321,26.436016923376993,52.1978932496992,5.657217424382112,1,EXIT_PROFIT_TARGET_MET
27.73106818828895,33.31516258297156,43.91562477775679,6.243844751211953,1,EXIT_PROFIT_TARGET_MET
25.965404129310027,38.27337025052995,40.650372946414855,6.263570126125384,1,EXIT_PROFIT_TARGET_MET
25.197540995695455,32.06356230938203,43.57171143870201,6.9426008314021415,1,EXIT_PROFIT_TARGET_MET
24.48452522876764,27.30987744246065,37.111849515268254,7.568843629159135,1,EXIT_PROFIT_TARGET_MET
23.224095205606524,26.873911268448506,30.819261733774095,8.463211941362065,1,EXIT_PROFIT_TARGET_MET
21.948174699058928,27.043752616256047,30.10776438285213,8.044411088407626,1,EXIT_PROFIT_TARGET_MET
20.63224438129745,26.9914038228081,28.963912807098367,7.764810296378518,1,EXIT_PROFIT_TARGET_MET
19.392025761018342,26.029034696094097,27.788426359265074,7.515180989494337,1,END_OF_WINDOW
18.240394185044885,25.833362168188685,27.579527654579465,7.031239490244726,1,END_OF_WINDOW
18.157332042485596,23.723321628028664,33.49475199090476,7.109722383798682,1,EXIT_PROFIT_TARGET_MET
19.405906263633963,20.363433248568494,42.91376225694074,7.691170784955919,1,EXIT_PROFIT_TARGET_MET
20.56529661184316,18.976076973392196,39.99005697444493,7.663944300316207,1,EXIT_PROFIT_TARGET_MET
22.00511234142726,17.765345739861143,42.174465225225326,7.601519707436476,1,EXIT_PROFIT_TARGET_MET
22.678023515784083,20.88123896368553,40.01997434496561,7.438554014048168,1,EXIT_PROFIT_TARGET_MET
23.302869606258277,20.88123896368553,40.01997434496561,6.907228727330442,1,EXIT_PROFIT_TARGET_MET
24.57726706657463,18.97322432665647,45.500624563001566,7.058855246806821,1,EXIT_PROFIT_TARGET_MET
26.211076089353814,17.61066192689088,49.41449805665086,7.061794157749216,1,EXIT_PROFIT_TARGET_MET
27.96748711010364,16.81744930373019,51.54731958799069,6.8666660036242995,1,EXIT_PROFIT_TARGET_MET
29.661217528182004,16.37177982483748,51.391806978234364,6.549761289079695,-1,END_OF_WINDOW
32.118422648480596,12.725200692537852,58.092498019737924,7.824778339859723,-1,END_OF_WINDOW
34.40011311732929,10.780474174972552,49.214522410532574,8.576579887012594,-1,END_OF_WINDOW
36.57034476078374,10.248277740059942,47.95305329328347,8.377538466511693,-1,END_OF_WINDOW
38.75437891951165,9.598715424727331,48.835300985636806,8.30557143318942,-1,END_OF_WINDOW
40.782410638330425,9.311536404850077,47.37422278382479,7.950173473675886,-1,END_OF_WINDOW
41.337934320354805,14.907972798049075,43.05430589872052,8.123018225556173,-1,END_OF_WINDOW
41.2381049546358,17.722834472336064,41.294580927479366,7.864231209445018,-1,END_OF_WINDOW
41.14540625789673,17.5562616465533,40.90646270376396,7.371786123056107,-1,END_OF_WINDOW
40.66187529042741,19.314072781889813,39.54873579740599,7.08022997140924,-1,END_OF_WINDOW
39.871179171743634,20.06559468419213,36.93256355697918,7.040213544880007,-1,END_OF_WINDOW
39.13696134725156,19.285920919309874,35.49750263162776,6.801626863102884,-1,END_OF_WINDOW
38.079352031336995,21.11483393236833,34.69315913624874,6.462224944309835,-1,END_OF_WINDOW
36.109109506550666,26.266830671836363,32.42734603523354,6.419923162573411,-1,END_OF_WINDOW
33.96999853016512,27.992410619354732,31.66844771878391,6.104214365246739,-1,END_OF_WINDOW
31.576514538922403,30.128148721849318,29.851508953598042,6.013199053443396,-1,END_OF_WINDOW
29.353993689911306,29.1439048170506,28.876302477824257,5.772256263911716,-1,END_OF_WINDOW
27.323484636796444,28.908902317991448,29.449809932125994,5.403523673632317,-1,END_OF_WINDOW
25.84268662682565,32.098759490069476,28.128397118266726,5.253271982658593,-1,END_OF_WINDOW
24.225231688084424,30.251572862623558,32.25059048100124,5.175895412468699,-1,END_OF_WINDOW
22.88903218163851,33.508077956641905,30.003244617699742,5.166188597292361,-1,END_OF_WINDOW
21.801357729219706,34.47398502135354,29.567396998170718,4.867889411771462,-1,END_OF_WINDOW
20.791374309116527,34.473985021353535,29.567396998170715,4.520183025216358,-1,END_OF_WINDOW
20.828783656522745,41.027351313341,26.61031219921312,4.663741380558029,-1,END_OF_WINDOW
20.34126927927275,36.54837216459042,27.569564137379416,4.86133128194673,-1,END_OF_WINDOW
19.76196195602151,34.807902850146675,27.22115001637328,4.7398076189505245,-1,END_OF_WINDOW
18.462702435838292,31.607058185409745,32.61686941427958,4.846964217596932,-1,END_OF_WINDOW
17.757993100250566,30.120410335219155,35.78625599991934,4.722895344911446,-1,END_OF_WINDOW
16.785795925031145,32.41105894237725,29.82978628905916,5.261259963132041,-1,END_OF_WINDOW
15.883041405184542,29.717247704702814,27.350514826014496,5.328312822908311,-1,END_OF_WINDOW
15.545541864832378,27.057158330022958,33.85361112576697,5.4341476212719995,-1,END_OF_WINDOW
15.832959221047355,24.236986011970394,36.03107476892612,5.633137076895414,-1,END_OF_WINDOW
15.344827844857441,27.40572291248436,32.82605264561589,5.741484428545748,-1,END_OF_WINDOW
14.362152748164007,30.422523420606613,31.403942201195637,5.572806969363917,-1,END_OF_WINDOW
13.37114683401463,29.854376944092568,30.147226741242402,5.3904636144093505,-1,END_OF_WINDOW
12.843803904280403,28.46515941310397,32.09150169599068,5.2497162133801165,-1,END_OF_WINDOW
12.52068276921332,34.623626571071505,29.304719155480182,5.338307912424411,-1,END_OF_WINDOW
13.390569428880726,42.56693058531927,25.704503529589957,5.651285918679796,-1,END_OF_WINDOW
14.198321327143319,42.56693058531926,25.704503529589953,5.2476226387740965,-1,END_OF_WINDOW
15.560397611383504,47.19568998354529,23.632875397890096,5.299935307433091,-1,END_OF_WINDOW
17.16785498284529,48.76120844267318,21.874041318232674,5.317082785473582,-1,END_OF_WINDOW
18.660493970631236,46.973915517144235,21.072270391107928,5.125148300796873,-1,END_OF_WINDOW
20.04651588786104,46.97391551714423,21.072270391107928,4.759066279311382,-1,END_OF_WINDOW
21.333536239574432,46.97391551714424,21.07227039110793,4.419132973646283,-1,END_OF_WINDOW
22.528626566165435,46.973915517144235,21.072270391107928,4.103480618385834,-1,END_OF_WINDOW
23.63835329799994,46.97391551714424,21.07227039110793,3.8103748599297034,-1,END_OF_WINDOW
22.707081108043912,40.18395724087751,32.48107004054835,4.136062369934749,-1,END_OF_WINDOW
21.842328360227597,40.18395724087751,32.48107004054835,3.8406293435108387,-1,END_OF_WINDOW
20.334131746184806,37.100210376061064,37.64403136366724,3.8627272475457852,-1,END_OF_WINDOW
19.65304421978953,39.651877142965105,31.922614771552755,4.229675301292515,-1,END_OF_WINDOW
18.45311572783613,36.21395469747507,34.20418895535908,4.300412779771639,-1,END_OF_WINDOW
18.07108109161294,32.06688296125568,41.73885206034956,4.5096690097879515,-1,END_OF_WINDOW
18.099893824337347,28.568094410826276,41.51569573142357,4.7004069376602615,-1,END_OF_WINDOW
18.126648504724297,28.568094410826276,41.51569573142357,4.364663584970243,-1,END_OF_WINDOW
17.268952890368492,33.42878779495347,37.78637973383999,4.452901900329505,-1,END_OF_WINDOW
16.26681167103102,33.90991763418,36.18011690488021,4.318408907448838,-1,END_OF_WINDOW
15.46956842562271,36.1863331753833,32.670892102577625,4.44066541405965,-1,END_OF_WINDOW
14.729271126314991,36.18633317538329,32.670892102577625,4.123475027341104,-1,END_OF_WINDOW
13.999864982290282,33.8380951006144,37.04007684253644,4.094655382531043,-1,END_OF_WINDOW
13.826469784770591,32.027075815908034,40.40970018163886,4.017179998064523,-1,END_OF_WINDOW
14.468493733846516,28.970450513741774,46.096926178649944,4.123809998202787,-1,END_OF_WINDOW
15.278006476792324,27.15693302406203,46.04399698477807,4.084966426902583,-1,END_OF_WINDOW
16.076989453425725,25.28566865133663,43.484971385802275,4.07389739640953,-1,END_OF_WINDOW
17.12195138319018,23.68883912096398,44.68358899927465,4.0379047252374,-1,END_OF_WINDOW
18.877737913535864,20.579870086954855,50.02361536698344,4.315911530577575,-1,END_OF_WINDOW
20.807611861917465,19.51221945539235,52.616309994850546,4.226917849822045,-1,END_OF_WINDOW
21.031594133367726,28.50573698914092,46.45349960539551,4.445709431977611,-1,END_OF_WINDOW
21.23957767114297,26.43381401695986,43.07705390931377,4.451730186836367,-1,END_OF_WINDOW
21.112414806189477,27.235825931028828,40.396626000776095,4.408035173490923,-1,END_OF_WINDOW
20.79018240597673,26.664766809539017,37.28040843327421,4.435318375384425,-1,END_OF_WINDOW
19.89633229039412,36.72212901351375,31.108292841250506,4.935652777142652,-1,END_OF_WINDOW
19.06632861163884,33.90562118496223,28.72235409875515,4.963820435918172,-1,END_OF_WINDOW
18.295610909937512,33.90562118496223,28.72235409875515,4.609261833352589,-1,END_OF_WINDOW
17.778967661419443,29.841751799792572,37.26557002878811,4.862885988113107,-1,END_OF_WINDOW
18.04117682584732,26.493290793220414,40.96248439169666,5.086251274676473,-1,END_OF_WINDOW
18.3134408549015,24.472463631857998,38.15930453205818,5.112947612199585,-1,END_OF_WINDOW
18.00674649213915,26.294854565909144,34.86999508909182,5.195594211328185,-1,END_OF_WINDOW
17.721958869574113,26.29485456590915,34.86999508909183,4.824480339090457,-1,END_OF_WINDOW
17.124007001865465,36.33426392341,30.120338156300306,5.1863031720125585,-1,END_OF_WINDOW
16.436318582890443,32.41153332446156,37.66470697401667,5.398710088297365,-1,END_OF_WINDOW
15.384158193339472,31.817702422047326,32.92221271810536,5.7352307962761335,-1,END_OF_WINDOW
15.09943396122624,29.702312038948712,37.34429726901533,5.704857167970691,-1,END_OF_WINDOW
14.291668583799744,36.430951243261866,33.7698368571588,5.858081655972778,-1,END_OF_WINDOW
13.359004029284122,35.38548761246762,34.52256717738913,5.600361537689008,-1,END_OF_WINDOW
13.160574494994068,39.78549434460026,32.17170941528175,5.580335713568345,-1,END_OF_WINDOW
12.976318498867588,38.19037609228822,30.8818503412205,5.398168876884906,-1,END_OF_WINDOW
13.36101601113014,41.15536181719625,28.386100348594525,5.4532996713931325,-1,END_OF_WINDOW
13.714806726559233,38.25241910782543,26.410074416490104,5.448063980579345,-1,END_OF_WINDOW
13.74085116192925,37.35577293965959,28.135040479527017,5.180345124823665,-1,END_OF_WINDOW
13.765035280487123,37.35577293965959,28.135040479527017,4.810320473050546,-1,END_OF_WINDOW
14.568305228890004,42.81509105957065,25.683128411933563,4.893154724975493,-1,END_OF_WINDOW
14.984596411648315,40.77050913532796,26.9566244047578,4.771500816048676,-1,END_OF_WINDOW
14.271313610431227,34.520770176031924,38.15349292216652,5.232822186330916,-1,END_OF_WINDOW
14.585467037187591,30.762844516801795,44.88609404017157,5.452620601592989,-1,END_OF_WINDOW
14.57828178808177,29.28498374643946,39.20578499132648,5.796719130050631,-1,END_OF_WINDOW
14.571609771054934,29.284983746439455,39.205784991326475,5.382667763618444,-1,END_OF_WINDOW
14.598945379967386,42.83741768465689,31.692051144674693,6.183191494788566,-1,END_OF_WINDOW
14.950574532242857,43.138782036840496,29.046875836013403,6.264392102303647,-1,END_OF_WINDOW
14.790893973419502,37.29913428718175,28.883927116451652,6.727649809281958,-1,END_OF_WINDOW
14.487117544281052,36.81921015359768,29.798970328976495,6.328531965761809,-1,END_OF_WINDOW
14.205039431509634,36.81921015359769,29.7989703289765,5.876493968207394,-1,END_OF_WINDOW
15.099108650189038,44.92278481085723,25.976951304564544,6.259601541906851,-1,END_OF_WINDOW
15.668760105629358,43.998212043110286,27.500447572606785,5.934630003199222,-1,END_OF_WINDOW
16.53610851154289,46.50812903475748,26.26791834169146,5.769299288685016,-1,END_OF_WINDOW
16.943200607939367,43.389880024830966,27.60408863576692,5.7422064823503955,-1,END_OF_WINDOW
16.51518967466133,40.27667803683299,32.32593172504321,5.74419173361108,-1,END_OF_WINDOW
16.117750950903147,40.18519454841351,32.25250737266956,5.346035181210294,-1,END_OF_WINDOW
16.29076370220863,43.966529914679384,30.213588314782843,5.299175525409563,-1,END_OF_WINDOW
17.707589478947575,53.469877903069104,25.089325203893562,5.92566298788032,-1,END_OF_WINDOW
19.402682359938,51.04202822174808,21.13335195735169,6.532401345888873,-1,END_OF_WINDOW
21.23656171117355,49.602289311164604,18.77835215467669,6.826515535468246,-1,END_OF_WINDOW
22.93944968017799,47.468102969199485,17.970395440386454,6.623907282934818,-1,END_OF_WINDOW
24.72026073246027,49.2480302054132,17.361508305183236,6.366485334153758,-1,END_OF_WINDOW
27.012373867407256,55.397053005686395,15.258017330393708,6.726736381714193,-1,END_OF_WINDOW
28.65684038943623,48.1221280304956,16.025782049636035,7.190540925877451,-1,END_OF_WINDOW
30.543021207415325,49.715919009466575,14.407437034149734,7.426930859743347,-1,END_OF_WINDOW
32.2944748241102,45.75419293869238,13.259347648527392,7.493578655475974,-1,END_OF_WINDOW
33.922498716582844,45.77089311607938,13.255265610306152,6.960465894370562,-1,END_OF_WINDOW
35.56888737305734,46.43755435602311,12.729140511185394,6.730432616201221,-1,END_OF_WINDOW
37.39527048186448,48.19759661947706,11.62382548405234,6.843973143615432,-1,END_OF_WINDOW
39.92674800247914,55.603582431445645,8.739027511694351,8.45297506192864,-1,END_OF_WINDOW
42.552081858530364,51.36071190092399,6.778634413196116,10.119191128933752,-1,END_OF_WINDOW
44.989891867720786,44.679924664710185,5.8968979148002365,10.801391762581346,-1,END_OF_WINDOW
47.54896032580708,46.67200155762385,4.951507518119004,11.944863779539817,-1,END_OF_WINDOW
49.925238179744355,43.03586783510054,4.565744258282569,12.02880208100125,-1,END_OF_WINDOW
50.3168943993456,39.92839925419973,11.456716049425646,12.038887646644024,-1,END_OF_WINDOW
50.89862098069533,39.789384836181455,10.430376655300131,12.278967100455173,-1,END_OF_WINDOW
49.44024003385207,33.03284970909178,17.599467437776248,13.734040878994097,-1,END_OF_WINDOW
46.90717376971847,28.480280623706772,21.495069803495415,14.791609387637374,-1,END_OF_WINDOW
44.027387460129226,24.66992510667169,21.619383115871887,15.856494431377582,-1,END_OF_WINDOW
41.353300172653505,22.370323086285087,19.604136742897456,16.237459114850616,-1,END_OF_WINDOW
38.865066835736734,21.118728560225538,18.534141240426788,15.97121203521841,-1,END_OF_WINDOW
36.788567938984855,20.991713673493592,17.246619827447745,15.937554032702812,-1,END_OF_WINDOW
35.330827619061395,22.265738924457786,15.99805210268153,15.954157316081155,-1,END_OF_WINDOW
34.142594071970585,22.148672731952804,15.171464790726874,15.621717507789656,-1,END_OF_WINDOW
33.54179262770922,24.589603888791775,14.524903708453744,15.151594828661821,-1,END_OF_WINDOW
32.98390557232367,23.669134303231264,13.981188886641556,14.616480912328823,-1,END_OF_WINDOW
32.4658675923228,23.669134303231264,13.981188886641556,13.572446561448194,-1,END_OF_WINDOW
31.15424019015933,21.984549892821565,16.549991207113184,13.568700378487607,-1,END_OF_WINDOW
30.52100440909847,24.516207145910577,15.579335910076125,13.384507494309938,1,END_OF_WINDOW
30.71849842591826,29.0392835782183,14.535136642287037,13.321328387573514,-1,END_OF_WINDOW
31.44218095040653,30.414181473863916,12.772428200843853,14.076947788461094,1,END_OF_WINDOW
31.46625843365333,28.941790248675424,14.982859189087876,13.736451517856727,1,END_OF_WINDOW
31.488616096668217,27.78719260546037,14.385136181640691,13.285276409438394,-1,END_OF_WINDOW
31.857285391772553,29.419896418403873,13.638865942960921,13.011328094478495,-1,END_OF_WINDOW
31.825858425481837,28.278056350159233,14.75745671861766,12.569804659158597,1,END_OF_WINDOW
31.7966762424976,28.083850097278173,14.656106387608753,11.75267575493299,1,END_OF_WINDOW
32.2087111462993,30.25659402481484,13.732149851951156,11.647484629580616,1,END_OF_WINDOW
30.651829522988038,27.05790710709363,21.954549548453848,12.094092870324864,1,END_OF_WINDOW
28.912520949659342,24.628332934551356,21.708418163773533,12.338086236730247,-1,END_OF_WINDOW
27.945076669591167,20.635003758663,28.129239449220286,13.673937219820942,1,END_OF_WINDOW
27.04673555238501,19.021365787479926,25.929559264684006,13.774370275548012,-1,END_OF_WINDOW
26.21256165783643,18.221545086401587,24.839259098994404,13.35191525586602,-1,END_OF_WINDOW
25.43797161289847,17.91094745755601,24.415858397141402,12.613207023304177,1,END_OF_WINDOW
24.71870942831322,17.91094745755601,24.415858397141402,11.712263664496737,1,END_OF_WINDOW
23.006742578224014,22.660253562326826,23.00326583153946,11.543530545604106,1,END_OF_WINDOW
21.806428133000637,24.310430542488803,21.470915637819168,11.48399264948953,1,END_OF_WINDOW
20.78083611446649,23.2697983836489,20.043745082138095,11.422993174525969,1,END_OF_WINDOW
19.9712962709962,23.525800017583204,19.464396507603052,10.922779376345549,1,END_OF_WINDOW
19.83595612005428,26.838755085651197,18.621175250347985,10.60186656374946,1,END_OF_WINDOW
20.50525115201224,31.71867279373724,17.379126909646164,10.548161809195921,1,END_OF_WINDOW
21.1267393959732,31.718672793737237,17.379126909646164,9.794721679967642,1,END_OF_WINDOW
21.381845039753614,31.16551717878611,18.819987949428302,9.256527274255651,1,END_OF_WINDOW
19.876787433198384,27.692833706188846,27.8656419822502,9.673203897523116,1,END_OF_WINDOW
19.56759470570359,33.839382359142405,24.732563882969377,10.120117904842882,1,END_OF_WINDOW
19.084943209290145,33.2232096090712,25.67772131150141,9.571538054496965,1,END_OF_WINDOW
18.389521720648393,32.61510034271325,27.0380975935983,9.053571050604305,1,END_OF_WINDOW
18.64827103533937,37.90207230784117,24.226355290910686,9.382601689846844,1,END_OF_WINDOW
18.80087497653465,37.66430396065183,24.701700652416577,8.767415854857783,1,END_OF_WINDOW
17.73307775965023,34.18237799018343,31.64682538701249,8.970457579510807,1,END_OF_WINDOW
16.556935748954174,30.291285384379922,31.0687722999298,9.39971060954575,1,END_OF_WINDOW
15.689715151566622,29.691127104597967,32.4344999841391,8.904731280292468,1,END_OF_WINDOW
14.997408623981041,29.383990222913045,33.13342451170075,8.355107617414438,1,END_OF_WINDOW
14.52418736393227,28.60190161961094,33.82879356991288,7.970457073313425,1,END_OF_WINDOW
13.542760244594307,31.168937876204982,30.68388329412553,8.159710139505316,1,END_OF_WINDOW
13.438274181563402,26.178797514874365,33.372576970228515,9.021159415254923,1,END_OF_WINDOW
13.341251408748992,26.052174362291048,33.21115852068366,8.417505171308155,1,END_OF_WINDOW
15.154856274996584,20.712557762209,46.90010446829724,9.831254801929004,1,END_OF_WINDOW
16.99189247048364,16.948960426664854,40.382087946851776,11.156165173219765,1,END_OF_WINDOW
18.697711794864478,16.049280903360422,38.23853832967857,10.94001051798979,1,END_OF_WINDOW
20.731787388862596,15.07316161622191,41.99487821189995,10.816438338133379,1,END_OF_WINDOW
22.32394523936341,16.427599480514953,41.235353592163946,10.228835599695259,1,END_OF_WINDOW
23.2970760845428,18.86219380832681,40.03410345052906,9.783204485431328,1,END_OF_WINDOW
25.046166952851927,16.6405208987705,47.09715291418175,10.297261307900522,1,END_OF_WINDOW
27.087657041480732,14.098172824182196,46.70523172386652,11.286028357336189,1,END_OF_WINDOW
28.983326409493195,12.841332669555534,42.54149991310235,11.505597760383612,1,END_OF_WINDOW
30.89871280957246,12.501165516463658,44.063576702050256,10.974483634641938,1,END_OF_WINDOW
32.322178194014285,13.983378746633411,42.89109967880132,10.46916337502463,1,END_OF_WINDOW
30.840344511639664,26.699076516150836,33.69002484559434,12.376365991094273,1,END_OF_WINDOW
29.464356092291805,22.616888742614517,28.538947525312278,13.566625563158965,1,END_OF_WINDOW
29.259924654635633,37.14382156689896,21.534128016798505,16.695438022933317,1,EXIT_PROFIT_TARGET_MET
29.606319627509805,36.37742089862457,17.872924232248184,18.678621021295225,1,EXIT_PROFIT_TARGET_MET
29.927972102321537,34.83522711676723,17.11521486380797,18.112290948345567,-1,END_OF_WINDOW
30.52266862094424,36.03123762029874,16.092114639350125,17.887841594892333,1,EXIT_PROFIT_TARGET_MET
30.414248250554497,32.98704686688011,18.153765106772237,18.142995766685743,-1,END_OF_WINDOW
30.59697474053293,33.58901304565848,16.93125765470163,18.063496069065316,1,EXIT_PROFIT_TARGET_MET
29.35907361697602,28.70545784974681,21.981185740563895,19.62681777841778,-1,END_OF_WINDOW
27.435332520148695,25.394192627544133,26.657325923245025,20.60133079424508,-1,END_OF_WINDOW
25.64900150166618,23.6558886144463,24.832556878192886,20.535521451798992,-1,END_OF_WINDOW
24.420664992239097,22.21933213695263,26.32220369540954,20.301555633813333,-1,END_OF_WINDOW
23.280066804913947,22.01661791942319,26.082057641834357,19.02501594568383,-1,END_OF_WINDOW
23.257521738428558,20.026334342858597,31.966104656183877,19.42180052099212,-1,END_OF_WINDOW
23.049310135385504,19.681145265494195,29.73331016142454,19.388814769492686,-1,END_OF_WINDOW
22.37328725105493,21.243015991252268,27.922090697887487,19.171756571671775,-1,END_OF_WINDOW
21.99682862241698,20.377181627719335,28.785390719752943,18.558773959409486,-1,END_OF_WINDOW
21.200669965609478,22.196047578706256,27.5991264277995,17.973861533737374,-1,END_OF_WINDOW
19.73287227528668,25.682177850427845,26.019012293909277,17.703585709898995,-1,END_OF_WINDOW
18.369917277129797,24.82256980446711,25.148130063980986,17.008329587763342,-1,END_OF_WINDOW
17.501455301064336,24.108394906436462,27.30170751386047,16.26130604578026,-1,END_OF_WINDOW
16.258199806304305,25.717753228910734,25.767116084682865,15.999069899653076,-1,END_OF_WINDOW
15.779609604198638,29.250024244809534,24.14642525386413,15.85342204967786,-1,END_OF_WINDOW
15.477018936446612,29.062330209010003,23.047155023180057,15.423177617558007,-1,END_OF_WINDOW
15.51692329408075,30.26825115329383,21.902341836858504,15.070093502018151,-1,END_OF_WINDOW
15.782025812053597,30.9920839829916,20.995688659390677,14.597943966159717,-1,END_OF_WINDOW
16.97175177379846,36.74939510687002,18.747278938032487,15.180947968576895,-1,END_OF_WINDOW
18.288800101245936,36.564811923050506,17.44109052688916,15.152308827964275,-1,END_OF_WINDOW
19.943049074122328,37.9338024242028,15.702482003997606,15.627858197395394,-1,END_OF_WINDOW
21.63790811314359,37.74122972214312,14.79715291216764,15.399439754724282,-1,END_OF_WINDOW
23.362308810172213,37.58218766592638,13.978125078477763,15.137336915101121,1,EXIT_PROFIT_TARGET_MET
24.84182555112748,37.196584666558444,14.438250565916247,14.201812849736752,-1,END_OF_WINDOW
26.243954667854638,37.24415064427252,14.314968364925669,13.300969074755566,1,EXIT_PROFIT_TARGET_MET
28.096498593104872,41.50092217559886,13.041119543744166,13.55732842655873,1,EXIT_PROFIT_TARGET_MET
30.101695115969306,42.74291966942709,11.996306770069815,13.685376396090243,-1,END_OF_WINDOW
31.963663315771996,40.00416931848093,11.227644038775706,13.577849510655215,1,END_OF_WINDOW
33.69263378701735,37.98558314952676,10.661103916765393,13.27800311703696,-1,END_OF_WINDOW
35.34438960884616,37.00479245996835,10.190016338182375,12.899574322962893,-1,END_OF_WINDOW
37.27453676957643,41.10345306746302,9.5270227520672,12.811747585608407,-1,END_OF_WINDOW
39.14240991132738,40.47834317909088,9.05924585247563,12.51090847235069,-1,END_OF_WINDOW
40.50514512281467,38.91358651777301,10.275408109835512,12.084415010039926,-1,END_OF_WINDOW
42.0520914776929,41.16583546802729,9.605288994896629,12.004099652179933,-1,END_OF_WINDOW
43.49194855418992,40.25232504529193,9.377540654362756,11.417378248452792,-1,END_OF_WINDOW
43.85110425429626,37.57399956911814,13.023855395207283,11.357565516420443,-1,END_OF_WINDOW
43.95536463356439,37.15874314747983,13.985089306706207,10.664167979533243,-1,END_OF_WINDOW
44.0521778428848,37.15874314747983,13.985089306706207,9.902441695280869,-1,END_OF_WINDOW
44.8096317101424,43.15133215778908,12.65146078485401,10.164410145617929,-1,END_OF_WINDOW
44.89224509953564,41.38190224473464,15.318754225522996,9.841952278073764,-1,END_OF_WINDOW
44.96895753254365,41.23044457577524,15.262687619579216,9.172527115354196,-1,END_OF_WINDOW
43.71015150167325,37.494881535292336,21.39189588311826,9.365918035686047,-1,END_OF_WINDOW
42.011948759454356,35.7116028553822,23.839836881882988,9.13120960456561,-1,END_OF_WINDOW
40.221174274461916,34.35428340543653,24.40056266961082,8.813980347096642,-1,END_OF_WINDOW
37.61897990103035,31.395110503336326,29.101996083711626,8.95583889373261,-1,END_OF_WINDOW
34.96033635074055,29.573828955356095,29.33937197357605,8.828278972751715,-1,END_OF_WINDOW
33.31902731332916,27.123082409433803,34.50768729143609,8.938401903269442,-1,END_OF_WINDOW
31.71643228882384,25.461806810933403,31.68042246509134,9.040658910178792,-1,END_OF_WINDOW
30.56154672192099,23.4321763656614,32.0601409200698,9.122040416594613,-1,END_OF_WINDOW
29.878463048878892,21.794636121036888,33.3805231332575,9.106894672552164,-1,END_OF_WINDOW
29.35428336878263,20.360344360037445,32.20957706436135,9.05211648165556,-1,END_OF_WINDOW
27.54920268984926,27.151357986576752,29.46300972938927,9.189108161537325,-1,END_OF_WINDOW
25.873056345125416,26.32924681153863,28.570904459341165,8.799171864284661,-1,END_OF_WINDOW
24.84891464165463,24.658598849265903,31.089141063367617,8.724231016835757,-1,END_OF_WINDOW
23.77028462047582,32.15459870531983,26.442498396330997,9.524643087061763,-1,END_OF_WINDOW
22.795245009899716,29.98716597334356,24.475673617028114,9.55502572370023,-1,END_OF_WINDOW
22.287757482946795,31.944983855956842,23.279958636976325,9.328238172007364,-1,END_OF_WINDOW
21.9164459243748,31.672762962715996,22.427376137653553,8.991221159721132,-1,END_OF_WINDOW
20.716725924257183,29.343105754567834,26.484526687536395,9.011848219741033,-1,END_OF_WINDOW
19.710444311895817,27.417072858557706,31.309960680443503,8.95600191833096,-1,END_OF_WINDOW
19.727675865629998,24.0120585813795,35.98185609527403,9.495573209878764,-1,END_OF_WINDOW
19.89987847403555,21.874935431225534,34.31442364938851,9.678746552030276,-1,END_OF_WINDOW
20.05978089612642,21.310928886570135,33.42968688867074,9.22526465545668,-1,END_OF_WINDOW
18.978741364232548,26.52279936606007,29.270759018743846,9.783460037209771,-1,END_OF_WINDOW
17.974918941759668,25.208700158622193,27.82050934122082,9.558212891694795,-1,END_OF_WINDOW
17.13519643796894,29.6422697616481,26.171331364403578,9.434769113716591,-1,END_OF_WINDOW
16.313571072236094,28.854174295697156,25.777099838946565,9.000142748451115,-1,END_OF_WINDOW
15.681949962342285,29.61813625509041,25.500306035438204,8.44798969499032,-1,END_OF_WINDOW
15.095444646012321,29.61813625509041,25.5003060354382,7.844561859633868,-1,END_OF_WINDOW
14.760326029422329,30.86552112555777,25.048361539393312,7.415664583945745,-1,END_OF_WINDOW
13.843975892227611,28.837406648687324,29.973290634507347,7.370259970806777,-1,END_OF_WINDOW
14.782288344508775,23.95256558231194,41.653242322393744,8.239527115749148,-1,END_OF_WINDOW
15.653578478769855,22.284076499466092,38.751758561031316,8.22384660748135,-1,END_OF_WINDOW
17.009933383408836,20.796007570997237,42.84174654015494,8.182857564089833,-1,END_OF_WINDOW
16.355409045007285,30.308245086270688,35.46956163068326,9.177653452369139,-1,END_OF_WINDOW
15.747636445062987,27.519599030778423,32.20602549225303,9.385678205771352,-1,END_OF_WINDOW
15.50950444210763,26.68841467376083,34.25363131121381,8.986701191073411,-1,END_OF_WINDOW
15.603789650982296,25.56369797550314,35.909293448168306,8.711936820282444,-1,END_OF_WINDOW
16.27532553724087,23.063026733538134,38.4427177826217,8.96679847597657,-1,END_OF_WINDOW
15.250730924594752,29.754781681956857,30.9265385584584,10.349884299121097,-1,END_OF_WINDOW
14.299321641423356,28.694841463869754,29.82485741104775,9.965606849183862,-1,END_OF_WINDOW
13.816047588078973,31.666019223359893,27.22915980742678,10.135920645670723,-1,END_OF_WINDOW
13.367293109973476,29.86206172026935,25.67796239322123,9.98049774240853,-1,END_OF_WINDOW
12.779675685238583,28.88904767446395,26.064099189769177,9.579747903665057,-1,END_OF_WINDOW
12.23403093369904,28.88904767446395,26.06409918976918,8.89548019626041,-1,END_OF_WINDOW
11.396360028871657,28.175173822214276,27.89112052068013,8.469374467956117,-1,END_OF_WINDOW
11.32110889310177,26.286672025292003,32.35152984416677,8.429419148816384,-1,END_OF_WINDOW
11.2512328384583,24.649131702555888,30.336176414449547,8.347317781043767,-1,END_OF_WINDOW
10.650862896675669,29.88294679303106,28.229048235401756,8.32965222525492,-1,END_OF_WINDOW
9.929030265003655,29.490773126511314,29.170945883517874,7.837534209165254,-1,END_OF_WINDOW
9.697208087452523,27.962141560516088,31.967554661158818,7.675567479939144,-1,END_OF_WINDOW
10.00289845472458,26.61006866103005,35.25717485814328,7.48945551708636,-1,END_OF_WINDOW
9.616958687034696,30.46657276376546,33.40447603405963,7.340208694437341,-1,END_OF_WINDOW
9.889873101772796,37.004807182029495,28.23767824978209,8.063050930548963,-1,END_OF_WINDOW
10.715924707730057,40.93779264568322,26.474712329435825,7.9856901497954675,-1,END_OF_WINDOW
12.372689949114687,46.40222106596495,22.90104225771249,8.572426567667208,-1,END_OF_WINDOW
13.911114816114697,44.98926134635779,22.20369955506106,8.210110384262407,-1,END_OF_WINDOW
15.751237050745853,48.306912332125556,20.864613269011663,8.112959642529372,-1,END_OF_WINDOW
17.459921982903357,48.306912332125556,20.864613269011663,7.533462525205846,-1,END_OF_WINDOW
19.66771648477107,51.4292745276469,17.8968770621398,8.155358059119731,-1,END_OF_WINDOW
22.522098563890747,55.9097789122298,14.13984357315721,9.584975340611184,-1,END_OF_WINDOW
25.32172002498652,50.46368278463667,11.946262367240184,10.534619959138965,-1,END_OF_WINDOW
27.92136852457545,47.3940580160672,11.219590415634745,10.415718533486173,-1,END_OF_WINDOW
30.37304508612341,45.779540419999705,10.65312062612664,10.186024352522894,-1,END_OF_WINDOW
32.64960189327509,45.686386205433365,10.63144318953591,9.477736898771258,-1,END_OF_WINDOW
33.8101879107177,41.696458942729976,14.31035542797101,9.642898548859025,-1,END_OF_WINDOW
34.88787492691441,39.06623313843443,13.407653686151926,9.556977223940494,-1,END_OF_WINDOW
36.4801800989039,44.6776622473414,12.171326642057553,9.775764565087627,-1,END_OF_WINDOW
38.3368187857891,44.808542468580754,10.34955629325536,10.675352810438504,-1,END_OF_WINDOW
40.534742336808606,48.245265660870025,8.813344708899379,11.640684752550044,1,EXIT_PROFIT_TARGET_MET
42.81572059981136,48.55556688113846,7.7510448547808775,12.290635841653597,-1,END_OF_WINDOW
44.93377184402819,46.004530672570375,7.343816655238174,12.045590424392634,1,EXIT_PROFIT_TARGET_MET
46.91246637507913,43.740838746920815,6.9333736174551674,11.847333965507444,-1,END_OF_WINDOW
47.40544926794246,39.07285835897792,11.732400884939873,12.315381539399743,1,EXIT_PROFIT_TARGET_MET
47.95508841412578,38.020418265484544,11.006430051851023,12.18999714372833,-1,END_OF_WINDOW
48.5650614522443,36.60285648384058,10.175537830141357,12.243568776319169,-1,END_OF_WINDOW
47.818417347279166,34.00693034007962,15.238492954548303,12.236885292296378,-1,END_OF_WINDOW
46.42546064942988,30.74810093078537,17.177108170158135,12.567107771418074,-1,END_OF_WINDOW
44.88039704500949,30.157403297978174,18.173871456455238,11.8980286448882,-1,END_OF_WINDOW
43.866878518461135,32.27447062940956,17.11597956328953,11.731026598824753,-1,END_OF_WINDOW
42.92575417238052,32.27447062940956,17.11597956328953,10.893096127480128,-1,END_OF_WINDOW
42.41520490312792,34.824241585198116,16.47158699853688,10.510732118374401,-1,END_OF_WINDOW
42.23341868297611,36.63670570080473,15.750016090623918,10.207108395633389,-1,END_OF_WINDOW
42.2883473083021,38.40978835125405,15.309286476050552,9.750886367373841,-1,END_OF_WINDOW
41.64976396755214,36.28309121311585,18.135485878500383,9.585108769704302,-1,END_OF_WINDOW
41.056793722570035,34.714606660706494,17.35150555874793,9.302601000439717,-1,END_OF_WINDOW
40.50617849508665,34.714606660706494,17.351505558747927,8.63812950040831,-1,END_OF_WINDOW
39.09370430200056,32.92325475581747,21.616354053232758,8.457548821807725,-1,END_OF_WINDOW
37.3348834174287,31.67856426586533,23.66957169907828,8.16200962025001,-1,END_OF_WINDOW
35.701692596040544,30.824476338507893,23.03141476544201,7.789008933089267,-1,END_OF_WINDOW
33.49873442912855,27.695452088186844,30.52513460569029,8.049794009297148,-1,END_OF_WINDOW
31.45313041699598,26.804093906217272,29.5427051295486,7.723380151490211,-1,END_OF_WINDOW
29.55364097715859,26.80409390621727,29.542705129548594,7.171710140669482,-1,END_OF_WINDOW
27.91682005729887,31.554012777044612,27.62558352973756,7.121587987764506,-1,END_OF_WINDOW
26.148078327878626,29.365419300410796,31.278389338130047,7.105760274352762,-1,END_OF_WINDOW
24.618640214971645,28.018700109201387,30.8045360733088,6.915348826184712,-1,END_OF_WINDOW
23.737504641713112,34.58086228588589,27.015179299149793,7.322109624314384,-1,END_OF_WINDOW
23.6632775803548,37.54378136650228,23.653111300140452,7.765530365434767,-1,END_OF_WINDOW
23.602384518725568,35.32027651483528,22.19955689728829,7.6829924821894355,-1,END_OF_WINDOW
24.136267145178643,38.4078022367802,20.195733156395313,7.8420644477473225,-1,END_OF_WINDOW
24.632839185038467,36.44430286687197,19.158385735702783,7.676202701479656,-1,END_OF_WINDOW
25.572101714832556,39.10025208940435,17.65622706516117,7.734331079945379,-1,END_OF_WINDOW
26.444274063927068,38.4651991043805,17.369460635206924,7.300450288520699,-1,END_OF_WINDOW
25.748655300068627,34.94178252329114,24.938427370884455,7.462560982197804,-1,END_OF_WINDOW
25.092690744045633,33.23894812339748,23.791729898596532,7.284520912040803,-1,END_OF_WINDOW
24.48358079916714,31.9696001253737,22.88315768373009,7.0327694183235865,-1,END_OF_WINDOW
24.08769418159759,33.04612317470771,22.521051232298394,6.635428745586206,-1,END_OF_WINDOW
24.207901028839043,35.84402678769041,21.155032810331534,6.55932669233006,-1,END_OF_WINDOW
24.319521672706106,35.84402678769041,21.15503281033153,6.090803357163628,-1,END_OF_WINDOW
24.423169413439805,35.84402678769041,21.15503281033153,5.655745974509083,-1,END_OF_WINDOW
24.737765005754056,36.93096869130417,20.40301121558217,5.445335547758404,-1,END_OF_WINDOW
25.029889484331573,36.69768563799881,20.27413084981707,5.088525865775648,-1,END_OF_WINDOW
23.309510390909164,31.707890252029554,31.114481327288352,5.4686311610773775,-1,END_OF_WINDOW
21.993437938650068,32.05142129433072,29.066136588037175,5.435871792429009,-1,END_OF_WINDOW
20.771370661552336,32.05142129433073,29.066136588037182,5.047595235826937,-1,END_OF_WINDOW
19.6365939042473,32.05142129433073,29.06613658803718,4.687052718982156,-1,END_OF_WINDOW
19.205797512488143,28.343967312179252,37.27120281461937,4.921548953340592,-1,END_OF_WINDOW
18.56931691900783,29.727879213315823,36.55137422224472,4.660009742387675,-1,END_OF_WINDOW
17.593594699780645,36.461404028876984,33.048995432291015,4.785723332217132,-1,END_OF_WINDOW
17.059606846614585,32.665332084554755,40.01940254778186,4.960314522773052,-1,END_OF_WINDOW
16.123879061536208,39.1483406462833,36.16631858101561,5.096720628289288,-1,END_OF_WINDOW
15.254988975392003,39.1483406462833,36.16631858101561,4.732669154840053,-1,END_OF_WINDOW
15.010575545576238,34.494812139070824,43.75417163684533,4.9874785009229194,-1,END_OF_WINDOW
15.270392628488288,32.37281402560509,47.21421488032613,4.934801465142711,-1,END_OF_WINDOW
14.575529304866196,38.27053159519132,42.761579213712196,5.059458503346792,-1,END_OF_WINDOW
13.544070950133847,40.76977683810135,40.6597554926474,4.9409257531077415,-1,END_OF_WINDOW
13.577405239758853,47.64866890336742,35.937604291739014,5.190859627885764,-1,END_OF_WINDOW
13.608358508696359,47.64866890336743,35.93760429173902,4.8200839401796385,-1,END_OF_WINDOW
14.332772240153346,48.97044286661832,30.173610809577752,5.330792230166826,-1,END_OF_WINDOW
15.28253646457098,47.8046673478662,27.106976225090214,5.510021356583492,-1,END_OF_WINDOW
16.164460387244496,46.39903404310974,26.309931277659388,5.271448402541787,-1,END_OF_WINDOW
16.645136226799295,44.51524006006661,27.929742221463414,5.1020592309316655,-1,END_OF_WINDOW
16.42936489238753,40.98104729700298,31.153229887689616,5.146197857293675,-1,END_OF_WINDOW
16.277208240698585,38.778366691151916,29.07578499003593,5.120040867486965,-1,END_OF_WINDOW
16.201621140856723,39.184861010159125,28.833199907877653,4.794323662666464,-1,END_OF_WINDOW
16.131433119574996,39.184861010159125,28.83319990787765,4.4518719724760025,-1,END_OF_WINDOW
15.203496361535136,36.293861091535156,34.08377903387512,4.463166831584869,-1,END_OF_WINDOW
14.131520260421755,35.21945268959363,35.081781118414426,4.270797772185948,-1,END_OF_WINDOW
13.136113880816474,35.21945268959363,35.081781118414426,3.9657407884583806,-1,END_OF_WINDOW
12.612646468299276,33.70905643633017,37.865817413114016,3.847473589282778,-1,END_OF_WINDOW
12.095035191146883,33.85328185128343,37.6924914264551,3.5890826186197238,-1,END_OF_WINDOW
11.864014557740632,32.94248961487681,39.347963260218975,3.424862431575455,-1,END_OF_WINDOW
11.328159051681162,39.035737564127594,35.77257110704243,3.4980865436057664,-1,END_OF_WINDOW
11.426338452671848,33.57259288864551,43.342916771504214,3.7767946476339325,-1,END_OF_WINDOW
11.517505039306055,29.55194689923456,38.152179044908806,3.984166458517244,-1,END_OF_WINDOW
12.822181213321983,25.37322165051667,46.897628266391976,4.308868854337455,-1,END_OF_WINDOW
13.82329865020719,25.546336671438173,44.28848381214113,4.236806793313332,-1,END_OF_WINDOW
15.358332602580864,23.404673758133537,48.95902775736784,4.294177736648091,-1,END_OF_WINDOW
16.872346137675223,23.078083324006894,49.67125700932116,4.043879326887543,-1,END_OF_WINDOW
17.575332962896717,27.11820969726053,46.88847514910056,3.977887946395568,-1,END_OF_WINDOW
18.22810644345953,27.11820969726053,46.88847514910056,3.693753093081599,-1,END_OF_WINDOW
17.22410000768317,37.178757867751095,40.41602488520186,3.9791993007186317,-1,END_OF_WINDOW
16.291808317319404,35.881653243756865,39.00597743422088,3.828542207810183,-1,END_OF_WINDOW
15.768667013502952,42.136415640306,35.200933585793,3.9393606215380346,-1,END_OF_WINDOW
17.787900687191918,61.02556830907989,23.709840941892182,5.430834862856758,-1,END_OF_WINDOW
19.662903384188816,52.040255937233255,20.218839824611287,5.9136323726527085,-1,END_OF_WINDOW
19.61277836293017,43.65813598035354,29.740843178134632,6.54551577460607,-1,END_OF_WINDOW
19.57548692637911,40.60695511877097,27.588052073332033,6.552264647848485,-1,END_OF_WINDOW
19.274181168845203,39.730070598801575,29.151747652377622,6.218531458716426,-1,END_OF_WINDOW
19.32198225907904,41.85368630770927,27.935376788225444,6.0257792116652515,-1,END_OF_WINDOW
19.02048149579301,40.009869499697,29.511471550488267,5.853223553689172,-1,END_OF_WINDOW
19.14194219550569,41.71971340813787,27.39790018499364,5.854421871282795,-1,END_OF_WINDOW
18.795364909917755,37.38258154799216,28.03456304115417,6.066963166191162,-1,END_OF_WINDOW
18.473543144728957,34.63775419626053,25.976116774397138,6.080037225748936,-1,END_OF_WINDOW
18.56474997113004,37.22681456544557,24.947178223419947,5.878605995338281,-1,END_OF_WINDOW
17.593744290827928,33.887783675866785,30.678410922288066,5.996562709956958,-1,END_OF_WINDOW
16.873234683756532,35.03777417207211,30.144774584544614,5.666808230674326,1,END_OF_WINDOW
16.282062381703867,31.356017084410542,37.254326508906665,5.879893357054738,1,END_OF_WINDOW
15.733116672654962,30.935123417951985,36.75425948720659,5.5341866886936835,-1,END_OF_WINDOW
15.512931010361086,29.852147189434543,38.498909510744085,5.3253162109298575,1,END_OF_WINDOW
14.625340352366564,33.086848361391134,35.194461467347764,5.409222195863439,1,END_OF_WINDOW
13.80114902708594,32.848611467183616,34.941049020755514,5.059277753301781,1,END_OF_WINDOW
14.733740674237433,26.748259282513434,46.391801412115186,5.769329342351654,1,END_OF_WINDOW
13.685135822996275,34.50331360544545,34.46657144627439,7.210805817897951,1,END_OF_WINDOW
13.781547093422356,40.87020077618332,30.18684894842208,7.645033973762381,1,END_OF_WINDOW
13.871071844532288,39.14504569046491,28.91264439360788,7.41181726135079,1,END_OF_WINDOW
12.962583321330404,35.729798507861396,34.91579698287722,7.540258885540022,1,END_OF_WINDOW
12.32460271557686,34.41665948433323,37.30776700135379,7.268811822287148,1,END_OF_WINDOW
12.035714720664927,31.736531269122512,37.46667493257087,7.319610977838067,1,END_OF_WINDOW
11.530640215978467,30.67898657347951,33.884343943200236,7.515353050849663,1,END_OF_WINDOW
11.851833663095459,27.64559807702893,38.19869187968704,7.74425640436042,1,END_OF_WINDOW
13.127809459150125,24.503425923799515,45.22296926618906,8.113238089763238,1,END_OF_WINDOW
14.31264412691517,22.467013812104945,41.464613082574274,8.216578226208718,1,END_OF_WINDOW
14.631402586325848,26.77876178260834,39.158691821225894,8.078965495765235,1,END_OF_WINDOW
16.020682260065513,23.22319452116178,47.236935515246294,8.65046796035346,1,END_OF_WINDOW
17.33437745661873,21.415935856444914,43.888910663826685,8.710434534613912,1,END_OF_WINDOW
19.724037559252267,17.03992085528154,52.21343777406966,10.165403496427198,1,END_OF_WINDOW
21.943007654554837,16.068401452036174,49.236524422272566,10.010017532396668,1,END_OF_WINDOW
23.41970247716967,19.096151043446437,47.460365391811514,9.642873422939756,1,END_OF_WINDOW
24.385287926988415,21.269206983619103,46.18559255630865,9.201239607015491,1,END_OF_WINDOW
24.609097844263577,24.66218268640757,43.38890847532952,9.094722492228675,1,END_OF_WINDOW
25.072027897561718,22.824363350228754,43.419730771986565,9.125099457069481,1,END_OF_WINDOW
24.90504398178572,26.1000190541184,41.459074317557764,8.874020924421671,1,END_OF_WINDOW
24.9261666943986,24.768848490670308,41.45869376553216,8.683019429820144,1,END_OF_WINDOW
25.015609993311603,24.553503615310905,41.96766253326419,8.133518041975833,1,END_OF_WINDOW
24.51728737698617,27.862388879481813,40.12707103091052,7.898981038977554,1,END_OF_WINDOW
24.054559233255414,27.86238887948181,40.12707103091052,7.334768107622014,1,END_OF_WINDOW
23.97230818213835,26.716422514673777,42.58961518166151,7.102998957077595,1,END_OF_WINDOW
22.95967828614279,32.30031105268232,39.31542284605433,7.144927603000628,1,END_OF_WINDOW
22.01937909700406,32.30031105268232,39.31542284605434,6.634575631357726,1,END_OF_WINDOW
21.570149049026803,29.458605897455584,40.45633721146246,6.754963086260725,1,END_OF_WINDOW
21.955911290517,25.143659486169696,43.715554417584876,7.348894294384971,1,END_OF_WINDOW
22.010320063910903,25.827064185379502,41.01111782583017,7.273973273357486,1,END_OF_WINDOW
22.04561330843541,24.994483599119153,39.51109302579692,7.010832325260501,1,END_OF_WINDOW
21.742060185829185,26.17431796156767,37.50695409043604,6.8579157305990615,1,END_OF_WINDOW
20.66567862577814,29.65163537819767,33.89170340208805,7.047350321270541,1,END_OF_WINDOW
19.666181462873595,27.701378228321,31.662567098529497,7.004682441179775,1,END_OF_WINDOW
18.738076954462233,26.6619639315621,30.474520617843822,6.757919409666915,1,END_OF_WINDOW
18.470232858161275,25.25072981684374,34.15454691290969,6.625925166119301,1,END_OF_WINDOW
17.526535742365063,29.141734717284873,32.37666320802738,6.490501939967924,1,END_OF_WINDOW
16.65024556341144,29.141734717284873,32.37666320802738,6.026894658541644,1,END_OF_WINDOW
16.506052736613146,38.024762188386795,28.317817178534213,6.398545040074385,1,END_OF_WINDOW
16.63845280031106,38.59951503248277,26.624594449409418,6.3193632514976406,1,END_OF_WINDOW
16.547627491734154,35.69689473165343,26.187224893473395,6.34512301924783,1,END_OF_WINDOW
16.566883286000458,34.95775907811328,24.892599432650062,6.198328517872983,1,END_OF_WINDOW
17.01238026932693,37.575373917464105,23.62038933456395,6.065590766596352,1,END_OF_WINDOW
16.079259089040335,31.93740803004781,34.563311117546185,6.62661999755376,1,END_OF_WINDOW
15.212789421631356,31.937408030047806,34.563311117546185,6.153289997728492,1,END_OF_WINDOW
15.015059882917146,39.4736230486989,30.736296353645404,6.425197855033602,1,END_OF_WINDOW
14.831453882682522,39.4736230486989,30.736296353645407,5.96625515110263,1,END_OF_WINDOW
14.536091992200395,39.040739272501604,31.49587024811296,5.601522640309594,1,END_OF_WINDOW
14.30744803322291,39.34890964895209,31.33664761195954,5.227842451716043,1,END_OF_WINDOW
14.049362522980394,33.443764705248604,41.453462043256906,5.711567990879183,1,END_OF_WINDOW
13.953232256005665,29.763885197196675,38.426473914854796,5.959313134387801,1,END_OF_WINDOW
13.863968436671987,28.67565416548915,37.02152019069571,5.743647910502962,1,END_OF_WINDOW
14.472724437211268,25.58799162435453,40.34901395954336,5.97695877403848,1,END_OF_WINDOW
15.037997866283456,24.691845070545867,38.93590462528023,5.751461718750029,1,END_OF_WINDOW
15.836519335907667,23.060300127450745,39.448389958985516,5.718500167410738,1,END_OF_WINDOW
15.258116287573722,30.454753797659954,35.56385229534189,5.890035869738535,1,END_OF_WINDOW
14.721027742692202,30.454753797659958,35.56385229534189,5.469319021900068,1,END_OF_WINDOW
14.054047087661575,36.28818840875306,32.5807669198174,5.543653377478618,1,END_OF_WINDOW
13.655981203998639,37.06114082169526,31.266212749887114,5.364106707658731,1,END_OF_WINDOW
12.870805091741499,34.69299732677448,32.8928380365842,5.320956228540234,1,END_OF_WINDOW
12.133878598245994,33.8656031112666,32.178935118089946,5.061602212215936,1,END_OF_WINDOW
12.826854697390944,26.399275826393,41.148756035448685,6.029344911343379,1,END_OF_WINDOW
14.140330447960121,22.861346691192864,43.611046783720916,6.465105989104542,1,END_OF_WINDOW
15.368765106221094,21.75848935216027,41.62044244050347,6.307598418454201,1,END_OF_WINDOW
16.208916577868873,22.50054097763669,39.255502571544376,6.209912817136015,1,END_OF_WINDOW
17.296530403950527,21.40293895519584,41.02861708740917,6.062061901626291,1,END_OF_WINDOW
18.215750365841267,21.80999396169527,40.65205065908936,5.681200337224415,1,END_OF_WINDOW
17.956836872590177,27.73812855496501,37.215485322985764,5.762543170279793,1,END_OF_WINDOW
18.56854190942111,25.092033695376116,43.20485051103098,5.915218658116958,1,END_OF_WINDOW
20.171514445026183,21.487412187123024,51.363815220619806,6.41413161110861,1,END_OF_WINDOW
22.255578346350063,16.335152697947436,48.16490503348973,7.834550781743722,1,END_OF_WINDOW
24.419828828872294,13.685391765384487,44.00421225101422,8.683511440190617,1,END_OF_WINDOW
26.587741244266194,12.406153618196868,42.45265212999526,8.894689194462739,1,END_OF_WINDOW
28.248182002276778,13.896356751335244,41.50503995139756,8.447925680572535,1,END_OF_WINDOW
30.395445424942494,12.225450354135544,46.4236847315917,8.916645274817338,1,END_OF_WINDOW
31.79222575190471,14.203553288205558,42.55432200034494,9.032599183758954,1,END_OF_WINDOW
33.16997636203643,12.878658282961235,39.77404652374856,9.25027067063331,1,END_OF_WINDOW
34.4493162143016,11.968020578080237,36.96166144104659,9.243108479873795,1,END_OF_WINDOW
35.78252568100631,11.312756619544778,36.94393680009049,9.080029302739955,1,END_OF_WINDOW
36.870901371008884,11.40519116328888,35.16541389714871,8.85788435254423,1,END_OF_WINDOW
37.173009033699,13.534329785261171,32.42296626635456,8.92089261307677,-1,END_OF_WINDOW
37.45353757762554,13.166486160614705,31.54175665919736,8.515114569285556,-1,END_OF_WINDOW
36.18514733641264,19.59475186152264,29.2067274347237,8.539034957193724,1,END_OF_WINDOW
35.712244478000535,18.34072691362809,33.73735535833022,8.471246745965612,1,END_OF_WINDOW
34.743691189796245,20.842124294105005,32.70390833966418,8.114729121253784,1,END_OF_WINDOW
34.055504436494815,20.410660320623386,34.097040762147834,7.694391326878483,1,END_OF_WINDOW
34.359586261160906,18.278174937098644,40.982516052907755,7.9783633749585965,1,END_OF_WINDOW
34.641947955493706,17.42473543547729,39.068971719529436,7.771337419604406,-1,END_OF_WINDOW
34.90414095737416,16.826796581017774,37.72829964554642,7.472670461061244,1,EXIT_PROFIT_TARGET_MET
35.42276495266953,16.178937693542146,39.769547669556985,7.21676542812829,-1,END_OF_WINDOW
36.02431902098507,15.289142937471816,39.163756253305046,7.091282183261986,1,END_OF_WINDOW
36.64737407708992,14.905930739097071,39.049347586995225,6.7540477416004405,1,END_OF_WINDOW
37.22675810287963,14.71156956209034,38.551416625858344,6.354472902914684,1,END_OF_WINDOW
35.696759099917166,24.73391011137621,34.02119577294869,6.686296266992207,1,END_OF_WINDOW
34.80840183088522,23.39871505175899,37.58288792136851,6.562989390778481,1,END_OF_WINDOW
34.11009138891904,23.066181280407715,38.46993653196315,6.182061577151448,1,END_OF_WINDOW
32.62973398337826,27.640065812011027,36.18281429412604,6.103342893069197,1,END_OF_WINDOW
31.255116392518968,27.640065812011027,36.18281429412605,5.66738982927854,1,END_OF_WINDOW
29.31025588829546,31.56893207794945,34.21822656913467,5.564719127187217,1,END_OF_WINDOW
28.647022571187062,27.89764839736387,41.868265242612694,5.8472391895309865,1,END_OF_WINDOW
28.214657235131323,27.26633469261287,43.18376539913329,5.555293533135932,1,END_OF_WINDOW
28.952825570689804,23.050095975441508,51.969354323667616,6.102058280769049,1,EXIT_PROFIT_TARGET_MET
29.900420161102836,21.100366859307318,51.9354808292967,6.189768403571255,1,EXIT_PROFIT_TARGET_MET
30.951960415776366,19.817257913674318,51.75359004091015,6.1197849461733105,1,EXIT_PROFIT_TARGET_MET
31.92839065225893,19.05558267097714,49.7644435895406,5.9098003071609195,1,EXIT_PROFIT_TARGET_MET
32.18855648128698,21.82901989996867,45.932151037078924,5.945528856649448,1,EXIT_PROFIT_TARGET_MET
32.430139036813024,20.475333572999272,43.08375357754496,5.88584822403164,1,EXIT_PROFIT_TARGET_MET
32.912604287579775,19.311819330234353,44.19787070428535,5.794716208029357,1,EXIT_PROFIT_TARGET_MET
33.36060773472033,19.30413163777669,44.18027631654549,5.38295076459867,1,EXIT_PROFIT_TARGET_MET
34.001016725381575,18.193957053985773,44.8988136710625,5.30345428141305,1,EXIT_PROFIT_TARGET_MET
34.737422614205265,16.88835066865039,43.763697091385474,5.305350404169288,1,EXIT_PROFIT_TARGET_MET
35.48116944898071,16.090470931940256,42.58021359363899,5.170682518157201,1,EXIT_PROFIT_TARGET_MET
35.382443523745884,19.96034934609729,40.61642889258835,5.0334909097174005,1,EXIT_PROFIT_TARGET_MET
36.17671035678452,17.26626331065965,47.283144676567225,5.403241559023303,1,EXIT_PROFIT_TARGET_MET
36.88432629720817,15.22527267676393,41.25178227313161,5.750867161950209,1,EXIT_PROFIT_TARGET_MET
37.981668485043684,12.580070213707813,40.108142116641694,6.462948078953785,1,EXIT_PROFIT_TARGET_MET
39.28717946731265,10.804196308022291,38.596377067092746,6.987737501885654,1,EXIT_PROFIT_TARGET_MET
40.49943966513383,10.167342450927139,36.32131181426819,6.8950419660366835,-1,END_OF_WINDOW
40.99815833741871,12.087251140764145,33.94320056165016,6.851110397034078,1,EXIT_PROFIT_TARGET_MET
42.34689071811611,10.44636452395451,41.62976565612226,7.361031082960199,-1,END_OF_WINDOW
43.73147971624214,9.312618601241908,39.35681025668841,7.6673860056059056,1,EXIT_PROFIT_TARGET_MET
45.22490783868998,8.513193680484386,39.637637239721705,7.788287005205493,-1,END_OF_WINDOW
46.833320766200416,7.563031537206645,39.32885908506711,8.140552219119373,1,EXIT_PROFIT_TARGET_MET
48.32870278792909,6.866795327683495,35.742647904322084,8.325512774896563,-1,END_OF_WINDOW
49.97407687503214,6.329365982899483,37.87619850138248,8.387261862403955,-1,END_OF_WINDOW
50.63586560038164,8.593454203663768,33.57174929119088,8.786743157946498,-1,END_OF_WINDOW
50.22543359782367,11.824236627046268,31.087022615835632,8.81126150380747,-1,END_OF_WINDOW
49.844318166876974,11.815984261675935,31.06532637640865,8.187599967821251,-1,END_OF_WINDOW
48.16913257820598,17.02351145707105,29.230826885945234,8.07991425583404,-1,END_OF_WINDOW
45.75748046266554,20.430037714492222,27.30704297142906,8.03134895184587,-1,END_OF_WINDOW
43.20737286181926,20.77850094750526,25.424680927508717,8.009824026714023,-1,END_OF_WINDOW
40.57111917993777,21.111507738986788,23.950322527243397,7.895550881948725,-1,END_OF_WINDOW
37.819029677186975,21.94015770947793,22.854811008799086,7.6830115332381075,-1,END_OF_WINDOW
35.26351799606124,21.94015770947793,22.85481100879909,7.134224995149672,-1,END_OF_WINDOW
33.663576219049624,20.783819416446967,26.9206858915079,6.9932089240675746,-1,END_OF_WINDOW
32.17791599753884,20.779248113863503,26.914764814226643,6.4951225723484605,-1,END_OF_WINDOW
30.798374363278825,20.7792481138635,26.91476481422664,6.031185245752142,-1,END_OF_WINDOW
30.845057043709296,18.399660282373894,35.284304239168165,6.324672013912695,-1,END_OF_WINDOW
30.8714182518559,18.478979465656263,35.25000631584305,5.878624012918926,-1,END_OF_WINDOW
29.5075551959602,25.444577528153296,32.23805462427655,5.968722297710422,-1,END_OF_WINDOW
28.241110929771338,24.755449610829263,31.36493564962566,5.69667070501681,-1,END_OF_WINDOW
26.484412577922456,27.928078208073572,30.042457260452494,5.522622797515593,-1,END_OF_WINDOW
24.853192679777067,27.928078208073572,30.04245726045249,5.128149740550194,-1,END_OF_WINDOW
23.083241623084167,29.389726653025598,29.433183775779053,4.860424759082331,-1,END_OF_WINDOW
21.43971564186933,29.389726653025594,29.433183775779053,4.513251562005022,-1,END_OF_WINDOW
19.91358437359841,29.389726653025594,29.43318377577905,4.190876450433235,-1,END_OF_WINDOW
19.59505786622055,26.548769158372423,36.254524028202766,4.307956703973713,-1,END_OF_WINDOW
19.29928325222682,24.778952599946237,33.83769420983289,4.2859597965470195,-1,END_OF_WINDOW
19.72144667382433,23.0189863137553,38.536981927409855,4.2841055253651055,-1,END_OF_WINDOW
20.641457735001424,21.53422399090872,42.36706885832992,4.252383702124751,-1,END_OF_WINDOW
21.495753720380158,21.53422399090872,42.36706885832992,3.9486420091158405,-1,END_OF_WINDOW
22.28902856394612,21.53422399090872,42.36706885832992,3.666596151321852,-1,END_OF_WINDOW
21.918902989879427,27.651111307900614,39.06429662642574,3.692553569084591,-1,END_OF_WINDOW
20.932756986280832,38.84869784882702,33.018234965459406,4.056656885578547,-1,END_OF_WINDOW
20.44597392627481,39.45238556864283,29.690881463140684,4.18903853660864,-1,END_OF_WINDOW
21.19638999598866,46.940083116559876,24.75054428992878,4.666250069708015,-1,END_OF_WINDOW
21.893204917865805,45.053604456619674,23.75584273584518,4.514375064728902,-1,END_OF_WINDOW
22.540247345323156,45.05360445661967,23.755842735845178,4.191919702962552,-1,END_OF_WINDOW
24.13466621596838,52.54030282291227,19.998061096284818,4.623925438465211,-1,END_OF_WINDOW
25.61519802442466,46.410050273869935,17.66474441509617,4.860787907146271,-1,END_OF_WINDOW
26.98997756084835,44.48803919078411,16.933182299878872,4.708588770921539,-1,END_OF_WINDOW
28.486145812869417,46.43086339892741,16.340549720997842,4.530832430141447,-1,END_OF_WINDOW
29.875444904031838,46.4308633989274,16.34054972099784,4.207201542274201,-1,END_OF_WINDOW
31.16550834582551,46.4308633989274,16.34054972099784,3.9066871463974726,-1,END_OF_WINDOW
30.366157201450005,40.50507346375762,27.017678943983604,4.158352350226245,-1,END_OF_WINDOW
29.16821206137209,39.02516789882634,29.68418300967898,4.0077557537814945,-1,END_OF_WINDOW
27.144559580078568,35.47747642055139,36.07643801217456,4.093630342797105,-1,END_OF_WINDOW
25.434318676586525,34.8681363909826,37.17435108496687,3.8676567468830143,-1,END_OF_WINDOW
23.625147490477907,36.28736486059274,36.36431902883263,3.671395550677077,-1,END_OF_WINDOW
21.94520281766276,36.28736486059274,36.36431902883263,3.409153011343,-1,END_OF_WINDOW
21.334565723811707,42.769812797333564,32.664428036352895,3.5242135105327845,-1,END_OF_WINDOW
20.76754556523573,40.82713902376426,31.18075711229356,3.428198259780464,-1,END_OF_WINDOW
19.570707726688113,35.539990046332946,38.51077016338046,3.656898384081867,-1,END_OF_WINDOW
19.01096419272664,33.37752731404851,42.252137782932785,3.615691356647443,-1,END_OF_WINDOW
19.746773272952673,28.093926447698816,51.393517609218364,3.988856259744065,-1,END_OF_WINDOW
20.59932184651398,27.090854258032905,52.217773079276256,3.8410808126194618,-1,END_OF_WINDOW
20.56745508772,31.623069813362964,47.58627797072234,3.9138607545751913,-1,END_OF_WINDOW
20.537864525982734,31.62306981336296,47.58627797072234,3.634299272105535,-1,END_OF_WINDOW
19.459809423161712,38.42611026342485,42.8517663010835,3.7475636098123006,-1,END_OF_WINDOW
18.625122397745457,35.229859700326074,41.1692743556244,3.7955947805399988,-1,END_OF_WINDOW
17.358734051735453,35.42057086034333,36.06081934593728,4.0237665819299835,-1,END_OF_WINDOW
16.182802016154735,35.125113859213975,35.760021778777045,3.767783254649242,-1,END_OF_WINDOW
15.48733990320279,33.70087680146205,38.34520686059199,3.646513022174308,-1,END_OF_WINDOW
15.165497519608378,32.35624547013582,40.339345634662116,3.526762092018986,-1,END_OF_WINDOW
14.866643877699282,32.35624547013581,40.339345634662116,3.27485051401763,-1,END_OF_WINDOW
13.941677695836232,38.25873343982862,36.81939757783519,3.3316469058735256,-1,END_OF_WINDOW
13.0827805269634,37.675911026108075,36.25850158785684,3.1415292697397077,-1,END_OF_WINDOW
12.623074628185103,35.25049064111264,40.27027913468381,3.117848607615439,-1,END_OF_WINDOW
13.975419585020429,27.650819188100062,53.147440453600026,3.690859421357184,-1,END_OF_WINDOW
15.558285483065038,25.313662371859373,53.95942073907655,3.7436551769745487,-1,END_OF_WINDOW
16.438546404113307,28.9488853167309,51.33304313653149,3.6541083786192083,-1,END_OF_WINDOW
17.409264607350067,27.81302436501133,51.68524167410779,3.5316720658606973,-1,END_OF_WINDOW
18.37552091800334,27.50153972866011,52.14018210407473,3.316552632584932,-1,END_OF_WINDOW
19.734978912273263,25.129369977977092,55.16633239226148,3.370370301685988,-1,END_OF_WINDOW
20.89518505450435,25.186308646234288,53.49369353824306,3.2274867087084096,-1,END_OF_WINDOW
21.972519329433215,25.186308646234284,53.49369353824306,2.996951943800666,-1,END_OF_WINDOW
22.972901156152876,25.186308646234288,53.49369353824306,2.7828839478149043,-1,END_OF_WINDOW
23.901827138106846,25.186308646234284,53.493693538243065,2.5841065229709828,-1,END_OF_WINDOW
24.764401264206963,25.186308646234284,53.49369353824306,2.399527485615913,-1,END_OF_WINDOW
25.080354239682357,28.157312394847345,51.3693502375261,2.3202755223576306,-1,END_OF_WINDOW
25.51914282033931,27.509778463219185,52.48770966745838,2.205255842189231,-1,END_OF_WINDOW
26.56735043319288,24.562454517854693,57.57804913287562,2.2934518534614003,-1,END_OF_WINDOW
27.54068607369976,24.562454517854697,57.57804913287563,2.129633863928443,-1,END_OF_WINDOW
26.261343015543105,38.61890305749063,46.8494009580692,2.4303743022192466,-1,END_OF_WINDOW
24.77760524399834,40.61137679481421,45.32863633071617,2.3324904234892965,-1,END_OF_WINDOW
24.329171837883283,35.71196586414452,51.924262923462244,2.4630268218114795,-1,END_OF_WINDOW
23.053620854051506,41.50329408801521,47.246713618768,2.5135249059678078,-1,END_OF_WINDOW
21.86918065477914,41.50329408801522,47.246713618768,2.333987412684393,-1,END_OF_WINDOW
21.39041064917541,38.042788440527815,51.64523304854234,2.364416883206952,-1,END_OF_WINDOW
20.945838501114803,38.042788440527815,51.64523304854232,2.195529962977884,-1,END_OF_WINDOW
19.766369571621787,47.66862959117154,43.621488967741435,2.4137063941937495,-1,END_OF_WINDOW
18.781342193527998,48.44091050892434,42.97774424501452,2.2748702231799283,-1,END_OF_WINDOW
18.927242933049232,55.986510563520625,36.68801196846338,2.474522350095627,-1,END_OF_WINDOW
17.749609970730933,46.122256453741464,43.924765621208245,2.789199325088772,-1,END_OF_WINDOW
16.93633903743066,42.52203273163899,48.30190161921525,2.809256516153871,-1,END_OF_WINDOW
16.008791560610725,43.70888275969111,47.30452617230566,2.6635953364285934,-1,END_OF_WINDOW
16.273808319753233,37.080279190791806,55.29597742489226,2.915481383826555,-1,END_OF_WINDOW
16.51989531038556,37.0802791907918,55.29597742489225,2.7072327135532297,-1,END_OF_WINDOW
15.450003643929,46.00875603849455,47.44933017567255,2.929573234013693,-1,END_OF_WINDOW
14.456532810790762,46.00875603849456,47.44933017567255,2.7203180030127148,-1,END_OF_WINDOW
13.534024180019541,46.00875603849456,47.44933017567255,2.526009574226092,-1,END_OF_WINDOW
13.01361850814091,49.89926095175239,44.03022295319656,2.527723176067066,-1,END_OF_WINDOW
12.530384669967896,49.89926095175238,44.03022295319655,2.3471715206337045,-1,END_OF_WINDOW
12.081667534521525,49.89926095175239,44.030222953196564,2.179516412017011,-1,END_OF_WINDOW
11.66500162303561,49.89926095175239,44.030222953196564,2.0238366683015103,-1,END_OF_WINDOW
11.305085912410622,50.088965506757454,43.863504177969205,1.8864197634228246,-1,END_OF_WINDOW
10.970878466830275,50.08896550675745,43.8635041779692,1.7516754946069086,-1,END_OF_WINDOW
10.592563808212036,44.6218890376487,49.99065238839576,1.8258415307064126,-1,END_OF_WINDOW
10.241271625209386,44.0283140390464,49.325660339391874,1.7182814213702196,-1,END_OF_WINDOW
10.544800384076437,40.16265757909115,53.774833394014685,1.7491184627008922,-1,END_OF_WINDOW
10.826648517310126,40.162657579091146,53.77483339401468,1.6241814296508286,-1,END_OF_WINDOW
12.38968766681127,32.01922943059411,63.147503072729315,1.8917398989615082,-1,END_OF_WINDOW
12.799209306810702,36.375175560695254,52.478034489751614,2.1137584776071145,-1,END_OF_WINDOW
14.994813688561875,25.97655852798029,66.03721004173903,2.748490014920892,-1,END_OF_WINDOW
17.4014756630843,23.78025235111577,68.90874844389242,2.787883585283666,-1,END_OF_WINDOW
18.095561834468004,32.016454941671455,55.84269977094821,3.1944633291919766,-1,END_OF_WINDOW
18.740070422181443,32.016454941671455,55.842699770948215,2.9662873771068354,-1,END_OF_WINDOW
19.41425248617969,31.606636301997106,56.407924270179336,2.790123993027776,-1,END_OF_WINDOW
20.5575611907437,28.76730929513723,60.323942308990375,2.846543707811501,-1,END_OF_WINDOW
21.671767525035758,27.82005344494647,59.330656027384755,2.7332191572535196,-1,END_OF_WINDOW
20.150361758855194,44.93053169136239,45.26614160539288,3.326560646021123,-1,END_OF_WINDOW
18.737627833116097,44.93053169136239,45.266141605392875,3.0889491713053285,-1,END_OF_WINDOW
18.2787776487913,51.28707979306084,40.04117003166439,3.242595659069218,-1,END_OF_WINDOW
17.852702477632562,49.33267297426205,38.51531330403774,3.130267397707104,-1,END_OF_WINDOW
17.896895536763328,52.48526168213458,36.11883910793892,3.0995340121565835,-1,END_OF_WINDOW
18.2100416138325,54.4629732807215,34.615460376199024,3.0031387255739705,-1,END_OF_WINDOW
19.008430356133427,58.209484410218806,31.767509666733876,3.0386288166044015,-1,END_OF_WINDOW
19.749791331127142,55.87557009892365,30.493788619440394,2.939441043989808,-1,END_OF_WINDOW
19.07712252120904,48.6227592703148,39.515896164186664,3.136623826561952,-1,END_OF_WINDOW
18.452501483427948,48.62275927031481,39.51589616418667,2.9125792675218127,-1,END_OF_WINDOW
17.872496234059792,48.6227592703148,39.51589616418667,2.7045378912702547,-1,END_OF_WINDOW
17.333919931075073,48.62275927031481,39.51589616418667,2.5113566133223792,-1,END_OF_WINDOW
18.19970239543271,58.53044529570204,31.895574662951326,2.889116855227904,-1,END_OF_WINDOW
19.003643255193367,58.53044529570203,31.895574662951326,2.6827513655687683,-1,END_OF_WINDOW
20.527215325652367,64.3998713457651,27.38120941009619,2.9018405537424274,-1,END_OF_WINDOW
22.419590645457475,64.36477172704755,23.194153657052254,3.180994799903679,-1,END_OF_WINDOW
24.17679629956222,64.36477172704757,23.194153657052258,2.9537808856248446,-1,END_OF_WINDOW
24.21149338698982,55.629075448907535,33.618373739472496,3.1735108223659414,-1,END_OF_WINDOW
23.35347439296824,50.61154972603486,39.60573762428532,3.2389743350540665,-1,END_OF_WINDOW
22.333199177009593,48.84818887337792,40.72430300842961,3.1161904539787746,-1,END_OF_WINDOW
21.38580076219085,48.848188873377936,40.72430300842962,2.8936054215517193,-1,END_OF_WINDOW
19.888683772575753,45.35187373220424,44.96696832878503,2.8940621771551744,-1,END_OF_WINDOW
18.498503710790303,45.35187373220424,44.96696832878502,2.6873434502155193,-1,END_OF_WINDOW
17.362822865535303,44.114389087644675,46.4686159131566,2.5653903466286976,-1,END_OF_WINDOW
16.164971311587916,45.69390321647466,45.15525753371409,2.451433893298095,-1,END_OF_WINDOW
15.052680582922486,45.69390321647466,45.155257533714085,2.276331472348231,-1,END_OF_WINDOW
15.841873298227497,58.658416755643614,34.37532705934987,2.7765935100376575,-1,END_OF_WINDOW
16.57469510529644,56.7558481257492,33.260373357514965,2.664693973606399,-1,END_OF_WINDOW
17.255172497574737,56.73946885454359,33.25077468718207,2.475072975491672,-1,END_OF_WINDOW
17.88704436183316,56.73946885454358,33.25077468718207,2.2982820486708384,-1,END_OF_WINDOW
18.157024303411745,54.426001001719875,35.04132666672241,2.2248333309086346,-1,END_OF_WINDOW
18.407719963449004,54.426001001719875,35.04132666672241,2.0659166644151608,-1,END_OF_WINDOW
17.624793997971693,48.663935431714705,41.918483323428894,2.145494045528352,-1,END_OF_WINDOW
16.89779131574276,48.663935431714705,41.9184833234289,1.9922444708477556,-1,END_OF_WINDOW
16.222717396530182,48.663935431714705,41.9184833234289,1.8499412943586302,-1,END_OF_WINDOW
15.595863042975642,48.663935431714705,41.9184833234289,1.717802630475871,-1,END_OF_WINDOW
15.526298917673108,51.99259016327025,38.72752623378777,1.7265310140133192,-1,END_OF_WINDOW
15.46170365846361,51.99259016327026,38.72752623378777,1.603207370155225,-1,END_OF_WINDOW
16.703222386480036,61.475144334741294,31.077959912923852,1.8551211294298597,-1,END_OF_WINDOW
17.85606120535243,61.4751443347413,31.077959912923856,1.722612477327727,-1,END_OF_WINDOW
17.46294747430326,52.59700644476492,41.03156607641098,1.8695687289471894,-1,END_OF_WINDOW
17.580355346729892,56.03405175689406,38.056493380465795,1.8717423911652538,-1,END_OF_WINDOW
18.084384473736353,55.341897875103356,33.46319700638028,1.9766179346534278,-1,END_OF_WINDOW
16.89245601805195,45.98285319975473,44.71544775458421,2.20900236789247,-1,END_OF_WINDOW
15.955483841992832,41.77839481005889,45.05626926557523,2.257645055900142,-1,END_OF_WINDOW
15.836224752979827,50.78345101499994,38.087477597983735,2.4799561233358385,-1,END_OF_WINDOW
15.725484170324895,50.78345101499994,38.087477597983735,2.3028164002404217,-1,END_OF_WINDOW
16.08436404080045,54.109865751483476,35.51324699120079,2.2933295145089683,-1,END_OF_WINDOW
15.76975628980919,50.438622678886965,39.88854051614002,2.2845202634726185,-1,END_OF_WINDOW
15.057861152450624,48.028987299404655,42.76028228448251,2.2277688160817015,-1,END_OF_WINDOW
15.777729720270385,57.89957076416769,34.63904482279692,2.553642472075863,-1,END_OF_WINDOW
16.591800807765633,58.962670707968094,33.76435619674668,2.4326680097847393,-1,END_OF_WINDOW
18.557837742394053,67.83340961114948,26.3036188712438,2.899620294800101,-1,END_OF_WINDOW
20.540149863946535,65.3204529360654,23.96990359768389,2.9546474166000665,-1,END_OF_WINDOW
20.750384903601958,56.06620001991963,34.74144160331671,3.1964583154143575,-1,END_OF_WINDOW
22.282589164953496,61.72277062136548,25.087680034327658,4.110282721456174,-1,END_OF_WINDOW
24.001917577432042,61.284552453785906,22.464293383176724,4.262405384209289,-1,END_OF_WINDOW
26.316967476075376,67.46366415987046,18.80004757490789,4.729376428194352,-1,END_OF_WINDOW
28.46665666767276,61.813364705912875,17.22548295749914,4.792992397609034,-1,END_OF_WINDOW
29.791154982054373,53.10328393654986,19.141347694657483,5.180635797779803,-1,END_OF_WINDOW
31.15896841290979,52.51368733969223,18.002622426608866,5.114876097938405,-1,END_OF_WINDOW
31.441140686837684,48.97807622903816,23.523294348152856,5.092384948085642,-1,END_OF_WINDOW
30.49015772010125,44.355038158625945,30.741926620985634,5.221500308936674,-1,END_OF_WINDOW
30.16820291465253,48.46257371372234,28.47265457102308,5.234964572584044,1,END_OF_WINDOW
29.903355543539984,47.395206066487155,27.561426458417326,5.021752817399469,-1,END_OF_WINDOW
29.008105525049793,44.562393000307765,31.372595404036677,4.959484759013799,1,END_OF_WINDOW
28.465730905766584,46.64771743940166,30.19249324136206,4.785235847655669,-1,END_OF_WINDOW
28.189687230674767,47.6871487501157,28.856543568052622,4.6491475728231295,1,END_OF_WINDOW
28.76431054807839,54.09724453131877,25.320639793622327,4.91992274619291,-1,END_OF_WINDOW
28.03866537060633,47.67883855892633,32.720346599447225,5.183499692893426,1,END_OF_WINDOW
27.26441544595913,43.36109964133383,30.634477228029567,5.292535429115326,1,END_OF_WINDOW
26.748517871438956,42.53590668601017,28.332556100371562,5.3137828984642095,-1,END_OF_WINDOW
26.29155046901781,39.50544939706206,26.144952932192265,5.347084120002463,-1,END_OF_WINDOW
25.489038661320713,38.12337471950702,28.14565444575803,5.1451495400022855,1,END_OF_WINDOW
24.021718036041975,35.835659693318256,32.45750425524741,5.08263885857355,1,END_OF_WINDOW
22.362449057135226,33.52218598067933,32.99539842026008,5.045307511532611,1,END_OF_WINDOW
21.120408571939805,34.0849834986151,30.85494777450812,5.009928403565977,1,END_OF_WINDOW
20.988260417255756,40.883521110278984,27.672539059697115,5.187076374739853,1,END_OF_WINDOW
20.865551416477707,40.280202086549984,27.26417478978589,4.888713776544132,1,END_OF_WINDOW
19.89640315450544,37.457069065288785,32.36203675031972,4.881662792505263,1,END_OF_WINDOW
18.825671489581005,36.19655307230793,32.810935383268635,4.690829735897747,1,END_OF_WINDOW
18.49943694532945,39.337021778715,29.5192302864746,4.841484754762174,1,END_OF_WINDOW
18.196504868524432,35.99171122396181,27.008847238132923,4.913521557993441,1,END_OF_WINDOW
17.549103174005253,34.95736883570687,29.10649252094256,4.697555732422472,1,END_OF_WINDOW
16.520331664451287,32.33139258567657,34.4319696126622,4.7163017515351555,1,END_OF_WINDOW
15.565043834151176,32.33139258567656,34.4319696126622,4.379423054996931,1,END_OF_WINDOW
14.6779908488725,32.33139258567656,34.4319696126622,4.06660712249715,1,END_OF_WINDOW
14.510186542918047,39.46514428477525,30.802086700727894,4.2211351851759265,1,END_OF_WINDOW
14.933590967809383,43.51076905137522,28.743542357190556,4.200339814806206,1,END_OF_WINDOW
15.326752219494196,43.51076905137522,28.743542357190556,3.900315542320049,1,END_OF_WINDOW
16.182235218031558,47.11929816353954,26.90740637798096,3.8688644321543335,1,END_OF_WINDOW
15.864139164465607,42.71183470177345,33.74437017563034,3.963231258429028,1,END_OF_WINDOW
15.546540700581549,40.8183550887837,32.452467881080196,3.8508575971126597,1,END_OF_WINDOW
15.738830697661037,44.22746497528301,30.583070211234016,3.794367768747466,1,END_OF_WINDOW
15.405681809449773,42.1917287600665,33.778246737835914,3.6933414995512264,1,END_OF_WINDOW
15.41238223514019,43.76346479356104,32.01776270598348,3.6181028210118438,1,END_OF_WINDOW
15.418604058995577,43.76346479356104,32.01776270598348,3.3596669052252834,1,END_OF_WINDOW
15.424381466861293,43.76346479356104,32.01776270598348,3.119690697709192,1,END_OF_WINDOW
14.673849070463834,40.65583225961147,36.84516413185615,3.118284219301386,1,END_OF_WINDOW
14.079334292034195,37.18816440237547,42.231845013716686,3.165549632208412,1,END_OF_WINDOW
13.321504364869567,38.547076794899695,41.31817361719931,3.0044389441935473,1,END_OF_WINDOW
12.66237513856498,42.18827484387142,38.86999629193361,2.9655504481797252,1,END_OF_WINDOW
12.417748928639533,37.69976058619578,45.37376764145775,3.081582559024041,1,END_OF_WINDOW
11.591050889214285,39.76972012556419,40.44672799794322,3.2100409476651888,1,END_OF_WINDOW
10.823402709747985,36.41053551995967,37.030359323263326,3.2557523085462403,1,END_OF_WINDOW
10.085185721771703,36.22536760759531,36.58092798429725,3.060341429364365,1,END_OF_WINDOW
9.39969851865087,36.22536760759531,36.58092798429725,2.8417456129811964,1,END_OF_WINDOW
9.533664897054978,33.27960736793977,41.73801521674092,2.872335212053967,1,END_OF_WINDOW
9.193219833680383,35.205264667049164,38.730083605884985,2.8743112683358003,1,END_OF_WINDOW
8.877092274832545,35.205264667049164,38.730083605884985,2.669003320597529,1,END_OF_WINDOW
8.940327572206407,33.82111271432712,41.13900952142871,2.5797887976977107,1,END_OF_WINDOW
9.513376527930603,31.527343596369857,44.40832005740974,2.56980388357645,1,END_OF_WINDOW
9.710405089695367,32.052250146835625,41.01944520696292,2.583389320463862,1,END_OF_WINDOW
9.638884901445525,41.82240901819008,35.12128820613646,2.801718654716434,1,END_OF_WINDOW
9.572473298070673,41.82240901819007,35.12128820613646,2.60159589366526,-1,END_OF_WINDOW
10.863303840539352,51.57338402030913,29.234712334555038,2.902196186974881,-1,END_OF_WINDOW
11.330286806403082,43.9740737482303,30.938489629967325,3.1606107450481025,-1,END_OF_WINDOW
12.011809585781362,45.74554393640191,29.94724373656515,3.03199569183039,-1,END_OF_WINDOW
12.644652166632623,45.745543936401916,29.947243736565152,2.8154245709853623,-1,END_OF_WINDOW
13.324605910363749,45.92329993971663,29.259729788273024,2.67575138734356,-1,END_OF_WINDOW
12.716463911948317,39.96099075319001,36.2927162498685,2.855340573961881,-1,END_OF_WINDOW
12.554043305479567,41.51306510196756,33.66277165043956,2.8585305329646102,-1,END_OF_WINDOW
12.403224170901444,39.18281913267027,31.773184895977188,2.8122069234671407,-1,END_OF_WINDOW
12.341128372524402,37.64837679636913,29.86182868714612,2.7784778575052127,-1,END_OF_WINDOW
12.607482123859858,30.800924633186153,42.59584486272136,3.15358658196914,-1,END_OF_WINDOW
12.411459365204161,32.833289826847924,40.01881171728419,3.1169018261141925,-1,END_OF_WINDOW
13.207874480322575,27.961403065866566,45.19890041694679,3.398551695677461,-1,END_OF_WINDOW
13.94740280150396,27.451897435842188,44.37529746043214,3.2143694317005114,-1,END_OF_WINDOW
14.634107671172387,27.451897435842195,44.375297460432144,2.984771615150475,1,END_OF_WINDOW
13.674162912063897,37.39131302464103,38.29568258772406,3.2115736426397166,-1,END_OF_WINDOW
12.782785635748871,37.39131302464103,38.29568258772406,2.982175525308308,-1,END_OF_WINDOW
12.867170360996862,44.2346595592632,33.394403794219826,3.1755915592148614,-1,END_OF_WINDOW
12.945527605869996,41.47204585016118,31.308803076402597,3.145192162128086,-1,END_OF_WINDOW
13.119837277145612,42.17911872030164,30.930563215237807,2.9562498648332225,-1,END_OF_WINDOW
13.281696257615828,42.17911872030163,30.930563215237807,2.7450891602022782,-1,END_OF_WINDOW
13.691396472374018,44.01464452605861,29.94867145379036,2.632582791616407,-1,END_OF_WINDOW
14.094594314816668,43.61860046175333,29.483463776373508,2.4831125922152326,-1,END_OF_WINDOW
15.35357386966885,50.218965052633486,26.031942318590897,2.6114616927713015,-1,END_OF_WINDOW
16.268019089150744,49.17602603663231,27.568098494109726,2.476357286144798,-1,END_OF_WINDOW
16.97130118518068,48.12949364257254,28.197489387740443,2.349474622848761,-1,END_OF_WINDOW
16.594267450245496,43.81187550261207,34.63877515352242,2.3966550069309753,-1,END_OF_WINDOW
16.244164696377112,43.81187550261207,34.638775153522424,2.225465363578763,-1,END_OF_WINDOW
16.149348019907723,45.4338991476773,33.63883232151487,2.1279321233231134,-1,END_OF_WINDOW
15.475840013259724,42.83264349378709,37.438250065990836,2.095936971657165,-1,END_OF_WINDOW
15.11841371913325,37.11203200935182,45.79382740061815,2.246227187967387,-1,END_OF_WINDOW
14.849291361842807,32.69006186341201,41.061365678228164,2.3679252459697038,-1,END_OF_WINDOW
14.599392030073112,30.941125469890178,38.86455989968854,2.323073442686138,-1,END_OF_WINDOW
14.367342650572681,30.941125469890178,38.86455989968854,2.1571396253514137,-1,END_OF_WINDOW
13.456536776683345,36.75939839920168,35.590185413968044,2.187343937826308,-1,END_OF_WINDOW
15.07909897603458,25.528362082131174,54.46325630506895,2.9246765136958732,-1,END_OF_WINDOW
16.585763875432153,21.949144520313226,46.827206533691644,3.158628191289012,-1,END_OF_WINDOW
17.984809853444187,21.452819549762935,45.768326453774286,3.000869034768355,-1,END_OF_WINDOW
18.591475968704067,25.301547954556607,43.52572707525033,2.9300926751420273,1,END_OF_WINDOW
19.876966511806575,22.79959725292976,49.11020147269515,3.019371769774728,-1,END_OF_WINDOW
21.46340264286491,20.435910592186747,50.13869656461506,3.1279880719336735,1,END_OF_WINDOW
22.936521907419078,20.340868790890415,49.905515272562766,2.918131781081272,1,END_OF_WINDOW
25.096390397234142,17.44000285561619,57.04962429685469,3.1604080824326055,1,END_OF_WINDOW
27.101982566348127,17.440002855616186,57.049624296854674,2.934664647973134,1,END_OF_WINDOW
28.96431815195397,17.44000285561619,57.04962429685468,2.7250457445464815,1,END_OF_WINDOW
30.986246442087584,16.277507376418665,59.912560616194945,2.7111139056503184,-1,END_OF_WINDOW
33.1122351130111,14.42362752729711,59.072728167303296,2.8410343409610244,-1,END_OF_WINDOW
35.08636745029723,13.966076075072735,57.19880203404364,2.7245318880352394,-1,END_OF_WINDOW
37.04182001493412,13.424092979118516,58.09993341068833,2.6320653246041714,-1,END_OF_WINDOW
36.31406017632726,27.893383243258437,48.37345682054606,2.935489229989563,-1,END_OF_WINDOW
35.638283183335176,26.27533214257816,45.56738900261251,2.893668570704588,1,END_OF_WINDOW
35.18097270383056,24.221349017831436,44.235287895495524,2.91483510136855,1,END_OF_WINDOW
34.890988622988424,22.62143170219201,43.06330800856145,2.898061165556499,1,END_OF_WINDOW
34.66116127307655,21.18737465796665,40.830569840922834,2.8731996537310156,1,END_OF_WINDOW
32.57481054216875,31.040470439852342,34.62046973357286,3.1465425356073915,1,END_OF_WINDOW
30.637484863468643,29.28636919027642,32.66406223201006,3.0967894973497403,1,END_OF_WINDOW
29.410447113410306,37.70137407711414,28.756797733682728,3.266304533253316,-1,END_OF_WINDOW
28.27761947476892,37.0906924051417,28.23808158885222,3.0887113523066647,1,END_OF_WINDOW
26.27572639244057,34.00779429149675,33.8374238748678,3.128089112856212,1,END_OF_WINDOW
24.78422386893004,36.35542708030554,32.63367799420502,3.011797033366483,-1,END_OF_WINDOW
24.142880579851383,41.35792314979469,30.068654168764777,3.035240102411745,-1,END_OF_WINDOW
23.54734752570691,40.64713106221884,29.551883503327748,2.8677229522394816,-1,END_OF_WINDOW
23.454830414160238,42.4797527199935,27.015576935154982,2.91288559850809,-1,END_OF_WINDOW
23.578092717090975,42.19145966127802,25.21753577548629,2.8976794843289277,-1,END_OF_WINDOW
23.692550569812376,42.19145966127802,25.217535775486287,2.690702378305433,-1,END_OF_WINDOW
24.658505437584616,47.897197955431544,21.91569023234498,2.8749379227121867,-1,END_OF_WINDOW
25.805400126129296,49.959127266375006,21.048393229374295,2.7795852139470276,-1,END_OF_WINDOW
25.70350794834953,45.10358924016763,27.422515662545273,2.858900555807945,-1,END_OF_WINDOW
24.12841403777211,38.36319169451622,35.65973152601801,3.121121944678788,-1,END_OF_WINDOW
22.66582683509308,34.32002703620527,31.901489318775845,3.2396132343445707,-1,END_OF_WINDOW
21.60293069827621,34.762323209596495,29.740590199347167,3.2267837176056693,-1,END_OF_WINDOW
20.61595571408912,33.952921822431904,29.048114186817603,3.067727737776693,-1,END_OF_WINDOW
20.421873693107706,28.362905257445654,40.729648373682885,3.4100328993640487,-1,END_OF_WINDOW
20.114382791240782,27.02150743251122,37.405152978342095,3.447887692266588,-1,END_OF_WINDOW
19.524512993452472,26.85171533327292,34.07535394668801,3.5144671428189826,-1,END_OF_WINDOW
19.65848341213072,25.00206458192553,38.61650037220974,3.504862346903349,-1,END_OF_WINDOW
19.16342999816616,28.003380481056606,36.17137350044252,3.4745150364102475,-1,END_OF_WINDOW
18.41967828130014,28.68620186415626,34.18828947539233,3.413478248095222,-1,END_OF_WINDOW
19.12438286322037,24.04289765539338,43.008847472334104,3.781801230374114,-1,END_OF_WINDOW
19.588218483162805,23.72015822689273,40.05920836854824,3.7702439996330983,-1,END_OF_WINDOW
19.276468324292257,27.870186973347533,37.879774557133224,3.7023694282307136,-1,END_OF_WINDOW
18.674247805592234,28.66845470897118,35.64331073991941,3.6536287547856614,-1,END_OF_WINDOW
17.947590542492808,27.896627927876743,33.08030513112571,3.6555124151581353,-1,END_OF_WINDOW
17.580163478252867,36.98186333786734,28.58671695699671,3.9279758140754293,-1,END_OF_WINDOW
17.23898120431578,34.395327412099974,26.587343108970387,3.921691827355766,-1,END_OF_WINDOW
16.280538189185897,32.66537333410062,30.261092159788987,3.8344281254018022,-1,END_OF_WINDOW
15.390555389422431,32.32813261338691,29.948673488642264,3.5976832593016725,-1,END_OF_WINDOW
15.203718983144483,36.39443811583378,28.149100630661085,3.554277312208713,-1,END_OF_WINDOW
14.936787006774686,36.11307169301624,28.683106872856285,3.326114647050957,-1,END_OF_WINDOW
15.191709261120844,39.499144667308904,27.162872678245463,3.261392172261608,-1,END_OF_WINDOW
16.278003380461914,45.686544587069065,24.384935815937705,3.373435588528631,-1,END_OF_WINDOW
18.46633856466446,55.407407885250706,20.020591367596296,3.8153330464908675,-1,END_OF_WINDOW
20.74741528527705,57.160375973625214,18.850048350528997,3.7628092574558005,-1,END_OF_WINDOW
21.260688119181058,50.193167279852716,28.274585521946594,3.9790371676375265,-1,END_OF_WINDOW
21.737298607806206,50.193167279852716,28.274585521946594,3.6948202270919888,-1,END_OF_WINDOW
22.179865490100987,50.193167279852716,28.274585521946598,3.430904496585418,-1,END_OF_WINDOW
22.444376720890837,49.55980461415936,29.17965292800398,3.2265541754007248,1,EXIT_PROFIT_TARGET_MET
23.225921339529012,53.66878714895637,26.8026065399905,3.26180030572923,-1,END_OF_WINDOW
23.524905603484537,50.5906414638753,28.822224156708835,3.213100283891423,1,EXIT_PROFIT_TARGET_MET
24.48405811792425,55.79623454355555,25.686051961845738,3.3478788350420294,-1,END_OF_WINDOW
26.597596048612655,66.0949445620627,19.701647738725658,4.05303034682476,1,EXIT_PROFIT_TARGET_MET
28.560166984251886,62.748479328280645,18.704130006579632,3.9642424649087014,-1,END_OF_WINDOW
29.53779707019624,58.33396867289565,23.68389253625001,3.9596537174152293,-1,END_OF_WINDOW
30.307904541992595,53.35839212613829,22.694426679349874,4.019678451885583,-1,END_OF_WINDOW
31.023004337232067,53.35839212613829,22.694426679349878,3.7325585624651842,-1,END_OF_WINDOW
30.376725320584892,47.88176524781692,30.628957009481802,3.8623758080033657,-1,END_OF_WINDOW
29.868381335352066,46.518731451314835,28.96198507639308,3.7929203931459736,-1,END_OF_WINDOW
28.934592637605682,44.45415594345221,31.669011484796055,3.6855689364926874,-1,END_OF_WINDOW
27.142192709298808,40.598700907233415,37.59527525495668,3.7473140124575086,-1,END_OF_WINDOW
25.477821347299567,40.598700907233415,37.59527525495668,3.479648725853401,-1,END_OF_WINDOW
24.197562531366728,37.029615536024586,43.081356957195716,3.5425309597209917,-1,END_OF_WINDOW
23.008750773714805,37.013541178410584,43.062655571069996,3.2909216054552055,-1,END_OF_WINDOW
21.904854141609448,37.01354117841059,43.062655571069996,3.0558557764941194,-1,END_OF_WINDOW
21.65803781804103,33.43642860492938,48.56527121315707,3.141151792458825,-1,END_OF_WINDOW
21.428851231870357,33.43642860492938,48.565271213157075,2.9167838072831946,-1,END_OF_WINDOW
20.66171307354958,37.055259965394924,45.92494523887044,2.864156392477241,-1,END_OF_WINDOW
19.626333219710386,43.90693815236624,38.806500695812716,3.147430935871751,-1,END_OF_WINDOW
18.664909069716845,43.555653711241426,38.49602311567192,2.9461858690237963,-1,END_OF_WINDOW
17.611881459026453,40.10055229543223,43.374895535306685,2.9714583069506486,-1,END_OF_WINDOW
17.626267989263862,35.142449382520375,50.37612318229632,3.148496999311336,-1,END_OF_WINDOW
16.542073321499608,42.15064883017071,44.26572646392373,3.327175785074819,-1,END_OF_WINDOW
15.505802675853298,44.35071917750533,42.582255340615845,3.2116632289980487,-1,END_OF_WINDOW
14.543551362038867,43.486235975403936,41.752242995106336,3.0415444269267544,-1,END_OF_WINDOW
13.713808424777278,43.33859326360856,40.873576532981325,2.885005539289155,-1,END_OF_WINDOW
12.883866293977574,40.66076630854234,42.4005848132187,2.8553622864828054,-1,END_OF_WINDOW
12.113205743949278,40.66076630854234,42.4005848132187,2.6514078374483194,-1,END_OF_WINDOW
11.780849005677402,38.79251154573593,45.047125730352384,2.580592991916286,-1,END_OF_WINDOW
11.627397120930514,47.17025872545966,38.88132085789601,2.776264921065102,1,END_OF_WINDOW
11.105805199664317,45.1918633966805,41.444735021461454,2.690817426703304,1,END_OF_WINDOW
10.621469844202851,45.19186339668051,41.444735021461454,2.498616181938782,1,END_OF_WINDOW
9.980724932537827,42.93174222852107,44.373182399776496,2.442286454657443,1,END_OF_WINDOW
9.385747514563162,42.931742228521074,44.3731823997765,2.2678374221819113,1,END_OF_WINDOW
9.26369320137193,40.61720562397889,47.372136060789934,2.2258490348831916,-1,END_OF_WINDOW
9.17101277321629,40.50522008993955,47.51723613249707,2.0725741038201337,-1,END_OF_WINDOW
9.084952375643196,40.50522008993955,47.51723613249707,1.92453309640441,-1,END_OF_WINDOW
9.713500053502932,36.61258824133137,52.560933652964714,1.9770664466612276,-1,END_OF_WINDOW
10.941792883352012,32.981082587676454,57.2662889943522,2.037990271899706,-1,END_OF_WINDOW
13.009045060923983,27.60472996006304,64.23244902994588,2.2609909667640027,-1,END_OF_WINDOW
14.73623479049612,26.676101554342498,58.265706065804025,2.314491611995128,-1,END_OF_WINDOW
16.340053825098817,26.676101554342498,58.26570606580403,2.149170782566905,-1,END_OF_WINDOW
17.417914284763384,29.30753379880148,56.17467897998484,2.0699442980978375,-1,END_OF_WINDOW
18.41878471159477,29.307533798801472,56.17467897998484,1.922091133947992,-1,END_OF_WINDOW
18.232756096904982,36.61341361943335,50.36917415543557,1.9905131958088575,-1,END_OF_WINDOW
18.15467827109247,35.555407990519896,50.26468590462661,1.9033336818225093,-1,END_OF_WINDOW
17.18152897403856,46.062439872978125,42.0695427453066,2.11166699026377,-1,END_OF_WINDOW
15.984374878893293,38.26958218499065,37.94842113290673,2.360119348102083,-1,END_OF_WINDOW
15.033271454901854,39.33725576274548,37.29207491016553,2.230110823237646,-1,END_OF_WINDOW
14.99721763614971,34.0823256231569,45.66901323888627,2.3901029072920856,-1,END_OF_WINDOW
15.57957046133611,31.283356028314316,50.130879535323174,2.4179526996283798,-1,END_OF_WINDOW
17.228069046751628,25.875110194651857,58.48908553874845,2.7145275067977606,-1,END_OF_WINDOW
18.758817733208897,24.144121133454174,54.57629187312164,2.701346970597902,-1,END_OF_WINDOW
20.18022722777636,24.144121133454174,54.57629187312165,2.5083936155551947,-1,END_OF_WINDOW
21.73284073971647,23.12302168967386,56.49734432503831,2.4320797858726846,-1,END_OF_WINDOW
21.588303839866537,33.01678861720674,49.226356715195955,2.5919312297389263,-1,END_OF_WINDOW
20.87851948599511,36.76986397761764,46.468199519435444,2.549650427614717,-1,END_OF_WINDOW
20.429495871739302,34.20059806343012,45.88715413980993,2.5453896827850793,-1,END_OF_WINDOW
20.01254537278748,34.200598063430114,45.88715413980992,2.3635761340147163,-1,END_OF_WINDOW
19.625377052332215,34.20059806343012,45.88715413980993,2.1947492672993794,-1,END_OF_WINDOW
19.72734601821106,32.0969317147405,49.21561560872301,2.171552891063734,-1,END_OF_WINDOW
21.272641676884714,25.044159903069854,60.374647191276296,2.584299113130597,-1,END_OF_WINDOW
24.0563081746032,17.816092617673142,71.81103465316637,3.373277747906991,-1,END_OF_WINDOW
26.912935579430567,15.706497162322158,71.67097376762135,3.5530436230564826,-1,END_OF_WINDOW
29.565518169627406,15.50508691466365,70.75191024713816,3.342111935695299,-1,END_OF_WINDOW
32.71238454681775,11.80870499134956,77.72459674989499,4.074818226002771,-1,END_OF_WINDOW
35.48209670230895,12.138787603908561,73.01089412278206,4.028045495574006,-1,END_OF_WINDOW
38.05397227526506,11.587774820130212,69.6967298644185,3.918185103033023,-1,END_OF_WINDOW
40.44214245015288,11.587774820130212,69.69672986441849,3.638314738530664,-1,END_OF_WINDOW
42.817115767640054,10.849175365194482,71.62824641115265,3.6084351143498883,1,END_OF_WINDOW
45.02244813387815,10.84917536519448,71.62824641115263,3.3506897490391823,-1,END_OF_WINDOW
47.07025675967066,10.849175365194482,71.62824641115265,3.111354766964955,1,END_OF_WINDOW
48.97179334076371,10.849175365194483,71.62824641115265,2.8891151407531726,-1,END_OF_WINDOW
49.48451053881885,18.409025108616547,65.55428374764051,2.9313212021279473,-1,END_OF_WINDOW
49.21868414297506,23.01512642323657,61.85351080123382,2.8847982591188224,-1,END_OF_WINDOW
48.97184534683439,23.01512642323657,61.85351080123382,2.6787412406103353,-1,END_OF_WINDOW
48.7426378932752,23.01512642323657,61.85351080123381,2.48740258056674,-1,END_OF_WINDOW
49.234320048324136,19.36252422409741,67.90752709358739,2.745445253383395,-1,END_OF_WINDOW
49.69088204944101,19.362524224097406,67.90752709358738,2.549342020998867,-1,END_OF_WINDOW
49.819275169083895,21.239945108266387,66.3264879014371,2.4236747337846594,-1,END_OF_WINDOW
49.93849735160943,21.239945108266387,66.32648790143709,2.250555109942898,-1,END_OF_WINDOW
47.586232552862505,37.39542960613512,52.72141171703477,2.6290868878041,-1,END_OF_WINDOW
45.40198666831179,35.75308285304022,50.40597263092127,2.553437824389501,-1,END_OF_WINDOW
43.373758346943276,35.75308285304022,50.40597263092127,2.3710494083616793,-1,END_OF_WINDOW
40.66505984741585,41.29528097047911,46.0577501942905,2.4095458791929776,-1,END_OF_WINDOW
39.04351558122026,53.01099431130994,36.86599513063788,2.795292602107761,-1,END_OF_WINDOW
37.53779590546721,53.010994311309936,36.86599513063788,2.5956288448143496,-1,END_OF_WINDOW
35.133309019304214,44.02213850662702,47.5713681106306,2.9023696416133156,-1,END_OF_WINDOW
32.90057119643857,44.022138506627016,47.571368110630594,2.6950575243552217,-1,END_OF_WINDOW
31.21111453226529,41.757609747716565,50.26833260920746,2.638267701186998,-1,END_OF_WINDOW
30.1074964720868,37.503935469455556,51.537235034916726,2.7276771511022035,-1,END_OF_WINDOW
29.08270827334963,37.50393546945555,51.537235034916726,2.532843068880618,-1,END_OF_WINDOW
27.22946413930675,46.75375719105514,43.909390951003765,2.760497135389131,-1,END_OF_WINDOW
25.798005838689917,41.28870606274205,47.68507373837404,2.902604482861336,-1,END_OF_WINDOW
25.489511397461683,35.534787407856086,54.975586298596475,3.1317041626569315,-1,END_OF_WINDOW
25.20305227346404,35.53478740785609,54.975586298596475,2.9080110081814365,-1,END_OF_WINDOW
24.20132880126065,40.522194304606714,50.72235254300123,2.926724507597054,-1,END_OF_WINDOW
23.271157005643218,40.52219430460672,50.722352543001236,2.717672757054407,-1,END_OF_WINDOW
22.96236636686878,37.26309985569675,54.6856252639997,2.74426756012196,-1,END_OF_WINDOW
23.09929058772471,33.11403840507315,55.048188015596004,2.86753416297041,-1,END_OF_WINDOW
22.983535633356006,32.583892454530435,50.4098971615225,2.9077102941868302,1,EXIT_PROFIT_TARGET_MET
22.87604889001364,31.670644081281182,48.99702862094942,2.777873844602067,1,EXIT_PROFIT_TARGET_MET
22.776239771195726,31.670644081281186,48.99702862094943,2.579454284273348,1,EXIT_PROFIT_TARGET_MET
21.505374057624525,39.35665333092793,43.48561101540668,2.698778978253823,1,EXIT_PROFIT_TARGET_MET
19.969601576566042,40.31784968983352,40.31417341561532,2.7031519083785334,1,EXIT_PROFIT_TARGET_MET
18.54352712986888,40.317849689833515,40.31417341561532,2.510069629208638,1,EXIT_PROFIT_TARGET_MET
17.751306680197132,37.858234871156995,43.95534338527586,2.482207512836585,1,EXIT_PROFIT_TARGET_MET
18.071839044756107,31.357206693734508,49.29275878171758,2.782764119062547,1,EXIT_PROFIT_TARGET_MET
17.20948006413667,38.90613617564827,43.87183195037595,2.9032809677009226,1,EXIT_PROFIT_TARGET_MET
16.40871815356148,37.950894627130765,42.79467032992166,2.7637608985794473,1,EXIT_PROFIT_TARGET_MET
16.571987261335188,33.70170376905841,49.199693617392185,2.889920834395215,1,EXIT_PROFIT_TARGET_MET
15.926958574956693,38.950451283506204,45.30461962203119,2.9142122033669873,1,EXIT_PROFIT_TARGET_MET
15.08889719839363,44.661783116189476,41.06626370204702,2.985339903126478,1,EXIT_PROFIT_TARGET_MET
14.31069734872793,43.149686926046066,39.67589957964411,2.8692441957602774,1,EXIT_PROFIT_TARGET_MET
13.588083202609779,43.14968692604605,39.675899579644096,2.6642981817774007,1,EXIT_PROFIT_TARGET_MET
12.797116569761691,42.571995811160626,40.48352297876687,2.507562597364715,1,EXIT_PROFIT_TARGET_MET
12.439700673703921,44.68145440154022,38.22064967776732,2.466308126124399,1,EXIT_PROFIT_TARGET_MET
11.79916715846597,40.81182875179115,38.072772799343106,2.507286117115543,1,EXIT_PROFIT_TARGET_MET
11.26395353029297,38.352627026492655,41.804326827490506,2.4774799658929822,1,EXIT_PROFIT_TARGET_MET
10.766969446989469,38.352627026492655,41.804326827490506,2.3005171111863407,1,EXIT_PROFIT_TARGET_MET
10.308334357112349,38.3398072307762,41.82377938392521,2.1369087461015854,1,EXIT_PROFIT_TARGET_MET
10.862675407912663,31.576596053368856,45.504455291961904,2.4092724070943166,1,EXIT_PROFIT_TARGET_MET
11.377420669370098,31.576596053368853,45.5044552919619,2.237181520873294,1,EXIT_PROFIT_TARGET_MET
11.346371098438832,34.80460576203879,43.35769241555252,2.180239983668063,1,EXIT_PROFIT_TARGET_MET
11.146056478606123,34.20430789884519,40.59351261020417,2.1623656991203326,1,EXIT_PROFIT_TARGET_MET
10.395915475914117,37.852162104549826,38.342921257326545,2.125768149183173,1,EXIT_PROFIT_TARGET_MET
10.046500645040851,40.78760699994482,36.53186014416766,2.0717847099557956,1,EXIT_PROFIT_TARGET_MET
10.979969154637875,49.6965847579421,31.035349819338307,2.26451437353038,1,EXIT_PROFIT_TARGET_MET
12.025599972364088,51.02742072927363,30.214273164330187,2.159906203992509,1,EXIT_PROFIT_TARGET_MET
12.340310118367812,47.95335427446158,34.41840417515237,2.134198617993057,1,EXIT_PROFIT_TARGET_MET
13.319059607225618,52.76277596109904,30.959221203385408,2.203184430993547,1,EXIT_PROFIT_TARGET_MET
14.227898418307868,52.76277596109903,30.959221203385408,2.045814114494008,1,EXIT_PROFIT_TARGET_MET
16.474541250049043,63.281842353689186,23.595494613934353,2.492541677744449,1,EXIT_PROFIT_TARGET_MET
18.560709593808703,57.12873805622374,21.30122608587279,2.5637887007627196,1,EXIT_PROFIT_TARGET_MET
20.173892058390773,55.724313446389786,23.235917777119038,2.4406609364225034,1,EXIT_PROFIT_TARGET_MET
20.94033426192562,51.9578948924503,27.42525915174358,2.4306137266780192,1,EXIT_PROFIT_TARGET_MET
21.652030593779408,51.100770179839685,26.972837678214532,2.2948556033438567,1,EXIT_PROFIT_TARGET_MET
20.807376318399537,44.44188831225555,36.488922177808014,2.450223060247885,1,EXIT_PROFIT_TARGET_MET
20.023054491261085,43.02365517671683,35.32448474101282,2.350207127373049,1,EXIT_PROFIT_TARGET_MET
19.88168571183781,47.17333814812068,32.75174313643914,2.353763761132124,1,EXIT_PROFIT_TARGET_MET
19.172377480215832,42.0110191485842,34.40643516660181,2.454209206765527,1,EXIT_PROFIT_TARGET_MET
18.57901876185352,38.93799242917927,31.305759156811423,2.504622834853693,1,EXIT_PROFIT_TARGET_MET
18.028042809088515,38.93799242917926,31.305759156811423,2.3257212037927153,1,EXIT_PROFIT_TARGET_MET
17.054269084519902,35.012275095074926,38.23149300202001,2.4017411178075125,1,EXIT_PROFIT_TARGET_MET
16.60700869903236,33.2649979222456,41.31403196826104,2.3473310379641097,1,EXIT_PROFIT_TARGET_MET
16.191695483936783,32.44627329630669,40.29720294430301,2.2346645352523864,1,EXIT_PROFIT_TARGET_MET
15.153223101613127,36.59326621978176,37.8234354173262,2.2107599255915082,1,EXIT_PROFIT_TARGET_MET
15.680872467937492,48.5514375410599,30.690137521120814,2.529991359477817,1,EXIT_PROFIT_TARGET_MET
16.17083259381012,45.4168495058946,28.70871446253628,2.5114205480865435,1,EXIT_PROFIT_TARGET_MET
16.6257955678347,45.41684950589459,28.708714462536268,2.332033366080362,1,EXIT_PROFIT_TARGET_MET
17.506654385193592,48.84238310036886,26.907010732440888,2.3104595542174935,1,EXIT_PROFIT_TARGET_MET
18.324594715598277,48.84238310036886,26.90701073244089,2.145426728916244,1,EXIT_PROFIT_TARGET_MET
18.842121305419244,47.763487213842595,28.311211800895173,2.0371819625650915,1,EXIT_PROFIT_TARGET_MET
19.26078537432833,46.774425670206355,28.24264494269117,1.9316689652390098,1,EXIT_PROFIT_TARGET_MET
19.706045660683426,47.194986767156806,28.019486096827258,1.8079783248647818,1,EXIT_PROFIT_TARGET_MET
20.822347978896246,52.597790083944076,25.132391531967883,1.871694158802999,1,EXIT_PROFIT_TARGET_MET
22.424678943539934,57.237480226568316,22.672453283140626,1.926573147459951,1,EXIT_PROFIT_TARGET_MET
23.486281228733205,55.315977569460095,25.26839366863537,1.851103636927122,1,EXIT_PROFIT_TARGET_MET
24.497320984133353,55.51930229258182,25.153415453449114,1.7267390914323368,1,EXIT_PROFIT_TARGET_MET
26.56397729940082,63.735114324809,19.344990896676403,2.0848291563300116,1,EXIT_PROFIT_TARGET_MET
28.796156565866514,65.00557068488828,17.376689535066898,2.155198502306451,1,EXIT_PROFIT_TARGET_MET
31.077865213131748,64.74360041446369,15.813285422643773,2.199112894998846,1,EXIT_PROFIT_TARGET_MET
34.04974026108807,73.90829013445665,11.691117495926287,2.7620334024989233,1,EXIT_PROFIT_TARGET_MET
36.948470742613786,73.61298129713956,10.693440443053728,2.8040310166061366,1,EXIT_PROFIT_TARGET_MET
39.64014904688767,73.61298129713956,10.693440443053728,2.6037430868485556,1,EXIT_PROFIT_TARGET_MET
39.51345418955408,60.10085172209412,27.086225837304028,2.961332866359382,1,EXIT_PROFIT_TARGET_MET
39.804025064942394,63.33869797644804,24.88815799232038,2.9926662330480043,1,EXIT_PROFIT_TARGET_MET
38.92264506700104,56.98207631095543,32.4263230871983,3.0889043592588714,1,EXIT_PROFIT_TARGET_MET
38.10422078319836,54.77239847430656,31.168879833309333,2.9839826193118015,-1,END_OF_WINDOW
37.6499017168385,53.53575431723391,27.7367959950909,3.113698146503829,1,EXIT_PROFIT_TARGET_MET
37.22803401236148,48.655544337041135,25.208366343540465,3.181291136039266,-1,END_OF_WINDOW
36.83629971534712,48.655544337041135,25.208366343540465,2.9540560548936043,1,EXIT_PROFIT_TARGET_MET
36.4230460805645,48.46623655276533,25.49936377544243,2.753766336686925,-1,END_OF_WINDOW
36.67298041621347,51.654387188718985,22.178663205182602,2.9399258840664397,1,EXIT_PROFIT_TARGET_MET
36.905062299316086,46.74937135531779,20.07261374635074,3.016359749490281,-1,END_OF_WINDOW
36.89318922764406,44.98276268957184,20.81092536745132,2.910905481669544,-1,END_OF_WINDOW
36.28547755599014,42.77837760030853,23.8622772345232,2.8422693758360245,-1,END_OF_WINDOW
35.72117386088293,42.77837760030853,23.8622772345232,2.63925013470488,-1,END_OF_WINDOW
35.23713323782322,42.91525421743935,23.64860732836884,2.472875125083131,-1,END_OF_WINDOW
33.8797689018797,39.364225603846506,28.368476678721287,2.5033840447200566,-1,END_OF_WINDOW
32.61935916136071,38.698325069825614,27.88858450556308,2.36457089866862,-1,END_OF_WINDOW
31.021556980028436,31.8581295351623,39.13501852459782,2.6671015487637444,-1,END_OF_WINDOW
29.537883525934177,31.666335893664296,38.89941625219698,2.4915942952806227,-1,END_OF_WINDOW
27.469503168547842,36.54441166570751,36.122537499270976,2.4914804170463096,-1,END_OF_WINDOW
25.934091629900827,37.53698385498997,33.30506301155732,2.509231815828701,-1,END_OF_WINDOW
24.155462129684466,36.26944403423045,35.52758072268742,2.4114295432695316,-1,END_OF_WINDOW
23.220735481104867,41.046144407857454,32.864735474588926,2.4206131473217054,-1,END_OF_WINDOW
23.45443203129296,47.29563766322549,27.484515239493007,2.6877122082272877,-1,END_OF_WINDOW
23.779680746747033,45.22007724880889,25.431925145318168,2.6971613362110647,-1,END_OF_WINDOW
23.468756254370124,43.03536034803049,29.03453140574475,2.631649812196003,-1,END_OF_WINDOW
23.866652064878956,48.102059738005806,26.452065450364657,2.6822462541820133,-1,END_OF_WINDOW
24.236126746065732,48.10205973800582,26.452065450364657,2.490657236026155,-1,END_OF_WINDOW
23.645817928646494,44.37433809141516,32.15174295224275,2.507038862024273,-1,END_OF_WINDOW
23.097674026757197,44.37433809141516,32.15174295224275,2.327964657593968,-1,END_OF_WINDOW
22.588683260717136,44.374338091415154,32.15174295224275,2.1616814677658276,-1,END_OF_WINDOW
21.375908330683277,41.27522879390386,36.89027367248623,2.1579899343539917,-1,END_OF_WINDOW
20.087521320425274,37.51732688083028,40.10886984098468,2.2045620819001313,-1,END_OF_WINDOW
18.891161953757127,34.40782187900208,36.78457299583967,2.232093361764418,-1,END_OF_WINDOW
18.227253419552007,31.931822579439242,38.71102257755234,2.2333724073526735,-1,END_OF_WINDOW
18.67339549494723,28.03132121136356,46.19752729207323,2.362417235398941,-1,END_OF_WINDOW
19.55261093698705,26.19733676522265,49.71762173807662,2.3472445757275624,-1,END_OF_WINDOW
21.437508149017358,20.913208520115603,56.45882952526347,2.730298534604168,-1,END_OF_WINDOW
23.871586107513853,17.928052068149817,62.673906749964885,2.9574200678467166,-1,END_OF_WINDOW
26.3442196251555,15.756020913047387,60.15549260734495,3.1247472058576458,-1,END_OF_WINDOW
28.96019489340712,14.266877427500273,62.78447624796713,3.2044081197249414,-1,END_OF_WINDOW
30.230075686168384,20.05860382653003,55.26264553859864,3.3805218254588794,-1,END_OF_WINDOW
31.409250708018128,20.058603826530035,55.26264553859864,3.139055980783245,-1,END_OF_WINDOW
33.05106128514364,17.44641275809909,59.06387898086499,3.351266267870165,-1,END_OF_WINDOW
34.6142270802647,17.28768801956063,59.43630941660167,3.1404615344508744,-1,END_OF_WINDOW
36.64818722919752,14.78212103539447,65.3153514126567,3.410428567704389,-1,END_OF_WINDOW
39.09883505174615,12.101687150788402,71.23539326536181,3.8682550985826585,-1,END_OF_WINDOW
41.3969597788268,10.995318475720879,65.55397795837598,3.953379734398179,-1,END_OF_WINDOW
42.85522448371858,14.791339037270504,62.67591175673141,3.8395668962268896,-1,END_OF_WINDOW
44.52165121879864,13.444575054428833,66.07430169369239,3.922454975067826,-1,END_OF_WINDOW
46.63049784599813,10.835212235014716,72.65870138090885,4.51942247684871,1,END_OF_WINDOW
48.588712571254796,9.472799318620018,63.522640997161226,4.800178014216679,-1,END_OF_WINDOW
48.85041637242417,18.036605618853354,57.513446091272115,4.92302244177263,1,END_OF_WINDOW
48.87522468236477,19.097112764256615,56.085015056303796,4.6878065530745605,-1,END_OF_WINDOW
49.00286843523403,17.890543333414477,54.63217486971301,4.646534656426387,1,END_OF_WINDOW
48.22304431015463,22.97815857941122,51.247089922460866,4.599639323824486,-1,END_OF_WINDOW
47.49892190829519,22.15202336730674,49.40460000506755,4.430379372122738,-1,END_OF_WINDOW
45.683890696762376,28.602760109281327,44.82094392153817,4.534637988399677,-1,END_OF_WINDOW
43.753727938260994,29.715051379757817,43.35020633879789,4.3535924177997005,-1,END_OF_WINDOW
42.500583820064236,26.91841682463767,46.040821926313704,4.4626215308139825,-1,END_OF_WINDOW
42.525229194327814,22.203278789871163,55.492528336740826,5.023862850041567,-1,END_OF_WINDOW
43.31038528826855,18.84221501152798,62.22993195576209,5.49715836075289,1,END_OF_WINDOW
44.5704639268084,15.098409238217963,62.23313442210579,6.370218477841956,-1,END_OF_WINDOW
45.770694689851936,14.695585485680109,61.395489428583986,6.077345729424672,1,END_OF_WINDOW
47.70240862121741,10.489468411686607,66.68065256253759,7.906106748751469,-1,END_OF_WINDOW
49.55961083793547,8.962562378253766,59.202202108030235,8.592099123840665,1,END_OF_WINDOW
51.28415575345939,8.530308841538815,56.34695154881513,8.382663472137782,-1,END_OF_WINDOW
52.986337636075184,7.835055378502617,55.13429635006527,8.474616081270803,1,END_OF_WINDOW
54.594183245524505,7.569832968969814,54.215078814448944,8.145000646894294,-1,END_OF_WINDOW
56.2077521439786,7.23894122106158,56.21642450609496,7.9089291721161405,1,END_OF_WINDOW
56.78513607099442,11.33252738885656,52.13924573396258,7.918291374107842,-1,END_OF_WINDOW
57.438593431830796,10.796568105448838,52.58875474529796,7.717699133100148,1,END_OF_WINDOW
58.238745842136126,10.030741235037809,53.94230617181873,7.713577766450127,-1,END_OF_WINDOW
59.495654884964274,8.081921352615911,58.808865840531766,8.88975078313225,1,END_OF_WINDOW
58.680185909748445,17.96501824477725,51.236457534533024,9.474768584337117,-1,END_OF_WINDOW
57.82096289070076,17.235381008649277,47.37839458132616,9.514427971170193,1,END_OF_WINDOW
57.49003317776554,15.808978878084119,51.73336474678337,9.631968830372312,-1,END_OF_WINDOW
57.41967978870771,14.330344733074613,51.56400164697434,9.866828199631438,1,END_OF_WINDOW
57.354351641725444,13.193740432230028,47.4742280140037,9.951340471086349,-1,END_OF_WINDOW
57.455062243958395,12.322205865548701,47.44254112484501,9.894101866008725,1,END_OF_WINDOW
57.54857923174614,11.837207638256523,45.575217319769024,9.56380887557953,-1,END_OF_WINDOW
57.6354164346919,11.594736533197054,44.64166325494589,9.066393955895272,1,END_OF_WINDOW
58.03397207016775,10.419819406940308,46.23302679301093,9.36808010190275,-1,END_OF_WINDOW
58.6194194399982,9.707973345760418,47.78708720319564,9.336788666052573,1,EXIT_PROFIT_TARGET_MET
59.163049140555046,9.707973345760418,47.78708720319563,8.66987518990596,-1,END_OF_WINDOW
60.0428775704549,8.778756162682653,52.784745727929774,8.90274124776981,1,EXIT_PROFIT_TARGET_MET
60.932377329451896,7.832632667245271,49.123423476329606,9.265402587214824,-1,END_OF_WINDOW
62.06378912812896,6.749469579576433,51.365830832892975,9.98430240241376,1,EXIT_PROFIT_TARGET_MET
62.95407720536278,6.618695547134847,45.349342690867466,10.50113794509851,-1,END_OF_WINDOW
63.43066451906285,7.572331157120458,42.288772736650635,10.456770949020052,1,EXIT_PROFIT_TARGET_MET
63.381018888245414,9.479954415486004,41.399495946498135,9.918430166947164,-1,END_OF_WINDOW
63.55557218442159,8.947043661220441,43.412764078553636,9.758542297879531,1,EXIT_PROFIT_TARGET_MET
63.235279879783775,10.860887173839565,42.21157746683546,9.319360705173859,-1,END_OF_WINDOW
63.13502981705147,10.140241202236806,42.99423002524672,9.268692083375702,-1,END_OF_WINDOW
63.17519095534035,9.870726047964443,44.50937336185409,8.841642648848865,1,EXIT_PROFIT_TARGET_MET
63.2124834408943,9.87072604796444,44.50937336185409,8.21009674535966,-1,END_OF_WINDOW
63.393394156399566,9.559918166961028,46.25665355149224,7.871518406405418,1,EXIT_PROFIT_TARGET_MET
64.2486483435841,7.665459427268731,54.571740525046856,9.115695663090744,-1,END_OF_WINDOW
65.04281294596973,7.362280499852294,52.41335694522183,8.813145972869952,1,EXIT_PROFIT_TARGET_MET
65.99141320425207,6.807335767998747,56.000283152444446,8.85077840337922,-1,END_OF_WINDOW
66.87225630122853,6.676771537251112,54.92620158211547,8.379294231709277,1,EXIT_PROFIT_TARGET_MET
67.79814902531487,6.205640889430935,55.34224227902008,8.371487500872899,-1,END_OF_WINDOW
68.17792884092626,7.814210222687469,50.31656556200472,8.54995267938197,1,EXIT_PROFIT_TARGET_MET
68.76491086425467,6.7559802058372265,50.487603978175166,9.182813202283247,-1,END_OF_WINDOW
69.30996560020249,6.260399114626611,46.784114460770226,9.201897973548716,1,EXIT_PROFIT_TARGET_MET
68.72431560951442,10.056962464711498,41.66423243273812,9.594619546866651,-1,END_OF_WINDOW
68.4766959144574,9.241913890261149,43.960654144829526,9.695003864947607,-1,END_OF_WINDOW
68.39598498751117,8.585256312160512,43.99912322248563,9.691075017451341,1,EXIT_PROFIT_TARGET_MET
68.42626479955982,7.9785556357244865,43.19867752671872,9.683141087633384,-1,END_OF_WINDOW
68.4803494484596,7.525408072929414,41.31463433701239,9.532916724230995,1,EXIT_PROFIT_TARGET_MET
67.81139264507837,9.994142842815052,38.89484650540952,9.402708386785928,-1,END_OF_WINDOW
65.69398529803456,15.815891718875339,35.341477831949845,9.608943502015503,-1,END_OF_WINDOW
63.72782133292246,15.7943969402048,35.293446569635314,8.934733251871544,-1,END_OF_WINDOW
61.067735500431546,19.238646051924164,33.10188289034164,8.845823733880723,-1,END_OF_WINDOW
58.61937573247327,17.996087226129312,31.167302995102645,8.781122038603531,-1,END_OF_WINDOW
56.945602008652834,16.879691678002466,35.20730573057481,8.693184750131863,-1,END_OF_WINDOW
55.42030140122769,16.43752327739227,34.60386442470603,8.289385839408157,-1,END_OF_WINDOW
54.003950837190054,16.437523277392266,34.603864424706025,7.697286850879003,-1,END_OF_WINDOW
52.91325349376767,16.01812000895687,36.272446274931944,7.334623504387638,-1,END_OF_WINDOW
51.900463103446896,16.01812000895687,36.27244627493195,6.810721825502807,-1,END_OF_WINDOW
50.96001488386331,16.01812000895687,36.272446274931944,6.324241695109749,-1,END_OF_WINDOW
50.67603010462862,14.8127766462972,41.06786445497408,6.3503672883162,-1,END_OF_WINDOW
50.80783293204918,13.906505622286954,44.67343335692953,6.2810553391507655,-1,END_OF_WINDOW
51.079990506123124,13.540037528075944,46.13141439024035,5.990265672068538,-1,END_OF_WINDOW
52.00064788196818,11.712608684399976,53.301804864762794,6.43024669549222,-1,END_OF_WINDOW
52.85554401668145,11.202043447744225,50.97832174087062,6.243086217242772,-1,END_OF_WINDOW
53.07973141928047,13.93787336594906,49.407699812014954,5.981437201725426,-1,END_OF_WINDOW
53.58753049220546,13.065797286977805,52.573199570526384,5.924905973030757,-1,END_OF_WINDOW
53.765771618132575,14.23264583508186,50.583327269979186,5.718126974957146,-1,END_OF_WINDOW
54.10531157136376,13.447527664533034,51.3900363229606,5.619689333888789,-1,END_OF_WINDOW
53.57970352072354,17.42317682178795,48.01205129442893,5.585425810039613,-1,END_OF_WINDOW
53.49781335083864,16.15912052587489,51.783791347638065,5.592181109322486,-1,END_OF_WINDOW
53.421772478802666,16.15912052587489,51.78379134763807,5.192739601513737,-1,END_OF_WINDOW
53.60479254838102,14.789807782246703,52.41223576086094,5.2682582014056125,-1,END_OF_WINDOW
53.77473975584663,13.889367267216125,49.2212476657307,5.209096901305216,-1,END_OF_WINDOW
54.30881136400268,12.791867827774029,53.23364442580281,5.252018551211983,-1,END_OF_WINDOW
54.69590703707525,12.52463756739349,49.67582162262692,5.226160083268294,-1,END_OF_WINDOW
55.05535301921407,12.513586429776005,49.63199006757716,4.857148648749126,-1,END_OF_WINDOW
55.69739355855369,11.6449579126253,53.128277085288325,4.846638030981334,-1,END_OF_WINDOW
56.38988222632854,10.685091614920863,51.064585582270226,4.904735314482657,-1,END_OF_WINDOW
57.56887810964656,9.04639485115207,57.70638190915911,5.379397077733909,-1,END_OF_WINDOW
58.85433878409866,8.29878011664698,59.62748436919465,5.445154429324357,-1,END_OF_WINDOW
60.33945955732842,6.7735049025163026,59.783582216135166,6.194786255801192,-1,END_OF_WINDOW
61.90874883971399,5.994857450588111,61.78005760021834,6.499444380386825,-1,END_OF_WINDOW
60.710290694338184,18.656365529289864,49.346110749001184,7.555912638930621,-1,END_OF_WINDOW
59.20043017045533,20.448410847195778,47.230457223351095,7.33049030757844,1,EXIT_PROFIT_TARGET_MET
57.21348103123393,23.048759511774303,44.13228100199816,7.28474099989427,1,EXIT_PROFIT_TARGET_MET
56.24415156869928,19.086428788436994,48.64742600265497,8.168688071330383,1,EXIT_PROFIT_TARGET_MET
56.29770922996435,15.743340983335777,57.471214710313404,9.195924637663941,-1,END_OF_WINDOW
56.369048191120356,14.605874788436893,53.80003709119931,9.204072877830798,1,EXIT_PROFIT_TARGET_MET
55.83376085457311,17.638107246459427,51.3618576899445,8.952353386557158,-1,END_OF_WINDOW
55.36334306719247,16.736432588344528,49.217238254495214,8.760756716088789,1,EXIT_PROFIT_TARGET_MET
55.5004929151619,14.440241923616329,53.16933263465184,9.428559807796741,-1,END_OF_WINDOW
55.99340525557677,12.619912855975121,54.50954287992051,10.017948392954105,1,EXIT_PROFIT_TARGET_MET
56.538773162481895,11.090467257735563,49.89400860291531,10.585237793457386,-1,END_OF_WINDOW
57.045186218893804,10.360177893181678,46.60856868493039,10.522006522496165,1,EXIT_PROFIT_TARGET_MET
57.677945312000205,9.3425060954052,45.45837963730478,10.834720342317874,-1,END_OF_WINDOW
58.15599073638651,9.380817379276559,43.27688914125974,10.567954603580878,1,END_OF_WINDOW
58.59989005903093,9.380817379276557,43.27688914125973,9.813100703325102,-1,END_OF_WINDOW
59.08494721596023,9.158969398875781,43.76880908982687,9.332879224516176,1,END_OF_WINDOW
60.27564316802611,7.4691048129872675,54.1436770474708,10.626959279907865,1,EXIT_PROFIT_TARGET_MET
61.62664894489657,6.191392243221547,53.31182872679824,11.904319331343034,1,END_OF_WINDOW
63.09507372478507,5.011115114466733,51.24486511506642,13.657582236247123,1,EXIT_PROFIT_TARGET_MET
64.2660735066717,5.011440155389591,43.85460657563189,14.81918350508662,1,END_OF_WINDOW
64.66766982275689,7.3465897106940306,41.44919039800967,14.559241826151851,1,EXIT_PROFIT_TARGET_MET
63.345066928306494,13.636307640039485,37.01037365979478,15.140724552855277,1,END_OF_WINDOW
62.116935669173984,12.792688350431446,34.720702147594004,14.986387084794186,1,END_OF_WINDOW
60.67959708153329,13.460322081432444,32.949936974696534,14.663788007308906,1,END_OF_WINDOW
59.20139218418238,13.389057547428273,31.22977768214298,14.366374578215414,1,END_OF_WINDOW
58.49962117288639,12.365460017743112,36.48728213539545,14.444490679771459,1,END_OF_WINDOW
57.886197472926725,11.97702301754848,35.84660236621577,13.847741345502047,-1,END_OF_WINDOW
56.77235078674647,13.990711001336809,34.497520677826955,13.361474106537614,-1,END_OF_WINDOW
55.897102204331475,13.198923737296829,34.38094310345427,13.151368813213505,-1,END_OF_WINDOW
54.029378910898295,17.360111103287636,32.062972401023096,13.09484246941255,1,END_OF_WINDOW
52.02243340532791,18.36608926919243,31.226513308192768,12.485210864454539,1,END_OF_WINDOW
51.223121372316314,16.32706399172759,38.86182835695559,13.041267231279214,1,END_OF_WINDOW
50.737580493647776,15.764499376720714,40.968402570789756,12.54189100047357,-1,END_OF_WINDOW
50.46227304902483,15.165486922694765,41.93700682099562,12.10604164329689,1,END_OF_WINDOW
49.7116203704688,16.87773768891551,39.33747968602611,11.984181525918547,-1,END_OF_WINDOW
47.91898017780209,22.257064907045923,36.79172155475983,11.898168559781523,-1,END_OF_WINDOW
45.98779223725439,23.33350184596751,35.650812157380045,11.4018708055114,-1,END_OF_WINDOW
43.32824970367989,27.90628744897566,33.26099139623418,11.348165747974846,-1,END_OF_WINDOW
40.71277201062408,34.54391107664709,30.198672442758635,11.60615390883379,-1,END_OF_WINDOW
38.28411415278654,32.63610084407681,28.530843453490483,11.407142915345673,-1,END_OF_WINDOW
35.89437711602841,32.281272733666114,29.307874566710822,10.708775564249562,-1,END_OF_WINDOW
33.43118275529305,31.624761839206375,30.745554886268586,10.150291595374584,-1,END_OF_WINDOW
31.78627106525596,29.22196381698561,36.00739510487136,10.200270767133537,-1,END_OF_WINDOW
30.258853067364374,29.221963816985614,36.00739510487136,9.47167999805257,-1,END_OF_WINDOW
28.669559471088267,29.874202568692002,35.075888237435635,9.028702855334528,-1,END_OF_WINDOW
27.083066494822233,30.479720727204782,34.68872781425916,8.477366937096344,-1,END_OF_WINDOW
26.190125411965994,28.46023451060403,38.1772383984878,8.430412155875189,-1,END_OF_WINDOW
24.615368019122997,32.2686165125347,35.05832300420002,8.524668430455533,-1,END_OF_WINDOW
23.24275238506423,31.66570882565991,35.27993626584489,8.066477828280147,-1,END_OF_WINDOW
22.66021537443385,29.418585025445328,39.87272767844621,8.06244369768869,-1,END_OF_WINDOW
22.326582045355877,27.380920870701523,39.39313947183618,8.043697719282337,-1,END_OF_WINDOW
22.016779668354904,25.630825515879806,36.87526395088267,7.979147882190732,-1,END_OF_WINDOW
22.44452051595957,22.791962895827393,40.523575317578796,8.332065890605653,-1,END_OF_WINDOW
22.84170844587819,21.048852771294165,37.42436641042109,8.377632612705236,-1,END_OF_WINDOW
23.21052580937405,21.048852771294165,37.42436641042109,7.7792302832262905,-1,END_OF_WINDOW
24.736627744577916,17.916593392569453,46.73618579175589,8.486428120138719,-1,END_OF_WINDOW
26.421761010673528,16.698174600116364,47.93386623420519,8.455254682985933,-1,END_OF_WINDOW
28.1051931357479,15.358221811581867,46.062148898890804,8.53630791991552,-1,END_OF_WINDOW
29.42265424521048,16.17754454496242,44.35543285137118,8.231571639921553,-1,END_OF_WINDOW
31.3324665682079,13.989171601157317,49.83008087358077,8.839316522784284,-1,END_OF_WINDOW
33.105863725276926,13.989171601157318,49.830080873580776,8.207936771156835,-1,END_OF_WINDOW
32.9254363327534,23.547269526565863,44.29262935163821,8.574512716074214,-1,END_OF_WINDOW
32.51405853523393,23.504397613710875,41.03811029880893,8.593476093497495,-1,END_OF_WINDOW
32.132064866108706,22.257207165954053,38.86054591278062,8.426799229676261,-1,END_OF_WINDOW
30.293808998934598,30.133475950880438,34.25187372047145,8.87774214184226,-1,END_OF_WINDOW
28.161095746175874,32.41276247203563,32.69652401739865,8.635760560282115,-1,END_OF_WINDOW
26.18071915432849,32.41276247203563,32.696524017398644,8.018920520261965,-1,END_OF_WINDOW
24.837128056096176,35.92838653317584,30.995778569655577,7.854711911671843,-1,END_OF_WINDOW
23.58950775059474,34.79041229863936,30.014036810695824,7.532232489409579,-1,END_OF_WINDOW
22.431003181200552,34.79041229863936,30.01403681069583,6.99421588302318,-1,END_OF_WINDOW
21.00251400146498,32.66371858840961,34.292189838646145,6.917486177092958,-1,END_OF_WINDOW
19.708771170328152,35.047244446901615,33.078337224405104,6.659094307300585,-1,END_OF_WINDOW
18.974350751575027,31.83332546699851,38.45977547178254,6.807730428207703,-1,END_OF_WINDOW
18.341924373286677,31.661602482912567,38.79175055896783,6.355749683335726,-1,END_OF_WINDOW
17.656958919318175,40.3532679855012,33.85799541737121,6.761767563097489,-1,END_OF_WINDOW
17.020919569204565,40.35326798550119,33.85799541737121,6.278784165733383,-1,END_OF_WINDOW
16.43031160124193,40.3532679855012,33.85799541737121,5.830299582466713,-1,END_OF_WINDOW
16.142264105670797,34.22175294000614,43.90800416470003,6.383849612290547,-1,END_OF_WINDOW
15.002098264702525,39.20942481233528,39.06856956372217,6.66214606855549,-1,END_OF_WINDOW
13.943372840946271,36.40958936675813,36.27879219779424,6.6619927779443735,-1,END_OF_WINDOW
13.797890146566516,42.01976526454942,33.0781460066113,6.784707579519784,-1,END_OF_WINDOW
14.663768024718179,49.231953263997475,28.963540248952864,7.195085609554067,-1,END_OF_WINDOW
15.913656635235217,52.253921937784646,26.82151498537271,7.214722351728763,-1,END_OF_WINDOW
17.99719586127807,57.13944239424454,21.6283820127751,8.307956469462422,-1,END_OF_WINDOW
20.58105219225413,61.7770743118921,18.363808712741466,9.085959578786522,-1,END_OF_WINDOW
22.02230413841064,56.86196216569809,23.931638327498458,9.166248180301773,-1,END_OF_WINDOW
24.126315550078594,62.26075103778349,19.94334508793549,10.213659024565926,-1,END_OF_WINDOW
26.261773495951502,61.883373594406166,18.472785374076885,10.239111951382657,-1,END_OF_WINDOW
27.786342288367187,56.57866381844081,20.08321278014344,10.399175383426755,-1,END_OF_WINDOW
28.709367372246557,51.23495019129621,21.58919298061918,10.663519998896298,-1,END_OF_WINDOW
29.566462092991685,47.519136883104736,20.023437372563052,10.676125713260827,-1,END_OF_WINDOW
30.362335762255018,46.34050433493293,19.526789567876733,10.165688162313607,-1,END_OF_WINDOW
31.101361312285256,45.40259007246686,19.131574740184853,9.634567579291176,-1,END_OF_WINDOW
30.565385561653834,40.62198325292175,25.110603985933096,9.999241323627505,-1,END_OF_WINDOW
29.492952101953243,38.161826556322914,27.889911330422823,9.88358122908269,-1,END_OF_WINDOW
27.494062135187246,33.751362228015466,34.785231652535664,10.376896855576781,-1,END_OF_WINDOW
25.637950023190246,31.611872771335566,32.580205500821016,10.287832794464162,-1,END_OF_WINDOW
24.135078901546787,30.774300437620155,33.74053402634527,9.81298759485957,-1,END_OF_WINDOW
22.924032953195074,29.464695181822748,34.023418299647126,9.517059909512462,-1,END_OF_WINDOW
22.645553227971643,26.070071703723702,38.32060121648917,9.98798420169012,-1,END_OF_WINDOW
22.213636080995567,25.5432434445242,35.71059187502875,9.95241390156938,-1,END_OF_WINDOW
20.806401116416907,31.323710384572077,32.93819209168141,10.019384337171592,-1,END_OF_WINDOW
19.499682935022438,31.323710384572077,32.93819209168141,9.303714027373623,-1,END_OF_WINDOW
19.44852772226447,38.66367205345804,26.435721065412036,10.764163025418364,-1,END_OF_WINDOW
19.401026453274927,34.743281401393084,23.755211216214487,11.123151380745622,-1,END_OF_WINDOW
19.54407562406922,35.40556419047795,22.921422320367782,10.704354853549521,-1,END_OF_WINDOW
20.74770105335032,42.588024650083675,19.86012553256011,11.47190093543886,-1,END_OF_WINDOW
21.865353237682772,40.930334003813265,19.087092629541527,11.08390801147894,-1,END_OF_WINDOW
23.236626847160576,41.93305529540021,17.519814226757216,11.212914582087611,-1,END_OF_WINDOW
23.673072963685,39.2410335050346,21.43462529229189,11.12627782622421,-1,END_OF_WINDOW
23.620104439796176,36.18634370122245,22.686019670727262,11.203686552922484,-1,END_OF_WINDOW
23.57091938189941,33.957453357094266,21.288678988610272,11.086280370570876,-1,END_OF_WINDOW
22.14823979321909,29.46568466472292,31.700326874457645,11.863688915530085,-1,END_OF_WINDOW
20.875713077846378,27.378084695349557,29.858049569564805,11.856282564420777,-1,END_OF_WINDOW
20.39113275206935,35.31794803827445,26.59362405456547,12.360833809819297,-1,END_OF_WINDOW
19.941165306704967,34.393320686749554,25.897400362566884,11.78648853768936,-1,END_OF_WINDOW
20.33790318669428,39.81011988316649,23.634579361867623,11.992453642140127,-1,END_OF_WINDOW
20.788410855444415,39.92842998562803,23.127240052186135,11.380135524844409,-1,END_OF_WINDOW
20.797514030676812,38.60793633039122,25.251242818323764,10.928697273069838,-1,END_OF_WINDOW
20.37886033212735,37.36653258942986,27.65472240354317,10.485218896421978,-1,END_OF_WINDOW
19.349585703992055,35.417758562900026,31.427740346394703,10.27198897524898,-1,END_OF_WINDOW
18.199669246065287,34.46035345466118,32.29044823558405,9.803275477016912,-1,END_OF_WINDOW
17.4237606761129,31.82113076318272,36.86024873247036,9.858041514372859,-1,END_OF_WINDOW
16.95987714896371,29.56491082312665,36.82042380815445,9.852467120489067,-1,END_OF_WINDOW
16.385476109946246,28.284274778951886,33.82318075976141,9.959433754739841,-1,END_OF_WINDOW
16.05966479363495,27.716973604540026,35.150497354131595,9.437331343687001,-1,END_OF_WINDOW
16.32138922188645,25.587550783718132,38.1612388892372,9.492521961995076,-1,END_OF_WINDOW
17.388843849293007,22.758480950710958,43.46318372735349,9.910198964709691,-1,END_OF_WINDOW
19.238950158903414,19.209750899670283,48.53795999133171,10.90232761008755,-1,END_OF_WINDOW
21.082405510735015,17.583301576780165,46.41104120574112,11.060018495081305,-1,END_OF_WINDOW
22.111556414828,20.156874013004874,42.33587415542805,11.258588602575475,1,END_OF_WINDOW
23.857320226944314,17.27262789717625,47.361066982474775,12.20011798810577,1,END_OF_WINDOW
25.47838662390946,16.83115914006492,46.15057188580001,11.625823846098205,-1,END_OF_WINDOW
25.480533982452123,24.77495793735488,41.742540540766925,11.935407857091194,1,END_OF_WINDOW
25.939209664272244,22.09370241784228,42.794254109651995,12.42787872444185,1,END_OF_WINDOW
26.365122797390928,20.25342159779724,39.22973406874989,12.588744529838882,-1,END_OF_WINDOW
26.986916224632665,18.89667865327667,39.30983857272195,12.528834206278962,-1,END_OF_WINDOW
28.06563083296898,17.50588015604969,42.9519126537163,12.558203191544754,-1,END_OF_WINDOW
28.695805609650492,18.820668354906736,40.821528146048585,12.269760106434413,-1,END_OF_WINDOW
28.851549084345827,20.896167711613817,39.56396908939107,11.755491527403365,-1,END_OF_WINDOW
28.70218403447654,22.41913896147942,38.802251411364495,11.13009927544598,-1,END_OF_WINDOW
28.931857436667663,21.42553830025363,41.51449310662652,10.814377898628381,-1,END_OF_WINDOW
29.145125595845137,21.425538300253628,41.51449310662651,10.04192233444064,-1,END_OF_WINDOW
30.207081571254093,18.86103289155607,48.51484925435044,10.592499310552023,-1,END_OF_WINDOW
31.193183548419555,17.472871953227756,44.94418485590563,10.61732078836974,-1,END_OF_WINDOW
31.79289507173355,18.665088110479964,43.128733783952136,10.273940732057612,-1,END_OF_WINDOW
31.946365464859067,20.73049203580696,42.033530580526346,9.788659251196355,-1,END_OF_WINDOW
32.33789483395162,20.0300448890783,43.99211641827073,9.407326447539461,-1,END_OF_WINDOW
31.911738962086613,24.161354549058522,41.46927577358777,9.266803129858076,1,END_OF_WINDOW
31.637536764684757,23.792037000521947,42.36394513252118,8.73846004915392,1,END_OF_WINDOW
31.980397519919947,21.627393465228728,46.42349560415582,8.92642718850006,-1,END_OF_WINDOW
32.29876822120976,21.627393465228728,46.42349560415582,8.288825246464341,1,END_OF_WINDOW
33.03646641194794,19.4310183506052,48.304200441854235,8.566766300288306,1,END_OF_WINDOW
34.032248730727275,18.122685262525238,50.2356815991443,8.529140135981995,1,END_OF_WINDOW
35.10387258755646,17.635973042379963,51.57217790430178,8.138487269126134,1,END_OF_WINDOW
36.49426508194611,16.079683457950303,54.70816419589796,8.288595321331394,-1,END_OF_WINDOW
37.31287577199487,17.682127617119566,50.26701130775417,8.37655279837915,-1,END_OF_WINDOW
36.962298791875675,21.985716413736434,43.06539898970678,9.078941884209213,-1,END_OF_WINDOW
36.63676302462214,21.380669325663458,41.88023887187941,8.669017463908565,-1,END_OF_WINDOW
35.6037163490814,25.223255774967118,39.59644788572795,8.514087645057954,-1,END_OF_WINDOW
34.71710581068703,25.008605420080908,40.110483187648974,7.9737956704109445,-1,END_OF_WINDOW
32.90559975591496,30.716539963239324,37.05749272371562,8.01423883681016,-1,END_OF_WINDOW
30.82757629902191,32.93470039527383,35.54605752370673,7.758221777038027,1,END_OF_WINDOW
28.691330487820725,33.2306911295355,33.84790472876845,7.565491650106735,1,END_OF_WINDOW
26.818051039601063,33.08645859302156,31.494273462988367,7.550099389384819,1,END_OF_WINDOW
25.078577266254232,32.5688153618716,31.001540237029268,7.1222351472859,1,END_OF_WINDOW
23.643821009283336,31.020935650376696,34.28079110338201,6.943504065336899,1,END_OF_WINDOW
22.372022061826872,30.83985744358413,34.66441320404813,6.485396632098563,1,END_OF_WINDOW
21.818297012983507,28.893306869134584,38.78826572970616,6.427868301234369,1,END_OF_WINDOW
20.80267071220416,36.988496676501505,31.76365695893155,7.288734851146201,-1,END_OF_WINDOW
19.430016125887686,33.05672542856948,34.12184604848023,7.573110933207186,-1,END_OF_WINDOW
18.364123659195677,33.56861205370147,30.672911507999842,7.822888723692398,1,END_OF_WINDOW
17.438487986132674,33.964518413941434,30.48108883185229,7.309825243428646,-1,END_OF_WINDOW
18.151744130618205,44.764305256713406,25.496052693506012,8.11483772604088,-1,END_OF_WINDOW
18.864612288024418,41.92336748633241,23.514463422800606,8.170206459895095,-1,END_OF_WINDOW
20.15297535998636,43.43280546187948,20.018279447088467,8.911620284188283,-1,END_OF_WINDOW
21.74577995732242,45.510451108122844,18.38528152018414,9.010075978174832,1,END_OF_WINDOW
23.262902858025527,44.02576509939629,17.5549754998446,8.762213408305199,-1,END_OF_WINDOW
25.424962315622867,49.747623791196766,15.056729140174975,9.486341021997692,-1,END_OF_WINDOW
27.4325889548204,46.62829335071355,14.112625483321123,9.398030948997857,-1,END_OF_WINDOW
29.704451398598753,49.63936430766942,12.706504867817193,9.692457309783723,1,END_OF_WINDOW
31.96746637783968,50.40721965549383,12.060420866259246,9.482281787656316,-1,END_OF_WINDOW
34.55481219464365,53.77778683728897,10.17094782707773,10.440690231395156,-1,END_OF_WINDOW
37.322681448757656,57.83971073887062,8.909334965492862,11.067783786295488,1,END_OF_WINDOW
40.522237421811965,67.4135829149496,6.619902073325316,13.831513515845794,-1,END_OF_WINDOW
43.539406979999015,55.32695815315924,5.218202346419737,16.293548264713966,-1,END_OF_WINDOW
45.49923616294299,52.241538481403865,8.867889959649746,16.02329481723441,-1,END_OF_WINDOW
45.92446541579057,48.199158064492245,15.450072346843768,16.126630901717654,-1,END_OF_WINDOW
45.649317139940436,45.19609125028707,18.427940684706176,15.969728694452096,-1,END_OF_WINDOW
44.766722790637715,42.98283416571717,21.5109282600234,15.59260521627695,-1,END_OF_WINDOW
44.208950840038185,43.66267737213838,20.09804389526287,15.49670484368574,-1,END_OF_WINDOW
43.590765868662686,41.67666705683699,19.81403921827571,15.075511640565324,-1,END_OF_WINDOW
43.19129705787962,41.7627111269002,18.76374554422008,14.782260809096359,-1,END_OF_WINDOW
43.1328467987835,44.321103266416515,17.939445168341994,14.357099322732328,-1,END_OF_WINDOW
43.078571558194234,43.51671606424493,17.613860761728013,13.57802079968004,-1,END_OF_WINDOW
42.15540033504046,40.110444379260045,21.5248347866601,13.678876456845769,-1,END_OF_WINDOW
41.29816991354053,38.04988175016876,20.419056208408055,13.389670995642508,-1,END_OF_WINDOW
39.325363116611754,34.042587257536674,25.849960641876567,13.896837353096599,-1,END_OF_WINDOW
37.493471090892186,31.71151498492796,24.079879947232403,13.85277754216111,-1,END_OF_WINDOW
36.1524283278258,33.95483791433813,23.24725173768704,13.324007717721019,-1,END_OF_WINDOW
35.093761120900176,35.185920053616414,22.813922853363117,12.607292880740944,-1,END_OF_WINDOW
33.89729328082129,33.80005333844223,23.322029035477502,12.186771960688006,-1,END_OF_WINDOW
33.31547469243938,37.29854168094204,22.022329877323504,11.984145392067427,-1,END_OF_WINDOW
32.909998099001726,36.84021179412921,20.8855128381119,11.73384929263404,-1,END_OF_WINDOW
32.53348411938104,36.3117467604037,20.585914580967074,11.054288628874485,-1,END_OF_WINDOW
31.839460572175117,35.518362079898075,22.321053328313987,10.493982298240596,-1,END_OF_WINDOW
31.1950101354839,35.51836207989808,22.32105332831399,9.744412134080553,-1,END_OF_WINDOW
30.67155461841352,35.960816675996234,22.102950514712266,9.137668410217657,-1,END_OF_WINDOW
29.70624742606006,34.59215311152936,24.46036297686708,8.820692095202098,-1,END_OF_WINDOW
28.153859596420077,32.157922629463556,27.408778103908478,8.81064265983054,-1,END_OF_WINDOW
26.870328006164275,33.138617033514805,27.012569197132585,8.301311041271205,-1,END_OF_WINDOW
25.394870736605235,29.984993935486038,33.958388553833906,8.519074538323256,-1,END_OF_WINDOW
23.817436413803463,30.322525533100798,32.399107214282424,8.29128349987159,-1,END_OF_WINDOW
22.35267597120182,30.3225255331008,32.39910721428243,7.699048964166476,-1,END_OF_WINDOW
20.9843832487647,33.14148445135819,31.08832847374891,7.450545466726031,-1,END_OF_WINDOW
19.91769829395475,34.421143355949376,30.49330395018847,7.053363647674163,-1,END_OF_WINDOW
19.790688386514415,39.852389034809974,27.614239710357847,7.2324091014117196,-1,END_OF_WINDOW
20.922304592276863,48.083237530094884,22.818572154898927,8.127237022739438,-1,END_OF_WINDOW
22.20060750286538,46.70423218223206,20.58394184043694,8.366005806829465,-1,END_OF_WINDOW
23.136679677929237,41.59127529842535,19.886253761216718,8.723433963484496,-1,END_OF_WINDOW
22.752386380515006,38.10054787253492,26.610145952066073,8.842474394664166,-1,END_OF_WINDOW
22.328240880289798,35.03731693095609,24.95071898708003,8.928726223616707,-1,END_OF_WINDOW
21.70368564135889,32.696490036531294,24.875624788732406,8.884531493358367,-1,END_OF_WINDOW
20.536348201144364,30.455178668353224,27.35594651696449,8.857064958118483,-1,END_OF_WINDOW
19.452392006659444,29.656721452917907,26.638743274803577,8.445846032538618,-1,END_OF_WINDOW
18.695487234802222,30.395118509380445,25.44965851700352,8.208999887357297,-1,END_OF_WINDOW
18.08738022377777,29.851853926456133,24.334595556965237,7.971928466831767,-1,END_OF_WINDOW
17.03121044443894,27.7548739837723,29.64980431629407,7.961790719200922,-1,END_OF_WINDOW
16.05048136362431,27.484025502557365,29.360463983778647,7.465948524972283,-1,END_OF_WINDOW
15.139804360010727,27.48402550255736,29.360463983778644,6.932666487474263,-1,END_OF_WINDOW
15.177241855659949,25.369970695020836,34.79401485511469,6.973904595511798,-1,END_OF_WINDOW
15.21200524447708,24.54949478664018,33.66876125164627,6.692197124403794,-1,END_OF_WINDOW
14.611655044377741,28.024243870417525,32.11820175598419,6.514183044089225,-1,END_OF_WINDOW
15.01677386882303,25.429750682808482,38.37057374599449,6.666027112368557,-1,END_OF_WINDOW
16.19009026180687,23.037196867509543,44.1689679480418,6.8327394614850885,-1,END_OF_WINDOW
17.317043810805096,21.590924804223697,41.88140311538338,6.769686642807602,-1,END_OF_WINDOW
17.73067033335181,25.01609524006316,40.05188346597917,6.573280454035629,-1,END_OF_WINDOW
18.114752104288044,25.01609524006316,40.05188346597916,6.103760421604513,-1,END_OF_WINDOW
18.762531808088692,23.755693544245993,41.492562933105255,5.968491820061336,-1,END_OF_WINDOW
17.921052646201208,32.119345607069455,36.94101835621694,6.22502811862838,-1,END_OF_WINDOW
16.97250393373862,32.8481072750825,36.04572542043973,5.923954681583512,-1,END_OF_WINDOW
16.959842025595954,29.153370450762438,40.922835469698214,6.197957918613277,-1,END_OF_WINDOW
16.51123624342843,30.740313974052977,38.09106552369335,6.183103781569456,-1,END_OF_WINDOW
15.85900186507904,32.174779926604366,37.302145738962125,5.862882082885943,-1,END_OF_WINDOW
14.76022801177646,35.70112758670454,35.36274422723889,5.74267621982265,-1,END_OF_WINDOW
14.50092585372667,40.484011040391415,32.37482427351838,5.824627918406737,-1,END_OF_WINDOW
14.786681591535835,42.718707476732725,29.37946047523083,5.960011638520528,-1,END_OF_WINDOW
14.823504950753932,41.68571299231872,30.621163850758535,5.67143937862621,-1,END_OF_WINDOW
14.85769807002788,41.0181070198211,30.130759095648276,5.352050851581468,-1,END_OF_WINDOW
15.853182243956397,48.019035862309686,26.547882169202957,5.640475790754211,-1,END_OF_WINDOW
17.086830920528723,48.82498392654055,24.52751029752139,5.669013234271765,-1,END_OF_WINDOW
17.524186499465472,44.99112869990042,28.040603198225636,5.712655146109478,-1,END_OF_WINDOW
17.93030239419245,44.991128699900415,28.040603198225636,5.3046083499588015,-1,END_OF_WINDOW
17.21732411234499,37.335590072707944,31.83730858917418,5.935707753533164,-1,END_OF_WINDOW
16.055939166717714,34.65446160091094,35.32481751987705,5.9381571997093525,-1,END_OF_WINDOW
14.977510288635242,32.55038460898109,33.180039261779974,5.870431685444416,-1,END_OF_WINDOW
14.597025027753997,37.383123219141716,30.802702402296564,5.871829422198377,-1,END_OF_WINDOW
15.252197189966024,41.471356128438835,25.542533089599676,6.5752701777556215,-1,END_OF_WINDOW
16.29367237708587,44.67517735429757,24.144350861864492,6.459179450773097,-1,END_OF_WINDOW
17.434888834893666,44.47236332848504,22.77210183520853,6.3592380614321575,-1,END_OF_WINDOW
18.36055572286122,41.35114804018383,22.073666909541874,6.350721057044163,-1,END_OF_WINDOW
20.126853474749094,48.41968941066411,19.258165241679503,6.759240981541021,-1,END_OF_WINDOW
21.76698710150212,46.57513249478371,18.524521917732784,6.525009482859521,-1,END_OF_WINDOW
23.200073732019405,46.30763226685472,18.992469249070396,6.093937376940969,-1,END_OF_WINDOW
22.651767963448048,40.313161945318356,29.478801957878815,6.500084707159486,-1,END_OF_WINDOW
22.14262689263179,38.30500838574381,28.010349516365924,6.35222151379094,-1,END_OF_WINDOW
21.66985304115955,37.43020485663467,27.37065372615126,6.03634854852018,-1,END_OF_WINDOW
20.983711164999324,36.53172200594168,28.666317392996273,5.743037937911584,-1,END_OF_WINDOW
20.333445489645356,36.492619014529254,28.742671865910115,5.338535228060784,-1,END_OF_WINDOW
20.67783383726728,43.07867041718962,25.761904726386728,5.530782711770742,-1,END_OF_WINDOW
20.817119059191633,40.17845260433079,25.350642390740287,5.506441089501408,-1,END_OF_WINDOW
20.946455336692818,40.17845260433079,25.350642390740287,5.113123868822736,-1,END_OF_WINDOW
22.7573513434121,53.58531063937827,19.66920353758021,6.119329306763989,-1,END_OF_WINDOW
24.43889763536572,50.356947393465816,18.484189715332597,6.046520070566587,-1,END_OF_WINDOW
25.46530803099591,48.553295536848076,21.403869127486903,5.823197208383265,-1,END_OF_WINDOW
26.506549590004006,49.28354382398229,21.100056882728108,5.485111693498757,-1,END_OF_WINDOW
27.473416751940096,49.28354382398229,21.100056882728108,5.093318001105989,-1,END_OF_WINDOW
28.384048935887396,49.39055163861088,21.05553738854809,4.739509572455552,-1,END_OF_WINDOW
29.715257092468523,53.47500122704268,19.269728625499,4.808830317280159,-1,END_OF_WINDOW
30.244906778938915,50.80916715372019,23.294291565946065,4.6996281517601615,-1,END_OF_WINDOW
29.870896380936397,47.38854492003742,28.427813009634445,4.678940426634457,-1,END_OF_WINDOW
29.52360101136263,46.35962212712099,27.810574712747826,4.441158967589133,-1,END_OF_WINDOW
29.347125570893876,47.13986905287075,27.065209956441258,4.237504755618492,-1,END_OF_WINDOW
29.562628712797768,50.033306598686735,25.56616532174655,4.165540130217172,-1,END_OF_WINDOW
29.762738773137094,48.50173019505744,24.78355593212247,3.990144406630234,-1,END_OF_WINDOW
29.404736467438376,46.22912553375549,27.88528525111317,3.8872769490138017,-1,END_OF_WINDOW
29.072305755003853,46.229125533755486,27.88528525111317,3.6096143097985305,-1,END_OF_WINDOW
28.76362009345751,46.229125533755486,27.88528525111317,3.3517847162414927,-1,END_OF_WINDOW
27.408488775930724,41.98908845494382,34.49949352204275,3.426657236509964,-1,END_OF_WINDOW
25.832731117641977,37.41196144916821,41.63954223764993,3.5711817196163826,-1,END_OF_WINDOW
24.074646583479044,36.95271852787278,36.0622660075908,3.8289544539294864,-1,END_OF_WINDOW
22.96693937633871,34.274207319550996,40.69678124641384,3.8333148500773713,-1,END_OF_WINDOW
22.538421228392515,31.85769865916363,44.8779645009465,3.8295066465004304,-1,END_OF_WINDOW
21.636982463919654,35.053891947370744,42.77297764103893,3.730970457464705,-1,END_OF_WINDOW
21.22349925898266,32.364759072466434,44.55520185391601,3.7523297105029547,-1,END_OF_WINDOW
20.83955056868402,32.36475907246644,44.55520185391602,3.4843061597527436,-1,END_OF_WINDOW
21.392303907143738,28.46258783836145,51.24009933521583,3.6789985769132647,-1,END_OF_WINDOW
22.71891130881505,24.436428349414733,56.970584251890514,3.979070107133754,-1,END_OF_WINDOW
23.95076103893841,23.855354309865266,55.615880239774434,3.784850813767073,-1,END_OF_WINDOW
23.56928934075391,33.38645557178639,48.654385028498595,4.017361469926565,-1,END_OF_WINDOW
23.56449338985044,31.72216511884037,51.21392647529793,3.926121364931795,-1,END_OF_WINDOW
24.13727492810417,28.763511429324485,55.31995987024299,4.020684124579525,-1,END_OF_WINDOW
23.450076979668072,36.696319604128,49.159596849919794,4.2013495442524285,-1,END_OF_WINDOW
22.67813021810322,37.58763837164709,48.46742743730436,3.9569674339486656,-1,END_OF_WINDOW
21.481068523490464,40.82039177324044,45.95697539180373,3.875041188666614,-1,END_OF_WINDOW
20.55141079757019,47.656103107394024,40.21689757495177,4.111823960904685,-1,END_OF_WINDOW
19.688157194929932,47.656103107394024,40.21689757495177,3.8181222494114935,-1,END_OF_WINDOW
18.736756562877986,46.844462936692324,41.235074981274686,3.6068278030249346,-1,END_OF_WINDOW
17.44362817511239,44.10709792588015,44.66901443803939,3.557054388523176,-1,END_OF_WINDOW
17.401657385070898,37.59489999530696,52.83836464735686,3.875121932200075,-1,END_OF_WINDOW
17.965855386505293,34.10803447742416,57.21252923081425,3.966184651328647,-1,END_OF_WINDOW
18.489753530694372,32.4227679304958,54.385677345178024,3.874314319090875,-1,END_OF_WINDOW
18.976230378869946,32.42276793049581,54.38567734517803,3.5975775820129554,-1,END_OF_WINDOW
20.346271973904283,27.46613772184959,61.358966303804216,3.9434648975834303,-1,END_OF_WINDOW
22.065716089344036,24.967668399950977,64.87396496266531,4.028217404898908,-1,END_OF_WINDOW
23.662342767966663,24.96766839995098,64.87396496266531,3.740487590263272,-1,END_OF_WINDOW
22.6090605147141,41.96341563974354,50.17921288131192,4.490452762387308,-1,END_OF_WINDOW
21.050249894654726,45.52300519376385,44.81322276044419,4.668991850788232,-1,END_OF_WINDOW
19.61441109966324,41.67145909502851,42.46954218410962,4.73620671858905,-1,END_OF_WINDOW
18.281132218599716,41.67145909502851,42.46954218410963,4.397906238689832,-1,END_OF_WINDOW
17.6801258411796,38.4686940688211,46.891190531345345,4.4237700787834315,-1,END_OF_WINDOW
17.122048490718065,38.46869406882111,46.89119053134536,4.107786501727472,-1,END_OF_WINDOW
16.378101987946664,39.985870419333864,45.73499525408088,3.9108017516040747,-1,END_OF_WINDOW
15.687294521087507,39.985870419333864,45.73499525408088,3.631458769346641,-1,END_OF_WINDOW
14.79354532271062,44.813750373453786,42.05581056321301,3.6670688572504604,-1,END_OF_WINDOW
13.963635352789227,44.81375037345379,42.05581056321301,3.405135367446856,-1,END_OF_WINDOW
13.480658367207132,40.84603402813002,47.18606870114974,3.469054269772094,-1,END_OF_WINDOW
13.032179737738044,40.84603402813001,47.18606870114974,3.2212646790740873,-1,END_OF_WINDOW
12.615735296088177,40.846034028130006,47.186068701149736,2.99117434485451,-1,END_OF_WINDOW
11.941639688352506,45.94751906295967,43.11670463778617,3.0396618916506215,-1,END_OF_WINDOW
11.315693766883667,45.94751906295968,43.11670463778617,2.8225431851041485,-1,END_OF_WINDOW
12.114810774079771,35.47656839761978,56.07980235375962,3.3945043861681325,-1,END_OF_WINDOW
12.024005330727768,39.597909496697426,49.22999390762082,3.5906112157275425,-1,END_OF_WINDOW
11.939685990472336,39.597909496697426,49.22999390762082,3.334138986032718,-1,END_OF_WINDOW
12.236533078479646,37.51216038590202,51.904213239100656,3.268129058458942,-1,END_OF_WINDOW
11.829130021019488,42.15494034872313,48.047785449298765,3.278262697140436,-1,END_OF_WINDOW
11.376284100230503,48.109007546879305,43.10216442284694,3.393386790201857,-1,END_OF_WINDOW
10.955784316640731,48.109007546879305,43.10216442284694,3.151002019473153,-1,END_OF_WINDOW
10.5653202318788,48.1090075468793,43.10216442284693,2.925930446653642,-1,END_OF_WINDOW
10.20274643888558,48.1090075468793,43.10216442284694,2.716935414749811,-1,END_OF_WINDOW
10.874873166557684,55.275963812472675,37.14908253392305,2.9271543136962426,-1,END_OF_WINDOW
11.49899084225321,55.275963812472675,37.14908253392305,2.7180718627179394,-1,END_OF_WINDOW
12.4238892383066,57.77358304926592,35.07448750459914,2.673209586809526,-1,END_OF_WINDOW
12.941000670978784,55.659430471023626,37.367188431588445,2.5765517591802856,-1,END_OF_WINDOW
13.421175572745813,55.65943047102363,37.367188431588445,2.3925123478102654,-1,END_OF_WINDOW
12.949036306060819,44.02439580135109,50.45993709772717,2.808761465823804,-1,END_OF_WINDOW
13.02839718567882,40.77481889874914,54.11664245916072,2.8159927896935546,-1,END_OF_WINDOW
13.013931326070557,41.38327639446738,53.56066819052845,2.641993304715452,-1,END_OF_WINDOW
13.000498742148597,41.38327639446738,53.56066819052845,2.4532794972357768,-1,END_OF_WINDOW
12.988025628506778,41.38327639446738,53.56066819052845,2.2780452474332216,-1,END_OF_WINDOW
12.651715487142118,51.89330908352011,43.957190907863875,2.5774705869022956,-1,END_OF_WINDOW
12.339427498732077,51.893309083520116,43.957190907863875,2.393365544980703,-1,END_OF_WINDOW
12.049445795208467,51.893309083520116,43.957190907863875,2.2224108631963673,-1,END_OF_WINDOW
12.395757042531063,40.214950715902,56.5693757938306,2.6629529443966504,-1,END_OF_WINDOW
12.717331772187759,40.214950715902,56.56937579383061,2.4727420197968897,-1,END_OF_WINDOW
13.94728865785793,34.07706754751129,63.19805723101412,2.7096890183828237,-1,END_OF_WINDOW
15.964330767503835,28.25397854416501,69.48677288828348,3.0347112313554625,-1,END_OF_WINDOW
17.837298440746462,28.25397854416501,69.48677288828348,2.817946143401501,-1,END_OF_WINDOW
19.24714497652227,30.52962529070782,67.2827851905361,2.7023785617299523,-1,END_OF_WINDOW
19.823229581840707,35.606888094134675,62.365403011608876,2.707208664463526,-1,END_OF_WINDOW
20.359670640050293,35.59677356773246,62.376093530922695,2.5145509027161146,-1,END_OF_WINDOW
21.313170177828155,32.154065820083716,64.85428502089744,2.5849401239506777,-1,END_OF_WINDOW
20.80270123684706,41.815615728585286,55.61875869078658,2.7988729722399097,-1,END_OF_WINDOW
20.328694363078903,41.81561572858528,55.61875869078658,2.5989534742227733,-1,END_OF_WINDOW
21.010055221660057,34.32756711099086,63.56624163088351,2.939742511778282,-1,END_OF_WINDOW
21.9269320530799,31.660006895093883,64.05654914000154,2.959760903794137,-1,END_OF_WINDOW
22.820281856229602,31.390781461042963,64.3621994574868,2.7719208392374077,-1,END_OF_WINDOW
24.36803783522256,26.75101513487718,69.6297034570598,3.0203550650061644,-1,END_OF_WINDOW
25.952529892205742,24.88752264900235,68.23859191657648,3.0146154175057283,-1,END_OF_WINDOW
26.474493672446236,27.695244239327486,55.299222968221095,3.4542857448267528,-1,END_OF_WINDOW
27.441989640020537,23.476318221059678,54.803434860201,3.7839796201962823,-1,END_OF_WINDOW
28.340378752768103,23.338729426416563,54.48224571658336,3.5344096473251168,-1,END_OF_WINDOW
28.184202467784544,29.3791253547475,50.189408763445535,3.562666101087597,-1,END_OF_WINDOW
27.3524902554279,33.72901778445905,47.09799237518239,3.525332808152766,-1,END_OF_WINDOW
26.621737380361907,32.338911063456266,45.700837857310376,3.4142376075704113,-1,END_OF_WINDOW
25.159525625223647,37.38897359760128,42.28983616239695,3.4260777784582337,-1,END_OF_WINDOW
23.68604106989309,38.1527087886374,41.77398076189935,3.220643651425516,-1,END_OF_WINDOW
22.256541936521323,41.758203262276496,38.79928390005521,3.2198833906094104,-1,END_OF_WINDOW
21.601178652401234,46.429476375410715,35.687394125992,3.2506060055658876,-1,END_OF_WINDOW
20.29761022566797,39.79102789124927,42.55047330606073,3.5219912908826227,-1,END_OF_WINDOW
19.320685749391547,38.67600468703492,44.16032252910534,3.3647061986767004,-1,END_OF_WINDOW
18.413541592849153,38.67600468703491,44.160322529105336,3.1243700416283646,-1,END_OF_WINDOW
17.653428615162994,38.28016685864761,44.73182563152729,2.9312007529406294,-1,END_OF_WINDOW
16.947609421597274,38.28016685864762,44.7318256315273,2.7218292705877274,-1,END_OF_WINDOW
17.441911503263604,32.56489324721471,52.98342860093411,2.9709843226886066,-1,END_OF_WINDOW
18.071486049757674,31.68704035916455,54.25085584767986,2.8351997282108607,-1,END_OF_WINDOW
19.642687629132087,26.217085531323246,61.2728041309021,3.1819711761958036,-1,END_OF_WINDOW
21.7372275691373,20.773357856807575,60.63691103328648,3.7289732350389384,-1,END_OF_WINDOW
23.682157513427857,19.820688829266043,57.85609401442051,3.6290465753932946,-1,END_OF_WINDOW
24.512364408422208,25.65161283860573,53.64859356636933,3.6341146771509036,-1,END_OF_WINDOW
22.89011803006406,41.039591641661055,42.54487696763605,4.255249343068691,-1,END_OF_WINDOW
22.187022522486554,32.5117458550459,42.2681097972715,4.987731532849482,-1,END_OF_WINDOW
20.76073581666925,37.842542371203876,36.199542118370914,5.407893566217368,-1,END_OF_WINDOW
19.41539820102976,32.81539264257122,34.104271529608305,5.790901168630412,-1,END_OF_WINDOW
18.51748843912371,29.965400854153614,34.368863499791985,5.888693942299691,-1,END_OF_WINDOW
17.43196947858161,29.469151719871853,31.493239033866434,5.96735866070684,-1,END_OF_WINDOW
16.338465541996985,31.781907764627082,30.460553610103897,5.7289758992277875,-1,END_OF_WINDOW
17.358554169318648,45.671113233033914,24.258784051488476,6.679763334997229,-1,END_OF_WINDOW
18.30577932326019,40.26050986347237,21.384874277038026,7.036208811068861,-1,END_OF_WINDOW
18.294815777624798,34.07636953873913,23.605745009817973,7.719336753135364,-1,END_OF_WINDOW
18.284635342391933,33.877193953187515,23.467769980542407,7.2100984136257065,-1,END_OF_WINDOW
19.68745553143419,44.08927671742967,19.843380399074405,7.917948526938149,-1,END_OF_WINDOW
20.990074278402,41.25562446360176,18.568030840682287,7.857380775014008,-1,END_OF_WINDOW
23.323619037721482,51.17414327268025,15.432967075696897,8.778282148227293,-1,END_OF_WINDOW
25.490482028518144,50.98649199111047,15.376375682759505,8.181261994782458,-1,END_OF_WINDOW
26.3851824005488,47.274953784800395,21.231386635208786,8.193314709440848,-1,END_OF_WINDOW
26.012126348369712,43.16190675435935,28.0844660219554,8.333077944480793,-1,END_OF_WINDOW
25.89795932345029,41.29404950524975,25.08774011667934,8.662143805589313,-1,END_OF_WINDOW
25.072978982908296,37.66190310519936,28.210391734298938,8.819133533761516,-1,END_OF_WINDOW
24.306925809547874,36.395276381638105,27.261633623138547,8.474195424207107,-1,END_OF_WINDOW
22.574986693140115,33.33597353463685,33.37585265006757,8.591038608192322,-1,END_OF_WINDOW
20.966757513618624,33.33597353463685,33.375852650067564,7.977392993321443,-1,END_OF_WINDOW
20.211644419986946,30.901540424442196,38.07139747149695,7.991150636655631,-1,END_OF_WINDOW
19.510467975900387,29.412308991316674,36.23663062690551,7.796068448323101,-1,END_OF_WINDOW
19.500756227588898,27.408378922060358,40.580979560597335,7.768492130585759,-1,END_OF_WINDOW
19.491738175585372,27.40837892206036,40.58097956059734,7.21359983554392,-1,END_OF_WINDOW
19.483364270153526,27.408378922060365,40.58097956059734,6.69834270443364,-1,END_OF_WINDOW
19.957774333515108,25.80515904217789,44.0566230885303,6.606318225545512,-1,END_OF_WINDOW
19.076144688222797,33.36206768633584,38.8618928885441,6.954438352292263,-1,END_OF_WINDOW
19.675410291924166,26.600661246002794,46.74593774189388,8.09912132712853,-1,END_OF_WINDOW
20.332523682731388,23.01757498985228,41.70671117108703,8.691326946619373,-1,END_OF_WINDOW
20.942700402766665,21.40536102887599,38.78545895202935,8.678375021860862,-1,END_OF_WINDOW
20.322558010976334,27.8339713651619,35.61302116771411,8.776348234585068,-1,END_OF_WINDOW
19.14112962330473,34.73811307817642,32.20591467146184,9.011609074971862,-1,END_OF_WINDOW
18.34091208061308,35.859021709976254,30.584665953525878,8.811494141045303,-1,END_OF_WINDOW
17.597852933827976,34.76640124711445,29.652754532715473,8.439244559542061,-1,END_OF_WINDOW
16.907869440384665,33.829020389081926,28.85324916288052,8.053584233860484,-1,END_OF_WINDOW
16.267170482187304,33.829020389081926,28.853249162880523,7.478328217156164,-1,END_OF_WINDOW
15.672235735289753,33.829020389081926,28.85324916288052,6.9441619159307235,-1,END_OF_WINDOW
15.458405789767479,29.46794916833578,38.025138976914214,7.402436064792824,-1,END_OF_WINDOW
15.603742930943504,26.254107136973396,37.38691036803395,7.7151192030219224,-1,END_OF_WINDOW
15.738698847749815,25.984665642077005,37.003214782175164,7.23832497423464,-1,END_OF_WINDOW
15.864015056212818,25.984665642077,37.003214782175164,6.7213017617893085,-1,END_OF_WINDOW
14.806536007234019,33.80311301866526,33.094461413042275,6.978351635947194,-1,END_OF_WINDOW
14.279085964651108,31.851013959551114,36.95819546774333,6.8770408048081055,-1,END_OF_WINDOW
13.629543112819949,37.563762090972226,33.860088300400704,6.970109318750405,-1,END_OF_WINDOW
13.315894117787634,39.21676013078943,32.583521825443675,6.725815795982531,-1,END_OF_WINDOW
12.365780949947862,35.431875104182794,35.421736116775605,6.912543239126647,-1,END_OF_WINDOW
11.657674874918541,34.239293995857636,35.96080822406791,6.6423615791890045,-1,END_OF_WINDOW
11.000147805248456,33.78157400809688,35.48007457628362,6.251478609246938,-1,END_OF_WINDOW
11.330698292328172,30.484409884313422,41.77737686673563,6.432801565729297,-1,END_OF_WINDOW
12.375426657352364,27.692822134809436,47.109071398452436,6.575458596748621,-1,END_OF_WINDOW
13.49815150608894,25.814441031963508,45.98565434672571,6.5500686969808815,-1,END_OF_WINDOW
14.540681722772902,25.0610001908578,44.64348040436172,6.265063790053672,-1,END_OF_WINDOW
16.037851403430494,23.20348662452095,48.74648847870028,6.283273519335552,-1,END_OF_WINDOW
17.98673758343664,20.502679468654634,51.845578304167,6.603039696525885,-1,END_OF_WINDOW
20.185328624907722,17.702159025256396,51.402376052545804,7.101394003916888,-1,END_OF_WINDOW
22.418750279823225,15.951781689528168,49.765390756427635,7.317723003637118,1,EXIT_PROFIT_TARGET_MET
23.85127580120308,18.17353209299635,45.010301579809536,7.51288564623448,-1,END_OF_WINDOW
25.17488587094948,18.207030629622107,44.99187503306281,6.979108100074872,1,END_OF_WINDOW
25.69601288178003,21.89991347150373,42.96053022906976,6.787028950069522,-1,END_OF_WINDOW
26.179916534694115,21.89991347150373,42.96053022906976,6.302241167921699,-1,END_OF_WINDOW
26.83602923069754,20.738082593032612,43.43223127141445,6.1799382273558745,-1,END_OF_WINDOW
27.44527673412929,19.785023039723566,41.43621728366727,6.014942639687622,-1,END_OF_WINDOW
26.6087937692459,27.331234474666,37.5381116114358,6.165303879709961,1,END_OF_WINDOW
25.832059587568466,27.290374987664705,37.4819931077194,5.73349645973067,1,END_OF_WINDOW
25.316702816286703,26.636396210261065,38.823017710865145,5.454675284035617,1,END_OF_WINDOW
24.83815724295364,26.63639621026107,38.82301771086515,5.065055620890216,1,END_OF_WINDOW
24.39379349628722,26.63639621026107,38.82301771086515,4.703265933683772,1,END_OF_WINDOW
22.741817625645215,35.18104434850678,34.30130655072417,4.943032652706356,1,END_OF_WINDOW
21.233022207114562,34.722184623371845,33.6160067797674,4.683530320370217,1,END_OF_WINDOW
21.556883243947354,27.727280023497325,46.976177147247526,5.446135297486639,1,EXIT_PROFIT_TARGET_MET
21.85761134957781,27.72728002349733,46.97617714724753,5.05712563338045,1,EXIT_PROFIT_TARGET_MET
22.90815001942333,24.375504342795086,52.476590021211166,5.341616659567559,1,EXIT_PROFIT_TARGET_MET
23.89043236499004,23.082453784886955,49.80195186201453,5.237929755312725,1,EXIT_PROFIT_TARGET_MET
24.9987694024333,21.316827999190195,49.04404234116553,5.266649058504664,1,EXIT_PROFIT_TARGET_MET
27.123649681371862,17.211657895114435,58.85708178650629,6.056888411468612,1,EXIT_PROFIT_TARGET_MET
29.345333129799656,13.807890053491978,52.301616562844174,7.010682096363734,1,EXIT_PROFIT_TARGET_MET
31.83086458495078,11.161402232136576,51.09328571888381,8.053490518052048,-1,END_OF_WINDOW
34.138858079019684,10.739792891212684,49.16329465955693,7.7718126239054826,1,EXIT_PROFIT_TARGET_MET
36.153622307704865,10.99799862076759,47.41741176109871,7.482397436483649,-1,END_OF_WINDOW
38.30285000106204,9.852428277302709,48.51989644282132,7.755797619591956,1,EXIT_PROFIT_TARGET_MET
40.29856143060799,9.840716086794645,48.46221784272647,7.210383503906809,-1,END_OF_WINDOW
42.543739065588774,8.840093036920608,53.70267923914425,7.45321325362776,1,END_OF_WINDOW
44.805481818137096,8.339183157515272,56.3260436383937,7.336555164082932,-1,END_OF_WINDOW
47.211369633820695,7.375618332357911,61.19622900295318,7.702515509505582,1,EXIT_PROFIT_TARGET_MET
49.65005815671847,6.099976128884483,59.325873156546756,8.648050115969474,-1,END_OF_WINDOW
51.93224345425929,5.512999812959149,54.41303571315794,8.885332250543101,1,EXIT_PROFIT_TARGET_MET
54.051415516261486,5.284700854622455,52.15973627642471,8.607094232647183,-1,END_OF_WINDOW
56.18393204371535,4.665140490419265,53.31085073539554,9.05373035888668,1,EXIT_PROFIT_TARGET_MET
58.31653507940491,4.22244208945851,56.27262065526314,9.288463904680466,-1,END_OF_WINDOW
60.39633931727664,3.947200516906236,58.87527184379735,9.226430768631866,1,EXIT_PROFIT_TARGET_MET
62.32758610958611,3.7552781860603655,56.01261529694874,9.005257142301028,-1,END_OF_WINDOW
62.021813989810006,12.558766276646164,47.311561716176655,9.899881632136683,1,EXIT_PROFIT_TARGET_MET
59.4383556048837,22.29954751504552,37.850335265151124,11.490604372698353,-1,END_OF_WINDOW
57.03942996173784,20.31655378101196,34.484483217650016,11.71127548893418,1,EXIT_PROFIT_TARGET_MET
54.811856150245255,20.316553781011958,34.484483217650016,10.874755811153168,-1,END_OF_WINDOW
53.03962358378398,19.649397454645595,36.49221952019046,10.440844681785098,1,END_OF_WINDOW
51.39397905778422,19.067800721998115,35.41209705389165,9.9907843473719,-1,END_OF_WINDOW
49.86588056935588,19.067800721998115,35.41209705389165,9.277156893988193,1,END_OF_WINDOW
46.98071743530569,26.56901870453578,32.12991935960252,9.494502830131873,-1,END_OF_WINDOW
43.675170433423055,30.140428583454398,30.5672395562641,9.267038342265307,-1,END_OF_WINDOW
41.794763085497145,26.453613259180706,37.55955756744913,9.804392746389212,-1,END_OF_WINDOW
39.9221891965294,24.576694641940943,33.64724405503256,10.162650407361422,-1,END_OF_WINDOW
37.351460235598125,27.505784436910186,29.757362047696663,10.670318235407033,-1,END_OF_WINDOW
34.96435477187622,26.345340146884418,28.501925724704883,10.344581218592253,-1,END_OF_WINDOW
33.56918206106009,24.516784518613598,33.46440506251965,10.322111131549963,-1,END_OF_WINDOW
32.32676446471022,24.39136264875094,33.80478488366414,9.634103193582114,-1,END_OF_WINDOW
31.86607580494678,22.418764491406076,38.07204608620349,9.733095822611961,-1,END_OF_WINDOW
32.00088497909408,19.79792654258552,39.97247015888199,10.234303263853963,-1,END_OF_WINDOW
32.12606492651658,18.508353667502284,37.36879279114908,10.165424459292964,1,END_OF_WINDOW
31.876485452731707,19.771094552587087,35.63491748771215,9.898608426486312,1,END_OF_WINDOW
30.79773536694303,23.71136126324459,33.26928607412631,9.845136396023012,1,END_OF_WINDOW
29.619160768728925,23.757848635244596,31.684878428297615,9.59905522487852,1,END_OF_WINDOW
28.49537554006695,22.927454265096824,30.321724449735328,9.314122708815779,1,END_OF_WINDOW
27.32762090589678,22.87304245299871,29.198015240573444,8.981685372471818,1,END_OF_WINDOW
25.4077595668428,26.698136163468902,26.93926964312025,9.03942213158097,1,END_OF_WINDOW
24.975501639419416,32.814699287929706,22.171490661277122,10.198749122182328,1,END_OF_WINDOW
24.57411927824056,28.739516891420458,19.41806398336024,10.813124184883604,1,END_OF_WINDOW
24.201407085717335,28.458115400965305,19.227933016047345,10.140043885963337,1,END_OF_WINDOW
24.94224542016106,35.6005510603016,17.308298452338928,10.460040751251695,1,END_OF_WINDOW
25.63016673071595,33.02383722106482,16.055550086724036,10.470752126162298,1,END_OF_WINDOW
26.724183298160902,36.115802880706866,15.131768139533508,10.316412688579273,1,END_OF_WINDOW
27.906304725536145,37.43143136862255,14.820145138312553,9.780954639395018,1,END_OF_WINDOW
29.32982446515634,39.904360292832415,14.08042469770304,9.55945787943822,1,END_OF_WINDOW
30.423741255704375,37.721902458163335,14.436127544460994,9.390210888049781,1,END_OF_WINDOW
31.70269005399287,39.71974839733163,13.836524286993209,9.097338681760508,1,END_OF_WINDOW
33.0119994258538,39.149486267063985,13.038340037130514,8.964671633063315,1,END_OF_WINDOW
34.22778669972467,39.05230848774227,13.005975961591783,8.345052230701647,1,END_OF_WINDOW
34.45796736707859,37.24966729928785,16.95125179895779,8.123977071365815,1,END_OF_WINDOW
34.671706558192945,37.24966729928785,16.951251798957788,7.543692994839685,1,END_OF_WINDOW
35.02593781398013,38.45461817360924,16.625748733126805,7.1420006380654275,1,END_OF_WINDOW
33.71132373218431,34.68521712727848,24.79826493244445,7.352572021060764,1,END_OF_WINDOW
32.49061065623104,34.39375510497548,24.58988358023053,6.885245448127849,1,END_OF_WINDOW
30.646982426758647,32.60173437857081,28.518983243595486,6.74487077326158,1,END_OF_WINDOW
28.935041927962853,32.60173437857081,28.518983243595486,6.2630942894571815,1,END_OF_WINDOW
28.78265437117451,42.296856196677055,24.416577727283833,6.792873268781657,1,END_OF_WINDOW
28.641151639871044,42.26813731690768,24.39999926677441,6.311953749582996,1,END_OF_WINDOW
28.610060458765865,42.743879703976646,23.936184168556718,5.974671338898506,1,END_OF_WINDOW
29.197917871536518,47.52700480631848,21.936576742154603,6.053623386120037,1,END_OF_WINDOW
30.41231821837388,51.98790111841479,19.131210830261097,6.445507429968604,1,END_OF_WINDOW
31.539975683294287,49.1433977461243,18.084452016153055,6.331542613542269,1,END_OF_WINDOW
31.879817194112327,46.85501206998159,21.89888844621044,6.166432426860677,1,END_OF_WINDOW
32.15317480994549,46.71515266215719,22.132015591627145,5.743115824942074,1,END_OF_WINDOW
31.175617736102087,42.461108462745976,29.222944947844844,5.867178980303356,1,END_OF_WINDOW
30.85241030292056,45.64699494514373,26.436286106897747,6.022380481710256,1,END_OF_WINDOW
30.075476743837392,43.88683408853066,29.272923432472613,5.816496161588086,1,END_OF_WINDOW
29.31548450847073,43.742211561015104,29.505993982887517,5.4188892929032235,1,END_OF_WINDOW
28.60977743277311,43.742211561015104,29.505993982887517,5.031825771981564,1,END_OF_WINDOW
27.269950259460483,41.114928455271695,33.74006684878712,4.97098107398287,1,END_OF_WINDOW
25.901309902198694,40.62458757124926,34.53028965634907,4.671625282984108,1,END_OF_WINDOW
24.630429570455604,40.62458757124925,34.53028965634907,4.337937762770958,1,END_OF_WINDOW
24.470536528109882,47.83918791024985,30.334575820096962,4.585227922573045,1,END_OF_WINDOW
24.61502327562467,49.399859825827825,28.70679074181791,4.499140213817835,1,END_OF_WINDOW
23.875566392705643,45.58840824067872,34.20742609575462,4.527058769973727,1,END_OF_WINDOW
22.964147009390608,44.58091728460823,35.661423410931334,4.2986974292613125,1,END_OF_WINDOW
22.561614270221,47.732860627446996,33.633190885079344,4.232361898599782,1,END_OF_WINDOW
22.475194450850854,49.82133170501836,32.28928824848678,4.093621762985542,1,END_OF_WINDOW
22.70585036678927,50.11189453527109,29.617858114544507,4.14407735134373,1,END_OF_WINDOW
23.107164660598084,51.52459438402474,28.779158322498773,3.960214683390586,1,END_OF_WINDOW
24.315955420589855,54.76455717158542,23.45363199887379,4.512342206005548,1,END_OF_WINDOW
25.438403983439358,50.95147715353844,21.820631018963848,4.503603477005143,1,END_OF_WINDOW
27.004808023338764,54.97497588242168,19.634102475832464,4.647631800076203,1,END_OF_WINDOW
28.459326060388214,51.73809184869403,18.47806171727861,4.585658100070742,1,END_OF_WINDOW
29.958331209305634,50.9324342164237,17.229496292707417,4.56668252149424,1,END_OF_WINDOW
31.350264561871807,49.89860373619018,16.87977064734002,4.328348055673224,1,END_OF_WINDOW
32.72081471276344,49.55929935998165,16.283624461606642,4.166323194553705,1,END_OF_WINDOW
34.29270652065568,51.8069217107321,15.158535196931638,4.155871537799868,1,END_OF_WINDOW
35.7523203422699,51.8069217107321,15.158535196931638,3.859023570814163,1,END_OF_WINDOW
37.297072465868574,53.73437531528492,14.552278565435799,3.732664744327448,1,END_OF_WINDOW
37.26019172097238,48.72388614027797,22.519894840210092,3.8224744054469,1,END_OF_WINDOW
35.66338889130907,42.89692648671117,31.768134854171507,4.031583376486407,1,END_OF_WINDOW
34.18064340662171,41.086055821009445,30.427060138030775,3.9086131353088027,1,END_OF_WINDOW
32.36752628327445,37.846063841713075,31.72582244499309,3.9401407685010246,1,END_OF_WINDOW
30.683917525880563,37.84606384171308,31.72582244499309,3.6587021421795227,1,END_OF_WINDOW
29.15581120268692,38.08039512692023,31.606210507160924,3.410223417738149,1,END_OF_WINDOW
28.057787209275936,40.25027456926671,30.498618387176638,3.2816360307568297,1,END_OF_WINDOW
27.185567664515307,40.91082401288575,29.71841137531765,3.127233457131334,1,END_OF_WINDOW
26.390267768375065,41.01239160865322,29.66732879474355,2.908859638764789,1,END_OF_WINDOW
26.307206481995188,45.72047118472617,27.299439189040136,2.9353696645673186,1,END_OF_WINDOW
25.22937550764588,41.869268823783166,33.42327309061602,2.9764146885268117,1,END_OF_WINDOW
24.489432977924046,42.352436223185876,31.387216991312734,2.943099353632055,1,END_OF_WINDOW
23.214418235995744,35.20326514398177,40.210131421906034,3.287877971229764,1,END_OF_WINDOW
22.03047597563375,35.20326514398177,40.210131421906034,3.0530295447133526,1,END_OF_WINDOW
21.29548253340303,33.732899274233745,42.70742767423897,2.9585274343766863,1,END_OF_WINDOW
20.4493563327048,43.59593449601508,36.06792613218329,3.2529183319212036,1,END_OF_WINDOW
19.733933156279644,44.08516358351512,35.755085587233204,3.0469955939268245,1,END_OF_WINDOW
20.352191676801084,53.41195912866155,29.791008888745022,3.395781622932072,1,END_OF_WINDOW
20.92628887442813,53.38777175662414,29.777518160692413,3.1546543641512086,1,END_OF_WINDOW
21.992691625947568,57.50178823982391,27.149340852750086,3.212893338140426,1,END_OF_WINDOW
22.982922752358476,57.50178823982392,27.149340852750086,2.9834009568446813,1,END_OF_WINDOW
24.934846536521988,65.89869597514793,21.78510314077581,3.45244374564147,1,END_OF_WINDOW
26.747347193245247,64.46242405599858,21.310293564746136,3.2772691923813655,1,END_OF_WINDOW
28.43038351734542,64.46242405599858,21.310293564746136,3.0431785357826966,1,END_OF_WINDOW
30.40060587167113,68.01930839706462,19.17738923825506,3.1400943546553677,1,END_OF_WINDOW
32.230098057830716,68.01930839706462,19.17738923825506,2.915801900751413,1,END_OF_WINDOW
32.00661508953431,57.55723469439983,31.608743372218207,3.1996731935548746,1,END_OF_WINDOW
31.799095190401932,57.55723469439984,31.60874337221821,2.971125108300955,1,END_OF_WINDOW
31.606398141207585,57.55723469439983,31.608743372218203,2.7589018862794585,1,END_OF_WINDOW
31.88679857171472,61.023881978074535,29.026999144133868,2.7896946086880727,1,END_OF_WINDOW
31.12151769795152,55.13983156832104,35.87036441737949,2.86685927949606,1,END_OF_WINDOW
30.410899743742835,55.13983156832104,35.87036441737949,2.662083616674913,1,END_OF_WINDOW
29.75104021483477,55.13983156832104,35.87036441737949,2.4719347869124193,1,END_OF_WINDOW
30.06342451408362,61.948461158011284,30.42615782825141,2.7060823021329607,1,END_OF_WINDOW
30.353495649100413,61.94846115801129,30.426157828251412,2.512790709123464,1,END_OF_WINDOW
31.273251549180475,66.08357343560061,26.19253817854425,2.710448515614627,1,END_OF_WINDOW
32.57152006975513,61.51411353550663,20.80709179184817,3.168273621642146,1,END_OF_WINDOW
33.489090747628815,58.11371627600024,21.8129946845221,3.1141112200963006,1,END_OF_WINDOW
34.34112066279724,58.11371627600025,21.812994684522096,2.8916747043751365,1,END_OF_WINDOW
35.36761209046031,60.15918451340398,20.7477823089424,2.822983654062648,1,END_OF_WINDOW
36.89508114469713,65.36827066897747,18.03506209314447,3.015627678772457,1,END_OF_WINDOW
38.53937190245222,63.89761797072179,16.016783222867243,3.1530828445744286,1,END_OF_WINDOW
40.08962039717712,64.13386675796365,15.911971700767422,2.9471483556762537,1,END_OF_WINDOW
40.74031213606225,59.47669025939194,20.251148100730056,2.95092347312795,1,END_OF_WINDOW
39.41778158878199,50.57733723994424,32.183775535982875,3.2222860821902395,1,END_OF_WINDOW
38.09013669591286,48.6382945877651,31.868187983100004,3.111408504890942,1,END_OF_WINDOW
36.95292847552222,47.40901919616864,30.20303164809374,3.0484507545415904,1,END_OF_WINDOW
36.11239040490266,49.004640431510246,29.28666542079033,2.919275700645747,1,END_OF_WINDOW
35.331890767898784,49.00464043151025,29.286665420790335,2.7107560077424795,1,END_OF_WINDOW
32.86416466727747,41.195662844663026,40.55496246282332,2.9942734357608622,1,END_OF_WINDOW
30.572704716700542,38.16596112573311,37.57238053549618,3.00111104749224,1,END_OF_WINDOW
29.304497090369104,34.13278462650449,44.16940050566177,3.116031686957056,1,END_OF_WINDOW
28.00921260911534,34.8882456062535,43.66280160981167,2.9270294236029666,1,END_OF_WINDOW
27.831616330016914,30.30139435451211,51.069604229583405,3.1293844647741667,1,END_OF_WINDOW
27.894367007170203,26.548960152120014,47.9327539870383,3.316571288718869,1,END_OF_WINDOW
28.201487602969827,25.4283882076303,49.57503026334035,3.2153876252389564,1,END_OF_WINDOW
28.821717269750884,23.006639000809866,49.89688858038812,3.3000027948647195,1,END_OF_WINDOW
29.55350603191546,20.3125110315115,46.35885261673178,3.470716880945815,1,END_OF_WINDOW
31.204173351329,17.04795900406274,54.97986043664459,3.839951389449676,1,END_OF_WINDOW
32.736935862212995,17.04795900406274,54.9798604366446,3.565669147346128,1,END_OF_WINDOW
32.17527656370557,28.507447232422884,47.384615570982156,3.8416927796785685,1,END_OF_WINDOW
30.763942068888895,34.05339469640406,43.708811890954784,3.8672861525586577,1,END_OF_WINDOW
29.472560877123733,32.52035310256268,41.96903847757755,3.760337141661603,1,END_OF_WINDOW
28.4205881272785,31.945284969569872,42.99521911569144,3.554598774400068,1,END_OF_WINDOW
27.443756288136495,31.945284969569872,42.99521911569145,3.3006988619429203,1,END_OF_WINDOW
28.036762899834066,25.660172752838427,54.21069097920294,3.815648943232727,1,END_OF_WINDOW
28.58741189641038,23.736500909759233,50.146666125004536,3.830245447287531,1,END_OF_WINDOW
29.098728821802677,23.736500909759236,50.14666612500454,3.556656486766993,1,END_OF_WINDOW
27.827982610827615,34.38058598762927,43.14770348922907,3.8383238805693507,1,END_OF_WINDOW
26.598983286358195,34.69469092321538,42.94116542684073,3.5813007462429858,1,END_OF_WINDOW
25.457769627922303,34.69469092321538,42.94116542684073,3.3254935500827725,1,END_OF_WINDOW
24.03290777577602,42.33743189000731,37.91572095978173,3.4972440107911473,1,END_OF_WINDOW
23.067202027744244,44.81366994751948,36.2874835382446,3.3931551528774917,1,END_OF_WINDOW
22.17047526171474,44.81366994751947,36.287483538244594,3.1507869276719567,1,END_OF_WINDOW
21.337800407544485,44.81366994751947,36.287483538244594,2.9257307185525314,1,END_OF_WINDOW
20.564602328672105,44.81366994751947,36.2874835382446,2.7167499529416363,1,END_OF_WINDOW
19.846632684004895,44.81366994751948,36.2874835382446,2.5226963848743766,1,END_OF_WINDOW
19.48579699458274,36.114136061763965,48.65578982859959,2.906789500240499,1,END_OF_WINDOW
19.150735282976452,36.114136061763965,48.65578982859959,2.6991616787947494,1,END_OF_WINDOW
18.839606550770615,36.11413606176396,48.65578982859958,2.506364416023696,1,END_OF_WINDOW
18.55070129943662,36.11413606176396,48.65578982859958,2.327338386307718,1,END_OF_WINDOW
18.282432137483628,36.11413606176395,48.65578982859957,2.161099930142881,1,END_OF_WINDOW
18.03332505852728,36.11413606176395,48.65578982859957,2.0067356494183897,1,END_OF_WINDOW
17.802011342353524,36.11413606176395,48.655789828599566,1.8633973887456476,1,END_OF_WINDOW
17.587220034477895,36.11413606176396,48.655789828599566,1.7302975752638157,1,END_OF_WINDOW
17.837146975493873,53.8876175769966,35.11941843408076,2.22599060560212,1,END_OF_WINDOW
18.06922199215157,53.8876175769966,35.11941843408076,2.06699127663054,1,END_OF_WINDOW
18.284720221905143,53.8876175769966,35.11941843408076,1.9193490425855015,1,END_OF_WINDOW
18.484825720962036,53.8876175769966,35.11941843408076,1.782252682400823,1,END_OF_WINDOW
18.652628639251574,36.62551348288081,55.902956527547325,2.434948919372198,1,END_OF_WINDOW
18.808445634806148,34.22521137666075,52.2392813586048,2.4195954251313445,1,END_OF_WINDOW
17.803329141600543,41.94067702568064,46.11154778032031,2.5453386090505226,1,END_OF_WINDOW
16.725203788650724,44.07163549297966,41.746333934157924,2.6106715655469164,1,END_OF_WINDOW
16.95638804337031,32.7661983506531,49.11018451747369,3.2606235965792822,1,EXIT_PROFIT_TARGET_MET
17.652306557234844,30.472900533364946,52.671949648702245,3.25557905396648,1,EXIT_PROFIT_TARGET_MET
18.29851660582334,30.472900533364946,52.671949648702245,3.0230376929688747,1,EXIT_PROFIT_TARGET_MET
19.76170669995624,25.42098099184251,57.63129166664795,3.3649635720425226,1,EXIT_PROFIT_TARGET_MET
21.62220277772371,22.9499462036198,61.74972251152253,3.4610376026109164,1,EXIT_PROFIT_TARGET_MET
23.10951986777005,22.875857717205864,56.61581265849506,3.5052492024244173,1,EXIT_PROFIT_TARGET_MET
24.490600022813076,22.44728858168551,55.555140303045675,3.317017116536951,1,EXIT_PROFIT_TARGET_MET
25.77303159535303,22.44728858168551,55.555140303045675,3.0800873224985974,-1,END_OF_WINDOW
27.73402857352677,19.026107504439643,62.32896122234041,3.3743667994629707,1,EXIT_PROFIT_TARGET_MET
30.24324116095314,15.709855437538726,68.89502630841056,3.794769170929917,-1,END_OF_WINDOW
32.57322427784905,14.02661599824891,61.513238110912376,3.9465713730063565,1,EXIT_PROFIT_TARGET_MET
35.24163839245006,11.911552407815629,67.31662994793471,4.315387703505879,-1,END_OF_WINDOW
37.80259984606649,11.091089178695851,65.65083828968199,4.303574296112608,1,EXIT_PROFIT_TARGET_MET
40.42411070529896,10.05904996216704,68.84706918899087,4.40617613210455,-1,END_OF_WINDOW
41.06617211978493,19.420795193786645,57.36092292191048,4.910734979811386,1,EXIT_PROFIT_TARGET_MET
41.66237200466476,19.42079519378665,57.360922921910486,4.5599681955391445,-1,END_OF_WINDOW
42.215986183481746,19.42079519378665,57.36092292191049,4.2342561815720625,1,EXIT_PROFIT_TARGET_MET
41.911702140789714,23.046603483216078,51.244567440370794,4.401095025745466,-1,END_OF_WINDOW
41.91858979428423,21.218280155069262,51.95845960237181,4.4388739524779535,1,EXIT_PROFIT_TARGET_MET
41.59498079902615,21.732018619360613,47.68611459728633,4.491097241586644,-1,END_OF_WINDOW
41.217611456380325,22.158661460531743,47.42617510405658,4.193161724330467,1,EXIT_PROFIT_TARGET_MET
41.14848521818172,21.15358571323056,49.65321102979721,4.078650172592587,1,EXIT_PROFIT_TARGET_MET
41.08429656842587,21.15358571323056,49.65321102979721,3.787318017407402,-1,END_OF_WINDOW
39.61904587970608,29.32172410035408,44.50935886194426,3.923223873306877,1,EXIT_PROFIT_TARGET_MET
37.206406841842494,34.67967874864083,38.98313341920747,4.159422168070673,1,EXIT_PROFIT_TARGET_MET
34.71116774468338,34.618947766396055,36.229372221444514,4.155892013208459,1,EXIT_PROFIT_TARGET_MET
32.30939476738696,35.44409207065783,34.68227702123038,4.031185440836416,1,EXIT_PROFIT_TARGET_MET
32.8381787859314,24.036911423411013,55.7038640321294,5.519672195062411,1,EXIT_PROFIT_TARGET_MET
33.329192517436944,20.91772339844655,48.475363557478566,5.889695609700829,-1,END_OF_WINDOW
34.51929807745723,16.81173331492494,50.42265448903356,6.804717351865075,-1,END_OF_WINDOW
35.74285345375911,14.501891671427137,45.4841010484559,7.325094683874723,-1,END_OF_WINDOW
35.513451514225736,21.310919182769343,41.86176949724303,7.390445063597942,1,END_OF_WINDOW
34.815076696477135,23.16038714106314,39.21290485054719,7.326127559055249,1,END_OF_WINDOW
33.56036153534048,25.836073178623423,36.60690224868547,7.287118447694174,1,END_OF_WINDOW
31.58339518966639,30.05792773730117,33.81549429246019,7.32518141571603,1,END_OF_WINDOW
30.08064838095801,29.089572158732356,35.947714979024056,7.028382743164891,1,END_OF_WINDOW
28.685240630014516,29.08957215873236,35.947714979024056,6.526355404367399,1,END_OF_WINDOW
28.460400746097466,25.7213978887787,43.36409281924014,6.853758589769704,-1,END_OF_WINDOW
27.631894553238748,29.069166272899317,40.860171530225024,6.754204404786156,-1,END_OF_WINDOW
26.508480450881947,30.38152632052181,38.59222916045677,6.640332661587167,-1,END_OF_WINDOW
25.465310212979205,30.381526320521807,38.59222916045677,6.166023185759513,-1,END_OF_WINDOW
25.048994032017095,28.490640360578578,42.414127062718244,6.105592958205273,1,END_OF_WINDOW
23.827993522195833,33.41041555606102,39.185403443440414,6.136622032619179,-1,END_OF_WINDOW
23.047624457077205,32.083266239322434,41.58908153219121,5.934006173146361,-1,END_OF_WINDOW
21.51938841598753,36.89401105604507,38.13370899126433,6.009434303635924,-1,END_OF_WINDOW
21.011874579972833,30.710458231784084,41.05484941091142,6.703760424804789,-1,END_OF_WINDOW
21.031452255459204,27.72335928988308,42.71733974486299,6.895634680175866,-1,END_OF_WINDOW
21.906256939456934,22.514394457947706,44.9735006369477,7.884517917306146,-1,END_OF_WINDOW
22.35713164674375,23.323329931509907,41.6609093356118,7.9034809232128564,-1,END_OF_WINDOW
22.4631360009716,25.045003567367836,40.72546848789473,7.507518000126233,-1,END_OF_WINDOW
21.908125059588137,28.7671575612526,38.67666713863994,7.3405524286886505,-1,END_OF_WINDOW
21.071127971194997,30.53445825292745,37.46357009759331,7.036941540925186,-1,END_OF_WINDOW
21.149251008581626,26.941484407856912,42.28555396505836,7.405731430859089,-1,END_OF_WINDOW
21.2400854474594,26.087915432975855,41.167122538497544,7.101750614369161,-1,END_OF_WINDOW
21.12757894029213,27.215287930601104,40.53920516844713,6.6966255704856374,-1,END_OF_WINDOW
21.746608297774095,24.588551350296715,45.458304555765245,6.882580886879501,-1,END_OF_WINDOW
22.32142127257878,24.58855135029671,45.458304555765245,6.390967966388109,1,END_OF_WINDOW
21.10636360806692,35.149462389019234,39.0921477058334,6.900898825931797,-1,END_OF_WINDOW
19.807649170786817,38.99173445575263,36.776011669155324,6.811548909793818,-1,END_OF_WINDOW
19.78248091688429,47.202081419736835,31.82678367419935,7.30858113052283,-1,END_OF_WINDOW
19.759110395403372,44.71259846540751,30.148208639690036,7.164396764056911,-1,END_OF_WINDOW
20.4266602957413,49.82506042121028,27.360384190939595,7.330511280910006,-1,END_OF_WINDOW
21.477943315474544,52.884353874025976,25.378995222011575,7.338331903702152,-1,END_OF_WINDOW
22.454134690941128,52.10333619095915,25.004187881184915,6.916308196294844,-1,END_OF_WINDOW
22.583467013600227,48.808268062660154,29.746999538444708,6.8558576108452245,-1,END_OF_WINDOW
22.47145360306238,46.551869907998324,30.383654581677096,6.674724924356291,-1,END_OF_WINDOW
22.670529502302035,48.7886767520637,29.112097159574063,6.468673144045157,-1,END_OF_WINDOW
21.41114967026342,42.42665283555555,38.35585131084483,6.9073393480419405,-1,END_OF_WINDOW
21.185657328260536,34.15397100524756,49.407495812760246,7.967529394610374,-1,END_OF_WINDOW
20.976271582115,30.97234791156748,44.804926183166444,8.158420152138195,-1,END_OF_WINDOW
20.19232337900742,34.68578122410949,42.39458626255892,8.006390141271195,-1,END_OF_WINDOW
19.46437147612181,34.68578122410949,42.39458626255892,7.434505131180396,-1,END_OF_WINDOW
19.44121262111572,31.906127070017494,47.01097724302693,7.504897621810374,-1,END_OF_WINDOW
18.53084018366236,37.420615075888854,42.79162549900843,7.655976363109625,-1,END_OF_WINDOW
17.545473605246926,42.9152827077045,39.03438563755389,7.793406622887536,-1,END_OF_WINDOW
16.630490353861166,40.50076981793475,36.83822097733143,7.668163292681282,-1,END_OF_WINDOW
15.660563586362864,38.919564415924626,36.614626781490514,7.409723057489742,-1,END_OF_WINDOW
15.123344099826092,39.76750017210019,33.781024769446205,7.457599981954756,-1,END_OF_WINDOW
14.845037688572216,41.034606625101,32.75069114755753,7.1427714118151435,-1,END_OF_WINDOW
15.430632447159585,45.687231511676835,28.57476834232264,7.601859168114074,-1,END_OF_WINDOW
15.904657553331113,29.94943835331794,46.90999777523022,10.7681549418202,-1,END_OF_WINDOW
16.42940423481455,25.54285555937426,41.01929517271384,11.724001017404444,-1,END_OF_WINDOW
17.289363077020948,21.533241263703815,38.67335306258961,12.913715230446991,-1,END_OF_WINDOW
18.31400492484854,19.332567505185555,37.22380900057477,13.356306999700754,-1,END_OF_WINDOW
19.30589712562589,18.663970125661127,36.3923915046918,12.8465707854364,-1,END_OF_WINDOW
20.70625282453081,17.4001555357938,39.566304795427016,12.795387157905203,-1,END_OF_WINDOW
19.5929500166988,28.875857925919778,31.992316692653098,14.694288075197697,-1,END_OF_WINDOW
18.37717285609366,28.23730546183351,26.821163233667896,16.275410355540714,1,END_OF_WINDOW
19.18957592239473,37.67458370185669,20.397627211229324,19.872166758716386,1,END_OF_WINDOW
19.964270205804603,33.48437306061402,18.01606431125929,20.892011990236618,1,END_OF_WINDOW
20.683629183256627,30.757390558698255,16.548827877079734,21.11972541950546,1,END_OF_WINDOW
20.843262006091646,28.740230580437657,18.02284124660576,20.98760217525507,1,END_OF_WINDOW
19.502821322501024,25.88887441173616,24.835286698187304,21.634916305593972,1,END_OF_WINDOW
18.201834772239327,23.467481228365227,22.870184263036435,22.16242228376583,1,END_OF_WINDOW
16.993775832710604,22.331200942657787,21.762824710654044,21.62653497778255,1,END_OF_WINDOW
15.798772999538421,21.514676942734642,21.628461001633518,20.843925336512374,1,END_OF_WINDOW
15.97120001494372,27.357898124564716,18.927968405617307,22.11650209819005,1,END_OF_WINDOW
17.431048772839425,35.64467717024064,16.61676537329509,23.39318051974789,1,END_OF_WINDOW
18.786622619456864,33.97130912238412,15.836677953745799,22.792239054051613,1,END_OF_WINDOW
19.11281472097482,30.9732790258729,19.245525015077853,23.21279340733363,1,END_OF_WINDOW
18.731933113378343,29.542958277697103,22.386793291570818,22.598308163952666,1,END_OF_WINDOW
18.231268646975618,28.397500241890622,22.438216914994015,21.830571866527468,1,END_OF_WINDOW
17.980433961520372,29.14074185470707,21.662688701439997,20.996959590346957,1,END_OF_WINDOW
17.844773077254807,29.11285605943233,21.04661968456066,20.067891048179334,1,END_OF_WINDOW
16.721082843432267,27.080393424761734,25.959600121238545,20.033041687595123,1,END_OF_WINDOW
15.709834528526722,25.975272930639054,27.342121074190327,19.393538709909752,1,END_OF_WINDOW
14.6209114730133,26.206729703775853,25.96418100909127,18.964000230630493,1,END_OF_WINDOW
13.803348471241645,27.26879201440436,25.590494113722674,17.866571642728307,1,END_OF_WINDOW
13.858283309126714,32.01246483551766,23.869151889782447,17.786816525390574,1,END_OF_WINDOW
13.909294230019992,31.55126211616133,23.525269660880067,16.7577582021484,1,END_OF_WINDOW
14.505138757014514,35.01690124382947,22.269939038691174,16.43791833056635,1,END_OF_WINDOW
15.149889554274896,35.63437384108569,22.058328983735883,15.410209878383053,1,END_OF_WINDOW
14.994528876490996,33.51316792227208,25.81538328948662,15.21519488707,1,END_OF_WINDOW
14.468962327262327,32.12299469959065,27.564872696841547,14.739823823707853,-1,END_OF_WINDOW
13.980936245835705,31.99775410665934,27.457403233520548,13.740550693443007,-1,END_OF_WINDOW
13.527769170225271,31.99775410665934,27.457403233520544,12.759082786768507,-1,END_OF_WINDOW
12.837660996420027,29.87259180133863,32.27539113555637,12.690576873427881,-1,END_OF_WINDOW
12.46025591890791,27.944972641714603,32.51187696139319,12.596964239611612,-1,END_OF_WINDOW
12.330295128253718,27.215397622442314,33.696963051088076,12.010752508210807,-1,END_OF_WINDOW
12.209617251217683,26.642081881712617,32.987107564132224,11.392841614767187,-1,END_OF_WINDOW
11.538041519918986,32.23336774957145,30.47285480074999,11.451924356569517,-1,END_OF_WINDOW
10.914435483713053,31.141455867366474,29.440580652415356,11.006786902528855,-1,END_OF_WINDOW
11.311343735333255,36.15016177493296,25.92557365408812,11.6063021237768,-1,END_OF_WINDOW
11.811350188017192,36.21411586118269,25.004169835305554,11.174423400649882,-1,END_OF_WINDOW
11.505268131107496,33.51693348336529,28.824957236644746,11.211250300603467,1,END_OF_WINDOW
11.184872548875347,32.79244372152168,28.49054349530958,10.640446707703205,-1,END_OF_WINDOW
10.491468857243515,31.73037413928999,30.806565419156247,10.211129085724412,1,END_OF_WINDOW
10.073871455062422,30.505508751428884,33.47759106522207,9.862477008172663,1,END_OF_WINDOW
9.889095230531648,29.29453930412032,34.03610756585991,9.536585793303201,1,END_OF_WINDOW
9.669899231126637,29.288168005956972,33.57570494345876,8.976829665210103,1,END_OF_WINDOW
10.018772788323984,27.709179479909828,37.1486753607325,8.81062754626653,1,END_OF_WINDOW
9.481386363656224,31.15381945898703,32.74841199861205,9.280582721533198,1,END_OF_WINDOW
9.803893455939312,27.56857580220818,36.541771344343054,9.738398241423688,1,END_OF_WINDOW
10.104121117799306,27.36753337355514,36.2831336890994,9.109226938464841,1,END_OF_WINDOW
9.850750985257916,30.462150992062597,34.73723514008788,8.83499644286021,1,END_OF_WINDOW
9.615478719326624,29.49652495502318,33.636092324704634,8.47249669694164,-1,END_OF_WINDOW
10.296459735010904,26.85586299753461,39.577288672940654,8.640889790017232,1,END_OF_WINDOW
11.202308524382943,25.845790554913712,41.26725657980682,8.337254805015993,-1,END_OF_WINDOW
12.200682837170007,24.793514942852866,41.4811855687567,8.07030803322913,-1,END_OF_WINDOW
13.430124206363992,23.61623721611831,43.29747507545387,7.8674288879984795,-1,END_OF_WINDOW
14.150211741520838,24.762732899220012,39.98604434192778,7.910469681712892,-1,END_OF_WINDOW
15.229411714989896,22.67870100497422,41.43886773192828,8.020436133019102,-1,END_OF_WINDOW
16.231525976068305,22.386697806832824,40.905315042890784,7.5446906949463175,-1,END_OF_WINDOW
16.74321090950923,24.172026135447105,38.93628908337231,7.360069931021584,-1,END_OF_WINDOW
17.04659836553083,23.994275788864726,36.74352631368879,7.24220779309144,-1,END_OF_WINDOW
17.67649902357643,23.018746674260214,39.08096635463007,7.009907236442036,1,END_OF_WINDOW
18.909356290555092,20.62225220634825,42.76890396459127,7.265628148124726,-1,END_OF_WINDOW
19.10897620898011,24.285208151047,37.74917177417439,7.643797566115814,-1,END_OF_WINDOW
18.83359258919247,25.480109826492527,34.65250109207501,7.73209773996466,-1,END_OF_WINDOW
17.639083569966115,28.49691819232682,29.725686658340525,8.369805044252887,-1,END_OF_WINDOW
16.80811233942988,31.166750128119418,27.63539531449072,8.359818969663397,-1,END_OF_WINDOW
16.036496196789088,31.166750128119418,27.635395314490715,7.762689043258869,-1,END_OF_WINDOW
15.788356561443324,34.0738643055114,26.468237731983375,7.5260683973117946,-1,END_OF_WINDOW
15.247366982698638,31.960354097308425,27.108168829019746,7.450634940360938,-1,END_OF_WINDOW
14.745019516721431,30.403429383466623,25.787614686584536,7.272732444620874,-1,END_OF_WINDOW
15.563459824405104,38.39130853223778,22.449166912008234,7.757537270005093,-1,END_OF_WINDOW
16.547986670216694,38.89241320679006,21.244215581390232,7.611998893576144,-1,END_OF_WINDOW
17.820646473400654,41.57863003041712,20.310345135931378,7.393284686892146,-1,END_OF_WINDOW
19.0822002470446,41.53112725962529,19.777393216615845,7.050192923542686,-1,END_OF_WINDOW
18.934295876825217,35.195041186194125,24.961489473490797,7.725179143289638,1,END_OF_WINDOW
18.796956104478646,32.975390030195285,23.38723932068744,7.65623777591179,1,END_OF_WINDOW
18.10276884918504,31.67688434019714,26.404098426143296,7.400792220489515,1,END_OF_WINDOW
17.651002893189364,32.12208492330238,25.352680876373178,7.157164204740248,1,END_OF_WINDOW
17.23150593405052,32.122084923302374,25.352680876373178,6.645938190115944,1,END_OF_WINDOW
16.965814065884953,27.500348594964763,36.092962132413426,7.208371176536232,1,END_OF_WINDOW
16.719100188302637,26.77183472932946,35.136820675714674,6.875630378212196,1,END_OF_WINDOW
16.064499840656634,35.82545016726892,30.792655272499612,7.285228208339873,1,END_OF_WINDOW
15.456656660699633,35.01936986629947,30.099813934461586,6.9205690506013,1,END_OF_WINDOW
14.591110533971305,33.158154739553105,31.01539299445921,6.78695697555833,1,END_OF_WINDOW
14.17850168344164,33.776827886145085,28.304606107745432,6.9057457630184365,1,END_OF_WINDOW
14.227446794389508,35.396367947645395,26.235562253857584,6.9181924942314,1,END_OF_WINDOW
14.272895825983957,34.07411654220043,25.25551794213295,6.673321601786284,1,END_OF_WINDOW
14.315098498178802,34.07411654220043,25.255517942132947,6.196655773087264,1,END_OF_WINDOW
13.475948376734943,31.8113682431657,30.2190494082887,6.163323217866747,1,END_OF_WINDOW
12.955591570523499,31.506239804719236,27.832600064405202,6.213800130876257,1,END_OF_WINDOW
12.888050247510773,34.0926217850383,26.78161768196966,5.9963858358136735,1,END_OF_WINDOW
13.263936458162377,36.97106106192859,25.61195713223563,5.822358276112693,1,END_OF_WINDOW
14.07241092525884,40.09939337113697,24.274604492460806,5.704332684961791,1,END_OF_WINDOW
15.900214921792575,48.40052874745904,20.910585504354316,6.149023207464508,1,END_OF_WINDOW
17.597461490002473,43.937386158994066,18.98236432311109,6.289807264074178,1,END_OF_WINDOW
19.234588251244286,44.20446938415769,18.712323738348413,5.924821030926044,1,END_OF_WINDOW
20.754777386683113,44.20446938415769,18.712323738348413,5.501619528717041,1,END_OF_WINDOW
22.16638158387631,44.2044693841577,18.712323738348413,5.108646705237252,1,END_OF_WINDOW
23.0869876009255,43.107510313755846,20.729523696393002,4.864457654863167,1,END_OF_WINDOW
24.84054567010404,50.67362855041572,17.972709428964762,5.209853536658642,1,END_OF_WINDOW
26.642964054218965,50.87064141299558,16.923253321767852,5.137721141183012,1,END_OF_WINDOW
29.38277667506612,61.07331020805434,12.954791712099556,6.232169631098515,1,END_OF_WINDOW
32.08794759173185,51.0633548645736,9.997065587199925,7.499157514591464,1,END_OF_WINDOW
34.940892709283254,55.65618235417121,9.04933167650274,7.692789120692076,1,END_OF_WINDOW
36.629081201379925,49.44174406065515,12.915598919338631,8.04116132635694,1,END_OF_WINDOW
38.00535709762806,48.91763538257822,13.838739702469425,7.54679266018858,1,END_OF_WINDOW
39.34650319927491,49.56037731033075,13.661888230752536,7.098450327317966,1,END_OF_WINDOW
41.216845878032224,56.53592898354829,11.772516300005412,7.649275303938141,1,END_OF_WINDOW
42.829579606727755,51.90596859611419,11.473171398565675,7.736469925085441,1,END_OF_WINDOW
43.063229046828745,47.037333457020374,17.35297069115979,7.927436359007899,1,END_OF_WINDOW
42.52319779609599,43.95373402773322,20.92128962205005,7.877619476221621,1,END_OF_WINDOW
42.02174020612987,43.95373402773321,20.921289622050047,7.31493237077722,1,END_OF_WINDOW
41.88545400972801,46.62008795204624,19.925976879662436,7.131722915721705,1,END_OF_WINDOW
41.75890254164056,46.18667870600707,19.7407326427813,6.684456993170147,1,END_OF_WINDOW
41.80925286655561,47.597773253260684,19.22309055117285,6.374138636515148,1,END_OF_WINDOW
40.98239176740109,44.78721528819694,23.992813391706797,6.290271591049767,1,END_OF_WINDOW
40.21459217532903,44.78721528819695,23.9928133917068,5.840966477403355,1,END_OF_WINDOW
39.50163541126212,44.78721528819693,23.992813391706793,5.423754586160259,1,END_OF_WINDOW
39.043605322320104,46.361923732048176,23.308521048241804,5.184200687148791,1,END_OF_WINDOW
37.463883049544926,42.28950744174741,30.0450755970882,5.277472066638148,1,END_OF_WINDOW
35.94016686291592,40.751105350104,29.429647116042208,5.085509776164005,1,END_OF_WINDOW
34.52528754676042,40.5731304860922,29.30111716824339,4.74297336358086,1,END_OF_WINDOW
32.61466703414447,38.488252599333784,32.93402731514414,4.642760980467952,1,END_OF_WINDOW
31.072004679155103,40.04775282026784,32.099054727880926,4.423278053291682,1,END_OF_WINDOW
30.11179700448937,42.71861918428447,29.91412252479137,4.407329620913724,-1,END_OF_WINDOW
29.62562459773931,44.71501366405924,27.812255565778273,4.401806076562738,-1,END_OF_WINDOW
29.247112531235317,45.25079989372937,27.542717223891707,4.127391356808253,-1,END_OF_WINDOW
29.468477050123216,49.59984452448562,25.35484039233075,4.163291974179101,-1,END_OF_WINDOW
30.159440254145714,52.89722419993966,23.136236123853674,4.2366282617377085,-1,END_OF_WINDOW
31.094357757367053,55.35344213779369,21.92977562940096,4.150440528756458,-1,END_OF_WINDOW
31.962495438929725,55.35344213779371,21.929775629400964,3.8539804909881394,-1,END_OF_WINDOW
31.50613277578474,49.922897118166325,29.588989795008896,3.9679818844889736,-1,END_OF_WINDOW
31.028026714644078,49.68211344365746,29.928589913225384,3.7024117498826183,-1,END_OF_WINDOW
30.584071086442037,49.68211344365746,29.928589913225384,3.4379537677481458,-1,END_OF_WINDOW
29.04267702916914,44.539842091840534,37.18122430606919,3.5609570700518716,-1,END_OF_WINDOW
27.125125038568015,42.24042010683034,40.4243178402627,3.486602993619594,1,END_OF_WINDOW
25.309877460870798,40.896041208255475,42.32042327106079,3.343988494075322,1,END_OF_WINDOW
23.678262447177204,41.77111069967915,39.75953184191422,3.3051321730699224,1,END_OF_WINDOW
22.3792007814879,39.07894168820626,43.62028637663021,3.280479874993502,1,END_OF_WINDOW
21.172929234776404,39.07894168820626,43.620286376630204,3.0461598839225377,1,END_OF_WINDOW
20.821060788335444,49.844599705733465,35.91193233993594,3.4357198922137853,1,END_OF_WINDOW
20.051995346084293,37.66051308413361,46.07989477639767,4.222454185627074,1,END_OF_WINDOW
18.817273891116486,37.902836580678844,40.05918419697307,4.510136029510854,1,END_OF_WINDOW
17.501308011917523,39.01831772089308,38.71225237120057,4.333697741688648,1,END_OF_WINDOW
17.007681518981023,34.965551155675804,43.248879455565316,4.490576474425155,1,END_OF_WINDOW
16.54931406125427,34.965551155675804,43.24887945556531,4.169821011966215,1,END_OF_WINDOW
16.695563095805188,31.496750694418637,45.887801522886825,4.298405225397218,1,END_OF_WINDOW
16.847456886848512,31.429256774890252,46.003757749767246,3.9999477092974094,1,END_OF_WINDOW
16.27245547915737,35.995771971208754,42.940106271433265,3.9792371586333113,1,END_OF_WINDOW
15.73852560058702,35.995771971208754,42.940106271433265,3.6950059330166463,1,END_OF_WINDOW
14.667674941988615,39.79353008359771,40.392209953305304,3.6475055092297577,1,END_OF_WINDOW
15.523407953255417,53.659627920153,31.078630197546754,4.4019694014276345,1,END_OF_WINDOW
15.696076401125643,47.295741858776424,32.90679263921848,4.637543015611362,1,END_OF_WINDOW
15.236601350613658,44.463664122524584,36.924346257207404,4.580575657353418,1,END_OF_WINDOW
14.809945946566815,44.46366412252458,36.924346257207404,4.253391681828174,1,END_OF_WINDOW
14.92331423150499,48.07003606547795,34.52658406692405,4.223863704554743,1,END_OF_WINDOW
15.467729516413929,51.26516751592406,32.40224262182315,4.179302011372255,1,END_OF_WINDOW
15.973257995257942,51.265167515924055,32.40224262182314,3.88078043913138,1,END_OF_WINDOW
15.85281568283553,48.34258181354293,36.25593605148222,3.821438979193437,-1,END_OF_WINDOW
15.740976392729005,48.34258181354292,36.255936051482216,3.548479052108192,-1,END_OF_WINDOW
16.992885212823445,58.36171619654375,29.223972236137715,4.087873405529029,-1,END_OF_WINDOW
18.858201986456514,62.62153847234018,24.89535228240764,4.455882447991226,-1,END_OF_WINDOW
20.59028184768722,62.62153847234019,24.895352282407643,4.137605130277567,-1,END_OF_WINDOW
21.295907314048733,56.535845207655356,30.12969001979047,4.2556333352577385,-1,END_OF_WINDOW
21.951130961384425,56.53584520765536,30.129690019790477,3.9516595255964715,-1,END_OF_WINDOW
22.9548483816562,59.56612819917831,28.029074290736645,3.9443981309110026,-1,END_OF_WINDOW
24.123314773981548,61.40994344943025,26.750927224279987,3.837655407274522,-1,END_OF_WINDOW
25.452894973928757,62.544512557830814,25.091238260152753,3.799251449612037,-1,END_OF_WINDOW
25.53247120787257,56.24681661207293,32.633908045524905,3.9228763460683345,-1,END_OF_WINDOW
26.06951629221608,55.994362433404284,28.17534593898961,4.219099464206322,-1,END_OF_WINDOW
27.180572298752168,57.425229314019546,23.66993466339086,4.663449502477303,-1,END_OF_WINDOW
28.212267161964252,55.26477004714888,22.77942137679852,4.499631680871774,-1,END_OF_WINDOW
29.170269534946904,54.62047580303397,22.513851646483563,4.2275151322380795,-1,END_OF_WINDOW
30.667382866491483,59.89634188673992,19.89637011891807,4.4419783370782175,-1,END_OF_WINDOW
32.14356383798212,60.672729973788776,19.511185687806655,4.206122741572622,-1,END_OF_WINDOW
31.685202257357332,52.155029566942694,30.810819093287254,4.543542545745995,-1,END_OF_WINDOW
31.11001045801943,49.16670606271046,30.370145939120196,4.4754323639069735,-1,END_OF_WINDOW
30.575903787205668,49.16670606271045,30.370145939120196,4.1557586236279045,-1,END_OF_WINDOW
29.209264029578335,45.231685865079946,35.94291873659324,4.194633007654502,-1,END_OF_WINDOW
27.844302491928396,44.788159285174004,36.571040762737965,3.9335877928220357,-1,END_OF_WINDOW
26.576838206967736,44.788159285174004,36.571040762737965,3.6526172361918903,-1,END_OF_WINDOW
25.3533640994305,44.57226308198705,36.87679281171663,3.4081445764639,-1,END_OF_WINDOW
23.97380814971645,43.43506248781649,38.48729548214256,3.2475628210021825,-1,END_OF_WINDOW
22.692791910696258,43.435062487816495,38.48729548214257,3.015594048073455,-1,END_OF_WINDOW
21.50327683160608,43.435062487816495,38.48729548214256,2.8001944732110657,-1,END_OF_WINDOW
20.39872711530806,43.435062487816495,38.487295482142564,2.600180582267418,-1,END_OF_WINDOW
21.008240771902965,55.24525718248185,30.451532111639157,3.051596254962608,-1,END_OF_WINDOW
21.80238772037384,56.98032587464892,29.270975668473916,2.9479108081795578,-1,END_OF_WINDOW
22.088509919878366,54.614627496192675,32.20748990566831,2.855917179023865,-1,END_OF_WINDOW
22.354194819418282,54.614627496192675,32.20748990566831,2.6519230948078745,-1,END_OF_WINDOW
23.26793559815638,55.627822639636335,26.69439153214873,2.971071445178733,-1,END_OF_WINDOW
24.455337337296005,57.4829712951178,24.69921513165638,2.9817091990945297,-1,END_OF_WINDOW
25.557924666497087,57.48297129511781,24.69921513165638,2.7687299705877777,-1,END_OF_WINDOW
26.58175575789809,57.4829712951178,24.699215131656377,2.5709635441172223,-1,END_OF_WINDOW
26.74184911157368,53.69174057044191,29.665601571901544,2.555894719537397,-1,END_OF_WINDOW
26.890507225701015,53.6917405704419,29.66560157190154,2.3733308109990117,-1,END_OF_WINDOW
27.028546903104967,53.6917405704419,29.66560157190154,2.2038071816419396,-1,END_OF_WINDOW
27.15672660355149,53.6917405704419,29.665601571901544,2.0463923829532296,-1,END_OF_WINDOW
27.823928029743907,57.929889233822415,26.95059497914493,2.09165006988513,-1,END_OF_WINDOW
26.52610155654185,47.93451584418528,39.49386726544331,2.347246493464737,-1,END_OF_WINDOW
24.689372629249906,41.27886146033002,40.61397631570273,2.531014601074404,-1,END_OF_WINDOW
23.655641612271918,37.50584306190681,46.042046568691205,2.5866564152833713,-1,END_OF_WINDOW
23.13187721410979,33.47419124316398,46.53385698024721,2.691180957048858,-1,END_OF_WINDOW
22.64552455867353,33.1520083281744,46.08597719194415,2.523239460116807,-1,END_OF_WINDOW
21.515744965857493,37.54988836584668,43.05401476435047,2.5080080701084597,-1,END_OF_WINDOW
20.84408633017917,35.54397778199348,45.34121639250207,2.4602932079578337,-1,END_OF_WINDOW
20.312107190541006,45.81701862169293,34.99159145591967,2.9602722645322768,-1,END_OF_WINDOW
19.237812171514026,43.074727161883054,38.760398235094314,2.923824245637101,-1,END_OF_WINDOW
18.804520229646926,44.266268298342375,33.96222614947662,3.0985510852344436,-1,END_OF_WINDOW
18.805200847307454,47.14014460924634,32.21098441100819,3.033654579146273,-1,END_OF_WINDOW
18.805832849420803,47.14014460924635,32.21098441100819,2.8169649663501106,-1,END_OF_WINDOW
18.59566733343637,46.20644015126052,33.55368088728283,2.6686103258965157,-1,END_OF_WINDOW
17.298618567238524,40.942824774585546,40.58655393969334,2.7965667311896243,-1,END_OF_WINDOW
18.46047853145552,53.87218093291612,26.796136139679614,3.9332405361046536,-1,END_OF_WINDOW
21.091532760119954,65.90222962551911,18.971241818502993,5.158723354954332,-1,END_OF_WINDOW
23.65088081663712,60.851112273412745,16.70455870882483,5.44024311531473,-1,END_OF_WINDOW
26.117805627938772,54.852842630111745,14.498691255893181,5.82022574993509,-1,END_OF_WINDOW
29.000787976239838,56.610150832663095,11.398379873826801,6.874495339225435,-1,END_OF_WINDOW
31.222494635729994,50.87731529876196,12.677747444612153,7.102745672137916,-1,END_OF_WINDOW
32.62104836484537,48.68900270742943,15.88430933082951,6.891835266985214,-1,END_OF_WINDOW
33.97058814291468,47.013999529648565,15.044703589631654,6.75670417648627,-1,END_OF_WINDOW
35.64260124025916,51.18231152164292,13.86116420503983,6.809796735308679,-1,END_OF_WINDOW
37.39339372495727,53.29776992635674,13.260506590337938,6.609811254215218,-1,END_OF_WINDOW
39.31359783488877,53.202123414401875,11.569409908335105,7.034824736056985,-1,END_OF_WINDOW
40.66541045289648,47.163150656519335,12.446880070006822,7.368765826338631,-1,END_OF_WINDOW
42.026473420016735,48.17357045473347,12.148846758192006,7.0102825530287225,-1,END_OF_WINDOW
40.70227046001033,39.13434371841189,24.2474591244399,8.013119513526684,-1,END_OF_WINDOW
39.472653425718676,38.2853592713106,23.721432271236562,7.60575383398906,-1,END_OF_WINDOW
38.7589166956539,41.37450656933103,22.53404792384944,7.434628560132702,-1,END_OF_WINDOW
36.9913038187669,38.0733754674787,28.71479266106258,7.50215509155177,-1,END_OF_WINDOW
34.6704177311426,33.90511358933815,30.985739895552374,7.822715442155232,-1,END_OF_WINDOW
32.51530922120575,33.90511358933815,30.985739895552374,7.263950053429858,-1,END_OF_WINDOW
31.503088074402065,40.45650665245219,27.914401514760005,7.4872393353277165,-1,END_OF_WINDOW
31.33106851765886,44.68486366927185,24.543112556564232,7.907436525661476,-1,END_OF_WINDOW
31.352500802025713,42.801988935847476,22.231247541447967,8.106191059542804,-1,END_OF_WINDOW
30.68448745819015,37.077487574392535,23.705122506332117,8.68932026957546,-1,END_OF_WINDOW
30.064189353199986,35.35901220647669,22.606432390427557,8.460797393177229,-1,END_OF_WINDOW
29.666675690622185,36.09275954187664,21.88804367634994,8.11431186509315,-1,END_OF_WINDOW
28.796740628348463,34.66016887958605,24.342097501232036,7.84614673187222,-1,END_OF_WINDOW
27.98894378480858,34.30700818103319,24.09407008429582,7.360707679595645,-1,END_OF_WINDOW
26.704211994030636,29.113457406386896,35.58505463863828,8.054228559624507,-1,END_OF_WINDOW
25.226206546684857,28.241991473543063,31.855110834834658,8.354640805365596,-1,END_OF_WINDOW
23.670110532063205,32.229229358956665,30.08507976272272,8.214309319268077,-1,END_OF_WINDOW
22.482596303683952,33.82797626786451,29.37535744704096,7.811858653606066,-1,END_OF_WINDOW
21.921446577479777,36.460810476444756,27.155910670799237,7.8467258926341845,-1,END_OF_WINDOW
20.447214050804778,31.762213768909206,30.958020442701077,8.364102614588896,-1,END_OF_WINDOW
19.222258678225078,30.84591423746567,32.949793874445085,7.997380999261119,-1,END_OF_WINDOW
18.400819790467747,29.136393066418723,34.0128497440116,7.861853785028175,-1,END_OF_WINDOW
17.580078646294677,28.659609183060596,32.91466476208467,7.543864228954724,-1,END_OF_WINDOW
17.364688798470837,26.679148912617055,35.7754200380411,7.5250167840293685,-1,END_OF_WINDOW
17.455750094576523,25.831523010068675,37.667442494150485,7.216801299455813,-1,END_OF_WINDOW
16.337502146684802,34.17468933703623,32.965970259955604,7.6570297780661205,-1,END_OF_WINDOW
15.299129052213917,32.94035333373097,31.775291287735794,7.376527651061399,-1,END_OF_WINDOW
14.211678576647317,32.57685898885192,32.52814586542286,6.926061390271278,-1,END_OF_WINDOW
13.226172231755179,32.59265425826035,32.32351846126905,6.472057005251881,-1,END_OF_WINDOW
12.611089613932176,31.470533307028433,34.51581349404432,6.224052933448176,-1,END_OF_WINDOW
11.878373262183146,33.69718964336619,32.14781668352504,6.205192009630451,-1,END_OF_WINDOW
11.83515062384774,37.813772769900346,30.15183553276419,6.1433925803711436,-1,END_OF_WINDOW
12.413498767128337,41.26766270265531,27.55075811538129,6.243150253201773,-1,END_OF_WINDOW
12.950536328746034,40.42588180338202,26.98877567142441,5.917925235115904,-1,END_OF_WINDOW
13.07637064624076,38.93299458789475,28.94642694697064,5.705930575464755,-1,END_OF_WINDOW
12.548525065482023,36.79973683370224,32.8396693569852,5.605506962931572,-1,END_OF_WINDOW
13.225114063819097,44.845317681794484,28.65908209991919,5.9643993227221825,-1,END_OF_WINDOW
14.11509259170782,46.023870234756174,27.213092879335605,5.832656513956305,-1,END_OF_WINDOW
13.730360655525054,39.434509231011646,33.102836410900586,6.321038191530827,-1,END_OF_WINDOW
13.128307381507543,38.52498874856029,34.64575761592312,6.008106892135772,1,END_OF_WINDOW
12.539427168385414,33.810844236490325,37.28305939777311,6.356813542697526,1,END_OF_WINDOW
11.99260982762915,32.52766403405829,35.86810260548788,6.135612575362003,1,END_OF_WINDOW
11.286977461798418,33.75680503227581,35.214694733809445,5.803068819979004,1,END_OF_WINDOW
10.683764302833167,33.0471489343307,34.9804898267242,5.5042781899804964,1,END_OF_WINDOW
10.499721152896775,37.43324271406467,31.8188635174249,5.618972604981867,1,END_OF_WINDOW
10.66374594618924,37.831882699787975,29.248261641630236,5.676188847483167,1,END_OF_WINDOW
11.036958592404993,36.61636716534802,26.575919745076334,5.800746786948628,1,END_OF_WINDOW
11.383513192462477,35.11687409935531,25.487597487432122,5.616407730737998,1,END_OF_WINDOW
11.428661017398378,34.39610084391952,27.01696330676373,5.324521464256726,1,END_OF_WINDOW
11.914386799821433,35.61980759476761,24.635901632222634,5.42205564538125,1,END_OF_WINDOW
11.459424746201028,28.574225011135862,31.929083907700807,6.276194527854026,1,END_OF_WINDOW
11.124381534183591,33.03109678463238,28.842953810524357,6.451466347293025,1,END_OF_WINDOW
11.402789505340325,36.82737201978325,27.207929403638634,6.350647322486378,1,END_OF_WINDOW
12.066349857120988,39.57023012913435,26.001675424051864,6.170601085165917,1,END_OF_WINDOW
12.499636879317276,37.26163651392049,25.822913625581993,6.084843864796942,1,END_OF_WINDOW
12.516313959936225,36.168839049262935,27.998355702458188,5.820926445882866,1,END_OF_WINDOW
12.630347539178834,36.82007481836976,27.712703202362057,5.460860271176961,1,END_OF_WINDOW
13.231130952474379,40.206013918297266,26.227523771272033,5.357941680378605,1,END_OF_WINDOW
13.386399298026305,38.91541208088409,28.526119774560023,5.140231560351559,1,END_OF_WINDOW
13.94750437561726,41.82324803065837,27.168178607831223,5.011643591755029,1,END_OF_WINDOW
13.536646681144585,38.48028778417101,32.650746269091705,5.057954763772517,1,END_OF_WINDOW
12.915848909308885,34.78745389105532,38.330361456741365,5.195243709217339,1,END_OF_WINDOW
12.446413435940675,33.01772616708412,37.49059969827648,5.082726301416125,1,END_OF_WINDOW
11.613814394778228,35.61374243632191,35.05543693776081,5.047531565600698,1,END_OF_WINDOW
11.588925049186015,32.493983029407076,40.74457258262228,5.136993596629233,1,END_OF_WINDOW
11.742191434889952,31.530791480901048,41.57108107179186,4.915779768298571,1,END_OF_WINDOW
11.884510221615036,31.53079148090105,41.57108107179186,4.564652641991531,1,END_OF_WINDOW
11.22751156977353,39.04940781376777,37.006153042368005,4.761463167563576,1,END_OF_WINDOW
11.36814716137252,43.91595276612593,33.67653064122335,4.8585015127375994,1,END_OF_WINDOW
10.901317756085545,39.42202831220038,35.787501112861655,5.0257514046849,1,END_OF_WINDOW
10.467833308319069,39.42202831220039,35.78750111286166,4.6667691614931215,1,END_OF_WINDOW
10.065312035393056,39.42202831220038,35.787501112861655,4.333428507100756,1,END_OF_WINDOW
9.691542281961757,39.42202831220038,35.787501112861655,4.023897899450702,1,END_OF_WINDOW
9.63636042509433,35.40204300818211,42.335446840471484,4.160762335204227,1,END_OF_WINDOW
9.827905914107411,34.366410866404756,44.022334364997526,3.9799935969753615,1,END_OF_WINDOW
10.8362237446129,30.688950502562765,50.0123589687701,4.13856548290568,1,END_OF_WINDOW
12.823945641277176,24.80206537261395,56.071154054449515,4.755096519840987,1,END_OF_WINDOW
15.542082048521637,20.052915179412775,61.59219750575813,5.461161054138083,1,END_OF_WINDOW
18.10142034285503,17.297332742493687,53.84531666160507,5.878935264556787,1,END_OF_WINDOW
19.450371408550488,23.046715706267268,50.10205956290336,5.866868459945591,1,END_OF_WINDOW
21.617172884369285,19.352310732279786,57.72640643297126,6.48780642709233,1,END_OF_WINDOW
23.629202826201027,18.121191446543822,54.054075348636125,6.433677396585737,1,END_OF_WINDOW
24.94773729837103,21.201969984324258,52.02023242693649,6.2077004396867554,1,END_OF_WINDOW
26.17209073681461,21.201969984324258,52.02023242693649,5.764293265423416,1,END_OF_WINDOW
26.57301522613778,25.468805985260644,49.20338788840965,5.658986603607455,1,END_OF_WINDOW
26.945302251937868,25.296874721202514,48.87123251840555,5.290487560492637,1,END_OF_WINDOW
26.728808201635047,28.649796234905413,46.659567936336416,5.145452734743146,1,END_OF_WINDOW
26.85429463632941,27.31840412215718,49.08134504137986,5.010777539404334,1,END_OF_WINDOW
26.970817754259883,27.31840412215718,49.081345041379855,4.65286485801831,1,END_OF_WINDOW
27.079017792338185,27.318404122157176,49.08134504137985,4.32051736815986,1,END_OF_WINDOW
27.179489256268038,27.318404122157173,49.081345041379855,4.01190898471987,1,END_OF_WINDOW
27.741966783123566,25.35892156298939,52.733616084796104,4.013201200097037,1,END_OF_WINDOW
27.274143351164287,31.47923719780956,48.40963816589792,4.059401114375842,1,END_OF_WINDOW
26.83973587863067,31.479237197809553,48.40963816589791,3.7694438919204254,1,END_OF_WINDOW
27.058008795873743,28.638887711671945,53.0646003177553,3.8473407567832614,1,END_OF_WINDOW
27.260690790456596,28.638887711671952,53.064600317755314,3.572530702727314,1,END_OF_WINDOW
25.775439678225386,39.51375100617437,44.97797924742503,3.913778509675357,1,END_OF_WINDOW
24.32964400617803,39.96215461390424,44.64454332606374,3.661365758984268,1,END_OF_WINDOW
23.470855058700646,37.51120206876149,48.039595438076674,3.6219824904854008,1,END_OF_WINDOW
22.26934843037261,46.76029685381249,40.929156665815455,3.9475551697364644,1,END_OF_WINDOW
21.72534288083672,50.388301830733354,37.50853967564594,3.9998726576124195,1,END_OF_WINDOW
22.60707764281313,59.374349867674894,29.198058466150226,4.771310324925831,1,END_OF_WINDOW
23.603186881247876,56.85506783351469,26.416967890369147,4.896931016002572,1,END_OF_WINDOW
23.60073946099714,52.28071775807072,32.3371885726787,4.945007372002367,1,END_OF_WINDOW
23.29906499160097,50.77220463248692,34.2895381870116,4.7282211311450775,1,END_OF_WINDOW
23.588614271650265,54.97664869643612,31.36093973547336,4.8004910503490175,1,END_OF_WINDOW
24.248420798935022,55.239703060805276,27.93639544041773,5.004027403895523,1,END_OF_WINDOW
24.861098288556583,55.239703060805276,27.93639544041773,4.646596875045843,1,END_OF_WINDOW
24.634238341722032,51.330778120608464,33.03582946223641,4.643268526828276,1,END_OF_WINDOW
24.53975125713389,52.186257104348165,32.45514506408869,4.388749346340537,1,END_OF_WINDOW
24.45201325001633,52.18625710434816,32.45514506408869,4.075267250173356,1,END_OF_WINDOW
22.902323372613495,44.629804231596985,42.235488423442234,4.424891018018102,1,END_OF_WINDOW
21.77532210075032,45.40025240935143,39.361561763914466,4.408827373873939,1,END_OF_WINDOW
20.52790755037314,43.437358945361645,39.84655756456829,4.278911132882922,1,END_OF_WINDOW
19.2209655683121,39.77621506304331,41.5912962499041,4.338988909105596,1,END_OF_WINDOW
18.45188863165027,37.33392034422776,44.22917330152475,4.2926325584552,1,END_OF_WINDOW
18.193498864202734,34.87766831740578,47.02789302702557,4.266730232851245,1,END_OF_WINDOW
17.12842260322344,41.871062585549716,39.20964416159349,4.751963787647581,1,END_OF_WINDOW
15.994391936840751,34.08115177482298,34.94535904750271,5.421109231387064,1,END_OF_WINDOW
15.762571921322843,30.591188272048015,39.53100475718552,5.608172857716557,1,END_OF_WINDOW
15.63504852105248,28.087068874591733,37.214417114232376,5.671874796451089,1,END_OF_WINDOW
14.676086318761447,32.94851025024904,31.523941344279205,6.217455168133182,1,END_OF_WINDOW
14.894139864014779,38.45033264393337,26.86982844134159,6.773351227552241,1,END_OF_WINDOW
15.35170761950972,38.388798912780594,24.906783812982265,6.785254711298481,1,END_OF_WINDOW
15.148994684125519,34.69894170343783,26.980540036945058,6.9705936604914545,1,END_OF_WINDOW
14.960761244125905,31.494499031470077,24.48889073691596,7.131265541884908,1,END_OF_WINDOW
15.07643707976605,33.05063048221609,23.649605025740914,6.856889431750269,1,END_OF_WINDOW
15.362255898378983,33.999710831876165,23.105277881551913,6.517111615196672,1,END_OF_WINDOW
15.744711793262178,34.76964086070847,22.83574198269841,6.123032214111196,1,END_OF_WINDOW
16.438890632252782,36.94354837024178,21.947893573902373,5.915672770246129,1,END_OF_WINDOW
17.083485268458343,36.025390680984216,21.40242276406221,5.633124715228551,1,END_OF_WINDOW
16.479148721525796,33.080140306539896,27.828155820907366,5.696472949855082,1,END_OF_WINDOW
15.720753875507102,29.916921248572315,33.6425356432171,5.848867739151142,1,END_OF_WINDOW
15.016530089918312,29.289039893444027,32.936462959664375,5.547520043497497,1,END_OF_WINDOW
14.218800993405058,30.131900871998745,32.54386668663285,5.213411468961986,1,END_OF_WINDOW
14.396205408376261,39.488795246756865,28.185518213817534,5.589596364036132,1,END_OF_WINDOW
14.56093807942095,38.799988321087184,27.693875457234295,5.282482338033549,1,END_OF_WINDOW
14.858826930622195,39.7993543769362,27.24164810747373,4.986590742459715,1,END_OF_WINDOW
15.135438006737637,39.43436599999946,26.991822825544265,4.673262832284014,1,END_OF_WINDOW
15.39229114884483,39.43436599999945,26.99182282554426,4.339458344263728,1,END_OF_WINDOW
16.11107024361423,42.85804410758353,25.466018391769108,4.270925605387755,1,END_OF_WINDOW
16.97193453926689,43.12665520262579,24.172952124238364,4.178002347860044,1,END_OF_WINDOW
18.29786824078254,45.39055285915008,21.58926892714716,4.343859323012898,1,END_OF_WINDOW
19.655770427482434,42.1500406429229,19.24461590716091,4.525012228511985,1,END_OF_WINDOW
20.89229939929075,42.08565138005527,19.36797948107489,4.208225640761107,1,END_OF_WINDOW
19.530805571854618,34.72301927671628,33.47406750306206,4.736209523563879,1,END_OF_WINDOW
18.376430875939718,32.148844512352134,34.390942443964995,4.750051700452162,1,END_OF_WINDOW
18.181420049586674,28.287172187096292,38.78081711961061,5.012905150419853,1,END_OF_WINDOW
18.363097915723074,26.36542791894331,40.150871153842665,4.99412621110415,1,END_OF_WINDOW
18.53179879142116,25.638799070815946,39.0443167164362,4.768831481739578,1,END_OF_WINDOW
17.790683915776615,29.90438876849717,35.215707930117695,4.909629233043878,1,END_OF_WINDOW
17.102505816963824,29.90438876849717,35.215707930117695,4.558941430683602,1,END_OF_WINDOW
17.3601156929489,27.109553530321932,41.27038518029722,4.669731328491925,1,END_OF_WINDOW
18.42255758852128,24.28524613079206,47.38891035339903,4.840464805028212,1,END_OF_WINDOW
20.1305821234629,21.530848667052602,53.14464506986276,5.069717318954749,1,END_OF_WINDOW
21.716604905908692,19.775526548127807,48.81197930103556,5.1254517961722605,1,END_OF_WINDOW
23.648953134893375,17.369436267615058,50.439503815305805,5.418633810731386,1,END_OF_WINDOW
25.654088036934063,16.40087479654799,51.54096758684315,5.328731395679166,1,END_OF_WINDOW
27.515999017400418,16.400874796547985,51.54096758684314,4.948107724559226,1,END_OF_WINDOW
29.590024100793542,14.731368285841345,53.080669182399085,5.115385744233565,1,END_OF_WINDOW
31.678915491816515,13.974835978753063,53.92103406985961,5.007143905359733,1,END_OF_WINDOW
33.618600354909276,13.974835978753065,53.92103406985961,4.649490769262609,1,END_OF_WINDOW
32.877748671593054,28.07568717212558,45.082544934005476,5.163812857172417,1,END_OF_WINDOW
32.189814965656566,27.08320807965953,43.48887126867898,4.970683367374389,1,END_OF_WINDOW
31.92515237599741,25.718080563105264,46.205053537843284,4.860634555419096,1,END_OF_WINDOW
31.9758500238525,23.409989481762498,46.09186307814387,4.958446372889162,1,END_OF_WINDOW
32.022926411146514,23.06293525251149,45.40854897295,4.673557346254207,1,END_OF_WINDOW
31.501297550800626,26.26681348421498,43.517607824296086,4.528303250093184,1,END_OF_WINDOW
31.87866478973239,23.17974752525117,50.155827198383605,4.764853017943649,1,END_OF_WINDOW
31.19103804389884,29.06775595531194,45.7064246271934,4.855220659519084,1,END_OF_WINDOW
29.817154505959156,33.631284949967394,42.76583538125299,4.8184191838391595,1,END_OF_WINDOW
28.541405506443734,33.28062395242463,42.31993179719875,4.521389242136352,1,END_OF_WINDOW
27.35678143546513,33.28062395242463,42.31993179719875,4.198432867698041,1,END_OF_WINDOW
27.053979168662163,29.98935493811789,48.02417044039126,4.326401948576737,1,END_OF_WINDOW
26.884385407100023,29.51186109878672,48.85173537001551,4.082373237964135,1,END_OF_WINDOW
27.349240848811142,26.658670633153186,53.38821669072874,4.196489435252432,1,END_OF_WINDOW
28.080040519804324,24.97832040247947,55.055306553346576,4.158883047020121,1,END_OF_WINDOW
28.60439401237837,25.92370448622354,54.361528290577525,3.911105686518655,1,END_OF_WINDOW
27.033601964533307,39.1288730833354,44.67080143531465,4.419598137481622,1,END_OF_WINDOW
25.495285964915386,44.252846580634426,39.641049791205695,4.624626841947219,1,END_OF_WINDOW
24.622026197765923,47.85486777250245,36.642379460104195,4.64572492466528,1,END_OF_WINDOW
23.811142128269992,47.28334412980724,36.20476491510921,4.36603028718919,1,END_OF_WINDOW
23.059485413010535,47.29263039852156,36.1983872879591,4.05488526667566,1,END_OF_WINDOW
22.361518463126753,47.29263039852156,36.1983872879591,3.7652506047702556,1,END_OF_WINDOW
22.03116264087684,49.20406651131374,34.379276069127904,3.6813041330009297,1,END_OF_WINDOW
21.72440366307335,49.20406651131375,34.379276069127904,3.4183538377865776,1,END_OF_WINDOW
21.463190179466046,49.37494853142364,34.26362113887809,3.184899992230368,1,END_OF_WINDOW
22.202364525337135,56.6782936660111,29.320632569408673,3.4559785642139147,1,END_OF_WINDOW
22.888740703646004,53.07518808133632,27.456685577998325,3.426980095341473,1,END_OF_WINDOW
23.52609001207567,53.075188081336314,27.45668557799832,3.1821958028170823,1,END_OF_WINDOW
24.6528035947257,57.31589048582461,24.975362205797747,3.2484675311872997,1,END_OF_WINDOW
25.699037635757872,57.31589048582462,24.975362205797747,3.0164341361024927,1,END_OF_WINDOW
26.670540673859175,57.3158904858246,24.975362205797744,2.800974554952315,1,END_OF_WINDOW
27.572650637810384,57.3158904858246,24.975362205797744,2.6009049438842924,1,END_OF_WINDOW
26.863947385214654,49.778154532002596,34.842013581714085,2.780840305035439,1,END_OF_WINDOW
27.468330635844598,59.197474914761656,28.291663146372688,3.1800659975329326,1,END_OF_WINDOW
28.27045936373352,59.02796695089527,26.089209103412554,3.202204140566279,1,END_OF_WINDOW
30.073346706264267,67.74359646595673,20.51541880791609,3.7813324162401125,1,END_OF_WINDOW
32.133659095500384,67.84826926333595,17.539652482479447,4.106951529365829,1,END_OF_WINDOW
34.046806314076775,66.13875713505344,17.097721553802653,3.9121692772682453,1,END_OF_WINDOW
34.82990545095005,61.24924234737533,23.226532162795113,3.922728614606224,1,END_OF_WINDOW
35.11953066801155,59.04917576167058,25.984227356792083,3.7782479992772147,1,END_OF_WINDOW
36.00971169143419,63.500757572825414,22.554085980932,4.0419445707573995,1,END_OF_WINDOW
36.83630835604093,63.500757572825414,22.554085980932,3.7532342442747284,1,END_OF_WINDOW
37.85042886295695,65.31072273006815,21.174074992773466,3.712288941112236,1,END_OF_WINDOW
39.02300160539907,63.37369014104271,18.787649888270618,3.8849825881756557,1,END_OF_WINDOW
40.11181915195245,60.304993423691855,17.877909593669486,3.791055260448835,1,END_OF_WINDOW
41.12286401660917,60.30499342369186,17.877909593669486,3.520265598988204,1,END_OF_WINDOW
38.746025934169424,45.121140053586224,38.554966473778585,4.368818056203339,1,END_OF_WINDOW
36.0416139307196,42.65758218029499,41.90978853586287,4.291045337903115,1,END_OF_WINDOW
34.21834897711137,38.21805122449467,47.20059450288913,4.447399242338608,1,END_OF_WINDOW
33.102253183976394,34.881689199096336,50.81534563244177,4.524727867885865,1,END_OF_WINDOW
32.06587851892249,34.881689199096336,50.81534563244176,4.201533020179732,1,END_OF_WINDOW
31.2322954703878,34.217633209067436,51.75169261276875,3.9771378044526045,1,END_OF_WINDOW
30.45825406817702,34.217633209067436,51.75169261276875,3.69305653270599,1,END_OF_WINDOW
28.524613834894843,42.368443995292786,45.3393624560539,3.914266780369845,1,END_OF_WINDOW
27.321358090426557,39.14516171880769,49.49780321060113,3.933962010343432,1,END_OF_WINDOW
25.55608765626292,46.147655712100516,43.8021497596487,4.1279647238903365,1,END_OF_WINDOW
24.61197867181365,37.3557752476958,47.87160875663933,4.735252957898178,1,END_OF_WINDOW
23.33703681038828,38.62559954393736,44.22887588697307,4.759163460905463,1,END_OF_WINDOW
22.31911460230972,37.82470944916086,45.3852732349512,4.512794642269355,1,END_OF_WINDOW
21.373901123379632,37.82470944916086,45.38527323495119,4.190452167821544,1,END_OF_WINDOW
20.579639806573223,37.4194389021012,45.97043940055875,3.9332770129771584,1,END_OF_WINDOW
20.357771051640057,34.875365086212575,49.64380261598868,3.9187572263359343,1,END_OF_WINDOW
20.151750064916406,34.875365086212575,49.64380261598868,3.6388459958833677,1,END_OF_WINDOW
19.96044486295873,34.87536508621257,49.643802615988676,3.3789284247488416,1,END_OF_WINDOW
19.782804318283745,34.87536508621257,49.643802615988676,3.137576394409639,1,END_OF_WINDOW
19.617852383942683,34.87536508621257,49.643802615988676,2.9134637948089503,1,END_OF_WINDOW
19.578454321118258,34.3047518342506,50.4677054905449,2.7503592380368906,1,END_OF_WINDOW
19.205023766369024,36.523905795021555,48.76293061477612,2.643190721034256,1,END_OF_WINDOW
18.98830784896742,51.56427165887359,37.20878056465629,3.2165342409603856,1,END_OF_WINDOW
20.98060178414177,67.9914803751232,24.58924483458769,4.519638938034646,1,EXIT_PROFIT_TARGET_MET
22.830589009660812,67.1119646995915,24.27116636119384,4.251807585317884,-1,END_OF_WINDOW
23.921532337818743,63.12614420991103,28.292261683838696,4.197392757795195,1,EXIT_PROFIT_TARGET_MET
25.103338397916833,63.54082163527654,26.930113652191675,4.094721846524093,1,EXIT_PROFIT_TARGET_MET
26.200729739436486,63.54082163527653,26.93011365219167,3.8022417146295155,1,EXIT_PROFIT_TARGET_MET
27.21973598513331,63.54082163527652,26.93011365219167,3.5306530207274074,1,EXIT_PROFIT_TARGET_MET
28.165956070423213,63.54082163527653,26.93011365219167,3.2784635192468783,1,EXIT_PROFIT_TARGET_MET
29.04458900676384,63.54082163527654,26.93011365219167,3.044287553586387,1,EXIT_PROFIT_TARGET_MET
29.860462447651564,63.54082163527652,26.930113652191668,2.826838442615931,1,EXIT_PROFIT_TARGET_MET
31.26539589581259,68.63602062426678,23.166608987292175,3.0513499824290644,1,EXIT_PROFIT_TARGET_MET
30.4496307421709,55.92030769692835,37.400991086742074,3.4776821265412727,1,EXIT_PROFIT_TARGET_MET
29.692134528075044,55.92030769692835,37.400991086742074,3.2292762603597533,1,EXIT_PROFIT_TARGET_MET
29.62754090693867,60.544387686716505,33.477525076740044,3.3500422417626337,1,EXIT_PROFIT_TARGET_MET
29.567561115883464,57.183039028785615,31.618894767852847,3.293610653065299,1,EXIT_PROFIT_TARGET_MET
29.511865595617916,57.183039028785615,31.618894767852847,3.0583527492749205,1,EXIT_PROFIT_TARGET_MET
30.497047077077024,65.11493544147096,25.761454344866795,3.4856132671838522,1,EXIT_PROFIT_TARGET_MET
31.411858452717624,64.61583899263992,25.563996568197368,3.2616408909564605,1,EXIT_PROFIT_TARGET_MET
32.26132615866961,64.61583899263992,25.56399656819737,3.0286665416024277,1,EXIT_PROFIT_TARGET_MET
33.75635614740809,70.27758677941549,21.47355336223797,3.3480475029165397,1,EXIT_PROFIT_TARGET_MET
36.28964570868969,75.46565751985325,13.725434271673832,4.863901252708194,1,EXIT_PROFIT_TARGET_MET
38.641986015594036,72.25463090537787,13.1414237933979,4.717194020371923,-1,END_OF_WINDOW
41.209353552747075,75.77880293019227,11.031342084568937,5.218108733202501,1,EXIT_PROFIT_TARGET_MET
43.87577362843815,76.51268719087136,9.196974729621623,5.811815252259447,-1,END_OF_WINDOW
46.55732112814177,77.45524235777027,7.933729005868264,6.255971305669501,1,EXIT_PROFIT_TARGET_MET
49.047329520723714,70.03243186695916,7.173411626393903,6.424830498121672,-1,END_OF_WINDOW
51.2321337617186,66.50504347679261,7.5397648043062295,6.282342605398717,1,EXIT_PROFIT_TARGET_MET
53.41795050392804,69.26020508218849,6.919573806651201,6.356460990727392,-1,END_OF_WINDOW
55.110024985018526,65.08572062043069,8.413037875828167,6.280999491389734,1,EXIT_PROFIT_TARGET_MET
56.68123700317399,61.68612031318812,7.973602530027741,6.153785242004753,-1,END_OF_WINDOW
58.27361911462267,63.70868504788134,7.484310864187336,6.087800581861559,1,EXIT_PROFIT_TARGET_MET
58.42634714852409,53.52924581063349,13.210535107373756,6.727957683157174,-1,END_OF_WINDOW
58.568166037146824,49.92194799900122,12.320286540227793,6.69881784864596,1,EXIT_PROFIT_TARGET_MET
58.35738738439288,47.982474784280015,13.684814915931499,6.471759430885566,-1,END_OF_WINDOW
58.67352779464106,53.50350344120483,12.232337986238257,6.723062328679439,1,EXIT_PROFIT_TARGET_MET
59.2203489226304,54.5917552949375,11.051334669514246,6.90998644805949,-1,END_OF_WINDOW
59.98884791936367,57.94822648939497,10.234445870586542,6.928558844626675,1,EXIT_PROFIT_TARGET_MET
60.72080159023118,54.10365955054539,9.459389635654006,6.960804641439031,-1,END_OF_WINDOW
61.4502850000149,51.78848990217144,8.80638342319307,6.942890024193389,1,EXIT_PROFIT_TARGET_MET
61.686546587297755,48.304439737768824,10.332415785430022,6.911969308179558,-1,END_OF_WINDOW
61.19254822931068,45.30922524954429,13.240956963809714,6.842542929023879,1,EXIT_PROFIT_TARGET_MET
60.93890346437462,45.65890121469601,12.268605161019408,6.85736129123644,-1,END_OF_WINDOW
60.77655804236934,46.42811404818685,12.094939763192738,6.458978341862424,1,EXIT_PROFIT_TARGET_MET
59.824246760157635,44.44832105603792,15.843397476780549,6.264765603157982,-1,END_OF_WINDOW
59.01781831844865,43.442291547123915,15.052354588077927,6.122996631503822,1,EXIT_PROFIT_TARGET_MET
58.74704294678016,46.569615150466184,13.432351281020438,6.371354014967828,-1,END_OF_WINDOW
58.495608673088,43.375166571989304,12.51095746411602,6.351971585327262,1,EXIT_PROFIT_TARGET_MET
58.259731901134174,43.36991442748778,12.521551200809485,5.898973614946726,-1,END_OF_WINDOW
58.3219888884868,46.26390017390334,11.881658282905358,5.7726183567362535,1,EXIT_PROFIT_TARGET_MET
56.35284417213646,39.165971739735596,20.741920737368677,6.331717045540801,-1,END_OF_WINDOW
55.066466197492666,40.49416543735466,18.047291244430994,6.757308685145027,-1,END_OF_WINDOW
54.04159335289186,38.73807180513793,16.319566850240214,6.938929493348935,1,EXIT_PROFIT_TARGET_MET
52.372047147979835,36.842952400026235,19.54876935172372,6.774720243824002,1,EXIT_PROFIT_TARGET_MET
51.08962422758548,38.81592925275581,18.938081061248337,6.493668797836584,1,EXIT_PROFIT_TARGET_MET
49.89683403782706,38.81133171760569,18.947682403502192,6.030549597991096,-1,END_OF_WINDOW
48.7892431473371,38.81133171760568,18.947682403502192,5.599796055277447,1,EXIT_PROFIT_TARGET_MET
47.61241666441093,38.462619446056934,19.675921722601476,5.246953479900476,-1,END_OF_WINDOW
47.08487600104184,42.86051639254621,18.269741035606888,5.247171088479014,1,EXIT_PROFIT_TARGET_MET
46.820039721938265,41.806031040736364,16.5101312835841,5.391658867873369,-1,END_OF_WINDOW
47.08654339219093,46.33930842806937,15.220269902192221,5.430826091596672,1,EXIT_PROFIT_TARGET_MET
46.11044854746163,42.59286478789488,21.254349625815014,5.486481370768341,-1,END_OF_WINDOW
45.949143046430926,44.676340108245675,17.437897907253387,6.209589844284897,1,EXIT_PROFIT_TARGET_MET
45.33187576347959,43.391651671664114,19.812008624501708,5.936761998264538,1,EXIT_PROFIT_TARGET_MET
45.50848827150785,49.08717381896542,17.334606483426622,6.300564712674229,1,EXIT_PROFIT_TARGET_MET
44.17961300079456,41.14941462605053,23.701714722264803,6.979095804626082,-1,END_OF_WINDOW
41.6946969835914,37.27887766360637,30.878374123675282,7.153446104295653,-1,END_OF_WINDOW
39.814533944798534,38.26547506262726,28.06836261980154,7.307485668274531,-1,END_OF_WINDOW
38.25281614689972,38.4205727933302,26.72637911089671,7.126236691969206,-1,END_OF_WINDOW
37.40706931958799,42.712163502207304,24.863765483632758,7.1129340711142675,-1,END_OF_WINDOW
36.37300783721268,40.59605128244335,25.45126411040014,6.949153066034689,-1,END_OF_WINDOW
35.87045357822941,41.84596336326979,22.862330561242942,7.183499275603641,-1,END_OF_WINDOW
36.8787765589357,52.3466470770032,17.454943320386676,8.736820755917687,-1,END_OF_WINDOW
38.02900357535246,50.40263782729518,15.490934910598694,9.141333559066432,1,EXIT_PROFIT_TARGET_MET
39.36758788816317,50.175489472629835,13.836439666617045,9.50338116199026,-1,END_OF_WINDOW
40.64911803684832,47.205963533224754,12.810895694737747,9.530996793276662,1,EXIT_PROFIT_TARGET_MET
41.83911031777025,47.02379338063036,12.761457813400177,8.88449702232833,-1,END_OF_WINDOW
42.18541312593183,44.89003101266117,16.31501649180128,8.642032949304896,1,EXIT_PROFIT_TARGET_MET
42.508087304242224,42.808311124035455,15.552260126830193,8.41831631006885,-1,END_OF_WINDOW
43.531753183426225,49.70230299789544,13.677561948795042,8.88843657363536,1,EXIT_PROFIT_TARGET_MET
44.93423470047256,54.22167424206904,12.240100810607913,9.222833961232814,-1,END_OF_WINDOW
46.10065819362475,50.51019360498594,12.132606228496854,9.193345821144753,1,EXIT_PROFIT_TARGET_MET
46.95159915586735,48.58333982604618,12.909175498864917,8.875249691062969,-1,END_OF_WINDOW
46.746670753697956,45.49951574717423,17.65802758622117,8.799874713129912,-1,END_OF_WINDOW
45.57802114743978,41.448781684403876,22.130001907145484,8.96988366219205,-1,END_OF_WINDOW
44.78631579627766,39.93021430062505,19.44815333775903,9.477749114892614,-1,END_OF_WINDOW
44.05116082734141,37.139003285811775,18.08868405453806,9.462195606686015,-1,END_OF_WINDOW
42.766727805812735,34.67262598965607,20.333123071874443,9.411324491922729,-1,END_OF_WINDOW
41.57404000010753,33.484825052027645,19.63655908341589,9.049087028213973,-1,END_OF_WINDOW
41.052537715083446,37.6208749033856,18.415517609170777,8.959866526198702,-1,END_OF_WINDOW
40.59190257431223,37.107737589269654,18.028566311094497,8.498447488613081,-1,END_OF_WINDOW
40.024185098392714,35.999847615986894,18.280611627022374,8.134272667997868,-1,END_OF_WINDOW
38.78557755604347,33.394493664170135,21.045499982535148,8.14253890599802,-1,END_OF_WINDOW
36.4482940200265,30.76962956224848,27.251458212211034,8.205928984141034,-1,END_OF_WINDOW
34.277959308010736,29.263614864127735,25.917639859611604,8.011934056702406,-1,END_OF_WINDOW
31.965050548367483,27.974411364236868,26.932693632159783,7.78251019550939,-1,END_OF_WINDOW
29.882485085168266,26.982303455860425,28.542057184184078,7.492330895830166,1,END_OF_WINDOW
28.190396921989105,30.450656123723416,26.898856946337293,7.382164403270888,-1,END_OF_WINDOW
26.62038942259315,29.21886230545295,25.80191162215778,7.1462955173229625,-1,END_OF_WINDOW
25.311977053562153,26.878271303119156,31.745585137985753,7.213702980371333,-1,END_OF_WINDOW
24.52256411391116,24.998916838721644,33.3145283590595,7.20200991034479,-1,END_OF_WINDOW
23.789537812806664,23.71713062724618,31.60637022693163,7.049009202463016,-1,END_OF_WINDOW
24.030433055197037,21.60039508749322,37.710448713856515,7.1869371165728015,-1,END_OF_WINDOW
24.254121494559527,21.494567390986045,37.5256923746565,6.706441608246176,-1,END_OF_WINDOW
25.34913312486386,19.16842355804397,44.28666703195349,6.9831243505143,-1,END_OF_WINDOW
26.365929638717887,18.539419118006883,42.83341710176541,6.704329754048988,-1,END_OF_WINDOW
25.60179267940604,27.712582285591136,38.010005338118845,7.0154490573312,-1,END_OF_WINDOW
25.621023604769153,25.09820947988537,42.6167688931668,7.192916981807543,-1,END_OF_WINDOW
26.887544682040485,20.719735716267362,52.43325214081664,8.090565768821307,-1,END_OF_WINDOW
28.26451277900368,18.4311210185973,50.04163679242023,8.445525356762639,-1,END_OF_WINDOW
30.345088284862612,15.403503966466829,56.90080500605612,9.383702116993874,-1,END_OF_WINDOW
33.06302670471198,12.305616556253577,65.56873237198064,10.90700910863717,-1,END_OF_WINDOW
35.586826666000675,11.02568595893394,58.74880373153297,11.30365131516309,-1,END_OF_WINDOW
37.99265561092547,9.915070917234592,54.61187338538653,11.671961935508588,-1,END_OF_WINDOW
40.22663963121277,9.09673609467562,50.10451301555188,11.813250368686553,-1,END_OF_WINDOW
41.76110542671782,11.108964239385097,46.91517136213217,11.715161056637518,-1,END_OF_WINDOW
42.24250794964098,14.611152968585296,42.132004819325296,12.113363838306265,-1,END_OF_WINDOW
42.68952457806963,13.527882751943318,39.00833989799291,12.148837849855827,-1,END_OF_WINDOW
41.733255571466856,19.364357405573635,35.41595110220693,12.425349432008982,-1,END_OF_WINDOW
40.42107356555616,21.070287733368865,33.916748063248846,12.04782447257976,-1,END_OF_WINDOW
39.916234531864035,19.4199452734977,38.85736828677288,12.137979867395488,-1,END_OF_WINDOW
38.76294700980303,22.898915525763975,37.17973690752069,11.779552734010123,-1,END_OF_WINDOW
36.52223320831436,28.427838986208,32.96670959149955,12.33601325300941,-1,END_OF_WINDOW
34.49488466161118,26.45487687700265,31.142969209763944,12.309155163508741,-1,END_OF_WINDOW
32.39092736082424,25.617266018034275,28.336243670255225,12.56207265182954,-1,END_OF_WINDOW
30.757069673621206,24.52545654445251,29.684582446206313,12.184067462413143,-1,END_OF_WINDOW
28.679512229826305,28.846938996746456,27.89857088963495,12.038062643669338,-1,END_OF_WINDOW
27.36981329609371,32.30664278087251,26.24973122077575,11.880343883407237,-1,END_OF_WINDOW
26.066613812946343,30.89439148312816,25.727621200131743,11.536033606021002,-1,END_OF_WINDOW
24.436177834671852,29.92849545191956,28.04970596915502,11.057745491305194,-1,END_OF_WINDOW
23.102173969384378,27.553624075628026,30.9218857901777,11.152906527640528,-1,END_OF_WINDOW
22.136910379887603,26.604940418603825,32.24804980259536,10.725556061380496,-1,END_OF_WINDOW
22.903150132097586,21.683059460159647,42.91163091540907,12.220159199853292,-1,END_OF_WINDOW
23.614658473435426,18.61933603522768,36.848401273894005,13.214433542720906,-1,END_OF_WINDOW
23.1360179350433,23.675741753354522,33.31497553823197,13.571974003955145,-1,END_OF_WINDOW
22.691566006536323,23.150884494336445,32.57643028261086,12.888261575101208,-1,END_OF_WINDOW
21.941558943696467,24.513308307104086,31.320236577415308,12.447671462593965,-1,END_OF_WINDOW
20.800290464703675,26.25346732322434,29.583470770007253,12.237123500980111,-1,END_OF_WINDOW
19.564921956506183,27.217115824938546,29.19441404333136,11.514471822338669,-1,END_OF_WINDOW
19.49664585910282,24.637912761511963,35.90423536980052,11.811295263600199,-1,END_OF_WINDOW
19.43233536141837,24.409151656358155,35.56146718277853,11.073345601914472,-1,END_OF_WINDOW
19.995091758988185,22.461830739523872,39.34066356127237,11.17382091606344,-1,END_OF_WINDOW
20.912050751206564,21.141742370983604,41.81057214582786,11.023547993487458,-1,END_OF_WINDOW
21.959389282320114,20.22711498773274,42.56543173855594,10.699008851095499,-1,END_OF_WINDOW
23.37219798820117,18.17313802759617,44.2118122228389,11.057651076017267,-1,END_OF_WINDOW
24.68409178651929,17.233248154066278,41.92523768983581,10.827818856301759,-1,END_OF_WINDOW
26.45108921708332,15.812230936230726,46.7139598405685,10.957974652280212,-1,END_OF_WINDOW
25.943315290057377,27.273561117567883,40.35431729671002,11.778833605688755,-1,END_OF_WINDOW
25.307918198286586,27.31491690549697,38.54205233389112,11.451774062425292,-1,END_OF_WINDOW
24.41070026488483,27.849787014017636,35.986974138668586,11.388790200823497,-1,END_OF_WINDOW
23.577569326726056,26.922395885122942,34.78861665912427,10.93959090076467,-1,END_OF_WINDOW
22.70425754247195,27.47946215586848,34.516782583843984,10.238191550710045,-1,END_OF_WINDOW
21.701432384002427,28.574221217819392,33.995722458720955,9.652606439945073,-1,END_OF_WINDOW
21.422369344776328,26.45931290769806,37.91430916854475,9.679563122806153,-1,END_OF_WINDOW
21.61118806813421,24.757456099138764,40.450227290296525,9.606022899748577,-1,END_OF_WINDOW
22.288773248253587,23.19187197180613,44.1259518506501,9.52202126405224,-1,END_OF_WINDOW
22.917959486935867,23.07072790342161,43.89545741988462,8.888305459477087,-1,END_OF_WINDOW
22.028675905623583,31.621845843752602,39.01623234453252,9.285569355228743,-1,END_OF_WINDOW
21.143218267202393,31.794206370640744,38.57207594596639,8.721600115569572,-1,END_OF_WINDOW
19.96677046132419,33.83878912120001,37.15635603616475,8.407200107314583,-1,END_OF_WINDOW
18.874354641580148,33.83878912120001,37.15635603616475,7.806685813934971,-1,END_OF_WINDOW
19.269583296959425,28.54765077160225,46.982783731746665,8.592636827225327,-1,END_OF_WINDOW
20.19488465783781,25.295783794435774,49.3492528740041,9.004591339566385,-1,END_OF_WINDOW
21.24514393255761,22.918914148617116,47.490889787409515,9.228549101025953,-1,END_OF_WINDOW
22.220384687654573,22.918914148617112,47.49088978740951,8.569367022381243,-1,END_OF_WINDOW
23.584468416086075,21.279962820600208,51.245861570010476,8.570126520782578,-1,END_OF_WINDOW
24.588307824076583,21.485052495994008,47.4194994269203,8.600117483583807,-1,END_OF_WINDOW
24.861978800160696,25.185572464822492,45.184551686145,8.380823377613549,-1,END_OF_WINDOW
25.116101849381657,25.015664505808672,44.87972577969914,7.835050279212566,-1,END_OF_WINDOW
25.47473903372684,24.47971233658483,45.59950039703265,7.434689544983098,-1,END_OF_WINDOW
26.548144729675577,21.816198849089396,51.51854317117695,7.746497434627143,-1,END_OF_WINDOW
27.852359891783227,20.635886681803683,54.14151400943484,7.60460476072522,-1,END_OF_WINDOW
29.063416828026046,20.635886681803683,54.14151400943484,7.0614187063877045,-1,END_OF_WINDOW
29.278203367902456,25.974219754084885,50.49974920244776,7.029888798788575,-1,END_OF_WINDOW
28.650143973965587,31.032004635143284,47.02156955171076,7.01061102744655,-1,END_OF_WINDOW
27.715351859460547,33.25115712489974,45.508577437166764,6.726281668343207,-1,END_OF_WINDOW
27.418191503455255,30.721527709818794,49.65409047500708,6.760118692032965,-1,END_OF_WINDOW
26.370375714729256,33.83570190359932,43.723553324060745,7.128681642602044,-1,END_OF_WINDOW
25.397403910912256,33.49594559950378,43.284509590857525,6.686632953844759,-1,END_OF_WINDOW
23.678011519793063,39.33847064378361,38.30893558194078,7.015444885712988,-1,END_OF_WINDOW
22.08143287089667,37.77687423656031,36.78820802974346,6.783627393876345,-1,END_OF_WINDOW
21.177834025610675,34.7034770682367,41.930903034880465,6.856939722885174,-1,END_OF_WINDOW
20.59349975835677,30.534684117846414,39.65769606599088,7.236444028393381,-1,END_OF_WINDOW
19.253393324475688,35.08663964204262,36.39621241412647,7.3216980263652705,-1,END_OF_WINDOW
18.00900877872897,34.08050258396498,35.35252232419153,6.99943388162489,-1,END_OF_WINDOW
16.98494374679281,36.595964990848714,34.00348380932279,6.757331461508836,-1,END_OF_WINDOW
15.831511514046484,34.64381860912307,35.22857542623125,6.628236357115368,-1,END_OF_WINDOW
15.370882650659967,39.41772616697749,32.655322844751545,6.6397909030356965,-1,END_OF_WINDOW
15.337857294867485,41.61976939056082,30.820057721738475,6.53266298139028,-1,END_OF_WINDOW
16.025123089573217,46.25694543252104,27.77810816980568,6.730329911290956,-1,END_OF_WINDOW
16.663298470371398,45.84302142215596,27.52953953159384,6.306020631913028,-1,END_OF_WINDOW
16.703250902990877,43.32726008104995,30.595768513371087,6.195590586776366,-1,END_OF_WINDOW
17.052633881281363,43.75516809193107,28.213757433096955,6.238762687720925,-1,END_OF_WINDOW
17.377060932551096,43.75516809193107,28.213757433096955,5.793136781455145,-1,END_OF_WINDOW
17.169900893904853,41.690325351456465,31.14594876740553,5.645769868494064,-1,END_OF_WINDOW
17.439171849333263,43.708035903287325,28.57267584672515,5.7146434493159255,-1,END_OF_WINDOW
17.689209165088215,41.72540106144819,27.27659421121903,5.558597488650516,-1,END_OF_WINDOW
18.22468617718454,43.10082396554105,25.75809437306734,5.465840525175462,-1,END_OF_WINDOW
17.74226869494714,39.73444264580689,31.55674370849045,5.505423344805785,-1,END_OF_WINDOW
16.814760074936736,37.71111363043511,34.28609962914462,5.386464534462492,-1,END_OF_WINDOW
15.83793525470531,34.7302935128313,36.98147848924948,5.431002782000869,-1,END_OF_WINDOW
14.930883635918981,34.7302935128313,36.981478489249476,5.04307401185795,-1,END_OF_WINDOW
14.088621418474535,34.73029351283131,36.98147848924948,4.682854439582382,-1,END_OF_WINDOW
13.968727191607906,42.10114509205583,32.805192064886135,4.901936265326498,-1,END_OF_WINDOW
13.466927669232271,39.56198343034138,34.42469345532079,4.843940817803188,-1,END_OF_WINDOW
13.000970969883468,39.56198343034138,34.42469345532079,4.49794504510296,-1,END_OF_WINDOW
13.224260172040697,32.872120950587494,45.51336355761811,5.026663256167009,-1,END_OF_WINDOW
13.266536913668595,33.65504705001117,44.4455275208125,4.779758737869377,-1,END_OF_WINDOW
12.872815502150845,36.11873435404088,42.191231435253364,4.675490256593005,-1,END_OF_WINDOW
12.225255720916447,36.710889244726545,39.61666278976924,4.623669523979206,-1,END_OF_WINDOW
12.21524829197537,34.249354343519414,43.665480321904994,4.6019788436949565,-1,END_OF_WINDOW
13.378323696260503,29.05312145627485,52.21242345263974,5.03755178343105,-1,END_OF_WINDOW
14.701441244044537,26.719346451275587,51.75383758126164,5.0862980846145325,-1,END_OF_WINDOW
16.444730913273343,24.3144466939974,55.54578352044069,5.190133935713492,-1,END_OF_WINDOW
17.9199258296968,24.2250757122227,52.79908138325983,5.0701243688767965,-1,END_OF_WINDOW
19.91782334857945,21.32887286615064,57.50707777322694,5.34725834252844,-1,END_OF_WINDOW
21.773013901827625,20.545639781189376,55.39531845926368,5.154597032347811,-1,END_OF_WINDOW
23.589799496731228,19.487092274448557,54.338854039696166,5.046411530037244,-1,END_OF_WINDOW
25.735071282289894,17.68131815144359,58.570050497362786,5.164524992177461,-1,END_OF_WINDOW
27.913367354921093,16.246366695963335,57.99086505804201,5.219201778450488,-1,END_OF_WINDOW
29.936070850935778,15.80381094667579,56.41117704423081,4.982115937132603,-1,END_OF_WINDOW
31.380871493033478,18.191100901497496,54.811700419320026,4.761250513051694,-1,END_OF_WINDOW
32.86828980859192,17.053231658068224,54.30626024422832,4.716161190690867,-1,END_OF_WINDOW
34.42980450582373,15.500871477745491,52.98023635553766,4.817863962784368,-1,END_OF_WINDOW
34.934840627163744,20.585357661133116,49.79230667563101,4.760159394014039,-1,END_OF_WINDOW
35.70969453755797,18.664115943128223,50.18530582777724,4.875148008727314,-1,END_OF_WINDOW
36.63667462692457,17.519670442697645,50.766387303098675,4.822637436675387,-1,END_OF_WINDOW
37.671153248090654,16.53835787716469,51.129999417913275,4.743877619769989,-1,END_OF_WINDOW
36.55019763949376,28.153486586193655,44.01437709098148,5.117172075500689,-1,END_OF_WINDOW
35.509310288653786,27.42783064804426,42.87990680069494,4.877374070107766,-1,END_OF_WINDOW
33.311027887130955,34.93262414389971,38.4039035679394,5.056847350814378,-1,END_OF_WINDOW
31.26976565714547,34.17874637703485,37.57511243729234,4.799215397184799,-1,END_OF_WINDOW
29.357878859282113,38.450432255730995,35.136552422798786,4.765700011671594,-1,END_OF_WINDOW
27.548229138588376,36.09112048149671,39.11656218103784,4.714578582266493,-1,END_OF_WINDOW
26.494822473005087,32.58725836706416,42.15461917464708,4.848537254961722,-1,END_OF_WINDOW
25.66507880121903,32.00335727046383,43.19109732560822,4.584356022464463,-1,END_OF_WINDOW
24.894602534560544,32.00335727046382,43.19109732560821,4.256902020859859,-1,END_OF_WINDOW
23.75646502688663,34.67129377844739,41.496438578510876,4.114266162226995,-1,END_OF_WINDOW
22.699623055475133,34.6712937784474,41.496438578510876,3.8203900077822097,-1,END_OF_WINDOW
21.333023502380062,37.163738370936905,39.91325134085423,3.6882192929406417,-1,END_OF_WINDOW
20.197463921334865,36.606398925998974,40.81436400103813,3.476917914873454,-1,END_OF_WINDOW
18.989122793956934,37.4427673944741,39.982860794268106,3.2957094923824974,-1,END_OF_WINDOW
18.41190959594986,35.11510476864849,43.71387913397482,3.2631588143551866,-1,END_OF_WINDOW
17.4204338823198,38.092208162429934,41.70816212601661,3.175790327615528,-1,END_OF_WINDOW
16.38815671065691,38.74028020165531,41.110699229609104,2.9918053042144126,-1,END_OF_WINDOW
15.861416563560281,44.56931773789474,37.19889862491688,3.070247782484822,-1,END_OF_WINDOW
15.372300712684838,44.22582241116396,36.912207051302616,2.873087226593045,-1,END_OF_WINDOW
14.918121708300498,44.22582241116396,36.912207051302616,2.6678667104078277,-1,END_OF_WINDOW
14.496384061372183,44.22582241116396,36.912207051302616,2.4773048025215543,-1,END_OF_WINDOW
15.032273029121392,47.901397625471134,30.62623707177073,2.7724973166271667,-1,END_OF_WINDOW
15.529884213459942,44.91086738882332,28.71421169176025,2.7458903654395184,-1,END_OF_WINDOW
15.991951741774312,44.91086738882333,28.714211691760255,2.549755339336696,-1,END_OF_WINDOW
16.20642231091179,32.71992262767662,48.06456402400717,3.249772815098354,-1,END_OF_WINDOW
16.405573553682302,32.15666591055734,47.2371571609166,3.0705033283055987,-1,END_OF_WINDOW
16.59049970768349,32.15666591055734,47.2371571609166,2.851181661998056,-1,END_OF_WINDOW
17.149331822623502,30.424695552409275,50.078984110983434,2.7982401147124896,-1,END_OF_WINDOW
18.754968393045225,25.064198232750716,57.96866287289017,3.1540801065187547,-1,END_OF_WINDOW
21.04046677338791,20.598230312076026,63.052710267474424,3.5637886703388673,-1,END_OF_WINDOW
20.350362723074074,38.71301710988897,48.65458539608229,4.288518051028951,-1,END_OF_WINDOW
19.646357882123002,38.71807401165069,47.797246972453365,4.053623904526883,-1,END_OF_WINDOW
18.347216415116243,42.63445365410497,41.40878608653998,4.3447936256320805,-1,END_OF_WINDOW
17.33130219405118,42.524597303459984,39.1557585590608,4.266594080944074,-1,END_OF_WINDOW
16.102228686440256,39.11166996370571,39.01458006065385,4.3075516465909365,-1,END_OF_WINDOW
15.858377173656013,35.0888523208272,45.28721489107702,4.458440814691589,-1,END_OF_WINDOW
15.806317025129674,34.295947165250375,46.52356337555232,4.235695042213629,-1,END_OF_WINDOW
15.757975458640932,33.981215062721425,46.09661908246213,3.969573967769814,-1,END_OF_WINDOW
14.634221243706023,41.10302425151792,41.12392342219172,4.13174725578624,-1,END_OF_WINDOW
14.964456273676916,34.37119266587708,50.766616123336725,4.588051023230079,-1,END_OF_WINDOW
15.429065992278456,32.25153894239043,49.88554270464458,4.540333092999365,-1,END_OF_WINDOW
15.99267126651515,31.62466427775695,50.8596197453226,4.299595014927987,-1,END_OF_WINDOW
16.689717318053923,30.55328538756777,51.74658509270538,4.1324810852902765,-1,END_OF_WINDOW
17.33697436591136,30.43996191512573,51.554654744288285,3.851589579198101,-1,END_OF_WINDOW
17.937998767493262,30.439961915125732,51.554654744288285,3.5764760378268083,-1,END_OF_WINDOW
18.496092854676462,30.439961915125735,51.55465474428829,3.321013463696322,-1,END_OF_WINDOW
18.1332557052747,36.135156815661425,47.333642006481945,3.3587982162894354,-1,END_OF_WINDOW
19.132063564955672,29.37971161794753,57.17958503098242,3.8360269151259017,-1,END_OF_WINDOW
20.05952800608801,28.295952685839875,55.07034424545746,3.6984535640454697,-1,END_OF_WINDOW
22.21340957510804,21.567354273919122,65.07265675706137,4.505706880899365,-1,END_OF_WINDOW
24.796872588094317,18.24135558027858,69.41931113592098,4.946727817978003,-1,END_OF_WINDOW
27.33263587415272,15.583087535995427,62.91630435889891,5.376961545265274,-1,END_OF_WINDOW
29.687273211206954,15.554160120410568,62.79951068248214,5.002178577746301,-1,END_OF_WINDOW
31.873722167043024,15.554160120410568,62.79951068248214,4.64488010790728,-1,END_OF_WINDOW
33.5362536788795,17.69415372865831,61.208069924083354,4.425245814485311,-1,END_OF_WINDOW
33.93506809646433,24.553171454771945,56.107250776845305,4.48272825630779,-1,END_OF_WINDOW
34.61953347282852,21.469540214665564,54.55249104373396,4.760390523714401,-1,END_OF_WINDOW
35.42277839065805,20.464267591803583,55.140252030751796,4.637505486306226,-1,END_OF_WINDOW
36.16864867149976,20.46426759180358,55.140252030751796,4.30625509442721,-1,END_OF_WINDOW
37.22837088784488,18.960471352651584,58.43672574928748,4.3158083019681275,-1,END_OF_WINDOW
38.212398660165356,18.960471352651584,58.43672574928748,4.007536280398976,-1,END_OF_WINDOW
39.55357352185632,17.117255567103356,62.477241502988385,4.121997974656201,-1,END_OF_WINDOW
41.312472631472374,14.651074847228235,67.14860534411497,4.471855262180758,-1,END_OF_WINDOW
43.151566267241776,12.85740289768885,65.207675455846,4.73172274345357,-1,END_OF_WINDOW
44.90305505826658,11.905180392034785,61.74819215793784,4.745171118921178,-1,END_OF_WINDOW
47.01885741538689,9.936748952694726,68.07283896616991,5.279087467569651,-1,END_OF_WINDOW
48.98353103271289,9.47164186340827,64.88656947886089,5.142724077028987,-1,END_OF_WINDOW
49.70602823147419,15.030990238689967,58.467474271910795,5.29967235724118,-1,END_OF_WINDOW
49.27632199314248,21.184399315684384,54.057839440830065,5.322552903152549,-1,END_OF_WINDOW
47.79298829554061,27.18841564619479,48.87336257259132,5.466656267213092,-1,END_OF_WINDOW
46.52741137171109,24.471520723831873,45.52201435910449,5.639752248126434,-1,END_OF_WINDOW
45.59661022033806,23.620973671027116,47.41548435030447,5.425484230403108,-1,END_OF_WINDOW
42.9109006873423,34.17264733897507,40.11303307984415,5.95509249966004,-1,END_OF_WINDOW
40.41702754956052,34.17264733897507,40.11303307984415,5.529728749684323,-1,END_OF_WINDOW
37.741831348037344,36.28894484980255,38.506079337465174,5.349033838992586,-1,END_OF_WINDOW
35.25772058948011,35.73395361124375,37.91717997012357,5.04410285049311,-1,END_OF_WINDOW
34.184965471079146,30.386372499923247,45.80732927982979,5.508095504029313,-1,END_OF_WINDOW
33.6050525606225,27.954220984762554,47.66536088225441,5.559660110884364,-1,END_OF_WINDOW
33.496181198815535,26.11169490138711,50.77883227739536,5.526827245821221,-1,END_OF_WINDOW
33.39508636285193,26.11169490138711,50.77883227739535,5.132053871119705,-1,END_OF_WINDOW
32.44352681126491,31.38746961955241,47.153120749847176,5.131907166039734,-1,END_OF_WINDOW
31.559935799076964,31.387469619552405,47.153120749847176,4.765342368465467,-1,END_OF_WINDOW
29.76177577132846,37.6844627078513,42.82558941107986,4.872103627860807,-1,END_OF_WINDOW
27.876869025663527,42.370365000059174,39.60526048017909,4.891953368727867,-1,END_OF_WINDOW
26.126598476117522,42.370365000059174,39.60526048017909,4.542528128104448,-1,END_OF_WINDOW
24.501347251539087,42.37036500005917,39.60526048017908,4.218061833239845,-1,END_OF_WINDOW
23.04399800648212,42.725492241827126,39.36120363487993,3.9410574165798664,-1,END_OF_WINDOW
22.27615983739132,46.80586803418326,36.557015371090856,3.940267601109897,-1,END_OF_WINDOW
21.563167251807002,46.80586803418326,36.557015371090856,3.6588199153163328,-1,END_OF_WINDOW
20.569489538929766,45.181543561388665,38.758704964468514,3.5196184927937075,-1,END_OF_WINDOW
19.64678880554376,45.181543561388665,38.75870496446851,3.2682171718798716,-1,END_OF_WINDOW
18.78999526739961,45.181543561388665,38.75870496446851,3.0347730881741666,-1,END_OF_WINDOW
18.81880588115589,51.05024585329798,34.60931230670299,3.155860724733156,-1,END_OF_WINDOW
18.92333209390197,50.724203242183705,33.61781026864866,3.0168706729664723,-1,END_OF_WINDOW
18.690699408708312,47.65032711559119,34.74230622277626,2.982094196325992,-1,END_OF_WINDOW
18.474683343885626,45.23497743865346,32.981251825233684,2.9169446108741472,-1,END_OF_WINDOW
19.61220434190222,55.23404926320168,26.959490298620427,3.3135914243831226,-1,END_OF_WINDOW
20.760589102054965,53.1095753597633,25.171411375630225,3.295477751212896,-1,END_OF_WINDOW
22.29667839072168,56.94834034648587,23.110710637760516,3.3329436261262724,-1,END_OF_WINDOW
24.139834735576862,59.26121101400075,20.76696454893133,3.444161938545848,-1,END_OF_WINDOW
25.851337055799526,56.93420536315377,19.951509666565105,3.3288646572211396,-1,END_OF_WINDOW
26.917739494606817,54.7456563389077,23.028571062156097,3.2146600388482027,-1,END_OF_WINDOW
28.632688998770945,61.00200631822683,19.834415476316497,3.4657557503590466,-1,END_OF_WINDOW
30.22514210978049,61.002006318226826,19.834415476316494,3.2182017681905433,-1,END_OF_WINDOW
29.506088575629132,50.5403686190621,33.582542002737966,3.6069016418912083,-1,END_OF_WINDOW
28.884289409435723,47.864430826689635,31.380725009170142,3.584265810327548,-1,END_OF_WINDOW
28.306904469398987,47.86443082668964,31.38072500917015,3.3282468238755802,-1,END_OF_WINDOW
27.770761310793446,47.864430826689635,31.38072500917015,3.0905149078844674,-1,END_OF_WINDOW
27.441843425314126,49.10585362014892,30.633504869074237,2.939763843035578,-1,END_OF_WINDOW
27.988382062824456,55.610353592895486,26.718405672815585,3.1297807113901728,-1,END_OF_WINDOW
26.74023262470824,47.00375472406749,38.05991397286051,3.438367803433719,-1,END_OF_WINDOW
25.581236717886043,47.00375472406749,38.05991397286051,3.1927701031884537,-1,END_OF_WINDOW
23.95638646263163,42.085984540335104,44.54039856457583,3.3111436672464474,-1,END_OF_WINDOW
23.702481889808624,35.33086905241745,53.44207965156866,3.6624905481573844,-1,END_OF_WINDOW
24.306995201040053,30.156238371010467,58.75519509261594,3.9844555090032907,-1,END_OF_WINDOW
24.868328990040666,30.156238371010467,58.75519509261595,3.6998515440744844,-1,END_OF_WINDOW
24.20938853696635,38.02859728322965,52.13267114862281,3.8720050052120305,-1,END_OF_WINDOW
22.624470309553427,44.687691317759,46.53079118091428,4.028290361982596,-1,END_OF_WINDOW
22.546622140143754,35.31422265859888,54.69798866096097,4.733412478983846,-1,END_OF_WINDOW
22.97557072058314,30.263316899442987,54.45081226390517,5.128883016199284,-1,END_OF_WINDOW
23.373880116705426,30.263316899442987,54.45081226390517,4.7625342293279065,-1,END_OF_WINDOW
22.659819766100647,37.365168060727015,48.90564511347348,4.923781784375912,-1,END_OF_WINDOW
21.7150753766155,39.25372708968481,47.43104711765537,4.71422594263476,-1,END_OF_WINDOW
20.88495727670187,38.32201682565486,46.92651040936636,4.483924089589405,-1,END_OF_WINDOW
20.11413332678207,38.32201682565486,46.92651040936635,4.163643797475877,-1,END_OF_WINDOW
20.48712364425855,32.641319070696724,54.79390565990727,4.539097811941891,-1,END_OF_WINDOW
21.516630175268777,28.925631716496405,59.939889886478035,4.756305111088895,-1,END_OF_WINDOW
22.549993057907393,28.497014848344477,60.533496245812486,4.482997603153995,-1,END_OF_WINDOW
23.99831747079551,23.899860195195412,59.70486842364252,4.9634977743572835,-1,END_OF_WINDOW
25.343190139905904,21.27235970512199,53.14104044466436,5.1782479333317815,-1,END_OF_WINDOW
26.592000475508414,21.27235970512199,53.14104044466436,4.80837308095094,-1,END_OF_WINDOW
28.464077340013983,18.381695895150084,59.5086226234732,5.167060718025867,-1,END_OF_WINDOW
30.20243442848344,17.33886222799213,56.132568775561985,5.086556381024017,-1,END_OF_WINDOW
30.276811348514233,26.173096532227436,49.95985662881449,5.3068023538080205,-1,END_OF_WINDOW
28.622551816568926,36.97969425437007,42.64685760699858,5.772745042821728,-1,END_OF_WINDOW
26.879651275211167,37.75291220376676,41.0812464210566,5.564691825477328,-1,END_OF_WINDOW
25.261243629664673,36.99602304205995,40.25762915948804,5.27292812365752,-1,END_OF_WINDOW
24.031314710928175,34.95139780079339,41.064802098568975,5.182718971967713,-1,END_OF_WINDOW
22.986526734296458,32.63600900041006,39.41156696640835,5.1539533311128904,-1,END_OF_WINDOW
22.01636647028129,32.63600900041006,39.411566966408344,4.78581380746197,-1,END_OF_WINDOW
20.921689162323066,33.848135072797795,38.70240785684892,4.5253985355004245,-1,END_OF_WINDOW
20.12047360106697,40.99413890309838,33.741309306257875,4.820012925821829,-1,END_OF_WINDOW
19.59600279097392,41.120528315736905,31.802508527645053,4.748583431120249,-1,END_OF_WINDOW
18.293138837639418,37.230513010654626,38.25401332249351,4.870113186040251,-1,END_OF_WINDOW
17.30651177977808,38.45908784780474,35.16065817461003,4.920105101323069,-1,END_OF_WINDOW
17.451259498795082,45.80522128042315,30.963533408396163,5.187954736942856,-1,END_OF_WINDOW
17.585668095025156,45.80522128042313,30.963533408396156,4.817386541446938,-1,END_OF_WINDOW
17.208264547599445,43.704641363029616,34.12947412948403,4.688287502772139,-1,END_OF_WINDOW
16.857818396418427,43.704641363029616,34.12947412948403,4.353409824002701,-1,END_OF_WINDOW
16.53240411317891,43.704641363029616,34.12947412948403,4.042451979431079,-1,END_OF_WINDOW
16.230233707313644,43.704641363029616,34.12947412948403,3.7537054094717166,-1,END_OF_WINDOW
16.862239704794042,31.479913375849822,52.554273785218534,4.839155023080899,-1,END_OF_WINDOW
17.449102416740125,30.295245279671075,50.576524649512386,4.669215378575123,-1,END_OF_WINDOW
16.62676872007616,39.182451726536875,44.12812643437421,4.969271422962606,-1,END_OF_WINDOW
16.283326007508563,36.39378656131826,46.14918619027282,4.967894892750978,-1,END_OF_WINDOW
15.527015442934358,42.56778993550506,37.980578017858804,5.605188114697327,-1,END_OF_WINDOW
14.848742178017163,42.36758026268966,37.54773591727517,5.2648175350761,-1,END_OF_WINDOW
14.218917003451196,42.36758026268966,37.54773591727517,4.888759139713521,-1,END_OF_WINDOW
13.694479932587715,38.142457457399146,43.775811336779796,5.042419201162552,-1,END_OF_WINDOW
13.207502652500198,38.11919682956964,43.749115289295794,4.685103543936653,-1,END_OF_WINDOW
12.755309463847503,38.11919682956964,43.749115289295794,4.35045329079832,-1,END_OF_WINDOW
11.860716338422238,41.30529697624486,41.496574024499424,4.258992341455563,-1,END_OF_WINDOW
11.382657836088939,42.51757135146274,38.33898742873391,4.2804928884944475,-1,END_OF_WINDOW
10.93874636963659,42.51757135146274,38.33898742873391,3.97474339645913,-1,END_OF_WINDOW
10.745314902572215,38.02822196120284,44.84965632139863,4.126547439569186,-1,END_OF_WINDOW
10.201197049731734,37.77093669487167,40.20991651852381,4.2739369081713905,-1,END_OF_WINDOW
9.809885814223911,41.52796905457258,37.78227339620615,4.223655700444842,-1,END_OF_WINDOW
9.592989224624027,37.01167990476219,42.38980749801516,4.40053743612734,-1,END_OF_WINDOW
9.553222344701332,32.55573155146157,39.02384293047803,4.645499047832525,-1,END_OF_WINDOW
9.516295956201686,31.936997219549326,38.282179627779065,4.397249115844493,-1,END_OF_WINDOW
9.234589569556686,38.60035529167601,34.52548612009703,4.527445607569872,-1,END_OF_WINDOW
10.022818879157152,31.204411384762803,47.07059945724285,5.200485207029154,-1,END_OF_WINDOW
10.736926038884466,30.61097087988308,45.93589837814131,4.948307692241331,-1,END_OF_WINDOW
12.066202624025049,26.354326062761825,48.24760393574578,5.336999999938402,-1,END_OF_WINDOW
13.803532532940821,24.119052598682003,51.713696015996895,5.415071428514251,-1,END_OF_WINDOW
15.463936483139495,23.05154706318052,50.18514765340147,5.261137755048963,-1,END_OF_WINDOW
17.393707113791173,20.63760791187783,51.121321677954874,5.4567707725454655,-1,END_OF_WINDOW
19.383094133987054,18.813008129525393,49.904191081572236,5.55843000307794,-1,END_OF_WINDOW
21.70147117592555,17.194881154467343,54.21298525155094,5.6471135742866725,-1,END_OF_WINDOW
24.28430191470683,14.708487334170693,55.101060918520034,6.130176890409043,-1,END_OF_WINDOW
26.883599571330375,13.677032993780724,55.88100059587918,6.121592826808381,-1,END_OF_WINDOW
29.800420305883257,11.834506772292391,61.48750750276904,6.569336196322059,-1,END_OF_WINDOW
32.50889670225379,11.142974929815296,57.894576240752635,6.47866932515621,-1,END_OF_WINDOW
35.458906797427694,9.107791596285672,60.441326976361104,7.360192944787921,-1,END_OF_WINDOW
38.267764484523745,8.626358221178,59.79041573715424,7.215893448731619,-1,END_OF_WINDOW
41.127998018168654,7.534074733891178,61.939727921813926,7.671901059536497,-1,END_OF_WINDOW
42.67931942645002,12.389893485528829,54.305802639479765,8.12533669814103,-1,END_OF_WINDOW
44.11983216271129,12.062158937535864,52.86931832246505,7.749955505416663,-1,END_OF_WINDOW
45.650427372726185,11.174822985704584,53.69732689593581,7.76781582645833,-1,END_OF_WINDOW
47.44026731294122,10.028754580420072,58.44604021270776,8.037257553139876,-1,END_OF_WINDOW
49.17126355792014,8.968662912292633,54.356415851158246,8.34531058505845,-1,END_OF_WINDOW
50.778617213972,8.558447045168805,51.8702186910928,8.120645543268546,-1,END_OF_WINDOW
52.54462829417478,7.724982168254394,55.34323334139176,8.354170861606498,-1,END_OF_WINDOW
54.29304253453737,7.329501422995789,56.46750301508839,8.176015800063185,-1,END_OF_WINDOW
56.14493687774793,6.599334145638498,60.126535044215245,8.43201467148726,-1,END_OF_WINDOW
57.49862604240833,7.859019177784736,55.25697704629797,8.519727909238192,-1,END_OF_WINDOW
58.3740246141901,9.133675122027038,51.26265724952043,8.527604487149757,-1,END_OF_WINDOW
59.252290988325576,8.346866093100102,48.56957471006681,8.664918452353334,-1,END_OF_WINDOW
59.01823400213154,13.011228679601935,46.09779772369487,8.477424277185236,-1,END_OF_WINDOW
57.50025362163748,19.248421082201183,42.61030055611143,8.516179685957718,-1,END_OF_WINDOW
56.798980608628874,16.466993527088704,46.48315488453563,9.24359542267501,-1,END_OF_WINDOW
55.413455085173084,20.224516091668676,44.39222687025245,8.987624321055357,-1,END_OF_WINDOW
54.12689567053556,19.90424677466422,43.689244998369766,8.479936869551379,-1,END_OF_WINDOW
53.421820432319905,18.334248629245053,47.445734053770266,8.54851280744057,-1,END_OF_WINDOW
52.194676710471136,20.86490244795776,44.58520490384578,8.447190464051966,-1,END_OF_WINDOW
51.05518611161157,20.864902447957764,44.58520490384578,7.843819716619683,-1,END_OF_WINDOW
50.740991648530496,18.50081121841784,50.863960886545954,8.214261165432577,-1,END_OF_WINDOW
50.449239647098075,18.308782742587596,50.33602031310725,7.707528225044561,-1,END_OF_WINDOW
49.09297273623953,24.313942119825455,46.63579604733817,7.724847637541365,-1,END_OF_WINDOW
48.55380113094025,21.662798972918665,52.45452107769336,8.050929949145551,-1,END_OF_WINDOW
48.396468880037155,20.144217799523474,54.952331916642066,8.039434952778036,-1,END_OF_WINDOW
48.43443538305691,19.408814919068877,56.59688248673408,7.74804674186529,-1,END_OF_WINDOW
47.15133390714,26.372287120808863,49.487548930842415,8.22818626030347,-1,END_OF_WINDOW
45.86552316385595,26.74813390738016,48.75822510050888,7.754744384567502,-1,END_OF_WINDOW
45.89655793853912,21.551215588489296,58.71403433900578,8.937262642812676,-1,END_OF_WINDOW
45.92537594360206,20.156386929171923,54.913969444108105,8.87317245404034,-1,END_OF_WINDOW
46.12027831316541,19.41578415061745,56.211480283890246,8.553660135894608,-1,END_OF_WINDOW
46.38229087313703,18.80200046395947,56.08914318321814,8.201970126187858,-1,END_OF_WINDOW
46.998996859294245,16.472328370990027,56.76434393764056,8.693257974317325,-1,END_OF_WINDOW
47.5716524178688,15.694626588448855,54.084350528643824,8.472310976151826,-1,END_OF_WINDOW
47.2571385964417,20.045828981849894,50.498902342213746,8.425717334998104,-1,END_OF_WINDOW
46.965090047973675,19.49930739149116,49.122120147552415,8.043166096783933,-1,END_OF_WINDOW
46.74418962304442,19.332901325259904,49.55630930486201,7.532939947013659,-1,END_OF_WINDOW
46.539067799895825,19.332901325259904,49.55630930486201,6.994872807941255,-1,END_OF_WINDOW
47.05896863231807,16.835367511117322,56.07291129344444,7.4588104645168976,-1,END_OF_WINDOW
47.99356488719875,15.089343260413617,60.62866346777689,7.727466859908534,-1,END_OF_WINDOW
48.94672348719506,13.684854271328552,57.10702546430965,7.911933512772207,-1,END_OF_WINDOW
50.01256604842063,12.986628968980545,58.8987669977683,7.741795404717064,-1,END_OF_WINDOW
51.2096143012792,11.625857363200211,58.34881469169013,8.030238590094399,-1,END_OF_WINDOW
51.4575235253088,15.210194602478058,51.913856002657184,8.380935833659056,-1,END_OF_WINDOW
50.58481152372939,20.55241178753706,47.0982183477263,8.578011845540543,-1,END_OF_WINDOW
49.027016538486954,23.52435287502989,42.53272832008538,8.820296713716203,-1,END_OF_WINDOW
47.31284624288654,23.672806023037488,39.47878579363122,8.823846948450752,-1,END_OF_WINDOW
45.72111668268616,23.672806023037484,39.47878579363121,8.193572166418557,-1,END_OF_WINDOW
45.29841763852672,20.49594393327168,47.60065993274682,8.787602725960104,1,END_OF_WINDOW
44.90591138323582,19.961261826651388,46.35889125830966,8.378488245534411,-1,END_OF_WINDOW
44.72601921185701,18.744556087501593,46.32649751790608,8.28502479942479,-1,END_OF_WINDOW
42.91529108313554,27.80084555314418,41.16319828218561,8.658237313751606,1,END_OF_WINDOW
40.9854131902402,28.671149589235196,39.50988982159872,8.37622036276935,1,END_OF_WINDOW
38.37542503567347,33.17038250643107,36.25682382986771,8.475776051142967,1,END_OF_WINDOW
36.03645582844688,30.236846796878165,33.84453648462513,8.633934904632726,-1,END_OF_WINDOW
33.56342372299119,29.47154483205584,30.316958060766183,8.950082411444672,1,END_OF_WINDOW
31.361642829309712,30.123805824324258,28.51790765446368,8.835076524912889,-1,END_OF_WINDOW
29.403713494661176,29.903158610299148,27.63022621569958,8.467571058847687,-1,END_OF_WINDOW
27.496445609857354,28.606393115621817,27.10119464626878,8.219173126072837,-1,END_OF_WINDOW
26.201763102330805,31.3838813268585,26.005943666056506,7.95351790278192,-1,END_OF_WINDOW
24.347713898573282,28.801653591463033,28.943171287791145,8.047552338297496,-1,END_OF_WINDOW
22.8599520577008,27.649356781217897,29.666323141653326,7.784155742704827,-1,END_OF_WINDOW
21.728099194268463,32.06032535322953,27.85766998802105,7.697430332511637,-1,END_OF_WINDOW
20.677092963938435,32.06032535322953,27.85766998802105,7.147613880189377,-1,END_OF_WINDOW
19.70115860720341,32.06032535322953,27.857669988021055,6.637070031604422,-1,END_OF_WINDOW
19.9949194636432,39.989247788463764,24.606531301976858,6.977279315061255,-1,END_OF_WINDOW
20.60323142979413,42.43271769931703,23.604622200172745,6.7539022211283015,-1,END_OF_WINDOW
21.16809254121999,41.34036185297973,22.996962628526763,6.437194919619149,-1,END_OF_WINDOW
21.69260643040115,41.340361852979726,22.99696262852676,5.977395282503496,-1,END_OF_WINDOW
22.17965504178365,41.34036185297973,22.996962628526756,5.550438476610389,-1,END_OF_WINDOW
21.80270803188311,38.85775480770047,27.6212154051759,5.4832642997096235,-1,END_OF_WINDOW
21.20145173099924,38.072614092291204,29.083665590433956,5.196602564016097,-1,END_OF_WINDOW
21.139810434305772,41.339824811377085,27.366090400062678,5.128273809443503,-1,END_OF_WINDOW
20.673296333610633,39.966977519894876,29.778177691651667,4.925539965911822,-1,END_OF_WINDOW
20.240104668679432,39.96697751989488,29.778177691651667,4.573715682632407,-1,END_OF_WINDOW
19.197393868899518,34.763423894843505,38.92080094477177,4.882735991015813,-1,END_OF_WINDOW
18.229162411961028,33.68611470133551,37.714655750232495,4.678969134514698,-1,END_OF_WINDOW
18.546020271112386,29.110822496997333,46.17433275712648,5.027614196335073,-1,END_OF_WINDOW
18.53435520367005,28.27398435437484,41.010315874670596,5.2563560394539985,-1,END_OF_WINDOW
17.97721330642247,31.549619286113842,39.137427466865724,5.114473465207284,-1,END_OF_WINDOW
17.459867258978292,31.549619286113842,39.137427466865724,4.749153931978192,-1,END_OF_WINDOW
18.951402408095184,23.964885807746104,53.76918537447469,5.8056429368368905,-1,END_OF_WINDOW
20.336399332275153,23.964885807746104,53.76918537447469,5.3909541556342555,-1,END_OF_WINDOW
21.95505463209618,22.534048533112962,56.52942272062866,5.323743144517543,-1,END_OF_WINDOW
23.820109669702095,20.349407273971423,58.0167450182622,5.4741900627662785,-1,END_OF_WINDOW
25.566522755991585,18.86736739470165,54.07803498042034,5.482462201140127,-1,END_OF_WINDOW
25.923542321133453,23.90282402247916,44.94647107695811,6.125143472487262,-1,END_OF_WINDOW
25.917317504871782,23.552710801193474,39.9628390897859,6.396918938738193,-1,END_OF_WINDOW
27.920950882004366,16.96676261197962,56.75078483920381,8.245710443114017,-1,END_OF_WINDOW
29.84432060862532,15.159414352525086,51.98913725192087,8.569588268605855,-1,END_OF_WINDOW
31.029086508026378,16.61635940499581,45.420911423732704,9.10818910656259,-1,END_OF_WINDOW
32.60417775971671,15.216845789695144,49.64659773733094,9.23546131323668,-1,END_OF_WINDOW
33.40708106039785,17.08467432563233,43.76340962045927,9.72864264800548,-1,END_OF_WINDOW
33.66309962981828,19.452076015092803,42.29205989822498,9.348025316005062,-1,END_OF_WINDOW
34.14262245769616,18.735193634107738,44.109719029797176,9.012452079147565,-1,END_OF_WINDOW
34.58789365501134,18.423836415969152,43.37666658965641,8.51013407349417,-1,END_OF_WINDOW
35.13178568148246,18.07101372154349,44.461022562546155,8.05655306824461,-1,END_OF_WINDOW
36.39107134077431,15.854810831031427,51.27224213382189,8.5267992776557,1,EXIT_PROFIT_TARGET_MET
36.613606305877255,19.72398565532577,45.486344367870196,8.924885043537461,-1,END_OF_WINDOW
37.22078910316473,17.62600454703929,46.60187755514986,9.273821826141925,-1,END_OF_WINDOW
36.77456642351066,22.967676059175666,43.579905385661455,9.208548838560368,-1,END_OF_WINDOW
36.740603260625925,21.75723569497695,46.55335205467362,9.026509635806079,-1,END_OF_WINDOW
35.13326377783157,30.483562587304405,40.605053464324165,9.609616090391363,-1,END_OF_WINDOW
33.640734258093964,30.48356258730441,40.605053464324165,8.923214941077694,-1,END_OF_WINDOW
32.57913844845594,29.318425923680753,42.87523529246468,8.615128159572153,-1,END_OF_WINDOW
32.18663704931102,27.090638364609898,47.21591307856323,8.65761900531697,-1,END_OF_WINDOW
31.777886707894094,25.746126201547046,44.277188940104345,8.572789076365744,-1,END_OF_WINDOW
30.59092013306947,30.521565232892808,41.42962011377261,8.507589856625325,-1,END_OF_WINDOW
29.683323440914915,28.778199427382948,41.31386044677858,8.378476295437789,-1,END_OF_WINDOW
28.840555083914253,27.954353336999496,40.1311505106128,8.009299417192235,-1,END_OF_WINDOW
28.29535882350827,27.171470949505476,41.7984867736643,7.6514923159642185,-1,END_OF_WINDOW
26.90932209689878,32.4419414069086,38.773605005806374,7.6592428648239,-1,END_OF_WINDOW
25.640591604459782,30.43094132926043,36.55853225371846,7.582154088765045,-1,END_OF_WINDOW
24.17917272672473,32.14507529870246,35.65775505180704,7.218428796710416,-1,END_OF_WINDOW
22.620271575955584,35.51893976801245,33.88478966492849,7.053541025516805,-1,END_OF_WINDOW
21.172720507384234,35.518939768012444,33.88478966492848,6.549716666551319,-1,END_OF_WINDOW
20.036136676006283,32.25365995656814,35.83552335687344,6.697594047511932,-1,END_OF_WINDOW
18.852637583043673,36.1823130023849,33.75739872469166,6.602051615546803,-1,END_OF_WINDOW
18.008122245118237,37.8478777902683,32.87637126519618,6.2947622144362985,-1,END_OF_WINDOW
17.22392943133033,37.8478777902683,32.87637126519618,5.845136341976563,-1,END_OF_WINDOW
16.094326742506237,35.47178791716065,36.48602741494188,5.79119803183539,-1,END_OF_WINDOW
15.186716471239329,37.69788104706245,35.227333080415114,5.569683886704295,-1,END_OF_WINDOW
14.134656778038138,35.9786015722351,35.65062512007375,5.418992180511134,-1,END_OF_WINDOW
13.85540880649345,40.60714823428014,33.073196542259765,5.424064167617467,-1,END_OF_WINDOW
13.941755341552057,42.999907996319045,31.740776704928447,5.2480595842162225,-1,END_OF_WINDOW
14.095975047810974,42.31686181016335,30.579880378757085,5.058198185343645,-1,END_OF_WINDOW
15.20152090556026,49.04268105895334,26.655878837917996,5.388326886390548,-1,END_OF_WINDOW
16.22809920204174,49.042681058953335,26.655878837917992,5.0034463945055085,-1,END_OF_WINDOW
15.390880054290031,41.506469401013184,37.92640502058371,5.4896287948979685,-1,END_OF_WINDOW
14.63527063234256,38.511469946467614,42.40547504961626,5.493941023833841,-1,END_OF_WINDOW
14.33233139277001,35.577451844911614,43.831293100092594,5.522230950702843,-1,END_OF_WINDOW
14.294056921659317,34.054716650711335,44.95532870719332,5.357071597081214,-1,END_OF_WINDOW
14.435671179676497,31.84176611488263,44.222482627824235,5.320137911575423,-1,END_OF_WINDOW
14.567170133549592,31.841766114882635,44.22248262782424,4.9401280607486076,-1,END_OF_WINDOW
14.907491323150673,30.593660947493014,45.25682394371732,4.774404627837986,-1,END_OF_WINDOW
15.775711033111913,27.831466613595047,48.484536209813946,4.87337572584958,-1,END_OF_WINDOW
16.58191504950449,27.831466613595047,48.48453620981395,4.525277459717467,-1,END_OF_WINDOW
17.756731922463388,26.059568877642917,51.764281935170956,4.487757641166219,-1,END_OF_WINDOW
18.847633304496647,25.92183061053099,51.49068099704643,4.189346381082914,-1,END_OF_WINDOW
21.08291455317351,20.480357947672278,61.673686094735295,4.92367878243412,-1,END_OF_WINDOW
23.158532855516313,20.48035794767228,61.6736860947353,4.571987440831683,-1,END_OF_WINDOW
25.35927582936865,18.242816737947933,61.020248479460115,4.766131195057989,-1,END_OF_WINDOW
27.586149033746906,16.563957073843973,59.6543697770359,4.874264681125258,-1,END_OF_WINDOW
29.65395986638386,16.563957073843973,59.6543697770359,4.526102918187739,-1,END_OF_WINDOW
29.95381608048786,26.108211215049295,52.830502706909286,4.745666995460069,-1,END_OF_WINDOW
29.66529027289986,29.610912471383326,50.32617210066553,4.62597649578433,-1,END_OF_WINDOW
29.210505780998812,30.78487545233784,49.48682235067328,4.368406746085448,-1,END_OF_WINDOW
28.793009056406042,30.457715050550817,49.03059784539462,4.099949121365068,-1,END_OF_WINDOW
29.352961969807392,26.112165641809174,56.302648786486316,4.440667041267555,-1,END_OF_WINDOW
29.872918246537218,26.112165641809174,56.302648786486316,4.123476538319872,-1,END_OF_WINDOW
28.191308103576493,40.16526775285382,45.5941623436019,4.728228214154178,-1,END_OF_WINDOW
26.62981297082725,40.16526775285383,45.5941623436019,4.390497627428879,-1,END_OF_WINDOW
25.245895819769302,44.40974575653167,38.40179122674531,4.840462082612535,-1,END_OF_WINDOW
24.351992605568682,45.00083120396435,34.83653576614852,4.9547147909973575,-1,END_OF_WINDOW
24.24331962218791,49.11976640101149,30.85994234055241,5.19366373449756,-1,END_OF_WINDOW
24.14240899476291,49.11976640101148,30.859942340552408,4.82268775346202,-1,END_OF_WINDOW
22.727460403137986,43.019674419997386,39.44631687360727,5.113210056786152,-1,END_OF_WINDOW
21.399179449013353,40.09988517862954,43.55615719437577,5.093695052729977,-1,END_OF_WINDOW
20.34631093845094,36.6769015568019,41.91002066134934,5.171288263249253,-1,END_OF_WINDOW
19.43734100284911,36.37927299503902,42.38141372536328,4.841196244445748,-1,END_OF_WINDOW
18.593297491218838,36.37927299503901,42.381413725363274,4.495396512699624,-1,END_OF_WINDOW
18.54797587290953,33.09472636729126,47.583577420876345,4.588582476078235,-1,END_OF_WINDOW
18.505891513050884,32.51690555513853,46.75278700897443,4.336540870644072,-1,END_OF_WINDOW
17.986753978174246,35.601192620839605,44.61597011515108,4.219645094169515,-1,END_OF_WINDOW
17.5046976957888,35.601192620839605,44.61597011515108,3.9182418731574065,-1,END_OF_WINDOW
16.595284885576408,43.25456854282143,39.313654663799156,4.1290817393604415,-1,END_OF_WINDOW
15.613257671938515,42.595926680124926,40.23773202438844,3.8934330436918336,-1,END_OF_WINDOW
15.05780341065794,45.059917588269215,38.51058271008861,3.777473540570987,-1,END_OF_WINDOW
14.078389593204744,41.04769323138285,42.16778181907689,3.85051114481593,-1,END_OF_WINDOW
13.575979976666776,45.166505801983114,39.221651305262945,3.8440460630433795,-1,END_OF_WINDOW
13.109456761310092,45.166505801983114,39.221651305262945,3.5694713442545667,-1,END_OF_WINDOW
12.230772985435543,42.33807505170416,43.02773165943156,3.5359376768078055,-1,END_OF_WINDOW
11.414852336409176,42.338075051704166,43.02773165943156,3.2833706998929624,-1,END_OF_WINDOW
11.800362416742793,36.365704412942684,51.06445752014486,3.5495585070434807,-1,END_OF_WINDOW
12.928742531521774,31.635251812587402,55.75215116198133,3.788875756540349,-1,END_OF_WINDOW
13.976524066673687,31.635251812587406,55.75215116198133,3.518241773930324,-1,END_OF_WINDOW
15.101427552013151,30.819895388376075,56.89258045337252,3.353367361506732,-1,END_OF_WINDOW
15.68103293967047,33.34979904667915,53.51662340444853,3.31026969282768,-1,END_OF_WINDOW
14.931691073340604,47.114025364338566,42.46466998555826,3.87382185762569,-1,END_OF_WINDOW
14.2358736260343,47.114025364338566,42.46466998555826,3.5971202963667124,-1,END_OF_WINDOW
13.822436185100646,41.5672839068852,49.238313243409095,3.785897418054789,-1,END_OF_WINDOW
13.438529989947966,41.5672839068852,49.238313243409095,3.5154761739080183,-1,END_OF_WINDOW
13.607108672290844,53.679279412161904,39.032143334393865,4.117942161486004,-1,END_OF_WINDOW
13.763646020180659,53.33060429592499,38.778609060775956,3.848803435665569,-1,END_OF_WINDOW
13.909002128935487,53.330604295924985,38.778609060775956,3.5738889045466,-1,END_OF_WINDOW
13.028380132257798,47.24010029440883,45.77026294162688,3.7464682685075417,-1,END_OF_WINDOW
12.601884590976583,43.48153935778112,50.08493988009471,3.779577677899863,-1,END_OF_WINDOW
14.004935400571956,32.26062568509134,62.96609792659216,4.730322129478455,-1,END_OF_WINDOW
15.604871508169275,29.219599473128632,62.67177189645481,4.849584834515714,-1,END_OF_WINDOW
18.083202552536125,22.551839391244922,68.20277965181955,5.834614489193155,-1,END_OF_WINDOW
20.406547077229813,18.492507789981847,56.39114269294387,6.607142025679364,-1,END_OF_WINDOW
22.839513802689833,16.520980920586325,56.04780760498448,6.867346166702267,-1,END_OF_WINDOW
24.649427503011005,17.19728989649477,49.17371590712693,7.26825001193782,-1,END_OF_WINDOW
26.330061653309237,16.296955636749612,46.599311371492185,7.121946439656533,-1,END_OF_WINDOW
28.071427136287596,15.274120041297016,46.701394061097716,7.056093122538196,-1,END_OF_WINDOW
28.749842254482864,20.009250404829864,44.09136287410027,6.939943613785489,-1,END_OF_WINDOW
28.508044898088993,23.529430222441533,39.52229914836184,7.189233355657975,-1,END_OF_WINDOW
28.278962354229073,22.495255729512575,37.73372293946463,6.992145258825251,-1,END_OF_WINDOW
29.066426879338362,19.750921962529894,45.32996673132076,7.394849168909137,-1,END_OF_WINDOW
29.338011327222617,22.10047166750024,43.74196474734837,7.11593137112993,1,EXIT_PROFIT_TARGET_MET
30.205120971692725,19.643615760015816,47.488278187667504,7.434079130334947,1,EXIT_PROFIT_TARGET_MET
30.023610405928824,24.40950523444462,43.079701082218925,7.609502049596728,-1,END_OF_WINDOW
29.85506488057663,23.76097761186584,41.93513154441315,7.258823331768377,-1,END_OF_WINDOW
30.011730057133985,22.79473761676271,44.296339030428896,7.026050236642064,-1,END_OF_WINDOW
30.221295332807575,22.591916891613174,44.791973465941076,6.582760934024786,-1,END_OF_WINDOW
30.640709407106822,21.66531198143393,46.13741165490595,6.373992295880148,-1,END_OF_WINDOW
29.746206962019482,28.57639228801238,41.222291003881836,6.62442141760297,-1,END_OF_WINDOW
28.306155620859904,31.269410638209223,37.899597767127716,6.690534173488485,-1,END_OF_WINDOW
26.552587783211244,32.602808527933725,35.147655448893694,6.699067446810765,-1,END_OF_WINDOW
25.021904447552178,30.215744668555327,33.47883122071714,6.7119912006100035,-1,END_OF_WINDOW
23.60055563586876,29.50232678188697,32.68836925197849,6.383277543423584,-1,END_OF_WINDOW
22.231398880968037,33.629365926669614,30.774743265137218,6.295900576036176,-1,END_OF_WINDOW
21.077719812683977,29.94833512416006,33.82572931844467,6.564764820605016,-1,END_OF_WINDOW
19.922859109410297,34.75697454879987,31.503789706357512,6.54513876199037,1,END_OF_WINDOW
18.98857620291543,33.96452089704946,29.613913233438574,6.465485993276793,1,END_OF_WINDOW
19.163738111706035,39.728553277295745,25.70009876443886,6.917951279471321,1,EXIT_PROFIT_TARGET_MET
19.32638845558303,37.49392716332777,24.254536137737535,6.806669045223379,1,EXIT_PROFIT_TARGET_MET
19.614676546339307,37.35766830341657,23.20804981508769,6.605478399135979,1,EXIT_PROFIT_TARGET_MET
20.212707323328434,38.19997789344271,21.49350008608017,6.622944227769117,1,EXIT_PROFIT_TARGET_MET
20.970869210860574,38.610246049133956,20.41465522738049,6.474876782928479,1,EXIT_PROFIT_TARGET_MET
22.10188989641744,40.74725761868484,18.82251003265969,6.520957012719294,1,EXIT_PROFIT_TARGET_MET
23.478817796399504,42.34776187124901,17.559010233085672,6.490888654667909,1,EXIT_PROFIT_TARGET_MET
23.670006051840993,39.069639580317855,22.869243814491565,6.532968036477339,1,EXIT_PROFIT_TARGET_MET
24.232370898787718,41.90174580078361,21.806257690361438,6.3620417481575195,1,EXIT_PROFIT_TARGET_MET
24.75456682809539,41.9017458007836,21.806257690361434,5.907610194717697,1,EXIT_PROFIT_TARGET_MET
25.78782875307557,46.22871410464295,20.18219880679423,5.927066609380708,1,EXIT_PROFIT_TARGET_MET
26.74728625484288,46.228714104642954,20.18219880679423,5.503704708710657,1,EXIT_PROFIT_TARGET_MET
26.901822700123002,43.89728211255359,24.207614154035713,5.382011515231338,1,EXIT_PROFIT_TARGET_MET
25.950526483415903,40.202599525807,30.586797436387045,5.456867835571946,1,EXIT_PROFIT_TARGET_MET
25.067179996473595,40.202599525807,30.586797436387045,5.067091561602521,1,EXIT_PROFIT_TARGET_MET
24.183892845988883,33.13929047098753,42.78220041964088,5.7080135929166245,1,END_OF_WINDOW
23.4239856141219,32.54285129829917,42.740066796151474,5.397441193422589,1,END_OF_WINDOW
22.059580595079222,36.752346571859526,40.07297942835235,5.345481108178123,1,EXIT_PROFIT_TARGET_MET
20.809234112392186,36.68372090438071,40.18487791022765,4.972946743308265,1,EXIT_PROFIT_TARGET_MET
19.872422597404917,35.74918563339766,41.70869664924694,4.7384505473576795,1,EXIT_PROFIT_TARGET_MET
20.419390444880452,28.865498118312715,50.796395491985145,5.4492755082607065,1,END_OF_WINDOW
21.162808505115844,27.048054811372168,51.15630221333117,5.4000415433849245,-1,END_OF_WINDOW
20.052873293533032,38.520615268204224,43.11136566814496,5.950038576000313,1,EXIT_PROFIT_TARGET_MET
19.02221916849185,38.520615268204224,43.11136566814496,5.52503582057172,1,EXIT_PROFIT_TARGET_MET
18.498725836035906,35.78998076717321,45.26838929770171,5.52181897624517,1,EXIT_PROFIT_TARGET_MET
17.83172075493468,35.50894083169459,42.67070855848314,5.439546192227651,1,EXIT_PROFIT_TARGET_MET
16.9957094876565,36.84704845092122,41.65746178362139,5.173864321354233,1,EXIT_PROFIT_TARGET_MET
17.22353231749796,32.371127689671056,48.74450373257271,5.46858829840034,1,EXIT_PROFIT_TARGET_MET
17.602064589746583,31.59775836712799,49.96903408582316,5.202260562800333,1,EXIT_PROFIT_TARGET_MET
18.792736565700924,27.577157504357587,56.33513583211169,5.534956236886033,1,EXIT_PROFIT_TARGET_MET
20.136063232206148,26.395925456587296,58.205464088694924,5.3696022199655875,1,EXIT_PROFIT_TARGET_MET
19.195608884336306,40.427549658206146,46.485102853194775,6.243202061396611,-1,END_OF_WINDOW
19.319206472493274,35.050835136088956,53.60238616795115,6.686544771296839,-1,END_OF_WINDOW
19.903075675013177,32.44549340197573,57.05113822223372,6.707505859061352,1,EXIT_PROFIT_TARGET_MET
20.81500048726712,28.893366165154266,56.9327917292356,6.994112583414099,1,EXIT_PROFIT_TARGET_MET
21.661787812931497,27.410162655846577,54.0102206447586,6.845961684598811,1,EXIT_PROFIT_TARGET_MET
23.568161145979012,21.04458742689349,60.44621907481518,8.27982156427033,-1,END_OF_WINDOW
25.35344437139794,18.91636287151477,54.633966920569584,8.55340573825103,1,END_OF_WINDOW
27.569696629441058,16.113708480062186,57.77014767477545,9.323876756947396,-1,END_OF_WINDOW
29.441221639791895,15.621421792221907,51.96142705997898,9.625742702879737,1,EXIT_PROFIT_TARGET_MET
31.267233357856107,14.233706902091797,49.03478476616367,9.8096182241026,-1,END_OF_WINDOW
31.655738237763366,20.930079345771478,45.206297260995846,9.880359779523856,1,END_OF_WINDOW
32.662420762145146,18.512985994352434,49.73676489634987,10.372476938129326,-1,END_OF_WINDOW
34.068404747043154,15.188916002938349,48.55800408961496,11.739442871120104,1,END_OF_WINDOW
34.285733238882,18.819392396914264,41.030163118415054,12.90091123746867,-1,END_OF_WINDOW
34.48753826701808,17.099379532885646,37.28017975612341,13.184417577649505,1,EXIT_PROFIT_TARGET_MET
35.55874679007326,14.994516726193446,44.371436842833205,13.96124489353168,-1,END_OF_WINDOW
36.5534404186245,13.827356627745589,40.917602915442515,14.058298829707967,1,END_OF_WINDOW
37.825395596602924,12.766281651358188,43.178105027893565,14.139134627585975,-1,END_OF_WINDOW
39.157080348274846,11.978403499813318,43.05547387395417,13.9927678684727,1,END_OF_WINDOW
40.67603153865599,11.121257269872842,45.078494259786375,13.99471302072465,-1,END_OF_WINDOW
41.59417875545281,12.383580608029778,40.91362308319561,14.317947804958603,1,END_OF_WINDOW
42.125886760930705,13.597659666068495,39.766352350361196,13.67880867603298,-1,END_OF_WINDOW
42.61961562316018,13.597659666068495,39.7663523503612,12.701750913459197,1,END_OF_WINDOW
43.39901360713138,12.930473432078957,42.72179185405006,12.403054419640682,1,EXIT_PROFIT_TARGET_MET
44.39692668811439,11.872383273445557,43.82701464537365,12.543550532523485,1,EXIT_PROFIT_TARGET_MET
44.264247030598455,16.212978174688068,40.21866860477601,12.692582637343243,-1,END_OF_WINDOW
44.56371765112818,14.628681913657932,42.134157999027494,13.06239816324729,1,EXIT_PROFIT_TARGET_MET
45.57965762166268,12.62501947707948,48.64196846835937,14.054369723015327,-1,END_OF_WINDOW
46.727149663895354,11.348025928319835,47.82491980876029,14.5190575999428,1,EXIT_PROFIT_TARGET_MET
47.79267798882569,11.001793181626953,46.36576264342188,13.906267771375461,-1,END_OF_WINDOW
48.23991460457481,12.930746984638532,43.3559562834787,13.809391501991513,1,EXIT_PROFIT_TARGET_MET
48.765074946453744,12.577635655166747,44.068377673315766,13.183006394706403,1,EXIT_PROFIT_TARGET_MET
49.604006666754685,10.920831287416235,44.38868608437362,14.098505937941662,1,EXIT_PROFIT_TARGET_MET
50.38301469274841,10.920831287416235,44.38868608437362,13.091469799517258,-1,END_OF_WINDOW
50.02530311534888,15.770990644413935,41.97182247564817,12.856364813837468,1,EXIT_PROFIT_TARGET_MET
50.380592136409085,14.037441661593848,48.350285971717405,13.41233875570621,-1,END_OF_WINDOW
50.39219969634434,14.482916635579766,44.084911282173785,13.659314558870044,1,EXIT_PROFIT_TARGET_MET
49.90219088979538,15.7466516537334,40.02537129712491,13.970077804665024,1,EXIT_PROFIT_TARGET_MET
47.63895724579966,24.339290042684084,35.182288271907154,14.757929390046094,1,EXIT_PROFIT_TARGET_MET
45.18792166191652,24.20410338667426,31.645801043971634,15.235220147899916,1,EXIT_PROFIT_TARGET_MET
42.29638944429348,31.31396316189031,28.498888857488794,15.709132994478486,1,EXIT_PROFIT_TARGET_MET
39.926541377315466,32.15506454086808,26.780972293765416,15.522766352015731,1,EXIT_PROFIT_TARGET_MET
37.326188666988955,30.266730725982136,28.207500202339542,15.313283041157444,1,EXIT_PROFIT_TARGET_MET
34.91157543597148,29.519377238651344,27.510993736677374,14.579477109646197,1,EXIT_PROFIT_TARGET_MET
32.891341062130316,26.142789501948155,29.85445137219852,15.28665731610004,1,EXIT_PROFIT_TARGET_MET
30.768400338277097,27.41279449343076,29.207762944711153,14.509038936378616,1,EXIT_PROFIT_TARGET_MET
28.75592755070175,27.638583146254977,29.11053106553195,13.517679012351579,1,EXIT_PROFIT_TARGET_MET
26.930578803927958,30.01611792637935,28.15406416527651,12.978559082897881,1,EXIT_PROFIT_TARGET_MET
25.13340033936908,29.263379007685973,28.24542696238493,12.361519148405186,1,EXIT_PROFIT_TARGET_MET
23.687331830787237,30.29856102196632,27.47436546979165,11.800696352090547,1,EXIT_PROFIT_TARGET_MET
22.06141376319766,29.30522227645197,29.852119408984965,11.329218041226957,1,EXIT_PROFIT_TARGET_MET
21.415852642938894,27.076993526876393,35.18582828790696,11.385702466853596,1,EXIT_PROFIT_TARGET_MET
21.216289250625234,25.964822853767664,37.8480300906467,11.025295147792637,1,EXIT_PROFIT_TARGET_MET
21.333417853372058,23.769148022532384,37.85372778641662,11.183488351521751,1,EXIT_PROFIT_TARGET_MET
21.442180127351254,23.76587865888705,37.8485211378086,10.386096326413055,1,EXIT_PROFIT_TARGET_MET
21.68639616607122,23.38143871360686,38.853891546191505,9.802803731669284,1,EXIT_PROFIT_TARGET_MET
22.491053528776803,21.746640955312724,43.12184422880333,9.786889179407188,1,EXIT_PROFIT_TARGET_MET
23.112208050995527,21.922946647647418,41.79471056909959,9.376397095163815,1,EXIT_PROFIT_TARGET_MET
22.070969743875906,29.367018448330928,34.847658796720694,10.442368731223556,1,EXIT_PROFIT_TARGET_MET
21.104105601550543,29.354044360915534,34.832263411171226,9.700770964707585,1,EXIT_PROFIT_TARGET_MET
20.91762942009946,27.19740344550973,39.539318438616775,9.722144467228471,1,EXIT_PROFIT_TARGET_MET
21.865299821910696,22.412920839537026,45.69594784748637,10.95484843385501,1,EXIT_PROFIT_TARGET_MET
22.745279480735416,20.740978115168073,42.28715485331427,10.992359260008227,1,EXIT_PROFIT_TARGET_MET
23.562403449644087,19.96824288003667,40.7116855399979,10.602190741436225,1,EXIT_PROFIT_TARGET_MET
25.338937681088375,17.090279064894208,49.19463807209925,11.502748545619353,1,EXIT_PROFIT_TARGET_MET
27.044927628040938,15.494564807861076,45.53504640987911,11.781123649503659,1,EXIT_PROFIT_TARGET_MET
28.696092994217796,14.473908526624694,43.60903465485474,11.711043388824839,1,EXIT_PROFIT_TARGET_MET
30.229317977096304,13.805589975673373,41.59543018890783,11.40096886105166,1,EXIT_PROFIT_TARGET_MET
29.57763504785073,23.578354535770732,36.19369886007736,12.166613942405139,1,EXIT_PROFIT_TARGET_MET
28.972500899265555,23.140894631927445,35.52218075227041,11.511141517947614,1,EXIT_PROFIT_TARGET_MET
27.427949300169267,28.015265523121737,32.45941591801884,11.69748855237992,1,EXIT_PROFIT_TARGET_MET
26.519091910730644,26.157527520656263,35.17597209012658,11.633382227209939,1,EXIT_PROFIT_TARGET_MET
26.743331229302807,22.930935558188192,42.26789236384209,12.322426353837814,1,EXIT_PROFIT_TARGET_MET
26.951553453691247,22.417352369825128,41.32122017637187,11.70439589999223,-1,END_OF_WINDOW
28.795783781558924,16.84698198574709,54.49436681472506,14.46193904999278,1,EXIT_PROFIT_TARGET_MET
30.602416320360646,14.77603638012663,49.591632810312966,15.311086260707576,-1,END_OF_WINDOW
33.50222533601346,10.688468990974311,63.536346572801335,19.654580099228454,1,EXIT_PROFIT_TARGET_MET
34.83446730957579,16.22906044445798,51.60912525966568,22.46853866356926,-1,END_OF_WINDOW
36.07154914216939,14.496920400963534,46.1008438173771,23.356500187600034,1,EXIT_PROFIT_TARGET_MET
36.561109164993134,16.772255818963767,42.00083316325281,23.805321602771453,-1,END_OF_WINDOW
37.49145363880936,14.307591348283763,42.452721233811815,25.912798631144916,-1,END_OF_WINDOW
38.3555332568349,13.518625201745945,40.11454784450662,25.466170157491696,1,EXIT_PROFIT_TARGET_MET
39.417744348105636,12.338313096716883,40.419381205754235,25.90930086052801,-1,END_OF_WINDOW
39.55317373642535,15.975212069005144,38.46757016243316,25.279350799061735,1,EXIT_PROFIT_TARGET_MET
40.12936712136915,14.641722509476814,41.26392575602759,25.611540027700173,-1,END_OF_WINDOW
41.10881799922672,13.445944213030867,44.814165953734935,25.897144311435884,1,EXIT_PROFIT_TARGET_MET
40.94142220228728,18.385334620655506,41.663388301596896,25.865919717761894,-1,END_OF_WINDOW
40.27567507115839,19.869661854607024,38.24657534984162,26.16406830935033,1,EXIT_PROFIT_TARGET_MET
39.50817127615054,20.133900382580656,37.00836747094725,25.10806343011103,1,EXIT_PROFIT_TARGET_MET
38.164548300947786,23.057030335153602,35.09250010398722,24.5874874708174,1,EXIT_PROFIT_TARGET_MET
36.891462571477064,22.414935747948817,33.86253119390082,23.66052408004471,1,EXIT_PROFIT_TARGET_MET
35.53847782421119,22.96185019713438,33.00831325486942,22.539058074327233,1,EXIT_PROFIT_TARGET_MET
34.3715220693975,22.056286694340827,32.53922375323739,21.788411069018128,1,EXIT_PROFIT_TARGET_MET
33.2879202970705,22.053172382112788,32.534629267146855,20.234953135516832,1,EXIT_PROFIT_TARGET_MET
31.907032599425175,23.8321194327205,31.562745698071698,19.368170768694227,1,EXIT_PROFIT_TARGET_MET
31.531565977154195,21.747115103953142,37.55012637864023,19.70901571378749,1,EXIT_PROFIT_TARGET_MET
31.756288563285196,20.128752645926387,41.500268854239316,19.77265744851698,-1,END_OF_WINDOW
30.785818217826936,24.6418055843518,35.5848016910348,21.412467630765768,1,EXIT_PROFIT_TARGET_MET
29.88466718275855,22.540492824782476,32.55033258185558,21.73657708571109,1,EXIT_PROFIT_TARGET_MET
29.19359482962345,21.33116886478908,32.1368758248476,21.32825015101744,1,EXIT_PROFIT_TARGET_MET
29.588784186071738,18.63886862662301,38.47097241360719,22.665517997373318,1,EXIT_PROFIT_TARGET_MET
29.92269067598203,16.650504285942432,34.00779959395963,23.80869528327523,-1,END_OF_WINDOW
29.23827423105662,20.125612425740833,30.403711738894955,24.728788477326972,-1,END_OF_WINDOW
28.468353284524305,19.479365838159644,28.298946546952987,24.670303586089354,-1,END_OF_WINDOW
27.753426691315724,19.181517987805,27.866243528469752,23.26385332994012,-1,END_OF_WINDOW
27.125770900811386,18.848706878836644,27.671923996630778,21.983578092087264,-1,END_OF_WINDOW
26.011472705262193,20.59677620019598,25.963076835199033,21.756893942652457,-1,END_OF_WINDOW
25.817940036429363,18.160139834777684,29.194793715720454,22.913544375320125,-1,END_OF_WINDOW
25.99818843485678,17.290053506343764,30.966702155686857,22.347576919940103,1,EXIT_PROFIT_TARGET_MET
26.36115017148714,16.230265129526654,30.86835168419153,22.106321425658685,-1,END_OF_WINDOW
26.75676484053628,15.293644282849112,29.6214493521592,21.784441323825913,1,EXIT_PROFIT_TARGET_MET
27.33450155785672,14.167999718041566,29.322190969488155,21.83555265783835,-1,END_OF_WINDOW
28.890474801402682,12.308286037044633,36.0715604720764,23.33944175370703,1,EXIT_PROFIT_TARGET_MET
32.009851961444156,8.194835199721814,51.53810480617689,32.55091019987083,-1,END_OF_WINDOW
35.05297824629991,6.781119820655312,46.64217099233816,36.5272737570229,1,EXIT_PROFIT_TARGET_MET
38.48336191445679,5.35109475047033,57.89444719297108,42.982468488664125,-1,END_OF_WINDOW
41.668718177745326,4.781756602971057,51.7346763699178,44.66443502518813,1,EXIT_PROFIT_TARGET_MET
45.21907791095703,2.9532254072671438,65.51747572576762,67.1534039519604,-1,END_OF_WINDOW
48.5158405203679,2.4588590953133145,54.54993062630804,74.89387509824894,1,EXIT_PROFIT_TARGET_MET
50.451228434598264,6.982659481578496,50.278705578323816,75.4521697340883,-1,END_OF_WINDOW
52.24837435495503,6.567786322190944,47.29140747389437,74.48844332451057,1,EXIT_PROFIT_TARGET_MET
53.58422548967958,7.625516786258325,44.87426272649045,72.89355451561698,-1,END_OF_WINDOW
54.82470039379729,7.537936310099328,44.35991664650403,68.47330062164436,1,EXIT_PROFIT_TARGET_MET
55.73585769485315,8.390237275934256,43.37084153901527,65.0323505772412,-1,END_OF_WINDOW
56.581932331547875,8.282665177244546,42.8147795001415,61.17146839315255,1,EXIT_PROFIT_TARGET_MET
56.94938301903345,9.827211147061512,41.525003264979354,58.566363507927356,1,EXIT_PROFIT_TARGET_MET
56.33422416870114,13.405858241155272,38.491629436054424,58.668766114503974,1,EXIT_PROFIT_TARGET_MET
55.77221193483185,13.255866068349077,38.18931448892407,55.094568534896524,-1,END_OF_WINDOW
54.50537434022835,16.312276890699508,36.33895521382695,53.764242210975326,-1,END_OF_WINDOW
52.71310163380411,18.741970070150355,34.36162639296133,52.79679633876279,-1,END_OF_WINDOW
51.048848406410166,17.897124471846105,32.812682034390185,51.33988231456542,-1,END_OF_WINDOW
49.50347040954436,17.287394179354322,31.694799312741722,49.35417643495361,-1,END_OF_WINDOW
47.67775572353493,18.430004134668668,30.033955175379305,48.36316383245693,-1,END_OF_WINDOW
45.98244922938331,17.89270044256699,29.158352821400896,46.25722355871002,-1,END_OF_WINDOW
44.671161459361095,17.390374240519158,30.665542819964656,44.19385044737358,-1,END_OF_WINDOW
43.45353710148332,16.90487265365259,29.80942727608358,42.21571827256118,-1,END_OF_WINDOW
42.32288591202539,16.42278629055074,28.959334011490352,40.351024110235365,-1,END_OF_WINDOW
41.24094223253369,16.55640718277013,28.91303464498901,37.528808102361424,-1,END_OF_WINDOW
39.89194818339442,17.911692378689512,28.225723479369442,35.69675038076419,-1,END_OF_WINDOW
38.78460668807076,17.256474203323872,28.389033392449612,34.405553924995345,-1,END_OF_WINDOW
36.888875376933235,20.385429237366157,26.07410583731204,34.784442930352824,-1,END_OF_WINDOW
35.12855344516268,19.074819796127574,24.39776295120804,34.51912557818478,-1,END_OF_WINDOW
34.015924568751224,17.754918127747533,26.385054949998544,34.436330894028735,-1,END_OF_WINDOW
33.0171673806803,17.343105271844685,26.03272607548303,32.73587868731241,-1,END_OF_WINDOW
32.25413825782005,16.72377380905464,26.34252904658338,31.523315923932934,-1,END_OF_WINDOW
31.67755829981966,16.23298522427388,26.587952440267827,30.15665050079486,-1,END_OF_WINDOW
31.727929225784926,15.232475602644453,29.82252408232318,29.841889750738087,-1,END_OF_WINDOW
31.785179718005008,14.747782072846132,28.968414218001044,28.621040482828224,1,END_OF_WINDOW
31.8513424241876,14.280309497154317,28.16468630386137,27.44668044834048,-1,END_OF_WINDOW
31.93929049297509,14.245972889468161,28.331820525207018,25.5476318448876,-1,END_OF_WINDOW
32.020956556849185,14.245972889468161,28.331820525207018,23.7228009988242,-1,END_OF_WINDOW
32.87662793203148,12.963481274659816,33.33496030306779,24.2076009274796,-1,END_OF_WINDOW
33.67117992327219,11.991083422439749,30.834486617352912,24.301343718373914,-1,END_OF_WINDOW
34.40897820085285,11.736600150422147,30.180095285983928,23.054819167061485,-1,END_OF_WINDOW
34.00546917756863,15.46050838989917,27.943411441217183,23.12161779798568,-1,END_OF_WINDOW
33.50630302059448,14.787720020015296,25.73609782928825,23.31150224098672,-1,END_OF_WINDOW
33.04279158911849,13.749211704811184,23.928709566564386,23.28139493805912,-1,END_OF_WINDOW
31.058360452948587,19.80779056371172,22.007595882437137,23.505581013912046,-1,END_OF_WINDOW
29.070260217893924,19.282688717988044,20.5678515712134,23.35446808434689,-1,END_OF_WINDOW
27.959379783048064,18.362760680305314,24.103293976435324,22.772720364036402,-1,END_OF_WINDOW
27.206994428765153,17.31302685862196,24.620326682511394,22.42824033803379,-1,END_OF_WINDOW
26.50835088550245,17.313026858621956,24.620326682511394,20.826223171031376,-1,END_OF_WINDOW
25.85296658326616,17.340504622603543,24.612145085096103,19.345064373100577,-1,END_OF_WINDOW
24.265072499049005,24.250236030261824,22.554749124379462,19.60184548930768,-1,END_OF_WINDOW
22.602777452241362,22.400683417180765,22.849996351178508,19.70457081149999,-1,END_OF_WINDOW
21.059217765919982,21.92982798787591,22.369696503125812,18.689958610678563,-1,END_OF_WINDOW
19.62591234290727,21.929827987875914,22.369696503125812,17.354961567058666,-1,END_OF_WINDOW
18.29498587868118,21.929827987875914,22.369696503125816,16.115321455125905,-1,END_OF_WINDOW
17.69903957421857,25.918571603184347,21.22678901613611,15.769941351188356,-1,END_OF_WINDOW
17.333655376921556,26.84822550021104,20.846484916124904,14.91065982610349,-1,END_OF_WINDOW
16.213690150752672,24.311003047457557,23.519813324199877,15.29061269566753,-1,END_OF_WINDOW
15.17372244073871,24.276806571813896,23.4867297561581,14.218426074548436,-1,END_OF_WINDOW
14.208038138582888,24.2768065718139,23.4867297561581,13.20282421208069,-1,END_OF_WINDOW
14.27600155856313,29.62742248123514,21.827152759940187,13.19190819693205,-1,END_OF_WINDOW
14.339110448544783,27.532333106535447,20.283655823739906,13.18177189715117,-1,END_OF_WINDOW
14.397711560670604,25.99275672542195,19.14941713397727,12.965216761640379,-1,END_OF_WINDOW
15.638947823948554,33.32315128134558,17.252673289767138,13.36270127866608,-1,END_OF_WINDOW
16.05850237402119,31.38119129003055,20.269686871112455,13.17607975876136,-1,END_OF_WINDOW
17.185995286937995,36.02579375343902,18.623574954261866,13.316359775992682,-1,END_OF_WINDOW
18.647689527830853,37.700199555730215,17.076811277899274,13.485191220564623,-1,END_OF_WINDOW
20.19585502251193,38.08485067997099,16.197227580687237,13.201963276238576,-1,END_OF_WINDOW
22.156834570440022,40.23251507684267,14.264786111159271,13.919680185078679,-1,END_OF_WINDOW
23.977744150658964,38.32833909720912,13.589644052165445,13.567560171858759,-1,END_OF_WINDOW
25.995408941700184,41.027972534535756,12.876391043348322,13.296305873868848,-1,END_OF_WINDOW
29.36227817159948,58.370577034430454,9.058574429075817,17.550141168592496,-1,END_OF_WINDOW
32.65020555341266,47.62622245758517,6.681704820422982,22.093702513693025,-1,END_OF_WINDOW
35.70328097938204,45.36746947614915,6.364813832529774,21.537009477000677,-1,END_OF_WINDOW
38.763153889759394,47.838231040750976,5.749568522539327,22.138651657214915,-1,END_OF_WINDOW
40.87110104998836,42.55379846150296,8.022872603746844,23.11017653884244,-1,END_OF_WINDOW
42.36165166902729,39.52281394847683,9.349579780332371,23.10516392892512,-1,END_OF_WINDOW
43.53101694418812,37.20994543085521,9.673815850135053,22.788366505430474,-1,END_OF_WINDOW
43.83763484037894,33.900551235870324,11.965651127112585,23.22634032647116,-1,END_OF_WINDOW
44.12235145827042,33.63211135509275,11.870901695469437,21.739458874580386,-1,END_OF_WINDOW
43.885409656452325,32.886212725513275,13.825443679390116,20.644497526396062,-1,END_OF_WINDOW
41.293459438745245,28.74261706658018,24.683261831358305,21.933461988796346,-1,END_OF_WINDOW
38.886648522302956,27.48654645794381,23.604587622958046,21.29750041816805,-1,END_OF_WINDOW
36.78031061934829,27.425711486651295,22.713654998366888,20.551964674013195,-1,END_OF_WINDOW
34.824425423747535,27.308169309637268,22.616307935638797,19.166110054440832,-1,END_OF_WINDOW
33.008246313546834,27.30816930963727,22.616307935638797,17.797102193409344,-1,END_OF_WINDOW
31.953752491684533,31.034238396097958,21.457031507345025,17.418737751022963,-1,END_OF_WINDOW
32.0037452682813,37.64749300098535,19.11309008718002,18.158113625949895,-1,END_OF_WINDOW
32.56905108200588,40.54752562135549,17.411447341810263,18.508962652667773,-1,END_OF_WINDOW
33.09397790903584,39.11377733185907,16.79578380966048,17.816893891762945,-1,END_OF_WINDOW
33.67414280820127,38.416298109000905,15.991446297620795,17.37640147092274,-1,END_OF_WINDOW
33.260093068841826,36.114132884401926,20.36827880732338,17.163801365856806,-1,END_OF_WINDOW
32.87561831086521,35.67603584104704,20.121193192606313,16.13352983972416,-1,END_OF_WINDOW
32.82108913581402,37.83957175608985,19.444417053341276,15.502563422601021,-1,END_OF_WINDOW
32.77045490183792,37.83957175608985,19.444417053341276,14.395237463843806,-1,END_OF_WINDOW
33.293452662818844,42.246578735512436,18.06586024339404,14.387006216426373,-1,END_OF_WINDOW
33.00635132173111,40.21672425712373,22.00261407046949,14.03364862953878,-1,END_OF_WINDOW
32.880793907981584,41.26624592594612,21.616348514580377,13.264102298857454,-1,END_OF_WINDOW
32.62536239212589,40.43840385104529,22.109032358425193,12.568809277510475,-1,END_OF_WINDOW
31.799283772337805,38.7862534425949,25.291343769074437,12.168180043402588,-1,END_OF_WINDOW
30.551240027913593,37.37568390713614,28.008330978740716,11.725452897445278,-1,END_OF_WINDOW
29.308008797991985,37.12240648198816,28.49618464871274,10.962206261913469,-1,END_OF_WINDOW
28.153579798779063,37.12240648198816,28.496184648712738,10.17919152891965,-1,END_OF_WINDOW
27.64363157568461,40.980351949157644,26.747760126619134,10.069963562568253,-1,END_OF_WINDOW
27.76495902214521,45.34337818598869,24.7704325236424,10.097109022384826,-1,END_OF_WINDOW
26.648726440366296,40.49383278987154,31.727787148608954,10.4987440922145,-1,END_OF_WINDOW
26.363285126476264,44.4496618890149,28.030955264374338,11.034548085627751,-1,END_OF_WINDOW
26.09823247786409,40.33080578397333,25.43351208226212,11.292794650940062,-1,END_OF_WINDOW
25.996451779282037,38.26836354533045,23.121465258862646,11.53473789015865,-1,END_OF_WINDOW
25.901941130598704,38.26836354533046,23.121465258862642,10.710828040861605,-1,END_OF_WINDOW
25.586778094298044,37.098710814508166,23.974324100862326,10.259340323657229,-1,END_OF_WINDOW
25.29412670344743,37.098710814508166,23.974324100862326,9.526530300538855,-1,END_OF_WINDOW
25.02237898337186,37.09871081450816,23.97432410086233,8.846063850500366,-1,END_OF_WINDOW
25.11827242937824,39.5432896254703,23.04259240723553,8.546345004036063,-1,END_OF_WINDOW
23.33491256694521,33.977365112174866,33.874749404217845,9.235891789462045,-1,END_OF_WINDOW
21.678935551828825,33.977365112174866,33.874749404217845,8.576185233071898,-1,END_OF_WINDOW
21.048090571206817,39.916202866156176,30.82766349178446,8.750743430709619,-1,END_OF_WINDOW
20.463079379386922,39.921484045224794,30.824953835954876,8.126404614230344,-1,END_OF_WINDOW
19.91985470126845,39.921484045224794,30.82495383595488,7.5459471417853194,-1,END_OF_WINDOW
19.414270391286795,39.917414880257645,30.832004793132043,7.0076652030863515,-1,END_OF_WINDOW
18.62454651328245,34.30312722707072,40.56031567324545,7.572117688580174,-1,END_OF_WINDOW
17.596659874322082,38.49938172559151,35.37158627268996,8.062680710824418,-1,END_OF_WINDOW
16.528594608550538,36.5898572579167,38.577080277734616,7.877489231479803,-1,END_OF_WINDOW
15.774999480126588,34.96792646417446,39.41471633626596,7.65409714351696,-1,END_OF_WINDOW
15.464846440719686,40.92129091189736,32.52435526440035,8.613090204694348,-1,END_OF_WINDOW
15.17684718984185,38.018233028958626,30.216996824973265,8.608583761501908,-1,END_OF_WINDOW
16.312838399816393,48.11194210339024,25.296169459777236,9.548684921394628,-1,END_OF_WINDOW
17.694046325431064,47.79850002543872,22.67490704167306,9.891635998437863,-1,END_OF_WINDOW
18.98419207870633,43.2016193172246,20.444321447384517,10.187233427120855,-1,END_OF_WINDOW
18.812851402208487,38.581219822137214,27.60410413889973,10.592431039469343,-1,END_OF_WINDOW
19.24286216469182,40.318267766041785,24.277259210359105,11.183685965221525,-1,END_OF_WINDOW
19.45531792290612,35.77360848571618,22.767408595157526,11.704136967705718,-1,END_OF_WINDOW
18.182507897453974,31.326453777995056,32.36848874877658,12.410984327155303,-1,END_OF_WINDOW
17.00061287381984,27.747571012920453,28.670558962805067,13.010914018072777,-1,END_OF_WINDOW
17.32447092784745,24.274494146436428,37.598642485869604,13.81013444535328,-1,END_OF_WINDOW
17.62519626373023,23.883381474721254,36.99285002622855,13.033696270685192,-1,END_OF_WINDOW
17.913663216950074,23.859442900966393,37.056002779883954,12.114860822779113,-1,END_OF_WINDOW
19.692799713730846,19.470634052689764,48.634193146363785,13.785227906866318,-1,END_OF_WINDOW
21.344855032170134,18.58300325020787,46.41704871368915,13.411997342090148,-1,END_OF_WINDOW
22.895416597608985,18.53410507621541,46.55804360239201,12.486854674797996,-1,END_OF_WINDOW
25.061064078723998,16.238337843061334,53.177747756908985,13.234222198026698,-1,END_OF_WINDOW
27.072022454045083,15.220095997119232,49.84318183259082,13.111063469596237,-1,END_OF_WINDOW
28.939340945414664,15.06104139659491,49.32230552689968,12.303130364625092,-1,END_OF_WINDOW
29.80446181644568,19.449353502654066,46.537735121969924,12.107906767151883,-1,END_OF_WINDOW
30.70056034430266,18.871469932446818,46.597456181095886,11.587341998069618,-1,END_OF_WINDOW
31.919318910041497,17.51134678199355,49.53464442003956,11.59538899820749,-1,END_OF_WINDOW
32.64050653354993,18.306973930135804,44.83788246852068,11.895004069764095,-1,END_OF_WINDOW
33.98778955231208,16.29435070750434,50.90226859683794,12.409646636209544,-1,END_OF_WINDOW
35.546331261812036,15.2932864100489,53.9186505856659,12.27752901933743,-1,END_OF_WINDOW
36.894696651198764,15.042706023030833,50.968016325278874,12.060562660813344,-1,END_OF_WINDOW
38.466691152433725,13.478921465020065,52.116118200732046,12.498379613612395,-1,END_OF_WINDOW
40.238517309136945,11.326883204893374,50.353374749896794,13.810638212640072,-1,END_OF_WINDOW
41.88378445464708,11.29291732982378,50.20238030551614,12.86273548316578,1,EXIT_PROFIT_TARGET_MET
39.459117515194734,39.8870504020524,34.0199797599374,17.625397234368222,1,EXIT_PROFIT_TARGET_MET
37.53598353587371,37.22836041117976,28.93466516935403,19.242868860484776,1,EXIT_PROFIT_TARGET_MET
36.000243657439874,36.32451229471988,26.284728996956716,19.669806799021597,1,EXIT_PROFIT_TARGET_MET
34.09979406334933,32.75684891484731,27.131013462232374,20.25410631337719,1,EXIT_PROFIT_TARGET_MET
31.94928964129623,30.630320020445946,28.278258273098402,20.113098719564547,1,EXIT_PROFIT_TARGET_MET
30.197526242841523,31.269031651169108,26.946742111439626,19.59930595388137,1,EXIT_PROFIT_TARGET_MET
28.267317128655574,29.095897664244855,27.305383361469534,19.55864124288986,1,EXIT_PROFIT_TARGET_MET
26.840843129270922,29.732091143975413,25.176500387631684,19.697309725540585,1,EXIT_PROFIT_TARGET_MET
25.51626012984232,29.732091143975417,25.176500387631684,18.290359030859115,1,EXIT_PROFIT_TARGET_MET
24.94023579695694,33.76563125927924,23.73131116925681,18.018190528654895,1,EXIT_PROFIT_TARGET_MET
25.726221356977167,41.710116870347925,19.653542503846168,20.202605490893824,1,EXIT_PROFIT_TARGET_MET
26.934727434029913,42.21693643635728,16.97454695869256,21.720276527258537,1,EXIT_PROFIT_TARGET_MET
28.056911648436035,38.41197386799901,15.444651110138235,22.166685346740056,1,EXIT_PROFIT_TARGET_MET
29.098939847527433,35.989111492354844,14.470468835405416,21.96906496483003,1,EXIT_PROFIT_TARGET_MET
30.717806132070272,39.457705576495854,12.541382397136866,23.537703181627908,1,EXIT_PROFIT_TARGET_MET
32.41516638442538,39.974411468108734,11.778814326265868,23.271438668654483,1,EXIT_PROFIT_TARGET_MET
32.32289968908512,35.797452217524786,18.80369952805092,24.13062162089346,1,EXIT_PROFIT_TARGET_MET
31.976737144859793,33.24153648694064,18.91161195022719,24.129862933686777,1,EXIT_PROFIT_TARGET_MET
31.657199664015668,31.726372562109315,18.039232494699576,23.48987272413773,1,EXIT_PROFIT_TARGET_MET
30.739510320101278,30.611648219165843,20.91897118923925,22.606310386699313,1,EXIT_PROFIT_TARGET_MET
29.887370215037915,30.611648219165847,20.91897118923925,20.991573930506505,1,EXIT_PROFIT_TARGET_MET
